image,regions
33331ef7-02fe-4d53-a1c2-19940d128b49.jpg,"[{""bbox"": [1262, 232, 1702, 353], ""type"": ""handwritten"", ""text"": ""Треба жити!""}, {""bbox"": [807, 366, 2409, 479], ""type"": ""handwritten"", ""text"": ""Жити треба цікаво: читати книжки, ходити в театр,""}, {""bbox"": [792, 494, 1559, 582], ""type"": ""handwritten"", ""text"": ""тренерувати пса Патрона.""}, {""bbox"": [851, 585, 2432, 697], ""type"": ""handwritten"", ""text"": ""Треба жити! Не впівсими, не грошим, не завтра,""}, {""bbox"": [811, 686, 1978, 783], ""type"": ""handwritten"", ""text"": ""не після. По-справжньому! Зараз!""}, {""bbox"": [847, 765, 2434, 854], ""type"": ""handwritten"", ""text"": ""Треба падати котів, збирані гриби, везти шуценяг""}, {""bbox"": [796, 846, 2447, 930], ""type"": ""handwritten"", ""text"": ""із фронту на \""Інтерсіті\"", робити ремонт і приносити""}, {""bbox"": [797, 918, 2438, 1003], ""type"": ""handwritten"", ""text"": ""щастя тим, кого любимо. Треба купувати єдні""}, {""bbox"": [797, 987, 2440, 1084], ""type"": ""handwritten"", ""text"": ""з митками і докатити на військо, ви чуєте так""}, {""bbox"": [802, 1076, 2449, 1178], ""type"": ""handwritten"", ""text"": ""РЕБи і генератори, а ще, нимпорити вектора-""}, {""bbox"": [791, 1169, 2339, 1265], ""type"": ""handwritten"", ""text"": ""ли в міні-ярі ботсаду-до на перший урок""}, {""bbox"": [783, 1247, 1657, 1332], ""type"": ""handwritten"", ""text"": ""Треба принести каштанки.""}, {""bbox"": [882, 1330, 2346, 1422], ""type"": ""handwritten"", ""text"": ""Треба любити свій дім, навіть якщо він""}, {""bbox"": [799, 1409, 2453, 1491], ""type"": ""handwritten"", ""text"": ""тимчасовий і далеко від справжнього дощу, того,""}, {""bbox"": [799, 1475, 2365, 1558], ""type"": ""handwritten"", ""text"": ""що в серці. Треба здійснити крок і, може, з""}, {""bbox"": [795, 1541, 2361, 1633], ""type"": ""handwritten"", ""text"": ""нею ще в чіткість скрізь поселяться любов до""}, {""bbox"": [800, 1618, 1921, 1697], ""type"": ""handwritten"", ""text"": ""слів: допіру, пітятко чи княжні.""}, {""bbox"": [856, 1688, 2362, 1767], ""type"": ""handwritten"", ""text"": ""Треба цілуватися коли випадає нагода і""}, {""bbox"": [833, 1764, 2459, 1854], ""type"": ""handwritten"", ""text"": ""казати те, що на душі. Немає часу на півтони.""}, {""bbox"": [816, 1844, 2446, 1931], ""type"": ""handwritten"", ""text"": ""Матеріальне - кривень, нещія тікає крізь пальці.""}, {""bbox"": [806, 1922, 2440, 2006], ""type"": ""handwritten"", ""text"": ""Справжнім виявилось тільки те, за що не можна""}, {""bbox"": [801, 1996, 2355, 2084], ""type"": ""handwritten"", ""text"": ""скочитися руками: спогади, сміх і любов.""}, {""bbox"": [877, 2075, 2436, 2159], ""type"": ""handwritten"", ""text"": ""Ще треба пішати, коли можеться. За все""}, {""bbox"": [787, 2149, 2426, 2235], ""type"": ""handwritten"", ""text"": ""те, що ніколи не сталося з нашої статтею. За""}, {""bbox"": [781, 2228, 2351, 2311], ""type"": ""handwritten"", ""text"": ""те, що ми не тільки знаємо як пишеться""}, {""bbox"": [762, 2303, 2432, 2397], ""type"": ""handwritten"", ""text"": ""\""да не ходійний дрок\"" або \""басістична ракета\"",""}, {""bbox"": [779, 2389, 2010, 2482], ""type"": ""handwritten"", ""text"": ""але й розрізняємо їх на слух.""}, {""bbox"": [870, 2473, 2464, 2568], ""type"": ""handwritten"", ""text"": ""Росіяни хочуть, щоб ми стали єдиною""}, {""bbox"": [788, 2567, 2335, 2668], ""type"": ""handwritten"", ""text"": ""на них - скніли у вічній прозорі. А ми""}, {""bbox"": [774, 2647, 2475, 2754], ""type"": ""handwritten"", ""text"": ""будемо жити цікаво всупереч історії і загадки""}, {""bbox"": [770, 2735, 2418, 2819], ""type"": ""handwritten"", ""text"": ""тих, хто після нас говоритиме нашою мовою.""}]"
1f7e87e1-0fe9-47a8-be81-ee4d109e74a0.jpg,"[{""bbox"": [82, 53, 1103, 170], ""type"": ""handwritten"", ""text"": ""те, що ніколи й не ма-""}, {""bbox"": [92, 142, 1105, 224], ""type"": ""handwritten"", ""text"": ""но з нами статися.""}, {""bbox"": [95, 211, 1101, 277], ""type"": ""handwritten"", ""text"": ""За те, що ми не тіль-""}, {""bbox"": [89, 269, 1096, 331], ""type"": ""handwritten"", ""text"": ""ки знаємо як пишеть-""}, {""bbox"": [84, 322, 1004, 392], ""type"": ""handwritten"", ""text"": ""са „Динамобійний дроп“""}, {""bbox"": [90, 384, 1093, 451], ""type"": ""handwritten"", ""text"": ""або „бачістяна ракета“,""}, {""bbox"": [90, 445, 1004, 512], ""type"": ""handwritten"", ""text"": ""але й розрізнено їх""}, {""bbox"": [89, 502, 469, 564], ""type"": ""handwritten"", ""text"": ""на смух.""}, {""bbox"": [182, 554, 1024, 621], ""type"": ""handwritten"", ""text"": ""Росіяни хочуть, щоб""}, {""bbox"": [84, 618, 1084, 676], ""type"": ""handwritten"", ""text"": ""ли стали союзниками""}, {""bbox"": [85, 672, 1083, 735], ""type"": ""handwritten"", ""text"": ""на них, якими увій-""}, {""bbox"": [85, 730, 1005, 792], ""type"": ""handwritten"", ""text"": ""ний призати. А чи""}, {""bbox"": [90, 783, 1085, 850], ""type"": ""handwritten"", ""text"": ""будемо жити цікаво-""}, {""bbox"": [96, 844, 1096, 915], ""type"": ""handwritten"", ""text"": ""вступені історії і заради""}, {""bbox"": [83, 908, 1024, 973], ""type"": ""handwritten"", ""text"": ""тих, хто після нас""}, {""bbox"": [79, 969, 948, 1033], ""type"": ""handwritten"", ""text"": ""говорітиме нашою""}, {""bbox"": [0, 1029, 378, 1093], ""type"": ""handwritten"", ""text"": ""и-мовою.""}]"
26db9d85-0974-483b-b53e-0a2cff4f30c5.jpg,"[{""bbox"": [1049, 406, 2089, 612], ""type"": ""handwritten"", ""text"": ""Треба пости""}, {""bbox"": [606, 645, 3655, 824], ""type"": ""handwritten"", ""text"": ""Жити треба цікаво і читати книжки,""}, {""bbox"": [307, 814, 3619, 1000], ""type"": ""handwritten"", ""text"": ""осодити в театр, дріматувати на фірму.""}, {""bbox"": [558, 1018, 3743, 1204], ""type"": ""handwritten"", ""text"": ""Треба жити! Не впівсем, не трошки,""}, {""bbox"": [286, 1223, 3399, 1418], ""type"": ""handwritten"", ""text"": ""не завтра, не після, а оспрямлюйся!""}, {""bbox"": [296, 1412, 3859, 1633], ""type"": ""handwritten"", ""text"": ""Зараз! Треба глядіти котів, збирайчи гриби,""}, {""bbox"": [279, 1618, 3541, 1833], ""type"": ""handwritten"", ""text"": ""везти чужинців із фронту на Інтер-Сіп,""}, {""bbox"": [290, 1814, 3549, 1998], ""type"": ""handwritten"", ""text"": ""робити ремонт і принести щастя тим,""}, {""bbox"": [315, 1989, 3603, 2188], ""type"": ""handwritten"", ""text"": ""кого любляло. Треба купувати сукні з""}, {""bbox"": [312, 2171, 3792, 2367], ""type"": ""handwritten"", ""text"": ""млікання і докатити на вічсько, виму-""}, {""bbox"": [301, 2366, 3805, 2556], ""type"": ""handwritten"", ""text"": ""кувати роби і генератори, а ще, мишино-""}, {""bbox"": [316, 2539, 3771, 2746], ""type"": ""handwritten"", ""text"": ""ричі встановили в міністрі оборони, бо""}, {""bbox"": [321, 2726, 3789, 2913], ""type"": ""handwritten"", ""text"": ""на перший урок треба принести касетаців.""}, {""bbox"": [496, 2899, 3693, 3080], ""type"": ""handwritten"", ""text"": ""Треба любити свій дім, навіть якщо""}, {""bbox"": [270, 3078, 3810, 3262], ""type"": ""handwritten"", ""text"": ""він пилососовий і далеко від справжнього""}, {""bbox"": [281, 3243, 3528, 3436], ""type"": ""handwritten"", ""text"": ""дому, того, що в серці. Треба здавати""}, {""bbox"": [288, 3435, 3627, 3637], ""type"": ""handwritten"", ""text"": ""кров, і, може, з нею ще в чинилось серці""}, {""bbox"": [270, 3620, 3854, 3821], ""type"": ""handwritten"", ""text"": ""носилися любов до слів: доніку, нітетко чи""}, {""bbox"": [268, 3779, 787, 3926], ""type"": ""handwritten"", ""text"": ""каюся.""}, {""bbox"": [515, 3953, 3887, 4191], ""type"": ""handwritten"", ""text"": ""Треба чілуватися, коли випадає нагода і""}, {""bbox"": [240, 4156, 3641, 4364], ""type"": ""handwritten"", ""text"": ""казати те, що на думці. Немає часу на""}, {""bbox"": [230, 4342, 3718, 4535], ""type"": ""handwritten"", ""text"": ""нівтони. Матеріально крихке, нічіті півав""}, {""bbox"": [234, 4520, 3836, 4718], ""type"": ""handwritten"", ""text"": ""крізь навчані. Справжнім виявилося тільки""}, {""bbox"": [239, 4710, 3562, 4921], ""type"": ""handwritten"", ""text"": ""те, за що неможна ссопатись руками:""}, {""bbox"": [496, 5081, 3844, 5254], ""type"": ""handwritten"", ""text"": ""Це треба пилкать, коли можеться. За""}, {""bbox"": [248, 5252, 3628, 5436], ""type"": ""handwritten"", ""text"": ""все те, що ніколи б не мало з нами""}, {""bbox"": [252, 5429, 3865, 5619], ""type"": ""handwritten"", ""text"": ""статися. За те, що ми не тільки знаємо,""}]"
3bc2244f-ea4a-4c1e-86bf-defa0f11402f.jpg,"[{""bbox"": [602, 191, 1117, 284], ""type"": ""handwritten"", ""text"": ""Треба жити""}, {""bbox"": [367, 274, 1368, 351], ""type"": ""handwritten"", ""text"": ""Жити треба цікаво: читати""}, {""bbox"": [238, 342, 1356, 415], ""type"": ""handwritten"", ""text"": ""кинішки, ходити в театр, дре-""}, {""bbox"": [251, 405, 1276, 478], ""type"": ""handwritten"", ""text"": ""серували яка Патрона. Я""}, {""bbox"": [365, 467, 1332, 544], ""type"": ""handwritten"", ""text"": ""Треба жити. Не в рівсими,""}, {""bbox"": [236, 528, 1350, 604], ""type"": ""handwritten"", ""text"": ""не трончи, не завтра, не піше.""}, {""bbox"": [234, 591, 1267, 669], ""type"": ""handwritten"", ""text"": ""По-справжньому! Зараз! Кітреба""}, {""bbox"": [217, 659, 1267, 731], ""type"": ""handwritten"", ""text"": ""падати котів, збираючи гриби,""}, {""bbox"": [224, 721, 1346, 795], ""type"": ""handwritten"", ""text"": ""важче чутися із прокату на""}, {""bbox"": [213, 782, 1354, 859], ""type"": ""handwritten"", ""text"": ""\""Світепріті\"", робити брехань і при-""}, {""bbox"": [221, 850, 1367, 922], ""type"": ""handwritten"", ""text"": ""навчити куща тим, кого любиш.""}, {""bbox"": [219, 910, 1375, 984], ""type"": ""handwritten"", ""text"": ""Треба купувати сукні з мелітками""}, {""bbox"": [224, 971, 1378, 1046], ""type"": ""handwritten"", ""text"": ""і домагатися на військв, вимушува-""}, {""bbox"": [208, 1036, 1290, 1111], ""type"": ""handwritten"", ""text"": ""тія РЕБи і генератори, а ще""}, {""bbox"": [228, 1102, 1346, 1176], ""type"": ""handwritten"", ""text"": ""немиторити вибрані в міністрі""}, {""bbox"": [228, 1163, 1238, 1237], ""type"": ""handwritten"", ""text"": ""ботсаду, бо на перший урок""}, {""bbox"": [229, 1228, 1193, 1298], ""type"": ""handwritten"", ""text"": ""треба принести каштанів.""}, {""bbox"": [338, 1291, 1342, 1365], ""type"": ""handwritten"", ""text"": ""Треба любити свій дім, на-""}, {""bbox"": [205, 1351, 1340, 1427], ""type"": ""handwritten"", ""text"": ""віть! якщо він тимчасовий і да-""}, {""bbox"": [205, 1417, 1342, 1488], ""type"": ""handwritten"", ""text"": ""леко від справжнього дому - того""}, {""bbox"": [221, 1479, 1346, 1554], ""type"": ""handwritten"", ""text"": ""що в серці. Треба здавати кров""}, {""bbox"": [233, 1545, 1275, 1619], ""type"": ""handwritten"", ""text"": ""і, може, з нього містив чималось""}, {""bbox"": [218, 1612, 1337, 1690], ""type"": ""handwritten"", ""text"": ""серці посилається любов до слів, до""}, {""bbox"": [220, 1623, 1342, 1732], ""type"": ""handwritten"", ""text"": ""серці посилаються любов до слів, до""}]"
272b57f4-1fc7-4cf8-97af-7fe575fbf601.jpg,"[{""bbox"": [543, 320, 2798, 482], ""type"": ""handwritten"", ""text"": ""ще в шістусь серці поселяться любов""}, {""bbox"": [539, 469, 2644, 635], ""type"": ""handwritten"", ""text"": ""до слів: допіку, пітятко чи межи.""}, {""bbox"": [709, 616, 2739, 802], ""type"": ""handwritten"", ""text"": ""Треба цінуватися, коли випадає""}, {""bbox"": [531, 780, 2798, 959], ""type"": ""handwritten"", ""text"": ""налога, і казати те, що на думці.""}, {""bbox"": [509, 930, 2832, 1133], ""type"": ""handwritten"", ""text"": ""Немає часу на півтони. Матеріальне""}, {""bbox"": [501, 1109, 2657, 1271], ""type"": ""handwritten"", ""text"": ""крижке - ясиття тікає крізь пальці.""}, {""bbox"": [492, 1262, 2674, 1472], ""type"": ""handwritten"", ""text"": ""Справжнім виявилося тільки те, за""}, {""bbox"": [487, 1452, 2876, 1641], ""type"": ""handwritten"", ""text"": ""що не можна схопитись руками-""}, {""bbox"": [493, 1612, 1882, 1785], ""type"": ""handwritten"", ""text"": ""спогади, сніж і любов.""}, {""bbox"": [614, 1776, 2907, 1956], ""type"": ""handwritten"", ""text"": ""Ще треба плакати, коли можеться.""}, {""bbox"": [456, 1930, 2823, 2143], ""type"": ""handwritten"", ""text"": ""За все те, що ніколи б не мало з""}, {""bbox"": [459, 2128, 2777, 2306], ""type"": ""handwritten"", ""text"": ""наши статися. За те, що ми не""}, {""bbox"": [432, 2310, 2833, 2505], ""type"": ""handwritten"", ""text"": ""тільки знаємо, як пише твоя далеко-""}, {""bbox"": [424, 2483, 2857, 2688], ""type"": ""handwritten"", ""text"": ""бійний дрон або балістична ракета""}, {""bbox"": [432, 2674, 2591, 2856], ""type"": ""handwritten"", ""text"": ""а й розрізняємо їх на слух.""}, {""bbox"": [530, 2829, 2540, 3052], ""type"": ""handwritten"", ""text"": ""Росіяни хочуть, щоб ми стали""}, {""bbox"": [400, 3039, 2819, 3239], ""type"": ""handwritten"", ""text"": ""скончим на них, скніли у вічній""}, {""bbox"": [404, 3212, 2913, 3423], ""type"": ""handwritten"", ""text"": ""фрезоті. А ми будемо жити цікаво-""}, {""bbox"": [392, 3408, 2699, 3613], ""type"": ""handwritten"", ""text"": ""всупереч історії і закоху тих, хто""}, {""bbox"": [352, 3599, 2771, 3775], ""type"": ""handwritten"", ""text"": ""після нас говорить нашою мовою.""}]"
c5b345be-9365-4caa-bf71-7c89fc6d48f0.jpg,"[{""bbox"": [908, 1, 1518, 147], ""type"": ""handwritten"", ""text"": ""Диктант""}, {""bbox"": [694, 122, 1598, 278], ""type"": ""handwritten"", ""text"": ""Преба жити""}, {""bbox"": [334, 307, 2577, 488], ""type"": ""handwritten"", ""text"": ""Жити треба цікаво: читати книж-""}, {""bbox"": [71, 463, 2471, 618], ""type"": ""handwritten"", ""text"": ""ки, ходити в театр, дріматувати пса""}, {""bbox"": [83, 596, 2483, 744], ""type"": ""handwritten"", ""text"": ""Патрона. Треба жити не в пів сили, не""}, {""bbox"": [104, 729, 2535, 874], ""type"": ""handwritten"", ""text"": ""тролліки, не завтра, не після. По справжньо-""}, {""bbox"": [83, 859, 2493, 1011], ""type"": ""handwritten"", ""text"": ""му! Зараз! Потрібно глядіти котів, збирання""}, {""bbox"": [100, 987, 2528, 1135], ""type"": ""handwritten"", ""text"": ""гриби, взагалі щущення із фронту на „Інтер-""}, {""bbox"": [135, 1120, 2504, 1263], ""type"": ""handwritten"", ""text"": ""сіті\"", робити ремонт і приносити щось-""}, {""bbox"": [149, 1248, 2496, 1391], ""type"": ""handwritten"", ""text"": ""тя тим, кого любили. Потреба купувати""}, {""bbox"": [178, 1382, 2480, 1523], ""type"": ""handwritten"", ""text"": ""сукні з мілітками, докатити на військо,""}, {""bbox"": [173, 1509, 2424, 1640], ""type"": ""handwritten"", ""text"": ""вимушувати реби й генератори, а ще,""}, {""bbox"": [167, 1623, 2445, 1762], ""type"": ""handwritten"", ""text"": ""нимпорити вигорали в місяці бот-""}, {""bbox"": [203, 1749, 2449, 1891], ""type"": ""handwritten"", ""text"": ""саду, бо на перший урок треба при-""}, {""bbox"": [203, 1881, 1126, 1991], ""type"": ""handwritten"", ""text"": ""нести каштанів.""}, {""bbox"": [416, 1989, 2333, 2134], ""type"": ""handwritten"", ""text"": ""Треба любити свій дім, навіть""}, {""bbox"": [113, 2118, 2511, 2267], ""type"": ""handwritten"", ""text"": ""якщо він тимчасовий і далекий від справи.""}, {""bbox"": [132, 2249, 2463, 2391], ""type"": ""handwritten"", ""text"": ""нього дому, того, що в серці. Преба здава-""}, {""bbox"": [137, 2373, 2454, 2511], ""type"": ""handwritten"", ""text"": ""ти кров, і може з нею ще в кимось""}, {""bbox"": [201, 2502, 2364, 2637], ""type"": ""handwritten"", ""text"": ""серці поселиться любов до слів, доніжу,""}, {""bbox"": [226, 2621, 1342, 2718], ""type"": ""handwritten"", ""text"": ""пітати чи кляхи.""}, {""bbox"": [498, 2717, 2429, 2872], ""type"": ""handwritten"", ""text"": ""Треба цілуватися, коли випадає на-""}, {""bbox"": [152, 2849, 2426, 2993], ""type"": ""handwritten"", ""text"": ""года і казати те, що на думці. Немає""}, {""bbox"": [158, 2972, 2380, 3112], ""type"": ""handwritten"", ""text"": ""часу на пів-тони. Матеріальне — крихке""}, {""bbox"": [159, 3091, 2387, 3228], ""type"": ""handwritten"", ""text"": ""життя тікає крізь пальці. Справжнім""}, {""bbox"": [164, 3206, 2368, 3350], ""type"": ""handwritten"", ""text"": ""виявилось тільки те, за що не можна""}, {""bbox"": [183, 3333, 2419, 3466], ""type"": ""handwritten"", ""text"": ""схопитись руками - спогади, сміх і мо-""}, {""bbox"": [188, 3430, 386, 3548], ""type"": ""handwritten"", ""text"": ""Доб.""}]"
0bb6a86a-b5a1-4e68-97eb-a1f503c040d9.jpg,"[{""bbox"": [643, 173, 935, 237], ""type"": ""handwritten"", ""text"": ""Треба жити""}, {""bbox"": [344, 252, 1539, 349], ""type"": ""handwritten"", ""text"": ""Жити треба цікаво: читати книжки, досерува-""}, {""bbox"": [297, 332, 1144, 424], ""type"": ""handwritten"", ""text"": ""ти на патрона, ходити в театр.""}, {""bbox"": [332, 411, 1417, 506], ""type"": ""handwritten"", ""text"": ""Треба жити! Не в тів сини, не трохи, не""}, {""bbox"": [292, 499, 1501, 586], ""type"": ""handwritten"", ""text"": ""завтра, не після. По-справжньому. Зараз! Треба""}, {""bbox"": [297, 576, 1510, 669], ""type"": ""handwritten"", ""text"": ""гладити котів, збірати гриби, везти цукерки""}, {""bbox"": [302, 663, 1533, 758], ""type"": ""handwritten"", ""text"": ""із фронту на Інтернеті, робити ремонт і приго-""}, {""bbox"": [302, 749, 1529, 834], ""type"": ""handwritten"", ""text"": ""сити щастя тим, кого любишо. Треба купувати""}, {""bbox"": [299, 825, 1530, 912], ""type"": ""handwritten"", ""text"": ""сукні з лелітками і докатати на військо, ви-""}, {""bbox"": [297, 907, 1525, 989], ""type"": ""handwritten"", ""text"": ""відчувати РЕБи і генератори, а це непорядне""}, {""bbox"": [298, 976, 1435, 1073], ""type"": ""handwritten"", ""text"": ""включили в міжурії ботсаду, бо на перший""}, {""bbox"": [299, 1062, 1123, 1149], ""type"": ""handwritten"", ""text"": ""урок треба принести каштанів.""}, {""bbox"": [331, 1125, 1534, 1219], ""type"": ""handwritten"", ""text"": ""Треба любити свій дім, навіть якщо він глиша-""}, {""bbox"": [296, 1200, 1500, 1301], ""type"": ""handwritten"", ""text"": ""сових і далеко від справжнього дому, того що в""}, {""bbox"": [298, 1301, 444, 1369], ""type"": ""handwritten"", ""text"": ""серці.""}, {""bbox"": [319, 1324, 1503, 1444], ""type"": ""handwritten"", ""text"": ""Треба здавати кров і може з нею ще в чиєюсь""}, {""bbox"": [304, 1431, 1457, 1523], ""type"": ""handwritten"", ""text"": ""серці посилаєся любов до світу докіру, пітятко""}, {""bbox"": [304, 1517, 587, 1580], ""type"": ""handwritten"", ""text"": ""чи кишки.""}, {""bbox"": [329, 1536, 1537, 1645], ""type"": ""handwritten"", ""text"": ""Треба чілуватися коли випадав патода і каза-""}, {""bbox"": [304, 1609, 1535, 1709], ""type"": ""handwritten"", ""text"": ""ти те, що на душі. Немає часу напівтони. Ма-""}, {""bbox"": [308, 1670, 1536, 1766], ""type"": ""handwritten"", ""text"": ""теріальні крихке, життя тікає крізь пальці. Справж-""}, {""bbox"": [313, 1748, 1533, 1833], ""type"": ""handwritten"", ""text"": ""нім виявилось тільки те, за що не можна схопити-""}, {""bbox"": [319, 1816, 1224, 1908], ""type"": ""handwritten"", ""text"": ""сь рухами: спогади, сльози і любов.""}]"
27067f3f-09db-45ff-b654-1d183398076c.jpg,"[{""bbox"": [588, 112, 2423, 341], ""type"": ""handwritten"", ""text"": ""Радіодиктант національної єдності""}, {""bbox"": [1052, 269, 1945, 402], ""type"": ""handwritten"", ""text"": ""\""Треба жити!\""""}, {""bbox"": [417, 336, 2601, 514], ""type"": ""handwritten"", ""text"": ""чити треба цікаво: читати книжки,""}, {""bbox"": [167, 458, 2636, 608], ""type"": ""handwritten"", ""text"": ""ходити в театр, дослухувать Ліса Патрона...""}, {""bbox"": [400, 531, 1297, 693], ""type"": ""handwritten"", ""text"": ""Треба жити""}, {""bbox"": [355, 651, 2505, 794], ""type"": ""handwritten"", ""text"": ""Не впівсими, не троєчками не завтра, не""}, {""bbox"": [174, 753, 2497, 884], ""type"": ""handwritten"", ""text"": ""після. По-справжньому! Зараз! Підєба""}, {""bbox"": [194, 852, 2497, 983], ""type"": ""handwritten"", ""text"": ""гларити котив, збираючи гриби, вести""}, {""bbox"": [196, 957, 2624, 1135], ""type"": ""handwritten"", ""text"": ""цінення із фронту на \""Інтерсіті\"", робити""}, {""bbox"": [205, 1110, 2632, 1235], ""type"": ""handwritten"", ""text"": ""любимо. Потреба купувати сукні з лепітками,""}, {""bbox"": [179, 1206, 2628, 1325], ""type"": ""handwritten"", ""text"": ""донатити на військо, вимушувати РЕБи""}, {""bbox"": [185, 1294, 2660, 1401], ""type"": ""handwritten"", ""text"": ""та генератори, а ще непорівняти вигорали""}, {""bbox"": [179, 1379, 2682, 1499], ""type"": ""handwritten"", ""text"": ""в міжсічні ботсаду, бо на перший урок треба""}, {""bbox"": [163, 1474, 1425, 1579], ""type"": ""handwritten"", ""text"": ""принести каштанів.""}, {""bbox"": [375, 1554, 2596, 1668], ""type"": ""handwritten"", ""text"": ""Потреба любити свій дім, навіть якщо""}, {""bbox"": [168, 1697, 2606, 1833], ""type"": ""handwritten"", ""text"": ""фами - того, що в серці: Піреба здавати""}, {""bbox"": [176, 1830, 2566, 1934], ""type"": ""handwritten"", ""text"": ""кров, і може з нію ще вчинився серед""}, {""bbox"": [165, 1918, 2650, 2030], ""type"": ""handwritten"", ""text"": ""носитися любов до сіль „донцу“, „пятатко“""}, {""bbox"": [171, 2013, 888, 2113], ""type"": ""handwritten"", ""text"": ""чи \""кижки.\""""}, {""bbox"": [316, 2089, 2699, 2204], ""type"": ""handwritten"", ""text"": ""Потреба цілуватися, коли випадає нагода""}, {""bbox"": [112, 2185, 2629, 2292], ""type"": ""handwritten"", ""text"": ""і казати теж не думу. Немає чому""}, {""bbox"": [116, 2278, 2443, 2379], ""type"": ""handwritten"", ""text"": ""на півтони. Матеріальне крихке,""}, {""bbox"": [127, 2362, 2675, 2471], ""type"": ""handwritten"", ""text"": ""життя тікає крізь пальці! Справжнім""}, {""bbox"": [128, 2455, 2646, 2566], ""type"": ""handwritten"", ""text"": ""виявилось тільки те, за що не можна""}, {""bbox"": [121, 2555, 2708, 2665], ""type"": ""handwritten"", ""text"": ""схочитись руками: спогади, сміх і любов""}, {""bbox"": [262, 2664, 2691, 2780], ""type"": ""handwritten"", ""text"": ""Не треба плахати, коли можеться""}, {""bbox"": [76, 2736, 2664, 2837], ""type"": ""handwritten"", ""text"": ""За все те, що ніколи б не мало з нами""}, {""bbox"": [976, 2746, 2475, 2844], ""type"": ""handwritten"", ""text"": ""о нікому й не мало з нами""}, {""bbox"": [81, 2823, 2728, 2944], ""type"": ""handwritten"", ""text"": ""статистик. За те, що мене тільки знови""}, {""bbox"": [88, 2913, 2609, 3041], ""type"": ""handwritten"", ""text"": ""як пишеться \""далекобійний фронт\"" або""}, {""bbox"": [70, 3006, 2720, 3147], ""type"": ""handwritten"", ""text"": ""\""балістична ракета\"", але й розрізняємо""}, {""bbox"": [130, 3107, 973, 3202], ""type"": ""handwritten"", ""text"": ""їх на слух.""}, {""bbox"": [286, 3177, 2450, 3317], ""type"": ""handwritten"", ""text"": ""Росіяни хочуть, щоб им стали""}, {""bbox"": [82, 3290, 2587, 3407], ""type"": ""handwritten"", ""text"": ""охочими на них, - скінчи у війні""}, {""bbox"": [74, 3383, 2707, 3507], ""type"": ""handwritten"", ""text"": ""оризоти. А ми буремо звичити снігові""}, {""bbox"": [76, 3480, 2656, 3613], ""type"": ""handwritten"", ""text"": ""(вступив історії і заради тих, які""}, {""bbox"": [53, 3587, 2726, 3816], ""type"": ""handwritten"", ""text"": ""пам'яте нас говоритиме нашою мовою""}]"
baa8fd98-2332-4390-944e-f0847409251f.jpg,"[{""bbox"": [657, 521, 1182, 639], ""type"": ""handwritten"", ""text"": ""Треба жити""}, {""bbox"": [420, 635, 1938, 738], ""type"": ""handwritten"", ""text"": ""Митці треба цікаво, читати книжки,""}, {""bbox"": [251, 725, 887, 832], ""type"": ""handwritten"", ""text"": ""ходити в садок""}, {""bbox"": [279, 814, 1835, 933], ""type"": ""handwritten"", ""text"": ""Не в пів сим, не трохи, не завтра.""}, {""bbox"": [297, 915, 1945, 1034], ""type"": ""handwritten"", ""text"": ""По справжньому. Зараз. Треба пади-""}, {""bbox"": [279, 1011, 1706, 1128], ""type"": ""handwritten"", ""text"": ""ти котів, збираючи гриби, везти""}, {""bbox"": [272, 1112, 1926, 1235], ""type"": ""handwritten"", ""text"": ""цужена з фронту на Інтернеті, робити""}, {""bbox"": [274, 1219, 1833, 1329], ""type"": ""handwritten"", ""text"": ""ремонт і приносити щастя тим, кого""}, {""bbox"": [279, 1312, 1968, 1429], ""type"": ""handwritten"", ""text"": ""любимо. Потреба купувати сукні з мітка-""}, {""bbox"": [267, 1414, 1912, 1522], ""type"": ""handwritten"", ""text"": ""ми і приносити щастя, донатити на""}, {""bbox"": [298, 1507, 1951, 1624], ""type"": ""handwritten"", ""text"": ""військо, вилікувати реби на генератори,""}, {""bbox"": [296, 1608, 1815, 1720], ""type"": ""handwritten"", ""text"": ""бо на перший урок треба принести""}, {""bbox"": [276, 1706, 667, 1800], ""type"": ""handwritten"", ""text"": ""каштанів.""}, {""bbox"": [502, 1791, 1858, 1912], ""type"": ""handwritten"", ""text"": ""Треба любити свій дім, навіть""}, {""bbox"": [258, 1894, 1709, 2015], ""type"": ""handwritten"", ""text"": ""якщо він пилгасовий та далеко від""}, {""bbox"": [267, 1998, 1780, 2113], ""type"": ""handwritten"", ""text"": ""справжнього дому, того що в серці:""}, {""bbox"": [239, 2096, 1926, 2219], ""type"": ""handwritten"", ""text"": ""Потреба здавати кров і може з нею ще""}, {""bbox"": [269, 2198, 1823, 2321], ""type"": ""handwritten"", ""text"": ""в чужої серці поселяться любов до""}, {""bbox"": [258, 2303, 1679, 2415], ""type"": ""handwritten"", ""text"": ""слів до піцу, кипятку чи княжні""}, {""bbox"": [434, 2401, 1809, 2516], ""type"": ""handwritten"", ""text"": ""Преда цілуватися, коли випадає""}, {""bbox"": [235, 2503, 1971, 2625], ""type"": ""handwritten"", ""text"": ""налога і казати те, що на думці. Немає""}, {""bbox"": [262, 2609, 1919, 2727], ""type"": ""handwritten"", ""text"": ""часу на півтони. Матеріальне крихке,""}, {""bbox"": [247, 2714, 1883, 2828], ""type"": ""handwritten"", ""text"": ""життя тікає крізь пальці. Справжнім""}]"
00829c22-1e80-4e13-a395-3f9d8b088f7d.jpg,"[{""bbox"": [829, 130, 1498, 276], ""type"": ""handwritten"", ""text"": ""Треба писати!""}, {""bbox"": [538, 341, 2783, 485], ""type"": ""handwritten"", ""text"": ""Писати треба цікаво: читати києпське, харити""}, {""bbox"": [309, 457, 2032, 591], ""type"": ""handwritten"", ""text"": ""в театр, дріматувати пса Патрона.""}, {""bbox"": [537, 577, 2791, 686], ""type"": ""handwritten"", ""text"": ""Треба поїсти... Не впівсема, не трохи, не завтра,""}, {""bbox"": [287, 678, 2798, 795], ""type"": ""handwritten"", ""text"": ""не після. По-справжньому. Зараз. Треба шанувати котів,""}, {""bbox"": [281, 780, 2796, 903], ""type"": ""handwritten"", ""text"": ""збирати гроши, взяти грошеня з фронту на „Чипер-""}, {""bbox"": [283, 891, 2703, 1006], ""type"": ""handwritten"", ""text"": ""сіті\"", робити рекламу і привносити щастя тим,""}, {""bbox"": [283, 991, 2760, 1112], ""type"": ""handwritten"", ""text"": ""кого любимо. Треба купувати сукні з мелітками,""}, {""bbox"": [291, 1096, 2782, 1216], ""type"": ""handwritten"", ""text"": ""і докатися на військо, вимушувати РЕБи і гене-""}, {""bbox"": [284, 1201, 2788, 1321], ""type"": ""handwritten"", ""text"": ""ратори, а ще - несипорити вигорами в міністерії""}, {""bbox"": [285, 1304, 2816, 1434], ""type"": ""handwritten"", ""text"": ""ботсаду, бо на перший урок треба принести квітко-""}, {""bbox"": [295, 1399, 505, 1504], ""type"": ""handwritten"", ""text"": ""нів.""}, {""bbox"": [445, 1515, 2731, 1639], ""type"": ""handwritten"", ""text"": ""Треба любити свій дів, навіть якщо він тим-""}, {""bbox"": [298, 1629, 2755, 1754], ""type"": ""handwritten"", ""text"": ""часовий і далеко від справжнього року - того, що""}, {""bbox"": [290, 1737, 2745, 1875], ""type"": ""handwritten"", ""text"": ""в серці. Треба здавати кров - і, може, з нею ще""}, {""bbox"": [284, 1857, 2781, 1990], ""type"": ""handwritten"", ""text"": ""в чиємусь серці посилиться любов до своїх: доніччі,""}, {""bbox"": [280, 1974, 1287, 2080], ""type"": ""handwritten"", ""text"": ""пітенько чи кишені.""}, {""bbox"": [500, 2077, 2585, 2209], ""type"": ""handwritten"", ""text"": ""Треба цілуватися, коли випадає нагода, і""}, {""bbox"": [256, 2193, 2791, 2324], ""type"": ""handwritten"", ""text"": ""казати те, що на думці. Немає часу на нівтоки.""}, {""bbox"": [251, 2311, 2833, 2432], ""type"": ""handwritten"", ""text"": ""Матеріальне й креативне життя тікає крізь посилки.""}, {""bbox"": [262, 2417, 2834, 2546], ""type"": ""handwritten"", ""text"": ""Справжнім виявилося тільки те, за що не можна""}, {""bbox"": [260, 2542, 2372, 2669], ""type"": ""handwritten"", ""text"": ""схопитися руками: спогади, сміх і любов.""}, {""bbox"": [456, 2656, 2739, 2778], ""type"": ""handwritten"", ""text"": ""Це треба шанати, коли можеться.- За все""}, {""bbox"": [227, 2775, 2721, 2902], ""type"": ""handwritten"", ""text"": ""те, що ніколи й не мало з нами статися. За""}, {""bbox"": [236, 2893, 2632, 3022], ""type"": ""handwritten"", ""text"": ""те, що ми не тільки знаємо, як пишеться""}, {""bbox"": [236, 3008, 2642, 3135], ""type"": ""handwritten"", ""text"": ""далекобійний флот або балістична ракета, а й""}, {""bbox"": [249, 3132, 1455, 3252], ""type"": ""handwritten"", ""text"": ""розрізняємо їх на сенсах.""}, {""bbox"": [394, 3243, 2814, 3375], ""type"": ""handwritten"", ""text"": ""Часіми хочуть, щоб ми стали схожими на""}, {""bbox"": [245, 3366, 2680, 3498], ""type"": ""handwritten"", ""text"": ""них - скільки у вічній гнізоті. А ми будемо""}, {""bbox"": [258, 3484, 2796, 3622], ""type"": ""handwritten"", ""text"": ""псести цікаво — всупереч історії і заради тих,""}, {""bbox"": [253, 3607, 2560, 3742], ""type"": ""handwritten"", ""text"": ""хто після нас говорить на нашою мовою,""}]"
4438131a-dcaf-4bcb-ad17-1ad32af9a9aa.jpg,"[{""bbox"": [251, 282, 2654, 443], ""type"": ""handwritten"", ""text"": ""налога, і казати те, що нас обуміці.""}, {""bbox"": [256, 428, 2520, 598], ""type"": ""handwritten"", ""text"": ""Немає чому на півночі. Матеріальне,""}, {""bbox"": [251, 583, 2519, 730], ""type"": ""handwritten"", ""text"": ""кричке хитія Тікое крізь пальці.""}, {""bbox"": [255, 712, 2521, 874], ""type"": ""handwritten"", ""text"": ""Справжнім виявилося лише те за, що""}, {""bbox"": [243, 875, 2650, 1017], ""type"": ""handwritten"", ""text"": ""не можна схопитись руками: спочатку,""}, {""bbox"": [265, 1002, 1133, 1126], ""type"": ""handwritten"", ""text"": ""сліх і любов.""}, {""bbox"": [658, 1140, 2715, 1284], ""type"": ""handwritten"", ""text"": ""Ще треба плачати коли можешся.""}, {""bbox"": [227, 1278, 2551, 1430], ""type"": ""handwritten"", ""text"": ""За все те, що ніколи б не мало б""}, {""bbox"": [231, 1430, 2345, 1574], ""type"": ""handwritten"", ""text"": ""з нами статися. За те, що ми""}, {""bbox"": [242, 1580, 2278, 1719], ""type"": ""handwritten"", ""text"": ""не тільки знаємо, як пишеться""}, {""bbox"": [229, 1714, 2454, 1862], ""type"": ""handwritten"", ""text"": ""далекобійний дрон або бойовічна""}, {""bbox"": [247, 1848, 2609, 1997], ""type"": ""handwritten"", ""text"": ""ракета, а й розпізнаємо їх на слух.""}, {""bbox"": [672, 1989, 2455, 2133], ""type"": ""handwritten"", ""text"": ""Росіяни хочуть, щоб ми стали""}, {""bbox"": [340, 2122, 2560, 2267], ""type"": ""handwritten"", ""text"": ""Схожили на них, скиніли у вічній""}, {""bbox"": [328, 2259, 2592, 2402], ""type"": ""handwritten"", ""text"": ""грізоті. А ми будемо жити. цікаво,""}, {""bbox"": [260, 2390, 2401, 2543], ""type"": ""handwritten"", ""text"": ""всупереч історії, і заради тих хто""}, {""bbox"": [264, 2527, 2366, 2679], ""type"": ""handwritten"", ""text"": ""після нас говоритиме нашою мовою.""}]"
0c6d05a0-bc4a-4640-80d0-4639da07c382.jpg,"[{""bbox"": [764, 147, 2012, 389], ""type"": ""handwritten"", ""text"": ""Треба жити!""}, {""bbox"": [543, 324, 2826, 639], ""type"": ""handwritten"", ""text"": ""чінськи, ходили цікаво: читати""}, {""bbox"": [420, 457, 2842, 748], ""type"": ""handwritten"", ""text"": ""сиріваний пса Патрона""}, {""bbox"": [411, 550, 2871, 851], ""type"": ""handwritten"", ""text"": ""сирувати пса Патрона. Треба""}, {""bbox"": [391, 626, 2875, 949], ""type"": ""handwritten"", ""text"": ""осити! Не в пів сиці, не тримає""}, {""bbox"": [378, 861, 2861, 1124], ""type"": ""handwritten"", ""text"": ""Загал. Треба гладити котів,""}, {""bbox"": [591, 1060, 2863, 1324], ""type"": ""handwritten"", ""text"": ""фронту на \""інтерсіти\"", робити""}, {""bbox"": [423, 1162, 2850, 1421], ""type"": ""handwritten"", ""text"": ""і фронту, на \""Інтерсіон\"", робити""}, {""bbox"": [385, 1279, 2937, 1545], ""type"": ""handwritten"", ""text"": ""кою любило. Треба купувати""}, {""bbox"": [327, 1379, 2785, 1651], ""type"": ""handwritten"", ""text"": ""кою любило. Треба купувати""}, {""bbox"": [299, 1515, 2902, 1730], ""type"": ""handwritten"", ""text"": ""суспіл з мілітками і примосяння""}, {""bbox"": [313, 1648, 2717, 1807], ""type"": ""handwritten"", ""text"": ""~~цього ти, кого люблять.~~""}, {""bbox"": [289, 1775, 2868, 1932], ""type"": ""handwritten"", ""text"": ""донатити на військо, всіму-""}, {""bbox"": [288, 1903, 2702, 2063], ""type"": ""handwritten"", ""text"": ""кувати реви і генератори, а""}, {""bbox"": [258, 2028, 3022, 2183], ""type"": ""handwritten"", ""text"": ""ще - мінімізувати витрати в мінімі""}, {""bbox"": [291, 2160, 2778, 2319], ""type"": ""handwritten"", ""text"": ""ботсару, бо на перший урок""}, {""bbox"": [303, 2296, 2619, 2436], ""type"": ""handwritten"", ""text"": ""треба принести компанів.""}, {""bbox"": [391, 2420, 3002, 2580], ""type"": ""handwritten"", ""text"": ""Преба любити свій дім, навіть,""}, {""bbox"": [164, 2555, 2805, 2709], ""type"": ""handwritten"", ""text"": ""якщо він тимчасовий і далеко""}, {""bbox"": [184, 2687, 2972, 2845], ""type"": ""handwritten"", ""text"": ""від оправдного дому, того, що""}, {""bbox"": [246, 2827, 2811, 2991], ""type"": ""handwritten"", ""text"": ""В серці: Треба здавати кров,""}, {""bbox"": [244, 2971, 2861, 3129], ""type"": ""handwritten"", ""text"": ""\"", може, з нею буце в селі мусь""}, {""bbox"": [217, 3112, 2905, 3266], ""type"": ""handwritten"", ""text"": ""семі посідається любов до Київ.""}, {""bbox"": [170, 3256, 2912, 3422], ""type"": ""handwritten"", ""text"": ""\""дотиру\"", \""пітятко\"" чи \""килки\"".""}, {""bbox"": [255, 3400, 2894, 3565], ""type"": ""handwritten"", ""text"": ""Дуже цікавима, коли ви-""}, {""bbox"": [201, 3544, 2798, 3704], ""type"": ""handwritten"", ""text"": ""падат нагода, і кажете те,""}, {""bbox"": [185, 3686, 3020, 3855], ""type"": ""handwritten"", ""text"": ""ція на дубці. Немає часу на""}, {""bbox"": [174, 3831, 2933, 4094], ""type"": ""handwritten"", ""text"": ""півінчання. Матеріальне - кривже:""}]"
25849906-8ae6-4b9d-8dca-8c298e9d00a7.jpg,"[{""bbox"": [350, 46, 876, 165], ""type"": ""handwritten"", ""text"": ""Треба жити""}, {""bbox"": [182, 162, 1640, 276], ""type"": ""handwritten"", ""text"": ""Жити треба цікаво: читати книжки, хо-""}, {""bbox"": [44, 269, 1507, 377], ""type"": ""handwritten"", ""text"": ""дити в театр, дослухати пса Патрона...""}, {""bbox"": [177, 362, 1643, 467], ""type"": ""handwritten"", ""text"": ""Пісня пісня! Не впісля, не трохи, не""}, {""bbox"": [60, 458, 1644, 574], ""type"": ""handwritten"", ""text"": ""завтра, не після. По-справжньому! Зараз! Треба плоди-""}, {""bbox"": [60, 565, 1642, 673], ""type"": ""handwritten"", ""text"": ""ти котів, збираєш гриби, везти щущення із фронту""}, {""bbox"": [59, 663, 1638, 758], ""type"": ""handwritten"", ""text"": ""на „Інтерсіті“, робити ремонт і принести щастя""}, {""bbox"": [37, 748, 1628, 847], ""type"": ""handwritten"", ""text"": ""тим, коло любимо. Треба купувати сукні з магіста-""}, {""bbox"": [39, 848, 1609, 948], ""type"": ""handwritten"", ""text"": ""ми і докатити на військо, вимушувати РЕБи і""}, {""bbox"": [44, 943, 1616, 1032], ""type"": ""handwritten"", ""text"": ""инструктори, а ще: нимпорити виступає в міжурії""}, {""bbox"": [48, 1026, 1458, 1125], ""type"": ""handwritten"", ""text"": ""батсаду, бо на перший урок треба принести""}, {""bbox"": [49, 1126, 350, 1194], ""type"": ""handwritten"", ""text"": ""каштанів.""}, {""bbox"": [232, 1195, 1538, 1299], ""type"": ""handwritten"", ""text"": ""Треба любити своє діло, навіть якщо він""}, {""bbox"": [57, 1295, 1579, 1383], ""type"": ""handwritten"", ""text"": ""тимчасовий і далекий від справжнього дому, тою""}, {""bbox"": [55, 1375, 1532, 1474], ""type"": ""handwritten"", ""text"": ""що в серці. Треба здавати кров і може з нею""}, {""bbox"": [55, 1465, 1469, 1561], ""type"": ""handwritten"", ""text"": ""це в чиниться серці посилена любов до сив""}, {""bbox"": [61, 1555, 1047, 1642], ""type"": ""handwritten"", ""text"": ""донізу\"", \""німечко\"" чи \""книги\"".""}, {""bbox"": [256, 1633, 1496, 1727], ""type"": ""handwritten"", ""text"": ""Треба цілуватися, коли випадає нагода і""}, {""bbox"": [65, 1717, 1567, 1811], ""type"": ""handwritten"", ""text"": ""пазати те, що на думці. Немає часу на півтони.""}, {""bbox"": [68, 1802, 1531, 1892], ""type"": ""handwritten"", ""text"": ""Матеріальне криваве життя тікає крізь пальці.""}, {""bbox"": [70, 1887, 1599, 1979], ""type"": ""handwritten"", ""text"": ""Справжнім виявляється тільки те, за що не можна""}, {""bbox"": [67, 1978, 1335, 2062], ""type"": ""handwritten"", ""text"": ""схопитися руками: спогади, сміх і любов.""}, {""bbox"": [288, 2060, 1588, 2163], ""type"": ""handwritten"", ""text"": ""Це треба писати, коли можеться. За все""}]"
176081e8-907f-4bd3-b881-5cc2052cde31.jpg,"[{""bbox"": [427, 130, 819, 240], ""type"": ""annotation"", ""text"": ""27.10.25.""}, {""bbox"": [858, 344, 1683, 539], ""type"": ""handwritten"", ""text"": ""Радіоактивні""}, {""bbox"": [1055, 498, 1780, 670], ""type"": ""handwritten"", ""text"": ""ребра змінити""}, {""bbox"": [634, 645, 2688, 821], ""type"": ""handwritten"", ""text"": ""Жити треба цікаво читати книжки,""}, {""bbox"": [389, 812, 2467, 961], ""type"": ""handwritten"", ""text"": ""хочуть в театр, дріматури на підтрони.""}, {""bbox"": [662, 942, 2702, 1088], ""type"": ""handwritten"", ""text"": ""Треба жити. І не в тів сили не трошки не""}, {""bbox"": [385, 1072, 2485, 1247], ""type"": ""handwritten"", ""text"": ""зявся на пісня. Постривоженому. Зараз""}, {""bbox"": [410, 1222, 2490, 1401], ""type"": ""handwritten"", ""text"": ""Треба гнобити козів, збираючи гриби,""}, {""bbox"": [436, 1384, 2695, 1558], ""type"": ""handwritten"", ""text"": ""везти цілісний із фронту на інфраструктуру,""}, {""bbox"": [363, 1542, 2656, 1694], ""type"": ""handwritten"", ""text"": ""робити ремонт і приносити цілеспрямованого""}, {""bbox"": [357, 1677, 2662, 1829], ""type"": ""handwritten"", ""text"": ""мобило. Треба підрукувати сукні з легібраним, і""}, {""bbox"": [349, 1820, 2626, 1998], ""type"": ""handwritten"", ""text"": ""доносячи на відмінно, вимагаючи ПЕБ чі-""}, {""bbox"": [355, 1975, 2923, 2148], ""type"": ""handwritten"", ""text"": ""геперебори, а ще несмотрячи виборами в міжігрі""}, {""bbox"": [356, 2133, 2922, 2312], ""type"": ""handwritten"", ""text"": ""бог-соду, бо на перший урок треба приносити килимачів.""}, {""bbox"": [460, 2286, 2689, 2456], ""type"": ""handwritten"", ""text"": ""Треба продати свій дім на віть закоханій""}, {""bbox"": [338, 2450, 2690, 2621], ""type"": ""handwritten"", ""text"": ""Галиччяночий і далеко від справжнього дому""}, {""bbox"": [325, 2594, 2793, 2794], ""type"": ""handwritten"", ""text"": ""Того що в серці. Треба здавати кров і мозки у""}, {""bbox"": [336, 2765, 2715, 2955], ""type"": ""handwritten"", ""text"": ""нню ще в чинились серці поселяючих людей до""}, {""bbox"": [316, 2945, 1936, 3116], ""type"": ""handwritten"", ""text"": ""сів доїрку, післяко чи кисля.""}, {""bbox"": [493, 3101, 2754, 3278], ""type"": ""handwritten"", ""text"": ""Треба цілуватися коли виходячи на море і""}, {""bbox"": [325, 3262, 2683, 3450], ""type"": ""handwritten"", ""text"": ""надягати що не думати. Нескінченну кіль-""}, {""bbox"": [307, 3423, 2936, 3607], ""type"": ""handwritten"", ""text"": ""півбоки. Матеріяльне й крахка земля більше крізь""}, {""bbox"": [306, 3591, 2873, 3805], ""type"": ""handwritten"", ""text"": ""переці. Справжнім виявляється тільки тоді, що""}, {""bbox"": [312, 3799, 2933, 3981], ""type"": ""handwritten"", ""text"": ""Нимотин схопився руками - спочута, мовіл і""}]"
1d4953af-c8e6-4095-b58a-b2bc9f26a415.jpg,"[{""bbox"": [1045, 184, 2429, 393], ""type"": ""handwritten"", ""text"": ""Треба жити!""}, {""bbox"": [643, 416, 2707, 586], ""type"": ""handwritten"", ""text"": ""Жити треба цілково,""}, {""bbox"": [526, 560, 3021, 768], ""type"": ""handwritten"", ""text"": ""читати книжки, ходити в""}, {""bbox"": [517, 744, 2768, 938], ""type"": ""handwritten"", ""text"": ""театр, дріскувати пса""}, {""bbox"": [494, 944, 1234, 1092], ""type"": ""handwritten"", ""text"": ""Ятро на.""}, {""bbox"": [621, 1054, 3241, 1255], ""type"": ""handwritten"", ""text"": ""Треба жити! Не в пів сим,""}, {""bbox"": [396, 1239, 3300, 1413], ""type"": ""handwritten"", ""text"": ""не тижні, не завтра, не після.""}, {""bbox"": [547, 1391, 3046, 1565], ""type"": ""handwritten"", ""text"": ""По справжньому! Зараз! Треба""}, {""bbox"": [477, 1570, 3239, 1740], ""type"": ""handwritten"", ""text"": ""гладити котів, збирати гриби,""}, {""bbox"": [476, 1734, 3110, 1908], ""type"": ""handwritten"", ""text"": ""везти чуженят із фронту на""}, {""bbox"": [456, 1906, 3064, 2075], ""type"": ""handwritten"", ""text"": ""інтересі, робити ремонт і""}, {""bbox"": [417, 2060, 3037, 2226], ""type"": ""handwritten"", ""text"": ""приносити щастя тим, кого""}, {""bbox"": [413, 2199, 3140, 2385], ""type"": ""handwritten"", ""text"": ""любимо. Треба купувати сукні""}, {""bbox"": [396, 2364, 3166, 2549], ""type"": ""handwritten"", ""text"": ""з лейтками і докатити на""}, {""bbox"": [399, 2513, 2979, 2694], ""type"": ""handwritten"", ""text"": ""військо, вимушувати РЕБи і""}, {""bbox"": [399, 2666, 3374, 2853], ""type"": ""handwritten"", ""text"": ""генератори, а ще нимпорити""}, {""bbox"": [392, 2805, 3270, 3025], ""type"": ""handwritten"", ""text"": ""вегетали в літньої бот.саду, бо""}, {""bbox"": [377, 2967, 3344, 3163], ""type"": ""handwritten"", ""text"": ""на перший урок треба принести""}, {""bbox"": [376, 3154, 1245, 3328], ""type"": ""handwritten"", ""text"": ""каштанів.""}, {""bbox"": [472, 3269, 3143, 3505], ""type"": ""handwritten"", ""text"": ""Треба любити свій дім,""}, {""bbox"": [350, 3431, 3204, 3677], ""type"": ""handwritten"", ""text"": ""навіть, якщо він тимчасовий і""}, {""bbox"": [320, 3607, 3245, 3885], ""type"": ""handwritten"", ""text"": ""далеко від справжнього дому, того""}, {""bbox"": [317, 3740, 3218, 3991], ""type"": ""handwritten"", ""text"": ""що в селі. Треба здавати кров""}, {""bbox"": [308, 3935, 3161, 4227], ""type"": ""handwritten"", ""text"": ""і може з нею ще в чимось""}, {""bbox"": [309, 4084, 2991, 4336], ""type"": ""handwritten"", ""text"": ""серії поселиться любов до""}, {""bbox"": [283, 4297, 3111, 4548], ""type"": ""handwritten"", ""text"": ""слів \""доніру\"", \""пітятко\"" чи""}]"
b106dc0f-0ab9-487c-b86d-4c51e91c802c.jpg,"[{""bbox"": [317, 186, 2722, 365], ""type"": ""handwritten"", ""text"": ""налога, і казати те, що на думці.""}, {""bbox"": [292, 343, 2846, 516], ""type"": ""handwritten"", ""text"": ""Немає часу на півтони. Матеріальне""}, {""bbox"": [0, 459, 198, 640], ""type"": ""handwritten"", ""text"": ""ять""}, {""bbox"": [279, 487, 2753, 652], ""type"": ""handwritten"", ""text"": ""крижке, життя тікає крізь пальці.""}, {""bbox"": [265, 633, 2744, 803], ""type"": ""handwritten"", ""text"": ""Справжнім виявилось тільки те, за""}, {""bbox"": [259, 781, 2690, 945], ""type"": ""handwritten"", ""text"": ""що не можна схопитись руками:""}, {""bbox"": [254, 921, 1806, 1057], ""type"": ""handwritten"", ""text"": ""спогади, сміх і любов.""}, {""bbox"": [374, 1048, 2841, 1226], ""type"": ""handwritten"", ""text"": ""Ще треба плакати, коли можеться.""}, {""bbox"": [244, 1193, 2877, 1366], ""type"": ""handwritten"", ""text"": ""За все те, що ніколи б немаło з нами""}, {""bbox"": [232, 1345, 2688, 1509], ""type"": ""handwritten"", ""text"": ""стаття. За те, що ми не тільки""}, {""bbox"": [236, 1497, 2747, 1654], ""type"": ""handwritten"", ""text"": ""знаємо, як пишеться далекобійний""}, {""bbox"": [237, 1636, 2749, 1813], ""type"": ""handwritten"", ""text"": ""дрон або балістична ракета, а й""}, {""bbox"": [220, 1790, 1912, 1951], ""type"": ""handwritten"", ""text"": ""розрізняємо їх на сирі.""}, {""bbox"": [411, 1928, 2903, 2114], ""type"": ""handwritten"", ""text"": ""Росіяни хочуть, щоб ми стали схо-""}, {""bbox"": [189, 2094, 2827, 2270], ""type"": ""handwritten"", ""text"": ""писали на них, скніли у вічній гризоті.""}, {""bbox"": [198, 2249, 2856, 2431], ""type"": ""handwritten"", ""text"": ""А ми будемо пати цікаво, всупереч""}, {""bbox"": [202, 2413, 2864, 2586], ""type"": ""handwritten"", ""text"": ""історії, і запади тих, хто після нас""}, {""bbox"": [211, 2574, 2116, 2744], ""type"": ""handwritten"", ""text"": ""говорити на нашою мовою.""}]"
ff56b7f0-be49-469d-97c6-32af486c8f6c.jpg,"[{""bbox"": [224, 230, 2396, 459], ""type"": ""handwritten"", ""text"": ""ся руками: спогади, сніж""}, {""bbox"": [235, 402, 1013, 574], ""type"": ""handwritten"", ""text"": ""і любов.""}, {""bbox"": [492, 568, 2255, 767], ""type"": ""handwritten"", ""text"": ""Не треба плакати,""}, {""bbox"": [259, 754, 2484, 925], ""type"": ""handwritten"", ""text"": ""ким слохочеться. За всі те,""}, {""bbox"": [269, 914, 2473, 1089], ""type"": ""handwritten"", ""text"": ""що ніколи в не мало зна-""}, {""bbox"": [260, 1071, 2414, 1247], ""type"": ""handwritten"", ""text"": ""чим статися. За те, що""}, {""bbox"": [238, 1248, 2433, 1421], ""type"": ""handwritten"", ""text"": ""ми не тільки знаємо, як""}, {""bbox"": [230, 1406, 2458, 1579], ""type"": ""handwritten"", ""text"": ""пиниться \""дальковійний\""""}, {""bbox"": [245, 1567, 2532, 1749], ""type"": ""handwritten"", ""text"": ""дюк\"" або \""балистична раке-""}, {""bbox"": [236, 1732, 2406, 1932], ""type"": ""handwritten"", ""text"": ""тос\"", а й розрізнення їх""}, {""bbox"": [219, 1921, 995, 2078], ""type"": ""handwritten"", ""text"": ""на селян.""}, {""bbox"": [477, 2062, 2545, 2238], ""type"": ""handwritten"", ""text"": ""Всіляки жахуть, щоб лиш""}, {""bbox"": [232, 2219, 2527, 2382], ""type"": ""handwritten"", ""text"": ""стали ентузіастами на нього:""}, {""bbox"": [261, 2370, 2512, 2578], ""type"": ""handwritten"", ""text"": ""скніми у вічній глибокі.""}, {""bbox"": [356, 2556, 2552, 2744], ""type"": ""handwritten"", ""text"": ""А цим бідному пастелі цека-""}, {""bbox"": [272, 2715, 2548, 2911], ""type"": ""handwritten"", ""text"": ""во, всенарод історії і зага-""}, {""bbox"": [308, 2872, 2531, 3096], ""type"": ""handwritten"", ""text"": ""дев'ятисім, хто після нього -""}, {""bbox"": [322, 3018, 2606, 3345], ""type"": ""handwritten"", ""text"": ""воритиме камею мовою.""}]"
2efee78e-0580-4604-b0b1-fa084de91814.jpg,"[{""bbox"": [44, 8, 1177, 107], ""type"": ""handwritten"", ""text"": ""Радіодиктант національної єдності взят-""}, {""bbox"": [660, 123, 1093, 216], ""type"": ""handwritten"", ""text"": ""Треба жити!""}, {""bbox"": [220, 201, 1615, 293], ""type"": ""handwritten"", ""text"": ""Треба жити цікаво: читати книжки, ходити в""}, {""bbox"": [133, 290, 1066, 365], ""type"": ""handwritten"", ""text"": ""театр, дріматури на Патрона.""}, {""bbox"": [209, 349, 1620, 428], ""type"": ""handwritten"", ""text"": ""Треба жити! Не зрівняти, не троєнки, не завтра,""}, {""bbox"": [137, 417, 1557, 493], ""type"": ""handwritten"", ""text"": ""не після. По-справжньому! Зараз! Треба шанити""}, {""bbox"": [135, 485, 1577, 559], ""type"": ""handwritten"", ""text"": ""котів, збирати гриби, везти щущення із фронту на""}, {""bbox"": [141, 555, 1595, 622], ""type"": ""handwritten"", ""text"": ""інтересі, робити ремонт і приносити щастя тим,""}, {""bbox"": [146, 615, 1544, 681], ""type"": ""handwritten"", ""text"": ""ного мобілю. Треба купувати сукні з пелітрами і""}, {""bbox"": [148, 673, 1620, 747], ""type"": ""handwritten"", ""text"": ""доношити на військо, вишукувати РЕБи і генератори,""}, {""bbox"": [160, 735, 1615, 809], ""type"": ""handwritten"", ""text"": ""а це-непіпорити декорати в мін'ярі ботсаду, бо""}, {""bbox"": [162, 801, 1409, 867], ""type"": ""handwritten"", ""text"": ""на перший урок треба принести костюмів.""}, {""bbox"": [225, 858, 1648, 931], ""type"": ""handwritten"", ""text"": ""Треба любити свій дім, навіть олівець він тимчасовий""}, {""bbox"": [161, 923, 1618, 1004], ""type"": ""handwritten"", ""text"": ""і далеко від справжнього дому - того, що в серці. Треба""}, {""bbox"": [160, 994, 1521, 1072], ""type"": ""handwritten"", ""text"": ""здавати кров, і, може з ним ще у числусь серці""}, {""bbox"": [157, 1062, 1567, 1133], ""type"": ""handwritten"", ""text"": ""послідства любов до слів „допіру“, „пітятко“ чи""}, {""bbox"": [148, 1123, 1582, 1194], ""type"": ""handwritten"", ""text"": ""\""княжі\"". Треба чутуватися, коли випадає нагода, і""}, {""bbox"": [159, 1185, 1600, 1255], ""type"": ""handwritten"", ""text"": ""казати те, що на думці. Немає часу на півтони.""}, {""bbox"": [149, 1245, 1507, 1314], ""type"": ""handwritten"", ""text"": ""Матеріальне - крихке, життя - тікає крізь пальці.""}, {""bbox"": [145, 1303, 1449, 1375], ""type"": ""handwritten"", ""text"": ""Справжнім виявилося тільки те, за що не можна""}, {""bbox"": [151, 1366, 1241, 1432], ""type"": ""handwritten"", ""text"": ""скочитись руками: спогади, сліх і підозрів.""}, {""bbox"": [251, 1428, 1573, 1501], ""type"": ""handwritten"", ""text"": ""Ще треба планати, коли можеться. За все те,""}, {""bbox"": [163, 1494, 1594, 1561], ""type"": ""handwritten"", ""text"": ""що ніколи б не мало з нами статися. За те, що""}, {""bbox"": [163, 1553, 1578, 1618], ""type"": ""handwritten"", ""text"": ""ли не тільки знаюмо як пишеться „далекобійний“""}, {""bbox"": [162, 1610, 1579, 1683], ""type"": ""handwritten"", ""text"": ""дрон\"" або \""балістична ракета\"", а й розрізняємо їх на""}, {""bbox"": [161, 1670, 279, 1734], ""type"": ""handwritten"", ""text"": ""слух.""}, {""bbox"": [211, 1724, 1600, 1791], ""type"": ""handwritten"", ""text"": ""Росіяни хочуть, щоб ми стали схожими на них -""}, {""bbox"": [161, 1785, 1596, 1859], ""type"": ""handwritten"", ""text"": ""скріли у вічній грезоті. А ми бу демо жити цікаво-""}, {""bbox"": [163, 1849, 1464, 1920], ""type"": ""handwritten"", ""text"": ""всупереч інтересі і згоди тих, хто після нас""}, {""bbox"": [168, 1915, 927, 2003], ""type"": ""handwritten"", ""text"": ""говоритиме нашою мовою.""}]"
0316ef50-0619-485b-9144-51f92b343dbf.jpg,"[{""bbox"": [970, 785, 1644, 937], ""type"": ""handwritten"", ""text"": ""Треба жити""}, {""bbox"": [781, 960, 2240, 1136], ""type"": ""handwritten"", ""text"": ""жити треба цікаво: пи-""}, {""bbox"": [554, 1100, 2378, 1284], ""type"": ""handwritten"", ""text"": ""тати книжки, ходити в театр,""}, {""bbox"": [541, 1251, 1996, 1440], ""type"": ""handwritten"", ""text"": ""дискувати пса Патрона.""}, {""bbox"": [797, 1385, 2317, 1575], ""type"": ""handwritten"", ""text"": ""Треба жити. Не в півсими,""}, {""bbox"": [557, 1541, 2361, 1722], ""type"": ""handwritten"", ""text"": ""не трошки, не завтра, не після.""}, {""bbox"": [537, 1685, 2224, 1863], ""type"": ""handwritten"", ""text"": ""По-справжньому. Зараз. Треба""}, {""bbox"": [541, 1834, 2325, 2031], ""type"": ""handwritten"", ""text"": ""шанити котів, збирання гриби,""}, {""bbox"": [540, 1994, 2278, 2187], ""type"": ""handwritten"", ""text"": ""везти щучинець із фронту на""}, {""bbox"": [554, 2153, 2336, 2346], ""type"": ""handwritten"", ""text"": ""інтересіті, робити ремонт і""}, {""bbox"": [544, 2307, 2357, 2495], ""type"": ""handwritten"", ""text"": ""приносити щастя тим, кого""}, {""bbox"": [541, 2462, 2212, 2668], ""type"": ""handwritten"", ""text"": ""любимо. Треба купувати""}, {""bbox"": [531, 2640, 2477, 2862], ""type"": ""handwritten"", ""text"": ""сукні з лелітками і докатити""}, {""bbox"": [519, 2784, 2448, 3044], ""type"": ""handwritten"", ""text"": ""на військо, вилучувати РЕБи""}, {""bbox"": [530, 2978, 2588, 3214], ""type"": ""handwritten"", ""text"": ""і генератори, а ще кишпорити""}, {""bbox"": [530, 3146, 2524, 3399], ""type"": ""handwritten"", ""text"": ""вговорами в міжурії ботсаду,""}, {""bbox"": [505, 3346, 2525, 3613], ""type"": ""handwritten"", ""text"": ""бо на перший урок треба при-""}, {""bbox"": [2530, 3699, 2690, 3793], ""type"": ""annotation"", ""text"": ""43""}]"
1d83146e-892d-41d2-a8bb-1aa67a4e1cd4.jpg,"[{""bbox"": [112, 759, 1529, 935], ""type"": ""handwritten"", ""text"": ""су на півтони. Матеріальне - крихке,""}, {""bbox"": [115, 759, 1526, 865], ""type"": ""handwritten"", ""text"": ""на півтони. Матеріальне - крихке,""}, {""bbox"": [109, 834, 1641, 1007], ""type"": ""handwritten"", ""text"": ""життя тікає крізь пальці. Справжнім""}, {""bbox"": [121, 930, 1626, 1096], ""type"": ""handwritten"", ""text"": ""виявляє тільки те, за що не мож-""}, {""bbox"": [126, 1027, 1642, 1174], ""type"": ""handwritten"", ""text"": ""на копитих рухами: співади, сини""}, {""bbox"": [124, 1150, 320, 1233], ""type"": ""handwritten"", ""text"": ""шобов.""}, {""bbox"": [208, 1194, 1697, 1323], ""type"": ""handwritten"", ""text"": ""Ще треба піжнати, коли можеться.""}, {""bbox"": [120, 1283, 1653, 1419], ""type"": ""handwritten"", ""text"": ""За все те, що між ним й не мало з на-""}, {""bbox"": [119, 1364, 1560, 1540], ""type"": ""handwritten"", ""text"": ""ми статись. За те, що ми не тільки""}, {""bbox"": [114, 1444, 1563, 1595], ""type"": ""handwritten"", ""text"": ""знавши, як пишеться \""далекобійний\""""}, {""bbox"": [113, 1530, 1532, 1673], ""type"": ""handwritten"", ""text"": ""дрон\"" або \""багатися рахета\"", а й""}, {""bbox"": [111, 1655, 866, 1760], ""type"": ""handwritten"", ""text"": ""розрізнитись на сиру.""}, {""bbox"": [173, 1748, 1672, 1905], ""type"": ""handwritten"", ""text"": ""Госпінки хочуть, щоб ми стали лю-""}, {""bbox"": [111, 1811, 1577, 1917], ""type"": ""handwritten"", ""text"": ""жили на місі - синіми у вічній грезі""}, {""bbox"": [110, 1902, 1699, 2013], ""type"": ""handwritten"", ""text"": ""ті. А ми будемо жити цікаво - всере-""}, {""bbox"": [101, 1998, 1567, 2103], ""type"": ""handwritten"", ""text"": ""рок історії і загади тих, хто після""}, {""bbox"": [102, 2092, 1290, 2193], ""type"": ""handwritten"", ""text"": ""нас говоритиме нашою мовою.""}]"
45ee8701-c383-467c-a765-cb61fcefad03.jpg,"[{""bbox"": [187, 1003, 2079, 1145], ""type"": ""handwritten"", ""text"": ""Треба цілуватися, коли випадає на-""}, {""bbox"": [148, 1123, 1834, 1255], ""type"": ""handwritten"", ""text"": ""года, і казати те, що на думці.""}, {""bbox"": [226, 1231, 2084, 1364], ""type"": ""handwritten"", ""text"": ""Немає часу на півтони. Матеріаль-""}, {""bbox"": [162, 1349, 2057, 1466], ""type"": ""handwritten"", ""text"": ""не - крижне, життя тікає крізь паль-""}, {""bbox"": [169, 1461, 1989, 1572], ""type"": ""handwritten"", ""text"": ""ці. Справжнім виявилося тільки те,""}, {""bbox"": [159, 1568, 2083, 1679], ""type"": ""handwritten"", ""text"": ""за що не можна схопитись руками""}, {""bbox"": [155, 1682, 1258, 1807], ""type"": ""handwritten"", ""text"": ""спогади, сміх і любов.""}, {""bbox"": [226, 1791, 2041, 1905], ""type"": ""handwritten"", ""text"": ""Під треба пінакати, коли можеть""}, {""bbox"": [162, 1891, 1970, 2008], ""type"": ""handwritten"", ""text"": ""ся. За все те, що ніколи й не мало""}, {""bbox"": [146, 1996, 1998, 2116], ""type"": ""handwritten"", ""text"": ""з нами статися. За те, що ми не""}, {""bbox"": [139, 2097, 2032, 2266], ""type"": ""handwritten"", ""text"": ""тільки знаємо, як пишеться \""дале-""}, {""bbox"": [139, 2207, 2020, 2420], ""type"": ""handwritten"", ""text"": ""кобійний дрон\"" або \""Балістична ра-""}, {""bbox"": [133, 2304, 2009, 2544], ""type"": ""handwritten"", ""text"": ""кета\"", а й розрізняємо їх на слух.""}, {""bbox"": [172, 2406, 1865, 2636], ""type"": ""handwritten"", ""text"": ""Росіяни хочуть, щоб ми стали""}, {""bbox"": [94, 2867, 1813, 3063], ""type"": ""handwritten"", ""text"": ""нас говоритиме нашою мовою.""}]"
0d5f90e2-3f58-4aee-ac5e-1577a42392dd.jpg,"[{""bbox"": [473, 38, 947, 105], ""type"": ""handwritten"", ""text"": ""Треба жити!""}, {""bbox"": [202, 104, 1516, 165], ""type"": ""handwritten"", ""text"": ""Мить треба цікаво: читати книжки, ходити""}, {""bbox"": [103, 161, 1355, 220], ""type"": ""handwritten"", ""text"": ""в театр, дрімнуть пса Патрона. Підбіга""}, {""bbox"": [110, 214, 1436, 276], ""type"": ""handwritten"", ""text"": ""жити! Це впівсліп, не тутешні, не завтра,""}, {""bbox"": [111, 267, 1478, 332], ""type"": ""handwritten"", ""text"": ""не після... По-справжньому!\"" Зараз! Треба гла-""}, {""bbox"": [109, 326, 1431, 389], ""type"": ""handwritten"", ""text"": ""дити котів, збираєш гриби, водити снушенят.""}, {""bbox"": [492, 380, 1368, 437], ""type"": ""handwritten"", ""text"": ""а „Унтервіти“, робити рекламу.""}, {""bbox"": [108, 383, 1431, 447], ""type"": ""handwritten"", ""text"": ""із оркестру на „Гітерсіті“, робити рекламу і""}, {""bbox"": [521, 438, 1397, 495], ""type"": ""handwritten"", ""text"": ""часте тим, кого любимо. Піреба""}, {""bbox"": [102, 489, 1371, 547], ""type"": ""handwritten"", ""text"": ""купувати сукні з мелітками і докатити""}, {""bbox"": [97, 543, 1440, 605], ""type"": ""handwritten"", ""text"": ""на військо, вимірювати РЕТи і генератори,""}, {""bbox"": [90, 599, 1338, 660], ""type"": ""handwritten"", ""text"": ""а ще - килимодріти вигорали в між'яр'ї""}, {""bbox"": [86, 653, 1459, 713], ""type"": ""handwritten"", ""text"": ""Тютсачу, бо на перший урок треба принести""}, {""bbox"": [90, 704, 406, 761], ""type"": ""handwritten"", ""text"": ""компаній""}, {""bbox"": [191, 761, 1446, 826], ""type"": ""handwritten"", ""text"": ""Треба любити свій дім навіть якщо він""}, {""bbox"": [88, 819, 1391, 878], ""type"": ""handwritten"", ""text"": ""тимчасовий і далеко від справжнього дому -""}, {""bbox"": [89, 871, 1428, 932], ""type"": ""handwritten"", ""text"": ""того, що в серці. Потреба здавати кров, і, може,""}, {""bbox"": [81, 927, 1362, 986], ""type"": ""handwritten"", ""text"": ""з нею ще в п'ятнадцять поселяться любов""}, {""bbox"": [78, 981, 1490, 1045], ""type"": ""handwritten"", ""text"": ""до слів „допіру“, „пістято“ чи „силоси“. Потреба цьому -""}, {""bbox"": [78, 1039, 1453, 1100], ""type"": ""handwritten"", ""text"": ""ватися, коли випадає нагода, і казати те, що""}, {""bbox"": [79, 1094, 1564, 1155], ""type"": ""handwritten"", ""text"": ""на думку. Унемає голос на півтони! Матеріяльна""}, {""bbox"": [78, 1149, 1508, 1207], ""type"": ""handwritten"", ""text"": ""Матеріяльне - крихке; миття тікає крізь пальці.""}, {""bbox"": [81, 1202, 1497, 1264], ""type"": ""handwritten"", ""text"": ""Справжнім виявилося тільки те, за що не можна""}, {""bbox"": [404, 1257, 1280, 1313], ""type"": ""handwritten"", ""text"": ""руками: спогади, сенсії і любов""}, {""bbox"": [189, 1308, 1444, 1366], ""type"": ""handwritten"", ""text"": ""Це треба плакати, коли можеться. За все""}, {""bbox"": [80, 1364, 1471, 1426], ""type"": ""handwritten"", ""text"": ""те, що ніколи б не мало з нами статись. За те,""}, {""bbox"": [76, 1423, 1310, 1480], ""type"": ""handwritten"", ""text"": ""що ми не тільки знаємо, як пишеться""}, {""bbox"": [62, 1474, 1401, 1537], ""type"": ""handwritten"", ""text"": ""„далекобійний зброй\"" або \""балістична ракета\"",""}, {""bbox"": [64, 1532, 892, 1589], ""type"": ""handwritten"", ""text"": ""але й розрізняємо на слух.""}, {""bbox"": [220, 1583, 1490, 1645], ""type"": ""handwritten"", ""text"": ""Росіяни хочуть, щоби ми стали схожими""}, {""bbox"": [71, 1639, 1452, 1703], ""type"": ""handwritten"", ""text"": ""на них - склейки у вічній тишині. А ми будемо""}, {""bbox"": [68, 1694, 1477, 1760], ""type"": ""handwritten"", ""text"": ""чити цікаво, всупереч історії, і заради тих, хто""}, {""bbox"": [62, 1753, 1171, 1806], ""type"": ""handwritten"", ""text"": ""після нас говорили на нашою мовою!""}]"
095598e0-a443-4e8b-a567-e03b889d2d61.jpg,"[{""bbox"": [933, 59, 1626, 251], ""type"": ""handwritten"", ""text"": ""Треба жити!""}, {""bbox"": [303, 251, 2594, 420], ""type"": ""handwritten"", ""text"": ""Жити треба цікаво: читати книжки, ходити""}, {""bbox"": [226, 373, 2167, 605], ""type"": ""handwritten"", ""text"": ""в театр, зрісцічувать Іса Батропа...""}, {""bbox"": [332, 572, 968, 721], ""type"": ""handwritten"", ""text"": ""Борода жити.""}, {""bbox"": [307, 665, 2494, 861], ""type"": ""handwritten"", ""text"": ""Не в нів сили, не трусики, не завірю, не""}, {""bbox"": [225, 695, 2567, 976], ""type"": ""handwritten"", ""text"": ""після! По-справжньому! Зараз! Треба плодити""}, {""bbox"": [220, 786, 2585, 1050], ""type"": ""handwritten"", ""text"": ""після! По-справжньому! Зараз! Треба підняти""}, {""bbox"": [216, 919, 2500, 1165], ""type"": ""handwritten"", ""text"": ""котів, збираючи гриби, везти щущення із""}, {""bbox"": [212, 1057, 2503, 1295], ""type"": ""handwritten"", ""text"": ""драту на інтересі, робити ремонт і""}, {""bbox"": [195, 1311, 2595, 1609], ""type"": ""handwritten"", ""text"": ""купувати сукні з нейлонами і доношити на""}, {""bbox"": [199, 1462, 2616, 1790], ""type"": ""handwritten"", ""text"": ""військо, вимушувати РЕБи і генератори, а""}, {""bbox"": [198, 1587, 2620, 1918], ""type"": ""handwritten"", ""text"": ""це инспектори вчорали в між'єрі бач-""}, {""bbox"": [182, 1740, 2589, 2106], ""type"": ""handwritten"", ""text"": ""саду, бо на перший урок треба принести""}, {""bbox"": [173, 1972, 720, 2125], ""type"": ""handwritten"", ""text"": ""компаній.""}, {""bbox"": [264, 2007, 2655, 2290], ""type"": ""handwritten"", ""text"": ""Треба людити свій дім, навіть якщо він""}, {""bbox"": [153, 2178, 2668, 2481], ""type"": ""handwritten"", ""text"": ""шингасовий і далеко від справжнього дому-""}, {""bbox"": [142, 2314, 2703, 2686], ""type"": ""handwritten"", ""text"": ""того, що в серці. Гуреда здавати кров, і, може,""}, {""bbox"": [144, 2466, 2694, 2786], ""type"": ""handwritten"", ""text"": ""з нього ще в ~~загати~~{читати} чутись серці населяться""}, {""bbox"": [141, 2581, 2714, 2907], ""type"": ""handwritten"", ""text"": ""любов до слів „донізу“, „пітмечко“ чи „киски.""}, {""bbox"": [221, 2742, 2663, 3092], ""type"": ""handwritten"", ""text"": ""Треба цілуватися, коли випадає нагода,""}, {""bbox"": [118, 3209, 2626, 3581], ""type"": ""handwritten"", ""text"": ""крізь пальці. Справжній виявився тільки""}, {""bbox"": [105, 3357, 2562, 3669], ""type"": ""handwritten"", ""text"": ""те, за що не можна схопитись руками:""}, {""bbox"": [116, 3566, 1385, 3837], ""type"": ""handwritten"", ""text"": ""сподати, синіх і жовті.""}]"
0c185e35-0fe4-4682-b6b7-dbb2fc9521e7.jpg,"[{""bbox"": [1622, 338, 3453, 406], ""type"": ""printed"", ""text"": ""методологічного забезпечення його діяльності. Педагогічна компонента""}, {""bbox"": [1703, 431, 3460, 497], ""type"": ""printed"", ""text"": ""Робота концертмейстера класу оркестрового диритування (диритуван-""}, {""bbox"": [1617, 481, 3461, 556], ""type"": ""printed"", ""text"": ""ня оркестром народних або ж духових інструментів) передбачає обізна-""}, {""bbox"": [1614, 688, 2352, 830], ""type"": ""handwritten"", ""text"": ""Треба жити""}, {""bbox"": [1097, 782, 3474, 970], ""type"": ""handwritten"", ""text"": ""Кати трішо ужово, читати книжки, ходити в""}, {""bbox"": [1048, 953, 2851, 1065], ""type"": ""handwritten"", ""text"": ""трансгресція відтак на Пангрота.""}, {""bbox"": [1065, 1044, 3421, 1184], ""type"": ""handwritten"", ""text"": ""борода лишити. Не в тів сили, не тупошки, не""}, {""bbox"": [1053, 1169, 3169, 1307], ""type"": ""handwritten"", ""text"": ""завтра, на південь. По-стравиньому. Зараз.""}, {""bbox"": [1053, 1283, 3296, 1414], ""type"": ""handwritten"", ""text"": ""брала плодити котів, збираю гриби, везти""}, {""bbox"": [1048, 1383, 3673, 1523], ""type"": ""handwritten"", ""text"": ""удається з дропшоту на інтернеті, робити ремонт""}, {""bbox"": [1039, 1497, 3034, 1641], ""type"": ""handwritten"", ""text"": ""і приносити щастя тим, кого любимо.""}, {""bbox"": [1040, 1612, 3490, 1741], ""type"": ""handwritten"", ""text"": ""Треба купувати сукні з мелітками і приносити""}, {""bbox"": [1021, 1826, 3571, 1968], ""type"": ""handwritten"", ""text"": ""реби і генератори, а ще і нестирати вигорами""}, {""bbox"": [983, 2031, 2076, 2180], ""type"": ""handwritten"", ""text"": ""принести намитанів.""}, {""bbox"": [986, 2343, 3630, 2485], ""type"": ""handwritten"", ""text"": ""тимчасовий і далекий від справжнього дому,""}, {""bbox"": [978, 2472, 3619, 2623], ""type"": ""handwritten"", ""text"": ""того що в верті. Треба здавати кров і мене з""}, {""bbox"": [952, 2612, 3711, 2762], ""type"": ""handwritten"", ""text"": ""нею, ще вчіслує арку; посилиться словодослів""}, {""bbox"": [929, 2723, 2492, 2878], ""type"": ""handwritten"", ""text"": ""до піру піпчетко чи кички.""}, {""bbox"": [1145, 2891, 3685, 3058], ""type"": ""handwritten"", ""text"": ""Треба цілуватися, коли випадає нагода і""}, {""bbox"": [975, 3043, 2461, 3193], ""type"": ""handwritten"", ""text"": ""казати те, що на думці.""}, {""bbox"": [1031, 3181, 3415, 3336], ""type"": ""handwritten"", ""text"": ""Немає часу на півтони. Матеріально""}, {""bbox"": [947, 3317, 3567, 3495], ""type"": ""handwritten"", ""text"": ""крижке життя тікає крізь палюді. Справжнім""}, {""bbox"": [929, 3422, 3567, 3667], ""type"": ""handwritten"", ""text"": ""виявилося тільки те, що що не можна""}, {""bbox"": [961, 3609, 3591, 3887], ""type"": ""handwritten"", ""text"": ""'шодов.""}, {""bbox"": [977, 3725, 1457, 3882], ""type"": ""handwritten"", ""text"": ""шодов.""}, {""bbox"": [748, 3953, 3575, 4239], ""type"": ""handwritten"", ""text"": ""Ще треба пізнати, коли можеться - за всі""}, {""bbox"": [710, 4177, 3654, 4501], ""type"": ""handwritten"", ""text"": ""За те, що ми на""}, {""bbox"": [698, 4378, 3651, 4656], ""type"": ""handwritten"", ""text"": ""За те, що мене не тільки знаємо як пишеться""}, {""bbox"": [678, 4553, 3726, 4856], ""type"": ""handwritten"", ""text"": ""доменовий урок, або баскетбол на рокета,""}, {""bbox"": [669, 4695, 2503, 5041], ""type"": ""handwritten"", ""text"": ""А й розпізнаємо по слух.""}]"
002b94ef-e000-4e76-bc7e-7846166bc806.jpg,"[{""bbox"": [679, 428, 3488, 671], ""type"": ""handwritten"", ""text"": ""Радіодиктант національної єдності""}, {""bbox"": [1403, 654, 2474, 856], ""type"": ""handwritten"", ""text"": ""Треба жити""}, {""bbox"": [558, 822, 3800, 1053], ""type"": ""handwritten"", ""text"": ""Жити треба цікаво: читати книжки,""}, {""bbox"": [349, 1060, 3786, 1279], ""type"": ""handwritten"", ""text"": ""ходити в театр, досліджувати пса Лат-""}, {""bbox"": [319, 1275, 722, 1468], ""type"": ""handwritten"", ""text"": ""рона.""}, {""bbox"": [515, 1423, 3805, 1659], ""type"": ""handwritten"", ""text"": ""Треба жити! Не впівсем, не трохи,""}, {""bbox"": [344, 1648, 3513, 1856], ""type"": ""handwritten"", ""text"": ""не завтра, не після. То - справжньому""}, {""bbox"": [337, 1850, 3567, 2052], ""type"": ""handwritten"", ""text"": ""Зараз. Треба платити котів, збираючи""}, {""bbox"": [335, 2044, 3864, 2258], ""type"": ""handwritten"", ""text"": ""гриби, везти сучасність із фронту на Лідер-""}, {""bbox"": [345, 2255, 3787, 2446], ""type"": ""handwritten"", ""text"": ""сіті, робить ремонт і присоєднався""}, {""bbox"": [345, 2431, 3774, 2633], ""type"": ""handwritten"", ""text"": ""тим, кого любимо. Треба купувати сукни""}, {""bbox"": [340, 2636, 3797, 2840], ""type"": ""handwritten"", ""text"": ""з мілітками і докатити на військо, ви-""}, {""bbox"": [355, 2819, 3822, 3029], ""type"": ""handwritten"", ""text"": ""мукувати РЕБи і генератори, а ще ним-""}, {""bbox"": [338, 3014, 3748, 3229], ""type"": ""handwritten"", ""text"": ""почати вигорання у міні'єрі в Ботсаду,""}, {""bbox"": [335, 3231, 3769, 3431], ""type"": ""handwritten"", ""text"": ""бо на перший урок треба принести кали-""}, {""bbox"": [341, 3418, 3614, 3624], ""type"": ""handwritten"", ""text"": ""танів. Треба любити свій дім навіть,""}, {""bbox"": [338, 3618, 3431, 3820], ""type"": ""handwritten"", ""text"": ""якщо він тимчасовий і далеко від""}, {""bbox"": [341, 3816, 3848, 4028], ""type"": ""handwritten"", ""text"": ""справжнього дому, того, що в серці. Треба""}, {""bbox"": [332, 4008, 3920, 4227], ""type"": ""handwritten"", ""text"": ""здавати кров і, міже, з нею ще у чимось""}, {""bbox"": [349, 4223, 2898, 4432], ""type"": ""handwritten"", ""text"": ""серед пожиттях слід до слів.""}, {""bbox"": [490, 4411, 3826, 4628], ""type"": ""handwritten"", ""text"": ""Треба цілуватися, коли випадає нагода,""}, {""bbox"": [337, 4605, 3680, 4837], ""type"": ""handwritten"", ""text"": ""і кажати те, що на думці. Немає часу""}, {""bbox"": [361, 4818, 3784, 5034], ""type"": ""handwritten"", ""text"": ""на півтори. Матеріяльне краще життя""}]"
18729e79-2f24-4db6-ba11-39d5650a2e68.jpg,"[{""bbox"": [189, 35, 999, 107], ""type"": ""handwritten"", ""text"": ""Всесуспільний диктант 7 лютого 2025 р.""}, {""bbox"": [308, 122, 613, 183], ""type"": ""handwritten"", ""text"": ""Треба пити""}, {""bbox"": [63, 179, 1115, 249], ""type"": ""handwritten"", ""text"": ""жити треба цікаво: читати книжки, жодити""}, {""bbox"": [17, 228, 1116, 311], ""type"": ""handwritten"", ""text"": ""в театр, дріматувати пса Патрона. Треба пити!""}, {""bbox"": [20, 288, 1047, 382], ""type"": ""handwritten"", ""text"": ""Не в півсліпий, не трахки, не завтра, не після.""}, {""bbox"": [20, 336, 1042, 434], ""type"": ""handwritten"", ""text"": ""Но-справжньому! Зараз! Треба модити котів,""}, {""bbox"": [21, 400, 1048, 505], ""type"": ""handwritten"", ""text"": ""збирати гриби, вести гуцунет із фронту на""}, {""bbox"": [28, 456, 972, 549], ""type"": ""handwritten"", ""text"": ""\""Інтерсіти\"", робити ремонт і приносити""}, {""bbox"": [25, 505, 1078, 585], ""type"": ""handwritten"", ""text"": ""цясте тим, кого любило. Треба купувати сукні""}, {""bbox"": [26, 558, 1082, 628], ""type"": ""handwritten"", ""text"": ""з листками і докласти на вітсько, вишку-""}, {""bbox"": [26, 615, 1039, 679], ""type"": ""handwritten"", ""text"": ""вати РЕБИ і генератори, а ще - непорити""}, {""bbox"": [25, 658, 1081, 724], ""type"": ""handwritten"", ""text"": ""вчорашні в міністерії ботаніку, бо на перший урок""}, {""bbox"": [28, 706, 1087, 775], ""type"": ""handwritten"", ""text"": ""треба принести комітетів. Треба любити свої""}, {""bbox"": [31, 754, 1023, 817], ""type"": ""handwritten"", ""text"": ""для, навіть якщо він тимчасовий і далеко""}, {""bbox"": [33, 802, 1047, 865], ""type"": ""handwritten"", ""text"": ""від справжнього дому,- того, що в серці. Треба""}, {""bbox"": [32, 855, 1004, 920], ""type"": ""handwritten"", ""text"": ""здавати кров і, може, з нею ще в гімназії""}, {""bbox"": [32, 906, 1090, 974], ""type"": ""handwritten"", ""text"": ""сереї посвячиться любов до слів „донґру“, „півст-""}, {""bbox"": [32, 972, 392, 1026], ""type"": ""handwritten"", ""text"": ""ко чи и кини\"".""}, {""bbox"": [82, 1017, 1050, 1088], ""type"": ""handwritten"", ""text"": ""Треба цілуватись, коли випадав нагода, і""}, {""bbox"": [38, 1070, 1033, 1140], ""type"": ""handwritten"", ""text"": ""казати те, що на думці. Немає часу на""}, {""bbox"": [39, 1119, 1048, 1186], ""type"": ""handwritten"", ""text"": ""півтони. Матеріальне крихке життя тікав""}, {""bbox"": [39, 1168, 1058, 1226], ""type"": ""handwritten"", ""text"": ""крізь пальці. Справжнім виявилося тільки те,""}, {""bbox"": [38, 1171, 1048, 1262], ""type"": ""handwritten"", ""text"": ""криж пальці. Справжнім виявилось тільки те,""}, {""bbox"": [38, 1213, 1031, 1279], ""type"": ""handwritten"", ""text"": ""за що не можна скопитись руками: спогади,""}, {""bbox"": [41, 1269, 317, 1324], ""type"": ""handwritten"", ""text"": ""сміх і любов.""}, {""bbox"": [73, 1299, 1069, 1374], ""type"": ""handwritten"", ""text"": ""Ще треба плакати, коли мовиться. За все те,""}, {""bbox"": [43, 1348, 1062, 1421], ""type"": ""handwritten"", ""text"": ""що ніколи б не мало з нами статися. За те,""}, {""bbox"": [44, 1394, 1090, 1469], ""type"": ""handwritten"", ""text"": ""що ми не тільки знаємо, як пишеться „далекобій-""}, {""bbox"": [44, 1517, 336, 1576], ""type"": ""handwritten"", ""text"": ""мо їх на слух.""}]"
25bababa-7207-425a-93bb-a7c95856ba42.jpg,"[{""bbox"": [742, 110, 1497, 260], ""type"": ""handwritten"", ""text"": ""Треба жити!""}, {""bbox"": [212, 268, 1978, 388], ""type"": ""handwritten"", ""text"": ""Нами треба цікаво: читати книжки,""}, {""bbox"": [104, 388, 2125, 509], ""type"": ""handwritten"", ""text"": ""ходили в театр, досеруватись на Панхана.""}, {""bbox"": [174, 500, 2036, 613], ""type"": ""handwritten"", ""text"": ""Треба жити! Не впівсеме, не трахки,""}, {""bbox"": [93, 614, 2139, 739], ""type"": ""handwritten"", ""text"": ""не завжди, не після. По-справжньому! Зараз!""}, {""bbox"": [105, 728, 1991, 853], ""type"": ""handwritten"", ""text"": ""Проба маддинг копів, збіраних гриби, везти""}, {""bbox"": [102, 854, 1938, 983], ""type"": ""handwritten"", ""text"": ""щуцнят з французі на Ініцієні, робили""}, {""bbox"": [94, 979, 1971, 1086], ""type"": ""handwritten"", ""text"": ""ремонт і принесли частину тим, кого""}, {""bbox"": [85, 1086, 2102, 1209], ""type"": ""handwritten"", ""text"": ""любимо. Підба купувати сукні з мелінками і""}, {""bbox"": [79, 1201, 2062, 1322], ""type"": ""handwritten"", ""text"": ""занатили на військо, вимушували РЕБи і""}, {""bbox"": [111, 1324, 2098, 1435], ""type"": ""handwritten"", ""text"": ""генератори, а це нинішніми векторами в""}, {""bbox"": [53, 1428, 2194, 1560], ""type"": ""handwritten"", ""text"": ""ліжар'ї бабкаду, бо на перший урок треба принести калитків.""}, {""bbox"": [177, 1550, 2043, 1671], ""type"": ""handwritten"", ""text"": ""Треба людини свій діл, навіть якщо він""}, {""bbox"": [113, 1670, 2016, 1794], ""type"": ""handwritten"", ""text"": ""тимчасовий і далеко від справжнього дому,""}, {""bbox"": [96, 1782, 2128, 1908], ""type"": ""handwritten"", ""text"": ""того, що в сенці. Треба здавати крав, і маге,""}, {""bbox"": [85, 1907, 2141, 2025], ""type"": ""handwritten"", ""text"": ""з нею ще в чимусь серці поселиться любов до""}, {""bbox"": [75, 2013, 1715, 2135], ""type"": ""handwritten"", ""text"": ""слів „допіру“, „піплянка“ чи „кияси“.""}, {""bbox"": [121, 2136, 2128, 2262], ""type"": ""handwritten"", ""text"": ""Треба чілуватися, коли випадає нагода, і каза-""}, {""bbox"": [47, 2251, 2139, 2372], ""type"": ""handwritten"", ""text"": ""ти те, що на думці. Немає часу на півтони""}, {""bbox"": [101, 2370, 2071, 2489], ""type"": ""handwritten"", ""text"": ""Матеріальне - криж, життя пікає крізь""}, {""bbox"": [88, 2485, 2125, 2609], ""type"": ""handwritten"", ""text"": ""пам'яті. Справжнім виявилося тільки те, за""}, {""bbox"": [60, 2603, 2115, 2726], ""type"": ""handwritten"", ""text"": ""що не можна сказати руками: хлопади,""}, {""bbox"": [56, 2726, 715, 2841], ""type"": ""handwritten"", ""text"": ""сміх і любов.""}]"
54d24772-90a7-4ac2-8e6c-6122fc113764.jpg,"[{""bbox"": [380, 211, 822, 297], ""type"": ""handwritten"", ""text"": ""Треба жити!""}, {""bbox"": [152, 275, 938, 353], ""type"": ""handwritten"", ""text"": ""Жити треба цікаво, читати""}, {""bbox"": [101, 333, 952, 408], ""type"": ""handwritten"", ""text"": ""книжки, ходили в театр, досліду""}, {""bbox"": [108, 394, 643, 450], ""type"": ""handwritten"", ""text"": ""Кату та Патрка.""}, {""bbox"": [166, 425, 955, 513], ""type"": ""handwritten"", ""text"": ""Приба жити. Не в півколі, не""}, {""bbox"": [127, 470, 960, 549], ""type"": ""handwritten"", ""text"": ""тронки, не завтра, не після. Но-""}, {""bbox"": [118, 516, 961, 590], ""type"": ""handwritten"", ""text"": ""справжньому (зараз і Третя на-""}, {""bbox"": [114, 570, 962, 653], ""type"": ""handwritten"", ""text"": ""докти котів, збирали цікаві частини""}, {""bbox"": [118, 617, 968, 694], ""type"": ""handwritten"", ""text"": ""щущення із брехні на інтереси,""}, {""bbox"": [114, 665, 973, 751], ""type"": ""handwritten"", ""text"": ""робити різьбят і приносячи щоб""}, {""bbox"": [112, 708, 978, 793], ""type"": ""handwritten"", ""text"": ""та тим, кого любили, треба ку-""}, {""bbox"": [113, 759, 975, 830], ""type"": ""handwritten"", ""text"": ""пивати букви з літерками і дізна-""}, {""bbox"": [113, 811, 969, 895], ""type"": ""handwritten"", ""text"": ""мети на військо, вимукувати ре""}, {""bbox"": [109, 857, 978, 941], ""type"": ""handwritten"", ""text"": ""би і генератори, а ще інклюзорити""}, {""bbox"": [105, 900, 978, 984], ""type"": ""handwritten"", ""text"": ""володіли в мінській ботсаду бо на""}, {""bbox"": [104, 951, 979, 1030], ""type"": ""handwritten"", ""text"": ""перший урок треба принести кож-""}, {""bbox"": [105, 1022, 277, 1080], ""type"": ""handwritten"", ""text"": ""таків.""}, {""bbox"": [139, 1046, 995, 1148], ""type"": ""handwritten"", ""text"": ""Треба любити свої діла навіть як-""}, {""bbox"": [111, 1095, 991, 1190], ""type"": ""handwritten"", ""text"": ""що він тисячоліття і далеко від тих""}, {""bbox"": [114, 1148, 988, 1237], ""type"": ""handwritten"", ""text"": ""го справжнього дому — того, що всерді""}, {""bbox"": [114, 1200, 963, 1271], ""type"": ""handwritten"", ""text"": ""Потріба здавати кров і може, з нею""}, {""bbox"": [113, 1205, 976, 1315], ""type"": ""handwritten"", ""text"": ""Треба здавати кров і може, з ньою""}, {""bbox"": [114, 1247, 988, 1347], ""type"": ""handwritten"", ""text"": ""ще в \""чаклусі\"" \""пітатко\"" чи \""Квяте\"".""}, {""bbox"": [118, 1304, 921, 1427], ""type"": ""handwritten"", ""text"": ""слів: „доніцу\"", „пітятко\"" чи „квасне\"".""}]"
373c7720-1c00-4ea9-874f-5486bdb46879.jpg,"[{""bbox"": [868, 186, 1964, 361], ""type"": ""handwritten"", ""text"": ""Радіодиктант""}, {""bbox"": [759, 331, 1886, 495], ""type"": ""handwritten"", ""text"": ""Треба жити!""}, {""bbox"": [286, 463, 2563, 632], ""type"": ""handwritten"", ""text"": ""Жити треба цікаво: читати""}, {""bbox"": [102, 605, 2617, 786], ""type"": ""handwritten"", ""text"": ""книжки, ходить в театр, досліщу-""}, {""bbox"": [102, 759, 1535, 910], ""type"": ""handwritten"", ""text"": ""вати під Патрона.""}, {""bbox"": [294, 871, 2586, 1049], ""type"": ""handwritten"", ""text"": ""Треба жити! Не впівсими, не""}, {""bbox"": [66, 1010, 2694, 1190], ""type"": ""handwritten"", ""text"": ""тронки, не завтра, не після. По-справж-""}, {""bbox"": [78, 1158, 2646, 1328], ""type"": ""handwritten"", ""text"": ""ньоми. Заробіц! Треба гладити котів?""}, {""bbox"": [74, 1297, 2664, 1468], ""type"": ""handwritten"", ""text"": ""забрати гриби, везти їх ціленькі із""}, {""bbox"": [69, 1439, 2671, 1618], ""type"": ""handwritten"", ""text"": ""фронти на Інтернеті, роблячи рекламу""}, {""bbox"": [75, 1588, 2711, 1758], ""type"": ""handwritten"", ""text"": ""і присосити щастя тим, кого мо-""}, {""bbox"": [73, 1733, 2715, 1906], ""type"": ""handwritten"", ""text"": ""било. Треба купувати сукни з не-""}, {""bbox"": [72, 1868, 2710, 2044], ""type"": ""handwritten"", ""text"": ""літрами і донести на військо, ви-""}, {""bbox"": [66, 2016, 2721, 2190], ""type"": ""handwritten"", ""text"": ""шкірявати РЕБи і генератори, а ще - ши-""}, {""bbox"": [64, 2157, 2680, 2329], ""type"": ""handwritten"", ""text"": ""порити викорами в ліск зері і дох-""}, {""bbox"": [70, 2301, 2767, 2499], ""type"": ""handwritten"", ""text"": ""світу, бо на перший урок треба при-""}, {""bbox"": [81, 2473, 1365, 2645], ""type"": ""handwritten"", ""text"": ""неби хамтати їх.""}, {""bbox"": [251, 2594, 2687, 2784], ""type"": ""handwritten"", ""text"": ""Треба людям свій діл, навіть""}, {""bbox"": [105, 2763, 2734, 2937], ""type"": ""handwritten"", ""text"": ""якщо він тимчасовий і далеко від""}, {""bbox"": [89, 2917, 2758, 3086], ""type"": ""handwritten"", ""text"": ""справжнього дому - того, що в серці""}, {""bbox"": [86, 3064, 2761, 3243], ""type"": ""handwritten"", ""text"": ""Треба здавати кубок, із може з ним""}, {""bbox"": [84, 3224, 2787, 3391], ""type"": ""handwritten"", ""text"": ""ще вбачаєш крижі посміхнися лю-""}, {""bbox"": [64, 3369, 2738, 3644], ""type"": ""handwritten"", ""text"": ""дов до слів „допіру“ „пітятко“ чи""}]"
1a25dd59-a5ea-48dc-a5b1-bad49ee8d4e0.jpg,"[{""bbox"": [1681, 367, 2661, 616], ""type"": ""handwritten"", ""text"": ""Радіодиктант""}, {""bbox"": [1606, 555, 2643, 794], ""type"": ""handwritten"", ""text"": ""Приба жити""}, {""bbox"": [839, 760, 3658, 1053], ""type"": ""handwritten"", ""text"": ""Жити треба цікаво: читати книжки,""}, {""bbox"": [491, 980, 3674, 1255], ""type"": ""handwritten"", ""text"": ""ходити в театр, дріматувати пса Патрона...""}, {""bbox"": [457, 1429, 3352, 1707], ""type"": ""handwritten"", ""text"": ""не завтра, не після. По-справжньому!""}, {""bbox"": [462, 1652, 3671, 1955], ""type"": ""handwritten"", ""text"": ""зараз! Треба гладити котів, збираючи гриби,""}, {""bbox"": [453, 1874, 3606, 2180], ""type"": ""handwritten"", ""text"": ""везти щищеннят із фронту на „Інтервіті“,""}, {""bbox"": [405, 2104, 3404, 2379], ""type"": ""handwritten"", ""text"": ""робити релект і приносити щастя""}, {""bbox"": [388, 2361, 3601, 2649], ""type"": ""handwritten"", ""text"": ""тим, кого любимо. Треба купувати сукні""}, {""bbox"": [352, 2607, 3299, 2833], ""type"": ""handwritten"", ""text"": ""з листками і донатити на військо,""}, {""bbox"": [362, 2803, 3423, 3088], ""type"": ""handwritten"", ""text"": ""вишукувати РЕБи і генератори, а ще -""}, {""bbox"": [370, 3067, 3164, 3313], ""type"": ""handwritten"", ""text"": ""непопристи вчорашні в місяці""}, {""bbox"": [356, 3282, 3168, 3602], ""type"": ""handwritten"", ""text"": ""Ботсаду, бо на перший урок треба""}, {""bbox"": [327, 3553, 2020, 3780], ""type"": ""handwritten"", ""text"": ""принести каштанів.""}, {""bbox"": [477, 3783, 3592, 4053], ""type"": ""handwritten"", ""text"": ""Треба любити свій дім, навіть якщо""}, {""bbox"": [329, 4033, 3666, 4318], ""type"": ""handwritten"", ""text"": ""він тимчасовий і далеко від справжнього""}, {""bbox"": [308, 4290, 3563, 4601], ""type"": ""handwritten"", ""text"": ""дому - того, що в серці. Треба здавати""}, {""bbox"": [265, 4564, 3480, 4849], ""type"": ""handwritten"", ""text"": ""кров, і, може, з нею ще в чимось середі""}, {""bbox"": [258, 4823, 3768, 5116], ""type"": ""handwritten"", ""text"": ""поселяться любов до слів „допіру“, „пітятко“""}]"
3a2f413e-5251-4be1-b39a-85029cea053c.jpg,"[{""bbox"": [31, 0, 1524, 80], ""type"": ""handwritten"", ""text"": ""треба здавати про, , може, з ним""}, {""bbox"": [39, 69, 1524, 153], ""type"": ""handwritten"", ""text"": ""ще в чинму сеції поселяюся любов""}, {""bbox"": [39, 150, 1601, 244], ""type"": ""handwritten"", ""text"": ""до слів \""допіру\"", \""пітятко\"" чи \""кихну\"".""}, {""bbox"": [42, 234, 1613, 329], ""type"": ""handwritten"", ""text"": ""треба цілуватися, коли випадає нагода,""}, {""bbox"": [43, 321, 1512, 406], ""type"": ""handwritten"", ""text"": ""і казати те, що на думці. Немає""}, {""bbox"": [61, 397, 1471, 486], ""type"": ""handwritten"", ""text"": ""часу на півтони. Матеріальне -""}, {""bbox"": [66, 478, 1588, 573], ""type"": ""handwritten"", ""text"": ""крихке, життя тікає крізь пальці.""}, {""bbox"": [63, 566, 1537, 657], ""type"": ""handwritten"", ""text"": ""Справжнім виявилось тільки те,""}, {""bbox"": [64, 649, 1540, 748], ""type"": ""handwritten"", ""text"": ""за що не можна схотягся руками:""}, {""bbox"": [58, 740, 994, 834], ""type"": ""handwritten"", ""text"": ""спочати, сліп і мовов.""}, {""bbox"": [55, 821, 1566, 925], ""type"": ""handwritten"", ""text"": ""ще треба плакати, коли можеться!""}, {""bbox"": [48, 917, 1534, 1013], ""type"": ""handwritten"", ""text"": ""За все те, що ніколи б не мало з""}, {""bbox"": [47, 1007, 1457, 1100], ""type"": ""handwritten"", ""text"": ""нами статися. За те, що ми не""}, {""bbox"": [57, 1096, 1231, 1190], ""type"": ""handwritten"", ""text"": ""тільки знаємо, як пишеться""}, {""bbox"": [50, 1184, 1557, 1289], ""type"": ""handwritten"", ""text"": ""\""галенобійний дрон\"" або \""балістична""}, {""bbox"": [73, 1279, 1507, 1373], ""type"": ""handwritten"", ""text"": ""ракета\"", але й розрізняємо їх на""}, {""bbox"": [73, 1370, 261, 1459], ""type"": ""handwritten"", ""text"": ""смук.""}, {""bbox"": [69, 1433, 1363, 1527], ""type"": ""handwritten"", ""text"": ""Росіяни хочуть, щоб ми стали""}, {""bbox"": [80, 1512, 1560, 1616], ""type"": ""handwritten"", ""text"": ""схочеми на них, скільки у всій""}, {""bbox"": [78, 1612, 404, 1701], ""type"": ""handwritten"", ""text"": ""кризоті.""}, {""bbox"": [83, 1683, 1599, 1788], ""type"": ""handwritten"", ""text"": ""А ми будемо жити цікаво, виперед""}, {""bbox"": [81, 1781, 1540, 1879], ""type"": ""handwritten"", ""text"": ""історії; і заради тих, хто після""}, {""bbox"": [75, 1866, 1539, 1976], ""type"": ""handwritten"", ""text"": ""нас говоритиме нашою мовою!""}]"
43b38c7c-f913-406d-a267-b9ef9529b9ca.jpg,"[{""bbox"": [1047, 625, 1873, 808], ""type"": ""handwritten"", ""text"": ""Преда жити""}, {""bbox"": [211, 761, 2593, 974], ""type"": ""handwritten"", ""text"": ""жити треба цікаво: читати книжки,""}, {""bbox"": [151, 905, 2584, 1130], ""type"": ""handwritten"", ""text"": ""ходити в театр, дріматувать пса пят-""}, {""bbox"": [150, 1052, 439, 1183], ""type"": ""handwritten"", ""text"": ""ропи.""}, {""bbox"": [211, 1171, 2632, 1387], ""type"": ""handwritten"", ""text"": ""Щедри жити! Не в пів сили, не трамки,""}, {""bbox"": [126, 1338, 2594, 1526], ""type"": ""handwritten"", ""text"": ""не завтра, не після. По справжньому!""}, {""bbox"": [3, 1457, 96, 1600], ""type"": ""handwritten"", ""text"": ""я""}, {""bbox"": [131, 1480, 2617, 1674], ""type"": ""handwritten"", ""text"": ""Зараз! Према магдити котів, збираючи ум-""}, {""bbox"": [126, 1624, 2613, 1809], ""type"": ""handwritten"", ""text"": ""для, везти цілком із сропту на інтер-""}, {""bbox"": [120, 1780, 2595, 1947], ""type"": ""handwritten"", ""text"": ""сіті, робити ремонт і принести цілісні""}, {""bbox"": [109, 1932, 2595, 2094], ""type"": ""handwritten"", ""text"": ""тим, кого любимо. Треба купувати сукні""}, {""bbox"": [113, 2072, 2574, 2223], ""type"": ""handwritten"", ""text"": ""з міліціями і донести на військо""}, {""bbox"": [116, 2210, 2579, 2358], ""type"": ""handwritten"", ""text"": ""вимукувати ТЕБи і генератори, а це:""}, {""bbox"": [94, 2339, 2618, 2510], ""type"": ""handwritten"", ""text"": ""митодити вечерами в літній і бот-""}, {""bbox"": [92, 2495, 2610, 2653], ""type"": ""handwritten"", ""text"": ""саду, бо на перший урок треба принес-""}, {""bbox"": [100, 2648, 1147, 2791], ""type"": ""handwritten"", ""text"": ""ти кантанів""}, {""bbox"": [169, 2770, 2583, 2933], ""type"": ""handwritten"", ""text"": ""Преба любити свій дім - навіть,""}, {""bbox"": [95, 2914, 2597, 3080], ""type"": ""handwritten"", ""text"": ""якщо він тимчасовий і далеко від справ.""}, {""bbox"": [90, 3056, 2576, 3224], ""type"": ""handwritten"", ""text"": ""тнього дому того, що в серці. Після""}, {""bbox"": [89, 3196, 2587, 3375], ""type"": ""handwritten"", ""text"": ""здавати кров і може з нею ще в читальні""}, {""bbox"": [80, 3331, 2587, 3537], ""type"": ""handwritten"", ""text"": ""сучасі поетичних моделей до мів і докіру,""}, {""bbox"": [83, 3514, 1313, 3666], ""type"": ""handwritten"", ""text"": ""п'ятнадцять чи кияки.""}, {""bbox"": [149, 3609, 2582, 3793], ""type"": ""handwritten"", ""text"": ""Приємно цілуватися, коли випадає насо-""}, {""bbox"": [71, 3761, 2574, 3997], ""type"": ""handwritten"", ""text"": ""да, і казати те, що не думці. Немає""}]"
3b4990e0-d71c-4e12-a083-a306730eb52b.jpg,"[{""bbox"": [264, 43, 426, 86], ""type"": ""handwritten"", ""text"": ""Треба жити""}, {""bbox"": [50, 121, 861, 187], ""type"": ""handwritten"", ""text"": ""Жити треба цікаво: читати книжки, ходити в театр, дріматувати""}, {""bbox"": [38, 171, 199, 214], ""type"": ""handwritten"", ""text"": ""пса! Патрона.""}, {""bbox"": [69, 217, 818, 270], ""type"": ""handwritten"", ""text"": ""Треба хити. Не впевнені, не трошки, не завтра, не після.""}, {""bbox"": [49, 264, 843, 323], ""type"": ""handwritten"", ""text"": ""По-справжньому. Зараз. Треба шапки ковів, збирати гриби,""}, {""bbox"": [35, 307, 789, 365], ""type"": ""handwritten"", ""text"": ""вести чуженат із фронту на Interscity, робити ремонти""}, {""bbox"": [44, 359, 826, 403], ""type"": ""handwritten"", ""text"": ""приносити частя тим, кого любима треба купувати сукні з""}, {""bbox"": [40, 396, 875, 443], ""type"": ""handwritten"", ""text"": ""мілітками і доносячи на військо, вишуковані реба і генератори,""}, {""bbox"": [39, 434, 854, 484], ""type"": ""handwritten"", ""text"": ""перший цвях - і б""}, {""bbox"": [40, 462, 575, 523], ""type"": ""handwritten"", ""text"": ""Перший урок треба принести камітат в.""}, {""bbox"": [65, 495, 859, 561], ""type"": ""handwritten"", ""text"": ""Треба любити свій дім, навіть якщо він пингасовий і далеко""}, {""bbox"": [33, 532, 889, 601], ""type"": ""handwritten"", ""text"": ""нею в це читицься сенс. Треба давати кров і може, з""}, {""bbox"": [36, 571, 895, 647], ""type"": ""handwritten"", ""text"": ""мено в це чиниться серці посилиться любов до слів: доніку, татко,""}, {""bbox"": [42, 600, 193, 641], ""type"": ""handwritten"", ""text"": ""чи клахий,""}, {""bbox"": [57, 611, 884, 707], ""type"": ""handwritten"", ""text"": ""Треба чічуватися, коли випадає надда, і казати те, що на душі.""}, {""bbox"": [56, 632, 883, 740], ""type"": ""handwritten"", ""text"": ""Часає часу на півночі. Метріальне-крихке, життя тікає ніччі на ши-""}, {""bbox"": [24, 679, 866, 768], ""type"": ""handwritten"", ""text"": ""сподади, яких і любов.""}, {""bbox"": [22, 716, 860, 797], ""type"": ""handwritten"", ""text"": ""спогади, щих і любов.""}, {""bbox"": [54, 751, 854, 828], ""type"": ""handwritten"", ""text"": ""Має треба такати, коли можеться. За все те, що ніколи б не мало""}, {""bbox"": [37, 767, 854, 860], ""type"": ""handwritten"", ""text"": ""з нами статись. За те, що ми на тільки знаємо, як пишеться""}, {""bbox"": [27, 838, 854, 906], ""type"": ""handwritten"", ""text"": ""\""дальнобійний дрон\"" або \""балістична ракета\"", але й розрізняємо їх""}, {""bbox"": [34, 869, 174, 905], ""type"": ""handwritten"", ""text"": ""на слух.""}, {""bbox"": [67, 894, 855, 994], ""type"": ""handwritten"", ""text"": ""Росіяни хочуть, щоб ми стали схочими на них, знати у вічний""}, {""bbox"": [27, 915, 872, 1032], ""type"": ""handwritten"", ""text"": ""пригоді. А ми будемо жити цікаво-всупереч історії і заради них,""}, {""bbox"": [31, 967, 850, 1041], ""type"": ""handwritten"", ""text"": ""хто після нас говоритиме нашою мовою.""}]"
3f8d8f92-c06b-4dea-a648-ad9593ece94e.jpg,"[{""bbox"": [284, 34, 757, 127], ""type"": ""handwritten"", ""text"": ""Радіодиктант 2025""}, {""bbox"": [225, 119, 543, 186], ""type"": ""handwritten"", ""text"": ""Треба жити""}, {""bbox"": [24, 183, 1129, 264], ""type"": ""handwritten"", ""text"": ""Жити треба цікаво читати книжки, ходити""}, {""bbox"": [20, 255, 775, 330], ""type"": ""handwritten"", ""text"": ""в театр, тренувати пса патрона.""}, {""bbox"": [64, 323, 1100, 397], ""type"": ""handwritten"", ""text"": ""Треба жити. Не в пів сили, не трошки, не""}, {""bbox"": [15, 389, 1153, 468], ""type"": ""handwritten"", ""text"": ""завтра, не після. По справжньому - зараз. Треба""}, {""bbox"": [14, 460, 1137, 532], ""type"": ""handwritten"", ""text"": ""гадати котів, збирати гриби, вести чуженят""}, {""bbox"": [19, 526, 1157, 601], ""type"": ""handwritten"", ""text"": ""з доронту на „Інтер-сіті“ робити ремонт і прино-""}, {""bbox"": [14, 593, 788, 654], ""type"": ""handwritten"", ""text"": ""сити щастя тим кого любимо.""}, {""bbox"": [80, 650, 1157, 725], ""type"": ""handwritten"", ""text"": ""Треба купувати сукні з мелітками, донатити""}, {""bbox"": [12, 714, 1110, 792], ""type"": ""handwritten"", ""text"": ""на військо, вилучувати реби, і генератори, а""}, {""bbox"": [13, 785, 1048, 851], ""type"": ""handwritten"", ""text"": ""ще ніхто порити ветерами в міст дурі""}, {""bbox"": [14, 846, 1148, 918], ""type"": ""handwritten"", ""text"": ""під садами бо на перший урок треба прине-""}, {""bbox"": [15, 915, 387, 972], ""type"": ""handwritten"", ""text"": ""сти каштанів.""}, {""bbox"": [102, 972, 1105, 1039], ""type"": ""handwritten"", ""text"": ""Треба любити свій дім навіть якщо він""}, {""bbox"": [10, 1035, 1121, 1104], ""type"": ""handwritten"", ""text"": ""помічальниці і далеко від справжнього дому,""}, {""bbox"": [8, 1104, 1117, 1174], ""type"": ""handwritten"", ""text"": ""тою що в серці. Треба здавати кров, і може""}, {""bbox"": [19, 1166, 1149, 1245], ""type"": ""handwritten"", ""text"": ""з нього ще в члениусь серці поселяться любов""}, {""bbox"": [4, 1238, 905, 1305], ""type"": ""handwritten"", ""text"": ""до слів, до піру, пітають, чи княхи.""}, {""bbox"": [89, 1302, 1083, 1371], ""type"": ""handwritten"", ""text"": ""Треба цілуватися коли випадає нагода""}, {""bbox"": [19, 1361, 1144, 1438], ""type"": ""handwritten"", ""text"": ""і казати те що на думці. Не має часу""}, {""bbox"": [12, 1431, 1141, 1501], ""type"": ""handwritten"", ""text"": ""на пів тони. Матеріяльне крихке життя тікає""}, {""bbox"": [13, 1498, 1096, 1577], ""type"": ""handwritten"", ""text"": ""крізь пальці. Справжнім виявилося тільките""}]"
24127c01-a407-45e6-af73-02562354378c.jpg,"[{""bbox"": [551, 31, 1003, 112], ""type"": ""handwritten"", ""text"": ""Треба жити""}, {""bbox"": [214, 111, 1478, 192], ""type"": ""handwritten"", ""text"": ""жити треба цікаво: читати книжки, ходи-""}, {""bbox"": [84, 192, 1187, 272], ""type"": ""handwritten"", ""text"": ""ти в театр, дріскувати пса Патрона.""}, {""bbox"": [175, 267, 1416, 344], ""type"": ""handwritten"", ""text"": ""Треба жити! Не впівсими, не трошки,""}, {""bbox"": [75, 339, 1372, 410], ""type"": ""handwritten"", ""text"": ""не завтра, не після. Тобі-справжньому. Зараз!""}, {""bbox"": [75, 409, 1394, 489], ""type"": ""handwritten"", ""text"": ""Треба падити котів, збіжати гриби, везти""}, {""bbox"": [84, 484, 1430, 563], ""type"": ""handwritten"", ""text"": ""щуєннят із фронту на „Інтервіті“, робити""}, {""bbox"": [88, 558, 1455, 628], ""type"": ""handwritten"", ""text"": ""ремонт і приносити щастя тим, кого любимо.""}, {""bbox"": [86, 626, 1476, 714], ""type"": ""handwritten"", ""text"": ""Треба купувати сукні з латіками і донати-""}, {""bbox"": [96, 709, 1486, 791], ""type"": ""handwritten"", ""text"": ""ти на військо, вилікувати РЕБи і генерато-""}, {""bbox"": [90, 789, 1391, 866], ""type"": ""handwritten"", ""text"": ""ри, а ще нимпорити вефорами в містеччі""}, {""bbox"": [91, 860, 1362, 936], ""type"": ""handwritten"", ""text"": ""ботсаду, бо на перший урок треба принести""}, {""bbox"": [94, 930, 344, 992], ""type"": ""handwritten"", ""text"": ""каттанів.""}, {""bbox"": [188, 1000, 1399, 1074], ""type"": ""handwritten"", ""text"": ""Треба любити свій дім, навіть якщо він""}, {""bbox"": [86, 1078, 1473, 1160], ""type"": ""handwritten"", ""text"": ""тимчасовий і далеко від справжнього долу — того,""}, {""bbox"": [89, 1152, 1432, 1232], ""type"": ""handwritten"", ""text"": ""що в сирці. Треба здавати кров і, може, з""}, {""bbox"": [82, 1227, 1482, 1310], ""type"": ""handwritten"", ""text"": ""него ще в чиємусь серці посилиться любов до слів""}, {""bbox"": [90, 1299, 869, 1374], ""type"": ""handwritten"", ""text"": ""„допіру\"", „пітятко\"", „кияж\"".""}, {""bbox"": [178, 1371, 1443, 1450], ""type"": ""handwritten"", ""text"": ""Треба цілуватися, коли випадає нагода, і""}, {""bbox"": [81, 1446, 1460, 1527], ""type"": ""handwritten"", ""text"": ""казати те, що на думці. Немає часу на півтони.""}, {""bbox"": [69, 1523, 1352, 1596], ""type"": ""handwritten"", ""text"": ""Матеріяльне прижке життя тікає крізь пальці.""}, {""bbox"": [71, 1589, 1499, 1672], ""type"": ""handwritten"", ""text"": ""Справжнім виявилось тільки те, за що не можна""}, {""bbox"": [70, 1667, 1266, 1745], ""type"": ""handwritten"", ""text"": ""схопитись руками: спогади, сміх і любов.""}, {""bbox"": [199, 1742, 1441, 1816], ""type"": ""handwritten"", ""text"": ""Ще треба плакати, коли можеться. За все""}, {""bbox"": [71, 1811, 1417, 1889], ""type"": ""handwritten"", ""text"": ""те, що ніколи й не мало з нами статися.""}, {""bbox"": [70, 1885, 1396, 1968], ""type"": ""handwritten"", ""text"": ""За те, що ми не тільки знаємо як пишеться""}, {""bbox"": [68, 1965, 1371, 2051], ""type"": ""handwritten"", ""text"": ""„далекобійний дрон“ або „балістична ракета“, а й""}, {""bbox"": [40, 2048, 662, 2143], ""type"": ""handwritten"", ""text"": ""розрізняємо їх на слух.""}]"
0207523a-9012-42d9-9533-e960eae7f4e0.jpg,"[{""bbox"": [7, 57, 340, 1657], ""type"": ""image"", ""text"": """"}, {""bbox"": [2226, 119, 2463, 198], ""type"": ""annotation"", ""text"": ""010""}, {""bbox"": [1156, 197, 1951, 372], ""type"": ""printed"", ""text"": ""Радіодиктант""}, {""bbox"": [825, 378, 2284, 568], ""type"": ""handwritten"", ""text"": ""національної єдності 2025""}, {""bbox"": [441, 548, 2678, 786], ""type"": ""printed"", ""text"": ""до Дня української писемності й мови""}, {""bbox"": [899, 740, 1859, 942], ""type"": ""handwritten"", ""text"": ""Треба жити.""}, {""bbox"": [511, 927, 2504, 1120], ""type"": ""handwritten"", ""text"": ""Жити треба цікаво: читати""}, {""bbox"": [343, 1097, 2508, 1289], ""type"": ""handwritten"", ""text"": ""книжки, ходити в театр, дискутува-""}, {""bbox"": [349, 1254, 2506, 1458], ""type"": ""handwritten"", ""text"": ""Треба жити. Не в пісенні, не""}, {""bbox"": [345, 1447, 2524, 1634], ""type"": ""handwritten"", ""text"": ""трошки, не завтра, не після. То-""}, {""bbox"": [324, 1608, 2392, 1819], ""type"": ""handwritten"", ""text"": ""справжньому! Зірку! Підебі""}, {""bbox"": [334, 1805, 2522, 1988], ""type"": ""handwritten"", ""text"": ""гледити хатів, збираючи гриби,""}, {""bbox"": [318, 1990, 2374, 2163], ""type"": ""handwritten"", ""text"": ""візти цуценят із доброту та""}, {""bbox"": [354, 2150, 2390, 2326], ""type"": ""handwritten"", ""text"": ""Татеріні, робити феєрію і""}, {""bbox"": [324, 2346, 2742, 2493], ""type"": ""handwritten"", ""text"": ""приносити щастя тим, кого люблять.""}, {""bbox"": [319, 2521, 2643, 2679], ""type"": ""handwritten"", ""text"": ""Треба купувати сукні з мелітками""}, {""bbox"": [309, 2728, 2420, 2836], ""type"": ""handwritten"", ""text"": ""~~і принести щастя тим, кого~~""}, {""bbox"": [321, 2870, 2682, 3038], ""type"": ""handwritten"", ""text"": ""любить і допитати на вілько,""}, {""bbox"": [313, 3027, 2764, 3224], ""type"": ""handwritten"", ""text"": ""вимушувати РЕБ-и і генератори,""}, {""bbox"": [287, 3245, 2675, 3399], ""type"": ""handwritten"", ""text"": ""а ще несміючи відкрити в""}, {""bbox"": [232, 3415, 2668, 3595], ""type"": ""handwritten"", ""text"": ""міністрі ботаніку, бо мо перший""}, {""bbox"": [258, 3576, 2636, 3760], ""type"": ""handwritten"", ""text"": ""урок треба принести квітінь.""}]"
331ab90e-daef-42a7-b577-f761b052d663.jpg,"[{""bbox"": [200, 45, 714, 103], ""type"": ""handwritten"", ""text"": ""пітятко чи кляхи.""}, {""bbox"": [245, 100, 1159, 180], ""type"": ""handwritten"", ""text"": ""Треба чілуватися, коли випадає""}, {""bbox"": [183, 171, 1105, 236], ""type"": ""handwritten"", ""text"": ""налога, і казати те, що на думці.""}, {""bbox"": [172, 227, 1124, 298], ""type"": ""handwritten"", ""text"": ""Немає часу на півтони. Раперідійне""}, {""bbox"": [190, 285, 1115, 357], ""type"": ""handwritten"", ""text"": ""прихиле пальця тікає крізь пальці.""}, {""bbox"": [200, 344, 1124, 419], ""type"": ""handwritten"", ""text"": ""Справжнім виявилось тільки те, за""}, {""bbox"": [174, 412, 1073, 476], ""type"": ""handwritten"", ""text"": ""що не можна схопитись руками?""}, {""bbox"": [192, 466, 800, 526], ""type"": ""handwritten"", ""text"": ""спогади, сміх і любов.""}, {""bbox"": [277, 519, 1129, 588], ""type"": ""handwritten"", ""text"": ""Ще треба такати, коли мо-""}, {""bbox"": [179, 578, 1110, 649], ""type"": ""handwritten"", ""text"": ""жейться. За все те, що ніколи й не""}, {""bbox"": [181, 644, 1111, 705], ""type"": ""handwritten"", ""text"": ""мого з нами спатися. За те, що""}, {""bbox"": [179, 702, 1117, 760], ""type"": ""handwritten"", ""text"": ""ми не тільки знавцю, а я пишеться""}, {""bbox"": [173, 751, 1083, 812], ""type"": ""handwritten"", ""text"": ""домекобічний брех або брехістична""}, {""bbox"": [171, 808, 1029, 875], ""type"": ""handwritten"", ""text"": ""планета, а й розрізняємо їх на""}, {""bbox"": [174, 867, 330, 930], ""type"": ""handwritten"", ""text"": ""слухі""}, {""bbox"": [271, 918, 1113, 985], ""type"": ""handwritten"", ""text"": ""Росіяни хочуть, щоб ми стояли""}, {""bbox"": [185, 979, 1119, 1037], ""type"": ""handwritten"", ""text"": ""схопили на них: синім у вічній""}, {""bbox"": [176, 1032, 981, 1093], ""type"": ""handwritten"", ""text"": ""грізоті. А ми будемо жити""}, {""bbox"": [181, 1086, 1052, 1153], ""type"": ""handwritten"", ""text"": ""льною всупереч Четверті і загоди""}, {""bbox"": [180, 1146, 1075, 1214], ""type"": ""handwritten"", ""text"": ""тих, хто після нав говорив нас""}, {""bbox"": [169, 1197, 569, 1255], ""type"": ""handwritten"", ""text"": ""нашою любою.""}]"
158dffcf-d9ef-4c75-9081-22414baed387.jpg,"[{""bbox"": [650, 547, 2930, 724], ""type"": ""handwritten"", ""text"": ""Треба цілуватися, коли випадає""}, {""bbox"": [354, 697, 2878, 846], ""type"": ""handwritten"", ""text"": ""находа: казати те, що на думці""}, {""bbox"": [345, 824, 2923, 968], ""type"": ""handwritten"", ""text"": ""Нема часу на пів-тони. Матеріяль""}, {""bbox"": [321, 980, 2944, 1130], ""type"": ""handwritten"", ""text"": ""не - кривде, ажиття тіла крізь пальці""}, {""bbox"": [326, 1102, 2882, 1280], ""type"": ""handwritten"", ""text"": ""Справжнім виявилося тільки те, за що""}, {""bbox"": [302, 1263, 2893, 1434], ""type"": ""handwritten"", ""text"": ""не можна схопитись рухами: спо-""}, {""bbox"": [303, 1402, 1693, 1549], ""type"": ""handwritten"", ""text"": ""пади, сміх і любов.""}, {""bbox"": [564, 1541, 2954, 1716], ""type"": ""handwritten"", ""text"": ""Не треба плакати, коли можеть-""}, {""bbox"": [267, 1680, 2877, 1856], ""type"": ""handwritten"", ""text"": ""ся. За все те, що не має ніколи б не""}, {""bbox"": [276, 1841, 2868, 2002], ""type"": ""handwritten"", ""text"": ""мало з нами статися. За те, що""}, {""bbox"": [285, 1992, 2890, 2148], ""type"": ""handwritten"", ""text"": ""ми не тільки знаємо, як пишеться""}, {""bbox"": [284, 2133, 2915, 2295], ""type"": ""handwritten"", ""text"": ""дальнобійний дрон або балістична""}, {""bbox"": [283, 2275, 2954, 2460], ""type"": ""handwritten"", ""text"": ""ракета, а й розрізняємо їх на сухих,""}, {""bbox"": [466, 2427, 2826, 2606], ""type"": ""handwritten"", ""text"": ""Всі жити хочуть, щоб ми стали""}, {""bbox"": [270, 2581, 2658, 2753], ""type"": ""handwritten"", ""text"": ""сходили на них - східки у""}, {""bbox"": [270, 2717, 2970, 2899], ""type"": ""handwritten"", ""text"": ""вінній грезоті. А ми були до жити""}, {""bbox"": [264, 2875, 2753, 3057], ""type"": ""handwritten"", ""text"": ""цікаво всупереч історії і заради""}, {""bbox"": [251, 3035, 2863, 3211], ""type"": ""handwritten"", ""text"": ""тих, хто після нас говорить ми""}, {""bbox"": [258, 3185, 1473, 3329], ""type"": ""handwritten"", ""text"": ""кожною мовою.""}]"
12113942-a50f-4d2c-b731-d8a8afb0e875.jpg,"[{""bbox"": [1518, 300, 2674, 500], ""type"": ""handwritten"", ""text"": ""Треба писати""}, {""bbox"": [1052, 487, 3563, 669], ""type"": ""handwritten"", ""text"": ""Жити треба цікаво: читати""}, {""bbox"": [716, 651, 3445, 825], ""type"": ""handwritten"", ""text"": ""книжки, ходити в театр, дре-""}, {""bbox"": [709, 803, 3524, 979], ""type"": ""handwritten"", ""text"": ""служити пса Затрона. Треба""}, {""bbox"": [698, 957, 3550, 1137], ""type"": ""handwritten"", ""text"": ""жити! Не впівсліп, не трохи,""}, {""bbox"": [720, 1116, 3563, 1301], ""type"": ""handwritten"", ""text"": ""не завтра, не після. То-справжньо-""}, {""bbox"": [704, 1280, 3265, 1468], ""type"": ""handwritten"", ""text"": ""му! Зараз. Треба падіти""}, {""bbox"": [715, 1445, 3293, 1634], ""type"": ""handwritten"", ""text"": ""котів, збірать гриби, везти""}, {""bbox"": [705, 1624, 3576, 1820], ""type"": ""handwritten"", ""text"": ""суспензія із фрукту на інтерв'ю,""}, {""bbox"": [677, 1787, 3280, 1981], ""type"": ""handwritten"", ""text"": ""робити рекламу і приносить""}, {""bbox"": [671, 1949, 3641, 2150], ""type"": ""handwritten"", ""text"": ""щастя тим, кого любишо. Треба""}, {""bbox"": [676, 2138, 3508, 2332], ""type"": ""handwritten"", ""text"": ""кутувати сукні з лелітками,""}, {""bbox"": [656, 2310, 3626, 2505], ""type"": ""handwritten"", ""text"": ""докатити на військо, виліку-""}, {""bbox"": [643, 2495, 3589, 2690], ""type"": ""handwritten"", ""text"": ""вати РЕБи і генератори, а ще""}, {""bbox"": [652, 2667, 3565, 2869], ""type"": ""handwritten"", ""text"": ""миліонити витрачає в мітіярії""}, {""bbox"": [641, 2852, 3772, 3058], ""type"": ""handwritten"", ""text"": ""Ботсаду, бо на перший урок треба""}, {""bbox"": [644, 3048, 2525, 3247], ""type"": ""handwritten"", ""text"": ""принести касетанів.""}, {""bbox"": [1029, 3226, 3590, 3420], ""type"": ""handwritten"", ""text"": ""Треба любити свій дім,""}, {""bbox"": [630, 3404, 3606, 3613], ""type"": ""handwritten"", ""text"": ""навіть якщо він тимчасовий і""}, {""bbox"": [614, 3603, 3480, 3834], ""type"": ""handwritten"", ""text"": ""далеко від справжнього дому -""}, {""bbox"": [632, 3824, 2360, 4003], ""type"": ""handwritten"", ""text"": ""того, що в серці.""}, {""bbox"": [997, 3997, 3686, 4217], ""type"": ""handwritten"", ""text"": ""Треба здавати кров і може""}, {""bbox"": [569, 4198, 3684, 4414], ""type"": ""handwritten"", ""text"": ""з нього ще виписується серед посе-""}, {""bbox"": [594, 4393, 3727, 4620], ""type"": ""handwritten"", ""text"": ""ляться лобов до слів „донізу“,""}, {""bbox"": [592, 4608, 2749, 4798], ""type"": ""handwritten"", ""text"": ""пітятко\"" чи \""киски\"".""}]"
1dd10944-9049-4ca8-9944-fb83e3d1daeb.jpg,"[{""bbox"": [0, 26, 308, 1536], ""type"": ""image"", ""text"": """"}, {""bbox"": [515, 534, 2418, 759], ""type"": ""handwritten"", ""text"": ""Матеріальне - крісло, життя""}, {""bbox"": [369, 658, 2569, 3523], ""type"": ""table"", ""text"": ""Це треба пізнати, коли""}, {""bbox"": [531, 772, 2477, 934], ""type"": ""handwritten"", ""text"": ""нікав кричав налівець. Справжнім""}, {""bbox"": [534, 929, 2433, 1066], ""type"": ""handwritten"", ""text"": ""виявилося тимчаси не, за що""}, {""bbox"": [526, 1070, 2520, 1209], ""type"": ""handwritten"", ""text"": ""не можна вхопитись украли,""}, {""bbox"": [536, 1199, 2445, 1317], ""type"": ""handwritten"", ""text"": ""спогади. Селян і міщан""}, {""bbox"": [699, 1424, 2438, 1520], ""type"": ""handwritten"", ""text"": ""Ще треба підкачати, коли""}, {""bbox"": [603, 1523, 2450, 1585], ""type"": ""handwritten"", ""text"": ""12. в""}, {""bbox"": [598, 1573, 2452, 1685], ""type"": ""handwritten"", ""text"": ""можеться. За все те, що ніколи""}, {""bbox"": [604, 1728, 2477, 1839], ""type"": ""handwritten"", ""text"": ""не мало б з нами статися.""}, {""bbox"": [616, 2031, 2585, 2170], ""type"": ""handwritten"", ""text"": ""змісло як танець аж до сьогодній""}]"
0dd25909-0295-45f0-9c52-c318abb01d41.jpg,"[{""bbox"": [1114, 375, 1868, 567], ""type"": ""handwritten"", ""text"": ""Треба дитячі""}, {""bbox"": [181, 560, 2197, 700], ""type"": ""handwritten"", ""text"": ""жити треба цілком і чиста княжини,""}, {""bbox"": [215, 682, 2476, 832], ""type"": ""handwritten"", ""text"": ""ходити в театр, дріматувати після Патрона.""}, {""bbox"": [340, 815, 2397, 960], ""type"": ""handwritten"", ""text"": ""Треба зміяти. Не впівсипи, не гроши,""}, {""bbox"": [153, 951, 2562, 1090], ""type"": ""handwritten"", ""text"": ""не завтра, не після. - То-справжньому!""}, {""bbox"": [1830, 969, 2570, 1114], ""type"": ""handwritten"", ""text"": ""То - справжньому!""}, {""bbox"": [202, 1076, 2405, 1238], ""type"": ""handwritten"", ""text"": ""Зараз! Треба сподати котів, збираючи гриби,""}, {""bbox"": [125, 1216, 2445, 1373], ""type"": ""handwritten"", ""text"": ""везти дуженят із фронту на дніпрості, робити""}, {""bbox"": [160, 1366, 2209, 1497], ""type"": ""handwritten"", ""text"": ""ремонт і працювати на тих, кого""}, {""bbox"": [218, 1481, 2220, 1636], ""type"": ""handwritten"", ""text"": ""мовлено. Треба купувати сучні з""}, {""bbox"": [203, 1619, 2217, 1755], ""type"": ""handwritten"", ""text"": ""лелітками і донасти на війною,""}, {""bbox"": [188, 1740, 2305, 1897], ""type"": ""handwritten"", ""text"": ""вимушувати ребя і генератори, а це""}, {""bbox"": [209, 1881, 2440, 2041], ""type"": ""handwritten"", ""text"": ""нині поріччя ве~~г~~горами в Міжурії Богаду,""}, {""bbox"": [181, 2023, 2258, 2178], ""type"": ""handwritten"", ""text"": ""бо на перший урок треба принести""}, {""bbox"": [173, 2170, 732, 2291], ""type"": ""handwritten"", ""text"": ""камітанів.""}, {""bbox"": [358, 2284, 2457, 2427], ""type"": ""handwritten"", ""text"": ""Треба любити свій дім, навіть якщо""}, {""bbox"": [144, 2415, 2435, 2558], ""type"": ""handwritten"", ""text"": ""він танцював і далеко від справжнього""}, {""bbox"": [218, 2544, 2425, 2697], ""type"": ""handwritten"", ""text"": ""дому, того, що во серці. Підеба здавати""}, {""bbox"": [147, 2686, 2194, 2824], ""type"": ""handwritten"", ""text"": ""кров, а людина з нею ще в гамись""}, {""bbox"": [183, 2803, 2368, 2959], ""type"": ""handwritten"", ""text"": ""серця поселяться любов до слів „Доніпу“,""}, {""bbox"": [171, 2957, 1257, 3102], ""type"": ""handwritten"", ""text"": ""\""Річно\"" чи \""вияхи\"".""}, {""bbox"": [337, 3088, 2364, 3234], ""type"": ""handwritten"", ""text"": ""Треба цілуватися, коли випадає нагода""}, {""bbox"": [139, 3214, 2330, 3361], ""type"": ""handwritten"", ""text"": ""і назати те, що на думці! Нехай часу""}, {""bbox"": [191, 3335, 2342, 3510], ""type"": ""handwritten"", ""text"": ""на пів столи. Матеріальне крихке життя""}]"
1af72a02-665a-41b9-91c7-e031d763fbb2.jpg,"[{""bbox"": [353, 134, 2896, 278], ""type"": ""handwritten"", ""text"": ""Чекає часу на півтони. Матеріальне""}, {""bbox"": [339, 271, 2477, 391], ""type"": ""handwritten"", ""text"": ""криже, пелюха тікає крізь пальці.""}, {""bbox"": [331, 377, 3035, 531], ""type"": ""handwritten"", ""text"": ""Справжнім виявилось тільки те, за що""}, {""bbox"": [300, 533, 2908, 684], ""type"": ""handwritten"", ""text"": ""не можна скопитись руками: спогади,""}, {""bbox"": [304, 666, 1359, 797], ""type"": ""handwritten"", ""text"": ""сміх і любов.""}, {""bbox"": [736, 821, 3052, 972], ""type"": ""handwritten"", ""text"": ""Му треба плахати, коли можеться.""}, {""bbox"": [267, 954, 2777, 1130], ""type"": ""handwritten"", ""text"": ""За все те, що ніхам б не махаю з""}, {""bbox"": [276, 1117, 2788, 1287], ""type"": ""handwritten"", ""text"": ""нами статися. За те, що ми не""}, {""bbox"": [246, 1272, 3095, 1441], ""type"": ""handwritten"", ""text"": ""тільки знаємо, як пишеться \""далекобійний""}, {""bbox"": [213, 1426, 2969, 1617], ""type"": ""handwritten"", ""text"": ""дрон\"" або \""балістична ракета\"", але""}, {""bbox"": [233, 1593, 2238, 1779], ""type"": ""handwritten"", ""text"": ""й розрізняємо їх на слух.""}, {""bbox"": [721, 1790, 2978, 1983], ""type"": ""handwritten"", ""text"": ""Росіяни хочуть, щоб ми стали""}, {""bbox"": [201, 1950, 2930, 2140], ""type"": ""handwritten"", ""text"": ""схопили на них, скліли у вічній""}, {""bbox"": [189, 2119, 3076, 2321], ""type"": ""handwritten"", ""text"": ""гризоті. А ми були певні цікаво,""}, {""bbox"": [160, 2313, 3079, 2520], ""type"": ""handwritten"", ""text"": ""всупереч історії і заради тих, хто""}, {""bbox"": [152, 2494, 3064, 2697], ""type"": ""handwritten"", ""text"": ""після нас говоритиме нашою мовою.""}]"
382c3795-d27c-4e20-a6f4-3704045a9c19.jpg,"[{""bbox"": [1421, 349, 2326, 521], ""type"": ""handwritten"", ""text"": ""Треба жити""}, {""bbox"": [584, 550, 3907, 752], ""type"": ""handwritten"", ""text"": ""Жити треба ужаво: читати книжки, дре-ходити""}, {""bbox"": [371, 748, 2596, 924], ""type"": ""handwritten"", ""text"": ""в театр, досліджувати життя""}, {""bbox"": [534, 905, 4017, 1101], ""type"": ""handwritten"", ""text"": ""Треба жити! Не в пів січня, не трохи, не завтра,""}, {""bbox"": [355, 1082, 3973, 1293], ""type"": ""handwritten"", ""text"": ""не пійміш. То-справжньому! Зараз! Треба підняти хопів,""}, {""bbox"": [350, 1279, 4002, 1475], ""type"": ""handwritten"", ""text"": ""збирали гриби, везли щиження із фронту на Інтернеті,""}, {""bbox"": [364, 1457, 3984, 1645], ""type"": ""handwritten"", ""text"": ""зробити радіють і приносять густих тим, кого любили.""}, {""bbox"": [380, 1645, 3870, 1835], ""type"": ""handwritten"", ""text"": ""Треба купувати сухо з мелітками і докатити на-""}, {""bbox"": [387, 1817, 3981, 2022], ""type"": ""handwritten"", ""text"": ""відсоко, вимушувати РЕБи і генератори, а ще, неми-""}, {""bbox"": [382, 2001, 3904, 2201], ""type"": ""handwritten"", ""text"": ""почити використані в міті дріб'ятсату, бо на перший""}, {""bbox"": [366, 2190, 2522, 2363], ""type"": ""handwritten"", ""text"": ""урок треба принести каштанів.""}, {""bbox"": [466, 2360, 3958, 2548], ""type"": ""handwritten"", ""text"": ""Треба любити свій дім, навіть якщо він тимчасовий""}, {""bbox"": [401, 2535, 3953, 2741], ""type"": ""handwritten"", ""text"": ""і далеко від справжнього дому - того, що в серці. Потреба""}, {""bbox"": [388, 2721, 3964, 2912], ""type"": ""handwritten"", ""text"": ""здавати кров, і мови з нього ще в чиннує серця посели-""}, {""bbox"": [391, 2891, 3844, 3082], ""type"": ""handwritten"", ""text"": ""твоя любов до слів „донечку“, „підстако“, чи „княже“""}, {""bbox"": [493, 3151, 3912, 3352], ""type"": ""handwritten"", ""text"": ""Треба цілуватись, коли випадає нагода, і казати те,""}, {""bbox"": [389, 3337, 3720, 3534], ""type"": ""handwritten"", ""text"": ""що на думку. Намагаємося на повторення. Матеріальне""}, {""bbox"": [416, 3515, 3919, 3703], ""type"": ""handwritten"", ""text"": ""крижке - пішиття тілах крізь пальці. Справжнім вія -""}, {""bbox"": [439, 3695, 3969, 3874], ""type"": ""handwritten"", ""text"": ""велось тільки те, за що не можна схопитись рухами:""}, {""bbox"": [452, 3855, 1827, 4005], ""type"": ""handwritten"", ""text"": ""споді, сніж і любов.""}, {""bbox"": [594, 4007, 3784, 4211], ""type"": ""handwritten"", ""text"": ""Треба не плакати, коли молитися. За все те, що""}, {""bbox"": [449, 4203, 3843, 4391], ""type"": ""handwritten"", ""text"": ""кінчи б не мало з нами статися. За те, що ми не""}, {""bbox"": [445, 4380, 3795, 4571], ""type"": ""handwritten"", ""text"": ""тільки зважно як пишеться \""далекобічний драк\"" або""}, {""bbox"": [462, 4542, 3726, 4749], ""type"": ""handwritten"", ""text"": ""\""балістична ракета\"", а й розіржимо їх на сух.""}, {""bbox"": [647, 4713, 3851, 4919], ""type"": ""handwritten"", ""text"": ""росіяни хочуть, щоб ми стали схожими на""}, {""bbox"": [485, 4874, 3910, 5089], ""type"": ""handwritten"", ""text"": ""нож, скінчи у вічній гризоті. Нас мене будемо як""}, {""bbox"": [507, 5038, 3676, 5276], ""type"": ""handwritten"", ""text"": ""те жінаво, випереч історії і горячи пик, яко""}, {""bbox"": [519, 5204, 3244, 5408], ""type"": ""handwritten"", ""text"": ""після нас буде говорити нашою мовою.""}]"
2930d9df-572f-4514-802d-bd13be6d0003.jpg,"[{""bbox"": [1007, 104, 1812, 217], ""type"": ""handwritten"", ""text"": ""27 жовтня.""}, {""bbox"": [544, 207, 2209, 354], ""type"": ""handwritten"", ""text"": ""Всеукраїнський диктант.""}, {""bbox"": [555, 327, 1490, 470], ""type"": ""handwritten"", ""text"": ""Треба жити.""}, {""bbox"": [342, 451, 2209, 607], ""type"": ""handwritten"", ""text"": ""Жити треба цікаво: жити-""}, {""bbox"": [135, 587, 2250, 740], ""type"": ""handwritten"", ""text"": ""ти книжки, ходити в театр,""}, {""bbox"": [123, 721, 2203, 876], ""type"": ""handwritten"", ""text"": ""дістаціювати після Патрона.""}, {""bbox"": [230, 843, 1366, 986], ""type"": ""handwritten"", ""text"": ""Треба жити!""}, {""bbox"": [231, 967, 2118, 1136], ""type"": ""handwritten"", ""text"": ""Не втівсяли, не тільки""}, {""bbox"": [231, 1119, 2125, 1271], ""type"": ""handwritten"", ""text"": ""не завтра, не після!""}, {""bbox"": [264, 1253, 2241, 1409], ""type"": ""handwritten"", ""text"": ""Ко- епітабле нюсиф! Заріз!""}, {""bbox"": [345, 1384, 2266, 1550], ""type"": ""handwritten"", ""text"": ""Треба гладити котиків,""}, {""bbox"": [155, 1525, 2272, 1699], ""type"": ""handwritten"", ""text"": ""збільшати групи, везти щу-""}, {""bbox"": [153, 1680, 1928, 1819], ""type"": ""handwritten"", ""text"": ""ценят із фронту на""}, {""bbox"": [137, 1798, 2225, 1962], ""type"": ""handwritten"", ""text"": ""Інтересіті, любити післяєт""}, {""bbox"": [134, 1948, 2215, 2109], ""type"": ""handwritten"", ""text"": ""і притносити щастя тобі,""}, {""bbox"": [124, 2090, 1164, 2215], ""type"": ""handwritten"", ""text"": ""кого люблять.""}, {""bbox"": [335, 2223, 2143, 2403], ""type"": ""handwritten"", ""text"": ""Треба купувати сукні з""}, {""bbox"": [125, 2384, 2169, 2527], ""type"": ""handwritten"", ""text"": ""міліткасем і донатити""}, {""bbox"": [138, 2514, 2220, 2684], ""type"": ""handwritten"", ""text"": ""на військо, вимукувати""}, {""bbox"": [123, 2671, 2194, 2827], ""type"": ""handwritten"", ""text"": ""РЕБи і генератори, а ще-""}, {""bbox"": [97, 2818, 2164, 2971], ""type"": ""handwritten"", ""text"": ""нині порічить відкрати в""}, {""bbox"": [87, 2962, 2046, 3122], ""type"": ""handwritten"", ""text"": ""місяці\"" Ботсаду, бо на""}, {""bbox"": [83, 3110, 2160, 3280], ""type"": ""handwritten"", ""text"": ""перший урок треба при-""}, {""bbox"": [60, 3261, 1416, 3412], ""type"": ""handwritten"", ""text"": ""несту каШтанів.""}]"
11fa2396-a758-4153-896f-0f18b14b4874.jpg,"[{""bbox"": [567, 259, 2413, 443], ""type"": ""handwritten"", ""text"": ""Треба чіпуватися, коли випадає""}, {""bbox"": [275, 435, 2717, 612], ""type"": ""handwritten"", ""text"": ""налога, і казали те, що на думці. Немає""}, {""bbox"": [289, 605, 2512, 785], ""type"": ""handwritten"", ""text"": ""гаєць на півночі. Матеріальне крихке,""}, {""bbox"": [293, 782, 2479, 957], ""type"": ""handwritten"", ""text"": ""життя пікає крізь пальці. Справжніше""}, {""bbox"": [306, 946, 2598, 1129], ""type"": ""handwritten"", ""text"": ""виявилось пільги те, за що не мають""}, {""bbox"": [319, 1122, 2650, 1294], ""type"": ""handwritten"", ""text"": ""схопитись руками: спогади, сенсії і особові.""}, {""bbox"": [564, 1317, 2633, 1465], ""type"": ""handwritten"", ""text"": ""Ще треба плакати, коли неотенься.""}, {""bbox"": [315, 1491, 2735, 1668], ""type"": ""handwritten"", ""text"": ""За все те, що ніколи не мало б з нами""}, {""bbox"": [300, 1670, 2787, 1828], ""type"": ""handwritten"", ""text"": ""сталися. За те, що мені не тільки знатися,""}, {""bbox"": [296, 1843, 2452, 2013], ""type"": ""handwritten"", ""text"": ""як пишеться „далекобійний дрон“ або""}, {""bbox"": [295, 2004, 2693, 2182], ""type"": ""handwritten"", ""text"": ""\""багатошляхових\"" , а й розрізняємо їх на""}, {""bbox"": [289, 2190, 503, 2337], ""type"": ""handwritten"", ""text"": ""слух.""}, {""bbox"": [573, 2320, 2425, 2514], ""type"": ""handwritten"", ""text"": ""Росіяни хочуть, щоб ми стали""}, {""bbox"": [271, 2510, 2760, 2688], ""type"": ""handwritten"", ""text"": ""схочили на них - скільки у вічній гризоті.""}, {""bbox"": [301, 2687, 2540, 2881], ""type"": ""handwritten"", ""text"": ""А ми були тим цікаво: всупереч""}, {""bbox"": [278, 2879, 2452, 3053], ""type"": ""handwritten"", ""text"": ""історії і загадки тих, хто після нас""}, {""bbox"": [289, 3052, 1884, 3219], ""type"": ""handwritten"", ""text"": ""говорилися нашою мовою.""}]"
2ab689ce-5a01-4285-aacf-f48a680fe422.jpg,"[{""bbox"": [2163, 3, 2687, 119], ""type"": ""annotation"", ""text"": ""27.10.2025р.""}, {""bbox"": [369, 8, 1448, 171], ""type"": ""handwritten"", ""text"": ""Радіо диктант 2025""}, {""bbox"": [629, 146, 1441, 266], ""type"": ""handwritten"", ""text"": ""\""Треба жити\""""}, {""bbox"": [161, 238, 2921, 389], ""type"": ""handwritten"", ""text"": ""Кити треба цікаво: читати книжки, ходити""}, {""bbox"": [64, 374, 2279, 498], ""type"": ""handwritten"", ""text"": ""в театр, брестицювати пса Катрона.""}, {""bbox"": [139, 485, 1068, 606], ""type"": ""handwritten"", ""text"": ""треба ожити!""}, {""bbox"": [44, 595, 2679, 731], ""type"": ""handwritten"", ""text"": ""Не в півсліп, не трошки, не завтра, не після.""}, {""bbox"": [59, 715, 2777, 842], ""type"": ""handwritten"", ""text"": ""Хо-сиравосньому! Зараз! Треба шарити копів,""}, {""bbox"": [44, 823, 2775, 945], ""type"": ""handwritten"", ""text"": ""збирання гриби, взуття з кущенят із фронту на""}, {""bbox"": [37, 930, 2790, 1045], ""type"": ""handwritten"", ""text"": ""інтерсіні, робили ремонт і приносили щастя""}, {""bbox"": [27, 1028, 2661, 1144], ""type"": ""handwritten"", ""text"": ""ним, кого любимо. Треба купувати сукні з""}, {""bbox"": [31, 1130, 2857, 1244], ""type"": ""handwritten"", ""text"": ""мештками і донатили на військо, вимукувати""}, {""bbox"": [89, 1228, 2811, 1348], ""type"": ""handwritten"", ""text"": ""РББи і генератори, а це нимпорити ветрами""}, {""bbox"": [85, 1334, 2794, 1458], ""type"": ""handwritten"", ""text"": ""у міжсрії ботсаду, бо на перший урок треба""}, {""bbox"": [92, 1439, 2805, 1562], ""type"": ""handwritten"", ""text"": ""принести каштанів. Треба любити й свій зім,""}, {""bbox"": [102, 1539, 2602, 1657], ""type"": ""handwritten"", ""text"": ""навіть якщо він пилігоський і далеко від""}, {""bbox"": [92, 1598, 2931, 1736], ""type"": ""handwritten"", ""text"": ""справжнього дому: того, що в серці. Треба вздавати""}, {""bbox"": [68, 1704, 2795, 1838], ""type"": ""handwritten"", ""text"": ""кров і може з нього в чимось серці поселяться""}, {""bbox"": [86, 1800, 2868, 1938], ""type"": ""handwritten"", ""text"": ""мовив до слів „доніру“, „пітятко“ чи „кичаки.""}, {""bbox"": [114, 1903, 2916, 2047], ""type"": ""handwritten"", ""text"": ""Треба цілуватись, коли випадає нагода і казати""}, {""bbox"": [105, 2090, 2777, 2290], ""type"": ""handwritten"", ""text"": ""Немає часу на півтони. Матеріальне - крижке.""}, {""bbox"": [97, 2196, 2914, 2374], ""type"": ""handwritten"", ""text"": ""осиття нікає крізь пальці. Справжніми виявила""}, {""bbox"": [124, 2303, 2899, 2460], ""type"": ""handwritten"", ""text"": ""тільки те, за що не можна схопитись руками;""}, {""bbox"": [145, 2417, 1494, 2562], ""type"": ""handwritten"", ""text"": ""спогади, синіх і любов.""}, {""bbox"": [159, 2463, 2949, 2640], ""type"": ""handwritten"", ""text"": ""Ми треба плахоти, коми можеться. За все те,""}, {""bbox"": [115, 2566, 2615, 2766], ""type"": ""handwritten"", ""text"": ""що ніколи б не мало з нами статися""}, {""bbox"": [230, 2690, 2918, 2844], ""type"": ""handwritten"", ""text"": ""За те, що ми не тільки знавмо як пишеться""}, {""bbox"": [168, 2801, 2930, 2948], ""type"": ""handwritten"", ""text"": ""\""далекобійний дрон\"" або \""багатсипчна ракета\"";""}, {""bbox"": [166, 2923, 1958, 3047], ""type"": ""handwritten"", ""text"": ""а й розрізнівши їх на слух.""}, {""bbox"": [216, 3032, 2827, 3155], ""type"": ""handwritten"", ""text"": ""Росіяни хочуть, щоб ми стали єднаним""}, {""bbox"": [174, 3136, 2625, 3248], ""type"": ""handwritten"", ""text"": ""на них, скніли у вічній гризотні. А ми""}, {""bbox"": [181, 3228, 2614, 3343], ""type"": ""handwritten"", ""text"": ""будемо жити цікаво, всупереч історії і""}, {""bbox"": [222, 3326, 2631, 3452], ""type"": ""handwritten"", ""text"": ""загадки під сто [говдиння] після нас""}]"
0d663978-be4a-4860-9685-1bb0aa5802e2.jpg,"[{""bbox"": [3151, 86, 4375, 324], ""type"": ""handwritten"", ""text"": ""Радіодиктант""}, {""bbox"": [3139, 298, 5092, 499], ""type"": ""handwritten"", ""text"": ""національної єдності""}, {""bbox"": [3168, 450, 4438, 695], ""type"": ""handwritten"", ""text"": ""27.10. 2025 р.""}, {""bbox"": [1130, 986, 2802, 1354], ""type"": ""handwritten"", ""text"": ""Треба думати.""}, {""bbox"": [685, 1387, 4559, 1690], ""type"": ""handwritten"", ""text"": ""Кити треба цікаво, залагати всесвіт для нас,""}, {""bbox"": [666, 1680, 4715, 1994], ""type"": ""handwritten"", ""text"": ""ходили в театр, зрештувавшись на""}, {""bbox"": [663, 1969, 1694, 2249], ""type"": ""handwritten"", ""text"": ""патрон.""}, {""bbox"": [751, 2052, 4654, 2554], ""type"": ""handwritten"", ""text"": ""Треба жити! Не є нічим, не""}, {""bbox"": [764, 2473, 4467, 2906], ""type"": ""handwritten"", ""text"": ""Дровами, не завтра, не після.""}, {""bbox"": [1036, 2690, 4991, 3053], ""type"": ""handwritten"", ""text"": ""по-європейську! Зарез! Треба""}, {""bbox"": [855, 2720, 4995, 3331], ""type"": ""handwritten"", ""text"": ""Послухавши це! Зараз! Треба""}, {""bbox"": [760, 2955, 4995, 3450], ""type"": ""handwritten"", ""text"": ""знайти котів, зберегти гриби, безпеку""}, {""bbox"": [745, 3230, 4687, 3598], ""type"": ""handwritten"", ""text"": ""ущення із фронту не інтересові,""}, {""bbox"": [745, 3256, 4889, 3789], ""type"": ""handwritten"", ""text"": ""учителя із фронту на інспекції,""}, {""bbox"": [751, 3481, 4946, 3969], ""type"": ""handwritten"", ""text"": ""родичів, бабичі і пращечки, що мав""}, {""bbox"": [740, 3725, 4937, 4159], ""type"": ""handwritten"", ""text"": ""тесь, його побачив. Треба пізнавати""}, {""bbox"": [712, 4037, 4535, 4482], ""type"": ""handwritten"", ""text"": ""суспіль з легіонами і ~~приналежн~~""}, {""bbox"": [702, 4219, 4993, 4659], ""type"": ""handwritten"", ""text"": ""~~після того, коли почула~~{допомогти} РЕБИ і""}, {""bbox"": [694, 4426, 4880, 4936], ""type"": ""handwritten"", ""text"": ""на військо, вимушувати""}, {""bbox"": [724, 4644, 4503, 5089], ""type"": ""handwritten"", ""text"": ""генератори, а ще - національний""}, {""bbox"": [699, 4893, 4886, 5424], ""type"": ""handwritten"", ""text"": ""ве го рали в міжхрій засіданні,""}, {""bbox"": [675, 5120, 4297, 5630], ""type"": ""handwritten"", ""text"": ""бо на перший урок треба""}, {""bbox"": [674, 5356, 3727, 5787], ""type"": ""handwritten"", ""text"": ""принести намагань,""}, {""bbox"": [662, 5395, 3980, 6038], ""type"": ""handwritten"", ""text"": ""принести намагань,""}, {""bbox"": [649, 5666, 4858, 6105], ""type"": ""handwritten"", ""text"": ""Треба любити свій діал, навіть""}, {""bbox"": [598, 5972, 4617, 6327], ""type"": ""handwritten"", ""text"": ""зміг він оглязати і далеко""}, {""bbox"": [588, 6235, 4785, 6637], ""type"": ""handwritten"", ""text"": ""від сира в ХНФОДО дому - то ж, що""}, {""bbox"": [590, 6532, 4711, 7024], ""type"": ""handwritten"", ""text"": ""в серці. ~~Треба~~ Здаватися кров і""}, {""bbox"": [592, 6773, 4951, 7160], ""type"": ""handwritten"", ""text"": ""може з нього ще є чийсь собі""}]"
2a9a0fa6-30af-45d8-8fde-8eccfda9af19.jpg,"[{""bbox"": [998, 40, 1571, 176], ""type"": ""handwritten"", ""text"": ""Треба жити""}, {""bbox"": [344, 180, 2645, 333], ""type"": ""handwritten"", ""text"": ""Жити треба цікаво: читати книжки, ходити в театр,""}, {""bbox"": [119, 337, 1296, 479], ""type"": ""handwritten"", ""text"": ""фестивалі Пса Патрона.""}, {""bbox"": [321, 490, 2744, 671], ""type"": ""handwritten"", ""text"": ""Треба жити. Не в півсліп, не трошки, не завтра, не після.""}, {""bbox"": [90, 645, 2634, 854], ""type"": ""handwritten"", ""text"": ""По-справжньому. Зараз. Треба людити котів, збирати гриби,""}, {""bbox"": [100, 782, 2422, 988], ""type"": ""handwritten"", ""text"": ""везти щущення із фронту на Інтернеті, робити рекламу""}, {""bbox"": [104, 912, 2608, 1099], ""type"": ""handwritten"", ""text"": ""і приносити щастя тим, кого любило. Треба купувати сукні""}, {""bbox"": [82, 1138, 2728, 1375], ""type"": ""handwritten"", ""text"": ""і генератори, а ще - нимпорити вигорали в між'ярі ботсаду -""}, {""bbox"": [28, 1229, 2311, 1458], ""type"": ""handwritten"", ""text"": ""- бо на перший урок треба принести компанів.""}, {""bbox"": [253, 1335, 2660, 1589], ""type"": ""handwritten"", ""text"": ""Треба любити свій дім, навіть якщо він тимчасовий і далеко""}, {""bbox"": [88, 1499, 2640, 1757], ""type"": ""handwritten"", ""text"": ""з нього - ще в теплої сущі - посилиться любов до слів і душі.""}, {""bbox"": [74, 1596, 2561, 1848], ""type"": ""handwritten"", ""text"": ""з нею - ще в теплість серці - посміхнеться любов до слів: «допущу»,""}, {""bbox"": [74, 1710, 959, 1847], ""type"": ""handwritten"", ""text"": ""«пітятко» чи «князя».""}, {""bbox"": [248, 1788, 2720, 2072], ""type"": ""handwritten"", ""text"": ""Треба учуватися, коли випадає полога, і казати те, що на сині""}, {""bbox"": [53, 2064, 2607, 2294], ""type"": ""handwritten"", ""text"": ""пальці. Справжнім виявляла тільки те, за що не можна скотитися""}, {""bbox"": [49, 2161, 1272, 2292], ""type"": ""handwritten"", ""text"": ""руками: спади, спіх і мовов.""}, {""bbox"": [227, 2241, 2540, 2520], ""type"": ""handwritten"", ""text"": ""Ще треба такати, коли можеться. За все те, що ніколи б""}, {""bbox"": [35, 2372, 2458, 2608], ""type"": ""handwritten"", ""text"": ""не мало з нами статися. За те, що ми не тільки знаємо, як""}, {""bbox"": [105, 2489, 2721, 2783], ""type"": ""handwritten"", ""text"": ""ємо їх на слух.""}, {""bbox"": [129, 2582, 770, 2696], ""type"": ""handwritten"", ""text"": ""Ємо їх на слух.""}, {""bbox"": [211, 2631, 2567, 2890], ""type"": ""handwritten"", ""text"": ""Росіяни хочуть щоб ми стали схожими на них, схожими""}, {""bbox"": [48, 2914, 2347, 3123], ""type"": ""handwritten"", ""text"": ""і заради тих, хто після нас, говоритиме нашою мовою.""}]"
01e7254a-cda3-4e9f-82ae-f0db5e3ec0a3.jpg,"[{""bbox"": [168, 148, 2498, 341], ""type"": ""handwritten"", ""text"": ""крижке, життя тікає крізь пальці.""}, {""bbox"": [178, 304, 2681, 515], ""type"": ""handwritten"", ""text"": ""Справжнім виявилося тільки те, за що""}, {""bbox"": [183, 482, 2689, 676], ""type"": ""handwritten"", ""text"": ""не можна схопитися руками спогади,""}, {""bbox"": [166, 623, 1029, 761], ""type"": ""handwritten"", ""text"": ""сміх і любов.""}, {""bbox"": [22, 763, 2664, 940], ""type"": ""handwritten"", ""text"": ""ки, ще треба шакати коли можеться.""}, {""bbox"": [171, 915, 2712, 1107], ""type"": ""handwritten"", ""text"": ""За все те, що нікому не мало б знати""}, {""bbox"": [145, 1054, 2377, 1230], ""type"": ""handwritten"", ""text"": ""статися. За те, що мене не тільки""}, {""bbox"": [142, 1215, 2720, 1392], ""type"": ""handwritten"", ""text"": ""знаємо, як пишеться далекобійний дрон""}, {""bbox"": [116, 1360, 2716, 1536], ""type"": ""handwritten"", ""text"": ""або балістична ракета, а її розрізняємо""}, {""bbox"": [131, 1505, 928, 1656], ""type"": ""handwritten"", ""text"": ""їх на смух.""}, {""bbox"": [246, 1641, 2726, 1827], ""type"": ""handwritten"", ""text"": ""Восімнадцяте хочуть, щоб ми стали схожи-""}, {""bbox"": [112, 1807, 2562, 1973], ""type"": ""handwritten"", ""text"": ""ми на них, скінчи у вічній гризоті.""}, {""bbox"": [101, 1952, 2526, 2114], ""type"": ""handwritten"", ""text"": ""А ми будемо жити цікаво в супереч""}, {""bbox"": [122, 2100, 2586, 2283], ""type"": ""handwritten"", ""text"": ""історії і заради тих, хто після нас""}, {""bbox"": [134, 2261, 1915, 2441], ""type"": ""handwritten"", ""text"": ""говорити на нашою мовою.""}]"
e6523c4f-32ab-4b30-a2e9-3e73b3a33eb1.jpg,"[{""bbox"": [420, 8, 918, 95], ""type"": ""handwritten"", ""text"": ""Треба жити!""}, {""bbox"": [139, 93, 1615, 193], ""type"": ""handwritten"", ""text"": ""Жити треба цікаво: читати книжки, ходити в""}, {""bbox"": [58, 165, 1102, 242], ""type"": ""handwritten"", ""text"": ""театр, дріматувати Іса Патрона.""}, {""bbox"": [115, 236, 1654, 319], ""type"": ""handwritten"", ""text"": ""Піреба жити! Не в пів села, не трохи, не завтра""}, {""bbox"": [57, 299, 1548, 377], ""type"": ""handwritten"", ""text"": ""не після. По-справжньому! Зараз! Треба жадати""}, {""bbox"": [54, 355, 1600, 444], ""type"": ""handwritten"", ""text"": ""котів, збирати гриби, везти гуцулечит із фронту""}, {""bbox"": [53, 423, 1611, 506], ""type"": ""handwritten"", ""text"": ""на інтерсіті, робити ремонт і примосяти куасік""}, {""bbox"": [52, 479, 1613, 562], ""type"": ""handwritten"", ""text"": ""тим, кого любили. Треба купувати сукні з мелітка-""}, {""bbox"": [53, 541, 1607, 625], ""type"": ""handwritten"", ""text"": ""ми і доконати на військо, вимушувати РЕБи""}, {""bbox"": [53, 594, 1607, 688], ""type"": ""handwritten"", ""text"": ""і генератори, а ще нимпорити вгорами в міні""}, {""bbox"": [68, 657, 1606, 765], ""type"": ""handwritten"", ""text"": ""рії ботсаду, бо на перший урок треба принести""}, {""bbox"": [59, 700, 387, 772], ""type"": ""handwritten"", ""text"": ""кампанів.""}, {""bbox"": [132, 758, 1627, 854], ""type"": ""handwritten"", ""text"": ""Треба любити свій дім, навіть, якщо він тим-""}, {""bbox"": [57, 843, 1626, 933], ""type"": ""handwritten"", ""text"": ""часовий і далеко від справжнього дому, того, що в сенсі""}, {""bbox"": [40, 894, 1576, 993], ""type"": ""handwritten"", ""text"": ""Лірба здавати кров і, може з нього, ще в тількох""}, {""bbox"": [48, 948, 1543, 1079], ""type"": ""handwritten"", ""text"": ""чії книжки.""}, {""bbox"": [66, 1004, 383, 1065], ""type"": ""handwritten"", ""text"": ""чи князе.""}, {""bbox"": [140, 1058, 1532, 1174], ""type"": ""handwritten"", ""text"": ""Треба цілуватися, коли випадає монода і""}, {""bbox"": [38, 1132, 1547, 1262], ""type"": ""handwritten"", ""text"": ""кажете те, що на думці. Немає часу на пів""}, {""bbox"": [40, 1174, 1571, 1322], ""type"": ""handwritten"", ""text"": ""помешкі. Матеріальне крихке життя тікає крізь""}, {""bbox"": [48, 1326, 1567, 1466], ""type"": ""handwritten"", ""text"": ""любові.""}, {""bbox"": [52, 1362, 242, 1422], ""type"": ""handwritten"", ""text"": ""любові.""}, {""bbox"": [137, 1399, 1603, 1535], ""type"": ""handwritten"", ""text"": ""Ще треба пікати, коли можеться. За все те,""}, {""bbox"": [48, 1550, 1639, 1687], ""type"": ""handwritten"", ""text"": ""що ми не тільки знати, як пишеться далеко-""}, {""bbox"": [37, 1606, 1651, 1750], ""type"": ""handwritten"", ""text"": ""бійної дрон або балістична ракета, а й розрізняю""}, {""bbox"": [89, 1622, 1653, 1835], ""type"": ""handwritten"", ""text"": ""Росіяни хочуть, щоб ми стали схожими на""}, {""bbox"": [44, 1665, 413, 1734], ""type"": ""handwritten"", ""text"": ""їх на смерть.""}, {""bbox"": [146, 1724, 1644, 1844], ""type"": ""handwritten"", ""text"": ""Росіяни хочуть, щоб ми стали схопленим на""}, {""bbox"": [69, 1848, 1550, 1966], ""type"": ""handwritten"", ""text"": ""жити цікаво, всупереч історії і загради тих,""}, {""bbox"": [64, 1912, 1474, 2032], ""type"": ""handwritten"", ""text"": ""хто після нас говоритиме нашою мовою!""}]"
5c27cedd-96c8-460d-bb51-ec0343a510f6.jpg,"[{""bbox"": [446, 16, 858, 100], ""type"": ""handwritten"", ""text"": ""Треба жити.""}, {""bbox"": [105, 90, 1501, 169], ""type"": ""handwritten"", ""text"": ""Жити треба упевно: читати книжки, ходити в театр,""}, {""bbox"": [42, 169, 727, 249], ""type"": ""handwritten"", ""text"": ""досліджувати пса Батюшка.""}, {""bbox"": [116, 236, 1518, 312], ""type"": ""handwritten"", ""text"": ""Треба жити. Не в пів сили, не тренки, не завтра,""}, {""bbox"": [45, 304, 1515, 385], ""type"": ""handwritten"", ""text"": ""не після. По-справжньому. Зараз. Треба шарити котів,""}, {""bbox"": [39, 380, 1600, 457], ""type"": ""handwritten"", ""text"": ""збирати гроші, везти уцілілі із фронту на \""Унтерві\"",""}, {""bbox"": [42, 451, 1542, 519], ""type"": ""handwritten"", ""text"": ""робити ремонт і приносити участь тим, хто може.""}, {""bbox"": [70, 516, 1503, 593], ""type"": ""handwritten"", ""text"": ""Треба купувати сукні з мелітками, доношити на""}, {""bbox"": [73, 583, 1626, 660], ""type"": ""handwritten"", ""text"": ""війною, вимушувати Реви і генератори, а ще неиспоречти""}, {""bbox"": [73, 650, 1546, 725], ""type"": ""handwritten"", ""text"": ""включили в літературі ботсаду, бо на перший урок треба""}, {""bbox"": [69, 716, 1528, 794], ""type"": ""handwritten"", ""text"": ""принести каштанів. Треба любити свій дім, навіть""}, {""bbox"": [66, 785, 1535, 873], ""type"": ""handwritten"", ""text"": ""якщо він тимчасовий і далеко від справжнього дому,""}, {""bbox"": [63, 845, 1556, 925], ""type"": ""handwritten"", ""text"": ""того, що в селу: треба здавати кров і мови з ньою,""}, {""bbox"": [57, 907, 1570, 982], ""type"": ""handwritten"", ""text"": ""ще в чинність серії посилень мілісв до слів \""доніру\"",""}, {""bbox"": [58, 970, 640, 1027], ""type"": ""handwritten"", ""text"": ""\""пітятко\"" чи \""клян\"".""}, {""bbox"": [155, 1024, 1580, 1110], ""type"": ""handwritten"", ""text"": ""треба усміхатися, наш вспадає находа і казати те,""}, {""bbox"": [45, 1098, 1580, 1177], ""type"": ""handwritten"", ""text"": ""що на думку. Не має часу на пів-таки. Матеріально-""}, {""bbox"": [55, 1165, 1602, 1240], ""type"": ""handwritten"", ""text"": ""крижке, життя тікає крізь пальці. Справжнім виявилося""}, {""bbox"": [65, 1230, 1535, 1302], ""type"": ""handwritten"", ""text"": ""тільки те, за що не можна скотитись руками -""}, {""bbox"": [74, 1282, 664, 1349], ""type"": ""handwritten"", ""text"": ""спади, сніж і мороз.""}, {""bbox"": [126, 1348, 1510, 1418], ""type"": ""handwritten"", ""text"": ""Іму треба такати, коли можеться. За все те, що""}, {""bbox"": [54, 1411, 1495, 1481], ""type"": ""handwritten"", ""text"": ""мкайш не мало б з нами статися. За те, що ми не""}, {""bbox"": [57, 1475, 1565, 1544], ""type"": ""handwritten"", ""text"": ""тільки знаюмо як пишеться (бачіштність) і домножбінні""}, {""bbox"": [50, 1537, 1525, 1626], ""type"": ""handwritten"", ""text"": ""дрон\"" або \""баштінгова ракета\"", а її розрізняють їх на""}, {""bbox"": [56, 1627, 171, 1700], ""type"": ""handwritten"", ""text"": ""слух.""}, {""bbox"": [109, 1687, 1521, 1763], ""type"": ""handwritten"", ""text"": ""Доілли хочуть, щоб ми стали споглядачі на них,""}, {""bbox"": [54, 1753, 1449, 1835], ""type"": ""handwritten"", ""text"": ""сміли у річній гулагоні. А ми були до пити цікаво,""}, {""bbox"": [62, 1816, 1559, 1905], ""type"": ""handwritten"", ""text"": ""випередів історії і згадати тих, хто після нас говорившись""}]"
1300b172-ae72-4b09-aa11-17200a26119a.jpg,"[{""bbox"": [466, 74, 1224, 215], ""type"": ""handwritten"", ""text"": ""Диктант""}, {""bbox"": [368, 213, 1288, 360], ""type"": ""handwritten"", ""text"": ""Треба жити""}, {""bbox"": [183, 357, 1592, 503], ""type"": ""handwritten"", ""text"": ""Жити треба цікаво:""}, {""bbox"": [69, 498, 1696, 626], ""type"": ""handwritten"", ""text"": ""читати кримськи, ходити""}, {""bbox"": [65, 619, 1641, 752], ""type"": ""handwritten"", ""text"": ""в театр, дивитись пса""}, {""bbox"": [69, 739, 1663, 865], ""type"": ""handwritten"", ""text"": ""патрона. „Треба жити!""}, {""bbox"": [69, 863, 1688, 1006], ""type"": ""handwritten"", ""text"": ""Не в півсліпи, не прош-""}, {""bbox"": [68, 998, 1373, 1130], ""type"": ""handwritten"", ""text"": ""ки, не завтра, не""}, {""bbox"": [72, 1119, 1562, 1251], ""type"": ""handwritten"", ""text"": ""тіла. По-справжньому""}, {""bbox"": [83, 1240, 1572, 1379], ""type"": ""handwritten"", ""text"": ""Зараз! Треба гладити""}, {""bbox"": [76, 1368, 1618, 1498], ""type"": ""handwritten"", ""text"": ""котів, збирати гриби,""}, {""bbox"": [89, 1492, 1322, 1628], ""type"": ""handwritten"", ""text"": ""везти ціціннят із""}, {""bbox"": [70, 1618, 1591, 1760], ""type"": ""handwritten"", ""text"": ""фронту на \""Інтерві\"",""}, {""bbox"": [50, 1745, 1633, 1883], ""type"": ""handwritten"", ""text"": ""робити рекламу і при-""}, {""bbox"": [58, 1864, 1465, 1991], ""type"": ""handwritten"", ""text"": ""носити щастя тим,""}, {""bbox"": [53, 1982, 1601, 2118], ""type"": ""handwritten"", ""text"": ""ною любовлю. Треба ку-""}, {""bbox"": [51, 2106, 1568, 2246], ""type"": ""handwritten"", ""text"": ""тувати сукні з лелій-""}, {""bbox"": [65, 2222, 1467, 2359], ""type"": ""handwritten"", ""text"": ""ками і домагатися на""}, {""bbox"": [57, 2340, 1435, 2471], ""type"": ""handwritten"", ""text"": ""військо, вимушувати""}, {""bbox"": [56, 2454, 1555, 2616], ""type"": ""handwritten"", ""text"": ""Редибо і генератори, а""}]"
4c6edec1-59be-405c-a28b-759a52e9788f.jpg,"[{""bbox"": [584, 318, 771, 373], ""type"": ""annotation"", ""text"": ""27.10.25 р.""}, {""bbox"": [282, 411, 495, 457], ""type"": ""handwritten"", ""text"": ""Диктант""}, {""bbox"": [271, 455, 622, 530], ""type"": ""handwritten"", ""text"": ""Треба жити!""}, {""bbox"": [133, 520, 774, 577], ""type"": ""handwritten"", ""text"": ""Нам треба цікаво: читання,""}, {""bbox"": [67, 565, 820, 625], ""type"": ""handwritten"", ""text"": ""книжки, ходить в театр, фреклізува-""}, {""bbox"": [67, 622, 435, 665], ""type"": ""handwritten"", ""text"": ""то не Патрова.""}, {""bbox"": [129, 660, 759, 716], ""type"": ""handwritten"", ""text"": ""Преба жити! Не відмовля, не""}, {""bbox"": [63, 711, 733, 758], ""type"": ""handwritten"", ""text"": ""троєчко, не завжди, не після.""}, {""bbox"": [67, 750, 816, 803], ""type"": ""handwritten"", ""text"": ""По-справжньому! Зараз! Треба гла-""}, {""bbox"": [60, 795, 756, 846], ""type"": ""handwritten"", ""text"": ""дитей котів, збираєш гриби, взяти""}, {""bbox"": [65, 835, 786, 884], ""type"": ""handwritten"", ""text"": ""циденням із фронту на „Інтерв'ю“,""}, {""bbox"": [58, 877, 794, 921], ""type"": ""handwritten"", ""text"": ""робити рекламу і привносити щастя""}, {""bbox"": [61, 912, 809, 956], ""type"": ""handwritten"", ""text"": ""тия, кого любиш. Треба керувати""}, {""bbox"": [60, 951, 777, 991], ""type"": ""handwritten"", ""text"": ""сукні з лілею і докласти на""}, {""bbox"": [61, 984, 846, 1029], ""type"": ""handwritten"", ""text"": ""військо, вимукувати РНБи і генератори,""}, {""bbox"": [56, 1022, 811, 1066], ""type"": ""handwritten"", ""text"": ""а ще, несміючи вигорами в мішарі""}, {""bbox"": [57, 1061, 752, 1105], ""type"": ""handwritten"", ""text"": ""бонсару, бо на перший урок треба""}, {""bbox"": [56, 1098, 427, 1138], ""type"": ""handwritten"", ""text"": ""принесли хамелеонів.""}, {""bbox"": [107, 1128, 821, 1172], ""type"": ""handwritten"", ""text"": ""Треба любити свій діл навіть заєщо""}, {""bbox"": [43, 1167, 831, 1211], ""type"": ""handwritten"", ""text"": ""він тимчасовий і далеко від справжнього""}, {""bbox"": [38, 1205, 840, 1252], ""type"": ""handwritten"", ""text"": ""дому, того, що в серці. Треба здавати""}, {""bbox"": [41, 1247, 845, 1296], ""type"": ""handwritten"", ""text"": ""кров і мене з нього ще в чинилось середу""}, {""bbox"": [40, 1289, 850, 1338], ""type"": ""handwritten"", ""text"": ""послідніх любов до слів: допіку, пітятко""}, {""bbox"": [40, 1320, 219, 1356], ""type"": ""handwritten"", ""text"": ""ги княхи.""}, {""bbox"": [98, 1352, 751, 1402], ""type"": ""handwritten"", ""text"": ""Треба цілуватися коли випадає""}, {""bbox"": [31, 1393, 849, 1443], ""type"": ""handwritten"", ""text"": ""наслади і казати те, що на думці. Немає""}, {""bbox"": [34, 1426, 851, 1484], ""type"": ""handwritten"", ""text"": ""ласу на півтони. Матеріали крихке,""}]"
3db56843-9ebc-4f59-b882-266e02182e6e.jpg,"[{""bbox"": [840, 194, 1748, 393], ""type"": ""handwritten"", ""text"": ""Треба жити!""}, {""bbox"": [596, 456, 2349, 637], ""type"": ""handwritten"", ""text"": ""Жити треба цікаво: читати""}, {""bbox"": [296, 632, 2396, 823], ""type"": ""handwritten"", ""text"": ""книжки, ходити в театр, досліджувати""}, {""bbox"": [326, 811, 1158, 965], ""type"": ""handwritten"", ""text"": ""нса Патрона.""}, {""bbox"": [531, 951, 2398, 1151], ""type"": ""handwritten"", ""text"": ""треба жити! Не в пів сили, не""}, {""bbox"": [279, 1142, 2262, 1341], ""type"": ""handwritten"", ""text"": ""трошки, не завтра, не після. По-""}, {""bbox"": [286, 1319, 2388, 1522], ""type"": ""handwritten"", ""text"": ""справжньому! Зараз! Треба гладити""}, {""bbox"": [277, 1503, 2442, 1699], ""type"": ""handwritten"", ""text"": ""котів, збирали гриби, везти щуцят""}, {""bbox"": [251, 1687, 2395, 1878], ""type"": ""handwritten"", ""text"": ""із фронту на „Інтерсті“, робити""}, {""bbox"": [246, 1877, 2421, 2046], ""type"": ""handwritten"", ""text"": ""ремонт і приносити щастя тим,""}, {""bbox"": [232, 2041, 2387, 2239], ""type"": ""handwritten"", ""text"": ""кого любимо. Треба купувати сукні""}, {""bbox"": [219, 2231, 2348, 2410], ""type"": ""handwritten"", ""text"": ""митками і докатити на військо,""}, {""bbox"": [227, 2395, 2292, 2612], ""type"": ""handwritten"", ""text"": ""вилішкувати РЕБи і генератори,""}, {""bbox"": [198, 2595, 2255, 2810], ""type"": ""handwritten"", ""text"": ""а ще нимпорити веґорами в""}, {""bbox"": [171, 2791, 2288, 2992], ""type"": ""handwritten"", ""text"": ""ліжарі Ботсаду, бо на перший""}, {""bbox"": [163, 2964, 2287, 3191], ""type"": ""handwritten"", ""text"": ""урок треба принести каштанів.""}, {""bbox"": [427, 3180, 2456, 3386], ""type"": ""handwritten"", ""text"": ""Треба любити свій дім, навіть""}, {""bbox"": [167, 3371, 2196, 3596], ""type"": ""handwritten"", ""text"": ""якщо він тимчасовий і далеко від""}, {""bbox"": [148, 3576, 2253, 3820], ""type"": ""handwritten"", ""text"": ""справжнього дому, того що в серці.""}]"
c1ee7ed2-5e86-46d1-a69a-6d7f53c8cffb.jpg,"[{""bbox"": [362, 465, 2516, 648], ""type"": ""handwritten"", ""text"": ""Радіодиктант національної єдності""}, {""bbox"": [1102, 614, 2039, 759], ""type"": ""handwritten"", ""text"": ""Треба чити!""}, {""bbox"": [518, 751, 2709, 905], ""type"": ""handwritten"", ""text"": ""Жити треба цікаво: читати кни-""}, {""bbox"": [204, 885, 2516, 1067], ""type"": ""handwritten"", ""text"": ""жки, ходити в театр, дресирувать""}, {""bbox"": [200, 1038, 1165, 1192], ""type"": ""handwritten"", ""text"": ""пса Патрона...""}, {""bbox"": [461, 1160, 2762, 1319], ""type"": ""handwritten"", ""text"": ""Треба жити! Не в півсими, не тро-""}, {""bbox"": [196, 1302, 2740, 1466], ""type"": ""handwritten"", ""text"": ""шки, не завтра, не після. По-справжньо-""}, {""bbox"": [190, 1450, 2716, 1611], ""type"": ""handwritten"", ""text"": ""шу! Зараз! Треба гладити котів, зою-""}, {""bbox"": [191, 1590, 2730, 1761], ""type"": ""handwritten"", ""text"": ""лати грошей, везти щущеннят із фрон-""}, {""bbox"": [185, 1740, 2776, 1912], ""type"": ""handwritten"", ""text"": ""ту на „Інтерсіті“, робити ремонт і при-""}, {""bbox"": [194, 1887, 2516, 2048], ""type"": ""handwritten"", ""text"": ""носити щастя тим, кого любимо.""}, {""bbox"": [174, 2035, 2733, 2195], ""type"": ""handwritten"", ""text"": ""Треба купувати сукні з мелітками і""}, {""bbox"": [181, 2166, 2776, 2338], ""type"": ""handwritten"", ""text"": ""донатити на військо, вимушувати РЕБи""}, {""bbox"": [177, 2312, 2780, 2487], ""type"": ""handwritten"", ""text"": ""і генератори, а ще - нимпорити ве-""}, {""bbox"": [174, 2467, 2790, 2645], ""type"": ""handwritten"", ""text"": ""горами в містечку і Ботсаду, бо на пе-""}, {""bbox"": [155, 2614, 2789, 2789], ""type"": ""handwritten"", ""text"": ""лиши урок треба примістити каштанів.""}, {""bbox"": [442, 2764, 2795, 2937], ""type"": ""handwritten"", ""text"": ""Треба любити свій дім, навіть як-""}, {""bbox"": [159, 2914, 2781, 3090], ""type"": ""handwritten"", ""text"": ""що він тимчасовий і далеко від спра-""}, {""bbox"": [170, 3062, 2769, 3242], ""type"": ""handwritten"", ""text"": ""вісмього дому - того, що в серці. Треба""}, {""bbox"": [171, 3215, 2755, 3397], ""type"": ""handwritten"", ""text"": ""здавати кров, і, може, з нею ще в чи-""}, {""bbox"": [155, 3358, 2625, 3575], ""type"": ""handwritten"", ""text"": ""Ємусь серці поселяться любов до слів""}, {""bbox"": [144, 3514, 2502, 3748], ""type"": ""handwritten"", ""text"": ""\""допіру\"" пітятко\"" чи \""кияхи\"".""}, {""bbox"": [405, 3661, 2673, 3928], ""type"": ""handwritten"", ""text"": ""Треба цілуватися, коли випадає""}]"
0de7d55f-9c74-452d-b277-daac64fcead5.jpg,"[{""bbox"": [639, 58, 2200, 197], ""type"": ""handwritten"", ""text"": ""Двадцять сьоме жовтня""}, {""bbox"": [631, 195, 2452, 340], ""type"": ""handwritten"", ""text"": ""Всесоюзний радіодиктант""}, {""bbox"": [896, 330, 1879, 478], ""type"": ""handwritten"", ""text"": ""Треба всипи!""}, {""bbox"": [607, 459, 2620, 596], ""type"": ""handwritten"", ""text"": ""Жити треба цілково, читати книжки -""}, {""bbox"": [529, 587, 2418, 761], ""type"": ""handwritten"", ""text"": ""ки, дрессирують пса Багромо.""}, {""bbox"": [636, 731, 2477, 891], ""type"": ""handwritten"", ""text"": ""Треба жити! Не вірьому, не""}, {""bbox"": [526, 865, 2547, 1039], ""type"": ""handwritten"", ""text"": ""трошки, не завтра, не після. То-""}, {""bbox"": [534, 1012, 2620, 1183], ""type"": ""handwritten"", ""text"": ""справжньому. Зараз, зараз. У неба""}, {""bbox"": [529, 1163, 2559, 1327], ""type"": ""handwritten"", ""text"": ""глодати котів, збирання гриби,""}, {""bbox"": [526, 1319, 2390, 1458], ""type"": ""handwritten"", ""text"": ""везти щущення у дропку, на""}, {""bbox"": [457, 1442, 2426, 1619], ""type"": ""handwritten"", ""text"": ""\""Інтерсія\"", робили рекламу і""}, {""bbox"": [531, 1604, 2417, 1753], ""type"": ""handwritten"", ""text"": ""приносили щастя тим, кого""}, {""bbox"": [535, 1734, 2348, 1912], ""type"": ""handwritten"", ""text"": ""любимо. Треба купувати""}, {""bbox"": [536, 1900, 2586, 2062], ""type"": ""handwritten"", ""text"": ""одні з ліліпетами, і крісло""}, {""bbox"": [526, 2048, 2632, 2206], ""type"": ""handwritten"", ""text"": ""~~синій квас,~~ яким, кого любило.""}, {""bbox"": [506, 2189, 2645, 2367], ""type"": ""handwritten"", ""text"": ""досягати не військо, виму-""}, {""bbox"": [516, 2352, 2660, 2537], ""type"": ""handwritten"", ""text"": ""кувати РЕБи і генератори, а ще""}, {""bbox"": [505, 2522, 2675, 2683], ""type"": ""handwritten"", ""text"": ""непорягне вогнім в ліях-""}, {""bbox"": [484, 2681, 2547, 2889], ""type"": ""handwritten"", ""text"": ""ерії в ботсаду, бо не перший""}]"
1341c5bc-0e6e-4830-8634-a10e0228de71.jpg,"[{""bbox"": [865, 152, 1714, 308], ""type"": ""handwritten"", ""text"": ""Треба жити!\""""}, {""bbox"": [707, 313, 2198, 436], ""type"": ""handwritten"", ""text"": ""Жити треба цікаво: читати""}, {""bbox"": [535, 408, 2391, 539], ""type"": ""handwritten"", ""text"": ""книжки, ходити в театр, дістати""}, {""bbox"": [533, 532, 1556, 631], ""type"": ""handwritten"", ""text"": ""вати пса Патрона.""}, {""bbox"": [693, 608, 2422, 740], ""type"": ""handwritten"", ""text"": ""Ти треба жити. Не впівами, не трош-""}, {""bbox"": [545, 709, 2420, 839], ""type"": ""handwritten"", ""text"": ""ки, не завтра, не після. По-справжньо-""}, {""bbox"": [553, 818, 2285, 952], ""type"": ""handwritten"", ""text"": ""му! Зараз! Треба гладити котів,""}, {""bbox"": [538, 929, 2373, 1063], ""type"": ""handwritten"", ""text"": ""збирання грибів, вести чутливість із""}, {""bbox"": [552, 1029, 2362, 1161], ""type"": ""handwritten"", ""text"": ""фронту на снтерсіті, добити ре-""}, {""bbox"": [554, 1139, 2357, 1265], ""type"": ""handwritten"", ""text"": ""монт і приносить щастя тим,""}, {""bbox"": [556, 1240, 2428, 1369], ""type"": ""handwritten"", ""text"": ""кого любимо. Треба купувати сук-""}, {""bbox"": [560, 1355, 2370, 1478], ""type"": ""handwritten"", ""text"": ""ні з лелітками і донасти на""}, {""bbox"": [551, 1467, 2408, 1589], ""type"": ""handwritten"", ""text"": ""відсвід, вимукувати РЕБи і гене-""}, {""bbox"": [550, 1565, 2472, 1693], ""type"": ""handwritten"", ""text"": ""фатори, а ще нимпорити вегетами""}, {""bbox"": [557, 1676, 2361, 1805], ""type"": ""handwritten"", ""text"": ""в міжнароді ботсаду, бо на перший""}, {""bbox"": [554, 1786, 2376, 1915], ""type"": ""handwritten"", ""text"": ""урок треба принести каштанів,""}, {""bbox"": [692, 1903, 2476, 2023], ""type"": ""handwritten"", ""text"": ""Треба любити свій дім, навіть""}, {""bbox"": [555, 2017, 2472, 2142], ""type"": ""handwritten"", ""text"": ""якщо він тимчасовий і далеко від""}, {""bbox"": [556, 2128, 2499, 2265], ""type"": ""handwritten"", ""text"": ""справжнього дому - того, що всер-""}, {""bbox"": [548, 2249, 2480, 2382], ""type"": ""handwritten"", ""text"": ""ні. Треба здавати кров і, моте,""}, {""bbox"": [515, 2373, 2565, 2502], ""type"": ""handwritten"", ""text"": ""з нею ще в пісні мусив серед посміханя""}, {""bbox"": [536, 2489, 2573, 2625], ""type"": ""handwritten"", ""text"": ""любов до слів „допір“, „пітетко“, „гл""}, {""bbox"": [519, 2629, 1018, 2744], ""type"": ""handwritten"", ""text"": ""\""килоси\"",""}, {""bbox"": [671, 2739, 2577, 2877], ""type"": ""handwritten"", ""text"": ""Треба німитися, коли випадат""}, {""bbox"": [517, 2868, 2491, 3002], ""type"": ""handwritten"", ""text"": ""налога, і казати те, що на думці,""}, {""bbox"": [507, 2996, 2568, 3126], ""type"": ""handwritten"", ""text"": ""немає часу на півтони. Матеріаль-""}, {""bbox"": [515, 3115, 2468, 3251], ""type"": ""handwritten"", ""text"": ""не - кримакс, життя тікат крізь""}, {""bbox"": [505, 3243, 2332, 3391], ""type"": ""handwritten"", ""text"": ""палеці. Справжнім виявилося""}]"
84226802-42a8-44da-adaf-4e13ed2e4e6f.jpg,"[{""bbox"": [970, 0, 2120, 189], ""type"": ""handwritten"", ""text"": ""Преда косміч!""}, {""bbox"": [424, 148, 2510, 356], ""type"": ""handwritten"", ""text"": ""Жити треба цікаво: читати""}, {""bbox"": [154, 326, 2597, 517], ""type"": ""handwritten"", ""text"": ""книжки, ходити в театр, дрімучувати""}, {""bbox"": [201, 483, 1165, 659], ""type"": ""handwritten"", ""text"": ""на Гадрона...""}, {""bbox"": [374, 612, 2882, 820], ""type"": ""handwritten"", ""text"": ""Треба жити! Не в пів села, не тракти,""}, {""bbox"": [183, 793, 2880, 1002], ""type"": ""handwritten"", ""text"": ""не завтра, не після. По-справжньому! Зараз!""}, {""bbox"": [171, 1025, 2679, 1226], ""type"": ""handwritten"", ""text"": ""Треба гладити котів, збираючи гриби,""}, {""bbox"": [220, 1212, 2852, 1396], ""type"": ""handwritten"", ""text"": ""везти чуженят із фронту на \""Україні\""""}, {""bbox"": [186, 1392, 2708, 1559], ""type"": ""handwritten"", ""text"": ""робити рекламу і привести щастя""}, {""bbox"": [220, 1546, 2753, 1712], ""type"": ""handwritten"", ""text"": ""тим, кого любиш. Треба керувати""}, {""bbox"": [223, 1714, 2558, 1873], ""type"": ""handwritten"", ""text"": ""сухні з „лемінками“ і донастили на""}, {""bbox"": [255, 1858, 2846, 2040], ""type"": ""handwritten"", ""text"": ""військо, вилікувати ~~Р~~{Р-Б}а і генератори""}, {""bbox"": [239, 2037, 2714, 2201], ""type"": ""handwritten"", ""text"": ""а ще - нимпоратін в~~в~~{в}~~горами~~{міністрі~~}~~""}, {""bbox"": [238, 2184, 2709, 2348], ""type"": ""handwritten"", ""text"": ""в ліпніярі Ботсаду, бо на перший урок""}, {""bbox"": [254, 2336, 2566, 2518], ""type"": ""handwritten"", ""text"": ""треба принести каштанів. Треба""}, {""bbox"": [259, 2506, 2392, 2662], ""type"": ""handwritten"", ""text"": ""любити свій дім, навіть якщо він""}, {""bbox"": [258, 2651, 2624, 2807], ""type"": ""handwritten"", ""text"": ""пилігасовий і далеко від справжнього""}, {""bbox"": [226, 2802, 1775, 2967], ""type"": ""handwritten"", ""text"": ""дому - того, що в серці""}, {""bbox"": [407, 2943, 2451, 3135], ""type"": ""handwritten"", ""text"": ""Треба здавати кров, і може""}, {""bbox"": [193, 3109, 2770, 3289], ""type"": ""handwritten"", ""text"": ""з нею ще в п'ятнадцять серпня поселиться""}, {""bbox"": [274, 3263, 2606, 3444], ""type"": ""handwritten"", ""text"": ""любов до слів \""допіру\"", \""дитячко\"",""}, {""bbox"": [267, 3423, 2634, 3580], ""type"": ""handwritten"", ""text"": ""ги \""княжн\"". Треба цілуватися, коли""}, {""bbox"": [270, 3565, 2736, 3721], ""type"": ""handwritten"", ""text"": ""випадає нагад, і казати не, що на думці.""}]"
2c52754e-ce26-415c-8878-de4bca776ed7.jpg,"[{""bbox"": [401, 91, 769, 166], ""type"": ""handwritten"", ""text"": ""Треба жити!""}, {""bbox"": [239, 194, 940, 256], ""type"": ""handwritten"", ""text"": ""Жити треба цікаво і смачно""}, {""bbox"": [137, 262, 844, 327], ""type"": ""handwritten"", ""text"": ""клітки, ходити в театр,""}, {""bbox"": [135, 330, 856, 392], ""type"": ""handwritten"", ""text"": ""дисертувати на Патрона.""}, {""bbox"": [244, 391, 913, 452], ""type"": ""handwritten"", ""text"": ""Треба жити! Не в півсліп,""}, {""bbox"": [154, 458, 929, 522], ""type"": ""handwritten"", ""text"": ""не трошки, не завтра, не після""}, {""bbox"": [154, 521, 927, 593], ""type"": ""handwritten"", ""text"": ""По-справжньому! Зараз! Треба""}, {""bbox"": [162, 591, 938, 658], ""type"": ""handwritten"", ""text"": ""гадати котів, збираючи при-""}, {""bbox"": [162, 657, 919, 719], ""type"": ""handwritten"", ""text"": ""би, вірти грудьмят із фронту""}, {""bbox"": [167, 725, 955, 794], ""type"": ""handwritten"", ""text"": ""на „Інтернеті“, робити рекламі-""}, {""bbox"": [174, 798, 859, 867], ""type"": ""handwritten"", ""text"": ""і приносити щастя тим,""}, {""bbox"": [166, 861, 877, 936], ""type"": ""handwritten"", ""text"": ""каю міжимо. Треба купувати""}, {""bbox"": [171, 934, 962, 1019], ""type"": ""handwritten"", ""text"": ""супки з макітками і картоплею""}, {""bbox"": [171, 1010, 836, 1082], ""type"": ""handwritten"", ""text"": ""~~щастя тим, коло спільно~~""}, {""bbox"": [165, 1073, 957, 1151], ""type"": ""handwritten"", ""text"": ""донатити на військо, вишуку-""}, {""bbox"": [175, 1146, 909, 1230], ""type"": ""handwritten"", ""text"": ""вати РЕБИ і генератори, а""}, {""bbox"": [163, 1214, 961, 1308], ""type"": ""handwritten"", ""text"": ""ще - шипофітні вибори""}, {""bbox"": [157, 1291, 950, 1367], ""type"": ""handwritten"", ""text"": ""в ~~дитя~~ містері ботсаду.""}, {""bbox"": [480, 1369, 666, 1447], ""type"": ""annotation"", ""text"": ""Loop Me™""}, {""bbox"": [480, 1369, 666, 1447], ""type"": ""handwritten"", ""text"": ""Loop Me™""}]"
78b70718-bf5a-4461-b675-3df99398db95.jpg,"[{""bbox"": [317, 52, 2644, 245], ""type"": ""handwritten"", ""text"": ""любов до сибів: \""допірец\"", \""пітятко\"" чи""}, {""bbox"": [301, 212, 855, 340], ""type"": ""handwritten"", ""text"": ""и межи\"".""}, {""bbox"": [487, 361, 2544, 525], ""type"": ""handwritten"", ""text"": ""Треба цінуватися коли випадає""}, {""bbox"": [335, 512, 2583, 664], ""type"": ""handwritten"", ""text"": ""находа і казати те, що не думаєш.""}, {""bbox"": [333, 650, 2679, 797], ""type"": ""handwritten"", ""text"": ""Уважає часу на півтони. Матеріальне""}, {""bbox"": [335, 793, 2491, 932], ""type"": ""handwritten"", ""text"": ""краєнка, життя тікає крізь пальці.""}, {""bbox"": [370, 923, 2661, 1065], ""type"": ""handwritten"", ""text"": ""Ставропілі виявилося тільки те, за""}, {""bbox"": [333, 1067, 2681, 1211], ""type"": ""handwritten"", ""text"": ""що не можна вкопатися руками: спо-""}, {""bbox"": [339, 1203, 1455, 1340], ""type"": ""handwritten"", ""text"": ""гади, синіх, чобоз.""}, {""bbox"": [464, 1337, 2614, 1478], ""type"": ""handwritten"", ""text"": ""Що треба накати коли можеться""}, {""bbox"": [330, 1464, 2466, 1610], ""type"": ""handwritten"", ""text"": ""За все те, що ніколи й не мало з""}, {""bbox"": [337, 1605, 2456, 1740], ""type"": ""handwritten"", ""text"": ""наши стаття. За те, що ми не""}, {""bbox"": [345, 1741, 2698, 1886], ""type"": ""handwritten"", ""text"": ""тільки знаю як пишеться „далеко-""}, {""bbox"": [331, 1875, 2674, 2031], ""type"": ""handwritten"", ""text"": ""бійного дрон\"" або \""баскетбольна ракета\"",""}, {""bbox"": [329, 2012, 2250, 2163], ""type"": ""handwritten"", ""text"": ""але і розрізняємо їх на сенс.""}, {""bbox"": [662, 2152, 2641, 2297], ""type"": ""handwritten"", ""text"": ""росіяни хочуть, щоб ми стали""}, {""bbox"": [337, 2283, 2492, 2426], ""type"": ""handwritten"", ""text"": ""Судження на них, скільки у вічній""}, {""bbox"": [329, 2417, 2681, 2574], ""type"": ""handwritten"", ""text"": ""грецькі. А ми будемо жити цікаво -""}, {""bbox"": [332, 2559, 2478, 2718], ""type"": ""handwritten"", ""text"": ""віднепер історії, і заради тих, хто""}, {""bbox"": [355, 2700, 2740, 2863], ""type"": ""handwritten"", ""text"": ""після нас говорили кожною мовою""}]"
3908ae7d-5692-4c49-aa2a-5741baf6de47.jpg,"[{""bbox"": [714, 722, 2312, 845], ""type"": ""handwritten"", ""text"": ""же, з нього ще в тіємуся серці""}, {""bbox"": [705, 832, 2349, 946], ""type"": ""handwritten"", ""text"": ""поселяться любов, до сив, до піцу""}, {""bbox"": [719, 937, 1771, 1043], ""type"": ""handwritten"", ""text"": ""пітятко чи князьм.""}, {""bbox"": [875, 1026, 2419, 1155], ""type"": ""handwritten"", ""text"": ""Преба цілуватися, коли ви-""}, {""bbox"": [694, 1135, 2420, 1252], ""type"": ""handwritten"", ""text"": ""падає холодно, і казати те, що на""}, {""bbox"": [698, 1230, 2294, 1345], ""type"": ""handwritten"", ""text"": ""дулці. Немає часу на півтони.""}, {""bbox"": [695, 1328, 2318, 1452], ""type"": ""handwritten"", ""text"": ""Матеріальне крісло, освіта""}, {""bbox"": [691, 1426, 2322, 1550], ""type"": ""handwritten"", ""text"": ""тікає крізь полькі. Справжніми""}, {""bbox"": [691, 1523, 2301, 1650], ""type"": ""handwritten"", ""text"": ""виявилася тільки те, за що не""}, {""bbox"": [689, 1623, 2434, 1752], ""type"": ""handwritten"", ""text"": ""можна скоопитися руками: спога-""}, {""bbox"": [694, 1724, 1620, 1839], ""type"": ""handwritten"", ""text"": ""ди, сліх і грабов.""}, {""bbox"": [979, 1819, 2377, 1964], ""type"": ""handwritten"", ""text"": ""Ще треба пікати, коли""}, {""bbox"": [675, 1919, 2413, 2064], ""type"": ""handwritten"", ""text"": ""можеться. За все те, що ніколиб""}, {""bbox"": [676, 2012, 2341, 2169], ""type"": ""handwritten"", ""text"": ""не мало б з нами статися.""}, {""bbox"": [681, 2102, 2393, 2261], ""type"": ""handwritten"", ""text"": ""За те, що ми не тільки знаємо,""}, {""bbox"": [671, 2217, 2409, 2454], ""type"": ""handwritten"", ""text"": ""як пишеться далекобійний фронт або""}, {""bbox"": [663, 2310, 2414, 2491], ""type"": ""handwritten"", ""text"": ""болістично ракета, а й розрізняє-""}, {""bbox"": [650, 2407, 1418, 2536], ""type"": ""handwritten"", ""text"": ""моїх на слух.""}, {""bbox"": [987, 2504, 2258, 2669], ""type"": ""handwritten"", ""text"": ""Росіяни хочуть, щоб ми""}, {""bbox"": [717, 2627, 2382, 2798], ""type"": ""handwritten"", ""text"": ""стали схожими на них - скрізь""}, {""bbox"": [665, 2712, 2221, 2901], ""type"": ""handwritten"", ""text"": ""вічний гризоті. А ми були""}, {""bbox"": [658, 2814, 2316, 2992], ""type"": ""handwritten"", ""text"": ""жити цікаво - всупереч історії, і""}, {""bbox"": [652, 2910, 2141, 3078], ""type"": ""handwritten"", ""text"": ""зарядитих, хто після нас""}]"
0e7d83b5-ed95-4dc9-889d-a5f44dea0fcf.jpg,"[{""bbox"": [585, 672, 2763, 795], ""type"": ""handwritten"", ""text"": ""нагода, і казати те, що на думці.""}, {""bbox"": [578, 791, 2619, 920], ""type"": ""handwritten"", ""text"": ""Немає часу напівтони. Матеріальне""}, {""bbox"": [580, 918, 2632, 1034], ""type"": ""handwritten"", ""text"": ""Крижке життя тікає крізь пальці.""}, {""bbox"": [568, 1041, 2610, 1170], ""type"": ""handwritten"", ""text"": ""Справжніми виявилося тільки те, за що""}, {""bbox"": [565, 1177, 2743, 1293], ""type"": ""handwritten"", ""text"": ""не може солонитися руками: спогади,""}, {""bbox"": [566, 1317, 1509, 1415], ""type"": ""handwritten"", ""text"": ""силіх і любов.""}, {""bbox"": [655, 1432, 2765, 1551], ""type"": ""handwritten"", ""text"": ""ще треба підкати, коли можеся""}, {""bbox"": [552, 1561, 2753, 1682], ""type"": ""handwritten"", ""text"": ""За все те, що кілом б не мало""}, {""bbox"": [564, 1695, 2632, 1813], ""type"": ""handwritten"", ""text"": ""з нами війни. За те, що ми""}, {""bbox"": [563, 1825, 2526, 1947], ""type"": ""handwritten"", ""text"": ""не тільки знаємо, як пишеться""}, {""bbox"": [553, 1949, 2740, 2081], ""type"": ""handwritten"", ""text"": ""\"" далекобійний дрон\"" або \""басістична""}, {""bbox"": [550, 2083, 2618, 2211], ""type"": ""handwritten"", ""text"": ""ракета\"", а й розрізкаємо їх на""}, {""bbox"": [561, 2230, 859, 2338], ""type"": ""handwritten"", ""text"": ""слух.""}, {""bbox"": [627, 2354, 2580, 2477], ""type"": ""handwritten"", ""text"": ""Росіяни жують, щоб ми стали""}, {""bbox"": [550, 2480, 2817, 2611], ""type"": ""handwritten"", ""text"": ""схочили на них, скнішли у вічні""}, {""bbox"": [542, 2615, 2801, 2750], ""type"": ""handwritten"", ""text"": ""призогі. А ми будемо мати цікаво,""}, {""bbox"": [514, 2759, 2750, 2896], ""type"": ""handwritten"", ""text"": ""всупереч історії, і заради тих,""}, {""bbox"": [526, 2894, 2647, 3027], ""type"": ""handwritten"", ""text"": ""хто після нас говорить на нашою""}, {""bbox"": [539, 3058, 959, 3158], ""type"": ""handwritten"", ""text"": ""мовою.""}]"
5676d55d-25d9-465d-ade7-a13809091d7c.jpg,"[{""bbox"": [136, 141, 1650, 260], ""type"": ""handwritten"", ""text"": ""здавати хліб і може, ще в якомусь""}, {""bbox"": [134, 253, 1222, 371], ""type"": ""handwritten"", ""text"": ""сущі поселиться мовов""}, {""bbox"": [204, 364, 1395, 492], ""type"": ""handwritten"", ""text"": ""Пуся цілуватися, коли""}, {""bbox"": [142, 487, 1527, 604], ""type"": ""handwritten"", ""text"": ""випадає нагада і казати ти,""}, {""bbox"": [160, 598, 1577, 719], ""type"": ""handwritten"", ""text"": ""що на думці. Не має часу на""}, {""bbox"": [161, 712, 1548, 823], ""type"": ""handwritten"", ""text"": ""півтони. Матеріальне, кумахе -""}, {""bbox"": [160, 820, 1448, 929], ""type"": ""handwritten"", ""text"": ""життя тикає куць кальці.""}, {""bbox"": [170, 921, 1523, 1032], ""type"": ""handwritten"", ""text"": ""Справжнім виявилося тільки""}, {""bbox"": [176, 1032, 1737, 1138], ""type"": ""handwritten"", ""text"": ""те, за що не можна схопитись""}, {""bbox"": [159, 1135, 1501, 1244], ""type"": ""handwritten"", ""text"": ""руками - спогади, сльози і любов.""}, {""bbox"": [230, 1230, 1795, 1346], ""type"": ""handwritten"", ""text"": ""Ще треба плакати, коли можеться""}, {""bbox"": [147, 1335, 1655, 1445], ""type"": ""handwritten"", ""text"": ""За все те, що ніколи не мало би""}, {""bbox"": [167, 1441, 1475, 1555], ""type"": ""handwritten"", ""text"": ""з ками статися. За те, що""}, {""bbox"": [164, 1553, 1751, 1654], ""type"": ""handwritten"", ""text"": ""ми не тільки знаємо, як пишеться""}, {""bbox"": [0, 1617, 84, 1698], ""type"": ""handwritten"", ""text"": ""на,""}, {""bbox"": [163, 1643, 1629, 1757], ""type"": ""handwritten"", ""text"": ""доменовий дрін або обмістити""}, {""bbox"": [168, 1747, 1759, 1857], ""type"": ""handwritten"", ""text"": ""ракета, а й розрізнілимо їх на слух.""}, {""bbox"": [300, 1846, 1720, 1958], ""type"": ""handwritten"", ""text"": ""Росіяни жують, щоб ми стала""}, {""bbox"": [181, 1953, 1689, 2061], ""type"": ""handwritten"", ""text"": ""схожими на них, скили у вічній""}, {""bbox"": [0, 1990, 96, 2082], ""type"": ""handwritten"", ""text"": ""вісім""}, {""bbox"": [187, 2051, 1702, 2159], ""type"": ""handwritten"", ""text"": ""гризоті. А ми будемо жити цікаво,""}, {""bbox"": [192, 2142, 1544, 2246], ""type"": ""handwritten"", ""text"": ""всупереч історії і закади тих""}]"
36784a07-53cb-4e89-81e3-9263dc488243.jpg,"[{""bbox"": [511, 56, 1086, 158], ""type"": ""handwritten"", ""text"": ""Треба жити!""}, {""bbox"": [379, 180, 1722, 275], ""type"": ""handwritten"", ""text"": ""Жити треба уїкаво: читати книж-""}, {""bbox"": [209, 270, 1771, 369], ""type"": ""handwritten"", ""text"": ""ки, ходити в театр, дресирувать пса Пат-""}, {""bbox"": [203, 372, 443, 455], ""type"": ""handwritten"", ""text"": ""рона...""}, {""bbox"": [382, 434, 1723, 524], ""type"": ""handwritten"", ""text"": ""Преба жити! Не впівсилі, не трац-""}, {""bbox"": [198, 523, 1649, 614], ""type"": ""handwritten"", ""text"": ""ки, не завтра, не після. То-справжньому!""}, {""bbox"": [192, 607, 1709, 698], ""type"": ""handwritten"", ""text"": ""Зараз! Треба гладити котів, збирати гриби,""}, {""bbox"": [190, 688, 1633, 783], ""type"": ""handwritten"", ""text"": ""везти чуженят із фронту на „Інтерві“,""}, {""bbox"": [185, 781, 1716, 867], ""type"": ""handwritten"", ""text"": ""робити ремонт і приносити щастя тим,""}, {""bbox"": [190, 861, 1768, 947], ""type"": ""handwritten"", ""text"": ""кого любимо. Треба купувати сукні з леліт-""}, {""bbox"": [190, 943, 1723, 1033], ""type"": ""handwritten"", ""text"": ""ками і донатити на військо, вишукувати""}, {""bbox"": [204, 1026, 1627, 1110], ""type"": ""handwritten"", ""text"": ""РЕБи і генератори, а ще - нищо́рити""}, {""bbox"": [204, 1105, 1712, 1200], ""type"": ""handwritten"", ""text"": ""вечорами в міжзярі ботсаду, бо на перший""}, {""bbox"": [203, 1194, 1284, 1283], ""type"": ""handwritten"", ""text"": ""урок треба принести каштанів?""}, {""bbox"": [365, 1273, 1716, 1362], ""type"": ""handwritten"", ""text"": ""Треба любити світ діл, навіть якщо""}, {""bbox"": [189, 1360, 1694, 1449], ""type"": ""handwritten"", ""text"": ""він тимчасовий і далеко від справжнього до-""}, {""bbox"": [187, 1442, 1542, 1533], ""type"": ""handwritten"", ""text"": ""му - того, що в серці. Треба здавати""}, {""bbox"": [182, 1524, 1633, 1616], ""type"": ""handwritten"", ""text"": ""кров - і може, з нею ще в чиємусь серці""}, {""bbox"": [180, 1612, 1691, 1700], ""type"": ""handwritten"", ""text"": ""поселяться любов до слів „допіру“, „пітятко“""}, {""bbox"": [180, 1704, 579, 1788], ""type"": ""handwritten"", ""text"": ""чи „княхи“.""}, {""bbox"": [349, 1783, 1684, 1867], ""type"": ""handwritten"", ""text"": ""Треба чіпуватися, коли випадає нагода,""}, {""bbox"": [153, 1869, 1655, 1959], ""type"": ""handwritten"", ""text"": ""і казати те, що на думці. Немає чому на""}, {""bbox"": [165, 1950, 1664, 2038], ""type"": ""handwritten"", ""text"": ""півтони. Матеріальне крихке, життя тікає""}, {""bbox"": [161, 2029, 1711, 2120], ""type"": ""handwritten"", ""text"": ""крізь пальці. Справжнім виявилося тільки те,""}, {""bbox"": [154, 2124, 1758, 2218], ""type"": ""handwritten"", ""text"": ""за що не можна схопитись руками, - спогади,""}, {""bbox"": [150, 2220, 680, 2298], ""type"": ""handwritten"", ""text"": ""сміх і любов.""}]"
069c4bf2-1f06-4d67-becf-9bbbd255b347.jpg,"[{""bbox"": [630, 86, 1349, 247], ""type"": ""handwritten"", ""text"": ""Треба жити!""}, {""bbox"": [188, 284, 2359, 438], ""type"": ""handwritten"", ""text"": ""Знити треба цікаво: читати книжки, ходити""}, {""bbox"": [27, 417, 1762, 586], ""type"": ""handwritten"", ""text"": ""в театр, дресирувати пса Патрона.""}, {""bbox"": [186, 572, 2459, 752], ""type"": ""handwritten"", ""text"": ""Треба жити. Не впівсічі, не трошки, не завтра,""}, {""bbox"": [50, 703, 2452, 882], ""type"": ""handwritten"", ""text"": ""не після. То - справжньому. Зараз. Треба шанити котів,""}, {""bbox"": [20, 819, 2454, 1008], ""type"": ""handwritten"", ""text"": ""збирати гриби, взяти чужинецтв із фронту на інтересіті,""}, {""bbox"": [22, 940, 2453, 1124], ""type"": ""handwritten"", ""text"": ""робити ремонт і приносити щастя тим, кого любимо.""}, {""bbox"": [19, 1068, 2385, 1277], ""type"": ""handwritten"", ""text"": ""Треба купувати сукні з мелітками і докатати""}, {""bbox"": [22, 1185, 2306, 1372], ""type"": ""handwritten"", ""text"": ""на військо, вимушувати реби і генератори, а""}, {""bbox"": [28, 1314, 2316, 1550], ""type"": ""handwritten"", ""text"": ""не, нимпорити векторами у мінісіярії ботсаду,""}, {""bbox"": [26, 1423, 2241, 1637], ""type"": ""handwritten"", ""text"": ""бо на перший урок треба принести каштанів.""}, {""bbox"": [29, 1634, 2411, 1929], ""type"": ""handwritten"", ""text"": ""совий і далеко від справжнього дому - того, що в""}, {""bbox"": [29, 1943, 2343, 2159], ""type"": ""handwritten"", ""text"": ""чимуть серці посмітися любов до слів: „допіку“,""}, {""bbox"": [38, 2068, 1155, 2213], ""type"": ""handwritten"", ""text"": ""„пітчеко“, чи „кичми“""}, {""bbox"": [235, 2184, 2441, 2430], ""type"": ""handwritten"", ""text"": ""Треба шілуватися, коли випадає находа, і казати""}, {""bbox"": [25, 2308, 2449, 2512], ""type"": ""handwritten"", ""text"": ""те, що на думці. Нимає часу на півтони. Матеріяльне""}, {""bbox"": [45, 2390, 2456, 2616], ""type"": ""handwritten"", ""text"": ""- крижке, життя тікає крізь пальці. Справжнім вияви-""}, {""bbox"": [25, 2554, 2449, 2758], ""type"": ""handwritten"", ""text"": ""лися тільки те, за що не можна схочитись руками""}, {""bbox"": [26, 2689, 1172, 2802], ""type"": ""handwritten"", ""text"": ""- спогади, смих і любов.""}, {""bbox"": [186, 2797, 2453, 2959], ""type"": ""handwritten"", ""text"": ""Це треба танати, коли можеться. За все те, що""}, {""bbox"": [38, 2902, 2381, 3104], ""type"": ""handwritten"", ""text"": ""ніколи б не мало з нами статися. За те, що ми""}, {""bbox"": [27, 3003, 2373, 3209], ""type"": ""handwritten"", ""text"": ""не тільки знавмо, як пишеться \""далекобійний""}, {""bbox"": [26, 3109, 2421, 3295], ""type"": ""handwritten"", ""text"": ""дрон\"" або \""балістична ракета\"", а й розрізняємо їх""}]"
00af1ec3-5315-4782-bc61-bf498617e5a2.jpg,"[{""bbox"": [412, 12, 1107, 115], ""type"": ""handwritten"", ""text"": ""Радіодиктант 2025""}, {""bbox"": [320, 101, 892, 224], ""type"": ""handwritten"", ""text"": ""Треба жити!""}, {""bbox"": [132, 219, 1609, 328], ""type"": ""handwritten"", ""text"": ""жити треба цікаво: читати книж-""}, {""bbox"": [47, 318, 1511, 442], ""type"": ""handwritten"", ""text"": ""ки, ходити в театр, дресирувати пса""}, {""bbox"": [56, 425, 424, 538], ""type"": ""handwritten"", ""text"": ""Патрона.""}, {""bbox"": [121, 531, 1609, 642], ""type"": ""handwritten"", ""text"": ""Преда жити! Не впівсем, не трошки,""}, {""bbox"": [52, 639, 1565, 746], ""type"": ""handwritten"", ""text"": ""не завтра, не після. По-справжньому!""}, {""bbox"": [65, 739, 1588, 863], ""type"": ""handwritten"", ""text"": ""Зараз! Треба шанити котів, збирати""}, {""bbox"": [62, 856, 1525, 973], ""type"": ""handwritten"", ""text"": ""гриби, везти щущення із фронту на""}, {""bbox"": [61, 963, 1619, 1079], ""type"": ""handwritten"", ""text"": ""„Інтерсіті“, робити ремонт і приносити""}, {""bbox"": [55, 1068, 1425, 1182], ""type"": ""handwritten"", ""text"": ""щастя тим, кого любимо. Треба""}, {""bbox"": [61, 1182, 1611, 1298], ""type"": ""handwritten"", ""text"": ""купувати сукні з мелітками і докати-""}, {""bbox"": [62, 1285, 1596, 1408], ""type"": ""handwritten"", ""text"": ""ти на військо, вимукувати в РЕБи""}, {""bbox"": [61, 1400, 1607, 1519], ""type"": ""handwritten"", ""text"": ""та генератори, а ще килимфати ве-""}, {""bbox"": [64, 1510, 1468, 1629], ""type"": ""handwritten"", ""text"": ""горами в між'яр'ї ботсаду, бо на""}, {""bbox"": [60, 1620, 1591, 1747], ""type"": ""handwritten"", ""text"": ""перший урок треба принести кашта-""}, {""bbox"": [62, 1728, 237, 1828], ""type"": ""handwritten"", ""text"": ""нів.""}, {""bbox"": [114, 1834, 1536, 1962], ""type"": ""handwritten"", ""text"": ""Треба любити свій дім, навіть""}, {""bbox"": [46, 1952, 1533, 2077], ""type"": ""handwritten"", ""text"": ""якщо він тимчасовий і далеко від""}, {""bbox"": [52, 2069, 1624, 2201], ""type"": ""handwritten"", ""text"": ""справжнього дому - того, що в серці.""}]"
1f9d8b95-820b-4309-9307-8e8071c372aa.jpg,"[{""bbox"": [1031, 340, 1809, 505], ""type"": ""handwritten"", ""text"": ""Треба жити""}, {""bbox"": [372, 488, 2353, 645], ""type"": ""handwritten"", ""text"": ""Жити треба уїкаво: читати""}, {""bbox"": [223, 630, 2091, 777], ""type"": ""handwritten"", ""text"": ""книжки, ходити в театр,""}, {""bbox"": [215, 763, 1998, 940], ""type"": ""handwritten"", ""text"": ""дресерувати пса Патрона...""}, {""bbox"": [396, 898, 2455, 1055], ""type"": ""handwritten"", ""text"": ""Треба жити! Не впівсими, не""}, {""bbox"": [212, 1039, 2288, 1202], ""type"": ""handwritten"", ""text"": ""трошки, не завтра, не після.""}, {""bbox"": [225, 1180, 2412, 1350], ""type"": ""handwritten"", ""text"": ""По-справжньо му! Зараз! Треба""}, {""bbox"": [226, 1327, 2497, 1493], ""type"": ""handwritten"", ""text"": ""гладити котів, збираючи гриби,""}, {""bbox"": [221, 1478, 2426, 1625], ""type"": ""handwritten"", ""text"": ""везти уцценят із фронту на""}, {""bbox"": [209, 1606, 2380, 1771], ""type"": ""handwritten"", ""text"": ""„Інтерсіті“, робити ремонт і""}, {""bbox"": [225, 1763, 2587, 1911], ""type"": ""handwritten"", ""text"": ""приносити щастя тися, кого""}, {""bbox"": [224, 1891, 2706, 2055], ""type"": ""handwritten"", ""text"": ""любимо. Треба купувати сукні""}, {""bbox"": [211, 2033, 2753, 2190], ""type"": ""handwritten"", ""text"": ""з членітками і досягати на""}, {""bbox"": [201, 2170, 2371, 2333], ""type"": ""handwritten"", ""text"": ""військо, вимукувати РЕБи і""}, {""bbox"": [199, 2317, 2544, 2475], ""type"": ""handwritten"", ""text"": ""генератори, а єще-ниспорито""}, {""bbox"": [202, 2457, 2611, 2612], ""type"": ""handwritten"", ""text"": ""вегорами в сім'ярі Ботсаду,""}, {""bbox"": [205, 2602, 2491, 2758], ""type"": ""handwritten"", ""text"": ""бо на перший урок треба""}, {""bbox"": [202, 2738, 1831, 2888], ""type"": ""handwritten"", ""text"": ""принести каситанів.""}, {""bbox"": [346, 2866, 2761, 3018], ""type"": ""handwritten"", ""text"": ""Треба любити свій дім, навіть""}, {""bbox"": [192, 3010, 2146, 3160], ""type"": ""handwritten"", ""text"": ""якщо він тисячолітній і""}, {""bbox"": [211, 3147, 2750, 3304], ""type"": ""handwritten"", ""text"": ""далеко від справжнього досвіду -""}, {""bbox"": [199, 3289, 2619, 3454], ""type"": ""handwritten"", ""text"": ""того, що в серці. Треба здавати""}, {""bbox"": [181, 3434, 2413, 3614], ""type"": ""handwritten"", ""text"": ""кров, і, може, з нею ще в""}]"
2d7ee75e-a401-46bc-b4e8-c536c7ecfd9b.jpg,"[{""bbox"": [220, 8, 1471, 106], ""type"": ""handwritten"", ""text"": ""Двадцять сьоме жовтня""}, {""bbox"": [530, 93, 1021, 160], ""type"": ""handwritten"", ""text"": ""Диктант""}, {""bbox"": [340, 152, 1130, 256], ""type"": ""handwritten"", ""text"": ""Треба жити!""}, {""bbox"": [227, 248, 2133, 344], ""type"": ""handwritten"", ""text"": ""Жити треба цікаво: читати книжки,""}, {""bbox"": [151, 334, 2191, 420], ""type"": ""handwritten"", ""text"": ""ходити в театр, дресирувати пса Патрона,""}, {""bbox"": [198, 410, 2176, 497], ""type"": ""handwritten"", ""text"": ""Треба жити! Не впівсими, не трошками,""}, {""bbox"": [129, 482, 2194, 567], ""type"": ""handwritten"", ""text"": ""не завтра, не після. По-справжньому! За-""}, {""bbox"": [119, 553, 2185, 639], ""type"": ""handwritten"", ""text"": ""раз! Потріба гладити котів, збирати гри-""}, {""bbox"": [124, 624, 2203, 723], ""type"": ""handwritten"", ""text"": ""би, везти їхуценят із фронту на Інтерн-""}, {""bbox"": [125, 711, 2168, 802], ""type"": ""handwritten"", ""text"": ""ті, робити ремонт і приносити щастя""}, {""bbox"": [127, 789, 2195, 881], ""type"": ""handwritten"", ""text"": ""тим, кого любимо. Треба купувати сук-""}, {""bbox"": [121, 870, 2206, 958], ""type"": ""handwritten"", ""text"": ""ні з митками і донатити на військо,""}, {""bbox"": [112, 948, 2197, 1021], ""type"": ""handwritten"", ""text"": ""вимукувати РЕБи й генератори, а ще ни-""}, {""bbox"": [105, 1012, 2172, 1089], ""type"": ""handwritten"", ""text"": ""мпорити вигорами в мікс, яр, ї ботсаду, бо""}, {""bbox"": [102, 1080, 2188, 1163], ""type"": ""handwritten"", ""text"": ""на перший урок треба принести каштанів.""}, {""bbox"": [893, 1147, 2079, 1222], ""type"": ""handwritten"", ""text"": ""свій дім, навіть якщо він""}, {""bbox"": [134, 1216, 2192, 1293], ""type"": ""handwritten"", ""text"": ""тимчасовий і далеко від справжнього дому-""}, {""bbox"": [102, 1282, 2199, 1374], ""type"": ""handwritten"", ""text"": ""того, що в серці. Треба здавати кров, і,""}, {""bbox"": [101, 1360, 2212, 1460], ""type"": ""handwritten"", ""text"": ""може, з нею ще в чияюсь серці поселить-""}, {""bbox"": [100, 1442, 2140, 1538], ""type"": ""handwritten"", ""text"": ""ся любов до слів „допіру“, „пітятко“ чи""}, {""bbox"": [100, 1536, 526, 1613], ""type"": ""handwritten"", ""text"": ""\""Княжи\"".""}, {""bbox"": [191, 1573, 2210, 1686], ""type"": ""handwritten"", ""text"": ""Треба цілуватися, коли випадає налода,""}, {""bbox"": [94, 1670, 2174, 1763], ""type"": ""handwritten"", ""text"": ""і казати те, що на думці. Немає часу""}, {""bbox"": [93, 1742, 2224, 1832], ""type"": ""handwritten"", ""text"": ""на півтони. Матеріяльне й крихке, життя""}, {""bbox"": [93, 1816, 2220, 1907], ""type"": ""handwritten"", ""text"": ""тікає крізь пальці. Справжнім виявило""}, {""bbox"": [89, 1893, 2223, 1984], ""type"": ""handwritten"", ""text"": ""ся тільки те, за що не можна схопити-""}, {""bbox"": [86, 1971, 1993, 2060], ""type"": ""handwritten"", ""text"": ""ся руками: спогади, сміх і любов.""}, {""bbox"": [168, 2045, 2229, 2139], ""type"": ""handwritten"", ""text"": ""Це треба плакати, коли можеться. За""}, {""bbox"": [90, 2127, 2108, 2217], ""type"": ""handwritten"", ""text"": ""все те, що ніколи й не мало з нами""}, {""bbox"": [88, 2202, 2223, 2292], ""type"": ""handwritten"", ""text"": ""статися. За те, що ми не тільки знаємо,""}, {""bbox"": [82, 2276, 2218, 2363], ""type"": ""handwritten"", ""text"": ""як пишеться далекобійний дрон або ба-""}, {""bbox"": [79, 2353, 2216, 2443], ""type"": ""handwritten"", ""text"": ""лістячна ракета, а й розрізняємо їх на""}, {""bbox"": [78, 2440, 364, 2521], ""type"": ""handwritten"", ""text"": ""слух.""}, {""bbox"": [157, 2506, 2155, 2610], ""type"": ""handwritten"", ""text"": ""Росіяни хочуть, щоб ми стали схо-""}, {""bbox"": [65, 2596, 2171, 2697], ""type"": ""handwritten"", ""text"": ""жиме на них, скніли у вічній гри-""}, {""bbox"": [64, 2685, 2163, 2786], ""type"": ""handwritten"", ""text"": ""зоті. А ми будемо жити цікаво,""}, {""bbox"": [78, 2774, 2229, 2876], ""type"": ""handwritten"", ""text"": ""всупереч історії і заради тих, хто""}, {""bbox"": [76, 2861, 2248, 2969], ""type"": ""handwritten"", ""text"": ""після нас говорилися нашою мо-""}, {""bbox"": [89, 2964, 371, 3070], ""type"": ""handwritten"", ""text"": ""вою.""}]"
e143dcbe-86e2-4e00-9049-3ee922c4de02.jpg,"[{""bbox"": [946, 581, 2161, 711], ""type"": ""handwritten"", ""text"": ""національної єдності 2025""}, {""bbox"": [634, 699, 2495, 846], ""type"": ""handwritten"", ""text"": ""до Дня української писемності й мови""}, {""bbox"": [1030, 849, 1876, 990], ""type"": ""handwritten"", ""text"": ""Потреба поїсти!""}, {""bbox"": [480, 977, 2407, 1140], ""type"": ""handwritten"", ""text"": ""Жити треба цікаво: читати книжки,""}, {""bbox"": [392, 1120, 2484, 1264], ""type"": ""handwritten"", ""text"": ""ходити в театр, дресувати пса Патрона.""}, {""bbox"": [391, 1257, 2514, 1417], ""type"": ""handwritten"", ""text"": ""Треба жити! Не в півени, не трошки, не""}, {""bbox"": [385, 1398, 2442, 1547], ""type"": ""handwritten"", ""text"": ""завтра, не після. По-справжньому. Зараз.""}, {""bbox"": [364, 1548, 2486, 1715], ""type"": ""handwritten"", ""text"": ""Треба падити котів, збиранти гриби,""}, {""bbox"": [368, 1697, 2514, 1845], ""type"": ""handwritten"", ""text"": ""взяти учасників із фронту на „Інтервіні“,""}, {""bbox"": [322, 1871, 2497, 2008], ""type"": ""handwritten"", ""text"": ""робити ремонт і приносити щастя тим,""}, {""bbox"": [330, 2012, 2415, 2160], ""type"": ""handwritten"", ""text"": ""ного любити. Треба купувати сукні з""}, {""bbox"": [317, 2172, 2509, 2311], ""type"": ""handwritten"", ""text"": ""млітками і домотити нас військо, вину""}, {""bbox"": [309, 2338, 2590, 2498], ""type"": ""handwritten"", ""text"": ""кувати РЕБи і генератори, а це - пишно-""}, {""bbox"": [289, 2498, 2630, 2661], ""type"": ""handwritten"", ""text"": ""рити всерами в міністарії ботсаду, бо""}, {""bbox"": [255, 2692, 2737, 2863], ""type"": ""handwritten"", ""text"": ""на перший урок треба принести каштанів.""}, {""bbox"": [242, 2859, 2566, 3025], ""type"": ""handwritten"", ""text"": ""Треба любити свій дім, навіть якщо""}, {""bbox"": [226, 3029, 2691, 3227], ""type"": ""handwritten"", ""text"": ""він тимчасовий і далеко від справжнього""}, {""bbox"": [205, 3216, 2688, 3433], ""type"": ""handwritten"", ""text"": ""дому, того, що в серці. Треба здавати кров,""}, {""bbox"": [190, 3408, 2381, 3618], ""type"": ""handwritten"", ""text"": ""і, може, з нею ще в чомусь серці""}]"
2c4689f3-1195-4adc-bf62-8ec3a1b7b339.jpg,"[{""bbox"": [749, 27, 1392, 201], ""type"": ""handwritten"", ""text"": ""Диктант""}, {""bbox"": [316, 431, 1907, 594], ""type"": ""handwritten"", ""text"": ""жити треба цікаво, читати""}, {""bbox"": [124, 545, 1674, 682], ""type"": ""handwritten"", ""text"": ""кінчаться, хочете в театр,""}, {""bbox"": [110, 648, 1631, 776], ""type"": ""handwritten"", ""text"": ""досувати пса Катрона.""}, {""bbox"": [302, 746, 1853, 869], ""type"": ""handwritten"", ""text"": ""Треба жити. Не в півслім""}, {""bbox"": [92, 834, 1858, 964], ""type"": ""handwritten"", ""text"": ""пітрячим, не завтра, не після""}, {""bbox"": [229, 935, 1677, 1074], ""type"": ""handwritten"", ""text"": ""По-справжньому. Загалом""}, {""bbox"": [207, 1032, 1629, 1166], ""type"": ""handwritten"", ""text"": ""Треба читати котів!""}, {""bbox"": [89, 1133, 1499, 1262], ""type"": ""handwritten"", ""text"": ""збирати фішки, везти""}, {""bbox"": [78, 1236, 1680, 1362], ""type"": ""handwritten"", ""text"": ""відділеннят. Із, опоріти на""}, {""bbox"": [95, 1332, 1818, 1467], ""type"": ""handwritten"", ""text"": ""дитерсіті, Пробити решот""}, {""bbox"": [51, 1433, 1793, 1565], ""type"": ""handwritten"", ""text"": ""і притягати цікава тим,""}, {""bbox"": [42, 1541, 1840, 1676], ""type"": ""handwritten"", ""text"": ""кого любили. Треба купувати""}, {""bbox"": [52, 1652, 1775, 1771], ""type"": ""handwritten"", ""text"": ""сиділи з листками і до-""}, {""bbox"": [28, 1744, 1827, 1877], ""type"": ""handwritten"", ""text"": ""жатиби на військо, вилізку""}, {""bbox"": [15, 1848, 1833, 1982], ""type"": ""handwritten"", ""text"": ""вати + РЕБи і генератори, а""}, {""bbox"": [39, 1958, 1754, 2083], ""type"": ""handwritten"", ""text"": ""що жити поручи з весярним""}, {""bbox"": [38, 2065, 1742, 2188], ""type"": ""handwritten"", ""text"": ""в між'язрії ботсаду, бо на""}, {""bbox"": [32, 2174, 1843, 2296], ""type"": ""handwritten"", ""text"": ""перший / урок треба принести""}, {""bbox"": [25, 2270, 705, 2396], ""type"": ""handwritten"", ""text"": ""хвилитанів.""}]"
422a4acd-4d89-4123-a7c4-1b2919ad2e2f.jpg,"[{""bbox"": [302, 87, 499, 127], ""type"": ""handwritten"", ""text"": ""Треба жити!""}, {""bbox"": [131, 134, 657, 168], ""type"": ""handwritten"", ""text"": ""Жити треба цікаво: читати книжки,""}, {""bbox"": [90, 164, 682, 195], ""type"": ""handwritten"", ""text"": ""ходити в театр, дресирувати пса Патрона.""}, {""bbox"": [97, 191, 620, 224], ""type"": ""handwritten"", ""text"": ""Гуртоба жити! Не в півголи, не трошки,""}, {""bbox"": [101, 216, 687, 251], ""type"": ""handwritten"", ""text"": ""не завтра, не після. По-справжньому! Зараз!""}, {""bbox"": [98, 245, 672, 278], ""type"": ""handwritten"", ""text"": ""Треба підзнати котів, збирати гриби, везти""}, {""bbox"": [98, 273, 599, 307], ""type"": ""handwritten"", ""text"": ""пущенят із фронту на „Інтересі“,""}, {""bbox"": [99, 302, 672, 332], ""type"": ""handwritten"", ""text"": ""робити ремонт і приносити щастя тим,""}, {""bbox"": [101, 328, 711, 359], ""type"": ""handwritten"", ""text"": ""чого любили. Треба купувати сукні з ленточками.""}, {""bbox"": [100, 355, 654, 385], ""type"": ""handwritten"", ""text"": ""і докатити на військо, вимушувати реби""}, {""bbox"": [102, 382, 689, 413], ""type"": ""handwritten"", ""text"": ""і генератори, а ще - нимпорити вгорами""}, {""bbox"": [98, 412, 643, 444], ""type"": ""handwritten"", ""text"": ""в лікарі ботсаду, бо на перший пудок""}, {""bbox"": [97, 440, 453, 473], ""type"": ""handwritten"", ""text"": ""треба принести каштанів.""}, {""bbox"": [138, 469, 637, 503], ""type"": ""handwritten"", ""text"": ""Треба любити свій дім, навіть якщо""}, {""bbox"": [96, 500, 647, 533], ""type"": ""handwritten"", ""text"": ""він тимчасовий і далеко від справжнього""}, {""bbox"": [103, 530, 660, 563], ""type"": ""handwritten"", ""text"": ""дому - того, що в серці. Треба здавати""}, {""bbox"": [100, 561, 648, 594], ""type"": ""handwritten"", ""text"": ""кров, і, мове, з нею ще в пивцівсь серці""}, {""bbox"": [110, 590, 713, 624], ""type"": ""handwritten"", ""text"": ""поселиться любов до сив \""Депіру\"", \""пітятко\""""}, {""bbox"": [100, 617, 268, 646], ""type"": ""handwritten"", ""text"": ""чи \""княжні\"".""}, {""bbox"": [139, 645, 687, 679], ""type"": ""handwritten"", ""text"": ""Треба цілуватися, коли випадав находа,""}, {""bbox"": [90, 675, 642, 707], ""type"": ""handwritten"", ""text"": ""і казати те, що на думці. Немав часу""}, {""bbox"": [93, 704, 656, 734], ""type"": ""handwritten"", ""text"": ""на півтони. Матеріальне крихке, життя""}, {""bbox"": [96, 731, 644, 762], ""type"": ""handwritten"", ""text"": ""тіхав криж пальці. Справжнім виявилось""}, {""bbox"": [102, 762, 646, 791], ""type"": ""handwritten"", ""text"": ""тільки те, за що не можна схопитись""}, {""bbox"": [103, 788, 527, 820], ""type"": ""handwritten"", ""text"": ""риками: спогади, сміх і любов.""}, {""bbox"": [140, 817, 657, 845], ""type"": ""handwritten"", ""text"": ""Ме треба плакати, коли можеться.""}, {""bbox"": [102, 843, 661, 874], ""type"": ""handwritten"", ""text"": ""за все те, що ніколи б не мало знамен""}, {""bbox"": [102, 871, 679, 905], ""type"": ""handwritten"", ""text"": ""стаття. За те, що ми не тільки зравно,""}, {""bbox"": [103, 903, 626, 935], ""type"": ""handwritten"", ""text"": ""як пишеться, далекобійний дрон\"" або""}, {""bbox"": [105, 932, 653, 970], ""type"": ""handwritten"", ""text"": ""\""балистична ракета\"", але й розрізнюючи""}]"
5868c5e3-c32e-4463-82fa-98ed082a98b1.jpg,"[{""bbox"": [364, 80, 644, 131], ""type"": ""handwritten"", ""text"": ""Треба жити""}, {""bbox"": [151, 129, 794, 173], ""type"": ""handwritten"", ""text"": ""Життя треба цікаво: митати""}, {""bbox"": [86, 171, 855, 221], ""type"": ""handwritten"", ""text"": ""книжки, ходити в театр, дріматувати""}, {""bbox"": [82, 217, 361, 263], ""type"": ""handwritten"", ""text"": ""пса Патрона.""}, {""bbox"": [143, 261, 760, 308], ""type"": ""handwritten"", ""text"": ""Підбача писати. Не в півсеми, не""}, {""bbox"": [93, 308, 838, 359], ""type"": ""handwritten"", ""text"": ""траски, не завтра, не після. По-справж-""}, {""bbox"": [87, 353, 793, 404], ""type"": ""handwritten"", ""text"": ""ньому! Зараз! Треба гладити котів,""}, {""bbox"": [87, 402, 764, 453], ""type"": ""handwritten"", ""text"": ""збирання гриби, ведення ужиток із""}, {""bbox"": [87, 447, 848, 499], ""type"": ""handwritten"", ""text"": ""формату на інтернеті, робити ре-""}, {""bbox"": [83, 495, 821, 542], ""type"": ""handwritten"", ""text"": ""може і приносити щастя тим,""}, {""bbox"": [83, 536, 844, 590], ""type"": ""handwritten"", ""text"": ""кого любило. Треба купувати сукні""}, {""bbox"": [82, 588, 774, 638], ""type"": ""handwritten"", ""text"": ""з листками і донести на""}, {""bbox"": [85, 633, 858, 683], ""type"": ""handwritten"", ""text"": ""військо, вилікувати роби та генера-""}, {""bbox"": [75, 680, 822, 729], ""type"": ""handwritten"", ""text"": ""тори, а ще, мимопорісти вечерами""}, {""bbox"": [81, 724, 859, 776], ""type"": ""handwritten"", ""text"": ""в літній ботсаду, бо на перший""}, {""bbox"": [81, 770, 853, 820], ""type"": ""handwritten"", ""text"": ""урок треба принести календарів.""}, {""bbox"": [87, 816, 821, 869], ""type"": ""handwritten"", ""text"": ""Треба любити свій дім, мавіть""}, {""bbox"": [90, 862, 813, 910], ""type"": ""handwritten"", ""text"": ""якщо він тимчасовий і далеко""}, {""bbox"": [88, 905, 832, 954], ""type"": ""handwritten"", ""text"": ""від справжнього дому, того, що в""}, {""bbox"": [84, 949, 818, 1001], ""type"": ""handwritten"", ""text"": ""сечі. Треба здавати кров і може""}, {""bbox"": [88, 996, 858, 1050], ""type"": ""handwritten"", ""text"": ""з ним ще в читальці серці посміхалося""}, {""bbox"": [86, 1043, 812, 1103], ""type"": ""handwritten"", ""text"": ""любов до слів: доніку, тітятко чи""}, {""bbox"": [84, 1101, 222, 1145], ""type"": ""handwritten"", ""text"": ""княж.""}]"
39d587b7-6ea0-42db-8ae4-6c72d70f006b.jpg,"[{""bbox"": [541, 52, 1097, 129], ""type"": ""handwritten"", ""text"": ""Радіодиктант 2025""}, {""bbox"": [584, 137, 971, 195], ""type"": ""handwritten"", ""text"": ""Отреба жити""}, {""bbox"": [314, 191, 1373, 238], ""type"": ""handwritten"", ""text"": ""Жити треба цікаво - читати книжки,""}, {""bbox"": [261, 233, 1397, 285], ""type"": ""handwritten"", ""text"": ""ходити в театр, дискувати постат-""}, {""bbox"": [254, 272, 395, 319], ""type"": ""handwritten"", ""text"": ""рона.""}, {""bbox"": [310, 301, 1399, 353], ""type"": ""handwritten"", ""text"": ""Потріба жити! Не в півсліпом, не грошами,""}, {""bbox"": [252, 349, 1409, 394], ""type"": ""handwritten"", ""text"": ""не завтра, не після. По-справжньому! Зараз!""}, {""bbox"": [434, 387, 1310, 433], ""type"": ""handwritten"", ""text"": ""ба гладити котів, збирання гриби""}, {""bbox"": [260, 427, 1409, 472], ""type"": ""handwritten"", ""text"": ""везти щущення із фронту на Укіттер-сіті,""}, {""bbox"": [248, 469, 1413, 512], ""type"": ""handwritten"", ""text"": ""робити ремонт і приносити щастя тим,""}, {""bbox"": [463, 508, 1339, 552], ""type"": ""handwritten"", ""text"": ""обіймо. Треба купувати сукні з мелін-""}, {""bbox"": [246, 546, 1413, 589], ""type"": ""handwritten"", ""text"": ""ками і донагітити на військо, вилікувати""}, {""bbox"": [234, 586, 1392, 629], ""type"": ""handwritten"", ""text"": ""реби і генератори, а ще, нимпорити, вого-""}, {""bbox"": [434, 624, 1310, 670], ""type"": ""handwritten"", ""text"": ""в міжмері ботсаду, бо на перший""}, {""bbox"": [239, 665, 1148, 709], ""type"": ""handwritten"", ""text"": ""урок треба принести кабатанів.""}, {""bbox"": [284, 703, 1376, 749], ""type"": ""handwritten"", ""text"": ""Треба любити свій дім, навіть якщо він""}, {""bbox"": [463, 745, 1339, 788], ""type"": ""handwritten"", ""text"": ""овий і далеко від справжнього дому""}, {""bbox"": [249, 782, 1346, 827], ""type"": ""handwritten"", ""text"": ""того, що в секції. Треба здавати кров, а""}, {""bbox"": [245, 822, 1398, 867], ""type"": ""handwritten"", ""text"": ""може з нього, ще в чиякесь серці поселить-""}, {""bbox"": [463, 863, 1339, 905], ""type"": ""handwritten"", ""text"": ""ь до слів і донісу, пітятко чи клах""}, {""bbox"": [290, 898, 1381, 943], ""type"": ""handwritten"", ""text"": ""Треба чекуватись, коли випадає нагода!""}, {""bbox"": [239, 939, 1410, 985], ""type"": ""handwritten"", ""text"": ""казати тільки, що на думці. Немає часу натівго-""}, {""bbox"": [404, 982, 1281, 1023], ""type"": ""handwritten"", ""text"": ""Матеріяльне - крихке, життя тіка""}, {""bbox"": [234, 1015, 1375, 1062], ""type"": ""handwritten"", ""text"": ""крізь пальці. Справжнім виявилось, тільки""}, {""bbox"": [237, 1059, 1379, 1105], ""type"": ""handwritten"", ""text"": ""тів, за що не можна схопитися руками -""}, {""bbox"": [238, 1101, 810, 1141], ""type"": ""handwritten"", ""text"": ""спогади, сміх і любов.""}, {""bbox"": [324, 1134, 1331, 1180], ""type"": ""handwritten"", ""text"": ""До треба плакати, коли можеться.""}, {""bbox"": [242, 1177, 1298, 1222], ""type"": ""handwritten"", ""text"": ""За все те, що ніколи б немало з нами""}, {""bbox"": [243, 1216, 1372, 1263], ""type"": ""handwritten"", ""text"": ""статися. За те, що ми не тільки знаємо""}, {""bbox"": [433, 1256, 1310, 1297], ""type"": ""handwritten"", ""text"": ""меться далекобійний фіон або баліс""}, {""bbox"": [239, 1295, 1306, 1339], ""type"": ""handwritten"", ""text"": ""тизна ракета, а й розрізняємо їх на""}, {""bbox"": [240, 1336, 366, 1385], ""type"": ""handwritten"", ""text"": ""слух,""}, {""bbox"": [326, 1367, 1378, 1417], ""type"": ""handwritten"", ""text"": ""Росіяни хочуть, щоб ми стали схожими.""}, {""bbox"": [242, 1415, 1371, 1457], ""type"": ""handwritten"", ""text"": ""ми на них - окніми у вічні гризоти. А""}, {""bbox"": [243, 1451, 1402, 1497], ""type"": ""handwritten"", ""text"": ""ми будемо знати цікаво, всупереч історії""}, {""bbox"": [463, 1489, 1339, 1535], ""type"": ""handwritten"", ""text"": ""ди тих, хто після нас говорить""}, {""bbox"": [250, 1534, 750, 1575], ""type"": ""handwritten"", ""text"": ""мій нашою мовою.""}]"
202ff567-7604-4950-a149-97b0ba73f971.jpg,"[{""bbox"": [520, 2, 1263, 172], ""type"": ""handwritten"", ""text"": ""\""Треба жити\""""}, {""bbox"": [295, 145, 2295, 302], ""type"": ""handwritten"", ""text"": ""Шини треба цікаво: чимось класти,""}, {""bbox"": [117, 283, 2377, 440], ""type"": ""handwritten"", ""text"": ""хочеш в пісочір, досереджали не Пашкою.""}, {""bbox"": [269, 426, 2391, 572], ""type"": ""handwritten"", ""text"": ""гроба мами. Не тільки, не просто""}, {""bbox"": [115, 551, 2316, 699], ""type"": ""handwritten"", ""text"": ""не завтра, не після. По-справжньосієць!""}, {""bbox"": [119, 687, 2406, 844], ""type"": ""handwritten"", ""text"": ""Зараз! Треба шостом кошів, збирали три""}, {""bbox"": [115, 828, 2416, 975], ""type"": ""handwritten"", ""text"": ""би, землі цуценячі із фронту на \""Іммергі-""}, {""bbox"": [111, 962, 2387, 1101], ""type"": ""handwritten"", ""text"": ""сії\"", робити рекламу і привносити щас-""}, {""bbox"": [110, 1088, 2404, 1243], ""type"": ""handwritten"", ""text"": ""те тим, кого любимо. Треба купувати""}, {""bbox"": [113, 1231, 2403, 1378], ""type"": ""handwritten"", ""text"": ""сиділі з ліційками і донадіти на військо""}, {""bbox"": [110, 1368, 2306, 1517], ""type"": ""handwritten"", ""text"": ""вилікування РЕБи і генератори, а""}, {""bbox"": [112, 1501, 2411, 1645], ""type"": ""handwritten"", ""text"": ""ще-нинішніми легендами в мійбутній""}, {""bbox"": [118, 1627, 2401, 1781], ""type"": ""handwritten"", ""text"": ""Бохсаду, бо на перший урок треба при-""}, {""bbox"": [123, 1772, 1102, 1917], ""type"": ""handwritten"", ""text"": ""несли каштанів.""}, {""bbox"": [297, 1893, 2325, 2053], ""type"": ""handwritten"", ""text"": ""Треба любити світ діл, навіть скриж""}, {""bbox"": [104, 2040, 2413, 2193], ""type"": ""handwritten"", ""text"": ""він нимитосячий і далеко від справжньо-""}, {""bbox"": [109, 2176, 2425, 2336], ""type"": ""handwritten"", ""text"": ""го досить-ного, що І сенці. Треба здавати""}, {""bbox"": [81, 2327, 2402, 2481], ""type"": ""handwritten"", ""text"": ""крад, і може, з нього це не вийшло, але""}, {""bbox"": [81, 2459, 2318, 2626], ""type"": ""handwritten"", ""text"": ""ці посилається тобі до слів „допір“,""}, {""bbox"": [78, 2612, 1381, 2774], ""type"": ""handwritten"", ""text"": ""\""кітенько\"" чи \""киськи\"",""}, {""bbox"": [239, 2739, 2436, 2907], ""type"": ""handwritten"", ""text"": ""Треба цілуватися кожен виходячи на пора,""}, {""bbox"": [58, 2887, 2420, 3047], ""type"": ""handwritten"", ""text"": ""і казали те, що на думці. Неслабк голос""}, {""bbox"": [64, 3035, 2267, 3186], ""type"": ""handwritten"", ""text"": ""на підмоги. Мандрівка не-крихке:""}, {""bbox"": [48, 3170, 2343, 3335], ""type"": ""handwritten"", ""text"": ""життя ніколи крізь нації, справжнім""}, {""bbox"": [41, 3324, 2376, 3471], ""type"": ""handwritten"", ""text"": ""Дивилось міські та, за що не можи""}, {""bbox"": [43, 3456, 2438, 3621], ""type"": ""handwritten"", ""text"": ""схочитись руками: сногоди, сніг і лода.""}, {""bbox"": [212, 3617, 2385, 3814], ""type"": ""handwritten"", ""text"": ""Ще треба пікали, коли ~~з~~{п}ісенька.""}]"
01b6409c-9e0f-4b10-b79d-61c548d999c8.jpg,"[{""bbox"": [288, 102, 2040, 256], ""type"": ""handwritten"", ""text"": ""Треба цілуватися коли випадає""}, {""bbox"": [150, 251, 1893, 367], ""type"": ""handwritten"", ""text"": ""народу і казали те, що на дивності.""}, {""bbox"": [151, 353, 2057, 475], ""type"": ""handwritten"", ""text"": ""Немає часу на півтони. Матеріал""}, {""bbox"": [156, 460, 2040, 579], ""type"": ""handwritten"", ""text"": ""~~альше~~ не - крихке, немає тієї крізь""}, {""bbox"": [161, 562, 2059, 704], ""type"": ""handwritten"", ""text"": ""пальці. Справжній виявляється тільки""}, {""bbox"": [160, 674, 2044, 799], ""type"": ""handwritten"", ""text"": ""те, що за що не можна схопити""}, {""bbox"": [164, 769, 1817, 909], ""type"": ""handwritten"", ""text"": ""руками - спогади, спіхи і слюбів.""}, {""bbox"": [329, 881, 2063, 1005], ""type"": ""handwritten"", ""text"": ""це треба плахати коли можеш.""}, {""bbox"": [165, 986, 2067, 1110], ""type"": ""handwritten"", ""text"": ""За все те, що ніколи не може б ста-""}, {""bbox"": [171, 1094, 1894, 1228], ""type"": ""handwritten"", ""text"": ""ться з ними. За те, що мені не""}, {""bbox"": [168, 1194, 2070, 1319], ""type"": ""handwritten"", ""text"": ""Тільки знати, як пишеться дале-""}, {""bbox"": [176, 1302, 2064, 1427], ""type"": ""handwritten"", ""text"": ""кобілки одні або балістична ракета,""}, {""bbox"": [177, 1413, 1688, 1524], ""type"": ""handwritten"", ""text"": ""а й розрізняємо їх на слух.""}, {""bbox"": [374, 1510, 2070, 1630], ""type"": ""handwritten"", ""text"": ""росіяни хочуть, щоб ми стали""}, {""bbox"": [197, 1613, 2086, 1729], ""type"": ""handwritten"", ""text"": ""схочешся на них, скажеш у вічній""}, {""bbox"": [180, 1717, 2104, 1836], ""type"": ""handwritten"", ""text"": ""грядок. А ми будемо теж цікаво,""}, {""bbox"": [188, 1822, 2035, 1943], ""type"": ""handwritten"", ""text"": ""всьміреч історії і зароди піх, хто""}, {""bbox"": [183, 1931, 2086, 2075], ""type"": ""handwritten"", ""text"": ""після нас говорили не нашого но-""}, {""bbox"": [192, 2048, 407, 2181], ""type"": ""handwritten"", ""text"": ""вого""}]"
029de491-d8ee-4fb8-a689-cbfdb14c1f8a.jpg,"[{""bbox"": [795, 587, 1874, 711], ""type"": ""handwritten"", ""text"": ""Треба жити.""}, {""bbox"": [535, 694, 2337, 807], ""type"": ""handwritten"", ""text"": ""жити треба упевно:""}, {""bbox"": [409, 796, 2500, 929], ""type"": ""handwritten"", ""text"": ""~~реклама~~ в театр, театр""}, {""bbox"": [408, 920, 2161, 1049], ""type"": ""handwritten"", ""text"": ""класом та, дрібне різвати""}, {""bbox"": [419, 1037, 1443, 1152], ""type"": ""handwritten"", ""text"": ""писати.""}, {""bbox"": [659, 1116, 2343, 1264], ""type"": ""handwritten"", ""text"": ""Треба думати. Не в""}, {""bbox"": [423, 1252, 2499, 1386], ""type"": ""handwritten"", ""text"": ""пів-секун, не грохоти, не""}, {""bbox"": [410, 1373, 2558, 1516], ""type"": ""handwritten"", ""text"": ""завтра, не після. По-симво-""}, {""bbox"": [424, 1498, 2281, 1635], ""type"": ""handwritten"", ""text"": ""півслух! Зараз! Треба""}, {""bbox"": [432, 1616, 2563, 1759], ""type"": ""handwritten"", ""text"": ""гладити котів, збирати""}, {""bbox"": [424, 1746, 2471, 1883], ""type"": ""handwritten"", ""text"": ""греби, верни цілісні! І""}, {""bbox"": [418, 1868, 2559, 2015], ""type"": ""handwritten"", ""text"": ""фроску на тістечка, ро-""}, {""bbox"": [447, 2000, 2696, 2146], ""type"": ""handwritten"", ""text"": ""били релігією і притосять""}, {""bbox"": [451, 2126, 2659, 2273], ""type"": ""handwritten"", ""text"": ""щася тим, коло людимо.""}, {""bbox"": [709, 2257, 2691, 2406], ""type"": ""handwritten"", ""text"": ""Треба керувати справи""}, {""bbox"": [391, 2399, 2622, 2545], ""type"": ""handwritten"", ""text"": ""з легітимації Принцеси""}, {""bbox"": [432, 2525, 2799, 2674], ""type"": ""handwritten"", ""text"": ""щуся Діся, кого люблять""}, {""bbox"": [433, 2653, 2852, 2814], ""type"": ""handwritten"", ""text"": ""і досати на робу вільно,""}, {""bbox"": [397, 2807, 2847, 2977], ""type"": ""handwritten"", ""text"": ""ніседнувати роси і глибокий,""}, {""bbox"": [389, 2950, 2845, 3126], ""type"": ""handwritten"", ""text"": ""а ще мені поради волохати""}, {""bbox"": [359, 3101, 2685, 3280], ""type"": ""handwritten"", ""text"": ""в легіонерів Бойсагу, до ця""}, {""bbox"": [343, 3263, 2777, 3450], ""type"": ""handwritten"", ""text"": ""перший урок треба присліш""}, {""bbox"": [355, 3448, 1270, 3615], ""type"": ""handwritten"", ""text"": ""палатить.""}]"
3403933d-c115-4371-9368-f9b6c0c6020e.jpg,"[{""bbox"": [553, 118, 1028, 209], ""type"": ""handwritten"", ""text"": ""Президент""}, {""bbox"": [366, 230, 1602, 316], ""type"": ""handwritten"", ""text"": ""Жити треба цікаво: шпатіч кишж""}, {""bbox"": [166, 306, 1601, 385], ""type"": ""handwritten"", ""text"": ""ходити в театр, досерувати на Патрона""}, {""bbox"": [359, 376, 831, 445], ""type"": ""handwritten"", ""text"": ""Треба жити""}, {""bbox"": [284, 440, 1559, 511], ""type"": ""handwritten"", ""text"": ""Невпів села, не працяки, не працяки,""}, {""bbox"": [159, 499, 1554, 573], ""type"": ""handwritten"", ""text"": ""не завтра, не після. Постражнійому! Зараз!""}, {""bbox"": [165, 556, 1610, 639], ""type"": ""handwritten"", ""text"": ""Проба знадіті котів, збираючи з них, везті""}, {""bbox"": [177, 618, 1578, 702], ""type"": ""handwritten"", ""text"": ""цицемент, із фразею на \""інтереси\"", робити""}, {""bbox"": [172, 683, 1617, 759], ""type"": ""handwritten"", ""text"": ""реманіт і приносити частір тім ко до любили""}, {""bbox"": [170, 745, 1620, 816], ""type"": ""handwritten"", ""text"": ""Продаю купувати сукні з лентами і докати""}, {""bbox"": [163, 806, 1621, 881], ""type"": ""handwritten"", ""text"": ""ти на військо, вимукувати РЕБи і генера-""}, {""bbox"": [164, 873, 1622, 946], ""type"": ""handwritten"", ""text"": ""пори, а ще шипорити вегором в мухіярі,""}, {""bbox"": [105, 931, 1569, 1014], ""type"": ""handwritten"", ""text"": ""богівству, бо на перший урок треба присліш""}, {""bbox"": [188, 991, 540, 1053], ""type"": ""handwritten"", ""text"": ""кацітанів.""}, {""bbox"": [280, 1053, 1636, 1137], ""type"": ""handwritten"", ""text"": ""Треба любити свій дім, навіть якщо він""}, {""bbox"": [167, 1127, 1574, 1198], ""type"": ""handwritten"", ""text"": ""тимчасовий і далеко від справжнього дому-""}, {""bbox"": [162, 1189, 1632, 1270], ""type"": ""handwritten"", ""text"": ""ного що в серці. Треба давати кров, може""}, {""bbox"": [167, 1256, 1576, 1335], ""type"": ""handwritten"", ""text"": ""з ним, ще може, в чиєму серці посмітися""}, {""bbox"": [185, 1322, 1458, 1404], ""type"": ""handwritten"", ""text"": ""набов до слів: „доброму“, „донинішню“ чи""}, {""bbox"": [178, 1384, 393, 1444], ""type"": ""handwritten"", ""text"": ""\""Княжич\""""}, {""bbox"": [285, 1438, 1559, 1522], ""type"": ""handwritten"", ""text"": ""Треба чинуватися коли випадає народу і""}, {""bbox"": [166, 1509, 1554, 1583], ""type"": ""handwritten"", ""text"": ""казати те що на думці. Немає чому не""}, {""bbox"": [167, 1569, 1525, 1649], ""type"": ""handwritten"", ""text"": ""північчі. Матеріальне крахне життя""}, {""bbox"": [171, 1638, 1576, 1715], ""type"": ""handwritten"", ""text"": ""Втікає крізь пальці. Справжнім виявилося""}, {""bbox"": [174, 1706, 1486, 1777], ""type"": ""handwritten"", ""text"": ""фільму те, за що не можна схотитися""}, {""bbox"": [183, 1770, 1152, 1835], ""type"": ""handwritten"", ""text"": ""руками: спогади, сміх і любов.""}, {""bbox"": [292, 1828, 1473, 1899], ""type"": ""handwritten"", ""text"": ""Ще треба почати коли можеться.""}, {""bbox"": [176, 1890, 1437, 1969], ""type"": ""handwritten"", ""text"": ""За все те-що школі б не мало з нами""}, {""bbox"": [182, 1960, 1575, 2036], ""type"": ""handwritten"", ""text"": ""анатуру. За те що ти не тільки знаєш""}, {""bbox"": [178, 2023, 1514, 2097], ""type"": ""handwritten"", ""text"": ""як пишеться \""галекобійний дрон\"" або""}, {""bbox"": [146, 2086, 1578, 2165], ""type"": ""handwritten"", ""text"": ""„багатіння ракета“, а й розрізняємо їх""}, {""bbox"": [150, 2153, 466, 2224], ""type"": ""handwritten"", ""text"": ""на слух.""}]"
af7e09e3-ef68-41ff-b630-889bebb0930e.jpg,"[{""bbox"": [503, 22, 998, 132], ""type"": ""handwritten"", ""text"": ""Треба жити!""}, {""bbox"": [216, 144, 1338, 271], ""type"": ""handwritten"", ""text"": ""жити треба цікаво: читати книжки,""}, {""bbox"": [114, 216, 1318, 412], ""type"": ""handwritten"", ""text"": ""ходити в театр, тренувати Леса Патрона.""}, {""bbox"": [214, 308, 1286, 454], ""type"": ""handwritten"", ""text"": ""Преда жити! Не впівсими, не трошки,""}, {""bbox"": [104, 403, 1271, 609], ""type"": ""handwritten"", ""text"": ""не завтра, не після. По-справжньому. Зараз.""}, {""bbox"": [110, 474, 1263, 652], ""type"": ""handwritten"", ""text"": ""Преда гладити котів, збиранти гриби, везти""}, {""bbox"": [106, 575, 1337, 782], ""type"": ""handwritten"", ""text"": ""цінення із фронту на Інтернет, роз-""}, {""bbox"": [110, 678, 1287, 867], ""type"": ""handwritten"", ""text"": ""Приба купувати сукні з мітками і упа""}, {""bbox"": [109, 749, 1281, 1013], ""type"": ""handwritten"", ""text"": ""генератори, а ще нимпорити в літері""}, {""bbox"": [111, 974, 1287, 1272], ""type"": ""handwritten"", ""text"": ""Треба любити свій дім, навіть, якщо""}, {""bbox"": [110, 1129, 1295, 1413], ""type"": ""handwritten"", ""text"": ""дому, тою, що в серці. Потрібно здавати кров""}, {""bbox"": [110, 1292, 1329, 1566], ""type"": ""handwritten"", ""text"": ""любов до світ: докіру, пітятко чи кишені.""}, {""bbox"": [104, 1383, 1312, 1665], ""type"": ""handwritten"", ""text"": ""Піреба цікаватись, коми випадає наше""}, {""bbox"": [101, 1527, 1333, 1805], ""type"": ""handwritten"", ""text"": ""і казати те, що на думці. Бачиш,""}]"
06623e41-7d44-4d16-8318-07ed6e8414d1.jpg,"[{""bbox"": [427, 95, 2155, 242], ""type"": ""handwritten"", ""text"": ""якого він тимчасовий і далеко""}, {""bbox"": [424, 220, 2167, 369], ""type"": ""handwritten"", ""text"": ""від справжнього дому - того, що""}, {""bbox"": [416, 347, 2205, 505], ""type"": ""handwritten"", ""text"": ""в сенці. Підба здавати кров""}, {""bbox"": [429, 494, 2200, 635], ""type"": ""handwritten"", ""text"": ""і, може, з ним ще в чимось""}, {""bbox"": [429, 620, 2246, 767], ""type"": ""handwritten"", ""text"": ""сечі, поселяться любов до слів""}, {""bbox"": [444, 750, 2075, 898], ""type"": ""handwritten"", ""text"": ""„донісу“, „пітятко“ чи „киж“""}, {""bbox"": [568, 890, 2230, 1032], ""type"": ""handwritten"", ""text"": ""Треба чілуватися, коли випа-""}, {""bbox"": [396, 1027, 2241, 1166], ""type"": ""handwritten"", ""text"": ""дає налода, і казати те, що на""}, {""bbox"": [399, 1161, 2247, 1306], ""type"": ""handwritten"", ""text"": ""думці. Немає часу на півтони.""}, {""bbox"": [396, 1294, 2142, 1440], ""type"": ""handwritten"", ""text"": ""Матеріяльне - крижек, життя""}, {""bbox"": [416, 1433, 2211, 1578], ""type"": ""handwritten"", ""text"": ""тікає крізь пальці... Справжнім""}, {""bbox"": [398, 1564, 2173, 1710], ""type"": ""handwritten"", ""text"": ""виявилось тільки те, за що""}, {""bbox"": [429, 1717, 2287, 1854], ""type"": ""handwritten"", ""text"": ""не можна скошитись рукали:""}, {""bbox"": [438, 1856, 1814, 1994], ""type"": ""handwritten"", ""text"": ""стогади, синіх і любов.""}, {""bbox"": [568, 1990, 2184, 2137], ""type"": ""handwritten"", ""text"": ""Ще треба пізнати, коли""}, {""bbox"": [392, 2131, 2305, 2285], ""type"": ""handwritten"", ""text"": ""можеться. За все те, що ніколи""}, {""bbox"": [340, 2283, 2237, 2438], ""type"": ""handwritten"", ""text"": ""бне мало з нашо стаття,""}, {""bbox"": [394, 2424, 2232, 2579], ""type"": ""handwritten"", ""text"": ""За те, що ми не тільки""}, {""bbox"": [387, 2573, 2325, 2719], ""type"": ""handwritten"", ""text"": ""знаємо, як пишеться \""галакобійний\""""}, {""bbox"": [384, 2707, 2301, 2880], ""type"": ""handwritten"", ""text"": ""дрон\"" або \""балістична ракета\"",""}]"
2c0ef89b-07e4-45f8-9bdc-81360d08de8c.jpg,"[{""bbox"": [604, 178, 1974, 459], ""type"": ""handwritten"", ""text"": ""Треба жити""}, {""bbox"": [211, 457, 4330, 773], ""type"": ""handwritten"", ""text"": ""Тим часом треба цікаво, читати лишити, подивити""}, {""bbox"": [97, 734, 3491, 989], ""type"": ""handwritten"", ""text"": ""у театр, дріматувати на Пангрона""}, {""bbox"": [108, 965, 4424, 1238], ""type"": ""handwritten"", ""text"": ""Треба тілами. Не в ківачим, не пірочим, не завтра,""}, {""bbox"": [81, 1205, 4314, 1495], ""type"": ""handwritten"", ""text"": ""не мені. По-справжньому. Зараз! Треба глядити""}, {""bbox"": [98, 1444, 4314, 1759], ""type"": ""handwritten"", ""text"": ""потів, збирання гриби, безпомічними із брощату""}, {""bbox"": [97, 1706, 4054, 1980], ""type"": ""handwritten"", ""text"": ""на інтереси, робити реклами і приводити""}, {""bbox"": [86, 1955, 4076, 2247], ""type"": ""handwritten"", ""text"": ""щастя тим, що любили. Треба пізнавати""}, {""bbox"": [98, 2211, 4320, 2477], ""type"": ""handwritten"", ""text"": ""один з найінтенсивніших і найкращих щоденя мину,""}, {""bbox"": [86, 2442, 4523, 2707], ""type"": ""handwritten"", ""text"": ""ного мобілізації докатити на військо, вимушували""}, {""bbox"": [81, 2685, 4246, 2965], ""type"": ""handwritten"", ""text"": ""реби і генератори, а це шиннорійні веярами""}, {""bbox"": [104, 2939, 4026, 3218], ""type"": ""handwritten"", ""text"": ""в мітингі бойкоту, бо на перший урок""}, {""bbox"": [96, 3175, 2544, 3414], ""type"": ""handwritten"", ""text"": ""треба принести намагань.""}, {""bbox"": [258, 3418, 3932, 3694], ""type"": ""handwritten"", ""text"": ""Треба любити свій дім, навіть якщо він""}, {""bbox"": [68, 3678, 4234, 3944], ""type"": ""handwritten"", ""text"": ""мінімальний і далеко від справжнього дому,""}, {""bbox"": [80, 3903, 4298, 4190], ""type"": ""handwritten"", ""text"": ""того що в серці. Треба здавати провінція з""}, {""bbox"": [79, 4160, 4213, 4450], ""type"": ""handwritten"", ""text"": ""него ще у п'ятнадцять серпня посилиться штабов до""}, {""bbox"": [78, 4413, 3066, 4655], ""type"": ""handwritten"", ""text"": ""слів, до чуту, ніженню чи симені.""}, {""bbox"": [209, 4634, 4306, 4956], ""type"": ""handwritten"", ""text"": ""Треба цінуватися, коли випадав налоди і назами""}, {""bbox"": [63, 4913, 3842, 5198], ""type"": ""handwritten"", ""text"": ""не, що на думці. Немає чому не півтони.""}, {""bbox"": [56, 5171, 4140, 5426], ""type"": ""handwritten"", ""text"": ""Матеріальні причини, таттима тілає крізь""}, {""bbox"": [52, 5407, 4231, 5692], ""type"": ""handwritten"", ""text"": ""нальці. Справжнім виявилось тільки те, за що""}, {""bbox"": [58, 5667, 4722, 6017], ""type"": ""handwritten"", ""text"": ""не можна спочинити рукали: вологади, сльози і любов.""}]"
1c8cc545-241f-4da1-b46b-429064fc9f13.jpg,"[{""bbox"": [21, 13, 721, 69], ""type"": ""handwritten"", ""text"": ""Матеріальне краще, пасічне пікає крізь""}, {""bbox"": [23, 53, 769, 110], ""type"": ""handwritten"", ""text"": ""націсті. Справжній впевнений підпис те,""}, {""bbox"": [23, 99, 727, 155], ""type"": ""handwritten"", ""text"": ""за що не можна схотітись руками:""}, {""bbox"": [28, 142, 450, 207], ""type"": ""handwritten"", ""text"": ""спогади, сніж і мороз.""}, {""bbox"": [87, 194, 725, 259], ""type"": ""handwritten"", ""text"": ""Ще треба писати, коли можеться.""}, {""bbox"": [24, 242, 801, 313], ""type"": ""handwritten"", ""text"": ""За все те, що ніколи й не стало з нами,""}, {""bbox"": [22, 291, 816, 356], ""type"": ""handwritten"", ""text"": ""статися. За те, що мені не тільки знайомо,""}, {""bbox"": [23, 334, 830, 401], ""type"": ""handwritten"", ""text"": ""як нищівна далекобійна зброю або балістична""}, {""bbox"": [23, 392, 674, 456], ""type"": ""handwritten"", ""text"": ""ракета, а й розрізненьсо їх на слух.""}, {""bbox"": [99, 444, 832, 504], ""type"": ""handwritten"", ""text"": ""росіями хочуть, щоб ми стали схожими""}, {""bbox"": [31, 487, 773, 556], ""type"": ""handwritten"", ""text"": ""на них, скінчи у вічній природі. А ми""}, {""bbox"": [34, 535, 786, 603], ""type"": ""handwritten"", ""text"": ""будемо писати цікаво, всупереч історії і""}, {""bbox"": [30, 581, 781, 655], ""type"": ""handwritten"", ""text"": ""заряди тих, яко після нас говоритиме""}, {""bbox"": [31, 644, 320, 721], ""type"": ""handwritten"", ""text"": ""шаною мовою.""}]"
1b8832df-3748-4cc3-9f7d-11fa1880106e.jpg,"[{""bbox"": [1441, 216, 2237, 375], ""type"": ""handwritten"", ""text"": ""Треба жити!""}, {""bbox"": [496, 347, 3605, 546], ""type"": ""handwritten"", ""text"": ""Жити треба цікаво: читати книжки, ходити в театр,""}, {""bbox"": [326, 559, 1858, 741], ""type"": ""handwritten"", ""text"": ""дресирувать пса Патрона...""}, {""bbox"": [494, 743, 3692, 915], ""type"": ""handwritten"", ""text"": ""Треба пити! Не впівсими, не трохи, не завтра, не після.""}, {""bbox"": [311, 919, 3672, 1113], ""type"": ""handwritten"", ""text"": ""То-справжньому! Зараз! Треба гладити котів, збрати гриби,""}, {""bbox"": [319, 1106, 3602, 1301], ""type"": ""handwritten"", ""text"": ""везти цукор із фронту на Украйні, робити ремонт і""}, {""bbox"": [327, 1287, 3727, 1480], ""type"": ""handwritten"", ""text"": ""приносити щастя тим, кого любили. Треба купувати сукні""}, {""bbox"": [325, 1474, 3757, 1677], ""type"": ""handwritten"", ""text"": ""з лелітками і донатити на військо, вилікувати РЕБи і""}, {""bbox"": [325, 1660, 3800, 1863], ""type"": ""handwritten"", ""text"": ""генератори, а це - нимпорити вигорали в між'яр'ї ботсаду,""}, {""bbox"": [318, 1863, 2925, 2053], ""type"": ""handwritten"", ""text"": ""бо на перший урок треба принести каштанів.""}, {""bbox"": [469, 2047, 3659, 2245], ""type"": ""handwritten"", ""text"": ""Треба любити свій дім, навіть якщо він тимчасовий і""}, {""bbox"": [308, 2237, 3810, 2436], ""type"": ""handwritten"", ""text"": ""далеко від справжнього дому - того, що в серці. Треба здавати""}, {""bbox"": [303, 2434, 3826, 2627], ""type"": ""handwritten"", ""text"": ""кров - і, може, з нею ще в чиємусь серці поселиться любов до""}, {""bbox"": [311, 2633, 2307, 2814], ""type"": ""handwritten"", ""text"": ""слів „доніцу“, „пітятко“ чи „княжи“.""}, {""bbox"": [414, 2821, 3658, 3002], ""type"": ""handwritten"", ""text"": ""Треба цілуватися, коли випадає нагода, і казати те, що на""}, {""bbox"": [312, 3003, 3684, 3193], ""type"": ""handwritten"", ""text"": ""дуці. Немає часу на півтони. Матеріальне крихке: ниття""}, {""bbox"": [299, 3192, 3653, 3391], ""type"": ""handwritten"", ""text"": ""тікає крізь пальці. Справжнім виявилося тільки те, за що не""}, {""bbox"": [300, 3391, 3011, 3561], ""type"": ""handwritten"", ""text"": ""можна стопитися руками: спогади, сміх і любов.""}, {""bbox"": [463, 3571, 3802, 3755], ""type"": ""handwritten"", ""text"": ""Це треба шанати, коли можеться. За все те, що ніколи б не""}, {""bbox"": [297, 3754, 3766, 3969], ""type"": ""handwritten"", ""text"": ""мало з нами статися. За те, що ми не тільки знаємо, як""}, {""bbox"": [310, 3957, 3629, 4149], ""type"": ""handwritten"", ""text"": ""пишеться „далькобійний дрон“ або „балістична ракета“, а й""}, {""bbox"": [324, 4164, 1699, 4350], ""type"": ""handwritten"", ""text"": ""розрізняємо їх на слух.""}, {""bbox"": [441, 4359, 3753, 4525], ""type"": ""handwritten"", ""text"": ""Росіяни хочуть, щоб ми стали схожими на них - скнім""}, {""bbox"": [307, 4537, 3502, 4728], ""type"": ""handwritten"", ""text"": ""у вічній гризоті. А ми будемо жити цікаво: всупереч""}, {""bbox"": [315, 4731, 3613, 4936], ""type"": ""handwritten"", ""text"": ""історії і заради тих, хто після нас говоритиме нашою""}, {""bbox"": [293, 4949, 674, 5089], ""type"": ""handwritten"", ""text"": ""мовою.""}]"
45daa6c5-4824-4285-9fe0-05b6a8c2623c.jpg,"[{""bbox"": [895, 127, 1993, 317], ""type"": ""handwritten"", ""text"": ""Треба жити""}, {""bbox"": [786, 317, 2559, 499], ""type"": ""handwritten"", ""text"": ""жити треба цікаво.""}, {""bbox"": [529, 482, 2752, 670], ""type"": ""handwritten"", ""text"": ""читати краще, ловити в""}, {""bbox"": [509, 660, 2573, 858], ""type"": ""handwritten"", ""text"": ""театр, змішувати пса""}, {""bbox"": [507, 831, 1263, 1019], ""type"": ""handwritten"", ""text"": ""патрона.""}, {""bbox"": [827, 1007, 2836, 1209], ""type"": ""handwritten"", ""text"": ""Дорога життя! Не впівся-""}, {""bbox"": [472, 1205, 2830, 1390], ""type"": ""handwritten"", ""text"": ""мі, не трохи, не завтра,""}, {""bbox"": [479, 1371, 2804, 1561], ""type"": ""handwritten"", ""text"": ""не після. По-справжньому!""}, {""bbox"": [473, 1556, 2840, 1754], ""type"": ""handwritten"", ""text"": ""Зараз! Треба швидше ко-""}, {""bbox"": [460, 1738, 2738, 1943], ""type"": ""handwritten"", ""text"": ""тів, збирати гроши, везти""}, {""bbox"": [453, 1929, 2587, 2138], ""type"": ""handwritten"", ""text"": ""пущення із орбиту на""}, {""bbox"": [460, 2105, 2871, 2328], ""type"": ""handwritten"", ""text"": ""фінтереїті, робити рекламі""}, {""bbox"": [463, 2309, 2819, 2505], ""type"": ""handwritten"", ""text"": ""і примусити ціле життя тим,""}, {""bbox"": [449, 2497, 2800, 2717], ""type"": ""handwritten"", ""text"": ""кою людиною. Треба купува-""}, {""bbox"": [405, 2704, 2793, 2902], ""type"": ""handwritten"", ""text"": ""ти сукні з шелітками і""}, {""bbox"": [406, 2885, 2801, 3097], ""type"": ""handwritten"", ""text"": ""донастили на вітерко, ви-""}, {""bbox"": [433, 3082, 2854, 3319], ""type"": ""handwritten"", ""text"": ""мукувати себе і генера-""}, {""bbox"": [416, 3306, 2946, 3531], ""type"": ""handwritten"", ""text"": ""тори, а ще непорити""}, {""bbox"": [413, 3498, 2944, 3738], ""type"": ""handwritten"", ""text"": ""вегетація в міжліс'ях і ботсоці""}, {""bbox"": [402, 3706, 2643, 3939], ""type"": ""handwritten"", ""text"": ""бо на перший урок треба""}]"
45515516-f7a4-4786-8406-804809b93eaa.jpg,"[{""bbox"": [670, 111, 1735, 344], ""type"": ""handwritten"", ""text"": ""Треба жити!""}, {""bbox"": [346, 340, 2895, 548], ""type"": ""handwritten"", ""text"": ""Чити треба цікаво: читати книжки, хо-""}, {""bbox"": [180, 516, 2827, 739], ""type"": ""handwritten"", ""text"": ""дити в театр, дресирувати пса Патрона.""}, {""bbox"": [161, 708, 2812, 934], ""type"": ""handwritten"", ""text"": ""Треба чити! Не в пів сили, не трошки,""}, {""bbox"": [186, 893, 2904, 1126], ""type"": ""handwritten"", ""text"": ""не завтра, не після. По-справжньому! Зараз!""}, {""bbox"": [328, 1096, 2919, 1335], ""type"": ""handwritten"", ""text"": ""Треба гладити хутів, збираючи гриби, вез-""}, {""bbox"": [198, 1273, 2930, 1512], ""type"": ""handwritten"", ""text"": ""ти цуценят із фронту на Інтерсіті, робити""}, {""bbox"": [152, 1434, 2909, 1675], ""type"": ""handwritten"", ""text"": ""ремонт і приносити щастя тим, кого мо-""}, {""bbox"": [155, 1605, 2857, 1870], ""type"": ""handwritten"", ""text"": ""било. Треба купувати сукні з мелітками""}, {""bbox"": [155, 1786, 2857, 2071], ""type"": ""handwritten"", ""text"": ""і донатити на військо, вимукувати ТЕБи""}, {""bbox"": [145, 1956, 2841, 2272], ""type"": ""handwritten"", ""text"": ""і генератори, а ще нимпорити вгорами""}, {""bbox"": [140, 2134, 2783, 2423], ""type"": ""handwritten"", ""text"": ""у мітілярі ботсаду, бо на перший урок""}, {""bbox"": [151, 2330, 1932, 2537], ""type"": ""handwritten"", ""text"": ""треба принести хамстачів.""}, {""bbox"": [288, 2554, 2912, 2798], ""type"": ""handwritten"", ""text"": ""Треба любити свій дім, навіть якщо""}, {""bbox"": [187, 2731, 2799, 2985], ""type"": ""handwritten"", ""text"": ""він тимчасовий і далеко від справжнього""}, {""bbox"": [169, 2939, 2747, 3202], ""type"": ""handwritten"", ""text"": ""дому, того, що в серці. Потріба здавати""}, {""bbox"": [172, 3155, 2773, 3407], ""type"": ""handwritten"", ""text"": ""кров і, мовч, з нею ще вчелюсь серці""}, {""bbox"": [170, 3375, 2964, 3605], ""type"": ""handwritten"", ""text"": ""посилиться любов до сив \""доніру\"", \""піттят-""}, {""bbox"": [162, 3548, 1222, 3750], ""type"": ""handwritten"", ""text"": ""ю\"", чи \""князи\"".""}]"
517b4763-7769-4fce-a52b-20d62eff28e7.jpg,"[{""bbox"": [542, 283, 924, 344], ""type"": ""handwritten"", ""text"": ""Треба жити!""}, {""bbox"": [279, 329, 1338, 422], ""type"": ""handwritten"", ""text"": ""Ділити треба цікаво: читати книжки,""}, {""bbox"": [195, 402, 1377, 475], ""type"": ""handwritten"", ""text"": ""ходити в театр, дріматувати пса Патрокле.""}, {""bbox"": [194, 459, 1325, 519], ""type"": ""handwritten"", ""text"": ""реба жити! Не впівслух, не трошки, не""}, {""bbox"": [188, 510, 1339, 565], ""type"": ""handwritten"", ""text"": ""завтра, не після. По-справжньому! Зараз!""}, {""bbox"": [183, 604, 1382, 662], ""type"": ""handwritten"", ""text"": ""нят із фронту на університет, робити рецензії""}, {""bbox"": [179, 651, 1454, 723], ""type"": ""handwritten"", ""text"": ""приносити щастя тим, кого любили. Треба купу-""}, {""bbox"": [177, 698, 1462, 765], ""type"": ""handwritten"", ""text"": ""вати сукні з мелітками і докласти на віські,""}, {""bbox"": [179, 737, 1430, 827], ""type"": ""handwritten"", ""text"": ""вимушувати РФБи і генератори, а як непорити""}, {""bbox"": [168, 832, 875, 886], ""type"": ""handwritten"", ""text"": ""треба принести каштанів.""}, {""bbox"": [202, 868, 1472, 934], ""type"": ""handwritten"", ""text"": ""Треба любити свій дім, навіть якщо він тиня-""}, {""bbox"": [157, 920, 1423, 980], ""type"": ""handwritten"", ""text"": ""совий і далеко від справжнього дому, того що в""}, {""bbox"": [160, 1012, 1448, 1076], ""type"": ""handwritten"", ""text"": ""членуєсь серці, посміхається людив до слів „допуру“,""}, {""bbox"": [150, 1069, 752, 1129], ""type"": ""handwritten"", ""text"": ""п'ятого чи у клаці,""}, {""bbox"": [174, 1102, 1492, 1188], ""type"": ""handwritten"", ""text"": ""Треба чілуватися коли випадає нагода, і кадати""}, {""bbox"": [141, 1155, 1492, 1249], ""type"": ""handwritten"", ""text"": ""те, що на думці. Немає часу на півтони. Ма-""}, {""bbox"": [136, 1212, 1406, 1299], ""type"": ""handwritten"", ""text"": ""теріальне - крихте, життя тікає крізь пальці.""}, {""bbox"": [136, 1254, 1528, 1332], ""type"": ""handwritten"", ""text"": ""Справжнім виявилося тільки те, за що не можна""}, {""bbox"": [164, 1362, 1541, 1436], ""type"": ""handwritten"", ""text"": ""не треба плакати, коли можеться. За все те,""}, {""bbox"": [160, 1419, 1477, 1493], ""type"": ""handwritten"", ""text"": ""що ніколи й не мало з нами статися. За те,""}, {""bbox"": [122, 1468, 1539, 1548], ""type"": ""handwritten"", ""text"": ""що ми не тільки знаємо як пишеться далекобійний""}, {""bbox"": [116, 1516, 1516, 1604], ""type"": ""handwritten"", ""text"": ""дрон або балістична ракета, а й розрізнено їх не""}, {""bbox"": [116, 1517, 1508, 1671], ""type"": ""handwritten"", ""text"": ""дрон або балістична ракета, а й розрізняємо їх на""}, {""bbox"": [116, 1599, 260, 1656], ""type"": ""handwritten"", ""text"": ""смуж.""}, {""bbox"": [166, 1621, 1482, 1708], ""type"": ""handwritten"", ""text"": ""Росіяни хочуть щоб ми стали схожими на""}, {""bbox"": [104, 1684, 1532, 1771], ""type"": ""handwritten"", ""text"": ""них-скніми у свіжій гущоті. А ми будемо жити""}, {""bbox"": [103, 1734, 1562, 1832], ""type"": ""handwritten"", ""text"": ""цікаво - всупереч історії і загадки тих, хто після нас""}, {""bbox"": [101, 1802, 957, 1898], ""type"": ""handwritten"", ""text"": ""говоритиме нашою мовою.""}]"
0e12b373-fea2-4b95-af05-85a2bdee3235.jpg,"[{""bbox"": [992, 93, 1628, 193], ""type"": ""handwritten"", ""text"": ""Треба жити!""}, {""bbox"": [365, 184, 2741, 289], ""type"": ""handwritten"", ""text"": ""жити треба упевно: читати книжки, ходити""}, {""bbox"": [181, 275, 2052, 369], ""type"": ""handwritten"", ""text"": ""в театр, досліджувать пох Патрона...""}, {""bbox"": [309, 334, 2783, 451], ""type"": ""handwritten"", ""text"": ""Треба жити! Не впівсеме, не трохи, не завтра,""}, {""bbox"": [1193, 425, 2616, 520], ""type"": ""handwritten"", ""text"": ""ньому! Зараз! Треба глядіти""}, {""bbox"": [165, 435, 2665, 540], ""type"": ""handwritten"", ""text"": ""не після. То-справжньому! Зароз! Треба члодити""}, {""bbox"": [154, 604, 2614, 704], ""type"": ""handwritten"", ""text"": ""на \""Інтерфіті\"", робити рекламу і привносити""}, {""bbox"": [152, 692, 2735, 790], ""type"": ""handwritten"", ""text"": ""щоють тіла, коло людськів. Треба купувати сукні з""}, {""bbox"": [142, 774, 2746, 886], ""type"": ""handwritten"", ""text"": ""мештками і докатитися на військ, вимушувати""}, {""bbox"": [144, 856, 2745, 961], ""type"": ""handwritten"", ""text"": ""РСВи і генератори, а це-непорівняні витрати в""}, {""bbox"": [138, 929, 2797, 1059], ""type"": ""handwritten"", ""text"": ""міжселяні збочбку, бо на перший урок треба при-""}, {""bbox"": [139, 1050, 1108, 1139], ""type"": ""handwritten"", ""text"": ""несті коханняв.""}, {""bbox"": [276, 1118, 2786, 1222], ""type"": ""handwritten"", ""text"": ""Треба любити свій рід, навіть якщо він тече~~а~~-""}, {""bbox"": [126, 1203, 2796, 1308], ""type"": ""handwritten"", ""text"": ""совій і далеко від справжнього дому - того, що в серці.""}, {""bbox"": [108, 1287, 2809, 1413], ""type"": ""handwritten"", ""text"": ""Треба здавати кров, і, може, з неї ще вийде""}, {""bbox"": [108, 1374, 2798, 1489], ""type"": ""handwritten"", ""text"": ""скрізі поселяться мови до слів \""донеру\"", \""пітетка\""""}, {""bbox"": [114, 1467, 643, 1564], ""type"": ""handwritten"", ""text"": ""чи кинеши\"".""}, {""bbox"": [307, 1550, 2822, 1644], ""type"": ""handwritten"", ""text"": ""Треба цілуватися, коли випадає комода, і каза-""}, {""bbox"": [151, 1632, 2813, 1730], ""type"": ""handwritten"", ""text"": ""ти те, що на думці. Немає чому, націвтися. На-""}, {""bbox"": [154, 1717, 2681, 1817], ""type"": ""handwritten"", ""text"": ""теріальне - крихке: життя тікає крізь пальці.""}, {""bbox"": [148, 1805, 2749, 1908], ""type"": ""handwritten"", ""text"": ""Справжній виявився тільки те, за що не може-""}, {""bbox"": [145, 1896, 2596, 1989], ""type"": ""handwritten"", ""text"": ""на схотитись рухатися: спогади, сміх і любов""}, {""bbox"": [303, 1974, 2689, 2078], ""type"": ""handwritten"", ""text"": ""Але треба думати, кого менеться. За""}, {""bbox"": [133, 2070, 2778, 2174], ""type"": ""handwritten"", ""text"": ""все те, що ніколи з не маю з нами статися.""}, {""bbox"": [119, 2158, 2799, 2268], ""type"": ""handwritten"", ""text"": ""За те, що мені не тільки знати, як пишеться \""да-""}, {""bbox"": [129, 2255, 2786, 2368], ""type"": ""handwritten"", ""text"": ""мнодібний джон\"" або \""багатична ракета\"", а""}, {""bbox"": [124, 2351, 1530, 2471], ""type"": ""handwritten"", ""text"": ""й розрізнення їх на слух.""}, {""bbox"": [302, 2453, 2638, 2572], ""type"": ""handwritten"", ""text"": ""Росіяни хочуть, щоб мене стали схожими""}, {""bbox"": [124, 2560, 2806, 2672], ""type"": ""handwritten"", ""text"": ""на них - скінчіть у вічній грезоті. А ми бурчимо жи-""}, {""bbox"": [108, 2655, 2643, 2767], ""type"": ""handwritten"", ""text"": ""ти цікаво-вступна історія, загадки теж, хто""}, {""bbox"": [109, 2754, 2221, 2872], ""type"": ""handwritten"", ""text"": ""після нас говорить насінням голосом.""}]"
2c52e21f-f145-4e1e-ae0e-f44e3769a8d0.jpg,"[{""bbox"": [638, 33, 1637, 187], ""type"": ""handwritten"", ""text"": ""Преба жити!""}, {""bbox"": [434, 179, 2363, 345], ""type"": ""handwritten"", ""text"": ""Читати треба цікаво - читати""}, {""bbox"": [288, 307, 2384, 487], ""type"": ""handwritten"", ""text"": ""юменски, ходити в театр, дресиру-""}, {""bbox"": [275, 405, 1462, 560], ""type"": ""handwritten"", ""text"": ""вать пса Патрона.""}, {""bbox"": [419, 530, 1342, 663], ""type"": ""handwritten"", ""text"": ""Треба жити!""}, {""bbox"": [275, 631, 2423, 817], ""type"": ""handwritten"", ""text"": ""Не в пів сім, не трохи, не завтра,""}, {""bbox"": [254, 765, 2243, 925], ""type"": ""handwritten"", ""text"": ""не пісня. По-справжньому! Зараз!""}, {""bbox"": [237, 860, 2480, 1025], ""type"": ""handwritten"", ""text"": ""Преба гнати котів, збираючи гриби,""}, {""bbox"": [231, 980, 2202, 1135], ""type"": ""handwritten"", ""text"": ""вести гуртежем і з фронту на""}, {""bbox"": [230, 1088, 2394, 1242], ""type"": ""handwritten"", ""text"": ""\""Інтерсіті\"", робити ревюент і при-""}, {""bbox"": [241, 1211, 2398, 1351], ""type"": ""handwritten"", ""text"": ""можете щастя тим, кого любишо.""}, {""bbox"": [215, 1322, 2389, 1464], ""type"": ""handwritten"", ""text"": ""Діреба купувати сукні з меткими""}, {""bbox"": [210, 1437, 2450, 1579], ""type"": ""handwritten"", ""text"": ""і докатити на військо, вимушувати""}, {""bbox"": [234, 1537, 2479, 1704], ""type"": ""handwritten"", ""text"": ""Роби і генератори, а це: нимперасти""}, {""bbox"": [230, 1656, 2418, 1824], ""type"": ""handwritten"", ""text"": ""вечерами в мінськір'ї є ботсаду, бо""}, {""bbox"": [224, 1794, 2379, 1942], ""type"": ""handwritten"", ""text"": ""на перший урок треба принести""}, {""bbox"": [228, 1915, 917, 2034], ""type"": ""handwritten"", ""text"": ""компаніїв.""}, {""bbox"": [372, 2033, 2471, 2175], ""type"": ""handwritten"", ""text"": ""Треба любити свій дім, навіть""}, {""bbox"": [170, 2155, 2388, 2306], ""type"": ""handwritten"", ""text"": ""якщо він тимчасовий і далеко""}, {""bbox"": [175, 2272, 2452, 2425], ""type"": ""handwritten"", ""text"": ""від справжнього дому - того, що в""}, {""bbox"": [164, 2403, 2476, 2555], ""type"": ""handwritten"", ""text"": ""серці. Треба здавати кров, і може""}, {""bbox"": [152, 2535, 2513, 2680], ""type"": ""handwritten"", ""text"": ""з нього лише в чимось серці посмітися""}, {""bbox"": [154, 2661, 2522, 2814], ""type"": ""handwritten"", ""text"": ""сподобав до слів-дзві: „Піфу“, „Піпетко“""}, {""bbox"": [138, 2791, 878, 2917], ""type"": ""handwritten"", ""text"": ""чи „Князя“.""}, {""bbox"": [312, 2923, 2536, 3081], ""type"": ""handwritten"", ""text"": ""Треба цілуватися, коли випадав""}, {""bbox"": [114, 3059, 2519, 3204], ""type"": ""handwritten"", ""text"": ""наслідок, і казати те, що на думці.""}, {""bbox"": [92, 3198, 2572, 3360], ""type"": ""handwritten"", ""text"": ""Немає часу напівтони. Матеріальне""}, {""bbox"": [83, 3346, 2561, 3514], ""type"": ""handwritten"", ""text"": ""крижке п'яття тікає крізь пальці.""}]"
18695f3c-c4dc-4427-9e10-7c77b2684ecf.jpg,"[{""bbox"": [76, 59, 801, 836], ""type"": ""image"", ""text"": """"}, {""bbox"": [1085, 97, 1787, 222], ""type"": ""printed"", ""text"": ""Радіодиктант""}, {""bbox"": [930, 248, 1935, 349], ""type"": ""printed"", ""text"": ""національної єдності""}, {""bbox"": [896, 426, 1972, 536], ""type"": ""handwritten"", ""text"": ""Жити треба цікаво;""}, {""bbox"": [819, 509, 2105, 607], ""type"": ""handwritten"", ""text"": ""читати книжки, ходити""}, {""bbox"": [815, 588, 2006, 693], ""type"": ""handwritten"", ""text"": ""в театрах, дресирують""}, {""bbox"": [829, 670, 1559, 770], ""type"": ""handwritten"", ""text"": ""пса Потрона.""}, {""bbox"": [931, 752, 2147, 846], ""type"": ""handwritten"", ""text"": ""Піреба несете. Не в пів""}, {""bbox"": [178, 836, 2153, 928], ""type"": ""handwritten"", ""text"": ""сниси, не треній, не завтра, не після""}, {""bbox"": [134, 913, 2164, 1009], ""type"": ""handwritten"", ""text"": ""По-справжньому. Зараз. Треба жадати""}, {""bbox"": [133, 994, 2134, 1091], ""type"": ""handwritten"", ""text"": ""котів, збирати гриби, везти щуце-""}, {""bbox"": [138, 1077, 2127, 1172], ""type"": ""handwritten"", ""text"": ""нят із фронту на інтерситі, робити""}, {""bbox"": [146, 1150, 2159, 1248], ""type"": ""handwritten"", ""text"": ""ремонет і приносити щастя тим""}, {""bbox"": [142, 1237, 2003, 1337], ""type"": ""handwritten"", ""text"": ""кого любили. Треба купувати""}, {""bbox"": [130, 1296, 1988, 1399], ""type"": ""handwritten"", ""text"": ""суспілі з миттєвим і принь донат""}, {""bbox"": [122, 1395, 2132, 1499], ""type"": ""handwritten"", ""text"": ""Да військо, вимукувати ребя і гене-""}, {""bbox"": [124, 1553, 2116, 1658], ""type"": ""handwritten"", ""text"": ""мен в міністарії ботаніки, бо мен""}, {""bbox"": [131, 1638, 2051, 1737], ""type"": ""handwritten"", ""text"": ""перший урок треба привнести""}, {""bbox"": [134, 1722, 2033, 1817], ""type"": ""handwritten"", ""text"": ""юбителям. Треба любити свій""}, {""bbox"": [127, 1803, 2052, 1897], ""type"": ""handwritten"", ""text"": ""діл, навіть якщо він тимчасово""}, {""bbox"": [127, 1884, 2101, 1981], ""type"": ""handwritten"", ""text"": ""і далеко від справжнього дому,""}, {""bbox"": [125, 1928, 2113, 2025], ""type"": ""handwritten"", ""text"": ""того що в середі Треба заквасити""}, {""bbox"": [139, 1976, 2108, 2074], ""type"": ""handwritten"", ""text"": ""того, що в серіалі. Треба здавати""}, {""bbox"": [129, 2016, 2057, 2100], ""type"": ""handwritten"", ""text"": ""кров і мерзне, і ніяк не в чужому""}, {""bbox"": [117, 2079, 2044, 2189], ""type"": ""handwritten"", ""text"": ""сепії поселяться любов до слів""}, {""bbox"": [115, 2136, 1936, 2238], ""type"": ""handwritten"", ""text"": ""серці поселяться любов до селів""}, {""bbox"": [125, 2220, 1977, 2316], ""type"": ""handwritten"", ""text"": ""\""добіру\"", \""пітально\"" чи \""коняхи\""""}, {""bbox"": [252, 2303, 2077, 2395], ""type"": ""handwritten"", ""text"": ""Треба існуватися, коли вимагає""}, {""bbox"": [137, 2382, 2083, 2476], ""type"": ""handwritten"", ""text"": ""находа, і казати те, що нас дуже""}, {""bbox"": [134, 2465, 1848, 2556], ""type"": ""handwritten"", ""text"": ""Немає часу на півтони.""}, {""bbox"": [114, 2545, 1901, 2638], ""type"": ""handwritten"", ""text"": ""Мастерське, крехке, непитя""}, {""bbox"": [115, 2622, 1901, 2719], ""type"": ""handwritten"", ""text"": ""тікає крізь полевіці. Справж-""}, {""bbox"": [113, 2705, 1878, 2800], ""type"": ""handwritten"", ""text"": ""тіла виявилось тільки те, за""}, {""bbox"": [116, 2789, 1725, 2877], ""type"": ""handwritten"", ""text"": ""що не можна скончитись""}, {""bbox"": [106, 2866, 1611, 2965], ""type"": ""handwritten"", ""text"": ""ріжаний: спогади, соліс""}, {""bbox"": [114, 2943, 652, 3026], ""type"": ""handwritten"", ""text"": ""любов.""}, {""bbox"": [445, 3028, 1651, 3106], ""type"": ""handwritten"", ""text"": ""треба пізнати, кому""}, {""bbox"": [89, 3096, 1717, 3174], ""type"": ""handwritten"", ""text"": ""можеться. За все те, що він""}, {""bbox"": [118, 3164, 1761, 3226], ""type"": ""handwritten"", ""text"": ""не мало з нами статися.""}]"
45afc1f5-c3ce-4d22-a9c7-c7e1369662c2.jpg,"[{""bbox"": [94, 127, 844, 186], ""type"": ""handwritten"", ""text"": ""це в чимусь серці поселяться любов""}, {""bbox"": [100, 181, 862, 235], ""type"": ""handwritten"", ""text"": ""до слів: «доцілу, п'ятаком чи кини!»""}, {""bbox"": [163, 231, 866, 289], ""type"": ""handwritten"", ""text"": ""Треба чілуватись, коли випадає мало-""}, {""bbox"": [103, 287, 810, 341], ""type"": ""handwritten"", ""text"": ""да, і казали те, що на думці. Немає""}, {""bbox"": [99, 337, 860, 396], ""type"": ""handwritten"", ""text"": ""часу на півтони. Матеріяльне - при-""}, {""bbox"": [95, 391, 723, 447], ""type"": ""handwritten"", ""text"": ""ке, життя тікає крізь пальці.""}, {""bbox"": [120, 441, 814, 496], ""type"": ""handwritten"", ""text"": ""Ставрополім виявилося тільки те, що""}, {""bbox"": [108, 502, 866, 557], ""type"": ""handwritten"", ""text"": ""не можна скоїнти руками - склади,""}, {""bbox"": [103, 552, 353, 601], ""type"": ""handwritten"", ""text"": ""сліх і любов.""}, {""bbox"": [138, 604, 870, 666], ""type"": ""handwritten"", ""text"": ""Це треба шукати, коли людська-""}, {""bbox"": [95, 661, 862, 719], ""type"": ""handwritten"", ""text"": ""- за все те, що ніколи б не мало зна-""}, {""bbox"": [95, 718, 785, 774], ""type"": ""handwritten"", ""text"": ""ли статися. За те, що ми тепер""}, {""bbox"": [99, 773, 864, 829], ""type"": ""handwritten"", ""text"": ""не тільки знаємо, як пишеться <<да-""}, {""bbox"": [97, 823, 824, 883], ""type"": ""handwritten"", ""text"": ""лежабільний дрім» або «багатягна""}, {""bbox"": [100, 880, 847, 941], ""type"": ""handwritten"", ""text"": ""ракета», а й відрізняємо їх на слух.""}, {""bbox"": [137, 935, 848, 998], ""type"": ""handwritten"", ""text"": ""Росіяни хочуть, щоб ми стали схо-""}, {""bbox"": [97, 993, 879, 1053], ""type"": ""handwritten"", ""text"": ""осами на них - сірими у вічній злослі.""}, {""bbox"": [89, 1049, 840, 1108], ""type"": ""handwritten"", ""text"": ""А ми будемо жити цікаво — вдупереч""}, {""bbox"": [85, 1106, 876, 1164], ""type"": ""handwritten"", ""text"": ""історії і заради тих, хто після гово-""}, {""bbox"": [83, 1161, 573, 1225], ""type"": ""handwritten"", ""text"": ""пишеме нашою мовою.""}]"
093acb37-3606-4e0b-90b5-09bddd661111.jpg,"[{""bbox"": [205, 150, 804, 222], ""type"": ""handwritten"", ""text"": ""крижке, життя тікає крізь пальці.""}, {""bbox"": [204, 198, 871, 274], ""type"": ""handwritten"", ""text"": ""Справжнім виявилося тільки те, за що не""}, {""bbox"": [201, 243, 872, 340], ""type"": ""handwritten"", ""text"": ""можна схопити руками - спогади, сльози і""}, {""bbox"": [199, 308, 280, 346], ""type"": ""handwritten"", ""text"": ""мобов.""}, {""bbox"": [275, 324, 883, 380], ""type"": ""handwritten"", ""text"": ""Ще треба плакати коли можеться""}, {""bbox"": [200, 368, 884, 423], ""type"": ""handwritten"", ""text"": ""За все те, що ніколи й немало знаки""}, {""bbox"": [197, 413, 859, 462], ""type"": ""handwritten"", ""text"": ""статися. За те, що ми не тільки""}, {""bbox"": [194, 452, 888, 509], ""type"": ""handwritten"", ""text"": ""знаємо як пишеться, далекобійний дрон, або""}, {""bbox"": [197, 501, 857, 550], ""type"": ""handwritten"", ""text"": ""балістична ракета, а й розрізняло""}, {""bbox"": [253, 587, 811, 637], ""type"": ""handwritten"", ""text"": ""Росіяни хочуть, щоб ми стали""}, {""bbox"": [184, 631, 825, 679], ""type"": ""handwritten"", ""text"": ""стоксими, на них - скилі у вічній""}, {""bbox"": [183, 671, 882, 725], ""type"": ""handwritten"", ""text"": ""грізоті. А ми будемо жити цікаво,""}, {""bbox"": [183, 714, 859, 770], ""type"": ""handwritten"", ""text"": ""всупереч історії, і заради тих, хто""}, {""bbox"": [175, 760, 868, 820], ""type"": ""handwritten"", ""text"": ""тіла нас говоритиме нашою мовою.""}]"
2290b0a6-82f3-4443-b19b-68f7fc82f8ae.jpg,"[{""bbox"": [1475, 813, 2084, 950], ""type"": ""handwritten"", ""text"": ""Треба жити""}, {""bbox"": [848, 927, 2618, 1060], ""type"": ""handwritten"", ""text"": ""Треба жити. Жити треба цікаво.""}, {""bbox"": [618, 1036, 2955, 1185], ""type"": ""handwritten"", ""text"": ""читати книжки, ходити в театр, дивитися""}, {""bbox"": [602, 1137, 1235, 1257], ""type"": ""handwritten"", ""text"": ""пса Джатрона.""}, {""bbox"": [798, 1234, 2720, 1353], ""type"": ""handwritten"", ""text"": ""Треба жити. Невпівним, не трошки, не""}, {""bbox"": [844, 1331, 2575, 1444], ""type"": ""handwritten"", ""text"": ""на, не після. По-справжньому! Зараз""}, {""bbox"": [600, 1396, 2634, 1522], ""type"": ""handwritten"", ""text"": ""Треба члопити котів, збірати гриби, везти""}, {""bbox"": [851, 1438, 2575, 1558], ""type"": ""handwritten"", ""text"": ""гадити котів, збірати гриби, безти""}, {""bbox"": [602, 1539, 2798, 1655], ""type"": ""handwritten"", ""text"": ""шукати з фронту на \""Гітерсіті\"", робити""}, {""bbox"": [603, 1640, 2815, 1755], ""type"": ""handwritten"", ""text"": ""ремонт і приносити щастя тим, кого любило.""}, {""bbox"": [787, 1740, 2690, 1851], ""type"": ""handwritten"", ""text"": ""Треба купувати сукні з малітками і""}, {""bbox"": [631, 1829, 2714, 1945], ""type"": ""handwritten"", ""text"": ""донатити на військо, вилікувати Реби і""}, {""bbox"": [636, 1924, 2807, 2045], ""type"": ""handwritten"", ""text"": ""генератори, а их - нимпорити вегорами в""}, {""bbox"": [625, 2023, 2746, 2159], ""type"": ""handwritten"", ""text"": ""мініс'ярті ботсаду, бо на перший урок треба""}, {""bbox"": [847, 2204, 2776, 2337], ""type"": ""handwritten"", ""text"": ""Треба любити свій дім, навіть, якщо він""}, {""bbox"": [629, 2314, 2884, 2456], ""type"": ""handwritten"", ""text"": ""тимчасовий, і далеко від справжнього дому - того,""}, {""bbox"": [629, 2428, 1215, 2538], ""type"": ""handwritten"", ""text"": ""що в серці.""}, {""bbox"": [842, 2508, 2790, 2630], ""type"": ""handwritten"", ""text"": ""Треба здавати кров і, може, з нею ще""}, {""bbox"": [636, 2606, 2716, 2744], ""type"": ""handwritten"", ""text"": ""в гнітусь серці поселяться любов до слів:""}, {""bbox"": [646, 2721, 1876, 2843], ""type"": ""handwritten"", ""text"": ""донічу, піятко чи киян.""}, {""bbox"": [935, 2803, 2716, 2924], ""type"": ""handwritten"", ""text"": ""Треба цілуватися, коли випадає нагода,""}, {""bbox"": [644, 2896, 2735, 3032], ""type"": ""handwritten"", ""text"": ""і казати те, що на душі. Хочаєш часу на""}, {""bbox"": [644, 3002, 2674, 3127], ""type"": ""handwritten"", ""text"": ""півтони. Матеріальне — крихке; життя тікає""}, {""bbox"": [646, 3095, 2739, 3229], ""type"": ""handwritten"", ""text"": ""крізь пальці. Справжній виявилось тільки те,""}, {""bbox"": [647, 3193, 2584, 3327], ""type"": ""handwritten"", ""text"": ""за що не можна вжитись руками:""}, {""bbox"": [662, 3298, 1720, 3414], ""type"": ""handwritten"", ""text"": ""спогади, сльоз і любов.""}, {""bbox"": [969, 3374, 2869, 3504], ""type"": ""handwritten"", ""text"": ""Не треба плакати, коли можеться. За""}, {""bbox"": [643, 3477, 2867, 3609], ""type"": ""handwritten"", ""text"": ""все те, що ми не тільки знаємо як пишеться""}, {""bbox"": [660, 3577, 2877, 3718], ""type"": ""handwritten"", ""text"": ""\""далекобійний зроз\"" або \""бонітутна рахе та\"",""}, {""bbox"": [662, 3690, 2071, 3860], ""type"": ""handwritten"", ""text"": ""а й розпізнаємо їх на слух.""}]"
3c29b80c-3ece-4a81-abae-3a396b16abcd.jpg,"[{""bbox"": [757, 52, 1359, 202], ""type"": ""handwritten"", ""text"": ""Треба всісти""}, {""bbox"": [266, 210, 2319, 324], ""type"": ""handwritten"", ""text"": ""Знати треба цікаво: читати книжки, ходити в театр""}, {""bbox"": [138, 332, 1195, 465], ""type"": ""handwritten"", ""text"": ""зясувати на статусі.""}, {""bbox"": [218, 444, 2075, 568], ""type"": ""handwritten"", ""text"": ""Треба жити. Не в пів сили, не спокійно,""}, {""bbox"": [113, 554, 2134, 708], ""type"": ""handwritten"", ""text"": ""не завтра, не після. То справжньому. Зараз!""}, {""bbox"": [94, 687, 2087, 828], ""type"": ""handwritten"", ""text"": ""Треба гладити копів, звичати гриби, веселі угу-""}, {""bbox"": [113, 807, 1934, 945], ""type"": ""handwritten"", ""text"": ""ученит із фронту на \""Говоріту\"", подати""}, {""bbox"": [110, 934, 2102, 1055], ""type"": ""handwritten"", ""text"": ""пекло та примостили щасли тися-кого""}, {""bbox"": [98, 1047, 2192, 1174], ""type"": ""handwritten"", ""text"": ""емодіяло. Треба купувати сукні з евстітками""}, {""bbox"": [92, 1169, 2206, 1302], ""type"": ""handwritten"", ""text"": ""і прислішати щастя тисяч донатити на військо,""}, {""bbox"": [88, 1297, 1893, 1427], ""type"": ""handwritten"", ""text"": ""Симулювати леги на генератори, а ще""}, {""bbox"": [87, 1405, 2083, 1549], ""type"": ""handwritten"", ""text"": ""менюпорти використано в сеніхвері рок. саду,""}, {""bbox"": [88, 1545, 1849, 1677], ""type"": ""handwritten"", ""text"": ""бо на перший урок треба принести""}, {""bbox"": [79, 1685, 553, 1778], ""type"": ""handwritten"", ""text"": ""кашталь.""}, {""bbox"": [184, 1789, 2130, 1909], ""type"": ""handwritten"", ""text"": ""Треба любити свій дім навіть, якщо він""}, {""bbox"": [51, 1908, 2016, 2037], ""type"": ""handwritten"", ""text"": ""тихасовій і далеко від справжнього""}, {""bbox"": [80, 2026, 2079, 2164], ""type"": ""handwritten"", ""text"": ""дому - того що в серці. Потреба здавати""}, {""bbox"": [79, 2146, 2057, 2290], ""type"": ""handwritten"", ""text"": ""кров - і може з ним, ще втиснись""}, {""bbox"": [76, 2276, 2152, 2411], ""type"": ""handwritten"", ""text"": ""сердці поселяться любов до сіль, до пісу,""}, {""bbox"": [61, 2424, 902, 2525], ""type"": ""handwritten"", ""text"": ""літерою на клаці.""}, {""bbox"": [69, 2530, 1861, 2649], ""type"": ""handwritten"", ""text"": ""§ Потреба цілуватися по чи випадок""}, {""bbox"": [63, 2664, 2066, 2783], ""type"": ""handwritten"", ""text"": ""налога і казати те, що на думку""}, {""bbox"": [32, 2780, 2240, 2932], ""type"": ""handwritten"", ""text"": ""Немає часу, на пів години. Матеріальне, крихке""}]"
173db2f4-bc3a-446b-90aa-27d00caa9e1a.jpg,"[{""bbox"": [598, 357, 1188, 474], ""type"": ""handwritten"", ""text"": ""Треба жити.""}, {""bbox"": [3339, 404, 3822, 513], ""type"": ""handwritten"", ""text"": ""чи „Князі“""}, {""bbox"": [384, 495, 2025, 620], ""type"": ""handwritten"", ""text"": ""Мети треба цілкові читати книжки,""}, {""bbox"": [2162, 516, 3903, 658], ""type"": ""handwritten"", ""text"": ""Треба спілкуватись, нам випадає нагода,""}, {""bbox"": [276, 619, 2034, 753], ""type"": ""handwritten"", ""text"": ""ходили в театр, дрессували ная Патрон""}, {""bbox"": [2145, 636, 3743, 765], ""type"": ""handwritten"", ""text"": ""і казати те, що на думці. Немав""}, {""bbox"": [277, 737, 2037, 876], ""type"": ""handwritten"", ""text"": ""Треба писати! Не в пів села, не тасти,""}, {""bbox"": [2154, 746, 3724, 885], ""type"": ""handwritten"", ""text"": ""часу на півтони. Матеріальне -""}, {""bbox"": [252, 866, 1942, 1002], ""type"": ""handwritten"", ""text"": ""не довіряє, не після. По-справжньому!""}, {""bbox"": [2144, 885, 3787, 1006], ""type"": ""handwritten"", ""text"": ""прихне, листя тікає крізь пальці.""}, {""bbox"": [263, 991, 1975, 1126], ""type"": ""handwritten"", ""text"": ""Зараз! Треба шарити котів, дійка-""}, {""bbox"": [2143, 995, 3794, 1134], ""type"": ""handwritten"", ""text"": ""Справжніше виявилося тільки те, до-""}, {""bbox"": [260, 1123, 1880, 1257], ""type"": ""handwritten"", ""text"": ""ти гриби, везти гриби зі стоку""}, {""bbox"": [2147, 1137, 3819, 1256], ""type"": ""handwritten"", ""text"": ""що не можна скопіюєть руками -""}, {""bbox"": [258, 1237, 1978, 1383], ""type"": ""handwritten"", ""text"": ""на \""Інтерсті\"", робили рекламу і при-""}, {""bbox"": [2146, 1250, 3298, 1376], ""type"": ""handwritten"", ""text"": ""епохади, еміх і слабов.""}, {""bbox"": [245, 1374, 1867, 1492], ""type"": ""handwritten"", ""text"": ""носить прасти тим, кого любишо.""}, {""bbox"": [2283, 1378, 3862, 1500], ""type"": ""handwritten"", ""text"": ""Ще треба плахати, коли можна-""}, {""bbox"": [254, 1496, 1893, 1629], ""type"": ""handwritten"", ""text"": ""Приба купувати сукні з меланжем""}, {""bbox"": [2146, 1496, 3886, 1622], ""type"": ""handwritten"", ""text"": ""ця. За все те, що ніколи б не стало""}, {""bbox"": [265, 1618, 2022, 1749], ""type"": ""handwritten"", ""text"": ""і докатити на вілько, вимушувати""}, {""bbox"": [2127, 1621, 3850, 1746], ""type"": ""handwritten"", ""text"": ""з нами статися. За те, що ми не""}, {""bbox"": [263, 1746, 1999, 1882], ""type"": ""handwritten"", ""text"": ""РЕБи і генератори, а ще-миксторили""}, {""bbox"": [2133, 1758, 3861, 1887], ""type"": ""handwritten"", ""text"": ""тільки знаючи як пишеться „далеко-""}, {""bbox"": [245, 1868, 1883, 2012], ""type"": ""handwritten"", ""text"": ""вегетація у містечці багату, бо на""}, {""bbox"": [2143, 1874, 3852, 2015], ""type"": ""handwritten"", ""text"": ""більшої дроті або, балістична раке-""}, {""bbox"": [241, 2004, 1975, 2138], ""type"": ""handwritten"", ""text"": ""перший урок треба принести халли-""}, {""bbox"": [2143, 2004, 3782, 2136], ""type"": ""handwritten"", ""text"": ""та\"", а її розріжняємо їх на слух.""}, {""bbox"": [234, 2132, 512, 2234], ""type"": ""handwritten"", ""text"": ""танів.""}, {""bbox"": [2236, 2132, 3757, 2257], ""type"": ""handwritten"", ""text"": ""росіяни хочуть, щоб ми стали""}, {""bbox"": [2141, 2259, 3840, 2391], ""type"": ""handwritten"", ""text"": ""скочення на них- експер у вій-""}, {""bbox"": [379, 2268, 2007, 2397], ""type"": ""handwritten"", ""text"": ""Треба любити свої діла, навіть якщо""}, {""bbox"": [2139, 2379, 3855, 2519], ""type"": ""handwritten"", ""text"": ""нічі гризоти. А ми були тим""}, {""bbox"": [229, 2390, 2037, 2538], ""type"": ""handwritten"", ""text"": ""він пилосовий і далеко від справжно-""}, {""bbox"": [2142, 2505, 3735, 2647], ""type"": ""handwritten"", ""text"": ""цікаво, безпереч історії і закоцн""}, {""bbox"": [234, 2530, 2013, 2662], ""type"": ""handwritten"", ""text"": ""го дому - того, що в серці. Треба дда-""}, {""bbox"": [2145, 2636, 3882, 2761], ""type"": ""handwritten"", ""text"": ""так, хто після нас говорить нашою""}, {""bbox"": [223, 2658, 1858, 2809], ""type"": ""handwritten"", ""text"": ""вали кров і, може, з нею ще в""}, {""bbox"": [2120, 2766, 2489, 2876], ""type"": ""handwritten"", ""text"": ""мовою.""}, {""bbox"": [232, 2793, 1967, 2919], ""type"": ""handwritten"", ""text"": ""чівельов серці посилляє слідів до""}]"
0341e0e1-a15e-4c05-9492-112a1fdba233.jpg,"[{""bbox"": [224, 232, 2769, 374], ""type"": ""handwritten"", ""text"": ""не мало з нами статися. За""}, {""bbox"": [223, 357, 2726, 480], ""type"": ""handwritten"", ""text"": ""те, що ми не пишем знаємо,""}, {""bbox"": [227, 469, 2823, 609], ""type"": ""handwritten"", ""text"": ""як пишеться \""далекобійний фронт\"",""}, {""bbox"": [227, 593, 2705, 732], ""type"": ""handwritten"", ""text"": ""або „балістична ракета“, але й""}, {""bbox"": [224, 716, 2005, 837], ""type"": ""handwritten"", ""text"": ""розрізняємо їх на слух.""}, {""bbox"": [360, 825, 2834, 959], ""type"": ""handwritten"", ""text"": ""Росіяни хочуть, щоб ми стали""}, {""bbox"": [222, 947, 2727, 1075], ""type"": ""handwritten"", ""text"": ""схожими на них, скільки у вічній""}, {""bbox"": [230, 1052, 2789, 1196], ""type"": ""handwritten"", ""text"": ""гідзоні. А ми були жити цікаво,""}, {""bbox"": [227, 1176, 2829, 1318], ""type"": ""handwritten"", ""text"": ""всупереч історії, і заради них, хто""}, {""bbox"": [233, 1295, 2563, 1424], ""type"": ""handwritten"", ""text"": ""після нас говорилише нашою""}, {""bbox"": [249, 1409, 698, 1514], ""type"": ""handwritten"", ""text"": ""мовою.""}]"
377e3119-9473-4695-aed1-c9a56c9bee8b.jpg,"[{""bbox"": [429, 119, 1991, 307], ""type"": ""handwritten"", ""text"": ""Підсуди здавати кров, і, може, з""}, {""bbox"": [2051, 133, 3629, 239], ""type"": ""handwritten"", ""text"": ""скажили на них - Атіли у вічній""}, {""bbox"": [2053, 226, 3455, 340], ""type"": ""handwritten"", ""text"": ""гризоті. А ми будемо жити""}, {""bbox"": [370, 232, 2004, 421], ""type"": ""handwritten"", ""text"": ""него ще в чиєтось серці посмітка""}, {""bbox"": [2061, 321, 3639, 432], ""type"": ""handwritten"", ""text"": ""цілково вступає історії і раду""}, {""bbox"": [349, 325, 1956, 530], ""type"": ""handwritten"", ""text"": ""мовив до слів „депішу“, пітятко, чи""}, {""bbox"": [356, 338, 1981, 657], ""type"": ""handwritten"", ""text"": ""мовив до слів „детішу“, пітятко, чи""}, {""bbox"": [2059, 417, 3632, 522], ""type"": ""handwritten"", ""text"": ""тих, хто після нас говоритиме""}, {""bbox"": [343, 490, 682, 594], ""type"": ""handwritten"", ""text"": ""Князі.""}, {""bbox"": [2066, 512, 2806, 595], ""type"": ""handwritten"", ""text"": ""нашого мовного""}, {""bbox"": [469, 526, 1765, 689], ""type"": ""handwritten"", ""text"": ""Потреба цілуватися коли""}, {""bbox"": [351, 603, 1945, 798], ""type"": ""handwritten"", ""text"": ""випадає наслідок, і казати те,""}, {""bbox"": [349, 697, 1985, 899], ""type"": ""handwritten"", ""text"": ""що на думці. Немає часу на""}, {""bbox"": [366, 855, 847, 969], ""type"": ""handwritten"", ""text"": ""півтони.""}, {""bbox"": [437, 897, 2026, 1061], ""type"": ""handwritten"", ""text"": ""Матеріяльне життя""}, {""bbox"": [340, 976, 2035, 1153], ""type"": ""handwritten"", ""text"": ""пікає скрізь пальці. І справжнім""}, {""bbox"": [351, 1082, 1991, 1258], ""type"": ""handwritten"", ""text"": ""виявилася пільгом те, за що не""}, {""bbox"": [341, 1193, 2017, 1355], ""type"": ""handwritten"", ""text"": ""можна скотитись рукою -""}, {""bbox"": [356, 1301, 1629, 1441], ""type"": ""handwritten"", ""text"": ""спогади, спіхи і любов.""}, {""bbox"": [450, 1390, 1959, 1542], ""type"": ""handwritten"", ""text"": ""Ще треба пізнати, коли""}, {""bbox"": [351, 1488, 1889, 1637], ""type"": ""handwritten"", ""text"": ""можиться. За все те, що""}, {""bbox"": [348, 1591, 1829, 1734], ""type"": ""handwritten"", ""text"": ""нікому не мало б з ними""}, {""bbox"": [352, 1705, 1889, 1826], ""type"": ""handwritten"", ""text"": ""статися. За те, що ми не""}, {""bbox"": [344, 1798, 2048, 1928], ""type"": ""handwritten"", ""text"": ""тільки знати, як пишеться""}, {""bbox"": [326, 1898, 2084, 2038], ""type"": ""handwritten"", ""text"": ""\""домекабільний фронт\"" або \""галістична""}, {""bbox"": [330, 2012, 2012, 2146], ""type"": ""handwritten"", ""text"": ""пакета\"", а й розрізняємо їх на""}, {""bbox"": [339, 2143, 675, 2248], ""type"": ""handwritten"", ""text"": ""слух.""}, {""bbox"": [514, 2206, 2077, 2349], ""type"": ""handwritten"", ""text"": ""Росіяни хочуть, щоб ми стали""}]"
2e216d29-29f6-49de-837c-42d4400e5389.jpg,"[{""bbox"": [512, 502, 4302, 836], ""type"": ""handwritten"", ""text"": ""Справжнім виявилося тільки те,""}, {""bbox"": [513, 807, 4779, 1062], ""type"": ""handwritten"", ""text"": ""за що не можна схопитись руками:""}, {""bbox"": [564, 1036, 4366, 1298], ""type"": ""handwritten"", ""text"": ""Слогади, сміх і любов. Ще пурба""}, {""bbox"": [533, 1265, 4774, 1534], ""type"": ""handwritten"", ""text"": ""показати, коли можеться. За все те,""}, {""bbox"": [503, 1515, 4755, 1771], ""type"": ""handwritten"", ""text"": ""що ніколи б не мало з нами стати-""}, {""bbox"": [512, 1739, 4648, 2005], ""type"": ""handwritten"", ""text"": ""са. За те, що ми не тільки знаємо,""}, {""bbox"": [493, 1982, 4501, 2235], ""type"": ""handwritten"", ""text"": ""як пишеться „дошкобійний дрок“ або""}, {""bbox"": [446, 2208, 4673, 2483], ""type"": ""handwritten"", ""text"": ""„бамістична“ рокета\"", а й розрізняємо""}, {""bbox"": [542, 2437, 1925, 2674], ""type"": ""handwritten"", ""text"": ""їх на слух.""}, {""bbox"": [975, 2668, 4521, 2940], ""type"": ""handwritten"", ""text"": ""Росіяни хочуть, щоб ми стали""}, {""bbox"": [475, 2910, 4473, 3180], ""type"": ""handwritten"", ""text"": ""скочили на них, скили у вічній""}, {""bbox"": [473, 3147, 4676, 3428], ""type"": ""handwritten"", ""text"": ""призані. А ми були якби цікаво,""}, {""bbox"": [456, 3374, 4579, 3668], ""type"": ""handwritten"", ""text"": ""всупереч історії і звичаю тися, хто""}, {""bbox"": [469, 3625, 4723, 3922], ""type"": ""handwritten"", ""text"": ""нісля нас говорилише нашою мовою.""}]"
364474eb-bc10-482f-82c3-503b8c1ff194.jpg,"[{""bbox"": [2351, 880, 4928, 1381], ""type"": ""handwritten"", ""text"": ""Треба жити!""}, {""bbox"": [658, 1336, 6983, 1773], ""type"": ""handwritten"", ""text"": ""Чити треба упіково: читати книжки,""}, {""bbox"": [206, 1740, 6139, 2182], ""type"": ""handwritten"", ""text"": ""ходити в театр, дрессувати пса""}, {""bbox"": [202, 2141, 6932, 2579], ""type"": ""handwritten"", ""text"": ""Патрака. Треба хити! Не впівсень, не""}, {""bbox"": [175, 2517, 6971, 2948], ""type"": ""handwritten"", ""text"": ""трошки, не завтра, не після. По-справ-""}, {""bbox"": [197, 2922, 6699, 3367], ""type"": ""handwritten"", ""text"": ""жньому! Зараз! Треба падати котів,""}, {""bbox"": [159, 3324, 6942, 3773], ""type"": ""handwritten"", ""text"": ""збирати яриби, везти чужинят із фронту""}, {""bbox"": [138, 3746, 6887, 4149], ""type"": ""handwritten"", ""text"": ""на інтересі, робити рекламу і при-""}, {""bbox"": [164, 4096, 6892, 4521], ""type"": ""handwritten"", ""text"": ""носити щастя тим, кого любимо. Треба""}, {""bbox"": [141, 4479, 6666, 4896], ""type"": ""handwritten"", ""text"": ""купувати сукні з пелітками і драк""}, {""bbox"": [144, 4838, 6982, 5279], ""type"": ""handwritten"", ""text"": ""докатити на військо, вимукувати РЕБИ""}, {""bbox"": [182, 5231, 7091, 5667], ""type"": ""handwritten"", ""text"": ""і лектори, а ще кишпорати венчали""}, {""bbox"": [132, 5623, 6660, 6068], ""type"": ""handwritten"", ""text"": ""в міжнарії ботсаду, бо на перший""}, {""bbox"": [86, 6018, 5683, 6444], ""type"": ""handwritten"", ""text"": ""урок треба принести каштанів.""}, {""bbox"": [690, 6379, 6452, 6808], ""type"": ""handwritten"", ""text"": ""Треба любити свій діал, кавіть""}, {""bbox"": [117, 6768, 6108, 7184], ""type"": ""handwritten"", ""text"": ""якщо він тимчасовий і далеко від""}, {""bbox"": [158, 7139, 6804, 7586], ""type"": ""handwritten"", ""text"": ""справжнього дому, того що в серці...""}, {""bbox"": [118, 7528, 6688, 7946], ""type"": ""handwritten"", ""text"": ""Треба здавати кров - і може з нею""}, {""bbox"": [165, 7935, 6717, 8330], ""type"": ""handwritten"", ""text"": ""ще в чиняюсь серці поспішаться лю-""}, {""bbox"": [188, 8292, 6561, 8714], ""type"": ""handwritten"", ""text"": ""бов досі свів, докіру, німачко чи""}, {""bbox"": [176, 8732, 1317, 9073], ""type"": ""handwritten"", ""text"": ""хижах.""}, {""bbox"": [457, 9041, 6677, 9444], ""type"": ""handwritten"", ""text"": ""Треба упізуватися, коми випадає ка-""}, {""bbox"": [67, 9405, 6755, 9869], ""type"": ""handwritten"", ""text"": ""лода, і казати те, що на думці. Но-""}]"
2c17848f-8fe2-4ed4-abf3-8705a4603384.jpg,"[{""bbox"": [598, 240, 2410, 383], ""type"": ""handwritten"", ""text"": ""Радіодістатам національної єдності - 2025!""}, {""bbox"": [739, 375, 1568, 504], ""type"": ""handwritten"", ""text"": ""„Пірба жити!“""}, {""bbox"": [304, 492, 2595, 640], ""type"": ""handwritten"", ""text"": ""Мами треба уїхаво: читати книжки, ходити""}, {""bbox"": [165, 637, 2069, 780], ""type"": ""handwritten"", ""text"": ""в театр, дріматувать пса Патрона...""}, {""bbox"": [344, 765, 2593, 898], ""type"": ""handwritten"", ""text"": ""Треба жити! Не в пів села, не тросим,""}, {""bbox"": [154, 889, 2528, 1043], ""type"": ""handwritten"", ""text"": ""не завтра, не після. По-справжньому! Зараз!""}, {""bbox"": [153, 1038, 2606, 1190], ""type"": ""handwritten"", ""text"": ""Преба жарити котів, збірати гриби, везти у-""}, {""bbox"": [137, 1178, 2600, 1320], ""type"": ""handwritten"", ""text"": ""уєннях із фронту на \""Інтерсіті\"", робити рекламі""}, {""bbox"": [134, 1308, 2597, 1453], ""type"": ""handwritten"", ""text"": ""і приносити щастя тим, кого любимо. Треба""}, {""bbox"": [140, 1452, 2461, 1597], ""type"": ""handwritten"", ""text"": ""купувати сукні з леїнкоми й докатати на""}, {""bbox"": [141, 1585, 2589, 1730], ""type"": ""handwritten"", ""text"": ""військо, вимукувати РЕБи й генератори, а""}, {""bbox"": [124, 1717, 2675, 1867], ""type"": ""handwritten"", ""text"": ""ще нимпорити вчорашні в міністрі ботсаду,""}, {""bbox"": [116, 1865, 2626, 2011], ""type"": ""handwritten"", ""text"": ""во на перший урок треба принести календарів.""}, {""bbox"": [247, 1994, 2553, 2146], ""type"": ""handwritten"", ""text"": ""Преба любити свій дім, навіть якщо він""}, {""bbox"": [106, 2141, 2520, 2295], ""type"": ""handwritten"", ""text"": ""митасовий і далеко від справжнього дому,""}, {""bbox"": [97, 2281, 2469, 2429], ""type"": ""handwritten"", ""text"": ""того, що в серці. Потреба здавати кров, і може""}, {""bbox"": [109, 2423, 2600, 2577], ""type"": ""handwritten"", ""text"": ""нею, ще в чисту серці, поселяться любов""}, {""bbox"": [110, 2573, 2562, 2725], ""type"": ""handwritten"", ""text"": ""до слів: допіру, пітятко чи Анжса. Прада""}, {""bbox"": [113, 2712, 2521, 2861], ""type"": ""handwritten"", ""text"": ""уічуватися, коли випадає ногода й казати""}, {""bbox"": [98, 2857, 2577, 3014], ""type"": ""handwritten"", ""text"": ""ме, що на думці. Немає часу на півтони.""}, {""bbox"": [109, 3004, 2642, 3151], ""type"": ""handwritten"", ""text"": ""Матеріальне - крижне, зимове місто крізь польгу.""}, {""bbox"": [101, 3147, 2693, 3302], ""type"": ""handwritten"", ""text"": ""Справжнім виявилося тільки те, за що не можна""}, {""bbox"": [130, 3297, 2418, 3454], ""type"": ""handwritten"", ""text"": ""Скохитись руками: спогади, сміх і любов.""}]"
34f945c0-7e77-4309-92ea-59975b0798d4.jpg,"[{""bbox"": [4, 20, 273, 1306], ""type"": ""image"", ""text"": """"}, {""bbox"": [1010, 101, 1903, 257], ""type"": ""handwritten"", ""text"": ""Треба жити!""}, {""bbox"": [293, 318, 2399, 427], ""type"": ""handwritten"", ""text"": ""Жити треба ужево: читати книжки,""}, {""bbox"": [280, 505, 2546, 624], ""type"": ""handwritten"", ""text"": ""ходити в театр, дискувати про Патрон""}, {""bbox"": [272, 671, 2565, 800], ""type"": ""handwritten"", ""text"": ""Треба жити! Не в пів сили, не трошки""}, {""bbox"": [363, 869, 2491, 1003], ""type"": ""handwritten"", ""text"": ""я завтра, не після. По-справжньому. Закінч""}, {""bbox"": [272, 1056, 2564, 1179], ""type"": ""handwritten"", ""text"": ""треба гладити котів, збираючи гриби, вести""}, {""bbox"": [356, 1231, 2631, 1372], ""type"": ""handwritten"", ""text"": ""руцент із фронту на \""вистрілі\"", робит""}, {""bbox"": [280, 1434, 2503, 1557], ""type"": ""handwritten"", ""text"": ""ремонт, і приносити щастя тим, кого""}, {""bbox"": [271, 1634, 689, 1722], ""type"": ""handwritten"", ""text"": ""любимо.""}, {""bbox"": [424, 1792, 2470, 1922], ""type"": ""handwritten"", ""text"": ""Треба купувати сукні з мітками і""}, {""bbox"": [363, 1965, 2622, 2099], ""type"": ""handwritten"", ""text"": ""донатити на військо, вимушувати реби і""}, {""bbox"": [312, 2145, 2564, 2279], ""type"": ""handwritten"", ""text"": ""генератори, а ще нимпорити вогнями в""}, {""bbox"": [353, 2337, 2637, 2471], ""type"": ""handwritten"", ""text"": ""літтяті\"" ботсаду, бо на перший урок треба""}, {""bbox"": [350, 2504, 2628, 2672], ""type"": ""handwritten"", ""text"": ""принести каштанів. Треба любити свій дім,""}, {""bbox"": [428, 2683, 2559, 2871], ""type"": ""handwritten"", ""text"": ""авіть якщо він тимчасовий, і далеко від""}, {""bbox"": [353, 2863, 2520, 3041], ""type"": ""handwritten"", ""text"": ""справжнього дому, - того що в серці. Треба""}]"
8d61156d-be9d-43a5-82b8-8ac68bb0c74f.jpg,"[{""bbox"": [403, 120, 572, 154], ""type"": ""handwritten"", ""text"": ""Треба жити""}, {""bbox"": [126, 209, 851, 252], ""type"": ""handwritten"", ""text"": ""Треба жити. Натіль сила, не трошка, не завтра, не після,""}, {""bbox"": [122, 229, 1081, 288], ""type"": ""handwritten"", ""text"": ""По справжньому. Зараз, зараз. Треба глядіти котів, збираючи грибів,""}, {""bbox"": [122, 273, 1103, 329], ""type"": ""handwritten"", ""text"": ""вести усценія з фронту на інтерсіті, робити ремонт і приносити""}, {""bbox"": [120, 312, 1063, 371], ""type"": ""handwritten"", ""text"": ""частя тим, кого любимо. Треба кулькувати сукні з лелітками і""}, {""bbox"": [119, 347, 1084, 403], ""type"": ""handwritten"", ""text"": ""приносячи щастя там, кого любимо. доносячи на військо, пишу-""}, {""bbox"": [119, 382, 1115, 432], ""type"": ""handwritten"", ""text"": ""кувати генератори, бо на перший урок треба принести каштанів.""}, {""bbox"": [123, 422, 1121, 473], ""type"": ""handwritten"", ""text"": ""Треба влюбити свій дім навіть якщо тіні тимчасові і далекі""}, {""bbox"": [125, 467, 1104, 512], ""type"": ""handwritten"", ""text"": ""він справжнього дому, того, що в серці. Треба здатати кров і мо-""}, {""bbox"": [126, 507, 1073, 550], ""type"": ""handwritten"", ""text"": ""же з нього ще в чиниться серці поселяться любовь до спів:""}, {""bbox"": [128, 550, 203, 588], ""type"": ""handwritten"", ""text"": ""донів""}, {""bbox"": [127, 590, 1087, 631], ""type"": ""handwritten"", ""text"": ""Треба цілуватися, коли випадає нагода, і казати те, що на""}, {""bbox"": [128, 628, 1129, 670], ""type"": ""handwritten"", ""text"": ""думці. Немає часу на під тони. Матеріальне крихке, життя тікає""}, {""bbox"": [128, 670, 1128, 711], ""type"": ""handwritten"", ""text"": ""крізь пальців. Справжнім виявилось тільки те, за що не можна""}, {""bbox"": [131, 711, 1111, 753], ""type"": ""handwritten"", ""text"": ""схопитись руками: спогади, сміх і любов. Що треба плакати,""}, {""bbox"": [133, 750, 1141, 790], ""type"": ""handwritten"", ""text"": ""коли можеться. За все те, що ніколи й не мало з ним статися""}, {""bbox"": [134, 790, 1106, 829], ""type"": ""handwritten"", ""text"": ""За те, що ми не тільки знаємо, як пишеться далековійниця""}, {""bbox"": [135, 829, 1103, 870], ""type"": ""handwritten"", ""text"": ""дрон або балістична ракета, а ці розрізняємо їх на слух.""}, {""bbox"": [143, 876, 1150, 917], ""type"": ""handwritten"", ""text"": ""Росіяни хочуть, щоб ми стали схожими на них, скили увіч-""}, {""bbox"": [140, 921, 1137, 969], ""type"": ""handwritten"", ""text"": ""ній гризоті. А ми будемо жити цікаво в супереч історії і""}, {""bbox"": [139, 967, 972, 1012], ""type"": ""handwritten"", ""text"": ""заради тих хто після нас говоритимо нашою мовою.""}]"
25482213-5d8f-40f3-bf91-a7931d78381e.jpg,"[{""bbox"": [318, 301, 2589, 454], ""type"": ""handwritten"", ""text"": ""День української писемності та мови 27 жовтня""}, {""bbox"": [2081, 398, 2836, 1258], ""type"": ""image"", ""text"": """"}, {""bbox"": [770, 477, 1655, 691], ""type"": ""handwritten"", ""text"": ""Треба жити!""}, {""bbox"": [431, 684, 2018, 867], ""type"": ""handwritten"", ""text"": ""Жити треба цікаво: читати""}, {""bbox"": [307, 893, 2161, 1050], ""type"": ""handwritten"", ""text"": ""книжки, ходити в театр, дресиру-""}, {""bbox"": [299, 1047, 2483, 1232], ""type"": ""handwritten"", ""text"": ""вать пса Патрона...""}, {""bbox"": [305, 1054, 1540, 1217], ""type"": ""handwritten"", ""text"": ""вать пса Патрона...""}, {""bbox"": [434, 1217, 2631, 1398], ""type"": ""handwritten"", ""text"": ""Треба жити! Не в півсити, не трохи, не""}, {""bbox"": [323, 1385, 2492, 1586], ""type"": ""handwritten"", ""text"": ""завтра, не після. То-справжньому! Зараз!""}, {""bbox"": [311, 1583, 2633, 1762], ""type"": ""handwritten"", ""text"": ""Треба падити котів, збирані гриби, везти""}, {""bbox"": [325, 1765, 2661, 1932], ""type"": ""handwritten"", ""text"": ""ціцюнят із фронту на інтерсіті, робити ре-""}, {""bbox"": [335, 1939, 2657, 2095], ""type"": ""handwritten"", ""text"": ""може і приносити щастя тим, кого любимо.""}, {""bbox"": [330, 2105, 2646, 2278], ""type"": ""handwritten"", ""text"": ""Треба хупувати сухі з листками і прино-ді-""}, {""bbox"": [355, 2276, 2684, 2438], ""type"": ""handwritten"", ""text"": ""натити на військо, вишукувати реби і чене-""}, {""bbox"": [347, 2449, 2813, 2615], ""type"": ""handwritten"", ""text"": ""ратофи, а ще-миліонити вчорали в ліжарі""}, {""bbox"": [350, 2624, 2625, 2783], ""type"": ""handwritten"", ""text"": ""ботсаду, бо на перший урок треба принести""}, {""bbox"": [362, 2793, 903, 2920], ""type"": ""handwritten"", ""text"": ""каталів.""}, {""bbox"": [517, 2945, 2626, 3121], ""type"": ""handwritten"", ""text"": ""Треба любити свій дім, навіть якщо він""}, {""bbox"": [76, 3078, 1083, 3902], ""type"": ""annotation"", ""text"": ""тимчасови""}, {""bbox"": [80, 3090, 1070, 3862], ""type"": ""image"", ""text"": """"}, {""bbox"": [561, 3133, 2722, 3323], ""type"": ""handwritten"", ""text"": ""тихчасовий і далеко від справжнього дому-""}, {""bbox"": [850, 3294, 2699, 3519], ""type"": ""handwritten"", ""text"": ""того, що в серці. Треба здавати кров,""}, {""bbox"": [879, 3477, 2617, 3679], ""type"": ""handwritten"", ""text"": ""і може з нею ще в чимось серці""}, {""bbox"": [1051, 3650, 2600, 3866], ""type"": ""handwritten"", ""text"": ""поселиться любов до слів: допіру,""}]"
0202d8d0-d9a3-4d25-a041-90f5720f3f51.jpg,"[{""bbox"": [203, 16, 400, 76], ""type"": ""handwritten"", ""text"": ""Диктант""}, {""bbox"": [187, 68, 498, 122], ""type"": ""handwritten"", ""text"": ""Треба жити""}, {""bbox"": [93, 105, 768, 173], ""type"": ""handwritten"", ""text"": ""Жити треба цікаво: читати кни-""}, {""bbox"": [2, 153, 762, 220], ""type"": ""handwritten"", ""text"": ""зіски, ходити в театр, дресирувать пса""}, {""bbox"": [2, 187, 197, 243], ""type"": ""handwritten"", ""text"": ""Патрона.""}, {""bbox"": [74, 240, 784, 297], ""type"": ""handwritten"", ""text"": ""Треба жити! Не в пів сили, не про-""}, {""bbox"": [5, 284, 784, 340], ""type"": ""handwritten"", ""text"": ""лики, не завтра, не після. По-справжньо-""}, {""bbox"": [2, 330, 788, 385], ""type"": ""handwritten"", ""text"": ""му. Зараз треба медити котів, збираючи""}, {""bbox"": [5, 376, 789, 428], ""type"": ""handwritten"", ""text"": ""гриби, везти їжу на тату, обід""}, {""bbox"": [5, 421, 791, 468], ""type"": ""handwritten"", ""text"": ""сіті, робите ремонт і приносите щастя""}, {""bbox"": [5, 462, 786, 511], ""type"": ""handwritten"", ""text"": ""ками, кого любили. Треба купувати сукні""}, {""bbox"": [6, 508, 792, 554], ""type"": ""handwritten"", ""text"": ""з лелітками і докатити на військо, ви-""}, {""bbox"": [5, 552, 794, 599], ""type"": ""handwritten"", ""text"": ""мукувати ребя і генератори, а ще ним-""}, {""bbox"": [6, 593, 796, 640], ""type"": ""handwritten"", ""text"": ""порити веґрами в ліжарі і ботсаду,""}, {""bbox"": [7, 637, 759, 689], ""type"": ""handwritten"", ""text"": ""до на перший урок треба принести""}, {""bbox"": [2, 686, 235, 728], ""type"": ""handwritten"", ""text"": ""каштанів.""}, {""bbox"": [68, 722, 803, 773], ""type"": ""handwritten"", ""text"": ""Треба любити свій дім, навіть, якщо""}, {""bbox"": [5, 766, 802, 815], ""type"": ""handwritten"", ""text"": ""він милосердий і далеко від справжньо-""}, {""bbox"": [4, 810, 805, 861], ""type"": ""handwritten"", ""text"": ""го дому, того, що в серці. Треба здавати""}, {""bbox"": [13, 857, 810, 910], ""type"": ""handwritten"", ""text"": ""кров і леже з нено, це в пісні у 6 серці""}, {""bbox"": [13, 900, 813, 962], ""type"": ""handwritten"", ""text"": ""поселяться любив до сиб: допір, питаю,""}, {""bbox"": [4, 962, 227, 1005], ""type"": ""handwritten"", ""text"": ""чи князі.""}, {""bbox"": [66, 980, 811, 1079], ""type"": ""handwritten"", ""text"": ""Треба цілуватися, коли випадає нагода""}]"
fce05c45-288c-4d18-8295-915d47df76f3.jpg,"[{""bbox"": [40, 228, 544, 279], ""type"": ""handwritten"", ""text"": ""зі значення елементів, для""}, {""bbox"": [43, 295, 521, 351], ""type"": ""handwritten"", ""text"": ""такі кращіні відсутні як""}, {""bbox"": [37, 311, 537, 374], ""type"": ""handwritten"", ""text"": ""портатна сторіччя, за пані""}, {""bbox"": [37, 337, 537, 409], ""type"": ""handwritten"", ""text"": ""паперу, будуть невідомі,""}, {""bbox"": [37, 370, 534, 424], ""type"": ""handwritten"", ""text"": ""І ось поясню, вже аж тоді""}, {""bbox"": [38, 441, 183, 474], ""type"": ""handwritten"", ""text"": ""класні кущі.""}, {""bbox"": [53, 445, 537, 497], ""type"": ""handwritten"", ""text"": ""Але й це не страшно гоха""}, {""bbox"": [41, 482, 542, 529], ""type"": ""handwritten"", ""text"": ""мітати і не так ваттінгло з""}, {""bbox"": [40, 513, 516, 562], ""type"": ""handwritten"", ""text"": ""яких поетів. Бо класики""}, {""bbox"": [42, 532, 542, 586], ""type"": ""handwritten"", ""text"": ""це знання і емоції, які не""}, {""bbox"": [41, 570, 486, 612], ""type"": ""handwritten"", ""text"": ""відміну від зоденного""}, {""bbox"": [44, 602, 525, 643], ""type"": ""handwritten"", ""text"": ""лютку інформації, дали-""}, {""bbox"": [39, 625, 544, 668], ""type"": ""handwritten"", ""text"": ""плачуться з ним і говорять""}, {""bbox"": [429, 1133, 574, 1279], ""type"": ""image"", ""text"": """"}]"
904249d2-3ecc-481c-94f8-bdb2ce82906b.jpg,"[{""bbox"": [159, 151, 399, 184], ""type"": ""handwritten"", ""text"": ""Виклики книжкової ери""}, {""bbox"": [49, 177, 571, 215], ""type"": ""handwritten"", ""text"": ""Наприкінці минулого тисячоліття читачі стурбo""}, {""bbox"": [5, 211, 558, 244], ""type"": ""handwritten"", ""text"": ""вано запитували: „Невже електронні носії витіснять""}, {""bbox"": [7, 268, 560, 304], ""type"": ""handwritten"", ""text"": ""сала „Гаррі Поттера“ і її серія романів розіймилася""}, {""bbox"": [8, 301, 557, 341], ""type"": ""handwritten"", ""text"": ""сталільйонними паперовими накладами, це ни-""}, {""bbox"": [4, 336, 361, 369], ""type"": ""handwritten"", ""text"": ""тання втратило свою гостроту.""}, {""bbox"": [55, 361, 563, 396], ""type"": ""handwritten"", ""text"": ""Сьогодні більш-менш зрозуміло, що електронні носії,""}, {""bbox"": [9, 391, 565, 424], ""type"": ""handwritten"", ""text"": ""принаймні ноки що, не створюють кардинальної за-""}, {""bbox"": [11, 418, 558, 450], ""type"": ""handwritten"", ""text"": ""фрази паперовим книжкам. Проте з'явимся вони""}, {""bbox"": [8, 445, 545, 475], ""type"": ""handwritten"", ""text"": ""не випадково. Гадаю, це Бог так хотів нас до далеких""}, {""bbox"": [10, 471, 568, 501], ""type"": ""handwritten"", ""text"": ""мандрівок. Це він підсунув нам чаджети, щоб ми змогли""}, {""bbox"": [10, 495, 489, 521], ""type"": ""handwritten"", ""text"": ""каюсь зобрати з собою на іншу планети свої улюбле-""}, {""bbox"": [7, 519, 559, 547], ""type"": ""handwritten"", ""text"": ""книжки, музичну, фотофакти, картини, бо як інакше вдат-""}, {""bbox"": [11, 544, 186, 569], ""type"": ""handwritten"", ""text"": ""лях б це зробити?""}, {""bbox"": [19, 554, 560, 586], ""type"": ""handwritten"", ""text"": ""Отак дони Ліон Маск ще тільки на півдорозі до""}, {""bbox"": [60, 563, 537, 590], ""type"": ""handwritten"", ""text"": ""Отож доки Ліон Маск не тільки на півдорозі до""}, {""bbox"": [9, 584, 562, 609], ""type"": ""handwritten"", ""text"": ""інших світів, паперова книжка в безпеці. Однак дуже науков-""}, {""bbox"": [12, 603, 559, 630], ""type"": ""handwritten"", ""text"": ""ці стверджують, що наші люди нарешті зможуть загати""}, {""bbox"": [25, 624, 505, 649], ""type"": ""handwritten"", ""text"": ""находити в посіліннях умовах навіть тисяч, то таки""}, {""bbox"": [6, 648, 560, 671], ""type"": ""handwritten"", ""text"": ""модьня фільм буде скоро радше на знайомий кінемато-""}, {""bbox"": [7, 668, 556, 694], ""type"": ""handwritten"", ""text"": ""графічний образ елемента з великою головою, описаний на""}, {""bbox"": [41, 690, 521, 717], ""type"": ""handwritten"", ""text"": ""більшою, слабкими лізами. Для нього, на відміну від""}, {""bbox"": [4, 712, 546, 738], ""type"": ""handwritten"", ""text"": ""нас, такі приємні відчуття, як читання сторінок, запах""}, {""bbox"": [3, 737, 549, 762], ""type"": ""handwritten"", ""text"": ""паперу, будуть невідомі. Усі, напевно, вже аж тоді й заснанує""}, {""bbox"": [4, 757, 235, 778], ""type"": ""handwritten"", ""text"": ""ера електронної книжки.""}, {""bbox"": [40, 775, 549, 800], ""type"": ""handwritten"", ""text"": ""Але й це не страшно, головне - штати, і не так важли-""}, {""bbox"": [2, 798, 524, 826], ""type"": ""handwritten"", ""text"": ""від з яких носіїв. Бо книжки - це знання й емоції, які, на""}, {""bbox"": [2, 822, 536, 856], ""type"": ""handwritten"", ""text"": ""відміну від щоденного потоку інформації, залишаються""}, {""bbox"": [0, 848, 155, 879], ""type"": ""handwritten"", ""text"": ""з ними надовго.""}]"
a00aaa25-cf3d-465a-83e6-47ce6a4b8335.jpg,"[{""bbox"": [139, 226, 326, 283], ""type"": ""handwritten"", ""text"": ""Диктант""}, {""bbox"": [57, 280, 530, 345], ""type"": ""handwritten"", ""text"": ""вціліючу книжкової ери.""}, {""bbox"": [35, 325, 537, 413], ""type"": ""handwritten"", ""text"": ""На прихінці минулого тися-""}, {""bbox"": [28, 430, 544, 495], ""type"": ""handwritten"", ""text"": ""електронні посилі виставлять""}, {""bbox"": [42, 456, 521, 516], ""type"": ""handwritten"", ""text"": ""коли Джоан Ролф не наші""}, {""bbox"": [25, 478, 540, 524], ""type"": ""handwritten"", ""text"": ""коли Джоан Ролф не на~~[illegible]~~""}, {""bbox"": [24, 504, 507, 556], ""type"": ""handwritten"", ""text"": ""Гаррі Поттера\"" і \""""}, {""bbox"": [19, 534, 566, 579], ""type"": ""handwritten"", ""text"": ""верція роману розійшлася""}, {""bbox"": [17, 562, 556, 602], ""type"": ""handwritten"", ""text"": ""атомільонністі мільярдалиці""}, {""bbox"": [21, 592, 450, 625], ""type"": ""handwritten"", ""text"": ""це питання втратило""}, {""bbox"": [61, 642, 497, 672], ""type"": ""handwritten"", ""text"": ""свободні Івельщ-меньш""}, {""bbox"": [17, 669, 497, 705], ""type"": ""handwritten"", ""text"": ""зрозуміло, що електронні""}, {""bbox"": [17, 700, 508, 733], ""type"": ""handwritten"", ""text"": ""поеті, пронаймні півкниго""}, {""bbox"": [19, 729, 556, 761], ""type"": ""handwritten"", ""text"": ""не створюють кордонів міжнародних""}, {""bbox"": [13, 756, 559, 797], ""type"": ""handwritten"", ""text"": ""догоди наперевзим кнацілам.""}, {""bbox"": [10, 778, 449, 816], ""type"": ""handwritten"", ""text"": ""Гроте з'явилася вони не""}, {""bbox"": [14, 810, 522, 850], ""type"": ""handwritten"", ""text"": ""винадію, чадаю, це баг""}]"
576ee645-4900-488f-a03f-cc7364400641.jpg,"[{""bbox"": [33, 184, 570, 221], ""type"": ""handwritten"", ""text"": ""так готує нас до дальших""}, {""bbox"": [32, 214, 567, 252], ""type"": ""handwritten"", ""text"": ""мандрівок. Це він писав""}, {""bbox"": [33, 246, 514, 285], ""type"": ""handwritten"", ""text"": ""нувати нам гадність, щоб""}, {""bbox"": [31, 280, 468, 315], ""type"": ""handwritten"", ""text"": ""Лиць змогли колись""}, {""bbox"": [30, 306, 516, 345], ""type"": ""handwritten"", ""text"": ""забрати з собою на ~~ін~~и""}, {""bbox"": [29, 339, 484, 376], ""type"": ""handwritten"", ""text"": ""мільйони своїх улюблені""}, {""bbox"": [31, 370, 572, 404], ""type"": ""handwritten"", ""text"": ""книти кет, музіку, в фотографія""}, {""bbox"": [28, 401, 494, 436], ""type"": ""handwritten"", ""text"": ""картина, бо як і доклад""}, {""bbox"": [33, 432, 417, 464], ""type"": ""handwritten"", ""text"": ""заблосив уе зробити.""}, {""bbox"": [31, 491, 537, 524], ""type"": ""handwritten"", ""text"": ""ще тільки на гівсгороді до""}, {""bbox"": [31, 521, 505, 554], ""type"": ""handwritten"", ""text"": ""інших світів, напереда""}, {""bbox"": [30, 551, 530, 582], ""type"": ""handwritten"", ""text"": ""єнчина в безпеці. Родина""}, {""bbox"": [30, 577, 571, 610], ""type"": ""handwritten"", ""text"": ""деляні насуповує і сверднусьть""}, {""bbox"": [28, 602, 512, 638], ""type"": ""handwritten"", ""text"": ""що коли люди нарешті""}, {""bbox"": [23, 632, 555, 671], ""type"": ""handwritten"", ""text"": ""законує захит і перодеть""}, {""bbox"": [17, 665, 540, 704], ""type"": ""handwritten"", ""text"": ""в космічних умовах може""}, {""bbox"": [13, 697, 520, 737], ""type"": ""handwritten"", ""text"": ""ниття, то таке людське""}, {""bbox"": [15, 730, 402, 764], ""type"": ""handwritten"", ""text"": ""дитя Туде єко жит""}, {""bbox"": [15, 760, 564, 798], ""type"": ""handwritten"", ""text"": ""на звільнили пінега то-""}, {""bbox"": [14, 790, 490, 830], ""type"": ""handwritten"", ""text"": ""факторічне спілкування з""}, {""bbox"": [19, 818, 494, 865], ""type"": ""handwritten"", ""text"": ""велико голосить з""}, {""bbox"": [12, 847, 472, 908], ""type"": ""handwritten"", ""text"": ""огення на півобліття""}, {""bbox"": [2, 1154, 131, 1190], ""type"": ""printed"", ""text"": ""(1931 рік)""}]"
9800f213-24fb-4371-b3b5-966fc35852ac.jpg,"[{""bbox"": [69, 277, 570, 318], ""type"": ""handwritten"", ""text"": ""від нас, так присланий відчуття,""}, {""bbox"": [71, 312, 530, 352], ""type"": ""handwritten"", ""text"": ""як портатив, енторінок, запах""}, {""bbox"": [72, 347, 552, 391], ""type"": ""handwritten"", ""text"": ""паперу, беднуть невідомі. І ось,""}, {""bbox"": [71, 388, 540, 427], ""type"": ""handwritten"", ""text"": ""напевно, вже аж тоді й запа-""}, {""bbox"": [68, 423, 538, 461], ""type"": ""handwritten"", ""text"": ""що за електронної книжки.""}, {""bbox"": [135, 461, 562, 495], ""type"": ""handwritten"", ""text"": ""Але й це не страшно, голов-""}, {""bbox"": [64, 491, 554, 524], ""type"": ""handwritten"", ""text"": ""не - чекати, і не так вапильно,""}, {""bbox"": [64, 522, 523, 558], ""type"": ""handwritten"", ""text"": ""з яких посіть. Бо княжина - це""}, {""bbox"": [64, 556, 542, 590], ""type"": ""handwritten"", ""text"": ""змінити їх емоції, які, на відмін-""}, {""bbox"": [61, 588, 557, 625], ""type"": ""handwritten"", ""text"": ""ну від щорічного поповнення інфор-""}, {""bbox"": [59, 624, 522, 661], ""type"": ""handwritten"", ""text"": ""мації\"", закінчуються з панесо""}, {""bbox"": [59, 649, 166, 686], ""type"": ""handwritten"", ""text"": ""надовго.""}, {""bbox"": [1, 1239, 78, 1256], ""type"": ""printed"", ""text"": ""ліканського""}]"
5d4e5854-bc1e-466e-a379-cde3d42b50e5.jpg,"[{""bbox"": [130, 103, 267, 144], ""type"": ""handwritten"", ""text"": ""Взагалім""}, {""bbox"": [98, 136, 542, 178], ""type"": ""handwritten"", ""text"": ""Наприкінці минулого тисячоліття""}, {""bbox"": [94, 138, 278, 184], ""type"": ""handwritten"", ""text"": ""Наприкінці ліп-""}, {""bbox"": [284, 138, 543, 168], ""type"": ""handwritten"", ""text"": ""нулого тисячоліття""}, {""bbox"": [279, 169, 538, 204], ""type"": ""handwritten"", ""text"": ""запитували: „Невже""}, {""bbox"": [45, 172, 281, 212], ""type"": ""handwritten"", ""text"": ""читати стурбовано за""}, {""bbox"": [279, 199, 540, 237], ""type"": ""handwritten"", ""text"": ""тискати традиційну""}, {""bbox"": [282, 229, 547, 268], ""type"": ""handwritten"", ""text"": ""Джоан Роулинг напи-""}, {""bbox"": [34, 230, 277, 268], ""type"": ""handwritten"", ""text"": ""книжку?\"" Але коли""}, {""bbox"": [30, 261, 278, 299], ""type"": ""handwritten"", ""text"": ""сала „Гаррі Коттера""}, {""bbox"": [282, 261, 544, 302], ""type"": ""handwritten"", ""text"": ""бічні серія романів""}, {""bbox"": [27, 297, 537, 332], ""type"": ""handwritten"", ""text"": ""родійцями сталінівськими паперовими""}, {""bbox"": [24, 328, 538, 362], ""type"": ""handwritten"", ""text"": ""накладали, це питання втратило свою""}, {""bbox"": [29, 359, 171, 391], ""type"": ""handwritten"", ""text"": ""гостроту.""}, {""bbox"": [76, 383, 553, 427], ""type"": ""handwritten"", ""text"": ""Сьогодні більш-менш зрозуміло, що елек-""}, {""bbox"": [24, 421, 505, 461], ""type"": ""handwritten"", ""text"": ""трохні носії, прикасати поки що, не""}, {""bbox"": [29, 455, 548, 494], ""type"": ""handwritten"", ""text"": ""створюють кардинальної загрози паперо,""}, {""bbox"": [24, 487, 542, 525], ""type"": ""handwritten"", ""text"": ""вим книжками. Проте з'явилася вони не""}, {""bbox"": [23, 519, 541, 557], ""type"": ""handwritten"", ""text"": ""випадково. Гадаю, це його так потує нас""}, {""bbox"": [20, 553, 529, 591], ""type"": ""handwritten"", ""text"": ""до далеких мандрівок. Це він підсунув""}, {""bbox"": [18, 586, 551, 625], ""type"": ""handwritten"", ""text"": ""нам гаджести, щоб лиш змогли копію за-""}, {""bbox"": [17, 599, 556, 637], ""type"": ""handwritten"", ""text"": ""нин гаджети, щоб ми змогли копію за-""}, {""bbox"": [15, 621, 560, 664], ""type"": ""handwritten"", ""text"": ""брати з собою на іншу планету свої улюб-""}, {""bbox"": [13, 653, 571, 707], ""type"": ""handwritten"", ""text"": ""лені книжки, музику, фотографії, картини""}, {""bbox"": [11, 684, 495, 738], ""type"": ""handwritten"", ""text"": ""100 як інакше взагалі це зробити?""}, {""bbox"": [54, 720, 552, 776], ""type"": ""handwritten"", ""text"": ""Отже доки Ілон Маск ще тільки на""}, {""bbox"": [9, 751, 563, 809], ""type"": ""handwritten"", ""text"": ""нів дорозі до інших світів, паперова книж-""}, {""bbox"": [10, 783, 560, 851], ""type"": ""handwritten"", ""text"": ""жують, що коли люди налаш-""}, {""bbox"": [9, 816, 546, 884], ""type"": ""handwritten"", ""text"": ""жують, що коли люди нарешті зможуть""}, {""bbox"": [0, 957, 174, 973], ""type"": ""printed"", ""text"": ""школи № 30 м. Харкова слухають""}, {""bbox"": [2, 970, 177, 986], ""type"": ""printed"", ""text"": ""нію концерту Республіканського""}, {""bbox"": [7, 984, 133, 1001], ""type"": ""printed"", ""text"": ""радіокомітету (1931 рік)""}]"
4224b634-df40-4424-ae3d-2dc7adfba528.jpg,"[{""bbox"": [43, 108, 508, 174], ""type"": ""handwritten"", ""text"": ""Гадаю, це він так готує""}, {""bbox"": [44, 143, 538, 225], ""type"": ""handwritten"", ""text"": ""нас до далеких мандрівок.""}, {""bbox"": [43, 177, 563, 257], ""type"": ""handwritten"", ""text"": ""це він підсилає нам податки,""}, {""bbox"": [42, 213, 558, 284], ""type"": ""handwritten"", ""text"": ""щоб ми змогли колись забра-""}, {""bbox"": [38, 229, 557, 309], ""type"": ""handwritten"", ""text"": ""ти з собою на імені плане-""}, {""bbox"": [35, 268, 557, 343], ""type"": ""handwritten"", ""text"": ""ти свої улюблені книги, муз-""}, {""bbox"": [36, 312, 513, 377], ""type"": ""handwritten"", ""text"": ""зінку, фотографії, картини,""}, {""bbox"": [37, 341, 512, 405], ""type"": ""handwritten"", ""text"": ""бо як інакше взагалося в це""}, {""bbox"": [34, 389, 188, 432], ""type"": ""handwritten"", ""text"": ""зробити.""}, {""bbox"": [107, 432, 548, 477], ""type"": ""handwritten"", ""text"": ""Отже десь Леон Макс ще""}, {""bbox"": [38, 469, 524, 513], ""type"": ""handwritten"", ""text"": ""тільки напівдохозі до інших""}, {""bbox"": [35, 504, 543, 547], ""type"": ""handwritten"", ""text"": ""світів, паперова книжка в без-""}, {""bbox"": [31, 530, 555, 584], ""type"": ""handwritten"", ""text"": ""пелі. Однак, деякі національні ствер-""}, {""bbox"": [31, 561, 546, 613], ""type"": ""handwritten"", ""text"": ""директор, що коли люди нарешті""}, {""bbox"": [28, 598, 522, 651], ""type"": ""handwritten"", ""text"": ""змогнуть з'єднати й народити""}, {""bbox"": [26, 640, 554, 686], ""type"": ""handwritten"", ""text"": ""в космічних умовах нове пит-""}, {""bbox"": [26, 675, 558, 719], ""type"": ""handwritten"", ""text"": ""тя, то таке людське дитя буде""}, {""bbox"": [25, 709, 506, 752], ""type"": ""handwritten"", ""text"": ""схоче радіше на знайомих""}, {""bbox"": [24, 746, 487, 786], ""type"": ""handwritten"", ""text"": ""кінематографічних образ,""}, {""bbox"": [18, 785, 541, 827], ""type"": ""handwritten"", ""text"": ""сплятка, з великого голосом,""}, {""bbox"": [13, 822, 560, 865], ""type"": ""handwritten"", ""text"": ""очисла на пів оберття, слабкими""}, {""bbox"": [13, 860, 542, 908], ""type"": ""handwritten"", ""text"": ""міг далі. Для нього, на відміну""}, {""bbox"": [2, 1169, 204, 1215], ""type"": ""printed"", ""text"": ""разікомітету (1931 рік)""}]"
ae5d47a3-be52-4281-bc01-9a5e3e8ebbb6.jpg,"[{""bbox"": [160, 181, 476, 217], ""type"": ""handwritten"", ""text"": ""Виконати креслення:""}, {""bbox"": [230, 223, 301, 261], ""type"": ""handwritten"", ""text"": ""єм.""}, {""bbox"": [102, 274, 465, 321], ""type"": ""handwritten"", ""text"": ""Наприкінці минулого""}, {""bbox"": [65, 320, 524, 357], ""type"": ""handwritten"", ""text"": ""писцервіття четирі ступі-""}, {""bbox"": [67, 352, 505, 392], ""type"": ""handwritten"", ""text"": ""боважно запитували: \""Невже""}, {""bbox"": [55, 387, 528, 427], ""type"": ""handwritten"", ""text"": ""електронні мості вистають""}, {""bbox"": [61, 425, 489, 463], ""type"": ""handwritten"", ""text"": ""трансляційну кінотеку? Але""}, {""bbox"": [55, 458, 537, 493], ""type"": ""handwritten"", ""text"": ""коли Джоан Родсінг написа-""}, {""bbox"": [55, 489, 504, 523], ""type"": ""handwritten"", ""text"": ""ла „Гаррі Поттера“ і її серія""}, {""bbox"": [55, 520, 509, 556], ""type"": ""handwritten"", ""text"": ""роликів розіймлася сто-""}, {""bbox"": [53, 583, 536, 618], ""type"": ""handwritten"", ""text"": ""намагаєшся, це питання втра-""}, {""bbox"": [54, 613, 404, 646], ""type"": ""handwritten"", ""text"": ""тись свого постійну.""}, {""bbox"": [109, 642, 518, 677], ""type"": ""handwritten"", ""text"": ""Сьогодні більш-менш зно-""}, {""bbox"": [53, 675, 521, 712], ""type"": ""handwritten"", ""text"": ""зуміло, що електронні мости,""}, {""bbox"": [52, 707, 521, 742], ""type"": ""handwritten"", ""text"": ""признавали, поки що, не ство-""}, {""bbox"": [48, 737, 517, 774], ""type"": ""handwritten"", ""text"": ""рюють кардинальної загрози""}, {""bbox"": [50, 768, 521, 806], ""type"": ""handwritten"", ""text"": ""паперовими кислинами. Крім того,""}, {""bbox"": [48, 803, 514, 844], ""type"": ""handwritten"", ""text"": ""з'явилася вона невпинною.""}, {""bbox"": [0, 1083, 221, 1101], ""type"": ""printed"", ""text"": ""школи № 30 м. Харкова слухають""}, {""bbox"": [0, 1098, 226, 1118], ""type"": ""printed"", ""text"": ""ініцію концерту Республіканського""}, {""bbox"": [28, 1116, 173, 1132], ""type"": ""printed"", ""text"": ""радіокомітету (1931 рік)""}]"
683ff306-c9f9-407e-a540-ae4a72a3cd70.jpg,"[{""bbox"": [54, 345, 530, 417], ""type"": ""handwritten"", ""text"": ""лід людського потенціалу інформаційно-""}, {""bbox"": [151, 346, 197, 365], ""type"": ""handwritten"", ""text"": ""-3-""}, {""bbox"": [56, 400, 343, 447], ""type"": ""handwritten"", ""text"": ""шалюти з цим народом.""}, {""bbox"": [0, 530, 44, 552], ""type"": ""handwritten"", ""text"": ""лоть,""}, {""bbox"": [0, 651, 34, 675], ""type"": ""handwritten"", ""text"": ""ник""}]"
a3bb9da7-0992-4b39-a38d-9344401cd3b3.jpg,"[{""bbox"": [237, 71, 281, 97], ""type"": ""annotation"", ""text"": ""-2-""}, {""bbox"": [40, 104, 564, 142], ""type"": ""handwritten"", ""text"": ""загати й народити в космічних умовах""}, {""bbox"": [39, 137, 570, 172], ""type"": ""handwritten"", ""text"": ""нове життя, то таке людське дитя бу-""}, {""bbox"": [38, 166, 573, 203], ""type"": ""handwritten"", ""text"": ""де схоже радше на знайомий кінемато-фо-""}, {""bbox"": [37, 196, 566, 232], ""type"": ""handwritten"", ""text"": ""фігурний образ епілятка: з великою гло-""}, {""bbox"": [34, 224, 568, 261], ""type"": ""handwritten"", ""text"": ""вою, очима на пів обличчя, слабкими плямами.""}, {""bbox"": [30, 256, 558, 297], ""type"": ""handwritten"", ""text"": ""Для нього, на відміну від нас, такі привілеї""}, {""bbox"": [27, 291, 568, 329], ""type"": ""handwritten"", ""text"": ""відчуття, як гортаністі сторінок, запах па-""}, {""bbox"": [24, 322, 563, 363], ""type"": ""handwritten"", ""text"": ""перу, будуть невідомі. І ось, напевно, вже""}, {""bbox"": [21, 358, 562, 398], ""type"": ""handwritten"", ""text"": ""аля поді і запанув ера електронної книжки,""}, {""bbox"": [62, 395, 564, 434], ""type"": ""handwritten"", ""text"": ""Але й це не страшно, головне - читати, і""}, {""bbox"": [21, 433, 567, 469], ""type"": ""handwritten"", ""text"": ""не так важливо, з яких носіїв. Тою крижко-""}, {""bbox"": [16, 464, 561, 505], ""type"": ""handwritten"", ""text"": ""це знання й емоції, які, на відміну від""}, {""bbox"": [14, 497, 559, 537], ""type"": ""handwritten"", ""text"": ""щоденного потоку інформації, залиша-""}, {""bbox"": [8, 526, 321, 575], ""type"": ""handwritten"", ""text"": ""ються з нами надовго,""}, {""bbox"": [0, 615, 88, 647], ""type"": ""handwritten"", ""text"": ""9.11.2020 р""}, {""bbox"": [6, 911, 167, 942], ""type"": ""printed"", ""text"": ""радіокомітету (1931 рік)""}, {""bbox"": [6, 919, 129, 940], ""type"": ""printed"", ""text"": ""радіокомітету (1931 рік)""}]"
d6ee6e8f-27dd-4745-9efe-16b55a611a0d.jpg,"[{""bbox"": [29, 319, 536, 361], ""type"": ""handwritten"", ""text"": ""во з яких посів. Їхо книжки не зрозуміли й самоції, які""}, {""bbox"": [30, 354, 553, 394], ""type"": ""handwritten"", ""text"": ""по відношенню до цієї інформації змінюються""}, {""bbox"": [29, 390, 163, 424], ""type"": ""handwritten"", ""text"": ""з ним подовго.""}]"
12f1756c-9f50-473a-8299-b46f0102d032.jpg,"[{""bbox"": [181, 222, 233, 242], ""type"": ""annotation"", ""text"": ""1""}, {""bbox"": [42, 244, 554, 293], ""type"": ""handwritten"", ""text"": ""горку, картини, в які малював країни б их""}, {""bbox"": [42, 291, 141, 331], ""type"": ""handwritten"", ""text"": ""зробити?""}, {""bbox"": [73, 324, 505, 361], ""type"": ""handwritten"", ""text"": ""Отом дон Чак Мик ще тільки на""}, {""bbox"": [49, 358, 564, 396], ""type"": ""handwritten"", ""text"": ""півдні зустрічі з інших дітей - напереди клацотки""}, {""bbox"": [55, 393, 557, 431], ""type"": ""handwritten"", ""text"": ""в групі. Однак, дані науковці стверджують,""}, {""bbox"": [53, 428, 560, 465], ""type"": ""handwritten"", ""text"": ""чи нам люди, закричите, зможуть досати""}, {""bbox"": [55, 465, 514, 503], ""type"": ""handwritten"", ""text"": ""і народити в номінних умовах нове""}, {""bbox"": [54, 499, 522, 536], ""type"": ""handwritten"", ""text"": ""шанти, то такі морки скажуть дуже""}, {""bbox"": [51, 530, 547, 571], ""type"": ""handwritten"", ""text"": ""буде схоже на звичайний кінematографічний""}, {""bbox"": [57, 565, 537, 604], ""type"": ""handwritten"", ""text"": ""разення з вашою головою з таких""}, {""bbox"": [59, 600, 505, 632], ""type"": ""handwritten"", ""text"": ""на поважати і точнити літальні діла""}, {""bbox"": [57, 633, 520, 673], ""type"": ""handwritten"", ""text"": ""нього, на відміну від нас, такі прикмети""}, {""bbox"": [60, 668, 538, 709], ""type"": ""handwritten"", ""text"": ""відсутня, як коротенька сторінок, запис""}, {""bbox"": [63, 705, 504, 740], ""type"": ""handwritten"", ""text"": ""патру, будуть накідаєш. Усіх, напевне,""}, {""bbox"": [61, 740, 504, 775], ""type"": ""handwritten"", ""text"": ""і от тоді і закінчує зра магнетонної""}, {""bbox"": [70, 775, 166, 802], ""type"": ""handwritten"", ""text"": ""книгами.""}, {""bbox"": [65, 806, 555, 846], ""type"": ""handwritten"", ""text"": ""Але й це не страшно — голосне гитарне""}, {""bbox"": [54, 843, 557, 882], ""type"": ""handwritten"", ""text"": ""і не так витягва з цих носіїв. Бо книжка -""}, {""bbox"": [53, 882, 543, 929], ""type"": ""handwritten"", ""text"": ""ом землі і людей, як на відміну від""}]"
0f30872e-56cd-43d4-a77c-6d9fbd129f6f.jpg,"[{""bbox"": [53, 149, 529, 202], ""type"": ""handwritten"", ""text"": ""Являється диктатом національної єдності""}, {""bbox"": [66, 215, 394, 262], ""type"": ""handwritten"", ""text"": ""Виклики життєвого ери""}, {""bbox"": [84, 265, 536, 308], ""type"": ""handwritten"", ""text"": ""На прикінці минулого тиждня""}, {""bbox"": [48, 301, 473, 343], ""type"": ""handwritten"", ""text"": ""читати стурбовано запитували:""}, {""bbox"": [48, 331, 540, 381], ""type"": ""handwritten"", ""text"": ""неби електрокіні ной витіснить тра-""}, {""bbox"": [48, 369, 532, 415], ""type"": ""handwritten"", ""text"": ""другому кришту?\"" Але коли бачив Голіна""}, {""bbox"": [49, 403, 549, 450], ""type"": ""handwritten"", ""text"": ""написала \""Гаррі Поттера\"" і її серія трансляцій""}, {""bbox"": [49, 439, 550, 486], ""type"": ""handwritten"", ""text"": ""розділилися стали локальними та перовими""}, {""bbox"": [55, 477, 529, 520], ""type"": ""handwritten"", ""text"": ""накладали, це питання вираження свою""}, {""bbox"": [53, 519, 157, 554], ""type"": ""handwritten"", ""text"": ""поетрому.""}, {""bbox"": [68, 551, 540, 589], ""type"": ""handwritten"", ""text"": ""Сьогодні більш менш зрозуміло, що всіх-""}, {""bbox"": [49, 586, 537, 624], ""type"": ""handwritten"", ""text"": ""троки насіл притягне поліцію не створюють""}, {""bbox"": [51, 622, 538, 662], ""type"": ""handwritten"", ""text"": ""народньої дитячої паперових книжечок.""}, {""bbox"": [54, 657, 537, 698], ""type"": ""handwritten"", ""text"": ""Проте зізнилась вона не випадково. Гадаю""}, {""bbox"": [54, 694, 545, 733], ""type"": ""handwritten"", ""text"": ""- це Бог так готує нас до далеких магі-""}, {""bbox"": [47, 729, 514, 771], ""type"": ""handwritten"", ""text"": ""дівчок. Їх він підсудив нам гадати,""}, {""bbox"": [51, 767, 536, 809], ""type"": ""handwritten"", ""text"": ""щоб ми змогли колись забрати з собою""}, {""bbox"": [47, 805, 544, 842], ""type"": ""handwritten"", ""text"": ""на інші планети свої улюблені життя""}]"
d2569788-c35a-40de-afaf-ab97287dba27.jpg,"[{""bbox"": [89, 194, 549, 251], ""type"": ""handwritten"", ""text"": ""Наприкінці минулого тижня ми читали статтю \""Служба""}, {""bbox"": [72, 239, 563, 307], ""type"": ""handwritten"", ""text"": ""житку?\"" Так коли Доски Держін написала \""Горі Потьора\"" з""}, {""bbox"": [68, 280, 560, 335], ""type"": ""handwritten"", ""text"": ""і її серія романів розкриває сталінізаційний попригнічений""}, {""bbox"": [68, 312, 469, 348], ""type"": ""handwritten"", ""text"": ""намагалися, що питання втратило свою постать.""}, {""bbox"": [80, 337, 549, 379], ""type"": ""handwritten"", ""text"": ""Сьогодні більш-менш зрозуміло, що електронні космічні""}, {""bbox"": [67, 367, 537, 401], ""type"": ""handwritten"", ""text"": ""прикметні поки що, не створюють канцелярської загрози""}, {""bbox"": [66, 393, 524, 426], ""type"": ""handwritten"", ""text"": ""популярним книжками. Крім з'явилася вони неподобно.""}, {""bbox"": [64, 419, 532, 452], ""type"": ""handwritten"", ""text"": ""Тодіж, це Бог так хотів нас до далеких мондрівок. Це""}, {""bbox"": [60, 447, 540, 476], ""type"": ""handwritten"", ""text"": ""він підсудив нам бадьорити, щоб ми змогли колис зобувати""}, {""bbox"": [58, 472, 540, 502], ""type"": ""handwritten"", ""text"": ""з собою на інші планети свої улюблені книжки, музичну,""}, {""bbox"": [11, 490, 43, 539], ""type"": ""annotation"", ""text"": ""II""}, {""bbox"": [58, 497, 521, 527], ""type"": ""handwritten"", ""text"": ""фотохімічні картини. Або як іншим щося б це зробити?""}, {""bbox"": [72, 522, 552, 553], ""type"": ""handwritten"", ""text"": ""Отже дони Ліон Маск ще тільки на підозрі за інших""}, {""bbox"": [61, 549, 531, 583], ""type"": ""handwritten"", ""text"": ""світів, попереяла книжкою в Безпеці. Однак деякі науковці""}, {""bbox"": [58, 578, 531, 610], ""type"": ""handwritten"", ""text"": ""ствіднуючи, що коли люди почешли зібрати загати й""}, {""bbox"": [65, 605, 553, 638], ""type"": ""handwritten"", ""text"": ""породити в космічних умовах нове життя, то таки люди""}, {""bbox"": [65, 633, 555, 664], ""type"": ""handwritten"", ""text"": ""не дитя будь-яких родин, не знайомий кінематографіст-""}, {""bbox"": [66, 659, 560, 692], ""type"": ""handwritten"", ""text"": ""ний образ сплятко: з винкою головою, очима на пів обім""}, {""bbox"": [65, 687, 537, 719], ""type"": ""handwritten"", ""text"": ""чтя, слабкими м'язами. Для кого, по відміну від нас, так""}, {""bbox"": [66, 713, 499, 748], ""type"": ""handwritten"", ""text"": ""причини відчуття, порожння спочіння, запах паперу""}, {""bbox"": [70, 739, 532, 780], ""type"": ""handwritten"", ""text"": ""будуть небайді. Бося, помічно, вже аж тоді й зоронує єдна""}, {""bbox"": [67, 762, 232, 795], ""type"": ""handwritten"", ""text"": ""електронної книжки.""}, {""bbox"": [80, 788, 560, 834], ""type"": ""handwritten"", ""text"": ""Але й це не стурожно, читавши-читати, і не так важли-""}]"
bb053620-9fa4-49b0-8373-087167e5298f.jpg,"[{""bbox"": [48, 137, 546, 187], ""type"": ""handwritten"", ""text"": ""музику, фотографії, картини, бо як""}, {""bbox"": [56, 183, 323, 217], ""type"": ""handwritten"", ""text"": ""інакше це зробити.""}, {""bbox"": [79, 214, 538, 252], ""type"": ""handwritten"", ""text"": ""Отже джерело Ілон Маск це тільки""}, {""bbox"": [37, 252, 568, 289], ""type"": ""handwritten"", ""text"": ""на південної до інших світів, напе-""}, {""bbox"": [36, 292, 339, 330], ""type"": ""handwritten"", ""text"": ""рова книжка в безмежі.""}, {""bbox"": [36, 331, 521, 367], ""type"": ""handwritten"", ""text"": ""Однак дехто науковці стверджують,""}, {""bbox"": [34, 370, 562, 407], ""type"": ""handwritten"", ""text"": ""що кожен людина нарешті\"" звернулась за-""}, {""bbox"": [34, 408, 562, 445], ""type"": ""handwritten"", ""text"": ""чати й народити в космічних умовах""}, {""bbox"": [30, 447, 567, 484], ""type"": ""handwritten"", ""text"": ""нове життя, то таке людське дитя, на-""}, {""bbox"": [24, 485, 543, 522], ""type"": ""handwritten"", ""text"": ""знайомий нікожа таємна фігурний образ""}, {""bbox"": [25, 522, 568, 558], ""type"": ""handwritten"", ""text"": ""Єханітка з великою головою, очима на""}, {""bbox"": [25, 563, 506, 600], ""type"": ""handwritten"", ""text"": ""півобласть. З слабкими лізками.""}, {""bbox"": [34, 600, 539, 640], ""type"": ""handwritten"", ""text"": ""Два нього на відміну від нас, такі""}, {""bbox"": [31, 641, 563, 681], ""type"": ""handwritten"", ""text"": ""приємні відчуття, як гортання сто-""}, {""bbox"": [33, 678, 559, 717], ""type"": ""handwritten"", ""text"": ""рінок, закоханий паперу будуть невідомі""}, {""bbox"": [35, 711, 555, 754], ""type"": ""handwritten"", ""text"": ""Досі напівно вже аж тоді й за-""}, {""bbox"": [38, 751, 567, 795], ""type"": ""handwritten"", ""text"": ""паную віра в електронної книжки.""}, {""bbox"": [37, 785, 561, 834], ""type"": ""handwritten"", ""text"": ""Але й це не страшно, головне шта-""}, {""bbox"": [35, 824, 487, 870], ""type"": ""handwritten"", ""text"": ""ти, і не так важливо з яких""}]"
ac07749a-9930-4174-b5f0-0655c407315c.jpg,"[{""bbox"": [61, 184, 423, 224], ""type"": ""handwritten"", ""text"": ""Виклики міжнародної віри,""}, {""bbox"": [43, 216, 538, 266], ""type"": ""handwritten"", ""text"": ""На прикінці минулого тисячоліття""}, {""bbox"": [39, 262, 483, 302], ""type"": ""handwritten"", ""text"": ""чіткої стурбовано закинували.""}, {""bbox"": [28, 299, 497, 339], ""type"": ""handwritten"", ""text"": ""Невеликі електронні носії витісняють""}, {""bbox"": [30, 333, 310, 377], ""type"": ""handwritten"", ""text"": ""традиційну книжку?\""""}, {""bbox"": [42, 374, 518, 412], ""type"": ""handwritten"", ""text"": ""Але коли Джоан Ролінг написала""}, {""bbox"": [39, 409, 542, 449], ""type"": ""handwritten"", ""text"": ""„Гаррі Потера“ і її серія романів""}, {""bbox"": [25, 449, 522, 484], ""type"": ""handwritten"", ""text"": ""розіймлася сто мілліонними напро-""}, {""bbox"": [27, 488, 484, 522], ""type"": ""handwritten"", ""text"": ""вільш накладали, це питання, це""}, {""bbox"": [27, 523, 496, 557], ""type"": ""handwritten"", ""text"": ""питаннях) відповідно свою естетику,""}, {""bbox"": [52, 561, 505, 582], ""type"": ""handwritten"", ""text"": ""Сегодня більш менш зрозуміло,""}, {""bbox"": [22, 579, 456, 599], ""type"": ""handwritten"", ""text"": ""що електронні часи, при наліпці""}, {""bbox"": [18, 605, 509, 635], ""type"": ""handwritten"", ""text"": ""поки що, не створюють кардиналь-""}, {""bbox"": [16, 638, 495, 672], ""type"": ""handwritten"", ""text"": ""ної загрози напередбачати і підготувати.""}, {""bbox"": [33, 677, 513, 711], ""type"": ""handwritten"", ""text"": ""Проте з'являлися вони випадково.""}, {""bbox"": [8, 714, 514, 750], ""type"": ""handwritten"", ""text"": ""Гадаю, це Бог (нас) так чутує нас""}, {""bbox"": [17, 789, 520, 828], ""type"": ""handwritten"", ""text"": ""готує нас до далеких мандрівок""}, {""bbox"": [13, 825, 527, 868], ""type"": ""handwritten"", ""text"": ""Це він підсунув нам гаджети, щоб""}, {""bbox"": [9, 861, 526, 904], ""type"": ""handwritten"", ""text"": ""ки коли зможеш забрати з собою все""}, {""bbox"": [10, 894, 499, 936], ""type"": ""handwritten"", ""text"": ""інші планети свої улюблені кімнатне""}]"
484b4963-1d6d-4766-9057-954bda8a6118.jpg,"[{""bbox"": [33, 227, 143, 260], ""type"": ""handwritten"", ""text"": ""книжки.""}, {""bbox"": [70, 244, 468, 288], ""type"": ""handwritten"", ""text"": ""Але й це не страшно,""}, {""bbox"": [19, 279, 503, 319], ""type"": ""handwritten"", ""text"": ""головне - читати, і не так""}, {""bbox"": [23, 311, 426, 349], ""type"": ""handwritten"", ""text"": ""вапаніво з яких носіїв,""}, {""bbox"": [23, 341, 472, 379], ""type"": ""handwritten"", ""text"": ""По кліпеки - це зміна на""}, {""bbox"": [25, 372, 456, 412], ""type"": ""handwritten"", ""text"": ""змогрі, які, мов відміну""}, {""bbox"": [27, 404, 442, 439], ""type"": ""handwritten"", ""text"": ""від щоденного потоку""}, {""bbox"": [19, 434, 504, 475], ""type"": ""handwritten"", ""text"": ""інформації залишаються з""}, {""bbox"": [35, 465, 295, 504], ""type"": ""handwritten"", ""text"": ""навіть надовго.""}]"
27855adb-b372-4d01-a0c3-9dc209e9c93b.jpg,"[{""bbox"": [11, 187, 430, 225], ""type"": ""handwritten"", ""text"": ""умовлені крихітки, музіку,""}, {""bbox"": [548, 187, 576, 216], ""type"": ""handwritten"", ""text"": ""ся""}, {""bbox"": [10, 217, 469, 257], ""type"": ""handwritten"", ""text"": ""фотографії, портрети - бо""}, {""bbox"": [534, 244, 576, 277], ""type"": ""handwritten"", ""text"": ""Доб""}, {""bbox"": [11, 246, 519, 286], ""type"": ""handwritten"", ""text"": ""як інших вдома, бу це зробити.""}, {""bbox"": [542, 273, 577, 304], ""type"": ""handwritten"", ""text"": ""бо""}, {""bbox"": [66, 276, 502, 317], ""type"": ""handwritten"", ""text"": ""Отоке доки член Помск""}, {""bbox"": [60, 278, 500, 341], ""type"": ""handwritten"", ""text"": ""Отже доки клон маску""}, {""bbox"": [539, 302, 576, 336], ""type"": ""handwritten"", ""text"": ""До""}, {""bbox"": [7, 304, 491, 349], ""type"": ""handwritten"", ""text"": ""це тільки не півдороги до""}, {""bbox"": [15, 335, 469, 379], ""type"": ""handwritten"", ""text"": ""інших світів попередо-""}, {""bbox"": [543, 337, 576, 367], ""type"": ""handwritten"", ""text"": ""9.00""}, {""bbox"": [19, 366, 355, 408], ""type"": ""handwritten"", ""text"": ""книжка в безперері-""}, {""bbox"": [549, 366, 576, 392], ""type"": ""handwritten"", ""text"": ""в""}, {""bbox"": [536, 391, 577, 425], ""type"": ""handwritten"", ""text"": ""іні""}, {""bbox"": [73, 392, 452, 434], ""type"": ""handwritten"", ""text"": ""Однак деякі науковці""}, {""bbox"": [15, 427, 521, 464], ""type"": ""handwritten"", ""text"": ""стверджують, що коли люди""}, {""bbox"": [20, 458, 505, 491], ""type"": ""handwritten"", ""text"": ""народить змокнути за чати і""}, {""bbox"": [21, 484, 522, 519], ""type"": ""handwritten"", ""text"": ""побудити в хостелічних умовах""}, {""bbox"": [22, 514, 521, 546], ""type"": ""handwritten"", ""text"": ""ньке життя, то таке житєвке""}, {""bbox"": [23, 541, 512, 576], ""type"": ""handwritten"", ""text"": ""дитя буде скоро радше нас""}, {""bbox"": [18, 570, 520, 604], ""type"": ""handwritten"", ""text"": ""Ознайомився хіміка товпрадієний""}, {""bbox"": [22, 599, 506, 634], ""type"": ""handwritten"", ""text"": ""образ співака, з весілкою""}, {""bbox"": [25, 628, 523, 662], ""type"": ""handwritten"", ""text"": ""головою, очима жалів-обличчя,""}, {""bbox"": [28, 656, 473, 688], ""type"": ""handwritten"", ""text"": ""сміхнеться м'язами, яка""}, {""bbox"": [25, 685, 473, 719], ""type"": ""handwritten"", ""text"": ""нього, то відділу від нас,""}, {""bbox"": [26, 715, 510, 749], ""type"": ""handwritten"", ""text"": ""такі прислівки, від чуття, як""}, {""bbox"": [19, 774, 480, 810], ""type"": ""handwritten"", ""text"": ""паперу - будуть невідомі.""}, {""bbox"": [17, 802, 501, 843], ""type"": ""handwritten"", ""text"": ""Усві магічно вже але тоді""}, {""bbox"": [19, 832, 475, 885], ""type"": ""handwritten"", ""text"": ""й запанує єдна електронна""}]"
45ec9864-4bd9-449c-af80-e21992519461.jpg,"[{""bbox"": [94, 151, 526, 205], ""type"": ""handwritten"", ""text"": ""Звички кмітливої ери.""}, {""bbox"": [9, 233, 547, 272], ""type"": ""handwritten"", ""text"": ""Наприкінці минулого тисяча-""}, {""bbox"": [0, 271, 528, 309], ""type"": ""handwritten"", ""text"": ""ття! штати стурбовано за-""}, {""bbox"": [0, 304, 528, 346], ""type"": ""handwritten"", ""text"": ""итували: „Невже електронні""}, {""bbox"": [0, 340, 503, 377], ""type"": ""handwritten"", ""text"": ""носів витісняють традиційну""}, {""bbox"": [0, 372, 524, 409], ""type"": ""handwritten"", ""text"": ""скупку?\"". Але коли Джован""}, {""bbox"": [6, 403, 525, 440], ""type"": ""handwritten"", ""text"": ""Болінг написала „Коррі Поттера“""}, {""bbox"": [3, 434, 517, 470], ""type"": ""handwritten"", ""text"": ""і її серія романів розкривала""}, {""bbox"": [10, 465, 489, 496], ""type"": ""handwritten"", ""text"": ""стомільйонними наперовими""}, {""bbox"": [7, 493, 463, 523], ""type"": ""handwritten"", ""text"": ""написання +, це питання""}, {""bbox"": [16, 520, 471, 551], ""type"": ""handwritten"", ""text"": ""втратило свою гостроту.""}, {""bbox"": [75, 545, 503, 576], ""type"": ""handwritten"", ""text"": ""Сьогодні півсліп-місці. І то -""}, {""bbox"": [8, 570, 502, 603], ""type"": ""handwritten"", ""text"": ""зуміло, що електронні \""носії\""""}, {""bbox"": [11, 599, 515, 633], ""type"": ""handwritten"", ""text"": ""приємніші пони що, не ство-""}, {""bbox"": [11, 625, 518, 665], ""type"": ""handwritten"", ""text"": ""рюють породжуваної загрози""}, {""bbox"": [14, 653, 489, 689], ""type"": ""handwritten"", ""text"": ""паперовими укритками. Крот""}, {""bbox"": [10, 680, 510, 717], ""type"": ""handwritten"", ""text"": ""з'являється вони небитимою""}, {""bbox"": [13, 710, 501, 749], ""type"": ""handwritten"", ""text"": ""Радіо, це він так хоче""}, {""bbox"": [4, 741, 491, 780], ""type"": ""handwritten"", ""text"": ""нас до рівних можуть ввік""}, {""bbox"": [5, 769, 521, 816], ""type"": ""handwritten"", ""text"": ""ще він підсудив нам гад пести""}, {""bbox"": [4, 796, 518, 848], ""type"": ""handwritten"", ""text"": ""щоб ми зекспериментуємо,""}, {""bbox"": [5, 825, 500, 885], ""type"": ""handwritten"", ""text"": ""себею не інші планети свої""}]"
86625e72-e149-415a-b51e-cbe1bd7dd644.jpg,"[{""bbox"": [137, 195, 546, 240], ""type"": ""handwritten"", ""text"": ""Вишитки кистякової ери.""}, {""bbox"": [44, 232, 537, 274], ""type"": ""handwritten"", ""text"": ""На прикінці минулого тисячо-""}, {""bbox"": [42, 266, 562, 305], ""type"": ""handwritten"", ""text"": ""ліття читачів бурбовано закінчу-""}, {""bbox"": [39, 299, 559, 335], ""type"": ""handwritten"", ""text"": ""вами: \""невінне електронне посіл\""""}, {""bbox"": [43, 326, 570, 367], ""type"": ""handwritten"", ""text"": ""війні XIX ст.""}, {""bbox"": [37, 365, 504, 403], ""type"": ""handwritten"", ""text"": ""Але, коли Джон Роллінг,""}, {""bbox"": [38, 385, 540, 430], ""type"": ""handwritten"", ""text"": ""написала Гаррі Поттера і й""}, {""bbox"": [31, 430, 550, 473], ""type"": ""handwritten"", ""text"": ""серія романів розкриваєся сто""}, {""bbox"": [27, 465, 557, 504], ""type"": ""handwritten"", ""text"": ""мільйонним напередоднія нак-""}, {""bbox"": [31, 498, 556, 537], ""type"": ""handwritten"", ""text"": ""гадали, це нічання втручало""}, {""bbox"": [29, 530, 577, 572], ""type"": ""handwritten"", ""text"": ""свою гостроу. Сьогодні більше""}, {""bbox"": [28, 567, 533, 606], ""type"": ""handwritten"", ""text"": ""мени, що електронні носії""}, {""bbox"": [30, 601, 557, 638], ""type"": ""handwritten"", ""text"": ""прикладами поки що не ство-""}, {""bbox"": [31, 635, 561, 675], ""type"": ""handwritten"", ""text"": ""нюють національної загрози""}, {""bbox"": [39, 671, 418, 703], ""type"": ""handwritten"", ""text"": ""панеровим книжкам.""}, {""bbox"": [24, 701, 489, 741], ""type"": ""handwritten"", ""text"": ""Проте з'являється вони не""}, {""bbox"": [36, 736, 500, 778], ""type"": ""handwritten"", ""text"": ""випадково, гадаю це баг""}, {""bbox"": [514, 747, 575, 778], ""type"": ""handwritten"", ""text"": ""Так""}, {""bbox"": [38, 772, 562, 812], ""type"": ""handwritten"", ""text"": ""готує нас до далеких маг-""}, {""bbox"": [40, 805, 500, 852], ""type"": ""handwritten"", ""text"": ""дзвірок. Це він підсудив""}]"
cea7015f-1269-425a-a1a2-54c960e110ef.jpg,"[{""bbox"": [37, 152, 504, 194], ""type"": ""handwritten"", ""text"": ""нам гадати, щоб мені""}, {""bbox"": [28, 190, 540, 232], ""type"": ""handwritten"", ""text"": ""змогли колись забрати з""}, {""bbox"": [32, 227, 528, 267], ""type"": ""handwritten"", ""text"": ""собою на інші планети""}, {""bbox"": [33, 264, 492, 304], ""type"": ""handwritten"", ""text"": ""свої улюблені книжки,""}, {""bbox"": [34, 301, 560, 343], ""type"": ""handwritten"", ""text"": ""музику, фотографії, картина,""}, {""bbox"": [36, 337, 536, 383], ""type"": ""handwritten"", ""text"": ""бо як знання вдалося був""}, {""bbox"": [31, 378, 439, 420], ""type"": ""handwritten"", ""text"": ""Зробити! Отой доки""}, {""bbox"": [36, 413, 552, 453], ""type"": ""handwritten"", ""text"": ""Ілон Маск ще скільки не""}, {""bbox"": [35, 447, 538, 489], ""type"": ""handwritten"", ""text"": ""півдюкозі до інших світів""}, {""bbox"": [34, 482, 558, 521], ""type"": ""handwritten"", ""text"": ""наперечна класика в бедне-""}, {""bbox"": [32, 524, 75, 550], ""type"": ""handwritten"", ""text"": ""44.""}, {""bbox"": [39, 547, 471, 591], ""type"": ""handwritten"", ""text"": ""Однак деякі націоналі-""}, {""bbox"": [43, 587, 551, 626], ""type"": ""handwritten"", ""text"": ""стверджують, що коли люди,""}, {""bbox"": [46, 625, 541, 660], ""type"": ""handwritten"", ""text"": ""нарешті зможуть загати""}, {""bbox"": [44, 657, 556, 693], ""type"": ""handwritten"", ""text"": ""й народили в космічних""}, {""bbox"": [49, 689, 537, 725], ""type"": ""handwritten"", ""text"": ""умовах нове життя, то""}, {""bbox"": [50, 721, 504, 752], ""type"": ""handwritten"", ""text"": ""таке на людське дитя""}, {""bbox"": [45, 744, 501, 786], ""type"": ""handwritten"", ""text"": ""буде єхати радше на""}, {""bbox"": [53, 784, 553, 830], ""type"": ""handwritten"", ""text"": ""змінюється кінематографіч-""}, {""bbox"": [56, 814, 554, 865], ""type"": ""handwritten"", ""text"": ""ний образ енесьйко, з во-""}, {""bbox"": [51, 846, 535, 892], ""type"": ""handwritten"", ""text"": ""мокою підлогою, оскільки""}]"
a3249f26-b8fe-4d17-92e2-1605fdc9d262.jpg,"[{""bbox"": [48, 205, 532, 268], ""type"": ""handwritten"", ""text"": ""на пів обличчя, з слабким""}, {""bbox"": [45, 258, 212, 293], ""type"": ""handwritten"", ""text"": ""н'язалені.""}, {""bbox"": [47, 261, 532, 330], ""type"": ""handwritten"", ""text"": ""Для нього, на відміну від""}, {""bbox"": [46, 337, 565, 386], ""type"": ""handwritten"", ""text"": ""горбатих стінок, з якою наперу""}, {""bbox"": [49, 379, 354, 427], ""type"": ""handwritten"", ""text"": ""будуть не відомі.""}, {""bbox"": [45, 421, 537, 468], ""type"": ""handwritten"", ""text"": ""Уось, напевно вже, аж году 2""}, {""bbox"": [44, 461, 497, 506], ""type"": ""handwritten"", ""text"": ""й заканчуєся епою електронної""}, {""bbox"": [49, 500, 182, 528], ""type"": ""handwritten"", ""text"": ""хімічних,""}, {""bbox"": [46, 518, 562, 558], ""type"": ""handwritten"", ""text"": ""Але й це не страшно, головне""}, {""bbox"": [47, 554, 533, 588], ""type"": ""handwritten"", ""text"": ""питання і не так вогнімво""}, {""bbox"": [46, 586, 314, 624], ""type"": ""handwritten"", ""text"": ""з яких носіїв.""}, {""bbox"": [54, 619, 508, 653], ""type"": ""handwritten"", ""text"": ""бо книжки, це знання й""}, {""bbox"": [50, 649, 551, 687], ""type"": ""handwritten"", ""text"": ""емосій\"", \""які на відміну від""}, {""bbox"": [50, 683, 428, 721], ""type"": ""handwritten"", ""text"": ""щоденного інформації,""}, {""bbox"": [49, 719, 554, 765], ""type"": ""handwritten"", ""text"": ""залишаються з нами надовго""}, {""bbox"": [207, 799, 334, 828], ""type"": ""handwritten"", ""text"": ""9. X, 2020.""}]"
c94df7ee-3e0b-41c6-a627-d92be88d877b.jpg,"[{""bbox"": [116, 101, 450, 142], ""type"": ""handwritten"", ""text"": ""Документ - це багато""}, {""bbox"": [57, 132, 464, 181], ""type"": ""handwritten"", ""text"": ""Виклики книжкової праці.""}, {""bbox"": [36, 172, 559, 248], ""type"": ""handwritten"", ""text"": ""гиталі стурбовано за питаннями, навіть""}, {""bbox"": [34, 211, 566, 280], ""type"": ""handwritten"", ""text"": ""Електронні носії витіснять традиційну""}, {""bbox"": [33, 239, 571, 311], ""type"": ""handwritten"", ""text"": ""\""Гаррі Поттера\"" і її серія розмальовує накла-""}, {""bbox"": [32, 269, 570, 341], ""type"": ""handwritten"", ""text"": ""лилася спільшуванням напередових нахла-""}, {""bbox"": [30, 299, 565, 387], ""type"": ""handwritten"", ""text"": ""Свободні, більш-менш зрозуміло,""}, {""bbox"": [74, 343, 553, 417], ""type"": ""handwritten"", ""text"": ""Свободні, більш-менш, зрозуміло,""}, {""bbox"": [26, 370, 566, 435], ""type"": ""handwritten"", ""text"": ""що електронні нові, принаймні, пока-""}, {""bbox"": [26, 401, 566, 462], ""type"": ""handwritten"", ""text"": ""що, не створюють кардинальної змі-""}, {""bbox"": [23, 441, 556, 486], ""type"": ""handwritten"", ""text"": ""лися вони невиправдово. Радаю - це""}, {""bbox"": [57, 468, 537, 495], ""type"": ""handwritten"", ""text"": ""я так чуть ніве до дальних ман""}, {""bbox"": [23, 491, 562, 520], ""type"": ""handwritten"", ""text"": ""дрібок. Це він підсунув нам гаджети,""}, {""bbox"": [21, 511, 566, 539], ""type"": ""handwritten"", ""text"": ""щоб ми зможли наші забратись звібною,""}, {""bbox"": [57, 535, 537, 558], ""type"": ""handwritten"", ""text"": ""йніші планети, свої улюблені книги""}, {""bbox"": [22, 554, 552, 579], ""type"": ""handwritten"", ""text"": ""ки, музику, фотографії, картини, бо""}, {""bbox"": [20, 577, 521, 603], ""type"": ""handwritten"", ""text"": ""як інакше вдалося це зробити.""}, {""bbox"": [86, 600, 554, 629], ""type"": ""handwritten"", ""text"": ""Отже доки звон Маску, ще тільки""}, {""bbox"": [41, 625, 521, 653], ""type"": ""handwritten"", ""text"": ""на південної, до інших світів, пам'""}, {""bbox"": [20, 649, 530, 677], ""type"": ""handwritten"", ""text"": ""роба кінцю на в безпеці. Однак, деякі""}, {""bbox"": [18, 673, 533, 701], ""type"": ""handwritten"", ""text"": ""науковці, стверджують, що коли""}, {""bbox"": [21, 695, 546, 725], ""type"": ""handwritten"", ""text"": ""людь, наречіті, змішують вагати й""}, {""bbox"": [41, 719, 521, 744], ""type"": ""handwritten"", ""text"": ""народити в ковдійних умовах, на""}, {""bbox"": [22, 744, 550, 779], ""type"": ""handwritten"", ""text"": ""життя, то таке людське життя буде""}, {""bbox"": [19, 763, 540, 803], ""type"": ""handwritten"", ""text"": ""схоче, радше, на звичайний кіносе-""}, {""bbox"": [21, 788, 543, 846], ""type"": ""handwritten"", ""text"": ""вимкнуто голосовою, оскільки напівобов'яз-""}, {""bbox"": [19, 831, 555, 887], ""type"": ""handwritten"", ""text"": ""ся, слабкими мізками. Для нього,""}, {""bbox"": [18, 860, 553, 921], ""type"": ""handwritten"", ""text"": ""відчуття, як чортання стовідця""}, {""bbox"": [18, 877, 543, 936], ""type"": ""handwritten"", ""text"": ""відчуття, як чортання сторінок,""}, {""bbox"": [19, 910, 531, 968], ""type"": ""handwritten"", ""text"": ""запах паперу, будуть невідомі.""}]"
dccde180-6dc4-4224-a441-aaecf30faf06.jpg,"[{""bbox"": [37, 293, 530, 373], ""type"": ""handwritten"", ""text"": ""ного потоку інформації, залиша""}, {""bbox"": [38, 321, 401, 370], ""type"": ""handwritten"", ""text"": ""ного потоку інформації, з""}, {""bbox"": [34, 365, 391, 408], ""type"": ""handwritten"", ""text"": ""ються з нами надолго.""}]"
9f6a6e8e-7baf-4144-b35d-62d69ac7f935.jpg,"[{""bbox"": [121, 192, 577, 229], ""type"": ""handwritten"", ""text"": ""Виклики книжкової ери та чинно""}, {""bbox"": [36, 236, 520, 270], ""type"": ""handwritten"", ""text"": ""Наприкінці минулого тисячоліття""}, {""bbox"": [0, 276, 510, 316], ""type"": ""handwritten"", ""text"": ""читачі стурбовано запитували: „Невже""}, {""bbox"": [9, 316, 526, 359], ""type"": ""handwritten"", ""text"": ""електронні носії витісняють традицій-""}, {""bbox"": [13, 355, 491, 393], ""type"": ""handwritten"", ""text"": ""ну книжку?\"" Але коли Янош Ролинг""}, {""bbox"": [22, 390, 480, 430], ""type"": ""handwritten"", ""text"": ""написала \""Гаррі Поттера\"" і її серія""}, {""bbox"": [26, 426, 524, 463], ""type"": ""handwritten"", ""text"": ""романів розійшлася статистичною""}, {""bbox"": [32, 459, 518, 495], ""type"": ""handwritten"", ""text"": ""попередніми накладами, це питання""}, {""bbox"": [43, 491, 366, 524], ""type"": ""handwritten"", ""text"": ""втратило свою постать.""}, {""bbox"": [73, 519, 498, 558], ""type"": ""handwritten"", ""text"": ""Сьогодні вінші листки зрозуміло, що""}, {""bbox"": [50, 545, 497, 590], ""type"": ""handwritten"", ""text"": ""електронні носії, приміщені поки що""}, {""bbox"": [46, 573, 464, 624], ""type"": ""handwritten"", ""text"": ""не створюють кардинальної загрози""}, {""bbox"": [44, 606, 491, 661], ""type"": ""handwritten"", ""text"": ""наперевзим киниками. Проте з'явилися""}, {""bbox"": [38, 669, 467, 721], ""type"": ""handwritten"", ""text"": ""потує нас до далеких мандрівок. Це""}, {""bbox"": [34, 701, 490, 760], ""type"": ""handwritten"", ""text"": ""він підсунув нам гаджети, щоб ми змогли""}, {""bbox"": [31, 731, 472, 791], ""type"": ""handwritten"", ""text"": ""пам'ять зберегти з собою на інші пла-""}, {""bbox"": [28, 759, 470, 824], ""type"": ""handwritten"", ""text"": ""мети свої улюблені книжки, музику,""}, {""bbox"": [22, 801, 463, 864], ""type"": ""handwritten"", ""text"": ""фотографії, картини бо як іншим""}]"
607c9477-058c-48ff-beca-330836b5ce60.jpg,"[{""bbox"": [150, 120, 396, 162], ""type"": ""handwritten"", ""text"": ""від 9 жовтня.""}, {""bbox"": [142, 156, 425, 191], ""type"": ""handwritten"", ""text"": ""вік нашої кінотехнічної ери""}, {""bbox"": [137, 172, 537, 201], ""type"": ""handwritten"", ""text"": ""тихоліття вистачі""}, {""bbox"": [58, 209, 537, 254], ""type"": ""handwritten"", ""text"": ""кжетку. \""Не коми""}, {""bbox"": [51, 223, 549, 280], ""type"": ""handwritten"", ""text"": ""Скажи, якій написана \""Гаррі Поттера\"" і що""}, {""bbox"": [50, 243, 560, 305], ""type"": ""handwritten"", ""text"": ""при розмові корінників спільнокупільно-""}, {""bbox"": [76, 328, 553, 360], ""type"": ""handwritten"", ""text"": ""принадлежі паніно, не створюються. Проте""}, {""bbox"": [49, 391, 284, 424], ""type"": ""handwritten"", ""text"": ""нас вища, а за до""}, {""bbox"": [278, 645, 517, 685], ""type"": ""handwritten"", ""text"": ""соловко, вже ми тоді й""}, {""bbox"": [19, 680, 278, 720], ""type"": ""handwritten"", ""text"": ""зазначу як святков""}, {""bbox"": [283, 690, 569, 734], ""type"": ""handwritten"", ""text"": ""ранко, головне - читати,""}, {""bbox"": [286, 703, 560, 750], ""type"": ""handwritten"", ""text"": ""лих косів. То книжки,""}, {""bbox"": [16, 724, 271, 759], ""type"": ""handwritten"", ""text"": ""не так власне бо""}, {""bbox"": [284, 726, 547, 761], ""type"": ""handwritten"", ""text"": ""скі, на відміну від""}, {""bbox"": [16, 741, 278, 779], ""type"": ""handwritten"", ""text"": ""ще знаєш й село,""}, {""bbox"": [10, 780, 268, 813], ""type"": ""handwritten"", ""text"": ""з та ми радіємо.""}, {""bbox"": [530, 818, 558, 840], ""type"": ""annotation"", ""text"": ""49""}]"
555d4776-eb89-43fb-9090-f8b625d6c42b.jpg,"[{""bbox"": [87, 155, 520, 198], ""type"": ""handwritten"", ""text"": ""атоки, доки він мовчить тисні""}, {""bbox"": [43, 189, 537, 237], ""type"": ""handwritten"", ""text"": ""на півдорозі до наших святів, попе-""}, {""bbox"": [43, 224, 520, 268], ""type"": ""handwritten"", ""text"": ""після пісенка в безніці. Одна ділкі""}, {""bbox"": [41, 260, 542, 303], ""type"": ""handwritten"", ""text"": ""ну шукавці стверджують, що коли лю""}, {""bbox"": [37, 297, 549, 337], ""type"": ""handwritten"", ""text"": ""дикоранти зможуть загати й ко-""}, {""bbox"": [36, 333, 551, 381], ""type"": ""handwritten"", ""text"": ""родити в космічних умовах нові типи""}, {""bbox"": [36, 367, 549, 408], ""type"": ""handwritten"", ""text"": ""тія, то такі людські дитя буде под-""}, {""bbox"": [34, 402, 540, 442], ""type"": ""handwritten"", ""text"": ""ще на знайомий кініматографічний""}, {""bbox"": [34, 440, 547, 477], ""type"": ""handwritten"", ""text"": ""образ сніжинка з вишаною головою. От-""}, {""bbox"": [29, 475, 546, 510], ""type"": ""handwritten"", ""text"": ""на на пів обличчя, слабкими м'язами.""}, {""bbox"": [29, 509, 526, 548], ""type"": ""handwritten"", ""text"": ""але нього такі ніби, на відміну від""}, {""bbox"": [31, 546, 504, 585], ""type"": ""handwritten"", ""text"": ""нас, такі приємні відчуття, як""}, {""bbox"": [32, 584, 537, 621], ""type"": ""handwritten"", ""text"": ""портати сторінок, запах папіру,""}, {""bbox"": [33, 620, 540, 657], ""type"": ""handwritten"", ""text"": ""будуть невідомі. І ось, так само, вже""}, {""bbox"": [32, 659, 546, 696], ""type"": ""handwritten"", ""text"": ""ам тоді й запам'ятає ера електронно-""}, {""bbox"": [32, 694, 162, 728], ""type"": ""handwritten"", ""text"": ""книжки""}, {""bbox"": [52, 730, 524, 769], ""type"": ""handwritten"", ""text"": ""Але й це не страшно: головне -""}, {""bbox"": [33, 768, 500, 811], ""type"": ""handwritten"", ""text"": ""читати, і не так важливо, з""}, {""bbox"": [31, 807, 549, 847], ""type"": ""handwritten"", ""text"": ""яких мосіїв. Бо книжки - це знання""}, {""bbox"": [33, 842, 549, 887], ""type"": ""handwritten"", ""text"": ""й сихці, які, на відміну від щоден-""}]"
028298e9-4d7f-4f77-ada6-f9f0ca7a305e.jpg,"[{""bbox"": [32, 55, 577, 99], ""type"": ""handwritten"", ""text"": ""Яко мого, на відміну від нас, танцюючи""}, {""bbox"": [31, 87, 537, 140], ""type"": ""handwritten"", ""text"": ""відчувати сен горчаками старінок, запах вже""}, {""bbox"": [31, 115, 566, 170], ""type"": ""handwritten"", ""text"": ""паперу будуть невідомі. І як напевно аж""}, {""bbox"": [31, 153, 569, 202], ""type"": ""handwritten"", ""text"": ""тоді й запалує ера електронної книги.""}, {""bbox"": [58, 187, 577, 228], ""type"": ""handwritten"", ""text"": ""Але й це нестрашно, головне - читати""}, {""bbox"": [29, 216, 575, 260], ""type"": ""handwritten"", ""text"": ""і не так важливо, з яких посібів. Бо книжки""}, {""bbox"": [30, 250, 576, 296], ""type"": ""handwritten"", ""text"": ""ки - це знання й емоції, які, на відміну від""}, {""bbox"": [28, 286, 576, 328], ""type"": ""handwritten"", ""text"": ""щедного потоку інформації, залишалося""}, {""bbox"": [21, 325, 210, 361], ""type"": ""handwritten"", ""text"": ""з нами надовго.""}, {""bbox"": [32, 581, 568, 619], ""type"": ""handwritten"", ""text"": ""Хочу подякувати усім причетним до орга-""}, {""bbox"": [35, 616, 521, 653], ""type"": ""handwritten"", ""text"": ""під часі 20-го, совінського диктату з""}, {""bbox"": [33, 648, 576, 686], ""type"": ""handwritten"", ""text"": ""української мови. Він робить важливу справу""}, {""bbox"": [33, 680, 535, 718], ""type"": ""handwritten"", ""text"": ""На хвилинку знову опинилася у теплому""}, {""bbox"": [34, 713, 577, 748], ""type"": ""handwritten"", ""text"": ""класи української мови в своїй київській школі""}, {""bbox"": [32, 745, 577, 786], ""type"": ""handwritten"", ""text"": ""не дивитись на те, що фізично перебувала""}, {""bbox"": [32, 775, 302, 810], ""type"": ""handwritten"", ""text"": ""у далекому Мюнхені""}, {""bbox"": [30, 804, 231, 845], ""type"": ""handwritten"", ""text"": ""Ще раз дякую!""}, {""bbox"": [250, 865, 540, 899], ""type"": ""handwritten"", ""text"": ""французькі побажаннями,""}]"
732aa69b-d029-41ff-9cc5-3b01080f92cf.jpg,"[{""bbox"": [143, 114, 236, 139], ""type"": ""handwritten"", ""text"": ""Диктант""}, {""bbox"": [98, 141, 375, 172], ""type"": ""handwritten"", ""text"": ""Виклики життєвої си""}, {""bbox"": [77, 173, 518, 207], ""type"": ""handwritten"", ""text"": ""Наприкінці минулого тижня миттєво читачі""}, {""bbox"": [58, 201, 539, 237], ""type"": ""handwritten"", ""text"": ""стурбовано захищували: \""Невже електрони носії""}, {""bbox"": [59, 233, 524, 266], ""type"": ""handwritten"", ""text"": ""вимішень традиційну кашту?\"" Але коли""}, {""bbox"": [57, 261, 534, 296], ""type"": ""handwritten"", ""text"": ""Джон Роллі написала „Таррі Поттера бі""}, {""bbox"": [58, 293, 556, 328], ""type"": ""handwritten"", ""text"": ""її серія романів розписана столичнопринципі-""}, {""bbox"": [59, 322, 535, 356], ""type"": ""handwritten"", ""text"": ""поперованим накладанням, це питання впера-""}, {""bbox"": [57, 355, 281, 385], ""type"": ""handwritten"", ""text"": ""тило свого господаря.""}, {""bbox"": [74, 383, 570, 416], ""type"": ""handwritten"", ""text"": ""Сьогодні більш мені зрозуміло, що синтетичні""}, {""bbox"": [56, 411, 516, 444], ""type"": ""handwritten"", ""text"": ""носії, примітним поки що, не створюють""}, {""bbox"": [53, 442, 546, 474], ""type"": ""handwritten"", ""text"": ""кардинальної загрози напереди киштками.""}, {""bbox"": [52, 470, 554, 504], ""type"": ""handwritten"", ""text"": ""Проте з'явившись вони невимагково. Гадаю, це""}, {""bbox"": [55, 499, 556, 532], ""type"": ""handwritten"", ""text"": ""Біг так тягне нас до далеких мандрівок. Це""}, {""bbox"": [54, 553, 541, 583], ""type"": ""handwritten"", ""text"": ""колись забрати з собою на іншу планету""}, {""bbox"": [52, 581, 555, 614], ""type"": ""handwritten"", ""text"": ""свої улюблені книжки, музику, фотографії,""}, {""bbox"": [52, 608, 489, 640], ""type"": ""handwritten"", ""text"": ""картини, бо це знакоме взагалі й це""}, {""bbox"": [50, 635, 145, 667], ""type"": ""handwritten"", ""text"": ""зробити?""}, {""bbox"": [68, 666, 547, 699], ""type"": ""handwritten"", ""text"": ""Отож доки Глос Маск ще тільки на пів""}, {""bbox"": [50, 696, 532, 730], ""type"": ""handwritten"", ""text"": ""дорозі до інших світів, паперова книжка в""}, {""bbox"": [47, 727, 559, 763], ""type"": ""handwritten"", ""text"": ""безпекі. Однак деякі науковці стверджують, що""}, {""bbox"": [49, 756, 500, 791], ""type"": ""handwritten"", ""text"": ""коли люди нарешті зможуть заслати і""}, {""bbox"": [51, 785, 544, 821], ""type"": ""handwritten"", ""text"": ""народили в посиленнях умовах мове життя,""}, {""bbox"": [52, 817, 535, 852], ""type"": ""handwritten"", ""text"": ""то таке людське дитя буде скрізь радше""}, {""bbox"": [49, 847, 505, 881], ""type"": ""handwritten"", ""text"": ""на знайомий кінематографічний образ""}, {""bbox"": [48, 905, 449, 945], ""type"": ""handwritten"", ""text"": ""пів обличчя, слабкими м'язами.""}]"
f14bd99f-f4c6-4104-a8cb-7c7cc4885c9c.jpg,"[{""bbox"": [150, 203, 487, 236], ""type"": ""handwritten"", ""text"": ""Вимірки книжкової ери""}, {""bbox"": [97, 237, 516, 274], ""type"": ""handwritten"", ""text"": ""Напряжена мандрівного життя, коліття""}, {""bbox"": [70, 274, 465, 310], ""type"": ""handwritten"", ""text"": ""чимачі стурбовано запитували:""}, {""bbox"": [55, 306, 505, 342], ""type"": ""handwritten"", ""text"": ""„Невже електронні мосі витіснять""}, {""bbox"": [56, 343, 457, 379], ""type"": ""handwritten"", ""text"": ""традиційну книжку?\"" Але в кожні""}, {""bbox"": [58, 378, 505, 416], ""type"": ""handwritten"", ""text"": ""Оксан Родіні не написала \""Гаррі Пот-""}, {""bbox"": [50, 407, 511, 453], ""type"": ""handwritten"", ""text"": ""тори і її серія романів розійшлася""}, {""bbox"": [54, 448, 520, 487], ""type"": ""handwritten"", ""text"": ""стомлювальником панорамних картин""}, {""bbox"": [41, 482, 456, 518], ""type"": ""handwritten"", ""text"": ""долі, це питання втратило свою""}, {""bbox"": [51, 514, 174, 548], ""type"": ""handwritten"", ""text"": ""госпірату.""}, {""bbox"": [109, 547, 512, 586], ""type"": ""handwritten"", ""text"": ""Свогочасні більш-менш зрозуміло, що""}, {""bbox"": [50, 584, 487, 618], ""type"": ""handwritten"", ""text"": ""електронні носії, принаймні поки що,""}, {""bbox"": [51, 616, 509, 653], ""type"": ""handwritten"", ""text"": ""не співочою кардинальної загрози па-""}, {""bbox"": [48, 650, 501, 685], ""type"": ""handwritten"", ""text"": ""перовим князем. Проте, з'явилася""}, {""bbox"": [55, 683, 470, 720], ""type"": ""handwritten"", ""text"": ""вони не випадково. Гадаю, це Бог""}, {""bbox"": [57, 719, 505, 753], ""type"": ""handwritten"", ""text"": ""так готує нас до далеких мандрівок.""}, {""bbox"": [66, 749, 505, 788], ""type"": ""handwritten"", ""text"": ""Це він підсунув нам гаджети, щоб ми""}, {""bbox"": [42, 786, 501, 828], ""type"": ""handwritten"", ""text"": ""зможем колись забрати з собою на""}]"
48b5044b-0ce6-4bb9-813a-8443a9b8b6a1.jpg,"[{""bbox"": [65, 192, 535, 238], ""type"": ""handwritten"", ""text"": ""сійні плакати свої улюблені книжки,""}, {""bbox"": [67, 231, 520, 273], ""type"": ""handwritten"", ""text"": ""музик, фолькрадіо, картина, бо""}, {""bbox"": [65, 267, 518, 306], ""type"": ""handwritten"", ""text"": ""як інакше взагалі б це зробити?""}, {""bbox"": [68, 302, 516, 341], ""type"": ""handwritten"", ""text"": ""Отож, доки Гром Маск ще тільки""}, {""bbox"": [56, 337, 558, 380], ""type"": ""handwritten"", ""text"": ""на південної до інших світів, пане-""}, {""bbox"": [47, 375, 561, 416], ""type"": ""handwritten"", ""text"": ""рова книжка - в безпечні. Однак, деякі""}, {""bbox"": [52, 412, 556, 453], ""type"": ""handwritten"", ""text"": ""науковці стверджують, що коли людина""}, {""bbox"": [50, 449, 559, 489], ""type"": ""handwritten"", ""text"": ""народити, зможуть зохати і народити""}, {""bbox"": [57, 483, 532, 521], ""type"": ""handwritten"", ""text"": ""в носильних умовах нове життя,""}, {""bbox"": [48, 516, 489, 549], ""type"": ""handwritten"", ""text"": ""то наша людська дитя буде схоже,""}, {""bbox"": [51, 551, 547, 587], ""type"": ""handwritten"", ""text"": ""радною, на знаньому кінемато-""}, {""bbox"": [54, 585, 541, 621], ""type"": ""handwritten"", ""text"": ""фізичний образ екологічна: з великою""}, {""bbox"": [68, 619, 554, 655], ""type"": ""handwritten"", ""text"": ""головою, очима на півобличчя, слаб-""}, {""bbox"": [64, 654, 554, 695], ""type"": ""handwritten"", ""text"": ""ними ніякими. Для нього, на відміну""}, {""bbox"": [66, 690, 554, 731], ""type"": ""handwritten"", ""text"": ""від нас, такі присліні відчуття, як""}, {""bbox"": [67, 725, 504, 764], ""type"": ""handwritten"", ""text"": ""портяння сторінок, запах лакеру,""}, {""bbox"": [70, 756, 505, 798], ""type"": ""handwritten"", ""text"": ""будуть невідомі. І ось, напевно,""}, {""bbox"": [76, 789, 529, 834], ""type"": ""handwritten"", ""text"": ""вже аж тоді й запанує ера елек-""}, {""bbox"": [67, 826, 537, 862], ""type"": ""handwritten"", ""text"": ""гронної книжки.""}, {""bbox"": [66, 828, 290, 859], ""type"": ""handwritten"", ""text"": ""тронної кінноти.""}]"
15c9fa9d-bd4c-42bb-a928-89ca886d0595.jpg,"[{""bbox"": [135, 178, 457, 214], ""type"": ""handwritten"", ""text"": ""Виконки книжкової ери""}, {""bbox"": [91, 224, 476, 256], ""type"": ""handwritten"", ""text"": ""Наприкінці минулого тижня кітів""}, {""bbox"": [52, 250, 437, 279], ""type"": ""handwritten"", ""text"": ""читали стурбовано, закохано,""}, {""bbox"": [54, 269, 466, 300], ""type"": ""handwritten"", ""text"": ""\""Дев'яте енергійовані касії виписати в""}, {""bbox"": [53, 290, 488, 326], ""type"": ""handwritten"", ""text"": ""традиційну книжку \""Від відомих імен\"".""}, {""bbox"": [53, 311, 484, 340], ""type"": ""handwritten"", ""text"": ""форматі записана \""Заврі Проттер\"" (...)""}, {""bbox"": [53, 336, 489, 363], ""type"": ""handwritten"", ""text"": ""серія романів розпочинається статтям \""Відкритий""}, {""bbox"": [54, 359, 470, 381], ""type"": ""handwritten"", ""text"": ""напівдень, це питання втівчено свою""}, {""bbox"": [54, 378, 147, 398], ""type"": ""handwritten"", ""text"": ""гостроту.""}, {""bbox"": [85, 396, 519, 419], ""type"": ""handwritten"", ""text"": ""Сьогодні більшість менших зрозуміло, що екстрі-""}, {""bbox"": [52, 417, 552, 442], ""type"": ""handwritten"", ""text"": ""ріжні косі, пронаймні пови + що, не співвідносять""}, {""bbox"": [52, 439, 488, 459], ""type"": ""handwritten"", ""text"": ""кафедральної загрози патеровим князям.""}, {""bbox"": [53, 457, 530, 480], ""type"": ""handwritten"", ""text"": ""Проте була вони не витягнуто. Задібати""}, {""bbox"": [55, 497, 521, 519], ""type"": ""handwritten"", ""text"": ""Це він підніс себе нахи вагою, щоб ми змогли""}, {""bbox"": [54, 519, 536, 542], ""type"": ""handwritten"", ""text"": ""можна забрати з собою на інші планети свої""}, {""bbox"": [53, 539, 521, 560], ""type"": ""handwritten"", ""text"": ""діючими книжками, музикою, фотографії, кар-""}, {""bbox"": [54, 553, 526, 580], ""type"": ""handwritten"", ""text"": ""тани, бо як інакше вдатися б це зробити?""}, {""bbox"": [90, 577, 536, 600], ""type"": ""handwritten"", ""text"": ""отох, дожи Українські татари на пів-""}, {""bbox"": [49, 599, 521, 621], ""type"": ""handwritten"", ""text"": ""дороги до інших світів, паперова книжка в""}, {""bbox"": [46, 618, 530, 643], ""type"": ""handwritten"", ""text"": ""безпеці. Однак, деякі науковці стверджують,""}, {""bbox"": [49, 641, 542, 663], ""type"": ""handwritten"", ""text"": ""якої коли якоди нарешті зможуть закласти і на-""}, {""bbox"": [45, 659, 521, 685], ""type"": ""handwritten"", ""text"": ""розити в космічних умовах нове життя, те""}, {""bbox"": [46, 682, 530, 707], ""type"": ""handwritten"", ""text"": ""таке житське життя буде сколося, радше, на-""}, {""bbox"": [40, 704, 556, 743], ""type"": ""handwritten"", ""text"": ""з великого голосу, який не [illegible],""}, {""bbox"": [43, 725, 505, 752], ""type"": ""handwritten"", ""text"": ""з великою галасовою, описи на пів обличчя,""}, {""bbox"": [39, 739, 530, 781], ""type"": ""handwritten"", ""text"": ""обов'язки міг замінити. Тож нікого, на відміну від""}, {""bbox"": [38, 766, 537, 804], ""type"": ""handwritten"", ""text"": ""тис, такі привілеї відрізняли як гарантію спів-""}, {""bbox"": [37, 788, 547, 843], ""type"": ""handwritten"", ""text"": ""ріків, датаж паперу відкрито незвичні. Госп, ка-""}, {""bbox"": [41, 789, 521, 820], ""type"": ""handwritten"", ""text"": ""рінок, держ паперу брехніть небірні. Слав, на""}, {""bbox"": [38, 828, 129, 854], ""type"": ""handwritten"", ""text"": ""книжки.""}, {""bbox"": [61, 853, 513, 899], ""type"": ""handwritten"", ""text"": ""Але й це-не страшно, головне - жити, і""}, {""bbox"": [42, 881, 544, 927], ""type"": ""handwritten"", ""text"": ""не так власне, з яких містів, Покривська-""}]"
905fe63b-de06-4844-b5cf-d67f29821de4.jpg,"[{""bbox"": [158, 133, 394, 166], ""type"": ""handwritten"", ""text"": ""Виклики книжкової ери.""}, {""bbox"": [126, 174, 515, 208], ""type"": ""handwritten"", ""text"": ""Наприкінці минуло тисячоліття витачі""}, {""bbox"": [60, 204, 522, 234], ""type"": ""handwritten"", ""text"": ""стурбовано запитували: \""Невже електронні носії""}, {""bbox"": [57, 229, 530, 255], ""type"": ""handwritten"", ""text"": ""вітись на традиційну книжку? \""Ми~~б~~ коли бували""}, {""bbox"": [55, 249, 527, 278], ""type"": ""handwritten"", ""text"": ""Ролінг написала \""Гаррі Поттера\"" і її серія""}, {""bbox"": [55, 272, 521, 297], ""type"": ""handwritten"", ""text"": ""рочанів розійшлася столільбонними паперовими""}, {""bbox"": [50, 295, 545, 323], ""type"": ""handwritten"", ""text"": ""накладали, це питання втратило свою гостроту.""}, {""bbox"": [114, 320, 546, 346], ""type"": ""handwritten"", ""text"": ""Сьогодні більш-менш зрозуміло, що електронні""}, {""bbox"": [58, 344, 537, 367], ""type"": ""handwritten"", ""text"": ""носії, приміщені поки що не створюють кордонам""}, {""bbox"": [46, 359, 557, 388], ""type"": ""handwritten"", ""text"": ""ної загрози перерваний книжками. Проти з'явився""}, {""bbox"": [47, 385, 563, 409], ""type"": ""handwritten"", ""text"": ""вони не випадкові. Зараз, це би так ботує нас""}, {""bbox"": [58, 405, 537, 430], ""type"": ""handwritten"", ""text"": ""до далеких мандрівок. Це він підсунув нам саджу-""}, {""bbox"": [49, 424, 566, 453], ""type"": ""handwritten"", ""text"": ""ти, щоб ми змогли коли-забрати з собою на інші""}, {""bbox"": [51, 449, 543, 474], ""type"": ""handwritten"", ""text"": ""планети свої улюблені книжки, музику, фотографії,""}, {""bbox"": [49, 473, 543, 512], ""type"": ""handwritten"", ""text"": ""картини; бо як такше вдалось б це зробити""}, {""bbox"": [139, 490, 542, 525], ""type"": ""handwritten"", ""text"": ""Атож, доки Овоч Шаюк ще тільки на тів-""}, {""bbox"": [89, 494, 537, 542], ""type"": ""handwritten"", ""text"": ""Атос, доки Іван Маси ще тільки не тв-""}, {""bbox"": [48, 513, 565, 556], ""type"": ""handwritten"", ""text"": ""дороги до інших світів, напередуєють, що коли""}, {""bbox"": [51, 537, 568, 575], ""type"": ""handwritten"", ""text"": ""людні, нерешти, змістити загати і породити в""}, {""bbox"": [58, 566, 537, 590], ""type"": ""handwritten"", ""text"": ""комічних умовах нове приміття, то таке людське""}, {""bbox"": [46, 583, 566, 615], ""type"": ""handwritten"", ""text"": ""дитя бузе скуже, радше, не знайомий кінне-""}, {""bbox"": [42, 609, 569, 645], ""type"": ""handwritten"", ""text"": ""вію, очіння на нів обійми, слабкими м'язами.""}, {""bbox"": [58, 622, 537, 641], ""type"": ""handwritten"", ""text"": ""вою, очіння на пів-обідня, слабкими м'язами""}, {""bbox"": [44, 640, 573, 663], ""type"": ""handwritten"", ""text"": ""Для нього, не відмінну від нас, таки приємна""}, {""bbox"": [73, 657, 553, 681], ""type"": ""handwritten"", ""text"": ""друхутия як: портаний сторінок, запах па-""}, {""bbox"": [40, 680, 569, 700], ""type"": ""handwritten"", ""text"": ""ру будуть не відомі. І ось, на певно, вже""}, {""bbox"": [36, 696, 563, 725], ""type"": ""handwritten"", ""text"": ""афо тоді і запонується електронної книжки,""}, {""bbox"": [34, 739, 570, 762], ""type"": ""handwritten"", ""text"": ""і не так важливо з яких носіїв. Їх книжки""}, {""bbox"": [73, 758, 553, 782], ""type"": ""handwritten"", ""text"": ""знання й емоції, які не відмінну від ну""}, {""bbox"": [33, 777, 574, 807], ""type"": ""handwritten"", ""text"": ""денного потоку інформації, замішаноїся з нами,""}, {""bbox"": [134, 863, 169, 899], ""type"": ""annotation"", ""text"": ""04""}, {""bbox"": [424, 883, 496, 913], ""type"": ""annotation"", ""text"": ""91 pix""}]"
305f4f1b-8ba5-4a9b-9450-0e1a5042eadc.jpg,"[{""bbox"": [120, 189, 234, 228], ""type"": ""handwritten"", ""text"": ""Високих""}, {""bbox"": [84, 229, 223, 273], ""type"": ""handwritten"", ""text"": ""Наприкінці""}, {""bbox"": [52, 265, 254, 307], ""type"": ""handwritten"", ""text"": ""статті стурбовано""}, {""bbox"": [52, 297, 236, 333], ""type"": ""handwritten"", ""text"": ""лектронні наші""}, {""bbox"": [279, 333, 526, 367], ""type"": ""handwritten"", ""text"": ""Раніш написався""}, {""bbox"": [280, 366, 548, 399], ""type"": ""handwritten"", ""text"": ""серія фольклорів розій-""}, {""bbox"": [279, 486, 552, 516], ""type"": ""handwritten"", ""text"": ""показую, не створюють""}, {""bbox"": [39, 521, 267, 555], ""type"": ""handwritten"", ""text"": ""кардинальної загрози""}, {""bbox"": [27, 546, 561, 590], ""type"": ""handwritten"", ""text"": ""Проте з'являлися вони не випадково. Радаю-""}, {""bbox"": [35, 583, 561, 621], ""type"": ""handwritten"", ""text"": ""це Бог так хотіє нас до дослідних лабораторіях.""}, {""bbox"": [36, 619, 526, 654], ""type"": ""handwritten"", ""text"": ""Це він підсунув нам задумати, щоб ми""}, {""bbox"": [36, 651, 522, 685], ""type"": ""handwritten"", ""text"": ""зможе наша забрати з собою на інсесі""}, {""bbox"": [35, 681, 558, 713], ""type"": ""handwritten"", ""text"": ""планети своєї унікальної краси, музики, фо-""}, {""bbox"": [31, 708, 268, 742], ""type"": ""handwritten"", ""text"": ""товариств, харчевин,""}, {""bbox"": [33, 710, 550, 743], ""type"": ""handwritten"", ""text"": ""товарищі\"", картина, бо як інакше взагалля б""}, {""bbox"": [32, 735, 196, 764], ""type"": ""handwritten"", ""text"": ""це зробити?""}, {""bbox"": [64, 765, 546, 798], ""type"": ""handwritten"", ""text"": ""Отож, доки Леон Маск ще тільки на""}, {""bbox"": [29, 793, 548, 827], ""type"": ""handwritten"", ""text"": ""поводою до інших світів - пальців кнюжка в""}, {""bbox"": [30, 824, 548, 859], ""type"": ""handwritten"", ""text"": ""відноші. Однак деякі науковці стверджують,""}, {""bbox"": [29, 856, 555, 891], ""type"": ""handwritten"", ""text"": ""що коли люди мають змогу засісти""}, {""bbox"": [30, 887, 567, 927], ""type"": ""handwritten"", ""text"": ""й народити в космічних грошах нове життя,""}, {""bbox"": [30, 923, 566, 967], ""type"": ""handwritten"", ""text"": ""то таке людське дитя буде сконче радше на""}]"
437d82cf-a0c3-4620-8211-90f673f51ed2.jpg,"[{""bbox"": [25, 244, 561, 299], ""type"": ""handwritten"", ""text"": ""знавалий кінематографічний образ емпіріка-""}, {""bbox"": [26, 279, 532, 335], ""type"": ""handwritten"", ""text"": ""з високою заявою, става на пів обісля -""}, {""bbox"": [28, 309, 565, 360], ""type"": ""handwritten"", ""text"": ""слабкими лізами. Для нього, на відміну від""}, {""bbox"": [31, 344, 568, 390], ""type"": ""handwritten"", ""text"": ""нас, такі приємні кідуться як зертання спо-""}, {""bbox"": [33, 378, 557, 419], ""type"": ""handwritten"", ""text"": ""ріння, запах паперу будуть невідомі. У ось""}, {""bbox"": [37, 410, 567, 454], ""type"": ""handwritten"", ""text"": ""маневно, вже аж тоді й запанує ера електро-""}, {""bbox"": [0, 514, 546, 1052], ""type"": ""table"", ""text"": ""і не так важливо з якого краю, бо""}]"
e515c8d8-423f-42c1-b997-c7a0a99841c3.jpg,"[{""bbox"": [97, 233, 492, 282], ""type"": ""handwritten"", ""text"": ""собою на інші планети""}, {""bbox"": [92, 262, 483, 323], ""type"": ""handwritten"", ""text"": ""сві улюблені книжки,""}, {""bbox"": [88, 288, 440, 336], ""type"": ""handwritten"", ""text"": ""музичну, фолькографічну,""}, {""bbox"": [87, 298, 519, 355], ""type"": ""handwritten"", ""text"": ""музичну, фольклорну,""}, {""bbox"": [87, 343, 442, 385], ""type"": ""handwritten"", ""text"": ""вдалося б це зробити?""}, {""bbox"": [123, 371, 513, 405], ""type"": ""handwritten"", ""text"": ""Отже добри жити насі""}, {""bbox"": [85, 399, 511, 437], ""type"": ""handwritten"", ""text"": ""их пільг на півдорозі""}, {""bbox"": [78, 430, 553, 462], ""type"": ""handwritten"", ""text"": ""до інших світів - наперевзе""}, {""bbox"": [80, 484, 568, 516], ""type"": ""handwritten"", ""text"": ""демі національні стереотипи,""}, {""bbox"": [79, 510, 514, 541], ""type"": ""handwritten"", ""text"": ""що навіть люди нарешті""}, {""bbox"": [77, 538, 456, 567], ""type"": ""handwritten"", ""text"": ""зможуть звучати й""}, {""bbox"": [82, 564, 495, 593], ""type"": ""handwritten"", ""text"": ""пародити в посмішках""}, {""bbox"": [84, 590, 537, 622], ""type"": ""handwritten"", ""text"": ""умовах нове життя, то""}, {""bbox"": [83, 618, 556, 650], ""type"": ""handwritten"", ""text"": ""таке людське дитя буде""}, {""bbox"": [83, 647, 573, 679], ""type"": ""handwritten"", ""text"": ""скопсе радше на змовчанні""}, {""bbox"": [83, 673, 535, 704], ""type"": ""handwritten"", ""text"": ""кінематографічний образ""}, {""bbox"": [83, 701, 569, 734], ""type"": ""handwritten"", ""text"": ""екстетик: з великою голосною,""}, {""bbox"": [80, 728, 439, 758], ""type"": ""handwritten"", ""text"": ""отима на півоболття,""}, {""bbox"": [81, 755, 518, 785], ""type"": ""handwritten"", ""text"": ""слабкими мізами. Для""}, {""bbox"": [80, 784, 501, 816], ""type"": ""handwritten"", ""text"": ""ного, на відміну від нас,""}, {""bbox"": [78, 812, 501, 843], ""type"": ""handwritten"", ""text"": ""ними присліпи відбутия""}, {""bbox"": [79, 840, 495, 878], ""type"": ""handwritten"", ""text"": ""як гортаним створінок,""}]"
767e5b52-5a16-42b7-ac64-d385d4660ef2.jpg,"[{""bbox"": [128, 218, 458, 247], ""type"": ""handwritten"", ""text"": ""Витинки китайської ери""}, {""bbox"": [98, 242, 520, 282], ""type"": ""handwritten"", ""text"": ""наприкінці минучого Тисячоліття""}, {""bbox"": [69, 289, 560, 336], ""type"": ""handwritten"", ""text"": ""електричні ножі виліплять традиційну""}, {""bbox"": [70, 314, 558, 369], ""type"": ""handwritten"", ""text"": ""книжку?\"". Але~~сь~~ коли Джоан Роллінг""}, {""bbox"": [71, 315, 537, 348], ""type"": ""handwritten"", ""text"": ""книжку?\"". Але коли Джоні розчинив""}, {""bbox"": [69, 339, 557, 391], ""type"": ""handwritten"", ""text"": ""написала \""Гаррі Поттера і ІІ\"" серія""}, {""bbox"": [72, 368, 560, 428], ""type"": ""handwritten"", ""text"": ""рольових розіймалася голосом. Бонятини""}, {""bbox"": [76, 424, 453, 463], ""type"": ""handwritten"", ""text"": ""виконано свою програму.""}, {""bbox"": [91, 448, 547, 485], ""type"": ""handwritten"", ""text"": ""Сьогодні вільничческі згоду селянію,""}, {""bbox"": [71, 476, 505, 508], ""type"": ""handwritten"", ""text"": ""що москівські поезії, принаймні""}, {""bbox"": [74, 500, 569, 533], ""type"": ""handwritten"", ""text"": ""поки що, не створюють кардинальної""}, {""bbox"": [73, 528, 521, 559], ""type"": ""handwritten"", ""text"": ""загрози панування князівським,""}, {""bbox"": [76, 555, 571, 586], ""type"": ""handwritten"", ""text"": ""Брощів зізвившися вони не вимагаю-""}, {""bbox"": [77, 581, 564, 613], ""type"": ""handwritten"", ""text"": ""бо. Разом, під Тобою так чутку хоче""}, {""bbox"": [79, 609, 576, 642], ""type"": ""handwritten"", ""text"": ""до далеких мандрівок, ще він""}, {""bbox"": [83, 636, 521, 667], ""type"": ""handwritten"", ""text"": ""труснув наш партсекрет, щоб мені""}, {""bbox"": [84, 663, 573, 696], ""type"": ""handwritten"", ""text"": ""змогли поїхати з собою""}, {""bbox"": [86, 689, 553, 718], ""type"": ""handwritten"", ""text"": ""на інших планетах свої улюблені""}, {""bbox"": [86, 715, 518, 743], ""type"": ""handwritten"", ""text"": ""книжки, музичку, фотографії\"",""}, {""bbox"": [86, 743, 566, 773], ""type"": ""handwritten"", ""text"": ""картина, бо як інакше врятаєш""}, {""bbox"": [87, 771, 300, 799], ""type"": ""handwritten"", ""text"": ""і це зробили.""}, {""bbox"": [127, 799, 569, 825], ""type"": ""handwritten"", ""text"": ""відоме, якій Elon Musk ще тільки""}, {""bbox"": [92, 824, 555, 855], ""type"": ""handwritten"", ""text"": ""на південної до інших світів,""}, {""bbox"": [91, 937, 577, 967], ""type"": ""handwritten"", ""text"": ""загалом по народному в космічних""}, {""bbox"": [89, 963, 536, 992], ""type"": ""handwritten"", ""text"": ""учнях нове теліжія, а то таке""}, {""bbox"": [87, 991, 561, 1024], ""type"": ""handwritten"", ""text"": ""морське зимою бузе срочне, радше,""}, {""bbox"": [86, 1019, 521, 1051], ""type"": ""handwritten"", ""text"": ""на згаданий кінематографа фільмі""}, {""bbox"": [82, 1047, 577, 1087], ""type"": ""handwritten"", ""text"": ""образ ангелопіна - з великою головою,""}]"
eba13384-0d28-4bf2-8960-f17486a092d5.jpg,"[{""bbox"": [54, 275, 551, 332], ""type"": ""handwritten"", ""text"": ""запах паперу - бурхлий невідомі.""}, {""bbox"": [52, 312, 528, 369], ""type"": ""handwritten"", ""text"": ""У ось, напевно, вже але порі-""}, {""bbox"": [55, 341, 532, 394], ""type"": ""handwritten"", ""text"": ""і запашує ера електронної""}, {""bbox"": [55, 383, 218, 416], ""type"": ""handwritten"", ""text"": ""кислень!""}, {""bbox"": [82, 405, 474, 441], ""type"": ""handwritten"", ""text"": ""Але й це не спрацює,""}, {""bbox"": [50, 433, 513, 474], ""type"": ""handwritten"", ""text"": ""головне - читати, і не так""}, {""bbox"": [55, 460, 499, 498], ""type"": ""handwritten"", ""text"": ""відчутно з яких посібів. Бо""}, {""bbox"": [56, 488, 552, 526], ""type"": ""handwritten"", ""text"": ""мистецтво - це знання й емоції,""}, {""bbox"": [55, 520, 560, 557], ""type"": ""handwritten"", ""text"": ""зні на відміну від щоденного""}, {""bbox"": [58, 549, 402, 582], ""type"": ""handwritten"", ""text"": ""помощі інформації""}, {""bbox"": [60, 575, 454, 609], ""type"": ""handwritten"", ""text"": ""залишалось з нами""}, {""bbox"": [58, 605, 199, 645], ""type"": ""handwritten"", ""text"": ""народного.""}, {""bbox"": [0, 665, 18, 684], ""type"": ""handwritten"", ""text"": ""о""}, {""bbox"": [1, 718, 47, 744], ""type"": ""handwritten"", ""text"": ""ший""}]"
9d62d10c-3025-4b9e-b9e7-2687ad48ae89.jpg,"[{""bbox"": [60, 269, 434, 315], ""type"": ""handwritten"", ""text"": ""Напряжений міжнародно""}, {""bbox"": [48, 279, 537, 340], ""type"": ""handwritten"", ""text"": ""тисячоліття чинити і стурбо-""}, {""bbox"": [36, 344, 511, 398], ""type"": ""handwritten"", ""text"": ""електронні поші вимірюють""}, {""bbox"": [35, 382, 515, 426], ""type"": ""handwritten"", ""text"": ""традиційну костюму? Але""}, {""bbox"": [35, 413, 530, 453], ""type"": ""handwritten"", ""text"": ""кови Якоби Копін написала""}, {""bbox"": [33, 444, 482, 480], ""type"": ""handwritten"", ""text"": ""\""Гаррі Поттера\"" і її серія""}, {""bbox"": [37, 476, 410, 508], ""type"": ""handwritten"", ""text"": ""фанатів розійшлася""}, {""bbox"": [35, 501, 523, 536], ""type"": ""handwritten"", ""text"": ""сталінівськими паперовими""}, {""bbox"": [38, 530, 489, 560], ""type"": ""handwritten"", ""text"": ""нападали, це ж підійня""}, {""bbox"": [37, 556, 499, 587], ""type"": ""handwritten"", ""text"": ""виражати свою поетичну""}, {""bbox"": [102, 585, 472, 618], ""type"": ""handwritten"", ""text"": ""Сьогодні більш-менш""}, {""bbox"": [37, 614, 490, 648], ""type"": ""handwritten"", ""text"": ""зрозуміло, що електронні""}, {""bbox"": [38, 642, 535, 674], ""type"": ""handwritten"", ""text"": ""нові, принаймні посилаю,""}, {""bbox"": [37, 670, 537, 704], ""type"": ""handwritten"", ""text"": ""не створюють нормальної""}, {""bbox"": [38, 698, 541, 730], ""type"": ""handwritten"", ""text"": ""загрози напередодні кислочасом.""}, {""bbox"": [37, 725, 557, 758], ""type"": ""handwritten"", ""text"": ""Проник зів'язнення вони не витод-""}, {""bbox"": [38, 754, 473, 785], ""type"": ""handwritten"", ""text"": ""ново. Гадаю, це вон так""}, {""bbox"": [41, 784, 452, 815], ""type"": ""handwritten"", ""text"": ""готує нас до дальших""}, {""bbox"": [38, 811, 541, 844], ""type"": ""handwritten"", ""text"": ""мабутрівок. Хоче він підсудити""}, {""bbox"": [35, 841, 548, 876], ""type"": ""handwritten"", ""text"": ""най гадати, щоб~~Лів~~{Лів}""}, {""bbox"": [32, 872, 546, 912], ""type"": ""handwritten"", ""text"": ""змогли наші забрати з них""}]"
f6861ae8-6d76-4447-9d5a-8e44aba358f1.jpg,"[{""bbox"": [36, 92, 564, 137], ""type"": ""handwritten"", ""text"": ""очима на пів обміння, слабкими,""}, {""bbox"": [271, 133, 547, 170], ""type"": ""handwritten"", ""text"": ""нього, на відміну""}, {""bbox"": [34, 134, 544, 171], ""type"": ""handwritten"", ""text"": ""м'язами. Для нього, на відміну""}, {""bbox"": [34, 168, 564, 205], ""type"": ""handwritten"", ""text"": ""вірно, такі привілеї відсутні""}, {""bbox"": [38, 203, 531, 238], ""type"": ""handwritten"", ""text"": ""як порівняно споріднені, зазнах""}, {""bbox"": [38, 234, 538, 272], ""type"": ""handwritten"", ""text"": ""паперу бурчать невіроліги. І ось,""}, {""bbox"": [65, 338, 574, 372], ""type"": ""handwritten"", ""text"": ""Але й це не смукало: головне-""}, {""bbox"": [44, 371, 561, 404], ""type"": ""handwritten"", ""text"": ""магати і не так ватоливо, з яких""}, {""bbox"": [49, 428, 554, 460], ""type"": ""handwritten"", ""text"": ""емоції, які, на відміну від що-""}, {""bbox"": [47, 459, 564, 491], ""type"": ""handwritten"", ""text"": ""денного початку реформації\"", закли-""}, {""bbox"": [54, 488, 465, 519], ""type"": ""handwritten"", ""text"": ""шалаться з нами на дозвіл,""}]"
a94167ad-158d-43ff-a302-ac46f8f9f9c7.jpg,"[{""bbox"": [161, 155, 392, 187], ""type"": ""handwritten"", ""text"": ""Виклик кишкової ен""}, {""bbox"": [102, 177, 553, 220], ""type"": ""handwritten"", ""text"": ""Наприклад, минулою тисячоліття читаці сперечалися""}, {""bbox"": [61, 235, 536, 287], ""type"": ""handwritten"", ""text"": ""чийну книжку?\"" Людком Василий Волхін написала""}, {""bbox"": [61, 253, 555, 305], ""type"": ""handwritten"", ""text"": ""\""Гаррі Поттера\"" і її орг розійшлася сталельною""}, {""bbox"": [65, 264, 550, 320], ""type"": ""handwritten"", ""text"": ""Гаррі Поттера\"" і її арія розійшлася стогнами""}, {""bbox"": [68, 278, 552, 339], ""type"": ""handwritten"", ""text"": ""ними панорамними панкадами, це питання втрачало""}, {""bbox"": [68, 317, 218, 346], ""type"": ""handwritten"", ""text"": ""свою гостроту""}, {""bbox"": [77, 317, 556, 370], ""type"": ""handwritten"", ""text"": ""Сьогодні більш-менш зрозуміло, що електроні""}, {""bbox"": [110, 331, 552, 379], ""type"": ""handwritten"", ""text"": ""Сьогодні більш-менш зрозуміло, що електронні""}, {""bbox"": [78, 338, 556, 399], ""type"": ""handwritten"", ""text"": ""Сьогодні більше мені зрозуміло, що електронні""}, {""bbox"": [59, 388, 557, 429], ""type"": ""handwritten"", ""text"": ""загрози панеровим кинькам. Трохи з'ясувались вони не""}, {""bbox"": [60, 414, 554, 455], ""type"": ""handwritten"", ""text"": ""випадково. Гадаю, ще Бог так чотує нас до далеких""}, {""bbox"": [62, 438, 540, 475], ""type"": ""handwritten"", ""text"": ""мандрівок. Це він підсунув нам гарячку, щоб ми""}, {""bbox"": [62, 465, 556, 519], ""type"": ""handwritten"", ""text"": ""могли колись забрати з собою на інші планети""}, {""bbox"": [61, 494, 537, 522], ""type"": ""handwritten"", ""text"": ""свої улюблені клямки, музику, фотографії, картинки,""}, {""bbox"": [59, 521, 393, 545], ""type"": ""handwritten"", ""text"": ""бо як інакше вдалося це зробити?""}, {""bbox"": [59, 528, 550, 583], ""type"": ""handwritten"", ""text"": ""Отак доки Ілон Маск ще тільки на лівого-""}, {""bbox"": [54, 559, 536, 619], ""type"": ""handwritten"", ""text"": ""(зі зі інших світів) паперова книжка в безмежі.""}, {""bbox"": [55, 588, 521, 620], ""type"": ""handwritten"", ""text"": ""однак деякі науковці стверджують, що коли""}, {""bbox"": [54, 589, 521, 640], ""type"": ""handwritten"", ""text"": ""однак деякі науковці стверджують, що коли""}, {""bbox"": [48, 603, 558, 652], ""type"": ""handwritten"", ""text"": ""лиси нарешті зможуть загати і народити в""}, {""bbox"": [47, 637, 550, 673], ""type"": ""handwritten"", ""text"": ""космічних умовах навіть пиття, то так людське""}, {""bbox"": [47, 663, 557, 700], ""type"": ""handwritten"", ""text"": ""дитя буде схоже на знайомий кінгматографіс-""}, {""bbox"": [46, 688, 556, 726], ""type"": ""handwritten"", ""text"": ""ний образ селятка з великою головою, очима на""}, {""bbox"": [48, 721, 552, 756], ""type"": ""handwritten"", ""text"": ""пів обійма, слабкими м'язами. Для нього, на""}, {""bbox"": [45, 752, 521, 784], ""type"": ""handwritten"", ""text"": ""вірміну від нас, такі привили відсуття як""}, {""bbox"": [45, 781, 549, 814], ""type"": ""handwritten"", ""text"": ""портаних спорішок, запах паперу будуть""}, {""bbox"": [47, 811, 510, 844], ""type"": ""handwritten"", ""text"": ""швірамі. І ось, напевно, вони тоді і""}, {""bbox"": [40, 843, 515, 879], ""type"": ""handwritten"", ""text"": ""запалуєся електрична плита.""}]"
fbed49f9-9e72-4352-9b7e-d7f01ab3b81f.jpg,"[{""bbox"": [74, 175, 548, 217], ""type"": ""handwritten"", ""text"": ""Але й це не страшно, голова — гетьба""}, {""bbox"": [51, 209, 541, 249], ""type"": ""handwritten"", ""text"": ""і не так важливо з яких носіїв. Бо кимось -""}, {""bbox"": [53, 243, 516, 283], ""type"": ""handwritten"", ""text"": ""ці знання й емоції, які по взаємну від""}, {""bbox"": [61, 279, 538, 316], ""type"": ""handwritten"", ""text"": ""щоденного потоку інформації залишаються""}, {""bbox"": [69, 314, 274, 347], ""type"": ""handwritten"", ""text"": ""з нами надовго.""}, {""bbox"": [80, 358, 201, 381], ""type"": ""handwritten"", ""text"": ""09.11.2020""}, {""bbox"": [69, 722, 456, 758], ""type"": ""handwritten"", ""text"": ""Турбаска, ю прокляння до Вас,""}, {""bbox"": [80, 758, 482, 797], ""type"": ""handwritten"", ""text"": ""Мені дуже б хотілося отримати""}, {""bbox"": [87, 794, 538, 841], ""type"": ""handwritten"", ""text"": ""результат з допущеними помилками""}, {""bbox"": [174, 833, 277, 884], ""type"": ""handwritten"", ""text"": ""Демеро""}]"
999d1ccb-4f0b-42b5-92fe-a0c29b0541a9.jpg,"[{""bbox"": [725, 15, 1446, 145], ""type"": ""handwritten"", ""text"": ""Твій діте.""}, {""bbox"": [478, 176, 2592, 325], ""type"": ""handwritten"", ""text"": ""Розкажи мені, про свій дім. Той що""}, {""bbox"": [305, 312, 2738, 452], ""type"": ""handwritten"", ""text"": ""наштас перші хітні кроки і береме щорічні""}, {""bbox"": [305, 437, 2503, 575], ""type"": ""handwritten"", ""text"": ""зарубки часу залишені рукою матері""}, {""bbox"": [319, 551, 957, 678], ""type"": ""handwritten"", ""text"": ""на одвірку.""}, {""bbox"": [481, 677, 2663, 832], ""type"": ""handwritten"", ""text"": ""Дознання про його законах, теплий сонний""}, {""bbox"": [351, 818, 2709, 956], ""type"": ""handwritten"", ""text"": ""дуж книжкових поліць, побитого шамплем""}, {""bbox"": [349, 939, 2809, 1105], ""type"": ""handwritten"", ""text"": ""креденса, хлібного супу з терткою петруш-""}, {""bbox"": [346, 1048, 2693, 1214], ""type"": ""handwritten"", ""text"": ""кою. Або може навпаки, бадьорі похощі""}, {""bbox"": [332, 1164, 2749, 1325], ""type"": ""handwritten"", ""text"": ""хвороби, лаку, навизни як те довго чи не""}, {""bbox"": [326, 1275, 2747, 1449], ""type"": ""handwritten"", ""text"": ""на північ та крімся про власний дім.""}, {""bbox"": [439, 1389, 2581, 1554], ""type"": ""handwritten"", ""text"": ""Розкажи, про його скрипи і шепехи,""}, {""bbox"": [316, 1508, 2795, 1664], ""type"": ""handwritten"", ""text"": ""тіні залиші світлом кінчати, безтубовний""}, {""bbox"": [311, 1625, 2823, 1757], ""type"": ""handwritten"", ""text"": ""сміх або надтріснуті голоси які зненацька""}, {""bbox"": [354, 1654, 2849, 1803], ""type"": ""handwritten"", ""text"": ""напівголоса заговорили про те, що його""}, {""bbox"": [288, 1729, 2848, 1877], ""type"": ""handwritten"", ""text"": ""напівголоса заговорили про те що ймо:вірно""}, {""bbox"": [273, 1832, 1410, 1946], ""type"": ""handwritten"", ""text"": ""не буде як раніше.""}, {""bbox"": [462, 1946, 2829, 2079], ""type"": ""handwritten"", ""text"": ""Насучений, пошарпаний із закле-""}, {""bbox"": [306, 2065, 2379, 2184], ""type"": ""handwritten"", ""text"": ""ними навпрест шибками твій діл""}, {""bbox"": [307, 2170, 2596, 2295], ""type"": ""handwritten"", ""text"": ""беззахисний під час великої біди, тепер""}, {""bbox"": [309, 2287, 2627, 2412], ""type"": ""handwritten"", ""text"": ""щошли намагається бути фортепіано,""}, {""bbox"": [320, 2399, 2706, 2518], ""type"": ""handwritten"", ""text"": ""десь у його нутрощах у тепному, неза-""}, {""bbox"": [327, 2500, 2641, 2613], ""type"": ""handwritten"", ""text"": ""тиціньому підвалі часто ховаються""}, {""bbox"": [337, 2600, 1785, 2719], ""type"": ""handwritten"", ""text"": ""люди і домашні звірі.""}, {""bbox"": [545, 2700, 2665, 2821], ""type"": ""handwritten"", ""text"": ""А доколи, діл здатен уміститися""}, {""bbox"": [362, 2802, 2637, 2935], ""type"": ""handwritten"", ""text"": ""до розмірів валізи. Всі ми тепер мов""}, {""bbox"": [375, 2915, 2755, 3046], ""type"": ""handwritten"", ""text"": ""ті равлики знаю ціну великих переслінь.""}, {""bbox"": [548, 3030, 2725, 3145], ""type"": ""handwritten"", ""text"": ""Для головне, це місце сили і памяті""}, {""bbox"": [390, 3140, 2412, 3273], ""type"": ""handwritten"", ""text"": ""роду. З нього чекали снагу твої""}, {""bbox"": [381, 3255, 2764, 3376], ""type"": ""handwritten"", ""text"": ""попередники перемешені порнами таких""}, {""bbox"": [379, 3359, 2568, 3479], ""type"": ""handwritten"", ""text"": ""часів: війнами, репресіями, боротьбою.""}, {""bbox"": [400, 3473, 2475, 3603], ""type"": ""handwritten"", ""text"": ""Їх мамам, а вони билися за право""}, {""bbox"": [415, 3592, 2610, 3726], ""type"": ""handwritten"", ""text"": ""випсти і зберегти собі свій дім, от""}, {""bbox"": [426, 3712, 1326, 3862], ""type"": ""handwritten"", ""text"": ""як і ми тепер.""}]"
f757d160-e61a-4d01-b13b-efa11f1df4de.jpg,"[{""bbox"": [170, 176, 2920, 381], ""type"": ""handwritten"", ""text"": ""беззахісний підчас великої біди, тепер щосили""}, {""bbox"": [153, 369, 2940, 586], ""type"": ""handwritten"", ""text"": ""начається бути фіртецю - десь у його кутро -""}, {""bbox"": [157, 591, 2900, 785], ""type"": ""handwritten"", ""text"": ""цах у теплому незатишному підвалі часто хо-""}, {""bbox"": [157, 770, 2699, 945], ""type"": ""handwritten"", ""text"": ""ваються від обстрілів люди і домашні звірі.""}, {""bbox"": [345, 980, 2882, 1187], ""type"": ""handwritten"", ""text"": ""А доколи діти здатен уміститися до розмірів""}, {""bbox"": [148, 1164, 2927, 1362], ""type"": ""handwritten"", ""text"": ""валізи. Всі ми тепер, мов ті равлики, знаємо ціну""}, {""bbox"": [118, 1373, 1188, 1539], ""type"": ""handwritten"", ""text"": ""великих переселень.""}, {""bbox"": [264, 1555, 2784, 1734], ""type"": ""handwritten"", ""text"": ""Та головне - це місто сил і пам'яті роду. З""}, {""bbox"": [161, 1752, 2921, 1960], ""type"": ""handwritten"", ""text"": ""нього терпали снагу твої попередники, переме-""}, {""bbox"": [156, 1951, 2852, 2123], ""type"": ""handwritten"", ""text"": ""лені жорнами таких частів: війнали, ре-""}, {""bbox"": [160, 2131, 2775, 2330], ""type"": ""handwritten"", ""text"": ""пресіями, обротьбою з двохголовою гідрою.""}, {""bbox"": [150, 2327, 2779, 2527], ""type"": ""handwritten"", ""text"": ""Їх мамам, а вони билися за право виписати""}, {""bbox"": [145, 2513, 2757, 2734], ""type"": ""handwritten"", ""text"": ""й собирати всобі свій дім. От так і ми""}, {""bbox"": [133, 2775, 538, 2935], ""type"": ""handwritten"", ""text"": ""тепер.""}, {""bbox"": [525, 2831, 2979, 3044], ""type"": ""handwritten"", ""text"": ""Я точно знаю, він вистоїть, вибор-""}, {""bbox"": [109, 3033, 2960, 3266], ""type"": ""handwritten"", ""text"": ""сається, дотикається твою схвильованого""}, {""bbox"": [128, 3206, 2802, 3512], ""type"": ""handwritten"", ""text"": ""вигукує: „Я вдома!“, а ти про це все""}, {""bbox"": [151, 3488, 1285, 3664], ""type"": ""handwritten"", ""text"": ""мені розкажеш.""}]"
11d1616a-bad6-4f2c-8a1a-42dcc6f335c4.jpg,"[{""bbox"": [1193, 314, 1588, 449], ""type"": ""handwritten"", ""text"": ""Твій дім""}, {""bbox"": [167, 434, 2815, 587], ""type"": ""handwritten"", ""text"": ""Розкажи мені про свій дім. Той, що нам'ятає твої перші""}, {""bbox"": [38, 574, 2932, 710], ""type"": ""handwritten"", ""text"": ""хиткі кроки, і берега щорічні загубили часу, залишені рукою ма-""}, {""bbox"": [35, 659, 674, 768], ""type"": ""handwritten"", ""text"": ""турі на довірчу.""}, {""bbox"": [160, 760, 2939, 936], ""type"": ""handwritten"", ""text"": ""Розкажи про його запах - теплий сонний дух кипенкових поліць -""}, {""bbox"": [47, 885, 2927, 1069], ""type"": ""handwritten"", ""text"": ""побитого шапелем крижна, певного гуку з терткою петрушкою.""}, {""bbox"": [56, 1025, 2933, 1194], ""type"": ""handwritten"", ""text"": ""Або, може, навпаки: бадьорі пахощі фарби, ману, повітря - як же""}, {""bbox"": [42, 1120, 2191, 1325], ""type"": ""handwritten"", ""text"": ""довго, чи не пів тижня, мріявся про власний дім.""}, {""bbox"": [108, 1258, 2902, 1476], ""type"": ""handwritten"", ""text"": ""Розкажем про його скрипи їх шерехи, тіні й залиті світлом під-""}, {""bbox"": [52, 1327, 2941, 1578], ""type"": ""handwritten"", ""text"": ""пати, безтурботний сміх, або настрійні голоси, які зникають напівсо-""}, {""bbox"": [74, 1524, 3000, 1698], ""type"": ""handwritten"", ""text"": ""ме. говорили про те, що, ймовірно, більше нічого не буде як рані-""}, {""bbox"": [138, 1644, 3000, 1836], ""type"": ""handwritten"", ""text"": ""Навуцений, погримований, із заклеєнним навхрест шибками - твій""}, {""bbox"": [50, 1762, 2899, 1974], ""type"": ""handwritten"", ""text"": ""бути фронтсценою: десь у його кутку мі-""}, {""bbox"": [56, 1870, 2905, 2084], ""type"": ""handwritten"", ""text"": ""бути доктором: десь у його нутрящах, у тіліному незатимному""}, {""bbox"": [71, 1976, 2964, 2150], ""type"": ""handwritten"", ""text"": ""підвальні часто ховатося від бестійсів моди і домашні звірі.""}, {""bbox"": [183, 2093, 2976, 2259], ""type"": ""handwritten"", ""text"": ""А досіли діти здати уміститися до розмірів валізи. Їхі ши-""}, {""bbox"": [63, 2232, 2622, 2393], ""type"": ""handwritten"", ""text"": ""титу слов ті рабішки - знався ціну всіхких переслень.""}, {""bbox"": [155, 2359, 2902, 2551], ""type"": ""handwritten"", ""text"": ""Та головне - це місце сили і пам'яті роду. З нього чутали""}, {""bbox"": [79, 2451, 2853, 2679], ""type"": ""handwritten"", ""text"": ""слагу твої покоління, перекинені жорнами тисячих часів:""}, {""bbox"": [82, 2498, 2872, 2804], ""type"": ""handwritten"", ""text"": ""війнами, репресіями, боротьбою з двоголовою ідіою. Їх лагами,""}, {""bbox"": [89, 2620, 2972, 2819], ""type"": ""handwritten"", ""text"": ""вони билися за прав""}, {""bbox"": [77, 2714, 2947, 2943], ""type"": ""handwritten"", ""text"": ""вони билися за право випити й зберегти в собі свій діл.""}, {""bbox"": [93, 2826, 1042, 3007], ""type"": ""handwritten"", ""text"": ""От як і ми тепер.""}, {""bbox"": [128, 2938, 2974, 3233], ""type"": ""handwritten"", ""text"": ""А точно знаю - він вистоїть, вибирається, дочекається твого""}, {""bbox"": [77, 3120, 3000, 3466], ""type"": ""handwritten"", ""text"": ""схильованого вилку: \""Я вдома!\"" А ти про всі-всі мені розка-""}, {""bbox"": [78, 3220, 256, 3322], ""type"": ""handwritten"", ""text"": ""леми.""}]"
6c0e528e-f37f-4a88-932d-d36d870582c5.jpg,"[{""bbox"": [153, 78, 1020, 234], ""type"": ""handwritten"", ""text"": ""09.11.22 Радіоактивні""}, {""bbox"": [972, 354, 1362, 498], ""type"": ""handwritten"", ""text"": ""Твій дім""}, {""bbox"": [202, 512, 2778, 721], ""type"": ""handwritten"", ""text"": ""Розкажи мені про свій дім. Той, що написати свої перші хитки""}, {""bbox"": [186, 685, 2560, 902], ""type"": ""handwritten"", ""text"": ""роки і брете щорічні зарубки часу, замінені рухом""}, {""bbox"": [188, 897, 954, 1046], ""type"": ""handwritten"", ""text"": ""слухаєш на озвучку.""}, {""bbox"": [306, 1040, 2769, 1221], ""type"": ""handwritten"", ""text"": ""Родини що його запах, теплий сонний дух класиков""}, {""bbox"": [143, 1210, 2764, 1380], ""type"": ""handwritten"", ""text"": ""поліція, побитого шампета фрезера, півтону супу з тіфлисою""}, {""bbox"": [158, 1397, 2787, 1555], ""type"": ""handwritten"", ""text"": ""перушикою. Або може ловили - багато пахощі фабри, лазні,""}, {""bbox"": [130, 1564, 2837, 1758], ""type"": ""handwritten"", ""text"": ""повідом, як не зовсім, але мів тито, тішитися про власний змін.""}, {""bbox"": [246, 1751, 2757, 1950], ""type"": ""handwritten"", ""text"": ""Родини що його серцем і жереки, тілі й усими світом""}, {""bbox"": [121, 1923, 2652, 2145], ""type"": ""handwritten"", ""text"": ""кінчати, безтурботний сміх або надгрішний голоси, мій""}, {""bbox"": [127, 2080, 2764, 2342], ""type"": ""handwritten"", ""text"": ""українка напівголосно заговорила про те, що ймовірно більше""}, {""bbox"": [132, 2297, 1221, 2466], ""type"": ""handwritten"", ""text"": ""нічого не буде, али раніше.""}, {""bbox"": [255, 2446, 2851, 2642], ""type"": ""handwritten"", ""text"": ""наступний, направленний із закінченими навхрест шибками,""}, {""bbox"": [139, 2598, 2785, 2850], ""type"": ""handwritten"", ""text"": ""твій діт, дужись під час великої біги, тепер щошли""}, {""bbox"": [134, 2770, 2825, 2973], ""type"": ""handwritten"", ""text"": ""намагається бути дореччю, весь у його підходах, у штатному""}, {""bbox"": [137, 2945, 2676, 3204], ""type"": ""handwritten"", ""text"": ""незамінному півапі часто квітують відсотків муси""}, {""bbox"": [134, 3183, 794, 3338], ""type"": ""handwritten"", ""text"": ""і засланий укріпі.""}, {""bbox"": [262, 3308, 2761, 3482], ""type"": ""handwritten"", ""text"": ""А дехоли їм дати зміститися до родичів ванті. Всі ми""}, {""bbox"": [151, 3454, 2341, 3625], ""type"": ""handwritten"", ""text"": ""тепер, мовірвалий, жахно цілу велику пересінь.""}, {""bbox"": [277, 3592, 2792, 3775], ""type"": ""handwritten"", ""text"": ""та головне - це місце села і пам'яті раду. З нього чекали""}, {""bbox"": [270, 3602, 2834, 3882], ""type"": ""handwritten"", ""text"": ""та головне - це пісня села і пам'яті року. З нього чутим""}, {""bbox"": [168, 3727, 2870, 3942], ""type"": ""handwritten"", ""text"": ""слухав їхі напередніки, перекази тараканів теплих часів; він пам'я""}, {""bbox"": [180, 3852, 2779, 4000], ""type"": ""handwritten"", ""text"": ""репресіями, боротьбою з двохголосою пірною. Їх ламали,""}]"
80819b77-4801-4050-a586-272a1745f6bc.jpg,"[{""bbox"": [916, 30, 1550, 220], ""type"": ""handwritten"", ""text"": ""Мій дім.""}, {""bbox"": [352, 234, 2937, 425], ""type"": ""handwritten"", ""text"": ""Розкажи мені про свій дім, той, що пам'""}, {""bbox"": [102, 394, 2879, 552], ""type"": ""handwritten"", ""text"": ""Ятає твої перші хиткі кроки і береся""}, {""bbox"": [110, 556, 2949, 755], ""type"": ""handwritten"", ""text"": ""щорічні зарубки часу, залитені рукою ма-""}, {""bbox"": [84, 748, 1298, 943], ""type"": ""handwritten"", ""text"": ""тері на одвірку.""}, {""bbox"": [333, 972, 2987, 1183], ""type"": ""handwritten"", ""text"": ""Розкажи про його запах, теплий сон-""}, {""bbox"": [66, 1168, 2980, 1382], ""type"": ""handwritten"", ""text"": ""ний дух княжкових пам'ять; побитого ша-""}, {""bbox"": [79, 1375, 2982, 1588], ""type"": ""handwritten"", ""text"": ""шмат, крещенцем; ясного супу з терикою""}, {""bbox"": [93, 1587, 2901, 1792], ""type"": ""handwritten"", ""text"": ""петрушкою. Або може навпаки - бабьорі па-""}, {""bbox"": [72, 1788, 2906, 1988], ""type"": ""handwritten"", ""text"": ""хощі фарби, лаку, новизни... Як же довою,""}, {""bbox"": [94, 1986, 2891, 2161], ""type"": ""handwritten"", ""text"": ""чи не півжиття меріялося про власний""}, {""bbox"": [80, 2177, 400, 2370], ""type"": ""handwritten"", ""text"": ""Діл!""}, {""bbox"": [471, 2316, 2844, 2501], ""type"": ""handwritten"", ""text"": ""Розкажи про його скрипці шепехи,""}, {""bbox"": [82, 2495, 2948, 2718], ""type"": ""handwritten"", ""text"": ""тіні й залиті світлом кімнати, безтур-""}, {""bbox"": [59, 2700, 2866, 2921], ""type"": ""handwritten"", ""text"": ""ботній селіз, надтиснуті голоси, які зне-""}, {""bbox"": [84, 2916, 2872, 3114], ""type"": ""handwritten"", ""text"": ""нацька напівголосно заговорили про те, що""}, {""bbox"": [116, 3096, 2898, 3304], ""type"": ""handwritten"", ""text"": ""ймовірно більше нічого не буде, як раніше.""}, {""bbox"": [210, 3292, 2870, 3499], ""type"": ""handwritten"", ""text"": ""Насупреч, потраплюваний із закле-""}, {""bbox"": [154, 3458, 2625, 3659], ""type"": ""handwritten"", ""text"": ""ними навжирся шибками, твій дім,""}]"
fd7bfd8d-ee6e-4c40-9a7a-e0077e6b0d3e.jpg,"[{""bbox"": [788, 1, 1660, 183], ""type"": ""handwritten"", ""text"": ""Твій діал.""}, {""bbox"": [361, 171, 2370, 351], ""type"": ""handwritten"", ""text"": ""Розкажи мені про свій дім.""}, {""bbox"": [223, 357, 2609, 518], ""type"": ""handwritten"", ""text"": ""Той, що пам'ятає твої перші хиткі""}, {""bbox"": [221, 497, 2627, 645], ""type"": ""handwritten"", ""text"": ""кроки і береже щорічні зарубки часу,""}, {""bbox"": [180, 629, 2628, 780], ""type"": ""handwritten"", ""text"": ""залишені рукою матері на одвірку.""}, {""bbox"": [341, 775, 2701, 936], ""type"": ""handwritten"", ""text"": ""Розкажи про його запах, теплий""}, {""bbox"": [176, 912, 2761, 1062], ""type"": ""handwritten"", ""text"": ""сонний дух киїнських поліць~~ь~~{побитого}""}, {""bbox"": [160, 1053, 2668, 1200], ""type"": ""handwritten"", ""text"": ""шапелем креденса, ясовоїого супці з""}, {""bbox"": [157, 1177, 2694, 1324], ""type"": ""handwritten"", ""text"": ""терпкою петрушкою, або морсе""}, {""bbox"": [146, 1306, 2770, 1456], ""type"": ""handwritten"", ""text"": ""навпаки - бадьорі пахощі фарби ~~лаку~~""}, {""bbox"": [131, 1438, 2738, 1584], ""type"": ""handwritten"", ""text"": ""новизни; як же, довою, чи не півміліон,""}, {""bbox"": [125, 1559, 2043, 1693], ""type"": ""handwritten"", ""text"": ""мріялося про власний дім.""}, {""bbox"": [340, 1671, 2726, 1831], ""type"": ""handwritten"", ""text"": ""Розкажи про його скрини і шерехи,""}, {""bbox"": [149, 1807, 2675, 1945], ""type"": ""handwritten"", ""text"": ""Тіні й залиті світлом кімнати, без-""}, {""bbox"": [159, 1927, 2418, 2040], ""type"": ""handwritten"", ""text"": ""турботний спіх або надтріснуті""}, {""bbox"": [153, 2025, 2747, 2158], ""type"": ""handwritten"", ""text"": ""голоси, які зникають напівголосно заго-""}, {""bbox"": [141, 2148, 2774, 2289], ""type"": ""handwritten"", ""text"": ""ворили про те, що, наймовірно, більше""}, {""bbox"": [134, 2275, 2685, 2414], ""type"": ""handwritten"", ""text"": ""нічого не буде як раніше. Насуплений,""}, {""bbox"": [132, 2392, 2720, 2537], ""type"": ""handwritten"", ""text"": ""пошрамований із заклеєнними навхрест""}, {""bbox"": [126, 2520, 2326, 2655], ""type"": ""handwritten"", ""text"": ""шибками твій діл беззахисний""}, {""bbox"": [114, 2641, 2480, 2778], ""type"": ""handwritten"", ""text"": ""під час великої війни біди тепер""}, {""bbox"": [115, 2764, 2478, 2894], ""type"": ""handwritten"", ""text"": ""щосили намагається бути фортецею""}, {""bbox"": [115, 2878, 2393, 3003], ""type"": ""handwritten"", ""text"": ""десь у його нутрощах: у течінні,""}, {""bbox"": [119, 2985, 2656, 3120], ""type"": ""handwritten"", ""text"": ""незатишному підвалі часто ховаються""}, {""bbox"": [118, 3103, 2555, 3242], ""type"": ""handwritten"", ""text"": ""від обстрілів люди і домашні звірі.""}, {""bbox"": [252, 3245, 2490, 3392], ""type"": ""handwritten"", ""text"": ""А доколи діти здатен уміститися""}, {""bbox"": [131, 3378, 2521, 3520], ""type"": ""handwritten"", ""text"": ""до розмірів вагізи. Всі ми тепер,""}, {""bbox"": [121, 3504, 2639, 3643], ""type"": ""handwritten"", ""text"": ""мов ті равлики, знаємо ціну великих""}, {""bbox"": [113, 3627, 742, 3736], ""type"": ""handwritten"", ""text"": ""переселені.""}, {""bbox"": [232, 3706, 2657, 3839], ""type"": ""handwritten"", ""text"": ""Та головне це місце силли і пам'яті""}, {""bbox"": [98, 3831, 2370, 3989], ""type"": ""handwritten"", ""text"": ""роду. З нього черпали снагу твої""}]"
26c766e1-81f4-4b88-b03f-9ba1d71190e5.jpg,"[{""bbox"": [855, 66, 2277, 263], ""type"": ""annotation"", ""text"": ""ВП. т. Мановалові М. 14""}, {""bbox"": [856, 67, 2360, 263], ""type"": ""handwritten"", ""text"": ""ВП. т. Мановолові М. 148""}, {""bbox"": [136, 88, 639, 150], ""type"": ""printed"", ""text"": ""Пражський Відділ""}, {""bbox"": [132, 186, 499, 257], ""type"": ""printed"", ""text"": ""3.0.У.П.СР.""}, {""bbox"": [676, 313, 2310, 395], ""type"": ""printed"", ""text"": ""Презідія Пражського Відділу має за шану Вас повідо-""}, {""bbox"": [566, 426, 2204, 497], ""type"": ""printed"", ""text"": ""Загальні Надз. Збори відділу з таким порядком денним:""}, {""bbox"": [626, 520, 2054, 601], ""type"": ""printed"", ""text"": ""I. Зачитання протоколів попередніх заг. Зборів.""}, {""bbox"": [627, 600, 2190, 707], ""type"": ""printed"", ""text"": ""2. Поповнення складу Презідії: дообрання одного члена""}, {""bbox"": [670, 642, 2241, 755], ""type"": ""printed"", ""text"": ""Презідії на місце вибуваючого зі складу Презідії""}, {""bbox"": [616, 787, 1861, 869], ""type"": ""printed"", ""text"": ""3.Реєстрація нового члена -т. Прищинка.""}, {""bbox"": [615, 838, 2350, 930], ""type"": ""printed"", ""text"": ""4. Справа членських внесків та внесків на партійний фонд.""}, {""bbox"": [609, 900, 2151, 982], ""type"": ""printed"", ""text"": ""5. Справа дальнішого видання часопису \""Вартовий\"",""}, {""bbox"": [590, 997, 1363, 1065], ""type"": ""printed"", ""text"": ""7. Справа Партконференції.""}, {""bbox"": [557, 1043, 1076, 1106], ""type"": ""printed"", ""text"": ""8. Біжучі справи.""}, {""bbox"": [953, 1210, 1447, 1272], ""type"": ""printed"", ""text"": ""П Р Е З І Д  І Я.""}, {""bbox"": [201, 1370, 587, 1647], ""type"": ""annotation"", ""text"": ""1925 IV 28 р.""}, {""bbox"": [200, 1516, 580, 1652], ""type"": ""handwritten"", ""text"": ""1925 IV 28 p.""}]"
26479da6-9ab4-46e7-b38a-bacbd3b9f094.jpg,"[{""bbox"": [245, 534, 526, 589], ""type"": ""printed"", ""text"": ""ДИРЕКТОР""}, {""bbox"": [99, 588, 592, 662], ""type"": ""printed"", ""text"": ""І ДЕПАРТАМЕНТУ""}, {""bbox"": [1219, 656, 1810, 718], ""type"": ""printed"", ""text"": ""Шановний Добродію""}, {""bbox"": [248, 727, 492, 789], ""type"": ""handwritten"", ""text"": ""ДСТІЦІЇ""}, {""bbox"": [1271, 759, 1986, 820], ""type"": ""printed"", ""text"": ""Олександр Олексійович""}, {""bbox"": [887, 1001, 2514, 1088], ""type"": ""printed"", ""text"": ""Виконуючий Обов'язки Додаткового Мирового Судді""}, {""bbox"": [833, 1098, 2457, 1197], ""type"": ""printed"", ""text"": ""при Бахмутськім З'їзді Мирових Суддів Іван Дми-""}, {""bbox"": [826, 1207, 2421, 1300], ""type"": ""printed"", ""text"": ""трович БЕНЕДІКТОВИЧ звернувся до Пана Міністра""}, {""bbox"": [829, 1304, 2456, 1405], ""type"": ""printed"", ""text"": ""истіції з проханням аби його було призначено на""}, {""bbox"": [834, 1411, 2300, 1516], ""type"": ""printed"", ""text"": ""посаду Додаткового Мирового Судді взагалі.""}, {""bbox"": [858, 1515, 2458, 1617], ""type"": ""printed"", ""text"": ""З огляду на це, прошу Вас висловитись про служ-""}, {""bbox"": [841, 1618, 2469, 1714], ""type"": ""printed"", ""text"": ""бову здатність і моральні якості добродія БЕНЕ-""}, {""bbox"": [813, 1714, 2478, 1817], ""type"": ""printed"", ""text"": ""ДІКТОВИЧА, а також оскілько таке призначення буде""}, {""bbox"": [76, 1832, 602, 1896], ""type"": ""printed"", ""text"": ""арш. Предс. Харь-""}, {""bbox"": [810, 1834, 1818, 1921], ""type"": ""printed"", ""text"": ""взагалі користним для справи.""}, {""bbox"": [958, 1998, 2186, 2075], ""type"": ""printed"", ""text"": ""Прошу прийняти засвідчення в повазі""}, {""bbox"": [84, 2020, 245, 2072], ""type"": ""printed"", ""text"": ""лати.""}, {""bbox"": [893, 2125, 1104, 2190], ""type"": ""handwritten"", ""text"": ""до Вас""}, {""bbox"": [890, 2130, 1102, 2190], ""type"": ""printed"", ""text"": ""до Вас""}, {""bbox"": [75, 2233, 530, 2293], ""type"": ""printed"", ""text"": ""Липня 1918 р.""}]"
35d3aafe-680d-495b-ac73-c02c3982d096.jpg,"[{""bbox"": [86, 34, 416, 114], ""type"": ""annotation"", ""text"": ""25486 23586""}, {""bbox"": [24, 79, 1097, 167], ""type"": ""handwritten"", ""text"": ""посміхатись, я вже напрямив на""}, {""bbox"": [26, 148, 1105, 233], ""type"": ""handwritten"", ""text"": ""самого себе, але на перших кроках""}, {""bbox"": [25, 207, 1109, 300], ""type"": ""handwritten"", ""text"": ""мені також иноді було. А ти ще""}, {""bbox"": [25, 276, 1104, 392], ""type"": ""handwritten"", ""text"": ""иноді обираються, що їх не посилаю""}, {""bbox"": [27, 329, 1105, 443], ""type"": ""handwritten"", ""text"": ""тобі своїх видачів, що не ділово в""}, {""bbox"": [30, 391, 1106, 526], ""type"": ""handwritten"", ""text"": ""з тобою з приводу моєї роботи бере-""}, {""bbox"": [28, 450, 1104, 572], ""type"": ""handwritten"", ""text"": ""ками! - Ну, та ким йому! Мислу-""}, {""bbox"": [25, 525, 1112, 660], ""type"": ""handwritten"", ""text"": ""мога. \""А те, що минуло, не згадую.""}, {""bbox"": [86, 588, 1107, 690], ""type"": ""handwritten"", ""text"": ""Так твої сестри справді \""честові""}, {""bbox"": [29, 651, 1103, 742], ""type"": ""handwritten"", ""text"": ""Ски\"" гарні? Ну, знаєш, коли так,""}, {""bbox"": [34, 699, 1093, 764], ""type"": ""handwritten"", ""text"": ""си, гадає. Агу, знати,""}, {""bbox"": [26, 724, 1083, 810], ""type"": ""handwritten"", ""text"": ""то ревнує не ревну, а я муся д""}, {""bbox"": [34, 793, 1079, 868], ""type"": ""handwritten"", ""text"": ""в якусь закохатись. Так ти чи я""}, {""bbox"": [27, 847, 1088, 941], ""type"": ""handwritten"", ""text"": ""скоки. І байдуже не можу відносити""}, {""bbox"": [34, 911, 1102, 998], ""type"": ""handwritten"", ""text"": ""тись до краси. Горе тільки, що во-""}, {""bbox"": [32, 977, 1103, 1074], ""type"": ""handwritten"", ""text"": ""ни не українки! Ну, то, може, ~~[illegible]~~""}, {""bbox"": [33, 1058, 1098, 1131], ""type"": ""handwritten"", ""text"": ""й без українства вони не зопеч-""}, {""bbox"": [40, 1097, 1099, 1154], ""type"": ""handwritten"", ""text"": ""а без упізнання, бо""}, {""bbox"": [30, 1115, 1101, 1193], ""type"": ""handwritten"", ""text"": ""1000 гривень. - Слухай: а яка-""}, {""bbox"": [29, 1176, 1086, 1250], ""type"": ""handwritten"", ""text"": ""тири дорогі і мало. Чи знайдем""}, {""bbox"": [28, 1238, 1108, 1312], ""type"": ""handwritten"", ""text"": ""ти після 3-го кілмату? Мовже, на""}, {""bbox"": [24, 1305, 1111, 1377], ""type"": ""handwritten"", ""text"": ""нять для тебе? Гадаєш дільки, що не""}, {""bbox"": [29, 1369, 1095, 1439], ""type"": ""handwritten"", ""text"": ""сподобається тобі, бо я все, що""}, {""bbox"": [24, 1435, 1101, 1499], ""type"": ""handwritten"", ""text"": ""я виберу, мусить бути на військах""}, {""bbox"": [27, 1492, 1109, 1557], ""type"": ""handwritten"", ""text"": ""розчини. Але краще вже погане, ніж""}, {""bbox"": [27, 1548, 1108, 1610], ""type"": ""handwritten"", ""text"": ""пічого в даному разі. Як ти думаєш?""}, {""bbox"": [24, 1602, 1109, 1660], ""type"": ""handwritten"", ""text"": ""цьоші вед. і всі твої доручення виконаю.""}, {""bbox"": [15, 1650, 1111, 1699], ""type"": ""handwritten"", ""text"": ""Місце теж знаходиться, може, не зараз, але бу-""}, {""bbox"": [14, 1665, 1111, 1718], ""type"": ""handwritten"", ""text"": ""Місце та знайдеться, може, не зараз, але бу-""}]"
1d4a28f7-d9f8-4bf1-9f62-5b9a62bd0d39.jpg,"[{""bbox"": [105, 20, 1540, 132], ""type"": ""handwritten"", ""text"": ""країнки знаю, що, моя робо-""}, {""bbox"": [105, 104, 1501, 235], ""type"": ""handwritten"", ""text"": ""та не обмежитися на \""чисто\""""}, {""bbox"": [106, 183, 1482, 342], ""type"": ""handwritten"", ""text"": ""мілійному\"", як це до Вас""}, {""bbox"": [105, 254, 1533, 386], ""type"": ""handwritten"", ""text"": ""й. Волацький я що бе-""}, {""bbox"": [107, 340, 1533, 482], ""type"": ""handwritten"", ""text"": ""треба ще власних праці""}, {""bbox"": [108, 423, 1532, 588], ""type"": ""handwritten"", ""text"": ""й поза \""москвікою\"". Експедицією""}, {""bbox"": [107, 495, 1533, 690], ""type"": ""handwritten"", ""text"": ""забитися наважно й я мусів""}, {""bbox"": [105, 573, 1530, 732], ""type"": ""handwritten"", ""text"": ""му на увазі Ольжича, який""}, {""bbox"": [107, 658, 1525, 834], ""type"": ""handwritten"", ""text"": ""як ти самі знаєте, мені з ко-""}, {""bbox"": [105, 724, 1531, 860], ""type"": ""handwritten"", ""text"": ""мому ще мені дуже добре від-""}, {""bbox"": [108, 828, 1531, 1020], ""type"": ""handwritten"", ""text"": ""мов. Зрештою, і позбавлені мов-""}, {""bbox"": [107, 903, 1517, 1077], ""type"": ""handwritten"", ""text"": ""на обговорення це, під їх ви-""}, {""bbox"": [105, 974, 1481, 1094], ""type"": ""handwritten"", ""text"": ""звичає до міських привілея.""}, {""bbox"": [81, 1064, 1491, 1182], ""type"": ""handwritten"", ""text"": ""Адже можеш ще написати до""}, {""bbox"": [105, 1138, 1510, 1295], ""type"": ""handwritten"", ""text"": ""Коли, що переходить на""}, {""bbox"": [91, 1221, 1491, 1404], ""type"": ""handwritten"", ""text"": ""нашій місці, але й тоді,""}, {""bbox"": [104, 1288, 1533, 1427], ""type"": ""handwritten"", ""text"": ""мо це можна престановувати""}, {""bbox"": [625, 1407, 1424, 1630], ""type"": ""handwritten"", ""text"": ""Здорових ціль""}, {""bbox"": [91, 1411, 387, 1537], ""type"": ""handwritten"", ""text"": ""я пущ.""}, {""bbox"": [956, 1511, 1482, 1658], ""type"": ""handwritten"", ""text"": ""19 січня""}, {""bbox"": [196, 1625, 1203, 1771], ""type"": ""handwritten"", ""text"": ""Біркенверд, 8/го/1922.""}, {""bbox"": [134, 1747, 1517, 1834], ""type"": ""handwritten"", ""text"": ""P. S. Криві аж те ті. Будуче ві відомо""}, {""bbox"": [180, 1819, 1389, 1893], ""type"": ""handwritten"", ""text"": ""чичка (з мішка) звідкись, хвора!!""}]"
7e6a6ceb-632c-4862-8ca3-a06ed6f51891.jpg,"[{""bbox"": [427, 107, 652, 162], ""type"": ""printed"", ""text"": ""КОМІТЕТ""}, {""bbox"": [214, 159, 774, 215], ""type"": ""printed"", ""text"": ""ПРАЖСЬКОГО ВІДДІЛУ""}, {""bbox"": [334, 211, 707, 267], ""type"": ""printed"", ""text"": ""3.0.У.П.Р-С.""}, {""bbox"": [463, 274, 556, 316], ""type"": ""printed"", ""text"": ""000""}, {""bbox"": [892, 289, 2358, 387], ""type"": ""printed"", ""text"": ""В четверг, 6 жовтня, о год. 3 попол. (там, де завше)""}, {""bbox"": [156, 369, 738, 422], ""type"": ""printed"", ""text"": ""\""4\"" жовтня 1927 р.""}, {""bbox"": [773, 400, 1976, 473], ""type"": ""printed"", ""text"": ""відбудуться товариські сходини відділу.""}, {""bbox"": [990, 515, 1484, 575], ""type"": ""printed"", ""text"": ""Порядок денний:""}, {""bbox"": [620, 606, 1945, 678], ""type"": ""printed"", ""text"": ""І. Платформа соціялістичн.ліги нового Сходу.""}, {""bbox"": [624, 678, 1332, 729], ""type"": ""printed"", ""text"": ""2. Організаційні справи.""}, {""bbox"": [620, 735, 1109, 784], ""type"": ""printed"", ""text"": ""3.Біжучи справи.""}, {""bbox"": [617, 783, 1109, 833], ""type"": ""printed"", ""text"": ""4. Вільні внески.""}, {""bbox"": [409, 848, 2290, 940], ""type"": ""printed"", ""text"": ""огляду на важливість питань, поставленних на розгляд, присутніст""}, {""bbox"": [190, 931, 859, 1055], ""type"": ""handwritten"", ""text"": ""им Следчим обовязкова.""}, {""bbox"": [1649, 983, 1919, 1042], ""type"": ""handwritten"", ""text"": ""Презідія.""}]"
0eba8f38-64bb-4c0e-a28c-61572efb7b10.jpg,"[{""bbox"": [1756, 132, 1872, 271], ""type"": ""annotation"", ""text"": ""39""}, {""bbox"": [618, 267, 1162, 323], ""type"": ""printed"", ""text"": ""П О В І С Т К А.""}, {""bbox"": [239, 290, 470, 434], ""type"": ""annotation"", ""text"": ""3.б/17""}, {""bbox"": [623, 470, 1574, 530], ""type"": ""printed"", ""text"": ""До Члена Надзірної Ради УГВФ""}, {""bbox"": [623, 470, 1574, 530], ""type"": ""handwritten"", ""text"": ""До Члена Надзірної Ради УГВФ""}, {""bbox"": [454, 549, 1698, 639], ""type"": ""handwritten"", ""text"": ""П. ~~ст.~~ Ю. Шаповалом...""}, {""bbox"": [927, 656, 1673, 768], ""type"": ""handwritten"", ""text"": ""в... Краї...""}, {""bbox"": [347, 821, 1844, 890], ""type"": ""printed"", ""text"": ""Правління УТВФ має честь просити Вас прибути""}, {""bbox"": [219, 921, 1837, 990], ""type"": ""printed"", ""text"": ""на спільне засідання Правління і Надзірної Ради,""}, {""bbox"": [223, 1022, 1846, 1092], ""type"": ""printed"", ""text"": ""яке має відбутися 15-го Червня 1926р. о 13-й го-""}, {""bbox"": [219, 1124, 1846, 1195], ""type"": ""printed"", ""text"": ""дині в помешканні Правління (Прага II, Краковсь-""}, {""bbox"": [216, 1216, 551, 1289], ""type"": ""printed"", ""text"": ""ка, 10/ V )""}, {""bbox"": [518, 1332, 1027, 1388], ""type"": ""printed"", ""text"": ""Порядок денний:""}, {""bbox"": [322, 1433, 1442, 1496], ""type"": ""printed"", ""text"": ""І) Інформаційний доклад Правління""}, {""bbox"": [323, 1530, 1920, 1596], ""type"": ""printed"", ""text"": ""2) Участь у книжній виставці 28 Черв.-3 ЛИП.26р""}, {""bbox"": [321, 1629, 1426, 1693], ""type"": ""printed"", ""text"": ""3) Біжучі справи і вільні внески.""}, {""bbox"": [938, 1832, 1939, 2109], ""type"": ""image"", ""text"": """"}, {""bbox"": [998, 1840, 1475, 1893], ""type"": ""printed"", ""text"": ""Правління УГВФ""}, {""bbox"": [351, 2034, 832, 2099], ""type"": ""printed"", ""text"": ""Прага, 10/ V. 26""}]"
331635e6-a19f-40e0-9898-d550f24170be.jpg,"[{""bbox"": [92, 155, 942, 222], ""type"": ""printed"", ""text"": ""UKRAJINSKIJ HROMADSKYJ VYDAVNYČYJ FOND""}, {""bbox"": [2360, 176, 2556, 351], ""type"": ""annotation"", ""text"": ""161""}, {""bbox"": [94, 226, 946, 292], ""type"": ""printed"", ""text"": ""tiskové a nakladatelské družstvo""}, {""bbox"": [1407, 238, 2073, 298], ""type"": ""printed"", ""text"": ""Прага. 14-VI- 1928р.""}, {""bbox"": [413, 299, 626, 341], ""type"": ""printed"", ""text"": ""v Praze,""}, {""bbox"": [100, 344, 948, 407], ""type"": ""printed"", ""text"": ""нормalni společensvco s ručenim obmezenym.""}, {""bbox"": [726, 438, 2483, 508], ""type"": ""printed"", ""text"": ""Вп. ЧЛЕН Українського Громадського Видавничого Фонду""}, {""bbox"": [1205, 541, 1467, 598], ""type"": ""printed"", ""text"": ""в Празі.""}, {""bbox"": [1049, 670, 1357, 722], ""type"": ""printed"", ""text"": ""М Шаповал""}, {""bbox"": [672, 829, 2580, 906], ""type"": ""printed"", ""text"": ""З приводу 20 літнього існування Центрального Союзу киян""}, {""bbox"": [1255, 840, 2571, 912], ""type"": ""printed"", ""text"": ""нього існування Центрального Союзу князях""}, {""bbox"": [535, 1038, 2521, 1113], ""type"": ""printed"", ""text"": ""16 і 17 червня ц.р. юбілейний зізд і урочисте свято, на яке""}, {""bbox"": [556, 1142, 2219, 1211], ""type"": ""printed"", ""text"": ""є також запрошеній УГВФ, як член названого Союзу.""}, {""bbox"": [624, 1243, 2574, 1315], ""type"": ""printed"", ""text"": ""17 червня, у неділю, о 9 год. рано, відбудеться маніфеста-""}, {""bbox"": [527, 1341, 2516, 1412], ""type"": ""printed"", ""text"": ""ційний похід по Празі, в якому Видавничий Фонд матиме своє""}, {""bbox"": [528, 1437, 1500, 1503], ""type"": ""printed"", ""text"": ""місце під власним штандартом.""}, {""bbox"": [618, 1600, 2448, 1665], ""type"": ""printed"", ""text"": ""Правління УГВФ запрошує Вас з приятелями Фонду приняти""}, {""bbox"": [523, 1690, 1632, 1757], ""type"": ""printed"", ""text"": ""участь у маніфестаційному поході.""}, {""bbox"": [615, 1846, 2570, 1915], ""type"": ""printed"", ""text"": ""Місце зустрічі для членів Фонду: ганок німецького дівадла,""}, {""bbox"": [524, 1944, 1764, 2017], ""type"": ""printed"", ""text"": ""біля двірця Вільзона, о 129 год. рано.""}, {""bbox"": [960, 2161, 1609, 2213], ""type"": ""printed"", ""text"": ""З правдивою пошаною""}, {""bbox"": [1058, 2310, 1539, 2365], ""type"": ""printed"", ""text"": ""Правління УГВФ""}, {""bbox"": [1023, 2461, 1670, 2520], ""type"": ""printed"", ""text"": ""П. Богацький ( в. р. )""}, {""bbox"": [888, 2555, 1676, 2622], ""type"": ""handwritten"", ""text"": ""Др. Е. Приходько (в. р.)""}]"
56d2fff8-7789-436a-bde0-66572f6198a7.jpg,"[{""bbox"": [892, 28, 1004, 74], ""type"": ""annotation"", ""text"": ""Першо""}, {""bbox"": [120, 77, 301, 116], ""type"": ""handwritten"", ""text"": ""І п. р.""}, {""bbox"": [71, 119, 407, 165], ""type"": ""handwritten"", ""text"": ""Міністерство Ворейскаго""}, {""bbox"": [158, 157, 254, 197], ""type"": ""handwritten"", ""text"": ""Страв""}, {""bbox"": [584, 158, 1056, 228], ""type"": ""handwritten"", ""text"": ""До Пана Губерніялкома""}, {""bbox"": [64, 186, 424, 228], ""type"": ""handwritten"", ""text"": ""Загальний Департамент""}, {""bbox"": [606, 222, 952, 266], ""type"": ""handwritten"", ""text"": ""Годівського Комісара.""}, {""bbox"": [65, 228, 412, 274], ""type"": ""handwritten"", ""text"": ""\""10\"" Вересня 1919 року""}, {""bbox"": [113, 264, 267, 295], ""type"": ""handwritten"", ""text"": ""7. 2646""}, {""bbox"": [76, 297, 409, 342], ""type"": ""handwritten"", ""text"": ""Чом'янець на Поділлю""}, {""bbox"": [485, 326, 1119, 370], ""type"": ""handwritten"", ""text"": ""Прикладаючи до цього копію заяви Моло-""}, {""bbox"": [306, 364, 1122, 407], ""type"": ""handwritten"", ""text"": ""лівської Еврейської Окружної Громадської Групи Мі-""}, {""bbox"": [288, 406, 1104, 446], ""type"": ""handwritten"", ""text"": ""ністерство має за метою прохати Вас зробити на-""}, {""bbox"": [290, 439, 1099, 485], ""type"": ""handwritten"", ""text"": ""ложене розпорядження про доставку Стадерова без пере-""}, {""bbox"": [292, 482, 830, 519], ""type"": ""handwritten"", ""text"": ""чинід проводити громадську працю.""}, {""bbox"": [289, 513, 1106, 559], ""type"": ""handwritten"", ""text"": ""Про зроблене розпорядження Міністерством праці по-""}, {""bbox"": [296, 555, 421, 598], ""type"": ""handwritten"", ""text"": ""відмити.""}, {""bbox"": [506, 613, 831, 667], ""type"": ""handwritten"", ""text"": ""Директор Департ.""}, {""bbox"": [506, 659, 904, 711], ""type"": ""handwritten"", ""text"": ""Завільних Справ (пізніше""}, {""bbox"": [359, 724, 794, 783], ""type"": ""handwritten"", ""text"": ""Нагальнона Відділу - Дантер""}, {""bbox"": [547, 809, 840, 851], ""type"": ""handwritten"", ""text"": ""З однінолом підно""}, {""bbox"": [554, 846, 857, 887], ""type"": ""handwritten"", ""text"": ""Диноз (Чіжний).""}]"
03edb2e3-11b4-4b45-98c8-45ce1936cf83.jpg,"[{""bbox"": [1818, 125, 1912, 296], ""type"": ""annotation"", ""text"": ""9""}, {""bbox"": [364, 267, 2026, 409], ""type"": ""printed"", ""text"": ""ТОКАРИСТВО ДІАЧІВ УКРАЇНСЬКОГО""}, {""bbox"": [379, 396, 2025, 502], ""type"": ""printed"", ""text"": ""ПЛАСТИЧНОГО МИСТЕЦТВА\"" має за""}, {""bbox"": [365, 491, 2025, 604], ""type"": ""printed"", ""text"": ""І честь запросити Вас на відкриття з'їз-""}, {""bbox"": [363, 588, 2024, 702], ""type"": ""printed"", ""text"": ""До Ділів Українського Мистецтва, яке""}, {""bbox"": [363, 687, 2025, 799], ""type"": ""printed"", ""text"": ""ОДЕСАТБСЯ з Київі року 1918 ЧЕСНА 9 440""}]"
134b0c22-9958-4f48-8349-f30862a83209.jpg,"[{""bbox"": [1202, 47, 1517, 129], ""type"": ""annotation"", ""text"": ""446 (31)""}, {""bbox"": [1384, 54, 1519, 132], ""type"": ""annotation"", ""text"": ""34""}, {""bbox"": [61, 66, 1396, 176], ""type"": ""handwritten"", ""text"": ""пілотами удалося завербовати""}, {""bbox"": [60, 168, 1487, 247], ""type"": ""handwritten"", ""text"": ""більше число русских дрібей, тому""}, {""bbox"": [60, 238, 1490, 307], ""type"": ""handwritten"", ""text"": ""стале вже після перших днів науки""}, {""bbox"": [60, 301, 1490, 380], ""type"": ""handwritten"", ""text"": ""надає, як би були зібратися всі виб""}, {""bbox"": [60, 372, 1491, 451], ""type"": ""handwritten"", ""text"": ""таки із своєї школи і перейшли""}, {""bbox"": [61, 447, 1491, 527], ""type"": ""handwritten"", ""text"": ""до руської \""х\"" А осі становище фемінізм""}, {""bbox"": [60, 520, 1491, 597], ""type"": ""handwritten"", ""text"": ""йіннях наступників в, Краєвому През-""}, {""bbox"": [61, 595, 1490, 668], ""type"": ""handwritten"", ""text"": ""Складнішіші: проголошене при розібра-""}, {""bbox"": [61, 660, 1485, 735], ""type"": ""handwritten"", ""text"": ""На праці: \""Окремічно звагу присвя-""}, {""bbox"": [63, 733, 1472, 810], ""type"": ""handwritten"", ""text"": ""тако нашому народоволю вихів-""}, {""bbox"": [61, 800, 1408, 879], ""type"": ""handwritten"", ""text"": ""ництву. Головного нашого загону""}, {""bbox"": [61, 874, 1443, 962], ""type"": ""handwritten"", ""text"": ""буде розширений для народних і""}, {""bbox"": [52, 951, 1440, 1033], ""type"": ""handwritten"", ""text"": ""Городянських цехів, що брала в""}, {""bbox"": [56, 1030, 1441, 1112], ""type"": ""handwritten"", ""text"": ""відповідних дій. Будемо дріж-""}, {""bbox"": [62, 1107, 1446, 1186], ""type"": ""handwritten"", ""text"": ""занятися, щоби по всіх місцях""}, {""bbox"": [55, 1186, 1437, 1266], ""type"": ""handwritten"", ""text"": ""де до сего часу нема ані гукачі, ані""}, {""bbox"": [62, 1266, 1490, 1348], ""type"": ""handwritten"", ""text"": ""учителів, були організовані порядок""}, {""bbox"": [61, 1341, 1491, 1430], ""type"": ""handwritten"", ""text"": ""шкови, щоб на Півкарпати не оду-""}, {""bbox"": [58, 1421, 1271, 1504], ""type"": ""handwritten"", ""text"": ""до Атеї одно село буд укроби...""}, {""bbox"": [70, 1498, 1489, 1589], ""type"": ""handwritten"", ""text"": ""Виразно підтверджено, що відноситься на-""}, {""bbox"": [60, 1581, 1485, 1661], ""type"": ""handwritten"", ""text"": ""рід культурно можна лише в його""}, {""bbox"": [60, 1653, 1490, 1740], ""type"": ""handwritten"", ""text"": ""річній слові, котрі по уваженню =""}, {""bbox"": [61, 1746, 861, 1839], ""type"": ""handwritten"", ""text"": ""\""Свобода\"" Жит. 1426 г. 41.""}]"
4f624032-aeb4-48f6-a773-7e82c872f981.jpg,"[{""bbox"": [2363, 238, 2551, 401], ""type"": ""annotation"", ""text"": ""126""}, {""bbox"": [1699, 423, 2189, 487], ""type"": ""annotation"", ""text"": ""Прага 24/XII-27.""}, {""bbox"": [676, 601, 798, 647], ""type"": ""printed"", ""text"": ""П.Т.""}, {""bbox"": [868, 801, 2412, 864], ""type"": ""printed"", ""text"": ""Маємо честь просити Вас не одмовитись приняти лас-""}, {""bbox"": [677, 905, 2413, 973], ""type"": ""printed"", ""text"": ""наву участь у приятельському передноворічньому зібранні,""}, {""bbox"": [689, 999, 2390, 1072], ""type"": ""printed"", ""text"": ""за шклянкою чаю, в суботу, 31 грудня 1927 р., од 6 по 10""}, {""bbox"": [685, 1123, 1050, 1179], ""type"": ""printed"", ""text"": ""год. вечора.""}, {""bbox"": [866, 1227, 1639, 1281], ""type"": ""printed"", ""text"": ""На зібрання запрошуються:""}, {""bbox"": [808, 1315, 2413, 1383], ""type"": ""printed"", ""text"": ""I. Члени і співробітники Українського Інституту Гро-""}, {""bbox"": [688, 1426, 1551, 1488], ""type"": ""printed"", ""text"": ""мадознавства і його установ;""}, {""bbox"": [981, 1532, 2291, 1595], ""type"": ""printed"", ""text"": ""професори, лекторський персонал і співробітники""}, {""bbox"": [690, 1629, 1868, 1697], ""type"": ""printed"", ""text"": ""Українського Робітничого Університету;""}, {""bbox"": [811, 1733, 2391, 1802], ""type"": ""printed"", ""text"": ""3. Члени керуючих органів Українського Громадського""}, {""bbox"": [689, 1851, 1247, 1911], ""type"": ""printed"", ""text"": ""Видавничого Фонду;""}, {""bbox"": [818, 1954, 1750, 2013], ""type"": ""printed"", ""text"": ""4. Члени Українського Комітету""}, {""bbox"": [820, 2049, 2367, 2116], ""type"": ""printed"", ""text"": ""5. Члени В-ва \""Вільна Спілка\"" і співробітники \""Но-""}, {""bbox"": [690, 2161, 1094, 2228], ""type"": ""printed"", ""text"": ""вої України\"".""}, {""bbox"": [879, 2282, 1775, 2334], ""type"": ""printed"", ""text"": ""Чай - на товариських основах.""}, {""bbox"": [884, 2382, 2051, 2439], ""type"": ""printed"", ""text"": ""Про місце зібрання повідомимо пізніше.""}, {""bbox"": [885, 2481, 2373, 2546], ""type"": ""handwritten"", ""text"": ""Просимо не одмовити сповістити ініціятивний гур-""}, {""bbox"": [885, 2481, 2373, 2546], ""type"": ""printed"", ""text"": ""Просимо не одмовити сповістити ініціятивний гур-""}, {""bbox"": [715, 2564, 2407, 2660], ""type"": ""handwritten"", ""text"": ""ток / Praha III. Unrajn Inst-и 4. Кат! чи прий-""}, {""bbox"": [882, 2659, 1369, 2715], ""type"": ""handwritten"", ""text"": ""Берінова, 7. III.""}, {""bbox"": [1518, 2911, 2072, 2951], ""type"": ""printed"", ""text"": ""З глибокою повагою""}, {""bbox"": [1555, 2972, 2492, 3332], ""type"": ""image"", ""text"": """"}, {""bbox"": [1532, 2991, 2252, 3075], ""type"": ""handwritten"", ""text"": ""24. Ініціятивний гурток.""}, {""bbox"": [1531, 2993, 2253, 3068], ""type"": ""printed"", ""text"": ""Ініціятивний гурток.""}]"
27ef34c2-c89a-4117-9e6a-b497c961735c.jpg,"[{""bbox"": [355, 147, 692, 200], ""type"": ""printed"", ""text"": ""УКРАЇНСЬКА""}, {""bbox"": [2173, 158, 2312, 304], ""type"": ""annotation"", ""text"": ""58""}, {""bbox"": [216, 208, 835, 265], ""type"": ""printed"", ""text"": ""АКАДЕМІЧНА ГРОМАДА""}, {""bbox"": [402, 278, 648, 322], ""type"": ""printed"", ""text"": ""В Ч.-С. Р.""}, {""bbox"": [369, 346, 685, 400], ""type"": ""handwritten"", ""text"": ""UKRAJINSKA""}, {""bbox"": [363, 347, 690, 401], ""type"": ""printed"", ""text"": ""UKRAJINSKA""}, {""bbox"": [194, 403, 865, 458], ""type"": ""printed"", ""text"": ""AKADEMIOČNÁ HROMAD A""}, {""bbox"": [404, 468, 651, 522], ""type"": ""printed"", ""text"": ""V Č.-S. R.""}, {""bbox"": [206, 577, 934, 629], ""type"": ""printed"", ""text"": ""Прага, 10 жовтня 1926.-""}, {""bbox"": [413, 675, 619, 717], ""type"": ""printed"", ""text"": ""4. 1458""}, {""bbox"": [443, 755, 608, 793], ""type"": ""printed"", ""text"": ""PRAHA,""}, {""bbox"": [270, 800, 784, 834], ""type"": ""printed"", ""text"": ""HLA V N 1 1 1 1 1 1 1 1 1 1 1 1 1 1 1 1 1 1 1 1 1 1 1 1 1 1 1 1 1 1 1 1 1 1 1 1 1 1 1 1 1 1 1 1 1 1 1 1 1 1 1 1 1 1 1 1 1 1 1 1 1 1 1 1 1 1 1 1 1 1 1 1 1 1 1 1 1 1 1 1 1 1 1 1 1 1 1 1 1 1 1 1 1 1 1 1 1 1 1 1 1 1 1 1 1 1 1 1 1 1 1 1 1 1 1 1 1 1 1 1 1 1 1 1 1 1 1 1 1 1 1 1 1 1 1 1 1 1 1 1 1 1 1 1 1 1 1 1 1 1 1 1 1 1 1 1 1 1 1 1 1 1 1 1 1 1 1 1 1 1 1 1 1 1 1 1 1 1 1 1 1 1 1 1 1 1 1 1 1 1 1 1 1 1 1 1 1 1 1 1 1 1 1 1 1 1 1 1 1 1 1 1 1 1 1 1 1 1 1 1 1 1 1 1 1 1 1 1 1 1 1 1 1 1 1 1 1 1 1 1 1 1 1 1 1 1 1 1 1 1 1 1 1 1 1 1 1 1 1 1 1 1 1 1 1 1 1 1 1 1 1 1 1 1 1 1 1 1 1 1 1 1 1 1 1 1 1 1 1 1 1 1 1 1 1 1 1 1 1 1 1 1 1 1 1 1 1 1 1 1 1 1 1 1 1 1 1 1 1 1 1 1 1 1 1 1 1 1 1 1 1 1 1 1 1 1 1 1 1 1 1 1 1 1 1 1 1 1 1 1 1 1 1 1 1 1 1 1 1 1 1 1 1 1 1 1 1 1 1 1 1 1 1 1 1 1 1 1 1 1 1 1 1 1 1 1 1 1 1 1 1 1 1 1 1 1 1 1 1 1 1 1 1 1 1 1 1 1 1 1 1 1 1 1 1 1 1 1 1 1 1 1 1 1 1 1 1 1 1 1 1 1 1 1 1 1 1 1 1 1 1 1 1 1 1 1 1 1 1 1 1 1 1 1 1 1 1 1 1 1 1 1 1 1 1 1 1 1 1 1 1 1 1 1 1 1 1 1 1 1 1 1 1 1 1 1 1 1 1 1 1 1 1 1 1 1 1 1 1 1 1 1 1 1 1 1 1 1 1 1""}, {""bbox"": [1161, 825, 1222, 878], ""type"": ""handwritten"", ""text"": ""До""}, {""bbox"": [823, 979, 2066, 1035], ""type"": ""printed"", ""text"": ""Хвальної Дирекції українського Інституту""}, {""bbox"": [1229, 1089, 1695, 1137], ""type"": ""printed"", ""text"": ""Громадознавства""}, {""bbox"": [1012, 1368, 2303, 1429], ""type"": ""printed"", ""text"": ""Рада У.А.Р. в ЧСР, рішила улаштувати Свято""}, {""bbox"": [833, 1465, 1867, 1535], ""type"": ""printed"", ""text"": ""ПЕРШОГО ПАДОЛИСТА\""""}, {""bbox"": [376, 1572, 2369, 1642], ""type"": ""printed"", ""text"": ""і запросити до улаштовання цього Свята всі українські Установи та""}, {""bbox"": [377, 1677, 1029, 1741], ""type"": ""printed"", ""text"": ""Організації в Празі.-""}, {""bbox"": [1011, 1785, 2310, 1853], ""type"": ""printed"", ""text"": ""рій ціли прохано ласкаво вислати Ваших деле-""}, {""bbox"": [371, 1889, 2440, 1962], ""type"": ""printed"", ""text"": ""чатів на констатуюче засідання Комітету, яке відбудеться в пятницю""}, {""bbox"": [372, 1989, 2464, 2062], ""type"": ""printed"", ""text"": ""дня 15 жовтня п.р. о год. 15-ій, в домівці У.А.Г. на Сміхові, /Смі-""}, {""bbox"": [376, 2094, 1407, 2161], ""type"": ""printed"", ""text"": ""хівський пивовар, вул. Падржані/.-""}, {""bbox"": [1028, 2310, 1464, 2373], ""type"": ""printed"", ""text"": ""За Раду У.А.Г.""}, {""bbox"": [1128, 2356, 1521, 2728], ""type"": ""image"", ""text"": """"}, {""bbox"": [147, 2445, 957, 2817], ""type"": ""image"", ""text"": """"}, {""bbox"": [482, 2689, 665, 2730], ""type"": ""handwritten"", ""text"": ""ГОЛОВА""}, {""bbox"": [481, 2691, 667, 2730], ""type"": ""printed"", ""text"": ""ГОЛОВА""}]"
068ff756-0ff6-43d4-b6c4-bce168837290.jpg,"[{""bbox"": [1357, 61, 1487, 159], ""type"": ""annotation"", ""text"": ""20""}, {""bbox"": [51, 73, 1380, 179], ""type"": ""handwritten"", ""text"": ""Виникає питання - чи не диктується""}, {""bbox"": [20, 170, 1433, 246], ""type"": ""handwritten"", ""text"": ""наприклад такий факт, як на предложен""}, {""bbox"": [20, 235, 1439, 318], ""type"": ""handwritten"", ""text"": ""ня ~~від~~{[illegible]} стільки діячів митарських органі-""}, {""bbox"": [1332, 290, 1458, 364], ""type"": ""annotation"", ""text"": ""402""}, {""bbox"": [7, 313, 1440, 392], ""type"": ""handwritten"", ""text"": ""зоватим новий курс\"", вінісійерство умами""}, {""bbox"": [50, 388, 1484, 472], ""type"": ""handwritten"", ""text"": ""ло організувати 15 народних шкіл і що 11 тис.""}, {""bbox"": [23, 463, 1424, 545], ""type"": ""handwritten"", ""text"": ""ких і 4 русских (українских\"") Оціле звід""}, {""bbox"": [50, 540, 1448, 624], ""type"": ""handwritten"", ""text"": ""17.400 дітей українських що на 1923 рок було""}, {""bbox"": [18, 615, 1440, 696], ""type"": ""handwritten"", ""text"": ""пожежкою - Нижчим і для 126 чоловік дрібен-""}, {""bbox"": [51, 689, 1482, 772], ""type"": ""handwritten"", ""text"": ""- \""Пуща. Так можна було думати. Але""}, {""bbox"": [50, 764, 1468, 856], ""type"": ""handwritten"", ""text"": ""чайно не дуже то радісно. Але це сум-""}, {""bbox"": [30, 846, 1439, 931], ""type"": ""handwritten"", ""text"": ""ніше ойаг кови оцінити оціна та""}, {""bbox"": [33, 925, 1391, 1024], ""type"": ""handwritten"", ""text"": ""немо на дітей. Помимо того, що""}, {""bbox"": [50, 1016, 1461, 1113], ""type"": ""handwritten"", ""text"": ""ця дійсність з першого ж дотику кале""}, {""bbox"": [50, 1106, 1479, 1193], ""type"": ""handwritten"", ""text"": ""про обґрунтовість нашого предположення""}, {""bbox"": [34, 1182, 1441, 1272], ""type"": ""handwritten"", ""text"": ""вона каже, що хоче розв'язати справу""}, {""bbox"": [34, 1268, 1439, 1359], ""type"": ""handwritten"", ""text"": ""проєкти фасади калити, що \""Речнь-""}, {""bbox"": [38, 1345, 1420, 1443], ""type"": ""handwritten"", ""text"": ""іншим послідньої пропозиції в гроші""}, {""bbox"": [45, 1436, 1401, 1532], ""type"": ""handwritten"", ""text"": ""4. р. 90на міністра щастя""}, {""bbox"": [50, 1527, 1465, 1625], ""type"": ""handwritten"", ""text"": ""по Лідерації, честь обороння но-""}, {""bbox"": [44, 1612, 1441, 1707], ""type"": ""handwritten"", ""text"": ""вих 11 чехских шкіл на півдні Україн-""}, {""bbox"": [45, 1707, 634, 1790], ""type"": ""handwritten"", ""text"": ""Своих силах\"" \""хх""}, {""bbox"": [50, 1817, 1336, 1896], ""type"": ""handwritten"", ""text"": ""2) „Свобода“-Укр. 14297.32 „„Радість“-Укр. 14297.17-""}]"
4a02ea8b-1756-4ed4-92e2-e72e642e9ed9.jpg,"[{""bbox"": [2062, 41, 2254, 207], ""type"": ""annotation"", ""text"": ""114""}, {""bbox"": [71, 78, 827, 249], ""type"": ""handwritten"", ""text"": ""МЮ Шаповалу""}, {""bbox"": [1573, 201, 2097, 262], ""type"": ""printed"", ""text"": ""Прага 10/XI-1927.""}, {""bbox"": [184, 418, 1330, 470], ""type"": ""printed"", ""text"": ""До ВП. членів Україніського Інституту""}, {""bbox"": [532, 528, 1015, 573], ""type"": ""printed"", ""text"": ""Громадознавства.""}, {""bbox"": [1022, 728, 2259, 784], ""type"": ""printed"", ""text"": ""Дирекція просить Вас не одмовити ласкаво""}, {""bbox"": [100, 752, 588, 1227], ""type"": ""image"", ""text"": """"}, {""bbox"": [1357, 782, 2252, 834], ""type"": ""printed"", ""text"": ""ановче зібрання наукової коле-""}, {""bbox"": [903, 834, 2265, 884], ""type"": ""printed"", ""text"": ""тії Інституту. Зібрання відбудеться 16 цього""}, {""bbox"": [902, 885, 2265, 936], ""type"": ""printed"", ""text"": ""листопаду, в 3 год.після полудня, в помешканні""}, {""bbox"": [903, 935, 2015, 994], ""type"": ""printed"", ""text"": ""Інституту, Прага III, Шежикова 4/III.""}, {""bbox"": [1432, 1104, 1928, 1146], ""type"": ""printed"", ""text"": ""З повною повагою""}, {""bbox"": [1490, 1204, 1983, 1252], ""type"": ""printed"", ""text"": ""Д и р е к ц і я.""}]"
2cd6b7b0-e0b1-4459-b39f-1dda4134fb57.jpg,"[{""bbox"": [1151, 110, 2386, 292], ""type"": ""handwritten"", ""text"": ""До. Укр. інсп. Добжадорковська""}, {""bbox"": [189, 284, 539, 345], ""type"": ""handwritten"", ""text"": ""УКРАЇНСЬКИХ""}, {""bbox"": [189, 285, 539, 345], ""type"": ""printed"", ""text"": ""УКРАЇНСЬКИХ""}, {""bbox"": [128, 387, 681, 453], ""type"": ""printed"", ""text"": ""ОРГАНІЗАЦІЇ в ЧСР.""}, {""bbox"": [129, 387, 682, 454], ""type"": ""handwritten"", ""text"": ""ОРГАНІЗАЦІЇ в ЧСР.""}, {""bbox"": [142, 473, 714, 594], ""type"": ""handwritten"", ""text"": ""... 1926 р.""}, {""bbox"": [1122, 652, 2401, 716], ""type"": ""printed"", ""text"": ""Ласкаво прошу прислати свого представника""}, {""bbox"": [881, 752, 2424, 822], ""type"": ""printed"", ""text"": ""на негайні збори Президії Союзу Українських Орга-""}, {""bbox"": [883, 858, 2379, 928], ""type"": ""printed"", ""text"": ""нізацій в ЧСР.для обміркування справи з заміткою""}, {""bbox"": [877, 960, 1401, 1037], ""type"": ""printed"", ""text"": ""в ч. 52 \""Тризуба\"".""}, {""bbox"": [1072, 1074, 2339, 1142], ""type"": ""printed"", ""text"": ""Збори відбудуться у вівторок 16 листопаду""}, {""bbox"": [882, 1175, 2405, 1245], ""type"": ""printed"", ""text"": ""в 2 годині в помешканню Інституту Громадознавства""}, {""bbox"": [879, 1289, 1223, 1354], ""type"": ""printed"", ""text"": ""Шежікова 4.""}, {""bbox"": [1629, 1450, 2195, 1656], ""type"": ""image"", ""text"": """"}, {""bbox"": [1076, 1457, 1323, 1511], ""type"": ""printed"", ""text"": ""Секретар""}, {""bbox"": [893, 1503, 1640, 1567], ""type"": ""printed"", ""text"": ""Союзу Укр.Організ. в ЧСР.""}]"
8c457781-c5c3-4648-90d3-22c5c95d2abf.jpg,"[{""bbox"": [1943, 205, 2060, 346], ""type"": ""annotation"", ""text"": ""61""}, {""bbox"": [301, 252, 1310, 438], ""type"": ""handwritten"", ""text"": ""Тов. Шаповал М. Ю.""}, {""bbox"": [480, 571, 2195, 640], ""type"": ""printed"", ""text"": ""Запрошується Вас на товариські сходини відділу""}, {""bbox"": [353, 667, 2231, 745], ""type"": ""printed"", ""text"": ""ЗОУПСР котрі відбудуться в суботу 6 цього листопаду""}, {""bbox"": [351, 770, 2202, 846], ""type"": ""printed"", ""text"": ""о 3 годині дня в помешканні Українського Інституту""}, {""bbox"": [338, 869, 1567, 942], ""type"": ""printed"", ""text"": ""Громадознавства, Шежікова, 4/III.""}, {""bbox"": [558, 982, 1670, 1044], ""type"": ""printed"", ""text"": ""Порядок денний: Біжучі справи.""}, {""bbox"": [1651, 1127, 2015, 1190], ""type"": ""printed"", ""text"": ""4/XI 1926.""}, {""bbox"": [1652, 1127, 2015, 1191], ""type"": ""handwritten"", ""text"": ""4/XI 1926.""}, {""bbox"": [1652, 1127, 2015, 1191], ""type"": ""annotation"", ""text"": ""4/XI 1926.""}, {""bbox"": [1089, 1288, 1682, 1348], ""type"": ""printed"", ""text"": ""Президія.""}]"
4fd37fb0-ca93-47fd-b836-5f2ca7d77a5d.jpg,"[{""bbox"": [101, 57, 300, 328], ""type"": ""annotation"", ""text"": ""1700""}, {""bbox"": [976, 427, 1237, 498], ""type"": ""printed"", ""text"": ""Статут""}, {""bbox"": [557, 547, 1789, 604], ""type"": ""printed"", ""text"": ""ету для вшанування памяти проф. Володимира КОВАЛЯ.""}, {""bbox"": [556, 617, 1789, 672], ""type"": ""printed"", ""text"": ""1. Метою Комітету являється вшанування памяти небіжчика""}, {""bbox"": [398, 665, 938, 715], ""type"": ""printed"", ""text"": ""проф. Володимира Коваля.""}, {""bbox"": [483, 712, 1088, 759], ""type"": ""printed"", ""text"": ""Для цього Комітет дбає про:""}, {""bbox"": [527, 766, 1807, 815], ""type"": ""printed"", ""text"": ""а) збирання матеріялів з життя й діяльности небіжчика, відповідне їх упо-""}, {""bbox"": [566, 805, 1082, 843], ""type"": ""printed"", ""text"": ""рядковання та опубліковання;""}, {""bbox"": [528, 843, 1810, 885], ""type"": ""printed"", ""text"": ""б) вияснення та реєстрацію літературних праць небіжчика як по спеці-""}, {""bbox"": [556, 876, 1789, 916], ""type"": ""printed"", ""text"": ""яльних так і по загальних питаннях, підготовку їх до друку та опублі-""}, {""bbox"": [557, 946, 1789, 990], ""type"": ""printed"", ""text"": "") вияснення ролі небіжчика як ученого та практичного діяча в сфері""}, {""bbox"": [515, 1020, 1809, 1069], ""type"": ""printed"", ""text"": ""г) упорядкування могили небіжчика та ліквідацію рахунків, звязаних з""}, {""bbox"": [538, 1092, 1809, 1142], ""type"": ""printed"", ""text"": ""д перевіз на Україну тлінних останків небіжчика, коли для того скла-""}, {""bbox"": [503, 1165, 1810, 1215], ""type"": ""printed"", ""text"": ""е) переведення всякої іншої роботи, звязаної з основним завданням""}, {""bbox"": [476, 1247, 1808, 1299], ""type"": ""printed"", ""text"": ""§ 2. Кошти Комітету складаються з членських внесків, добровіль-""}, {""bbox"": [396, 1295, 863, 1333], ""type"": ""printed"", ""text"": ""них датків та пожертв.""}, {""bbox"": [471, 1339, 1807, 1387], ""type"": ""printed"", ""text"": ""§ 3. Членами Комітету можуть бути організації, установи та по-""}, {""bbox"": [556, 1384, 1789, 1432], ""type"": ""printed"", ""text"": ""і особи, незалежно від місця їх перебування, що подадуть від-""}, {""bbox"": [390, 1428, 1808, 1475], ""type"": ""printed"", ""text"": ""повідну заяву та внесуть добровільний даток у фонд на вшанування""}, {""bbox"": [393, 1472, 1095, 1517], ""type"": ""printed"", ""text"": ""памяти проф. Володимира Ковала.""}, {""bbox"": [485, 1515, 1808, 1567], ""type"": ""printed"", ""text"": ""§ 4. Члени Комітету допомагають презідії (§ 6) всіма можли-""}, {""bbox"": [390, 1566, 1807, 1614], ""type"": ""printed"", ""text"": ""вими засобами для здійснення поставленої перед Комітетом мети.""}, {""bbox"": [556, 1605, 1789, 1652], ""type"": ""printed"", ""text"": ""5. Верховним органом Комітету являються загальні збори, на""}, {""bbox"": [391, 1650, 1431, 1699], ""type"": ""printed"", ""text"": ""котрих кожний член має право рішаючого голосу.""}, {""bbox"": [556, 1696, 1789, 1747], ""type"": ""printed"", ""text"": ""6. Загальні збори Комітету обирають презідію в складі голови,""}, {""bbox"": [384, 1747, 1807, 1793], ""type"": ""printed"", ""text"": ""скарбника та секретаря, яка й веде усю поточну роботу та листу-""}, {""bbox"": [467, 1836, 1808, 1882], ""type"": ""printed"", ""text"": ""§ 7. Загальні збори скликаються в міру потреби презідією і""}, {""bbox"": [556, 1881, 1789, 1928], ""type"": ""printed"", ""text"": ""ться правомочними, коли на них прибуде не менше як 1/4 час-""}, {""bbox"": [392, 1924, 1808, 1973], ""type"": ""printed"", ""text"": ""тина всіх членів, що проживають в країні, в котрій перебуває президія.""}, {""bbox"": [443, 1976, 1808, 2023], ""type"": ""printed"", ""text"": ""§ 8. Про наслідки своєї роботи, як рівно ж і про стан сум, які""}, {""bbox"": [558, 2013, 1788, 2059], ""type"": ""printed"", ""text"": ""в розпорядженні Комітету, презідія не менше як раз у пів-""}, {""bbox"": [395, 2058, 1624, 2104], ""type"": ""printed"", ""text"": ""року дає докладне звідомлення, шляхом оголошення в пресі.""}, {""bbox"": [474, 2101, 1655, 2149], ""type"": ""printed"", ""text"": ""§ 9. Для перевірки каси і ведення справ у Комітеті загал""}, {""bbox"": [390, 2145, 1161, 2197], ""type"": ""printed"", ""text"": ""зборами обірається ревізійна комісія.""}, {""bbox"": [556, 2195, 1789, 2242], ""type"": ""printed"", ""text"": ""10. Час існування Комітету не визначається, але він може при-""}, {""bbox"": [401, 2243, 1808, 2287], ""type"": ""printed"", ""text"": ""пинити своє існування по постанові загальних зборів Комітету, колиб""}, {""bbox"": [388, 2329, 1807, 2377], ""type"": ""printed"", ""text"": ""себе яка небудь агрономічна, кооперативна, або громадська організація.""}, {""bbox"": [767, 2401, 1808, 2446], ""type"": ""printed"", ""text"": ""Голова загальних зборів Комітету для вшанування""}, {""bbox"": [676, 2450, 1798, 2493], ""type"": ""printed"", ""text"": ""памяти проф. Володимира Ковала Вікт. Доманицький.""}, {""bbox"": [924, 2513, 1805, 2557], ""type"": ""printed"", ""text"": ""Секретар загальних зборів В. Дрикалович.""}, {""bbox"": [557, 2618, 1789, 2664], ""type"": ""printed"", ""text"": ""мкола Литвицький, Б. Залевський, Л. Рибак, Я. Шабельський.""}, {""bbox"": [445, 2680, 802, 2728], ""type"": ""handwritten"", ""text"": ""19. III. 1928 року""}, {""bbox"": [440, 2682, 805, 2728], ""type"": ""printed"", ""text"": ""19. III. 1928 року""}, {""bbox"": [438, 2727, 798, 2776], ""type"": ""handwritten"", ""text"": ""Подебради-Лазне.""}]"
8f730993-8a0f-436f-b56a-e710851adad4.jpg,"[{""bbox"": [920, 55, 972, 85], ""type"": ""annotation"", ""text"": ""N=1""}, {""bbox"": [272, 111, 1101, 162], ""type"": ""handwritten"", ""text"": ""З Гали - по прямому брату Коня з коня""}, {""bbox"": [266, 172, 784, 213], ""type"": ""handwritten"", ""text"": ""18-го Квітня 1919 р. 10 1/2 год. веч.""}, {""bbox"": [224, 289, 1041, 339], ""type"": ""handwritten"", ""text"": ""Противрейсної агітації не було. Може нема-""}, {""bbox"": [160, 346, 1014, 401], ""type"": ""handwritten"", ""text"": ""разуміння. Потра вечеран було попоразуміння з""}, {""bbox"": [161, 403, 1065, 459], ""type"": ""handwritten"", ""text"": ""боку діловода другого заморінського курія, іне:""}, {""bbox"": [168, 459, 1062, 515], ""type"": ""handwritten"", ""text"": ""чи Петлюри і після свідчали. Діловод займав""}, {""bbox"": [167, 517, 1075, 572], ""type"": ""handwritten"", ""text"": ""до місцевого еврей-Дувида Уленіка, посидів тро-""}, {""bbox"": [165, 576, 1036, 632], ""type"": ""handwritten"", ""text"": ""ки, потім відважиму й пішов дев'ятис""}, {""bbox"": [161, 633, 1065, 689], ""type"": ""handwritten"", ""text"": ""по кімнатах, вертуючись назад, сів. Біля стола,""}, {""bbox"": [156, 688, 1031, 750], ""type"": ""handwritten"", ""text"": ""дали йому чоло; мовили той, він вийшов, той""}, {""bbox"": [160, 749, 1067, 803], ""type"": ""handwritten"", ""text"": ""поклав біля себе самопала. Шостою цього Дуби""}, {""bbox"": [159, 806, 1045, 866], ""type"": ""handwritten"", ""text"": ""до Києва, зауваживши щось недобре, вилізав з""}, {""bbox"": [165, 867, 1032, 924], ""type"": ""handwritten"", ""text"": ""мійчеко, зробив гвожій, після чого звільняй""}, {""bbox"": [169, 923, 1043, 976], ""type"": ""handwritten"", ""text"": ""Багато людей, обезбройчи його світі, після чого""}, {""bbox"": [169, 981, 1052, 1034], ""type"": ""handwritten"", ""text"": ""Н-к взяв міністрацій, призвів цього дипломата до""}, {""bbox"": [166, 1040, 1054, 1098], ""type"": ""handwritten"", ""text"": ""кацелярії; розібравшися й з приводу орахунка""}, {""bbox"": [169, 1097, 1069, 1155], ""type"": ""handwritten"", ""text"": ""населення-евреї відпуститим його. Сьогодні-ж він""}, {""bbox"": [172, 1157, 1068, 1214], ""type"": ""handwritten"", ""text"": ""їхало І козаків того пущіна, ходили по лісочку,""}, {""bbox"": [170, 1215, 1070, 1266], ""type"": ""handwritten"", ""text"": ""агітації не вели, а тільки мовили машину бійни,""}, {""bbox"": [170, 1274, 1075, 1332], ""type"": ""handwritten"", ""text"": ""що кінчим дві банди за містечком, що вони яко""}, {""bbox"": [173, 1331, 1072, 1390], ""type"": ""handwritten"", ""text"": ""-До вчиненя й працювання не зішкувався ніх-""}, {""bbox"": [163, 1387, 1052, 1445], ""type"": ""handwritten"", ""text"": ""рах. Зараз цих розмірів у Соці нема. Поїхали""}, {""bbox"": [169, 1444, 1051, 1497], ""type"": ""handwritten"", ""text"": ""в село Красносілля, котре від готи - 4 вер.,""}, {""bbox"": [167, 1499, 1062, 1558], ""type"": ""handwritten"", ""text"": ""за солоною. Мого навіть, що будуть верни-""}, {""bbox"": [171, 1558, 1095, 1616], ""type"": ""handwritten"", ""text"": ""йшов через волгу й можуть утворити безпеку.""}, {""bbox"": [175, 1615, 1098, 1676], ""type"": ""handwritten"", ""text"": ""Командир його пургін, Гвардія уражав солдатів""}, {""bbox"": [162, 1676, 1062, 1735], ""type"": ""handwritten"", ""text"": ""зробити трух, після населяння, зброєю, на що""}]"
1b9c2bc8-98cf-46e8-8e05-70821257960b.jpg,"[{""bbox"": [854, 0, 1163, 74], ""type"": ""annotation"", ""text"": ""285/177268""}, {""bbox"": [16, 55, 1201, 157], ""type"": ""handwritten"", ""text"": ""- я прийму це, як необхідне, і зможу""}, {""bbox"": [27, 135, 1192, 242], ""type"": ""handwritten"", ""text"": ""скочити життя без наречень,""}, {""bbox"": [17, 226, 1199, 320], ""type"": ""handwritten"", ""text"": ""я мігав. - Отвся правда тим часом:""}, {""bbox"": [29, 303, 1199, 398], ""type"": ""handwritten"", ""text"": ""я таки давні хочу лісова на Ва-три""}, {""bbox"": [34, 384, 1192, 481], ""type"": ""handwritten"", ""text"": ""вказує за віна западу, косу і т.п.""}, {""bbox"": [32, 462, 1189, 565], ""type"": ""handwritten"", ""text"": ""Чим літом справді... А погоді... Яку""}, {""bbox"": [32, 545, 1200, 654], ""type"": ""handwritten"", ""text"": ""силу робот я вже бадужив! Яку силу я""}, {""bbox"": [32, 629, 1218, 733], ""type"": ""handwritten"", ""text"": ""почуваю зараз, коли обдумую їх! Все""}, {""bbox"": [29, 718, 1217, 818], ""type"": ""handwritten"", ""text"": ""навмисно не берусь за їх, щоб виносилися""}, {""bbox"": [37, 804, 1225, 899], ""type"": ""handwritten"", ""text"": ""в мені, щоб бачі, як дитя єблока,""}, {""bbox"": [35, 894, 1209, 983], ""type"": ""handwritten"", ""text"": ""випали з душі на папер. Свідома""}, {""bbox"": [30, 970, 1200, 1085], ""type"": ""handwritten"", ""text"": ""Соромив з мене, рівнаючи з тобою,""}, {""bbox"": [29, 1049, 1227, 1179], ""type"": ""handwritten"", ""text"": ""але я... я хочу бути ще більшим за""}, {""bbox"": [23, 1128, 1145, 1232], ""type"": ""handwritten"", ""text"": ""Госена. А хай ть кому не можна""}, {""bbox"": [18, 1215, 1236, 1320], ""type"": ""handwritten"", ""text"": ""Правда, Кіль? Морква і треба, аби""}, {""bbox"": [33, 1309, 1243, 1394], ""type"": ""handwritten"", ""text"": ""Англія мала де. Поляну, що нам""}, {""bbox"": [33, 1386, 1252, 1485], ""type"": ""handwritten"", ""text"": ""у нас людей, які навіть з бідь бороня-""}, {""bbox"": [29, 1472, 1196, 1555], ""type"": ""handwritten"", ""text"": ""Зама вони і не були одержані.""}, {""bbox"": [28, 1546, 979, 1660], ""type"": ""handwritten"", ""text"": ""Радіофону Ну, хай їм всячина!""}, {""bbox"": [59, 1643, 1253, 1779], ""type"": ""handwritten"", ""text"": ""А яку ти рану носиш і посидимося до сих""}]"
9b304475-d1b1-4b51-8eb1-31f06e0c968f.jpg,"[{""bbox"": [1422, 0, 1517, 96], ""type"": ""annotation"", ""text"": ""55""}, {""bbox"": [128, 10, 266, 76], ""type"": ""annotation"", ""text"": ""Inviol.""}, {""bbox"": [1216, 84, 1359, 175], ""type"": ""annotation"", ""text"": ""22""}, {""bbox"": [239, 221, 1468, 385], ""type"": ""handwritten"", ""text"": ""Таті, Кавче Олександровичу!""}, {""bbox"": [130, 388, 1538, 512], ""type"": ""handwritten"", ""text"": ""В Муззеї \""Я не майстер\"" [М] Осовк-""}, {""bbox"": [71, 493, 1492, 604], ""type"": ""handwritten"", ""text"": ""ого. Будь ласка, дай же мені на""}, {""bbox"": [119, 583, 1501, 697], ""type"": ""handwritten"", ""text"": ""одим день, у понеділок поверну.""}, {""bbox"": [73, 672, 1419, 805], ""type"": ""handwritten"", ""text"": ""завтра збіратися до нас таї""}, {""bbox"": [73, 747, 1484, 924], ""type"": ""handwritten"", ""text"": ""медикова, хай буде ласкава вони""}, {""bbox"": [72, 907, 1491, 1112], ""type"": ""handwritten"", ""text"": ""До понеділка поверну, вів чолов""}, {""bbox"": [71, 987, 1489, 1151], ""type"": ""handwritten"", ""text"": ""19 понеділка поверну, він чибов""}, {""bbox"": [71, 1075, 1406, 1206], ""type"": ""handwritten"", ""text"": ""із Ваших прислід по гроші""}, {""bbox"": [55, 1194, 562, 1327], ""type"": ""handwritten"", ""text"": ""для фонд.""}, {""bbox"": [379, 1250, 1413, 1399], ""type"": ""handwritten"", ""text"": ""Аж бур магеред, здорова""}, {""bbox"": [992, 1363, 1377, 1506], ""type"": ""handwritten"", ""text"": ""Зілле""}]"
e0e8c060-88c6-443d-90b3-79b1aa3da848.jpg,"[{""bbox"": [918, 46, 990, 81], ""type"": ""annotation"", ""text"": ""N=2""}, {""bbox"": [831, 106, 1057, 145], ""type"": ""handwritten"", ""text"": ""Кохія з кохії""}, {""bbox"": [205, 164, 1051, 216], ""type"": ""handwritten"", ""text"": ""Копія розмови Палійника Нагаючика Мі-""}, {""bbox"": [142, 222, 1064, 276], ""type"": ""handwritten"", ""text"": ""лісії містечка Голі з Народними Адміністраціями""}, {""bbox"": [145, 277, 1055, 334], ""type"": ""handwritten"", ""text"": ""тивного відділу М. Доманевському 27/III 1919 року 6 1/2 вер.""}, {""bbox"": [194, 392, 1052, 450], ""type"": ""handwritten"", ""text"": ""Телеграму одержав під ч. 440. По обговоренню""}, {""bbox"": [145, 457, 1054, 508], ""type"": ""handwritten"", ""text"": ""телеграми всі заслуги прийняти, позача читай""}, {""bbox"": [144, 516, 1061, 566], ""type"": ""handwritten"", ""text"": ""міністру з начальником і політміністром і міністром""}, {""bbox"": [140, 567, 1025, 619], ""type"": ""handwritten"", ""text"": ""перали всього 9 часовік і приходиться пожний""}, {""bbox"": [135, 627, 1080, 679], ""type"": ""handwritten"", ""text"": ""день народжений не можна й часових, то можемо""}, {""bbox"": [145, 685, 1036, 743], ""type"": ""handwritten"", ""text"": ""во нічого утворити, адже його необхідно для""}, {""bbox"": [146, 745, 1040, 799], ""type"": ""handwritten"", ""text"": ""спокію вони надіслали який-небудь залік від-""}, {""bbox"": [139, 803, 1029, 857], ""type"": ""handwritten"", ""text"": ""повідомлений призначенню, тоді можна було б""}, {""bbox"": [145, 858, 1053, 914], ""type"": ""handwritten"", ""text"": ""щось зробити. Бували ж випадки, працівці й та""}, {""bbox"": [147, 919, 1026, 971], ""type"": ""handwritten"", ""text"": ""околицях міста Гони, наприклад: позавчора""}, {""bbox"": [147, 974, 1034, 1031], ""type"": ""handwritten"", ""text"": ""був винадок в селі Війнові, де кожен 53-го ліпного""}, {""bbox"": [145, 1035, 1089, 1088], ""type"": ""handwritten"", ""text"": ""Каменского пану, Голово Покорух, мешканець його-ж""}, {""bbox"": [148, 1088, 1087, 1147], ""type"": ""handwritten"", ""text"": ""село Війново, ~~[illegible]~~ на мосток уже з козаками Коваль""}, {""bbox"": [149, 1152, 1080, 1208], ""type"": ""handwritten"", ""text"": ""ського Палу, звано новіданими по прізвищу, вже""}, {""bbox"": [147, 1212, 1047, 1271], ""type"": ""handwritten"", ""text"": ""лив місяць вистрілив у лештанню магілов на""}, {""bbox"": [139, 1269, 1079, 1324], ""type"": ""handwritten"", ""text"": ""дов, Матюхи гарячого бурилося себе бодро, змогла""}, {""bbox"": [147, 1326, 1083, 1381], ""type"": ""handwritten"", ""text"": ""вийсити, а для того мінімія безсила. Становище""}, {""bbox"": [148, 1385, 1073, 1437], ""type"": ""handwritten"", ""text"": ""моги що в Соці спокійне. Коли би через Соціу про-""}, {""bbox"": [150, 1437, 1057, 1492], ""type"": ""handwritten"", ""text"": ""ходили різної. Були де-які випадки проходження""}, {""bbox"": [149, 1497, 1074, 1553], ""type"": ""handwritten"", ""text"": ""часіння, невідомих мені, наприклад: 25, 26, 27 квітня""}, {""bbox"": [146, 1556, 1015, 1613], ""type"": ""handwritten"", ""text"": ""з'явимося козаки до монархізів Польщі, з вірой в""}, {""bbox"": [151, 1616, 1011, 1667], ""type"": ""handwritten"", ""text"": ""особливости, вимагали конкретізацію, як принципи,""}, {""bbox"": [149, 1674, 1047, 1727], ""type"": ""handwritten"", ""text"": ""так і одноко, грозили погрожати за невиконання""}]"
65b3b7b6-9db2-4a89-bd82-30cc6842318e.jpg,"[{""bbox"": [1067, 79, 1172, 183], ""type"": ""annotation"", ""text"": ""87""}, {""bbox"": [28, 183, 1304, 277], ""type"": ""handwritten"", ""text"": ""ким відкриває душа, розкрит""}, {""bbox"": [33, 270, 1314, 361], ""type"": ""handwritten"", ""text"": ""впав на себе і відділ думок,""}, {""bbox"": [39, 358, 1318, 461], ""type"": ""handwritten"", ""text"": ""про веде їх розрізі. Таким""}, {""bbox"": [48, 452, 1314, 554], ""type"": ""handwritten"", ""text"": ""роботи, я і залишись на""}, {""bbox"": [46, 536, 1328, 645], ""type"": ""handwritten"", ""text"": ""корекції, а мої купи звич-""}, {""bbox"": [61, 627, 1314, 729], ""type"": ""handwritten"", ""text"": ""ся до нього, бо без працюючих""}, {""bbox"": [51, 721, 1329, 826], ""type"": ""handwritten"", ""text"": ""працю історія робити не може.""}, {""bbox"": [56, 812, 1329, 909], ""type"": ""handwritten"", ""text"": ""Так пропала я охрібка і навіть""}, {""bbox"": [59, 902, 1339, 1007], ""type"": ""handwritten"", ""text"": ""і дехадів. Пишали після у Київі""}, {""bbox"": [61, 990, 1336, 1100], ""type"": ""handwritten"", ""text"": ""великі розміри, курильниці""}, {""bbox"": [52, 1082, 1346, 1185], ""type"": ""handwritten"", ""text"": ""використав із національно інез-""}, {""bbox"": [60, 1168, 1350, 1290], ""type"": ""handwritten"", ""text"": ""згуру і зли нашем споряджений""}, {""bbox"": [62, 1255, 1344, 1398], ""type"": ""handwritten"", ""text"": ""здор природничому виділу, бо""}, {""bbox"": [61, 1346, 1344, 1506], ""type"": ""handwritten"", ""text"": ""генералу генерал-лейтенанта Вен.""}, {""bbox"": [56, 1429, 1356, 1562], ""type"": ""handwritten"", ""text"": ""гідь. Їх усіх забираю, безнію""}, {""bbox"": [46, 1512, 1355, 1674], ""type"": ""handwritten"", ""text"": ""і практичних завдань, вільних""}, {""bbox"": [66, 1607, 1357, 1778], ""type"": ""handwritten"", ""text"": ""наших куренів розбіжностей""}, {""bbox"": [73, 1710, 1363, 1838], ""type"": ""handwritten"", ""text"": ""хто куди ліг, лишився дуже""}, {""bbox"": [76, 1800, 1362, 1906], ""type"": ""handwritten"", ""text"": ""лано. Я не попрацювала замазу""}, {""bbox"": [74, 1891, 1354, 2026], ""type"": ""handwritten"", ""text"": ""домі за дуже півпіврі і не""}]"
0425cda8-0aef-4c01-a241-1c66e73a2153.jpg,"[{""bbox"": [1538, 98, 1698, 252], ""type"": ""annotation"", ""text"": ""65""}, {""bbox"": [286, 362, 1077, 473], ""type"": ""printed"", ""text"": ""ЗАПРОСИНИ""}, {""bbox"": [553, 546, 1033, 590], ""type"": ""printed"", ""text"": ""на урочисте відкриття""}, {""bbox"": [555, 601, 1367, 653], ""type"": ""printed"", ""text"": ""Українського Наукового Інститута""}, {""bbox"": [285, 722, 630, 766], ""type"": ""printed"", ""text"": ""яке відбудеться""}, {""bbox"": [549, 773, 1364, 821], ""type"": ""printed"", ""text"": ""в середу, 10. падолиста 1926 року,""}, {""bbox"": [550, 817, 1368, 865], ""type"": ""printed"", ""text"": ""в 12 год. дня, в будинку Берлінського""}, {""bbox"": [551, 861, 1282, 908], ""type"": ""printed"", ""text"": ""Університета, Dorotheenstrasse 6,""}, {""bbox"": [552, 907, 879, 956], ""type"": ""printed"", ""text"": ""Авдиторія № 3""}, {""bbox"": [284, 1012, 987, 1075], ""type"": ""printed"", ""text"": ""ПРОГРАМ СВЯТА:""}, {""bbox"": [500, 1136, 1134, 1179], ""type"": ""printed"", ""text"": ""1. Німецький народний гімн.""}, {""bbox"": [497, 1185, 1367, 1231], ""type"": ""printed"", ""text"": ""2. Вступне слово голови Кураторії б.""}, {""bbox"": [549, 1233, 1368, 1279], ""type"": ""printed"", ""text"": ""міністра Німецької Держави, генерал-""}, {""bbox"": [548, 1282, 1269, 1328], ""type"": ""printed"", ""text"": ""лейтенанта Вільгельма Гренера.""}, {""bbox"": [500, 1330, 1373, 1380], ""type"": ""printed"", ""text"": ""3. Інавгураційна промова директора Ін-""}, {""bbox"": [548, 1380, 1371, 1430], ""type"": ""printed"", ""text"": ""ститута професора Дмитра Дорошенка.""}, {""bbox"": [501, 1432, 819, 1476], ""type"": ""printed"", ""text"": ""4. Привітання.""}, {""bbox"": [501, 1481, 1183, 1529], ""type"": ""printed"", ""text"": ""5. Український народний гімн.""}, {""bbox"": [629, 1577, 1031, 1623], ""type"": ""printed"", ""text"": ""Голова Кураторії:""}, {""bbox"": [577, 1620, 1089, 1668], ""type"": ""printed"", ""text"": ""ВІЛЬГЕЛЬМ ГРЕНЕР""}, {""bbox"": [493, 1686, 1163, 1729], ""type"": ""printed"", ""text"": ""З а с т у п  н  1  1  1  1  1  1  1  1  1  1  1  1  1  1  1  1  1  1  1  1  1  1  1  1  1  1  1  1  1  1  1  1  1  1  1  1  1  1  1  1  1  1  1  1  1  1  1  1  1  1  1  1  1  1  1  1  1  1  1  1  1  1  1  1  1  1  1  1  1  1  1  1  1  1  1  1  1  1  1  1  1  1  1  1  1  1  1  1  1  1  1  1  1  1  1  1  1  1  1  1  1  1  1  1  1  1  1  1  1  1  1  1  1  1  1  1  1  1  1  1  1  1  1  1  1  1  1  1  1  1  1  1  1  1  1  1  1  1  1  1  1  1  1  1  1  1  1  1  1  1  1  1  1  1  1  1  1  1  1  1  1  1  1  1  1  1  1  1  1  1  1  1  1  1  1  1  1  1  1  1  1  1  1  1  1  1  1  1  1  1  1  1  1  1  1  1  1  1  1  1  1  1  1  1  1  1  1  1  1  1  1  1  1  1  1  1  1  1  1  1  1  1  1  1  1  1  1  1  1  1  1  1  1  1  1  1  1  1  1  1  1  1  1  1  1  1  1  1  1  1  1  1  1  1  1  1  1  1  1  1  1  1  1  1  1  1  1  1  1  1  1  1  1  1  1  1  1  1  1  1  1  1  1  1  1  1  1  1  1  1  1  1  1  1  1  1  1  1  1  1  1  1  1  1  1  1  1  1  1  1  1  1  1  1  1  1  1  1  1  1  1  1  1  1  1  1  1  1  1  1  1  1  1  1  1  1  1  1""}, {""bbox"": [290, 1733, 1366, 1782], ""type"": ""printed"", ""text"": ""ОЛЕКСАНДЕР СКОРОПИС-ЙОЛТУХОВСЬКИЙ""}, {""bbox"": [319, 1788, 1344, 1835], ""type"": ""printed"", ""text"": ""Член Кураторії і Українського Товариства допомоги""}, {""bbox"": [738, 1832, 934, 1863], ""type"": ""printed"", ""text"": ""біженцям:""}, {""bbox"": [416, 1870, 1234, 1918], ""type"": ""printed"", ""text"": ""Д-р. ВОЛОДИМИР КОРОСТОВЕЦЬ""}, {""bbox"": [499, 1933, 1157, 1974], ""type"": ""printed"", ""text"": ""Директор Інститута:""}, {""bbox"": [553, 1975, 1106, 2021], ""type"": ""printed"", ""text"": ""ДМИТРО ДОРОШЕНКО""}, {""bbox"": [283, 2074, 1074, 2130], ""type"": ""handwritten"", ""text"": ""До Впов. Микити Юхимо-""}, {""bbox"": [320, 2136, 1065, 2185], ""type"": ""handwritten"", ""text"": ""Анна Шаповал, голови""}, {""bbox"": [317, 2187, 1147, 2257], ""type"": ""handwritten"", ""text"": ""Укр. соціологичною Ін-піа.""}, {""bbox"": [336, 2317, 1361, 2354], ""type"": ""printed"", ""text"": ""'имчасова адреса: Slavisches Institut der Universität Berlin,""}, {""bbox"": [464, 2353, 1200, 2389], ""type"": ""printed"", ""text"": ""für Ukrainisches Wissenschaftliches Institut.""}]"
64722ae2-0be0-4440-8eb3-c8e5fadb12fd.jpg,"[{""bbox"": [65, 119, 917, 173], ""type"": ""handwritten"", ""text"": ""занятого мною про дозвіл Повіткомісара,""}, {""bbox"": [72, 184, 380, 214], ""type"": ""handwritten"", ""text"": ""отмовіді не маю.""}, {""bbox"": [294, 231, 865, 286], ""type"": ""handwritten"", ""text"": ""Пам'ятний листів 2го району""}, {""bbox"": [499, 302, 708, 348], ""type"": ""handwritten"", ""text"": ""Милотину.""}, {""bbox"": [320, 354, 669, 397], ""type"": ""handwritten"", ""text"": ""З оригіналом згідно.""}, {""bbox"": [438, 407, 860, 458], ""type"": ""handwritten"", ""text"": ""Ком. Управи (підпис)""}, {""bbox"": [293, 508, 648, 574], ""type"": ""handwritten"", ""text"": ""З оригіналом згідн.""}, {""bbox"": [221, 566, 657, 632], ""type"": ""handwritten"", ""text"": ""За ділов імперія від""}, {""bbox"": [292, 624, 664, 685], ""type"": ""handwritten"", ""text"": ""Р. Швальд) 19 III 20""}]"
188c50b7-b537-42cf-b0bc-b336780d0710.jpg,"[{""bbox"": [2675, 164, 2792, 314], ""type"": ""annotation"", ""text"": ""8""}, {""bbox"": [259, 367, 1211, 633], ""type"": ""annotation"", ""text"": ""24/IV 1918. № 7749.""}, {""bbox"": [1306, 439, 1685, 503], ""type"": ""printed"", ""text"": ""Довірочно.""}, {""bbox"": [360, 590, 583, 657], ""type"": ""printed"", ""text"": ""М. Ю.""}, {""bbox"": [1975, 732, 2127, 776], ""type"": ""printed"", ""text"": ""ШОГО""}, {""bbox"": [155, 753, 787, 832], ""type"": ""printed"", ""text"": ""СТАРШИЙ ПРЕДСѢДАТЕЛЬ""}, {""bbox"": [1019, 770, 1974, 840], ""type"": ""printed"", ""text"": ""Панові Діректорові Першо-""}, {""bbox"": [1979, 832, 2212, 884], ""type"": ""printed"", ""text"": ""ерства""}, {""bbox"": [318, 868, 631, 919], ""type"": ""printed"", ""text"": ""ХАРЬКОВСКОЙ""}, {""bbox"": [902, 870, 1868, 943], ""type"": ""printed"", ""text"": ""го Департаменту Міністер-""}, {""bbox"": [210, 962, 735, 1021], ""type"": ""printed"", ""text"": ""СУДЕБНОЙ ПАЛАТЫ.""}, {""bbox"": [844, 970, 1394, 1037], ""type"": ""printed"", ""text"": ""ства Юстиції.""}, {""bbox"": [317, 1389, 1964, 1457], ""type"": ""printed"", ""text"": ""г. Харьковь. На лист бувшого Діректора Першо-""}, {""bbox"": [603, 1496, 1930, 1565], ""type"": ""printed"", ""text"": ""го Департаменту Міністерства Юсти-""}, {""bbox"": [238, 1505, 569, 1810], ""type"": ""annotation"", ""text"": ""44""}, {""bbox"": [597, 1597, 1960, 1669], ""type"": ""printed"", ""text"": ""ції Ф.Л.Мартиновського від 20 липня""}, {""bbox"": [600, 1704, 1892, 1776], ""type"": ""printed"", ""text"": ""ц.р. під № 1381 повідомляю Вас, що""}, {""bbox"": [601, 1808, 1959, 1885], ""type"": ""printed"", ""text"": ""міський суддя м.Вилкомира,прилучен-""}, {""bbox"": [601, 1911, 1965, 1985], ""type"": ""printed"", ""text"": ""ний до вик.об. мирового судді Бах-""}, {""bbox"": [607, 2019, 1937, 2090], ""type"": ""printed"", ""text"": ""мутської судово-мирової округи БЕ-""}, {""bbox"": [603, 2118, 1979, 2195], ""type"": ""printed"", ""text"": ""НЕДІКТОВИЧ, за час пробування з жов-""}, {""bbox"": [608, 2227, 1891, 2304], ""type"": ""printed"", ""text"": ""тня 1915 року у останньої посаді,""}, {""bbox"": [605, 2327, 1939, 2408], ""type"": ""printed"", ""text"": ""проявляв інтерес до справи і знан-""}, {""bbox"": [612, 2437, 1910, 2508], ""type"": ""printed"", ""text"": ""ня цівільних та карних законів, а""}, {""bbox"": [610, 2546, 1900, 2614], ""type"": ""printed"", ""text"": ""також кассаційної практики, але,""}, {""bbox"": [609, 2648, 1912, 2719], ""type"": ""printed"", ""text"": ""по заявлению Предсідателя Бахмут-""}]"
f80fca6e-954a-4de1-ac05-465b0b925fb8.jpg,"[{""bbox"": [2076, 118, 2167, 300], ""type"": ""annotation"", ""text"": ""3""}, {""bbox"": [663, 350, 1709, 437], ""type"": ""handwritten"", ""text"": ""Вельмишановний п Міністре""}, {""bbox"": [265, 439, 2402, 552], ""type"": ""handwritten"", ""text"": ""Я дістав 11/1. Цашоп міста від 6/1. а своєючі п. генерал Сикавич,""}, {""bbox"": [250, 541, 2402, 646], ""type"": ""handwritten"", ""text"": ""тися відводити банку, врутив мені 4 мільйона угорських корон.""}, {""bbox"": [252, 636, 2425, 736], ""type"": ""handwritten"", ""text"": ""Сердечно дякую всім турбози і тимкі своїм змістом міст.""}, {""bbox"": [212, 723, 2432, 838], ""type"": ""handwritten"", ""text"": ""Ростамувався я римаєвою в приватному, але думаю, що через""}, {""bbox"": [232, 834, 2152, 946], ""type"": ""handwritten"", ""text"": ""який час прийдеться змінити його на більш відповідне..""}, {""bbox"": [395, 931, 2398, 1043], ""type"": ""handwritten"", ""text"": ""Думаю, я миністре, що твої Сліпи, якку Ви приколом, буде""}, {""bbox"": [272, 1031, 2398, 1142], ""type"": ""handwritten"", ""text"": ""досить, щоб протидіяти хоча б Вашому приїзду а також і пере-""}, {""bbox"": [244, 1128, 2386, 1242], ""type"": ""handwritten"", ""text"": ""осері вибачує на остані гоцц. А цілком солідаризуюсь з""}, {""bbox"": [244, 1229, 2369, 1337], ""type"": ""handwritten"", ""text"": ""вали, що умови дальшого між перебування найкраще буде""}, {""bbox"": [258, 1326, 2404, 1433], ""type"": ""handwritten"", ""text"": ""полагодити під час персонального побачення з Вами. Йогоому""}, {""bbox"": [250, 1421, 2422, 1532], ""type"": ""handwritten"", ""text"": ""передколу морі від 3 1/2 2, згідно з нашими мерами, які біба-""}, {""bbox"": [208, 1521, 2398, 1630], ""type"": ""handwritten"", ""text"": ""вів ще через брата Лукасевича у Парижі, вимовляв побажання""}, {""bbox"": [215, 1627, 2407, 1735], ""type"": ""handwritten"", ""text"": ""скоро побачення з Вами в Буда-Пешт. Але мені дуже хочеться остан""}, {""bbox"": [218, 1728, 2403, 1836], ""type"": ""handwritten"", ""text"": ""Цілком здорові, а тому прошу не переривати курса лікування.""}, {""bbox"": [253, 1821, 2414, 1930], ""type"": ""handwritten"", ""text"": ""Радий буду бачити Вас, поки вона покращає і дозволить Вам від-""}, {""bbox"": [276, 1926, 1221, 2046], ""type"": ""handwritten"", ""text"": ""бути подорожі до Б-Кешту.""}, {""bbox"": [332, 2022, 2400, 2135], ""type"": ""handwritten"", ""text"": ""Тимчасом шкапилу від тих ктимохоресейр яких я доту-""}, {""bbox"": [283, 2122, 2395, 2234], ""type"": ""handwritten"", ""text"": ""чив до мого попереднього листа. Хотіби цюєб тронилося ці-""}, {""bbox"": [277, 2219, 2392, 2329], ""type"": ""handwritten"", ""text"": ""кавого з обалу політичного листя і вартого уваги, п лінгвістр""}, {""bbox"": [284, 2318, 2385, 2428], ""type"": ""handwritten"", ""text"": ""твірно. ласкавий буде поділитись золотою як новинами, як""}, {""bbox"": [289, 2419, 2399, 2531], ""type"": ""handwritten"", ""text"": ""і своїми тракуваннями і приводу ння. Зокрема цікавить""}, {""bbox"": [278, 2516, 2387, 2630], ""type"": ""handwritten"", ""text"": ""мене новини від д-ра Р. Спаль-Стоговкого, діляться якого""}, {""bbox"": [219, 2620, 2409, 2738], ""type"": ""handwritten"", ""text"": ""з огляду на приход до влади Робертівського Уряду, хоч може дуже над-""}, {""bbox"": [223, 2729, 1533, 2832], ""type"": ""handwritten"", ""text"": ""нічого, але тим більше я потрібною.""}, {""bbox"": [253, 2816, 2392, 2935], ""type"": ""handwritten"", ""text"": ""Свої тіркування щодо завдань нашої спільної праці закликаю""}, {""bbox"": [250, 2915, 2385, 3049], ""type"": ""handwritten"", ""text"": ""до персонального побачення з Вами, коли докладніше можна""}]"
9d61eae3-3d2e-483e-9e77-a2d0941e2125.jpg,"[{""bbox"": [524, 140, 930, 190], ""type"": ""printed"", ""text"": ""УКРАЇНСЬКИЙ""}, {""bbox"": [1668, 143, 2051, 197], ""type"": ""printed"", ""text"": ""UKRAJINSKÝ""}, {""bbox"": [192, 194, 1157, 244], ""type"": ""printed"", ""text"": ""ПЕДАГОГІЧНИЙ  ІНСТИТУТ""}, {""bbox"": [1448, 199, 2261, 248], ""type"": ""printed"", ""text"": ""P E D A G 0 0 1 1 1 1 1 1 1 1 1 1 1 1 1 1 1 1 1 1 1 1 1 1 1 1 1 1 1 1 1 1 1 1 1 1 1 1 1 1 1 1 1 1 1 1 1 1 1 1 1 1 1 1 1 1 1 1 1 1 1 1 1 1 1 1 1 1 1 1 1 1 1 1 1 1 1 1 1 1 1 1 1 1 1 1 1 1 1 1 1 1 1 1 1 1 1 1 1 1 1 1 1 1 1 1 1 1 1 1 1 1 1 1 1 1 1 1 1 1 1 1 1 1 1 1 1 1 1 1 1 1 1 1 1 1 1 1 1 1 1 1 1 1 1 1 1 1 1 1 1 1 1 1 1 1 1 1 1 1 1 1 1 1 1 1 1 1 1 1 1 1 1 1 1 1 1 1 1 1 1 1 1 1 1 1 1 1 1 1 1 1 1 1 1 1 1 1 1 1 1 1 1 1 1 1 1 1 1 1 1 1 1 1 1 1 1 1 1 1 1 1 1 1 1 1 1 1 1 1 1 1 1 1 1 1 1 1 1 1 1 1 1 1 1 1 1 1 1 1 1 1 1 1 1 1 1 1 1 1 1 1 1 1 1 1 1 1 1 1 1 1 1 1 1 1 1 1 1 1 1 1 1 1 1 1 1 1 1 1 1 1 1 1 1 1 1 1 1 1 1 1 1 1 1 1 1 1 1 1 1 1 1 1 1 1 1 1 1 1 1 1 1 1 1 1 1 1 1 1 1 1 1 1 1 1 1 1 1 1 1 1 1 1 1 1 1 1 1 1 1 1 1 1 1 1 1 1 1 1 1 1 1 1 1 1 1 1 1 1 1 1 1 1 1 1 1 1 1 1 1 1 1 1 1 1 1 1 1 1 1 1 1 1 1 1 1 1 1 1 1 1 1 1 1 1 1 1 1 1 1 1 1 1 1 1 1 1 1 1 1 1 1 1 1 1 1 1 1 1 1 1 1 1 1 1 1 1 1 1 1 1 1 1 1 1 1 1 1 1 1 1 1 1 1 1 1 1 1 1 1 1 1 1 1 1 1 1 1 1 1 1 1 1 1 1 1 1 1 1 1 1 1 1 1 1 1 1 1 1 1 1 1 1 1 1 1 1 1 1 1 1 1 1 1 1 1 1 1""}, {""bbox"": [2219, 215, 2435, 387], ""type"": ""annotation"", ""text"": ""132""}, {""bbox"": [641, 260, 730, 288], ""type"": ""printed"", ""text"": ""імени""}, {""bbox"": [1809, 261, 1910, 294], ""type"": ""printed"", ""text"": ""jména""}, {""bbox"": [423, 305, 936, 345], ""type"": ""printed"", ""text"": ""МИХАЙЛА ДРАГОМАНОВА""}, {""bbox"": [1575, 308, 2150, 350], ""type"": ""printed"", ""text"": ""MYCHAJLA DRAHOMANOVA""}, {""bbox"": [589, 354, 752, 387], ""type"": ""printed"", ""text"": ""У ПРАЗI.""}, {""bbox"": [1768, 357, 1953, 393], ""type"": ""printed"", ""text"": ""V PRAZЕ.""}, {""bbox"": [237, 506, 613, 599], ""type"": ""handwritten"", ""text"": ""№ 118/28""}, {""bbox"": [1390, 549, 1638, 588], ""type"": ""printed"", ""text"": ""ПРАГА, дня""}, {""bbox"": [1761, 549, 2291, 604], ""type"": ""printed"", ""text"": ""21. січня 1928 р.""}, {""bbox"": [1384, 599, 1640, 642], ""type"": ""printed"", ""text"": ""PRAHA dne""}, {""bbox"": [192, 603, 659, 636], ""type"": ""printed"", ""text"": ""Відповідаючи, подайте це число.""}, {""bbox"": [179, 700, 809, 740], ""type"": ""printed"", ""text"": ""Відповідь на ч... 3 дня""}, {""bbox"": [1421, 837, 2131, 891], ""type"": ""printed"", ""text"": ""Високоповажаний Пане""}, {""bbox"": [1675, 943, 2018, 1016], ""type"": ""printed"", ""text"": ""Директоре!""}, {""bbox"": [1088, 1183, 2412, 1245], ""type"": ""printed"", ""text"": ""Ректорат Українського Педагогічного Ін-""}, {""bbox"": [857, 1282, 2405, 1348], ""type"": ""printed"", ""text"": ""ституту ім. М. Драгоманова у Празі прохає Вас""}, {""bbox"": [851, 1478, 2369, 1543], ""type"": ""printed"", ""text"": ""ського композитора Миколи Лисенка,що Інститут""}, {""bbox"": [857, 1578, 2297, 1645], ""type"": ""printed"", ""text"": ""улаштовує з нагоди 15-літньої річниці з дня""}, {""bbox"": [852, 1678, 2441, 1749], ""type"": ""printed"", ""text"": ""смерти М.Лисенка в залі Умєлецької Беседи в Пра-""}, {""bbox"": [850, 1772, 2444, 1844], ""type"": ""printed"", ""text"": ""зі III., Беседні вул. ч.44І.дня 24.січня б.р. у""}, {""bbox"": [847, 1873, 1215, 1939], ""type"": ""printed"", ""text"": ""8 год. веч.""}, {""bbox"": [1263, 2109, 2158, 2362], ""type"": ""image"", ""text"": """"}, {""bbox"": [441, 2726, 2308, 2791], ""type"": ""printed"", ""text"": ""В.П. Директорові Українського Інституту Громадознавства""}, {""bbox"": [654, 2821, 1419, 2882], ""type"": ""printed"", ""text"": ""в Празі М. ШАПОВАЛОВІ.""}]"
a727ba9c-9beb-4f9e-81fd-67cf74fc5069.jpg,"[{""bbox"": [2176, 58, 2319, 253], ""type"": ""annotation"", ""text"": ""46""}, {""bbox"": [1250, 567, 2379, 666], ""type"": ""handwritten"", ""text"": ""До Вельмишановного Добродія... Микити""}, {""bbox"": [1375, 666, 1877, 751], ""type"": ""handwritten"", ""text"": ""Шаповал""}, {""bbox"": [1355, 670, 2327, 754], ""type"": ""handwritten"", ""text"": ""Шаповал""}, {""bbox"": [829, 1109, 1558, 1167], ""type"": ""printed"", ""text"": ""Вельмишановний Добродію!""}, {""bbox"": [796, 1256, 2092, 1322], ""type"": ""printed"", ""text"": ""и до видання періодичного органу \""Українське""}, {""bbox"": [322, 1453, 2172, 1523], ""type"": ""printed"", ""text"": ""\""ШКЛЯНКУ ЧАЮ\"", яка має відбутися в Подєбрадах 29. VI. 26 року""}, {""bbox"": [314, 1533, 1729, 1626], ""type"": ""handwritten"", ""text"": ""в помешканні Агато „Централь“ в 3 год. дня""}, {""bbox"": [469, 1656, 2203, 1716], ""type"": ""printed"", ""text"": ""З огляду на загально-національну важливість роспочинаємої""}, {""bbox"": [327, 1754, 1497, 1817], ""type"": ""printed"", ""text"": ""нами справи просимо прибути обовязково.""}, {""bbox"": [477, 1855, 2079, 1914], ""type"": ""printed"", ""text"": ""Запросини розіслані найбільш видатним наші громадянам""}, {""bbox"": [962, 2253, 2028, 2308], ""type"": ""printed"", ""text"": ""Просимо прийняти запевнення в нашій""}, {""bbox"": [661, 2358, 1387, 2409], ""type"": ""printed"", ""text"": ""найглибшій до Вас пошані""}, {""bbox"": [1315, 2447, 2175, 2561], ""type"": ""handwritten"", ""text"": ""Микола Ліпинський""}, {""bbox"": [1333, 2547, 2034, 2864], ""type"": ""image"", ""text"": """"}, {""bbox"": [332, 2758, 812, 2822], ""type"": ""handwritten"", ""text"": ""Подєбради-Лазне.""}]"
26b25869-e0e6-486e-a7bd-ebe8433cc1ae.jpg,"[{""bbox"": [227, 100, 364, 141], ""type"": ""handwritten"", ""text"": ""У. Н. Р.""}, {""bbox"": [863, 115, 1062, 146], ""type"": ""annotation"", ""text"": ""Конія з коній""}, {""bbox"": [135, 168, 500, 209], ""type"": ""handwritten"", ""text"": ""Український Губерніяльний""}, {""bbox"": [230, 230, 357, 270], ""type"": ""handwritten"", ""text"": ""Капітар""}, {""bbox"": [130, 284, 497, 332], ""type"": ""handwritten"", ""text"": ""Квітень 28го дня 1919 року""}, {""bbox"": [556, 286, 960, 333], ""type"": ""handwritten"", ""text"": ""Командующу Північною""}, {""bbox"": [548, 337, 957, 389], ""type"": ""handwritten"", ""text"": ""Групою військ У. Н. Р.""}, {""bbox"": [239, 347, 305, 375], ""type"": ""handwritten"", ""text"": ""і. я""}, {""bbox"": [540, 400, 862, 445], ""type"": ""handwritten"", ""text"": ""Отошану Оскілько.""}, {""bbox"": [203, 402, 353, 432], ""type"": ""handwritten"", ""text"": ""м. Рівне.""}, {""bbox"": [210, 573, 1027, 625], ""type"": ""handwritten"", ""text"": ""Наказання міліції 17го району Петрівського""}, {""bbox"": [142, 631, 1011, 680], ""type"": ""handwritten"", ""text"": ""Ковіну, повідомив мене, що військові частини,""}, {""bbox"": [148, 691, 1051, 739], ""type"": ""handwritten"", ""text"": ""переїздати через м Галич, вимагають від еврей""}, {""bbox"": [147, 747, 1041, 797], ""type"": ""handwritten"", ""text"": ""свого поселення комбінбують, як грішли, так""}, {""bbox"": [141, 807, 1042, 859], ""type"": ""handwritten"", ""text"": ""і однокою, загорожують поприган, при чому були ви-""}, {""bbox"": [143, 863, 1037, 917], ""type"": ""handwritten"", ""text"": ""надсилаю пропозиції. Настійні поселення дуже первоз-""}, {""bbox"": [141, 923, 721, 973], ""type"": ""handwritten"", ""text"": ""ний з огляду на балотов. наступ.""}, {""bbox"": [204, 978, 1043, 1030], ""type"": ""handwritten"", ""text"": ""Про вище зазначене повідомлюю Вам дуже радо:""}, {""bbox"": [142, 1039, 1019, 1090], ""type"": ""handwritten"", ""text"": ""хідних з Вашого боку розпоряджень. При своєї""}, {""bbox"": [146, 1097, 1047, 1143], ""type"": ""handwritten"", ""text"": ""подаємо також копію відношення Міністра""}, {""bbox"": [147, 1149, 692, 1201], ""type"": ""handwritten"", ""text"": ""Єврейських Справ за ч. 435""}, {""bbox"": [296, 1212, 1020, 1267], ""type"": ""handwritten"", ""text"": ""Губерніяльний Канцелярія (підписав) Супоняр""}, {""bbox"": [324, 1268, 1007, 1325], ""type"": ""handwritten"", ""text"": ""Пішов за управлінчого Комісарією""}, {""bbox"": [414, 1366, 817, 1422], ""type"": ""handwritten"", ""text"": ""З оригіналом згідно""}, {""bbox"": [396, 1424, 876, 1485], ""type"": ""handwritten"", ""text"": ""За ділові інтереси відд""}, {""bbox"": [467, 1483, 840, 1548], ""type"": ""handwritten"", ""text"": ""8. Шванд 19 IV 20""}]"
19b47e1f-1439-4c6d-84e3-762aae6ec1f1.jpg,"[{""bbox"": [747, 102, 993, 413], ""type"": ""image"", ""text"": """"}, {""bbox"": [247, 103, 579, 157], ""type"": ""printed"", ""text"": ""Український""}, {""bbox"": [1155, 103, 1490, 157], ""type"": ""printed"", ""text"": ""Ukrajinskyj""}, {""bbox"": [996, 165, 1649, 223], ""type"": ""printed"", ""text"": ""Hromadskyj Vydavnyčyj""}, {""bbox"": [82, 167, 738, 221], ""type"": ""printed"", ""text"": ""Громадський Видавничий""}, {""bbox"": [1253, 232, 1392, 278], ""type"": ""printed"", ""text"": ""Fond""}, {""bbox"": [341, 233, 481, 281], ""type"": ""printed"", ""text"": ""Фонд""}, {""bbox"": [995, 307, 1633, 359], ""type"": ""printed"", ""text"": ""Představenstvo: Praha II.""}, {""bbox"": [85, 309, 736, 357], ""type"": ""printed"", ""text"": ""Правління: Praha II.,""}, {""bbox"": [243, 373, 575, 408], ""type"": ""printed"", ""text"": ""Krakovská  č. 10""}, {""bbox"": [1156, 375, 1493, 410], ""type"": ""printed"", ""text"": ""Krakovská  č. 10""}, {""bbox"": [880, 622, 1381, 681], ""type"": ""printed"", ""text"": ""Прага, 24.XI.26.""}, {""bbox"": [469, 824, 1552, 891], ""type"": ""handwritten"", ""text"": ""До члена Надзірної Ради У.Г.В.Ф.""}, {""bbox"": [477, 886, 1504, 977], ""type"": ""handwritten"", ""text"": ""М. Ю. Маковський""}, {""bbox"": [1048, 1013, 1518, 1110], ""type"": ""handwritten"", ""text"": ""В Празі...""}, {""bbox"": [276, 1172, 1652, 1255], ""type"": ""printed"", ""text"": ""Правління У.Г.В.Ф. має честь просити при-""}, {""bbox"": [143, 1280, 1656, 1357], ""type"": ""printed"", ""text"": ""бути на спільне засідання Правління і Надзір-""}, {""bbox"": [135, 1378, 1671, 1469], ""type"": ""printed"", ""text"": ""ної Ради,яке має відбутись 30 листопада 1926р.""}, {""bbox"": [138, 1478, 1647, 1571], ""type"": ""printed"", ""text"": ""о 14-й год.в помешканні Правління ( Прага II,""}, {""bbox"": [130, 1579, 629, 1653], ""type"": ""printed"", ""text"": ""Краковська, 10).""}, {""bbox"": [394, 1699, 902, 1760], ""type"": ""printed"", ""text"": ""Порядок денний:""}, {""bbox"": [278, 1793, 1280, 1867], ""type"": ""printed"", ""text"": ""I) Інформаційний звіт Правління""}, {""bbox"": [261, 1893, 1580, 1976], ""type"": ""printed"", ""text"": ""2) Проєкт змін адміністративних видатків""}, {""bbox"": [257, 1996, 1343, 2075], ""type"": ""printed"", ""text"": ""3) Біжучі справи і вільні внески""}, {""bbox"": [965, 2122, 1444, 2182], ""type"": ""printed"", ""text"": ""Правління УГВР""}, {""bbox"": [1136, 2203, 1715, 2527], ""type"": ""image"", ""text"": """"}, {""bbox"": [908, 2207, 1392, 2288], ""type"": ""handwritten"", ""text"": ""М. Голісівську""}, {""bbox"": [255, 2214, 876, 2285], ""type"": ""printed"", ""text"": ""Прага, 24 листопаду""}, {""bbox"": [535, 2321, 660, 2374], ""type"": ""annotation"", ""text"": ""1926""}, {""bbox"": [535, 2321, 660, 2374], ""type"": ""handwritten"", ""text"": ""1926""}]"
0aa00698-470c-4193-9b38-4dfa1fc11adb.jpg,"[{""bbox"": [1027, 7, 1120, 130], ""type"": ""annotation"", ""text"": ""88""}, {""bbox"": [349, 100, 1360, 206], ""type"": ""handwritten"", ""text"": ""Високооповажний Павло Олександрович!""}, {""bbox"": [98, 189, 1448, 286], ""type"": ""handwritten"", ""text"": ""Одночасно з цим листом посилаю Вам (в дрібному""}, {""bbox"": [84, 283, 1463, 364], ""type"": ""handwritten"", ""text"": ""конверті стаття: „Архітектура краковського монасти-""}, {""bbox"": [82, 355, 1423, 435], ""type"": ""handwritten"", ""text"": ""ря по деревницу 1699 р\"", яка має 48 стор. + I + 3""}, {""bbox"": [85, 427, 1449, 514], ""type"": ""handwritten"", ""text"": ""таб. з рисунками. Старко проти этогоарху пересада-""}, {""bbox"": [86, 505, 1446, 585], ""type"": ""handwritten"", ""text"": ""Пресній у. Г. Комірець, яко „дохаз“, що я не мартував""}, {""bbox"": [87, 579, 1263, 648], ""type"": ""handwritten"", ""text"": ""стенцію, а потім до редакції „Нов. Укр.“.""}, {""bbox"": [162, 642, 1493, 719], ""type"": ""handwritten"", ""text"": ""Старто я читав на засіданні гуртка Діл. Укр. міс-""}, {""bbox"": [86, 711, 1489, 800], ""type"": ""handwritten"", ""text"": ""рефів у мові і зустрів дуже приємне відношення""}, {""bbox"": [84, 786, 1435, 865], ""type"": ""handwritten"", ""text"": ""і похвал... Спеціяльно С. Юхимовичко підкреслюв""}, {""bbox"": [82, 856, 1491, 933], ""type"": ""handwritten"", ""text"": ""цінність роботи. Так що я навіть і не подивився рахо""}, {""bbox"": [78, 921, 1467, 1001], ""type"": ""handwritten"", ""text"": ""осіжки. Тоут у Львові мені вже робити пропозиції""}, {""bbox"": [73, 995, 1451, 1076], ""type"": ""handwritten"", ""text"": ""що до видачі сфаті, але я не врю галтати, що""}, {""bbox"": [72, 1071, 1467, 1149], ""type"": ""handwritten"", ""text"": ""вони дійсно скоро надрукують, а по друге мені хті-""}, {""bbox"": [68, 1139, 1502, 1217], ""type"": ""handwritten"", ""text"": ""лось би, щоби сючого розвідку надрукувати в \""Нов.""}, {""bbox"": [62, 1215, 1512, 1298], ""type"": ""handwritten"", ""text"": ""Україні\"". Отже проти Вашої допомоги в цілочисле-""}, {""bbox"": [67, 1289, 1491, 1370], ""type"": ""handwritten"", ""text"": ""ві: Як що з яких-небудь приток „Л. Укр.“ не зможе""}, {""bbox"": [63, 1361, 1484, 1443], ""type"": ""handwritten"", ""text"": ""друкувати, то проти мене оріч сповістить в нас-""}, {""bbox"": [62, 1434, 371, 1505], ""type"": ""handwritten"", ""text"": ""більші дні.""}, {""bbox"": [140, 1500, 1242, 1582], ""type"": ""handwritten"", ""text"": ""Як що будуть друкувати, то бу мої уваги:""}, {""bbox"": [127, 1593, 1453, 1684], ""type"": ""handwritten"", ""text"": ""1. Треба, розмініть, умістити всі 3 ілюстрації""}, {""bbox"": [65, 1675, 1467, 1762], ""type"": ""handwritten"", ""text"": ""Траб. з загальним видом дереворіза. Горова кіліна""}, {""bbox"": [64, 1750, 1532, 1830], ""type"": ""handwritten"", ""text"": ""для друкарні я маю вручит і міг би вислат Вам""}, {""bbox"": [65, 1823, 1445, 1900], ""type"": ""handwritten"", ""text"": ""нахунком по потрі на указати Ваш адресу до""}, {""bbox"": [67, 1897, 1460, 1970], ""type"": ""handwritten"", ""text"": ""легкість?) з упевнення, що хліб ви пізнаєте по -""}, {""bbox"": [69, 1960, 1455, 2036], ""type"": ""handwritten"", ""text"": ""вернек\"". Дві думи рабинці з рисунками треба""}, {""bbox"": [56, 2024, 1465, 2102], ""type"": ""handwritten"", ""text"": ""зробити якого розміру, щоби клац вплива на""}, {""bbox"": [60, 2093, 1455, 2174], ""type"": ""handwritten"", ""text"": ""цьому доріжку, с. р. помножити мої копії в 1 1/2""}, {""bbox"": [59, 2168, 1466, 2249], ""type"": ""handwritten"", ""text"": ""раз. В крайньому разі можна упізнати лише""}, {""bbox"": [60, 2238, 1506, 2321], ""type"": ""handwritten"", ""text"": ""одну клацу загального виду монастирів, але при річ""}, {""bbox"": [45, 2306, 1414, 2402], ""type"": ""handwritten"", ""text"": ""викінчти принірку :) на 24 стор. рукопису""}]"
07018594-65ad-4879-b7ee-bf0bbcc609a6.jpg,"[{""bbox"": [1598, 57, 1750, 183], ""type"": ""annotation"", ""text"": ""45""}, {""bbox"": [70, 160, 1797, 251], ""type"": ""handwritten"", ""text"": ""1. п. Жити вийшло 28. к. 1927 р. Редактори: Л. Волощук""}, {""bbox"": [64, 246, 1806, 324], ""type"": ""handwritten"", ""text"": ""і М. Кабота. Виходила до 1930 р. Цього року була при-""}, {""bbox"": [312, 311, 1837, 370], ""type"": ""handwritten"", ""text"": ""через брак грошей забов'язання та кризу""}, {""bbox"": [61, 360, 1771, 446], ""type"": ""handwritten"", ""text"": ""пинена, а з яких причин, післярешення радикалів не знаю""}, {""bbox"": [65, 408, 693, 467], ""type"": ""handwritten"", ""text"": ""редакторський син:""}, {""bbox"": [57, 430, 1777, 525], ""type"": ""handwritten"", ""text"": ""~~послух,~~ підакторський стип. 1932-33 шк.р. була відновлена.""}, {""bbox"": [44, 515, 1801, 616], ""type"": ""handwritten"", ""text"": ""*Активну працю виказують і виказували сама молодь-""}, {""bbox"": [64, 610, 1787, 712], ""type"": ""handwritten"", ""text"": ""студентом з допомогою проф. Приходька. Студентами і діти-""}, {""bbox"": [66, 703, 1339, 786], ""type"": ""handwritten"", ""text"": ""судить і самі на свої кошти вирахують.""}, {""bbox"": [64, 780, 1795, 877], ""type"": ""handwritten"", ""text"": ""Одно видання тепер (180 р.) коштує около 60- Къ. Ціна""}, {""bbox"": [62, 870, 907, 970], ""type"": ""handwritten"", ""text"": ""погодинного числа 050 Кв.""}, {""bbox"": [60, 959, 1753, 1050], ""type"": ""handwritten"", ""text"": ""В перших початках видавало до 40 чисел (руково писана""}, {""bbox"": [60, 1044, 1780, 1140], ""type"": ""handwritten"", ""text"": ""Кімса). Пізніше виходила литографічно (100 - в см. роках 120 -""}, {""bbox"": [59, 1133, 1781, 1225], ""type"": ""handwritten"", ""text"": ""150 чисел), а в цік році 36/37 випускається 180 чисел.""}, {""bbox"": [66, 1216, 1812, 1317], ""type"": ""handwritten"", ""text"": ""Становище проф. персоналу до Києва є добре, тільки гостра""}, {""bbox"": [65, 1304, 1780, 1403], ""type"": ""handwritten"", ""text"": ""цензура проф. Крихорька не дозволяє десь спати добре""}, {""bbox"": [54, 1412, 572, 1497], ""type"": ""handwritten"", ""text"": ""дунаційної думки:""}, {""bbox"": [65, 1478, 1786, 1578], ""type"": ""handwritten"", ""text"": ""Кому, що Киса видається тільки у вузкім крузі зле-""}, {""bbox"": [66, 1568, 1773, 1662], ""type"": ""handwritten"", ""text"": ""ників, а загал про ню мало зная, важніших відгуків""}, {""bbox"": [68, 1658, 1725, 1753], ""type"": ""handwritten"", ""text"": ""чи рецензій не було. Крімів Мухин сказав, що Пасія""}, {""bbox"": [80, 1743, 1780, 1840], ""type"": ""handwritten"", ""text"": ""має етнографічне значення, і про його видає сама мо-""}, {""bbox"": [78, 1840, 1194, 1930], ""type"": ""handwritten"", ""text"": ""лорь, є досить ціклим касовиком.""}, {""bbox"": [43, 1992, 1811, 2092], ""type"": ""handwritten"", ""text"": ""* Ковалого мк. р. видавець Жили \""Рідна Липа\"" вибирає редакцій-""}, {""bbox"": [72, 2083, 1792, 2173], ""type"": ""handwritten"", ""text"": ""му колегію. Тепер редакція така: головний редактор Ф. Кегга,""}, {""bbox"": [80, 2171, 1811, 2261], ""type"": ""handwritten"", ""text"": ""коректор В. Петрашко, засід. головного редактора І. Рогинського, техн.""}, {""bbox"": [85, 2254, 1798, 2350], ""type"": ""handwritten"", ""text"": ""редактор І. Виницук, скарбник Маруся Горба, і помічна""}, {""bbox"": [83, 2349, 804, 2445], ""type"": ""handwritten"", ""text"": ""редакторка М. Бочонко.""}]"
121aa35c-0b20-48d9-8a3f-d8bef3b9cbf6.jpg,"[{""bbox"": [2724, 206, 2839, 311], ""type"": ""annotation"", ""text"": ""2""}, {""bbox"": [2057, 215, 2803, 483], ""type"": ""annotation"", ""text"": "") 7% 402""}, {""bbox"": [1348, 595, 2302, 1165], ""type"": ""annotation"", ""text"": ""Д. № ... 445 Книга січ.""}, {""bbox"": [2348, 716, 2555, 856], ""type"": ""annotation"", ""text"": ""2""}, {""bbox"": [989, 1172, 1807, 1256], ""type"": ""printed"", ""text"": ""Б Е  Н  Е  Д  І  К  Т  0  V  0  [illegible]  [illegible]  [illegible]  [illegible]  [illegible]  [illegible]  [illegible]  [illegible]  [illegible]  [illegible]  [illegible]  [illegible]  [illegible]  [illegible]  [illegible]  [illegible]  [illegible]  [illegible]  [illegible]  [illegible]  [illegible]  [illegible]  [illegible]  [illegible]  [illegible]  [illegible]  [illegible]  [illegible]  [illegible]  [illegible]  [illegible]  [illegible]  [illegible]  [illegible]  [illegible]  [illegible]  [illegible]  [illegible]  [illegible]  [illegible]  [illegible]  [illegible]  [illegible]  [illegible]  [illegible]  [illegible]  [illegible]  [illegible]  [illegible]  [illegible]  [illegible]  [illegible]  [illegible]  [illegible]  [illegible]  [illegible]  [illegible]  [illegible]  [illegible]  [illegible]  [illegible]  [illegible]  [illegible]  [illegible]  [illegible]  [illegible]  [illegible]  [illegible]  [illegible]  [illegible]  [illegible]  [illegible]  [illegible]  [illegible]  [illegible]  [illegible]  [illegible]  [illegible]  [illegible]  [illegible]  [illegible]  [illegible]  [illegible]  [illegible]  [illegible]  [illegible]  [illegible]  [illegible]  [illegible]  [illegible]  [illegible]  [illegible]  [illegible]  [illegible]  [illegible]  [illegible]  [illegible]  [illegible]  [illegible]  [illegible]  [illegible]  [illegible]  [illegible]  [illegible]  [illegible]  [illegible]  [illegible]  [illegible]  [illegible]  [illegible]  [illegible]  [illegible]  [illegible]  [illegible]  [illegible]  [illegible]  [illegible]  [illegible]  [illegible]  [illegible]  [illegible]  [illegible]  [illegible]  [illegible]  [illegible]  [illegible]  [illegible]  [illegible]  [illegible]  [illegible]  [illegible]  [illegible]  [illegible]  [illegible]  [illegible]  [illegible]  [illegible]  [illegible]  [illegible]  [illegible]  [illegible]  [illegible]  [illegible]  [illegible]  [illegible]  [illegible]  [illegible]  [illegible]  [illegible]  [illegible]  [illegible]  [illegible]  [illegible]  [illegible]  [illegible]  [illegible]  [illegible]  [illegible]  [illegible]  [illegible]  [illegible]  [illegible]  [illegible]  [illegible]  [illegible]  [illegible]  [illegible""}, {""bbox"": [929, 1343, 1461, 1409], ""type"": ""printed"", ""text"": ""Іван Дмитрович""}, {""bbox"": [2336, 1411, 2759, 1474], ""type"": ""printed"", ""text"": ""ЕНЕДІКТОВИЧА""}, {""bbox"": [1211, 1536, 2065, 1607], ""type"": ""printed"", ""text"": ""Додатковий Мировий Суддя""}, {""bbox"": [1157, 1715, 2315, 1793], ""type"": ""printed"", ""text"": ""Просиця Мировим Суддею додатковим""}, {""bbox"": [2346, 1893, 2763, 1952], ""type"": ""printed"", ""text"": ""в призначен-""}, {""bbox"": [577, 1962, 1793, 3039], ""type"": ""annotation"", ""text"": ""27. Галицький""}, {""bbox"": [2395, 2930, 2707, 2996], ""type"": ""printed"", ""text"": ""им Росій-""}, {""bbox"": [854, 3366, 1121, 3422], ""type"": ""printed"", ""text"": ""бернії.-""}, {""bbox"": [1216, 3437, 2098, 3568], ""type"": ""handwritten"", ""text"": ""Г. Бекунович""}, {""bbox"": [284, 3669, 1029, 4470], ""type"": ""annotation"", ""text"": ""Повідомлення""}, {""bbox"": [956, 3782, 2396, 3846], ""type"": ""printed"", ""text"": ""Адреса моя: м. Бахмут, Садова вул. № 60.-""}, {""bbox"": [947, 3881, 1901, 3957], ""type"": ""printed"", ""text"": ""Липня \"" 18 \"" дня 1918 року.""}, {""bbox"": [278, 3964, 2422, 4478], ""type"": ""annotation"", ""text"": ""11/XI-1918 року від Марії Лох""}]"
1f6e5a65-089f-4135-a20a-c72aaa4747eb.jpg,"[{""bbox"": [586, 107, 839, 255], ""type"": ""handwritten"", ""text"": ""Абіт""}, {""bbox"": [586, 107, 839, 255], ""type"": ""annotation"", ""text"": ""Абіт""}, {""bbox"": [1557, 116, 1697, 295], ""type"": ""annotation"", ""text"": ""57""}, {""bbox"": [245, 314, 1581, 408], ""type"": ""handwritten"", ""text"": ""та 1192к (словом пішеста сто до""}, {""bbox"": [246, 400, 1581, 512], ""type"": ""handwritten"", ""text"": ""магістрі короти) котрій підправили""}, {""bbox"": [246, 483, 1581, 600], ""type"": ""handwritten"", ""text"": ""пілату для спуску літаків в його""}, {""bbox"": [95, 554, 423, 664], ""type"": ""handwritten"", ""text"": ""рішкое.""}, {""bbox"": [282, 658, 1479, 812], ""type"": ""handwritten"", ""text"": ""Попастеринка, дня 13.I. 1919.""}, {""bbox"": [1122, 812, 1698, 1080], ""type"": ""handwritten"", ""text"": ""Радурелятор""}]"
8f883660-a534-4b7a-aca8-18b7fc97bf90.jpg,"[{""bbox"": [226, 118, 543, 171], ""type"": ""printed"", ""text"": ""Український""}, {""bbox"": [754, 129, 994, 437], ""type"": ""image"", ""text"": """"}, {""bbox"": [1064, 177, 1656, 232], ""type"": ""printed"", ""text"": ""Hromadskyj Vydavnyčyj""}, {""bbox"": [80, 183, 700, 234], ""type"": ""printed"", ""text"": ""Громадський Видавничий""}, {""bbox"": [1303, 243, 1417, 284], ""type"": ""printed"", ""text"": ""Fond""}, {""bbox"": [328, 245, 454, 289], ""type"": ""printed"", ""text"": ""Фонд""}, {""bbox"": [1088, 297, 1640, 333], ""type"": ""printed"", ""text"": ""tiskové a nakladatelské družstvo""}, {""bbox"": [66, 303, 710, 345], ""type"": ""printed"", ""text"": ""друкарське та видавниче товариство""}, {""bbox"": [1284, 348, 1426, 378], ""type"": ""printed"", ""text"": ""v Praze,""}, {""bbox"": [310, 353, 462, 387], ""type"": ""printed"", ""text"": ""в Празі,""}, {""bbox"": [1100, 392, 1605, 429], ""type"": ""printed"", ""text"": ""zapsané společenstvo s ručením""}, {""bbox"": [104, 397, 669, 433], ""type"": ""printed"", ""text"": ""зареєстроване т-во з обмеженою""}, {""bbox"": [1266, 442, 1454, 470], ""type"": ""printed"", ""text"": ""obmezeným""}, {""bbox"": [238, 444, 539, 476], ""type"": ""printed"", ""text"": ""відповідальністю""}, {""bbox"": [319, 504, 1421, 553], ""type"": ""printed"", ""text"": ""ČSR. Praha-Vršovice, Sámova č. 665.""}, {""bbox"": [1340, 597, 1602, 668], ""type"": ""annotation"", ""text"": ""7. III. 28""}, {""bbox"": [324, 738, 1279, 803], ""type"": ""printed"", ""text"": ""До Члена Надзвірної Ради УГВО""}, {""bbox"": [445, 804, 954, 879], ""type"": ""handwritten"", ""text"": ""М. Шаповал""}, {""bbox"": [445, 824, 1714, 894], ""type"": ""printed"", ""text"": ""М. Шаповал""}, {""bbox"": [185, 943, 1680, 1007], ""type"": ""printed"", ""text"": ""Правління УГВС має честь повідомити, що 10-го""}, {""bbox"": [104, 1043, 1713, 1118], ""type"": ""printed"", ""text"": ""березня ц.р. о 9 1/2 год. рано в помешканні Україн.""}, {""bbox"": [108, 1148, 1634, 1221], ""type"": ""printed"", ""text"": ""Інституту Громадознавства (Прага III, Шенікова,""}, {""bbox"": [96, 1249, 1583, 1318], ""type"": ""printed"", ""text"": ""3/III) відбудуться спільні збори Правління і""}, {""bbox"": [96, 1352, 596, 1423], ""type"": ""printed"", ""text"": ""Надвірної Ради.""}, {""bbox"": [193, 1466, 703, 1525], ""type"": ""printed"", ""text"": ""Порядок денний:""}, {""bbox"": [103, 1567, 864, 1631], ""type"": ""printed"", ""text"": ""I. Інформації Правління.""}, {""bbox"": [101, 1667, 1165, 1730], ""type"": ""printed"", ""text"": ""2.Річні звичайні загальні збори.""}, {""bbox"": [99, 1767, 1016, 1837], ""type"": ""printed"", ""text"": ""3.Зміна статуту в §§ 8 і 37""}, {""bbox"": [100, 1880, 634, 1942], ""type"": ""printed"", ""text"": ""4.Біжучі справи.""}, {""bbox"": [740, 1973, 1204, 2034], ""type"": ""printed"", ""text"": ""Презіння УГВ""}, {""bbox"": [571, 2213, 1590, 2418], ""type"": ""handwritten"", ""text"": ""Павлополя Петричевіз""}]"
1d50d7b6-f5a7-4b32-86c7-65c7e965f800.jpg,"[{""bbox"": [37, 37, 232, 119], ""type"": ""annotation"", ""text"": ""25686""}, {""bbox"": [17, 110, 1100, 216], ""type"": ""handwritten"", ""text"": ""бо моє підписання до баде.""}, {""bbox"": [9, 213, 1090, 305], ""type"": ""handwritten"", ""text"": ""мо бачачий, писать не""}, {""bbox"": [36, 302, 1099, 395], ""type"": ""handwritten"", ""text"": ""хочеться. А обіцяють я тебе""}, {""bbox"": [15, 390, 1093, 473], ""type"": ""handwritten"", ""text"": ""не хотів і пішучи, не думав,""}, {""bbox"": [18, 469, 1106, 559], ""type"": ""handwritten"", ""text"": ""що це може тебе обдразити.""}, {""bbox"": [26, 558, 1092, 640], ""type"": ""handwritten"", ""text"": ""Весь час я так думав, а ду""}, {""bbox"": [25, 635, 1097, 722], ""type"": ""handwritten"", ""text"": ""мав так на підставі твоїх""}, {""bbox"": [27, 715, 1084, 798], ""type"": ""handwritten"", ""text"": ""виявних сілів, які, між иним,""}, {""bbox"": [26, 794, 1086, 888], ""type"": ""handwritten"", ""text"": ""є і виставі своїх, які я мож""}, {""bbox"": [28, 882, 958, 963], ""type"": ""handwritten"", ""text"": ""тобі колись показати).""}, {""bbox"": [32, 963, 1082, 1065], ""type"": ""handwritten"", ""text"": ""Ну, бувай здорова. До по-""}, {""bbox"": [28, 1060, 1083, 1143], ""type"": ""handwritten"", ""text"": ""бачення! Аж не спізняюсь""}, {""bbox"": [21, 1139, 1004, 1227], ""type"": ""handwritten"", ""text"": ""і 6-го вже будь з Київі!""}, {""bbox"": [29, 1222, 1085, 1296], ""type"": ""handwritten"", ""text"": ""Твоя кімната на розі Пань-""}, {""bbox"": [21, 1290, 1085, 1383], ""type"": ""handwritten"", ""text"": ""ковской і Н.-Ботаничной (за стінкою крамниця), а від-""}, {""bbox"": [10, 1358, 1075, 1444], ""type"": ""handwritten"", ""text"": ""ко виходять на Н. Бот. Можем пері""}, {""bbox"": [12, 1420, 1079, 1501], ""type"": ""handwritten"", ""text"": ""лишить на вокзалі і йди до мене;""}, {""bbox"": [12, 1482, 1078, 1575], ""type"": ""handwritten"", ""text"": ""але я в 6го була в Університеті. Зранку,""}, {""bbox"": [5, 1550, 1079, 1636], ""type"": ""handwritten"", ""text"": ""ти, знаєш, почекай з мене, я поперечу""}, {""bbox"": [5, 1601, 693, 1677], ""type"": ""handwritten"", ""text"": ""прислугу. І вб прийнявся 5-го.""}, {""bbox"": [55, 1669, 1078, 1769], ""type"": ""handwritten"", ""text"": ""Ну, стосканд мійно руку Васад""}]"
45680c81-ad49-4bd5-90cf-fe5305d7300f.jpg,"[{""bbox"": [1393, 62, 1485, 127], ""type"": ""annotation"", ""text"": ""2""}, {""bbox"": [76, 74, 1267, 164], ""type"": ""handwritten"", ""text"": ""№ 18 року 1925 з розпорядження""}, {""bbox"": [68, 160, 1413, 247], ""type"": ""handwritten"", ""text"": ""шкільного Органу, кінчиться чуть, що""}, {""bbox"": [63, 238, 1416, 315], ""type"": ""handwritten"", ""text"": ""Могли було чинити до училищних""}, {""bbox"": [59, 312, 1437, 385], ""type"": ""handwritten"", ""text"": ""Оминерії було знищено до основиці.""}, {""bbox"": [55, 380, 1440, 458], ""type"": ""handwritten"", ""text"": ""Однако, головною причиной всякого роко-""}, {""bbox"": [41, 452, 1394, 535], ""type"": ""handwritten"", ""text"": ""рішення було тіє, що доорганізова""}, {""bbox"": [42, 527, 1388, 620], ""type"": ""handwritten"", ""text"": ""мова в таких „оригінальних“ слівах:""}, {""bbox"": [48, 614, 1437, 699], ""type"": ""handwritten"", ""text"": ""\"" що ~~мовчали~~ робилишуть з собою ті ут-""}, {""bbox"": [53, 698, 1426, 782], ""type"": ""handwritten"", ""text"": ""ні семинарії, коїрі скінчала школу і""}, {""bbox"": [58, 775, 1485, 860], ""type"": ""handwritten"", ""text"": ""не дістануть посад бо що із нема? Про-""}, {""bbox"": [57, 852, 1484, 937], ""type"": ""handwritten"", ""text"": ""неба закинуть, бо инакого нічого не має""}, {""bbox"": [60, 929, 1407, 1015], ""type"": ""handwritten"", ""text"": ""гаряч а домашній роботу забудьте.""}, {""bbox"": [73, 1002, 1479, 1098], ""type"": ""handwritten"", ""text"": ""Мусимо бачити підготовку до інтен-""}, {""bbox"": [65, 1087, 1478, 1176], ""type"": ""handwritten"", ""text"": ""землею пролетаріату...\"" А насіч-""}, {""bbox"": [67, 1164, 1438, 1257], ""type"": ""handwritten"", ""text"": ""ки? Наслідки осінні: кра- тою за останні""}, {""bbox"": [60, 1247, 1406, 1346], ""type"": ""handwritten"", ""text"": ""року було виявилася потреба „нема""}, {""bbox"": [72, 1336, 1472, 1432], ""type"": ""handwritten"", ""text"": ""вчийсь - кафани - я стріб\"". І дав шле-""}, {""bbox"": [65, 1423, 1432, 1514], ""type"": ""handwritten"", ""text"": ""сенько й найізнесенько \""Стрівадини""}, {""bbox"": [67, 1510, 1374, 1596], ""type"": ""handwritten"", ""text"": ""учительських кандидатів чеків до""}, {""bbox"": [72, 1588, 1465, 1681], ""type"": ""handwritten"", ""text"": ""Мухачева її устроїли для них курс""}, {""bbox"": [95, 1672, 880, 1766], ""type"": ""handwritten"", ""text"": ""руською ду́йка...\"" х)""}, {""bbox"": [72, 1786, 761, 1871], ""type"": ""handwritten"", ""text"": ""4), Свобода\"" Німч 14267. 22.""}]"
630393d4-b357-4251-bb2f-6d6fb3499c3f.jpg,"[{""bbox"": [102, 3, 1757, 127], ""type"": ""handwritten"", ""text"": ""Повітова Команда Дерск. Мич. в Курсан.""}, {""bbox"": [529, 138, 1016, 299], ""type"": ""handwritten"", ""text"": ""Річна""}, {""bbox"": [119, 290, 1735, 406], ""type"": ""handwritten"", ""text"": ""книги касової і за співачь патент - 1918.""}, {""bbox"": [414, 450, 1121, 604], ""type"": ""handwritten"", ""text"": ""Прецепт""}, {""bbox"": [351, 958, 1109, 1037], ""type"": ""handwritten"", ""text"": ""зе ще 28-30рії. С. 4 лютеня""}, {""bbox"": [277, 1132, 1219, 1195], ""type"": ""handwritten"", ""text"": ""Пішлась для стан, в Братис""}, {""bbox"": [685, 1244, 1128, 1357], ""type"": ""handwritten"", ""text"": ""Визом""}, {""bbox"": [615, 1342, 1022, 1432], ""type"": ""handwritten"", ""text"": ""Неділір""}, {""bbox"": [264, 1415, 1376, 1487], ""type"": ""handwritten"", ""text"": ""Невірія позістові відносити у загально""}, {""bbox"": [268, 1468, 1300, 1545], ""type"": ""handwritten"", ""text"": ""реконструкції та стільки грустить 1918,""}, {""bbox"": [345, 1552, 1435, 1713], ""type"": ""handwritten"", ""text"": ""Була, дня 2. лютого 1919.""}, {""bbox"": [745, 1672, 1451, 1764], ""type"": ""handwritten"", ""text"": ""Іван Масентий""}, {""bbox"": [345, 1695, 690, 2035], ""type"": ""image"", ""text"": """"}, {""bbox"": [756, 1752, 1366, 1817], ""type"": ""handwritten"", ""text"": ""Повіт. Комітету. Р. 17""}]"
04cf4a71-95e9-442b-8b09-ffbba912e1e9.jpg,"[{""bbox"": [250, 100, 432, 164], ""type"": ""printed"", ""text"": ""У.І.Г.""}, {""bbox"": [2201, 123, 2383, 290], ""type"": ""annotation"", ""text"": ""166""}, {""bbox"": [67, 209, 757, 272], ""type"": ""printed"", ""text"": ""Відділ Народознавства""}, {""bbox"": [67, 305, 657, 382], ""type"": ""printed"", ""text"": ""дня 5. червня 1928.""}, {""bbox"": [780, 339, 2275, 472], ""type"": ""printed"", ""text"": ""До Вп.п. М.П. Шаповалу:...""}, {""bbox"": [806, 508, 1237, 573], ""type"": ""printed"", ""text"": ""о 4.г. попол.""}, {""bbox"": [373, 563, 2391, 647], ""type"": ""printed"", ""text"": ""сердцу дня 6. червня у Науково- методольогичному семінарі відбудеться""}, {""bbox"": [372, 654, 2391, 743], ""type"": ""printed"", ""text"": ""лад Вп.п. В. Петрова на тему: \""Обопільна залежність між суспіл""}, {""bbox"": [372, 768, 2392, 846], ""type"": ""printed"", ""text"": ""и здвигами та боєвими операціями у війнах під проводом гетьмана Бог""}, {""bbox"": [240, 878, 1405, 950], ""type"": ""printed"", ""text"": ""на Х м е л ь н и ц ь к о г о (\""1648-49)""}, {""bbox"": [302, 1042, 2100, 1109], ""type"": ""printed"", ""text"": ""Повідомляючи Вас про це просимо відвідати згаданий виклад.""}, {""bbox"": [1515, 1253, 1899, 1304], ""type"": ""printed"", ""text"": ""З пошанням""}, {""bbox"": [927, 1361, 2049, 1420], ""type"": ""printed"", ""text"": ""Директор Відділу і керовник семінару""}, {""bbox"": [1148, 1460, 1960, 1525], ""type"": ""printed"", ""text"": ""Проф. П. Білецький ( в. р. )""}]"
b95befcb-d245-4e81-afa6-6f3aedda8639.jpg,"[{""bbox"": [342, 183, 1020, 225], ""type"": ""printed"", ""text"": ""ЛЕГІТИМАЦІЯ ч.""}, {""bbox"": [528, 217, 1244, 350], ""type"": ""handwritten"", ""text"": ""Богачський Завод""}, {""bbox"": [156, 474, 1158, 515], ""type"": ""printed"", ""text"": ""Селянської Спілки 16-17 травня 1925 р. з правом рішального голосу.""}, {""bbox"": [373, 558, 535, 587], ""type"": ""printed"", ""text"": ""За Головник""}]"
1642dd31-e018-441a-97ee-3b9a619798ed.jpg,"[{""bbox"": [484, 79, 1988, 234], ""type"": ""printed"", ""text"": ""Тов. М. Ю. Шаповалов""}, {""bbox"": [478, 179, 627, 231], ""type"": ""printed"", ""text"": ""ТОВ.""}, {""bbox"": [746, 318, 2542, 390], ""type"": ""printed"", ""text"": ""Запрошується Вас на Загальні збори Празького від-""}, {""bbox"": [598, 417, 2468, 493], ""type"": ""printed"", ""text"": ""ділу, котрі відбудуться в пятницю 28 цього січня о""}, {""bbox"": [593, 508, 2474, 587], ""type"": ""printed"", ""text"": ""3 год. пополудні в помешканні:Прага III,Шежікова 4/""}, {""bbox"": [596, 621, 1676, 688], ""type"": ""printed"", ""text"": ""зі слідуючим порядком денним:""}, {""bbox"": [819, 726, 2045, 786], ""type"": ""printed"", ""text"": ""І. Зміни в складі членів відділу.""}, {""bbox"": [887, 781, 1853, 841], ""type"": ""printed"", ""text"": "". Матеріали до Конференції,""}, {""bbox"": [820, 834, 1315, 890], ""type"": ""printed"", ""text"": ""3. Інформації""}, {""bbox"": [820, 885, 1450, 946], ""type"": ""printed"", ""text"": ""4. Біжучі справи.""}, {""bbox"": [1681, 981, 2276, 1043], ""type"": ""printed"", ""text"": ""Президія.""}, {""bbox"": [448, 1084, 893, 1150], ""type"": ""handwritten"", ""text"": ""25/І-1927 р.""}, {""bbox"": [446, 1085, 892, 1149], ""type"": ""printed"", ""text"": ""25/І-1927 р.""}]"
371b0d30-9363-4656-b752-8976d42098cd.jpg,"[{""bbox"": [318, 40, 565, 205], ""type"": ""annotation"", ""text"": ""1984 г""}, {""bbox"": [705, 44, 986, 216], ""type"": ""annotation"", ""text"": ""25 - Vni 234.""}, {""bbox"": [48, 171, 1000, 264], ""type"": ""handwritten"", ""text"": ""Ну, я радий, що ти таки писавш""}, {""bbox"": [43, 256, 1030, 344], ""type"": ""handwritten"", ""text"": ""До того ж, хоча потерпаю,""}, {""bbox"": [45, 337, 1027, 413], ""type"": ""handwritten"", ""text"": ""чи не з'явиться у тебе ще одна яка""}, {""bbox"": [45, 407, 1039, 479], ""type"": ""handwritten"", ""text"": ""небудь п'ятниця на твояму вперед""}, {""bbox"": [45, 470, 1036, 557], ""type"": ""handwritten"", ""text"": ""ливому тишені. Трохи твоєї я""}, {""bbox"": [50, 549, 1036, 628], ""type"": ""handwritten"", ""text"": ""й без тебе сховав, бо так і знав,""}, {""bbox"": [54, 624, 1045, 700], ""type"": ""handwritten"", ""text"": ""що доля їхня ще не раз змінить.""}, {""bbox"": [58, 693, 1036, 772], ""type"": ""handwritten"", ""text"": ""ся. А що ти так така и не""}, {""bbox"": [58, 765, 1040, 836], ""type"": ""handwritten"", ""text"": ""купити моїх творів, це мені""}, {""bbox"": [55, 830, 1042, 911], ""type"": ""handwritten"", ""text"": ""а трішки не бошкула, бо це""}, {""bbox"": [56, 907, 1053, 984], ""type"": ""handwritten"", ""text"": ""було б таки некордмально, щоб""}, {""bbox"": [60, 976, 1055, 1068], ""type"": ""handwritten"", ""text"": ""~~ти~~ купувала. І я таки зди-""}, {""bbox"": [68, 1057, 1054, 1135], ""type"": ""handwritten"", ""text"": ""чувався, коли прочитав, що ти""}, {""bbox"": [68, 1120, 1061, 1214], ""type"": ""handwritten"", ""text"": ""хочем купити\"" відп. \""А\"" \""Раду\""""}, {""bbox"": [65, 1198, 1050, 1289], ""type"": ""handwritten"", ""text"": ""х Київі тоді все таки багато""}, {""bbox"": [71, 1274, 1053, 1359], ""type"": ""handwritten"", ""text"": ""вередтлачувати, як не як, а з""}, {""bbox"": [72, 1343, 1071, 1453], ""type"": ""handwritten"", ""text"": ""неї найбільше може довіда-""}, {""bbox"": [55, 1480, 1084, 1570], ""type"": ""handwritten"", ""text"": ""*) Слово „потерпаю“ значить „боюсь“, по російському""}, {""bbox"": [54, 1527, 1085, 1612], ""type"": ""handwritten"", ""text"": ""Слово \""потерпаю\"" значить \""бачив\"", \""не""}, {""bbox"": [55, 1575, 1043, 1667], ""type"": ""handwritten"", ""text"": ""бо дати вичерпуючий звіст про від'єднання""}]"
0fd11bc7-a7c8-4767-9b72-26a4a9ce23a0.jpg,"[{""bbox"": [1547, 30, 1663, 155], ""type"": ""annotation"", ""text"": ""53""}, {""bbox"": [1150, 99, 1482, 153], ""type"": ""printed"", ""text"": ""Ukrajinskyj""}, {""bbox"": [742, 101, 984, 410], ""type"": ""image"", ""text"": """"}, {""bbox"": [239, 105, 570, 159], ""type"": ""printed"", ""text"": ""Український""}, {""bbox"": [991, 162, 1643, 218], ""type"": ""printed"", ""text"": ""Hromadskyj Vydavnyčyj""}, {""bbox"": [76, 170, 733, 226], ""type"": ""printed"", ""text"": ""Громадський Видавничий""}, {""bbox"": [1247, 227, 1385, 272], ""type"": ""printed"", ""text"": ""Fond""}, {""bbox"": [333, 236, 473, 282], ""type"": ""printed"", ""text"": ""Фонд""}, {""bbox"": [990, 305, 1647, 355], ""type"": ""printed"", ""text"": ""Představenstvo: Praha II.,""}, {""bbox"": [104, 313, 732, 360], ""type"": ""printed"", ""text"": ""Іравління: Praha II.,""}, {""bbox"": [1151, 370, 1486, 406], ""type"": ""printed"", ""text"": ""Krakovská  č. 10""}, {""bbox"": [240, 377, 570, 411], ""type"": ""printed"", ""text"": ""Krakovská  č. 10""}, {""bbox"": [699, 629, 1653, 696], ""type"": ""handwritten"", ""text"": ""До Члена Надзірної Ради УГВФ""}, {""bbox"": [372, 698, 1674, 812], ""type"": ""handwritten"", ""text"": ""Вип. А. Ю. Шаповалом""}, {""bbox"": [165, 1074, 1688, 1150], ""type"": ""printed"", ""text"": ""ти на спільне засідання Правління і Надзірної""}, {""bbox"": [163, 1186, 1607, 1255], ""type"": ""printed"", ""text"": ""Ради, яке має відбутися 12-го жовтня 1926 р.""}, {""bbox"": [162, 1284, 1635, 1353], ""type"": ""printed"", ""text"": ""о 14-й год. в помешканні Правління (Прага I,""}, {""bbox"": [162, 1383, 635, 1452], ""type"": ""printed"", ""text"": ""Краковська, 10)""}, {""bbox"": [329, 1498, 832, 1556], ""type"": ""printed"", ""text"": ""Порядок денний:""}, {""bbox"": [201, 1598, 1313, 1660], ""type"": ""printed"", ""text"": ""1) Інформаційний доклад Правління""}, {""bbox"": [197, 1696, 1300, 1761], ""type"": ""printed"", ""text"": ""2) Біжучі справи і вільні внески.""}, {""bbox"": [936, 1806, 1420, 1858], ""type"": ""printed"", ""text"": ""Правління УГВФ""}, {""bbox"": [159, 1949, 572, 2020], ""type"": ""printed"", ""text"": ""Прага, I/X.26""}]"
c7f47b50-f77b-419f-9e95-029d0b5e106e.jpg,"[{""bbox"": [85, 376, 505, 449], ""type"": ""printed"", ""text"": ""В і д д і л""}, {""bbox"": [8, 476, 992, 551], ""type"": ""printed"", ""text"": ""Н а р о  д о з н а в  с т  в  а""}, {""bbox"": [125, 630, 946, 704], ""type"": ""printed"", ""text"": ""дня 18. травня 1920 р.""}, {""bbox"": [645, 924, 2357, 1049], ""type"": ""handwritten"", ""text"": ""До Зповажаного а. М. Ю. Шаповал.""}, {""bbox"": [1549, 1101, 1917, 1161], ""type"": ""printed"", ""text"": ""В Празі""}, {""bbox"": [415, 1336, 2303, 1426], ""type"": ""printed"", ""text"": ""Відділ Народознавства Укр. Інституту Громадознавства""}, {""bbox"": [351, 1593, 2250, 1676], ""type"": ""printed"", ""text"": ""а тему: \""Генеза поетичної творчости А. Метлинського\""""}, {""bbox"": [354, 1751, 2249, 1831], ""type"": ""printed"", ""text"": ""Виклад відбудеться в науково-методологічному семін""}, {""bbox"": [278, 1959, 1057, 2029], ""type"": ""printed"", ""text"": ""помешканню Інституту.""}, {""bbox"": [1362, 2067, 1780, 2132], ""type"": ""printed"", ""text"": ""з поважанням""}, {""bbox"": [356, 2165, 952, 2239], ""type"": ""printed"", ""text"": ""Директор відділу""}, {""bbox"": [279, 2265, 1144, 2339], ""type"": ""printed"", ""text"": ""проф. Л. Білецький /вр/""}]"
7a57be4d-b57a-428b-b271-d142f87d9173.jpg,"[{""bbox"": [141, 152, 323, 213], ""type"": ""printed"", ""text"": ""У.І.Г.""}, {""bbox"": [2241, 236, 2456, 438], ""type"": ""annotation"", ""text"": ""188""}, {""bbox"": [21, 252, 678, 321], ""type"": ""printed"", ""text"": ""Відділ Народознавства""}, {""bbox"": [17, 358, 584, 424], ""type"": ""printed"", ""text"": ""Педагогічна секція""}, {""bbox"": [913, 428, 2319, 542], ""type"": ""handwritten"", ""text"": ""До Вп.п. М.В.Щаповала.""}, {""bbox"": [14, 461, 598, 530], ""type"": ""printed"", ""text"": ""дня 6. червня 1928.""}, {""bbox"": [505, 629, 2195, 702], ""type"": ""printed"", ""text"": ""У пятницю дня 8. червня о год. 3 1/2 попол. в помешканню""}, {""bbox"": [418, 941, 1128, 1010], ""type"": ""printed"", ""text"": ""дознавства. Програм:""}, {""bbox"": [1070, 1059, 2216, 1128], ""type"": ""printed"", ""text"": ""I. Вступне слово- проф. Л. Білецький.""}, {""bbox"": [1042, 1165, 2128, 1235], ""type"": ""printed"", ""text"": ""2. Виклад проф. С. Русової на тему:""}, {""bbox"": [1121, 1267, 2016, 1329], ""type"": ""printed"", ""text"": ""Що таке соціальна педагогіка""}, {""bbox"": [482, 1320, 2343, 1387], ""type"": ""printed"", ""text"": ""повідомляючи Вас про це просимо відвідати відкриття семінара.""}, {""bbox"": [1440, 1436, 1820, 1485], ""type"": ""printed"", ""text"": ""З поважанням""}, {""bbox"": [1094, 1483, 1633, 1538], ""type"": ""printed"", ""text"": ""Керовник семінара""}, {""bbox"": [1284, 1541, 2002, 1601], ""type"": ""printed"", ""text"": ""проф. С. Русова ( в. р. )""}]"
a54bea3f-86b5-42f9-802d-46a818434a8c.jpg,"[{""bbox"": [83, 93, 889, 154], ""type"": ""printed"", ""text"": ""(РАЇНСЬКИЙ КОМІТЕТ В Ч. С. Р.""}, {""bbox"": [1497, 107, 2244, 179], ""type"": ""printed"", ""text"": ""1 жовтня 1927 року.""}, {""bbox"": [46, 177, 888, 243], ""type"": ""printed"", ""text"": ""UKRAJINSKÝ KOMITÉT V Č. S. R.""}, {""bbox"": [164, 252, 773, 307], ""type"": ""printed"", ""text"": ""PRAHA II., KRAKOVSKA 10/ V.""}, {""bbox"": [1002, 260, 2250, 336], ""type"": ""printed"", ""text"": ""До члена Українського Комітету ВП""}, {""bbox"": [1009, 341, 1744, 445], ""type"": ""handwritten"", ""text"": ""п. Мр. Мановск""}, {""bbox"": [185, 508, 443, 568], ""type"": ""printed"", ""text"": ""4. I 943.""}, {""bbox"": [566, 668, 2320, 741], ""type"": ""printed"", ""text"": ""Управа Українського Комітету ласкаво просить Вас""}, {""bbox"": [507, 765, 2280, 847], ""type"": ""printed"", ""text"": ""ти на Загальні Збори членів Українського Комітету""}, {""bbox"": [388, 868, 2168, 948], ""type"": ""printed"", ""text"": ""мають відбутися 8 цього жовтня о 2 годині по полу""}, {""bbox"": [447, 968, 2228, 1060], ""type"": ""printed"", ""text"": ""мешканні Černý Pivovar, Praha II, Karlovo n. /spolk. mís""}, {""bbox"": [893, 1134, 1450, 1194], ""type"": ""printed"", ""text"": ""Порядок денний:""}, {""bbox"": [257, 1332, 1493, 1407], ""type"": ""printed"", ""text"": ""2/ Довибір членів Управи Комітету""}, {""bbox"": [447, 1434, 2224, 1512], ""type"": ""printed"", ""text"": ""оклад про сучасне становище Комітету і його майбут""}, {""bbox"": [371, 1496, 584, 1544], ""type"": ""printed"", ""text"": ""праця.""}, {""bbox"": [254, 1539, 1670, 1607], ""type"": ""printed"", ""text"": ""4/ Організація Одадно-позичкової каси.""}, {""bbox"": [256, 1642, 883, 1714], ""type"": ""printed"", ""text"": ""5/ Віжучі справи.""}, {""bbox"": [968, 1710, 1568, 1759], ""type"": ""printed"", ""text"": ""З пошаною""}, {""bbox"": [1343, 1812, 1932, 1876], ""type"": ""printed"", ""text"": ""Управи Комітету.""}]"
0c3a5c00-b135-48c0-9f46-a3d152c68e2e.jpg,"[{""bbox"": [1871, 216, 2084, 415], ""type"": ""annotation"", ""text"": ""14""}, {""bbox"": [620, 284, 924, 348], ""type"": ""printed"", ""text"": ""Відозва.""}, {""bbox"": [957, 335, 1860, 448], ""type"": ""handwritten"", ""text"": ""До В. ЦД-ів великих""}, {""bbox"": [1178, 446, 1646, 512], ""type"": ""handwritten"", ""text"": ""Мапозама""}, {""bbox"": [494, 531, 1814, 586], ""type"": ""printed"", ""text"": ""21. III. 1927 року помер на вигнанні український видатний уче-""}, {""bbox"": [417, 585, 1817, 636], ""type"": ""printed"", ""text"": ""ний професор Володимир К о в а л ь — агроном-машинознавець та ко-""}, {""bbox"": [409, 628, 1016, 671], ""type"": ""printed"", ""text"": ""оператор-сільськогосподарник.""}, {""bbox"": [493, 671, 1819, 722], ""type"": ""printed"", ""text"": ""В цілях вшанування памяти небіжчика 19. III. 1928 р. нижчепід-""}, {""bbox"": [556, 713, 1790, 761], ""type"": ""printed"", ""text"": ""організації та особи заложили „Комітет для вшанування пам-""}, {""bbox"": [412, 764, 1115, 808], ""type"": ""printed"", ""text"": ""яти проф. Володимира К о в а л я\"".""}, {""bbox"": [506, 807, 1670, 852], ""type"": ""printed"", ""text"": ""Для здійснення свого завдання Комітет має подбати про:""}, {""bbox"": [516, 856, 1822, 904], ""type"": ""printed"", ""text"": ""а) збирання матеріалів з життя й діяльности небіжчика, відповідне їх упо-""}, {""bbox"": [588, 898, 1105, 936], ""type"": ""printed"", ""text"": ""рядковання та опубліковання;""}, {""bbox"": [524, 934, 1821, 977], ""type"": ""printed"", ""text"": ""б) вияснення та реєстрацію літературних праць небіжчика, як по спеці-""}, {""bbox"": [561, 973, 1789, 1014], ""type"": ""printed"", ""text"": ""яльних, так і по загальних питаннях, підготовку їх до друку та опуб-""}, {""bbox"": [558, 1034, 1790, 1081], ""type"": ""printed"", ""text"": ""в) виявлення ролі небіжчика як ученого та практичного діяча в сфері""}, {""bbox"": [598, 1112, 1824, 1155], ""type"": ""printed"", ""text"": ""упорядкування могили небіжчика та ліквідацію рахунків, звязаних з""}, {""bbox"": [532, 1182, 1822, 1233], ""type"": ""printed"", ""text"": ""д) перевіз на Україну тлінних останків небіжчика, коли для того скла-""}, {""bbox"": [563, 1222, 1071, 1259], ""type"": ""printed"", ""text"": ""дуться відповідні обставини;""}, {""bbox"": [520, 1257, 1821, 1305], ""type"": ""printed"", ""text"": ""е) переведення всякої иншої роботи, звязаної з основним завданням Ко-""}, {""bbox"": [494, 1339, 1822, 1388], ""type"": ""printed"", ""text"": ""Повідомляючи про це Вас, презідія загальних Зборів Комітету""}, {""bbox"": [556, 1386, 1790, 1434], ""type"": ""printed"", ""text"": ""ється до Вас з проханням вступити в склад членів Комітету.""}, {""bbox"": [490, 1430, 1820, 1480], ""type"": ""printed"", ""text"": ""Наколи б питання про вступ було б розвязано Вами негативно,""}, {""bbox"": [558, 1474, 1790, 1522], ""type"": ""printed"", ""text"": ""ємося до Вас з проханням внести добровільний даток у „Фонд""}, {""bbox"": [408, 1497, 1819, 1552], ""type"": ""printed"", ""text"": ""звертаємося до Вас з проханням внести добровільний даток у „Фонд""}, {""bbox"": [558, 1518, 1790, 1564], ""type"": ""printed"", ""text"": ""панування памяти проф. В. К о в а л я,\"" надіславши його на ад-""}, {""bbox"": [407, 1576, 2001, 1643], ""type"": ""printed"", ""text"": ""ресу: М.Дзержину Крамолинова 11. с. 1143 Кутаевск""}, {""bbox"": [407, 1576, 2001, 1643], ""type"": ""handwritten"", ""text"": ""ресу: М.Дібічку Крамолінова 11. с. 1143 Кутеярк""}, {""bbox"": [491, 1655, 1819, 1708], ""type"": ""printed"", ""text"": ""Одночасно повідомляємо, що загальні збори Комітету для оста-""}, {""bbox"": [556, 1699, 1790, 1750], ""type"": ""printed"", ""text"": ""го його конструювання призначено на 20. IV. 1928 р. в Поде-""}, {""bbox"": [411, 1748, 1825, 1796], ""type"": ""printed"", ""text"": ""брадах, на 2 г. дня в Кабінеті Загального Хліборобства (замок, кім-""}, {""bbox"": [500, 1836, 1821, 1881], ""type"": ""printed"", ""text"": ""Сподіююсь на прихильне з Вашого боку ставлення до заін-""}, {""bbox"": [557, 1881, 1790, 1928], ""type"": ""printed"", ""text"": ""ної нами справи залишаємося з правдивою до Вас пошаною.""}, {""bbox"": [495, 1924, 1706, 1973], ""type"": ""printed"", ""text"": ""Голова Загальних зборів Комітету для вшанування памяти""}, {""bbox"": [895, 1970, 1711, 2018], ""type"": ""printed"", ""text"": ""проф. В. К о в а л я Вікт. Доманицький.""}, {""bbox"": [1061, 2025, 1717, 2071], ""type"": ""printed"", ""text"": ""Секретар зборів В. Дрикалович.""}, {""bbox"": [499, 2079, 1584, 2126], ""type"": ""printed"", ""text"": ""Фундатори: За себе персонально проф. К. Мацієвич.""}, {""bbox"": [1184, 2136, 1678, 2181], ""type"": ""printed"", ""text"": ""лектор В. Доманицький.""}, {""bbox"": [516, 2185, 1729, 2239], ""type"": ""printed"", ""text"": ""За В-во „Кооперативний фонд ім. Василя Доманицького“""}, {""bbox"": [1292, 2238, 1713, 2285], ""type"": ""printed"", ""text"": ""Микола Литвицький.""}, {""bbox"": [568, 2295, 1450, 2343], ""type"": ""printed"", ""text"": ""Ощ.-поз. т-во „Єдність“ В. Дрикалович.""}, {""bbox"": [570, 2342, 1441, 2390], ""type"": ""printed"", ""text"": ""Спож. т-во „Україна“ Я. Шабельський.""}, {""bbox"": [570, 2388, 1382, 2434], ""type"": ""printed"", ""text"": ""„Агрономічне т-во при УГА“ Л. Рибак.""}, {""bbox"": [561, 2433, 1326, 2477], ""type"": ""printed"", ""text"": ""В-во „Вільна Спілка“ Б. Залевський.""}, {""bbox"": [501, 2504, 1161, 2549], ""type"": ""printed"", ""text"": ""Подєбради-Лазнє. 23. III. 1928 р.""}, {""bbox"": [505, 2576, 1033, 2616], ""type"": ""printed"", ""text"": ""Зразок. (заяви про вступ).""}, {""bbox"": [556, 2648, 1790, 2691], ""type"": ""printed"", ""text"": ""приймаючи статут Комітету для вшанування памяти проф. Володимира""}, {""bbox"": [556, 2681, 1790, 2721], ""type"": ""printed"", ""text"": ""ля, цим зголошую свій вступ в склад членів зазначеного Комітету а""}, {""bbox"": [414, 2751, 926, 2786], ""type"": ""printed"", ""text"": ""добровільним внеском в сумі""}, {""bbox"": [575, 2796, 684, 2828], ""type"": ""printed"", ""text"": ""(Дата)""}, {""bbox"": [574, 2842, 833, 2876], ""type"": ""printed"", ""text"": ""(точна адреса)""}, {""bbox"": [1227, 2844, 1358, 2875], ""type"": ""printed"", ""text"": ""(підпис)""}]"
a3a2c459-f895-4f74-825b-2cb11cc0c8c5.jpg,"[{""bbox"": [873, 411, 1086, 567], ""type"": ""annotation"", ""text"": ""7.10""}, {""bbox"": [1201, 561, 2692, 705], ""type"": ""printed"", ""text"": ""ронившіся у маєтку Несвітевича (де мі-""}, {""bbox"": [1200, 681, 2697, 804], ""type"": ""printed"", ""text"": ""стилась камера мирового судді з участка""}, {""bbox"": [1201, 778, 2696, 898], ""type"": ""printed"", ""text"": ""Бахмутского повіту, котрого Бенедиктович""}, {""bbox"": [1196, 870, 2749, 1014], ""type"": ""printed"", ""text"": ""у те время заміняв), були покрадені боль-""}, {""bbox"": [1198, 991, 2490, 1106], ""type"": ""printed"", ""text"": ""шовиками при розгромі того маєтка.""}, {""bbox"": [1342, 1097, 2688, 1210], ""type"": ""printed"", ""text"": ""З огляду на ці данні,зовсім відсто-""}, {""bbox"": [1197, 1206, 2727, 1311], ""type"": ""printed"", ""text"": ""роняється та перешкода, котра у вищезга-""}, {""bbox"": [1200, 1303, 2620, 1417], ""type"": ""printed"", ""text"": ""даному відношенні моїм під № 337 була""}, {""bbox"": [1199, 1409, 2764, 1512], ""type"": ""printed"", ""text"": ""зазначена мною для призначення Бенедикто-""}, {""bbox"": [1199, 1518, 2731, 1615], ""type"": ""printed"", ""text"": ""вича мировим суддею у Бахмутську судово-""}, {""bbox"": [1193, 1644, 1723, 1723], ""type"": ""printed"", ""text"": ""мирову округу.""}, {""bbox"": [1345, 1739, 2581, 1822], ""type"": ""printed"", ""text"": ""Прикладається копія формулярного""}, {""bbox"": [1313, 1997, 2373, 2103], ""type"": ""printed"", ""text"": ""Старший Предсідатель Жубий""}, {""bbox"": [1662, 2864, 2008, 2921], ""type"": ""printed"", ""text"": ""Секретарь""}]"
7c4f5130-ca60-48c7-85e4-096c8de64ed2.jpg,"[{""bbox"": [942, 51, 1000, 83], ""type"": ""annotation"", ""text"": ""№ 3""}, {""bbox"": [151, 113, 554, 154], ""type"": ""handwritten"", ""text"": ""Переклад з єврейської мови.""}, {""bbox"": [813, 114, 1032, 144], ""type"": ""annotation"", ""text"": ""Конія з конії.""}, {""bbox"": [265, 227, 898, 273], ""type"": ""handwritten"", ""text"": ""До Міністерства Еврейських Справ.""}, {""bbox"": [438, 339, 618, 388], ""type"": ""handwritten"", ""text"": ""Прощання""}, {""bbox"": [533, 466, 885, 497], ""type"": ""handwritten"", ""text"": ""Делягайів Гощінської""}, {""bbox"": [527, 517, 903, 563], ""type"": ""handwritten"", ""text"": ""Єврейськ. Громадськ. Ради.""}, {""bbox"": [210, 632, 1051, 679], ""type"": ""handwritten"", ""text"": ""Прохання Міністерство Еврейских Справ висла-""}, {""bbox"": [152, 695, 1037, 741], ""type"": ""handwritten"", ""text"": ""ти заходів проти Бандитів, котрі вимагають""}, {""bbox"": [154, 748, 1036, 798], ""type"": ""handwritten"", ""text"": ""від нашого містечка 25.000 карбованців контрабанду-""}, {""bbox"": [150, 808, 1039, 860], ""type"": ""handwritten"", ""text"": ""ції. Коли ця сума не буде їй видана, вони заго-""}, {""bbox"": [147, 868, 1049, 920], ""type"": ""handwritten"", ""text"": ""розмушать вимикання заліз з станції Кривень, по-""}, {""bbox"": [152, 923, 1050, 975], ""type"": ""handwritten"", ""text"": ""тіла находиться в 25 вёр. від нашого містечка, роз""}, {""bbox"": [154, 979, 1061, 1031], ""type"": ""handwritten"", ""text"": ""ті знищують містечко. Вони вже нафу див нас""}, {""bbox"": [153, 1040, 1041, 1087], ""type"": ""handwritten"", ""text"": ""ходиться в м. Гаці, їх всього 2 чоловіка й вони""}, {""bbox"": [153, 1099, 1039, 1148], ""type"": ""handwritten"", ""text"": ""називають себе старшинами вкраїнської Народ-""}, {""bbox"": [152, 1156, 1062, 1210], ""type"": ""handwritten"", ""text"": ""ної Мрії. Вона вчера заїхала до одного квіт,""}, {""bbox"": [152, 1214, 1043, 1269], ""type"": ""handwritten"", ""text"": ""котрого він хотів зрадити. Його арештували, бо""}, {""bbox"": [154, 1273, 1054, 1325], ""type"": ""handwritten"", ""text"": ""якого прийшов його творити і Наголошить Міз""}, {""bbox"": [153, 1331, 1080, 1383], ""type"": ""handwritten"", ""text"": ""ліції, котрій має всього в своїй російфікації""}, {""bbox"": [154, 1387, 1058, 1441], ""type"": ""handwritten"", ""text"": ""10 людей, примусом був його вилучений. Після""}, {""bbox"": [147, 1447, 1015, 1499], ""type"": ""handwritten"", ""text"": ""цього, вони під угрозою, що викликають їх заліп""}, {""bbox"": [148, 1503, 1038, 1552], ""type"": ""handwritten"", ""text"": ""для зниження містечка, вимагаючи 25.000 карбо-""}, {""bbox"": [153, 1564, 281, 1600], ""type"": ""handwritten"", ""text"": ""васил.""}, {""bbox"": [214, 1614, 1022, 1663], ""type"": ""handwritten"", ""text"": ""У нашій околиці еврейське населення зовсім""}, {""bbox"": [156, 1672, 1035, 1728], ""type"": ""handwritten"", ""text"": ""пограбовано. В селі Могил замордовано еврейську""}]"
99680234-73e0-4696-a6b1-44f884eb9dec.jpg,"[{""bbox"": [132, 93, 1054, 219], ""type"": ""handwritten"", ""text"": ""лубця про Аркипенка.""}, {""bbox"": [134, 202, 1455, 315], ""type"": ""handwritten"", ""text"": ""Рецензія про книжку Мерцманека проти""}, {""bbox"": [87, 309, 401, 399], ""type"": ""handwritten"", ""text"": ""повернути.""}, {""bbox"": [161, 375, 1468, 494], ""type"": ""handwritten"", ""text"": ""Що розказуєте дих старій, що є в ре-""}, {""bbox"": [57, 469, 1416, 588], ""type"": ""handwritten"", ""text"": ""дакції мов, то є вже разом 5 книг""}, {""bbox"": [85, 566, 1477, 678], ""type"": ""handwritten"", ""text"": ""і прояв повернути і все мені обіцяють.""}, {""bbox"": [89, 658, 1387, 780], ""type"": ""handwritten"", ""text"": ""Вам вкласти. Мушу сам відобрази-""}, {""bbox"": [181, 772, 1396, 883], ""type"": ""handwritten"", ""text"": ""Я вже писав Вам - як що можеть""}, {""bbox"": [47, 860, 1390, 979], ""type"": ""handwritten"", ""text"": ""прислали мені якісь видані з""}, {""bbox"": [70, 945, 1430, 1070], ""type"": ""handwritten"", ""text"": ""містерства для рецензій тим. тому""}, {""bbox"": [95, 1054, 1444, 1161], ""type"": ""handwritten"", ""text"": ""мійте нічого неможно думати, або дуже""}, {""bbox"": [86, 1139, 1375, 1253], ""type"": ""handwritten"", ""text"": ""дорого. Проте вислаці мені ковзу""}, {""bbox"": [86, 1236, 1500, 1345], ""type"": ""handwritten"", ""text"": ""химверку: Florian Zápletal: Поріжанска""}, {""bbox"": [91, 1332, 1388, 1442], ""type"": ""handwritten"", ""text"": ""rotunda. В Оломоці 1923 року. Спікнувся""}, {""bbox"": [66, 1426, 1045, 1583], ""type"": ""handwritten"", ""text"": ""Для розуміння неможно думати.""}, {""bbox"": [544, 1531, 1174, 1679], ""type"": ""handwritten"", ""text"": ""Всього доброго!""}, {""bbox"": [490, 1678, 1406, 1860], ""type"": ""handwritten"", ""text"": ""Ввечерю повезем до Вас""}, {""bbox"": [710, 1873, 1101, 1981], ""type"": ""annotation"", ""text"": ""86""}, {""bbox"": [710, 1873, 1101, 1981], ""type"": ""handwritten"", ""text"": ""АБО""}, {""bbox"": [150, 1948, 573, 2054], ""type"": ""handwritten"", ""text"": ""Любов""}, {""bbox"": [86, 2066, 553, 2198], ""type"": ""handwritten"", ""text"": ""Записка, 8""}]"
17fd976f-8a79-4d74-a066-61bdb02a3afb.jpg,"[{""bbox"": [830, 49, 994, 228], ""type"": ""annotation"", ""text"": ""247. 232""}, {""bbox"": [239, 63, 492, 209], ""type"": ""annotation"", ""text"": ""1902""}, {""bbox"": [75, 191, 950, 302], ""type"": ""handwritten"", ""text"": ""Оговядьки тебе, хороша, щоб""}, {""bbox"": [47, 285, 960, 378], ""type"": ""handwritten"", ""text"": ""Дуже приєднано, що ти так""}, {""bbox"": [52, 366, 962, 448], ""type"": ""handwritten"", ""text"": ""фактом закріпилося \""Рятуй\"".""}, {""bbox"": [48, 429, 978, 513], ""type"": ""handwritten"", ""text"": ""Погано тільки, що в тебе""}, {""bbox"": [68, 505, 975, 584], ""type"": ""handwritten"", ""text"": ""ще зостався гімназічний""}, {""bbox"": [72, 579, 1006, 659], ""type"": ""handwritten"", ""text"": ""спосіб звертання до това-""}, {""bbox"": [74, 650, 1005, 732], ""type"": ""handwritten"", ""text"": ""римів з документами. Ко-""}, {""bbox"": [69, 721, 1017, 792], ""type"": ""handwritten"", ""text"": ""чи ти хочеш щось доду-""}, {""bbox"": [74, 783, 1017, 864], ""type"": ""handwritten"", ""text"": ""кажи мені, ти неоднок-""}, {""bbox"": [77, 863, 1012, 945], ""type"": ""handwritten"", ""text"": ""но мусим зазрані навколо""}, {""bbox"": [78, 932, 1007, 1021], ""type"": ""handwritten"", ""text"": ""Сказати: \""А ну, побачимо,""}, {""bbox"": [90, 1005, 1027, 1091], ""type"": ""handwritten"", ""text"": ""чи ти справжній това-""}, {""bbox"": [75, 1077, 1025, 1163], ""type"": ""handwritten"", ""text"": ""рин\"". Пора б, Катре, за ки-""}, {""bbox"": [71, 1149, 1020, 1237], ""type"": ""handwritten"", ""text"": ""жуть пішназію. Невже""}, {""bbox"": [77, 1229, 1023, 1314], ""type"": ""handwritten"", ""text"": ""ти думаєш, що, не маючи""}, {""bbox"": [83, 1303, 1015, 1419], ""type"": ""handwritten"", ""text"": ""Змоги або не бачати""}]"
a5e31da0-5af9-490a-9940-4eb01af25b76.jpg,"[{""bbox"": [35, 11, 1509, 106], ""type"": ""handwritten"", ""text"": ""та Народна прокуратура, які, згідно Конституції, повинні бути""}, {""bbox"": [40, 98, 1025, 180], ""type"": ""handwritten"", ""text"": ""незалежними у здійснені працюють""}, {""bbox"": [120, 171, 1624, 250], ""type"": ""handwritten"", ""text"": ""Проте на практиці ця система не є масштабним прикладом""}, {""bbox"": [39, 239, 1500, 326], ""type"": ""handwritten"", ""text"": ""поділом влади, оскільки всі чини влади передбачають під""}, {""bbox"": [38, 319, 1482, 400], ""type"": ""handwritten"", ""text"": ""знатим вибори Комуністичної партії Київщі, що має""}, {""bbox"": [37, 391, 1476, 478], ""type"": ""handwritten"", ""text"": ""Ініціативну роль у формуванні та контролі над усіма""}, {""bbox"": [1413, 465, 1467, 531], ""type"": ""annotation"", ""text"": ""4""}, {""bbox"": [40, 471, 709, 567], ""type"": ""handwritten"", ""text"": ""державним інститутам""}, {""bbox"": [80, 544, 1598, 640], ""type"": ""handwritten"", ""text"": ""2) Конституція КНР гарантує широкий спектр прав і свобод""}, {""bbox"": [98, 630, 1583, 713], ""type"": ""handwritten"", ""text"": ""гранатом, через зміхи і право на працю, освіту, свободу слова,""}, {""bbox"": [103, 702, 1582, 786], ""type"": ""handwritten"", ""text"": ""дуже, зборів, відповідних, право на пенсію і соціальні""}, {""bbox"": [102, 779, 1582, 875], ""type"": ""handwritten"", ""text"": ""захнет. Також передано рівність цих гранати через""}, {""bbox"": [93, 868, 312, 952], ""type"": ""handwritten"", ""text"": ""законом.""}, {""bbox"": [168, 896, 1627, 994], ""type"": ""handwritten"", ""text"": ""Професіоналізм.""}, {""bbox"": [32, 982, 1609, 1070], ""type"": ""handwritten"", ""text"": ""що передбачається загалом інтересів держави, суспільства та""}, {""bbox"": [30, 1052, 1619, 1142], ""type"": ""handwritten"", ""text"": ""конструкту. Це дає здійснення органам широкій повноваження""}, {""bbox"": [32, 1127, 1602, 1226], ""type"": ""handwritten"", ""text"": ""яке регулювати і контролює громадську свідомість в інтересах""}, {""bbox"": [36, 1190, 1586, 1305], ""type"": ""handwritten"", ""text"": ""збереження соціального порядку; політичної стабільності;""}, {""bbox"": [54, 1279, 1446, 1387], ""type"": ""handwritten"", ""text"": ""3) Комуністична партія Китаю відірвав центральну і""}, {""bbox"": [65, 1360, 1587, 1466], ""type"": ""handwritten"", ""text"": ""вирішальну роль в управлінні державою. Вони є єдиною""}, {""bbox"": [57, 1431, 1402, 1532], ""type"": ""handwritten"", ""text"": ""правильною платною спілкою, що контролює всі""}, {""bbox"": [57, 1497, 1549, 1597], ""type"": ""handwritten"", ""text"": ""кожної інституції влади, включно з законодавчим,""}, {""bbox"": [55, 1573, 1593, 1657], ""type"": ""handwritten"", ""text"": ""виконавчиму, судовим органам. Контроль за дотриманням""}, {""bbox"": [50, 1639, 1609, 1729], ""type"": ""handwritten"", ""text"": ""Ізнати керівну роль КПК як основи партійної системи""}, {""bbox"": [43, 1716, 1508, 1802], ""type"": ""handwritten"", ""text"": ""КНР. Вже власні КНК поширюється на всі сфери""}, {""bbox"": [47, 1784, 1587, 1867], ""type"": ""handwritten"", ""text"": ""лештя, що забезпечує їй повний доступ на принципі""}, {""bbox"": [48, 1858, 1375, 1937], ""type"": ""handwritten"", ""text"": ""стратегічних рішень, підтримане кейпталом""}, {""bbox"": [66, 1929, 505, 2036], ""type"": ""handwritten"", ""text"": ""курсу герпіт.""}]"
fa4261aa-fe04-40d4-9204-94332941c598.jpg,"[{""bbox"": [105, 0, 1513, 92], ""type"": ""handwritten"", ""text"": ""Відповідно до Введення: поняття про посудильний""}, {""bbox"": [81, 105, 506, 182], ""type"": ""handwritten"", ""text"": ""Знайти ідеаль""}, {""bbox"": [136, 156, 1602, 238], ""type"": ""handwritten"", ""text"": ""У ст. 5 ВК чого визначає основні функції поліційних""}, {""bbox"": [83, 236, 521, 309], ""type"": ""handwritten"", ""text"": ""ученів, а саме:""}, {""bbox"": [94, 284, 1446, 373], ""type"": ""handwritten"", ""text"": ""- закоханий в державі перебувати інтересів громадян""}, {""bbox"": [90, 359, 1195, 446], ""type"": ""handwritten"", ""text"": ""держави напрямленя - фіз. та геогр. осої""}, {""bbox"": [77, 444, 1642, 532], ""type"": ""handwritten"", ""text"": ""- розвиток та сприяння торговельних, економічною, культурні,""}, {""bbox"": [81, 525, 1034, 606], ""type"": ""handwritten"", ""text"": ""національних зв'язків між державами""}, {""bbox"": [53, 596, 1567, 692], ""type"": ""handwritten"", ""text"": ""- збірник законних способів інформацію про державу""}, {""bbox"": [88, 679, 385, 761], ""type"": ""handwritten"", ""text"": ""перебування""}, {""bbox"": [45, 755, 674, 843], ""type"": ""handwritten"", ""text"": ""- видала поспірів, від""}, {""bbox"": [32, 845, 1482, 925], ""type"": ""handwritten"", ""text"": ""- виловлення продукції небардса, дерн, реверсі, алюв""}, {""bbox"": [49, 925, 499, 995], ""type"": ""handwritten"", ""text"": ""цивільного стану""}, {""bbox"": [42, 979, 1577, 1073], ""type"": ""handwritten"", ""text"": ""- охорона інтересів громадян - юр. та фіз. осіб держави, що""}, {""bbox"": [55, 1063, 327, 1134], ""type"": ""handwritten"", ""text"": ""направлен""}, {""bbox"": [35, 1177, 775, 1301], ""type"": ""handwritten"", ""text"": ""III Ситуаційне завдання""}, {""bbox"": [162, 1293, 1535, 1364], ""type"": ""handwritten"", ""text"": ""Відповідно до динамічного прогнозу та схем, один""}, {""bbox"": [69, 1355, 1569, 1427], ""type"": ""handwritten"", ""text"": ""взагале динамічного життєписа в середній стилі (динамі-""}, {""bbox"": [72, 1418, 1543, 1493], ""type"": ""handwritten"", ""text"": ""чний спів) вимагали здійснення динамічних дійснів.""}, {""bbox"": [67, 1492, 839, 1555], ""type"": ""handwritten"", ""text"": ""чи неч, якщо це запропонує.""}, {""bbox"": [100, 1551, 928, 1618], ""type"": ""handwritten"", ""text"": ""2) Не вказано хто запрошується і""}, {""bbox"": [88, 1608, 1640, 1690], ""type"": ""handwritten"", ""text"": ""3) не видають мит вид прибому (наприклад: \""1 снадом\"", \""2 сні\""""}, {""bbox"": [80, 1673, 511, 1747], ""type"": ""handwritten"", ""text"": ""\""одна\"", \""одна друга\"")""}, {""bbox"": [95, 1723, 1546, 1800], ""type"": ""handwritten"", ""text"": ""ці неправильно вказано пропага визнався, повно Лука""}, {""bbox"": [114, 1796, 1031, 1879], ""type"": ""handwritten"", ""text"": ""R.S.V.P, заявка \""прошу визнавати\"".""}, {""bbox"": [92, 2047, 366, 2105], ""type"": ""annotation"", ""text"": ""20.06.2025""}, {""bbox"": [1078, 2152, 1241, 2248], ""type"": ""annotation"", ""text"": ""90""}]"
455e22e3-0ac0-492f-a969-35c5bdce3853.jpg,"[{""bbox"": [53, 73, 802, 335], ""type"": ""handwritten"", ""text"": ""19. 2 x 4""}, {""bbox"": [326, 302, 5010, 557], ""type"": ""handwritten"", ""text"": ""розкласти на множники чисельник і знаменник,""}, {""bbox"": [342, 519, 5069, 898], ""type"": ""handwritten"", ""text"": ""застосовувати правило Лопіталя, застосувати першу""}, {""bbox"": [390, 714, 2010, 958], ""type"": ""handwritten"", ""text"": ""визначити границю.""}, {""bbox"": [20, 879, 5356, 1243], ""type"": ""handwritten"", ""text"": ""21. формули Крамера; матричний метод; метод Гауса,""}, {""bbox"": [4141, 1171, 5455, 1478], ""type"": ""handwritten"", ""text"": ""метор рангів.""}, {""bbox"": [0, 1362, 4806, 2295], ""type"": ""formula"", ""text"": ""22. \\begin{vmatrix} 3 & 2 & -1 \\\\ 3 & -1 & 1 \\\\ 1 & -3 & 1 \\end{vmatrix} M_{21} = \\begin{vmatrix} 2 & -1 \\\\ -3 & 1 \\end{vmatrix} = 2 \\cdot 1 - (-1) \\cdot (-3) = -1""}, {""bbox"": [67, 1378, 1405, 2311], ""type"": ""formula"", ""text"": ""22. | 3 2 -1 | | 3 -1 1 | | 1 -3 1 |""}, {""bbox"": [70, 2434, 5470, 3001], ""type"": ""formula"", ""text"": ""23. \\lim_{n \\to \\infty} \\frac{(2n^2+1)(n+3)^3}{(n^2+1)^3 + (3n-1)^2} = \\lim_{n \\to \\infty} \\frac{2n^5 + 18n^4 + 54n^3 + 54n^2 + n^3 + 9n^2 + ...}{n^6 + 3n^4 + 3n^2 + 1 + (3n-1)}""}, {""bbox"": [83, 3133, 3705, 3695], ""type"": ""formula"", ""text"": ""= (2 * 5n^4 + 18 * 4n^3 + 55 * 3n^2 + 63 * 2n^1 + 27 + 0) / (6n^5 + 3 * 4n^3 + 12 * 2n + 0 - 6) =""}, {""bbox"": [90, 3788, 5459, 4360], ""type"": ""formula"", ""text"": ""= \\lim_{n \\to \\infty} \\frac{10n^4 + 72n^3 + 165n^2 + 126n + 27}{6n^5 + 12n^3 + 24n - 6} = \\lim_{n \\to \\infty} \\frac{40n^3 + 216n^2 + 330n + 126}{30n^4 + 36n^2 + 24}""}, {""bbox"": [50, 4331, 5419, 5183], ""type"": ""formula"", ""text"": ""= \\lim_{n \\to \\infty} \\frac{2(20n^3 + 108n^2 + 165n + 63)}{2(15n^4 + 18n^2 + 12)} = \\lim_{n \\to \\infty} \\frac{\\frac{20n^3}{n^4} + \\frac{108n^2}{n^4} + \\frac{165n}{n^4} + \\frac{63}{n^4}}{\\frac{15n^4}{n^4} + \\frac{18n^2}{n^4} + \\frac{12}{n^4}}""}, {""bbox"": [3658, 4800, 5104, 5197], ""type"": ""formula"", ""text"": ""\\frac{15n^4}{n^4} + \\frac{18n^2}{n^4} + \\frac{12}{n^4}""}, {""bbox"": [57, 5047, 5020, 5892], ""type"": ""formula"", ""text"": ""= \\lim_{n \\to \\infty} \\frac{\\frac{20}{n} + \\frac{108}{n^2} + \\frac{165}{n^3} + \\frac{63}{n^4}}{15 + \\frac{18}{n^2} + \\frac{12}{n^4}} = \\lim_{n \\to \\infty} \\frac{\\frac{20}{\\infty} + \\frac{108}{\\infty} + \\frac{165}{\\infty} + \\frac{63}{\\infty}}{15 + \\frac{18}{\\infty} + \\frac{12}{\\infty}}""}, {""bbox"": [79, 5934, 644, 6408], ""type"": ""formula"", ""text"": ""0/15 = 0""}, {""bbox"": [62, 6478, 5400, 6813], ""type"": ""handwritten"", ""text"": ""24. інтегрування частинами, метод заміни змінної, безпо-""}, {""bbox"": [68, 6782, 2027, 7096], ""type"": ""handwritten"", ""text"": ""середнє інтегрування.""}, {""bbox"": [18, 7190, 1341, 7468], ""type"": ""formula"", ""text"": ""25. C = A + 2 · B""}, {""bbox"": [2641, 7395, 3080, 7613], ""type"": ""handwritten"", ""text"": ""Оїме:""}, {""bbox"": [66, 7551, 2402, 7992], ""type"": ""formula"", ""text"": ""A = (6 1 -3) B = (7 3 1)""}, {""bbox"": [2524, 7665, 5470, 8278], ""type"": ""formula"", ""text"": ""C = \\begin{pmatrix} 6 + 14 & 1 + 6 & -3 + 2 \\\\ 2 + (-10) & -1 + 2 & 0 + 8 \\end{pmatrix} = \\begin{pmatrix} 20 & 7 & -1 \\\\ -8 & 1 & 8 \\end{pmatrix}""}, {""bbox"": [49, 8057, 1316, 8528], ""type"": ""formula"", ""text"": ""2B = (-14 6 2; -10 2 8)""}]"
bb140be9-a6d3-4eb8-8d79-7d83194b77c1.jpg,"[{""bbox"": [105, 51, 785, 591], ""type"": ""formula"", ""text"": ""| -1 2 | | 3 0 6 | | 2 5 -1 |""}, {""bbox"": [3333, 220, 4653, 739], ""type"": ""image"", ""text"": """"}, {""bbox"": [19, 557, 2841, 865], ""type"": ""formula"", ""text"": ""det A = (0 - 12 + 30) - (0 + 50 + 3) = 18 - 53 = -15""}, {""bbox"": [7, 862, 873, 1139], ""type"": ""formula"", ""text"": ""47. ~~√x - √y~~ =""}, {""bbox"": [80, 1147, 1099, 1401], ""type"": ""formula"", ""text"": ""a^x b^y = (ab)^x""}, {""bbox"": [179, 1413, 810, 1704], ""type"": ""formula"", ""text"": ""1/x^n = x^{-n}""}, {""bbox"": [185, 1683, 806, 1924], ""type"": ""formula"", ""text"": ""\\frac{n}{\\sqrt[n]{x}} = x^{\\frac{1}{n}}""}, {""bbox"": [65, 1940, 1040, 2562], ""type"": ""formula"", ""text"": ""18. A = \\begin{pmatrix} 3 & 2 & -1 \\\\ 2 & -1 & 2 \\\\ -1 & 3 & 1 \\end{pmatrix}""}, {""bbox"": [131, 2519, 964, 3147], ""type"": ""formula"", ""text"": ""\\begin{pmatrix} 4 & -3 & 1 \\\\ 0 & 3 & -2 \\\\ 0 & 0 & -1 \\end{pmatrix}""}, {""bbox"": [52, 3145, 2102, 3491], ""type"": ""formula"", ""text"": ""det(A) = 4 · 3 · (-1) = 12 · (-1) = -12.""}, {""bbox"": [31, 3490, 1140, 4103], ""type"": ""formula"", ""text"": ""44. \\begin{pmatrix} 5 & 2 & -1 \\\\ 2 & -1 & 2 \\\\ -1 & 3 & 1 \\end{pmatrix}""}, {""bbox"": [78, 4040, 2647, 4467], ""type"": ""formula"", ""text"": ""M_{33} = \\begin{vmatrix} 3 & 2 \\\\ 2 & -1 \\end{vmatrix} = 3 \\cdot (-1) - (2) \\cdot (2) = -3 \\cdot 4 = -7.""}, {""bbox"": [56, 6211, 652, 6408], ""type"": ""annotation"", ""text"": ""16.12.2015""}]"
f1df90d1-a5c8-4ef4-8a37-568c1484bd3f.jpg,"[{""bbox"": [92, 40, 333, 84], ""type"": ""formula"", ""text"": ""3. Na → NaOH""}, {""bbox"": [120, 94, 537, 143], ""type"": ""formula"", ""text"": ""2Na + 2H2O → 2NaOH + H2""}, {""bbox"": [127, 165, 413, 214], ""type"": ""handwritten"", ""text"": ""тип - залишенья""}, {""bbox"": [126, 225, 303, 274], ""type"": ""formula"", ""text"": ""Обр - та к""}, {""bbox"": [855, 262, 1018, 418], ""type"": ""annotation"", ""text"": ""+20б.""}, {""bbox"": [126, 302, 357, 360], ""type"": ""formula"", ""text"": ""NaOH → NaCl""}, {""bbox"": [123, 369, 553, 438], ""type"": ""formula"", ""text"": ""NaOH + HCl → NaCl + H2O""}, {""bbox"": [222, 428, 296, 475], ""type"": ""annotation"", ""text"": ""200""}, {""bbox"": [127, 447, 363, 503], ""type"": ""handwritten"", ""text"": ""nrun - обмін""}, {""bbox"": [131, 513, 266, 562], ""type"": ""formula"", ""text"": ""OBP - n1""}, {""bbox"": [140, 555, 661, 643], ""type"": ""formula"", ""text"": ""NaCl + AgNO3 = NaNO3 + AgCl↓""}, {""bbox"": [221, 637, 290, 677], ""type"": ""annotation"", ""text"": ""20м""}, {""bbox"": [156, 649, 350, 703], ""type"": ""handwritten"", ""text"": ""так-одинку""}, {""bbox"": [156, 649, 350, 703], ""type"": ""formula"", ""text"": ""~~t~~_{1} = 0,5 м/с""}, {""bbox"": [156, 710, 291, 758], ""type"": ""formula"", ""text"": ""Обр - не""}, {""bbox"": [160, 770, 452, 830], ""type"": ""formula"", ""text"": ""NaNO3 → NaNO2""}, {""bbox"": [154, 839, 536, 902], ""type"": ""formula"", ""text"": ""2NaNO3 -> NaNO2 + O2""}, {""bbox"": [159, 905, 485, 965], ""type"": ""handwritten"", ""text"": ""птип-розіс. ~~я~~{д}~~д~~{м}~~ин~~{н}~~у""}, {""bbox"": [164, 972, 354, 1018], ""type"": ""formula"", ""text"": ""Обр - так""}, {""bbox"": [80, 1007, 752, 1100], ""type"": ""formula"", ""text"": ""Zn(OH)2 + 2NaOH → Na2[Zn(OH)4]""}, {""bbox"": [656, 1014, 935, 1149], ""type"": ""annotation"", ""text"": ""споручення""}, {""bbox"": [159, 1092, 613, 1166], ""type"": ""handwritten"", ""text"": ""тип - колективуворення""}, {""bbox"": [1011, 1155, 1117, 1260], ""type"": ""annotation"", ""text"": ""5 б.""}, {""bbox"": [160, 1168, 297, 1223], ""type"": ""formula"", ""text"": ""Обр-ні""}, {""bbox"": [118, 1234, 580, 1306], ""type"": ""handwritten"", ""text"": ""4) Пропенол-1 → пропілен""}, {""bbox"": [792, 1329, 1139, 1585], ""type"": ""annotation"", ""text"": ""структурні формули?""}, {""bbox"": [787, 1339, 1486, 1597], ""type"": ""annotation"", ""text"": ""структурні формули: ±15б + 2""}, {""bbox"": [93, 1366, 632, 1438], ""type"": ""handwritten"", ""text"": ""5. Зобутин (2 метилпропен)""}, {""bbox"": [176, 1447, 428, 1509], ""type"": ""formula"", ""text"": ""CH2=C(CH3)2""}, {""bbox"": [159, 1512, 550, 1576], ""type"": ""handwritten"", ""text"": ""3 метил-1-бутанол""}, {""bbox"": [160, 1573, 694, 1650], ""type"": ""formula"", ""text"": ""CH3 - CH(CH3) - CH2 - CH2 - COH""}]"
4beaadf9-1007-4233-99be-d72fa5f2e6fa.jpg,"[{""bbox"": [19, 8, 1608, 84], ""type"": ""handwritten"", ""text"": ""Після хвилі протестів із боку \""Чорних пантер\"" Мейр""}, {""bbox"": [18, 58, 1594, 120], ""type"": ""handwritten"", ""text"": ""почала визнавати проблему соціальної нерівності""}, {""bbox"": [21, 103, 1639, 169], ""type"": ""handwritten"", ""text"": ""що призвело до реформ у соціальному забезпеченні,""}, {""bbox"": [19, 189, 1645, 296], ""type"": ""handwritten"", ""text"": ""2) Президент України оголоє уряд і є гарантом""}, {""bbox"": [19, 258, 1513, 359], ""type"": ""handwritten"", ""text"": ""перівними виконавчої влади, бере участь у""}, {""bbox"": [22, 311, 1610, 430], ""type"": ""handwritten"", ""text"": ""призначений суддів до Верховного суду, що визначає""}, {""bbox"": [23, 365, 1626, 495], ""type"": ""handwritten"", ""text"": ""волнені у судовій системі, відповідає за захист""}, {""bbox"": [33, 423, 1649, 579], ""type"": ""handwritten"", ""text"": ""3) Змінування правової стабільності""}, {""bbox"": [24, 494, 1624, 651], ""type"": ""handwritten"", ""text"": ""3) Зміцнення правові стабільності у країні""}, {""bbox"": [19, 554, 1627, 697], ""type"": ""handwritten"", ""text"": ""Поточне рішення не оголошувати навчального стан""}, {""bbox"": [20, 630, 1582, 723], ""type"": ""handwritten"", ""text"": ""дозволено зберегти або стаціонарний, або""}, {""bbox"": [18, 655, 1630, 794], ""type"": ""handwritten"", ""text"": ""них програм, незалежність судової влади та""}, {""bbox"": [15, 711, 1515, 834], ""type"": ""handwritten"", ""text"": ""них процедур, незалежність судової влади та""}, {""bbox"": [13, 753, 731, 810], ""type"": ""handwritten"", ""text"": ""покращує шлях передачі""}, {""bbox"": [18, 802, 1540, 873], ""type"": ""handwritten"", ""text"": ""Завжди відповідали на соціальні виклики свідомо""}, {""bbox"": [18, 855, 1599, 931], ""type"": ""handwritten"", ""text"": ""зв'язків через Метр ініціював зміни у біологічному""}, {""bbox"": [19, 902, 1623, 1001], ""type"": ""handwritten"", ""text"": ""закладавства, які дали старт програмам соц. закор.""}, {""bbox"": [19, 945, 252, 998], ""type"": ""handwritten"", ""text"": ""норести""}, {""bbox"": [15, 987, 1565, 1090], ""type"": ""handwritten"", ""text"": ""внаслідок її вищатив із підписання міжнародному""}, {""bbox"": [14, 1049, 1575, 1151], ""type"": ""handwritten"", ""text"": ""договорив Ізраїль посилити своє законодавство щодо""}, {""bbox"": [14, 1108, 1636, 1235], ""type"": ""handwritten"", ""text"": ""забезпечення політичних зобов'язань і регуляції інозем-""}, {""bbox"": [16, 1153, 429, 1222], ""type"": ""handwritten"", ""text"": ""ної допомоги""}, {""bbox"": [25, 1213, 452, 1290], ""type"": ""handwritten"", ""text"": ""Рекомендації""}, {""bbox"": [20, 1269, 1615, 1367], ""type"": ""handwritten"", ""text"": ""ли показала Мієр, приводила поради мав збері-""}, {""bbox"": [16, 1339, 1627, 1449], ""type"": ""handwritten"", ""text"": ""гання виконавчої влади""}, {""bbox"": [14, 1396, 1503, 1508], ""type"": ""handwritten"", ""text"": ""забезпечила Голда Мейр навіть у період заслання""}, {""bbox"": [12, 1419, 1518, 1573], ""type"": ""handwritten"", ""text"": ""і співування держави. Варто у період загрози""}, {""bbox"": [14, 1477, 1628, 1630], ""type"": ""handwritten"", ""text"": ""всі ініціативи й відповідь на протести та на""}, {""bbox"": [17, 1527, 1636, 1684], ""type"": ""handwritten"", ""text"": ""а не ігнорувати. Ніжисання стратегічних засобів""}, {""bbox"": [19, 1588, 1642, 1749], ""type"": ""handwritten"", ""text"": ""новимо супроводжуватися прозорим договором""}, {""bbox"": [18, 1648, 1604, 1802], ""type"": ""handwritten"", ""text"": ""регулювання, але це впроваджувала Мір у від""}, {""bbox"": [7, 1818, 1633, 1969], ""type"": ""handwritten"", ""text"": ""на всіх витрив формуванні політич, з огляду""}, {""bbox"": [4, 1862, 768, 1958], ""type"": ""handwritten"", ""text"": ""на всіх відкритих ринках.""}]"
d838b5f7-0346-4e74-9c26-243a4441ac00.jpg,"[{""bbox"": [97, 32, 1017, 122], ""type"": ""handwritten"", ""text"": ""1. 2-Бром - 3-метилпентан.""}, {""bbox"": [88, 138, 885, 228], ""type"": ""handwritten"", ""text"": ""- на 2-му атомі - бром""}, {""bbox"": [1042, 168, 1337, 382], ""type"": ""annotation"", ""text"": ""структури ф-м""}, {""bbox"": [1036, 188, 1335, 521], ""type"": ""annotation"", ""text"": ""спряжений ф-м?""}, {""bbox"": [79, 238, 1012, 331], ""type"": ""handwritten"", ""text"": ""- на 3-му - металічна група.""}, {""bbox"": [100, 339, 1013, 473], ""type"": ""formula"", ""text"": ""CH3-CH(Br)-CH(CH3)-CH2-CH3.""}, {""bbox"": [91, 519, 814, 635], ""type"": ""formula"", ""text"": ""2. CH3-CH(Br)-CH2-CH3""}]"
085cede2-f64a-4ce5-b12a-89edde06ce9d.jpg,"[{""bbox"": [1516, 0, 1668, 79], ""type"": ""annotation"", ""text"": ""CT1""}, {""bbox"": [35, 177, 193, 265], ""type"": ""handwritten"", ""text"": ""Маза:""}, {""bbox"": [43, 193, 1891, 324], ""type"": ""handwritten"", ""text"": ""Модельний імпортний (дея) з найбільшою частотою 56. Оскільки це відкритий""}, {""bbox"": [44, 288, 1772, 390], ""type"": ""handwritten"", ""text"": ""інтервал, між яким лета дорівнює 4, тому Mo = 6 (середня інтервалу)""}, {""bbox"": [48, 386, 1817, 472], ""type"": ""handwritten"", ""text"": ""Медіана (Me): Номер медіани = 105/2 = 52,5. Указаний попадає в перший""}, {""bbox"": [52, 470, 437, 548], ""type"": ""handwritten"", ""text"": ""силових (довг).""}, {""bbox"": [60, 535, 921, 619], ""type"": ""handwritten"", ""text"": ""Відповідь: Мода = 6; Медіана = 52,5.""}, {""bbox"": [64, 615, 438, 701], ""type"": ""handwritten"", ""text"": ""Завдання №5""}, {""bbox"": [57, 677, 1557, 780], ""type"": ""handwritten"", ""text"": ""Відповідь: в) родовід супутністі за зростанням ознаки.""}, {""bbox"": [67, 781, 416, 867], ""type"": ""handwritten"", ""text"": ""Завдання №""}, {""bbox"": [59, 855, 238, 926], ""type"": ""handwritten"", ""text"": ""Дано""}, {""bbox"": [57, 863, 1649, 978], ""type"": ""handwritten"", ""text"": ""Дані (музичні темпи речі): +10,9%; -14,1%; -7,2%; -5,8%""}, {""bbox"": [56, 956, 1110, 1051], ""type"": ""handwritten"", ""text"": ""Колективні: 1,103; 1,141; 0,528; 0,942.""}, {""bbox"": [62, 1043, 641, 1133], ""type"": ""handwritten"", ""text"": ""1) Загальне зростання:""}, {""bbox"": [70, 1098, 1777, 1202], ""type"": ""handwritten"", ""text"": ""K = 1,109 * 1,141 * 0,928 * 0,942 = 1,106 (або 10,6% за весь період)""}, {""bbox"": [66, 1191, 858, 1281], ""type"": ""handwritten"", ""text"": ""2) Сполучність зростання:""}, {""bbox"": [69, 1264, 1508, 1358], ""type"": ""handwritten"", ""text"": ""K = √[1,106] ≈ 1,0255 (або 2,55%, в середньому цілісну).""}, {""bbox"": [68, 1343, 1842, 1465], ""type"": ""handwritten"", ""text"": ""Відповідь: Загальна зростання КЗ = 1,106 або 10,6% ; Середньомісячна зростання""}, {""bbox"": [65, 1427, 664, 1520], ""type"": ""handwritten"", ""text"": ""k = 1.0255 або 2,55%.""}, {""bbox"": [73, 1459, 1879, 1638], ""type"": ""handwritten"", ""text"": ""Завдання № 7""}, {""bbox"": [0, 1907, 1400, 2167], ""type"": ""handwritten"", ""text"": ""5. F = √(1/ρ * 1p) = √(1,207 * 1,2151) = √1,46662 ≈ 1,2109 або 21,099.""}, {""bbox"": [60, 2081, 583, 2212], ""type"": ""formula"", ""text"": ""1. \\frac{1}{1F} = \\frac{1}{1,2} \\text{ ГО} \\approx 0,8 \\text{ ГО}""}, {""bbox"": [0, 2095, 1837, 2411], ""type"": ""handwritten"", ""text"": ""100% - 82,58% = 17,42% - Купівля спрощення юридичної діяльності""}, {""bbox"": [66, 2239, 750, 2367], ""type"": ""handwritten"", ""text"": ""Будини Масштаб = 1,2007""}, {""bbox"": [77, 2266, 608, 2405], ""type"": ""handwritten"", ""text"": ""Індекс Планія = 1,2151""}, {""bbox"": [89, 2317, 597, 2432], ""type"": ""handwritten"", ""text"": ""Індекс Плану = 1,2157""}, {""bbox"": [67, 2365, 677, 2471], ""type"": ""handwritten"", ""text"": ""Індекс Фишера = 1,2105""}, {""bbox"": [0, 2505, 332, 2626], ""type"": ""handwritten"", ""text"": ""24 12.25 б""}]"
75d41fe1-2946-4e13-b966-f44cbc7818fc.jpg,"[{""bbox"": [8, 131, 682, 643], ""type"": ""table"", ""text"": ""Діаметр усіст. x | Кільк. чл. (f) | x·f\n1,6 | 20 | 32\n2,0 | 18 | 36\n1,8 | 10 | 18\nΣ | 48 | 86""}, {""bbox"": [51, 643, 586, 755], ""type"": ""formula"", ""text"": ""x = 88/48 = 1,83 м.""}, {""bbox"": [23, 713, 1487, 875], ""type"": ""handwritten"", ""text"": ""Відповідь: середній діаметр частин 1,79 см""}, {""bbox"": [21, 863, 206, 933], ""type"": ""annotation"", ""text"": ""15.13""}, {""bbox"": [38, 924, 1829, 1369], ""type"": ""table"", ""text"": ""№ | Назва банку | Число акцій (xi) | Квант. акц. (fi) | xi·fi | (xi-x̄)²·fi\n2 | Альфа-банк | 0,6 | 10802 | 6481,2 | 554,11\n3 | Авангард | 0,43 | 4000 | 1600 | 30,492\n6 | Ранчійний | 0,24 | 24150 | 5796 | 371,3304""}, {""bbox"": [42, 1412, 1875, 1597], ""type"": ""formula"", ""text"": ""x̄ = (0,6 * 10802) + (0,43 * 4000) + (0,24 * 24150) / (10802 + 4000 + 24150) = 6481,2 + 3010 + 5796 / 41952 =""}, {""bbox"": [37, 1594, 678, 1732], ""type"": ""formula"", ""text"": ""= 15287,2 / 41952 = 0,364""}, {""bbox"": [40, 1723, 839, 1888], ""type"": ""formula"", ""text"": ""\\sigma^2 = \\frac{\\sum (x_i - \\bar{x})^2 f_i}{\\sum f_i} =""}, {""bbox"": [46, 1891, 1611, 1987], ""type"": ""formula"", ""text"": ""1) (0,6 - 0,364)^2 * 10802 = 0,055 * 10802 = 599,11""}, {""bbox"": [43, 1979, 1697, 2083], ""type"": ""formula"", ""text"": ""2) (0,43 - 0,364)^2 * 2000 = 0,004356 * 2000 = 8,712""}, {""bbox"": [43, 2077, 1676, 2187], ""type"": ""formula"", ""text"": ""3) (0,24 - 0,36)^2 * 24150 = 0,015376 * 24150 = 371,3304""}, {""bbox"": [45, 2205, 536, 2308], ""type"": ""formula"", ""text"": ""z = 995,9324""}, {""bbox"": [47, 2292, 792, 2442], ""type"": ""formula"", ""text"": ""s^2 = \\frac{395,9324}{41952} = 0,0237""}, {""bbox"": [39, 2456, 215, 2535], ""type"": ""formula"", ""text"": ""№ 6. 13""}, {""bbox"": [44, 2558, 851, 2682], ""type"": ""formula"", ""text"": ""Δ = (9604 - 5052) = 4552""}, {""bbox"": [28, 2674, 1492, 2777], ""type"": ""formula"", ""text"": ""Trp. = (42/40 - 1) * 100% = (9604/5250 - 1) * 100% = 90,14%""}]"
140b17cd-461e-4ee6-bf04-4b822997e247.jpg,"[{""bbox"": [23, 8, 291, 79], ""type"": ""handwritten"", ""text"": ""Завдання 3.""}, {""bbox"": [43, 82, 1481, 144], ""type"": ""handwritten"", ""text"": ""Інтервенційна міна - це міна, за якою державні органи або спеціально""}, {""bbox"": [27, 145, 1566, 214], ""type"": ""handwritten"", ""text"": ""Уповноважені організації спонсорують сільськогосподарську продукцію, щоб підтримати""}, {""bbox"": [24, 206, 1537, 273], ""type"": ""handwritten"", ""text"": ""фермерів та стабілізувати ринок. Це мінімальний рівень ціни, ~~на~~{ка} продукцію""}, {""bbox"": [20, 266, 1564, 336], ""type"": ""handwritten"", ""text"": ""нижче якого ціни на продукцію не опускаються, оскільки держава виступає""}, {""bbox"": [22, 315, 227, 368], ""type"": ""handwritten"", ""text"": ""покупцем.""}, {""bbox"": [32, 381, 294, 452], ""type"": ""handwritten"", ""text"": ""Завдання 4""}, {""bbox"": [12, 450, 1198, 514], ""type"": ""formula"", ""text"": ""1-3; 2-2; 3-1; 4-3; 5-3; 6-2; 7-2; 8-4; 9-2; 10-1""}, {""bbox"": [44, 530, 294, 608], ""type"": ""handwritten"", ""text"": ""Завдання 5""}, {""bbox"": [954, 548, 1076, 602], ""type"": ""annotation"", ""text"": ""20""}, {""bbox"": [14, 608, 1488, 684], ""type"": ""handwritten"", ""text"": ""1) На сучасному європейському ринку, враховуючи його різноманітність та""}, {""bbox"": [24, 680, 1599, 742], ""type"": ""handwritten"", ""text"": ""фрагментованість (через мовні та технічні відмінності, а також різні платіжні системи),""}, {""bbox"": [36, 732, 1608, 799], ""type"": ""handwritten"", ""text"": ""найбільш ефективно можуть дати компанії типу \""click-and-mortar\"", що поєднують""}, {""bbox"": [550, 790, 1427, 846], ""type"": ""handwritten"", ""text"": ""так і на електронному ринку. Ізому можуть бути""}, {""bbox"": [33, 792, 1492, 855], ""type"": ""handwritten"", ""text"": ""роботу як на фізичному, так і на електронному ринку. Іскому можуть бути""}, {""bbox"": [42, 850, 1528, 914], ""type"": ""handwritten"", ""text"": ""деякі причини. По-перше, думкою присутності підпису є довіра споживачів, що є""}, {""bbox"": [46, 906, 1622, 977], ""type"": ""handwritten"", ""text"": ""критично важливим на ринках, де електронна ~~[illegible]~~ комерція ще не повністю""}, {""bbox"": [33, 967, 1514, 1043], ""type"": ""handwritten"", ""text"": ""заталена. Клієнти чікують відкрити магазин, отримати консультацію та отримати""}, {""bbox"": [31, 1029, 1469, 1098], ""type"": ""handwritten"", ""text"": ""товар особисто. По-друге, такі компанії можуть впроваджувати, омніканальну""}, {""bbox"": [23, 1087, 1534, 1155], ""type"": ""handwritten"", ""text"": ""стратегію, яка забезпечує безпосередній доступ для клієнта, незалежно від того, де він""}, {""bbox"": [24, 1144, 1430, 1214], ""type"": ""handwritten"", ""text"": ""взаємодіє з брендом - онлайн чи офлайн (це покращує діяльність продажі).""}, {""bbox"": [22, 1213, 1518, 1280], ""type"": ""handwritten"", ""text"": ""2) Для подальшого розвитку електронного бізнесу в Європі необхідно створити""}, {""bbox"": [24, 1274, 1450, 1340], ""type"": ""handwritten"", ""text"": ""ніжку волінних перерумов. Насамперед, не паралінізація якокнадавства та""}, {""bbox"": [20, 1328, 1541, 1398], ""type"": ""handwritten"", ""text"": ""регулювання між країнами ЄС, особливо у сферах захисту прав мігрантів,""}, {""bbox"": [20, 1388, 1524, 1457], ""type"": ""handwritten"", ""text"": ""впорядкування та ухиску даних (GDPR), що може сприяти транскордонну""}, {""bbox"": [27, 1451, 1503, 1521], ""type"": ""handwritten"", ""text"": ""електронну комерцію. Також важливим кроком є уніфікація практичних""}, {""bbox"": [27, 1512, 1492, 1580], ""type"": ""handwritten"", ""text"": ""систем, щоб полегшити процес покупки клієнтів та інтеграцію для бізнесу.""}, {""bbox"": [29, 1568, 1435, 1646], ""type"": ""handwritten"", ""text"": ""Ще розвивати логістичну інфраструктуру. Всі ці фактори допомагуть""}, {""bbox"": [28, 1630, 1579, 1719], ""type"": ""handwritten"", ""text"": ""Європейському електронному біржі є не тільки наддомати, а й винедатчи""}, {""bbox"": [32, 1699, 1322, 1784], ""type"": ""handwritten"", ""text"": ""інших ринках, використовуючи вже більш передові технології""}]"
1646ae0b-5f44-4cc3-84fa-5a14cf09be3e.jpg,"[{""bbox"": [98, 104, 621, 321], ""type"": ""image"", ""text"": """"}, {""bbox"": [92, 376, 755, 472], ""type"": ""handwritten"", ""text"": ""8. ~~(Благодіяння)~~ 7.7.""}, {""bbox"": [128, 553, 382, 641], ""type"": ""formula"", ""text"": ""1a3 = 1884""}, {""bbox"": [122, 657, 413, 745], ""type"": ""formula"", ""text"": ""i_{4} = 1,584""}, {""bbox"": [114, 762, 438, 856], ""type"": ""formula"", ""text"": ""l_{05} = 1,287""}, {""bbox"": [113, 903, 868, 1063], ""type"": ""formula"", ""text"": ""I_d^{cap. cp.} = \\frac{I_{d3} + I_{d4} + I_{d5}}{3}""}, {""bbox"": [98, 1094, 1325, 1242], ""type"": ""formula"", ""text"": ""I_q сер.ар = (1,884 + 1,584 + 1,287)/3 = 4,755/3 = 1,585""}, {""bbox"": [87, 1367, 722, 1488], ""type"": ""formula"", ""text"": ""I_aср = I_q сер.ар. = 1,585""}, {""bbox"": [150, 1547, 712, 1653], ""type"": ""formula"", ""text"": ""ΔQ = (I_d - 1) · Q₀""}, {""bbox"": [150, 1707, 750, 1804], ""type"": ""formula"", ""text"": ""ΔQ = 1,585 - 1 = 0,585""}, {""bbox"": [147, 1709, 1189, 1804], ""type"": ""formula"", ""text"": ""ΔQ = 1,585 - 1 = 0,585 * 100% = 58,5.""}, {""bbox"": [121, 1899, 1562, 1980], ""type"": ""handwritten"", ""text"": ""Отже, для банків 3-5 середніх арифметичний""}, {""bbox"": [80, 2006, 1719, 2101], ""type"": ""handwritten"", ""text"": ""загальний індекс фізичного обсягу реалізації, обчислений""}, {""bbox"": [105, 2111, 1909, 2207], ""type"": ""handwritten"", ""text"": ""за даними графі \""Р\"" становить 1,585, і є шляхом""}, {""bbox"": [89, 2209, 1514, 2294], ""type"": ""handwritten"", ""text"": ""агрегатному індексу. Це свідчить про зростання""}, {""bbox"": [85, 2290, 1664, 2376], ""type"": ""handwritten"", ""text"": ""фізичного обсягу реалізується на 56,5% у звітному""}, {""bbox"": [55, 2404, 966, 2497], ""type"": ""handwritten"", ""text"": ""періоді порівняно з базисним.""}, {""bbox"": [1782, 2594, 1886, 2692], ""type"": ""annotation"", ""text"": ""3.""}, {""bbox"": [58, 2633, 677, 2718], ""type"": ""handwritten"", ""text"": ""24.12.2025 Зар""}]"
22cd3c93-0e4f-47f3-9607-2ea577f8f78c.jpg,"[{""bbox"": [92, 1, 1206, 88], ""type"": ""handwritten"", ""text"": ""має єдиний корінь""}, {""bbox"": [85, 21, 785, 145], ""type"": ""handwritten"", ""text"": ""має єдиний розв'язок""}, {""bbox"": [25, 70, 1033, 258], ""type"": ""handwritten"", ""text"": ""4 Обчисли похідну в точці x = 1""}, {""bbox"": [19, 125, 372, 244], ""type"": ""formula"", ""text"": ""f(x) = ln x""}, {""bbox"": [19, 327, 865, 537], ""type"": ""formula"", ""text"": ""u'(x) = 1/x, v'(x) = 2x""}, {""bbox"": [30, 483, 448, 596], ""type"": ""handwritten"", ""text"": ""Отже похідна""}, {""bbox"": [41, 555, 1266, 792], ""type"": ""formula"", ""text"": ""f'(x) = \\frac{\\frac{1}{x}(1 + x^2) - (\\ln x)(2x)}{(1 + x^2)^2} = \\frac{\\frac{1 + x^2}{x} - 2x \\ln x}{(1 + x^2)^2}""}, {""bbox"": [41, 694, 213, 794], ""type"": ""formula"", ""text"": ""f'(1)""}, {""bbox"": [34, 781, 1155, 956], ""type"": ""formula"", ""text"": ""f'(1) = \\frac{1+1^2 - 2 \\cdot 1}{(1+1^2)^2} = \\frac{2}{1 - 0}{(2)^2} = \\frac{2}{4} = \\frac{1}{2}""}, {""bbox"": [40, 931, 1328, 1062], ""type"": ""handwritten"", ""text"": ""Відповідь: похідна в точці x = 1 = f'(1) = 1/2.""}, {""bbox"": [43, 1039, 361, 1110], ""type"": ""handwritten"", ""text"": ""15. b12 = 1""}, {""bbox"": [43, 1039, 361, 1110], ""type"": ""formula"", ""text"": ""15. b_{12} = 1""}, {""bbox"": [44, 1102, 468, 1214], ""type"": ""handwritten"", ""text"": ""16. ∫₁² dx / (1 - 2x)³""}, {""bbox"": [44, 1102, 468, 1214], ""type"": ""formula"", ""text"": ""16. ∫₁² dx / (1 - 2x)³""}, {""bbox"": [56, 1206, 1013, 1286], ""type"": ""formula"", ""text"": ""u = 1 - 2x => du = -2 dx => dx = -1/2 du""}, {""bbox"": [50, 1278, 1242, 1352], ""type"": ""handwritten"", ""text"": ""Мета інтегрування при цій підстановці:""}, {""bbox"": [42, 1340, 869, 1393], ""type"": ""handwritten"", ""text"": ""Коли x = 1 = 1, u = 1 = 1 - 2 * 1 = -1""}, {""bbox"": [49, 1390, 853, 1448], ""type"": ""handwritten"", ""text"": ""Коли x = 2 => u = 1 - 2 * 2 = -3""}, {""bbox"": [49, 1390, 853, 1448], ""type"": ""formula"", ""text"": ""Коли x = 2 => u = 1 - 2 * 2 = -3""}, {""bbox"": [57, 1527, 1194, 1676], ""type"": ""formula"", ""text"": ""- \\frac{1}{2} \\int_{-1}^{3} u^{-3} du = - \\frac{1}{2} \\left[ - \\frac{1}{2u^2} \\right]_{-1}^{3} = \\frac{1}{4} \\left[ \\frac{1}{u^2} \\right]_{-1}""}, {""bbox"": [51, 1658, 1241, 1793], ""type"": ""formula"", ""text"": ""\\frac{1}{4}(\\frac{1}{(-3)^2} - \\frac{1}{(-1)^2}) = \\frac{1}{4}(\\frac{1}{9} - 1) = \\frac{1}{4}(-\\frac{8}{9}) = -\\frac{2}{9}""}, {""bbox"": [46, 1792, 426, 1885], ""type"": ""handwritten"", ""text"": ""Відповідь: - 2/9""}, {""bbox"": [46, 1866, 379, 1937], ""type"": ""handwritten"", ""text"": ""17 A12 = 16""}, {""bbox"": [52, 1900, 1966, 2004], ""type"": ""handwritten"", ""text"": ""18 метод заміни змінної; безпосереднє інтегрування, інтегрува-""}, {""bbox"": [57, 1985, 653, 2045], ""type"": ""handwritten"", ""text"": ""вання частинки""}, {""bbox"": [50, 2169, 993, 2276], ""type"": ""formula"", ""text"": ""D = \\begin{vmatrix} 3 & -2 \\\\ 4 & 1 \\end{vmatrix} = 3 \\cdot 1 - (-2) \\cdot 4 = 3 + 8 = 11""}, {""bbox"": [43, 2265, 1067, 2374], ""type"": ""formula"", ""text"": ""Dx = | 5 -2 | = 5 * 1 - (-2) * 3 = 5 + 6 = 11""}, {""bbox"": [45, 2362, 970, 2477], ""type"": ""formula"", ""text"": ""Dy = | 3 5 | = 3 * 3 - 5 * 4 = 9 - 20 = -11""}, {""bbox"": [50, 2470, 482, 2579], ""type"": ""formula"", ""text"": ""y = \\frac{\\Delta y}{\\Delta} = \\frac{11}{11} = 1""}, {""bbox"": [72, 2574, 563, 2697], ""type"": ""formula"", ""text"": ""y = \\frac{D_y}{D} = \\frac{-1-1}{11} = -1""}, {""bbox"": [51, 2680, 782, 2776], ""type"": ""handwritten"", ""text"": ""x = 1; y = -1 Відповідь.""}]"
23a5880a-b005-4c52-bbde-7188f01e46fb.jpg,"[{""bbox"": [33, 5, 626, 77], ""type"": ""handwritten"", ""text"": ""• Принцип системності:""}, {""bbox"": [67, 78, 1556, 169], ""type"": ""handwritten"", ""text"": ""Психіка - це цілісна система, де всі елементи такі як емоції,""}, {""bbox"": [66, 138, 1650, 269], ""type"": ""handwritten"", ""text"": ""панією, мислення тісно взаємопов'язані. Якщо буде зміна одного""}, {""bbox"": [62, 253, 1655, 394], ""type"": ""handwritten"", ""text"": ""Приклад - навчання новим навичкам активізує не лише мислення""}, {""bbox"": [60, 310, 556, 388], ""type"": ""handwritten"", ""text"": ""але й і можливість.""}, {""bbox"": [55, 359, 1656, 530], ""type"": ""handwritten"", ""text"": ""Цей принцип запобігає спрощенням трактування, коли психіч стан""}, {""bbox"": [60, 432, 753, 532], ""type"": ""handwritten"", ""text"": ""зводять лише до психології.""}, {""bbox"": [60, 568, 733, 668], ""type"": ""handwritten"", ""text"": ""досвіду, різних умовам.""}, {""bbox"": [60, 602, 1573, 814], ""type"": ""handwritten"", ""text"": ""різних курсів або тренінгів.""}, {""bbox"": [61, 697, 785, 796], ""type"": ""handwritten"", ""text"": ""різних курсів або тренінгів.""}, {""bbox"": [57, 770, 1524, 948], ""type"": ""handwritten"", ""text"": ""діяльність, роботу або спілкування, а діяльність вплив, на""}, {""bbox"": [58, 833, 1509, 972], ""type"": ""handwritten"", ""text"": ""діяльність, роботу або спілкування, а діяльність вплив на""}, {""bbox"": [61, 880, 322, 946], ""type"": ""handwritten"", ""text"": ""свідомість""}, {""bbox"": [58, 934, 1656, 1085], ""type"": ""handwritten"", ""text"": ""Прикладом може бути коли: Групова робота формує комунікаційні навички.""}, {""bbox"": [57, 1007, 366, 1074], ""type"": ""handwritten"", ""text"": ""ні навпаки.""}, {""bbox"": [52, 1071, 1245, 1174], ""type"": ""handwritten"", ""text"": ""3. Методика вивч. уваги, пам'яті, мислення,""}, {""bbox"": [50, 1164, 238, 1227], ""type"": ""handwritten"", ""text"": ""Увага:""}, {""bbox"": [55, 1236, 946, 1319], ""type"": ""handwritten"", ""text"": ""Можна використати таблицю Шульце:""}, {""bbox"": [58, 1300, 1323, 1426], ""type"": ""handwritten"", ""text"": ""ії мета: визначення мивидності переключення уваги.""}, {""bbox"": [53, 1367, 1544, 1514], ""type"": ""handwritten"", ""text"": ""як воно проходить: випробуваний знаходився виспа у стабільні у""}, {""bbox"": [52, 1422, 539, 1507], ""type"": ""handwritten"", ""text"": ""порядку зростання.""}, {""bbox"": [52, 1474, 1567, 1635], ""type"": ""handwritten"", ""text"": ""Якщо низький гас - то гарна концентрація, якщо високий гас -""}, {""bbox"": [51, 1561, 1169, 1687], ""type"": ""handwritten"", ""text"": ""Память:""}, {""bbox"": [53, 1611, 292, 1683], ""type"": ""handwritten"", ""text"": ""Память:""}, {""bbox"": [47, 1677, 679, 1765], ""type"": ""handwritten"", ""text"": ""Тест Методика \""10 сків\"":""}, {""bbox"": [51, 1736, 1119, 1873], ""type"": ""handwritten"", ""text"": ""Мета: оцінка об'єму короткочасної пам'яті.""}, {""bbox"": [54, 1817, 1105, 1994], ""type"": ""handwritten"", ""text"": ""склада 25 слів то норма, <5 - можливі проб""}, {""bbox"": [57, 1880, 1598, 2021], ""type"": ""handwritten"", ""text"": ""Мислення:""}, {""bbox"": [48, 1931, 351, 2005], ""type"": ""handwritten"", ""text"": ""Мислення:""}, {""bbox"": [50, 1997, 439, 2070], ""type"": ""handwritten"", ""text"": ""Тест \""Аналогії\"":""}, {""bbox"": [57, 2057, 1088, 2174], ""type"": ""handwritten"", ""text"": ""Мета: досягнення асоціативного мислення""}, {""bbox"": [61, 2120, 684, 2214], ""type"": ""handwritten"", ""text"": ""Встановлення подібностей.""}, {""bbox"": [61, 2185, 1520, 2314], ""type"": ""handwritten"", ""text"": ""Творчі асоціації - ознака гнучкості мислення (інтерпретація)""}]"
23a8e4cb-50b6-47ed-b754-4bb18e8cda29.jpg,"[{""bbox"": [37, 50, 1582, 419], ""type"": ""table"", ""text"": ""Світ | ВВП ($, млрд) | Експорт ($, млрд) | Імпорт ($, млрд) | Доля в ВВП світу, % |\n| --- | --- | --- | --- | --- |\n| Світ | 9160000 | 28500 | 6300 | 100% |\n| Китай | 16900 | 3300 | 2700 | 0,0185% |""}, {""bbox"": [46, 479, 1565, 908], ""type"": ""table"", ""text"": ""| | Світ | Китай | 0,1% | 35,50% |""}, {""bbox"": [23, 905, 751, 976], ""type"": ""handwritten"", ""text"": ""1) ВТО = Експорт + Імпорт Експорт""}, {""bbox"": [20, 966, 946, 1057], ""type"": ""handwritten"", ""text"": ""2) Експортна квота (%) = (Товари / ВВП) * 100%""}, {""bbox"": [18, 1039, 870, 1142], ""type"": ""handwritten"", ""text"": ""3) Інфляц. квота (%) = (Інфляція / ВВП) * 100%""}, {""bbox"": [17, 1155, 1135, 1271], ""type"": ""handwritten"", ""text"": ""5) Дане з відношення ВВП (%): (ВВП країни / ВВП світу) * 100%""}, {""bbox"": [25, 1250, 603, 1339], ""type"": ""handwritten"", ""text"": ""Розрахунки для світу:""}, {""bbox"": [23, 1256, 1431, 1336], ""type"": ""handwritten"", ""text"": ""Розрахунки для світу: Розрахунки Китай:""}, {""bbox"": [839, 1270, 1414, 1336], ""type"": ""handwritten"", ""text"": ""Розрахунки Кетай:""}, {""bbox"": [15, 1324, 717, 1397], ""type"": ""handwritten"", ""text"": ""ЗТВ = 28700 + 63200 = 91600 млрд $""}, {""bbox"": [849, 1325, 1592, 1396], ""type"": ""handwritten"", ""text"": ""3 + 6 = 3300 + 2700 = 6000 літрів б""}, {""bbox"": [850, 1381, 1591, 1457], ""type"": ""formula"", ""text"": ""Екст. кв. = (3300 / 16900) * 100% = 19,53%""}, {""bbox"": [17, 1392, 746, 1474], ""type"": ""formula"", ""text"": ""Є_{сп. Кв.} = (\\frac{28500}{91600000}) \\cdot 100\\% \\approx 0,0311\\%""}, {""bbox"": [862, 1445, 1599, 1518], ""type"": ""formula"", ""text"": ""\\begin{aligned} \\text{Мас. } \\text{в} \\text{ } \\text{в} \\text{ } \\text{в} \\text{ } \\text{в} \\text{ } \\text{в} \\text{ } \\text{в} \\text{ } \\text{в} \\text{ } \\text{в} \\text{ } \\text{в} \\text{ } \\text{в} \\text{ } \\text{в} \\text{ } \\text{в} \\text{ } \\text{в} \\text{ } \\text{в} \\text{ } \\text{в} \\text{ } \\text{в} \\text{ } \\text{в} \\text{ } \\text{в} \\text{ } \\text{в} \\text{ } \\text{в} \\text{ } \\text{в} \\text{ } \\text{в} \\text{ } \\text{в} \\text{ } \\text{в} \\text{ } \\text{в} \\text{ } \\text{в} \\text{ } \\text{в} \\text{ } \\text{в} \\text{ } \\text{в} \\text{ } \\text{в} \\text{ } \\text{в} \\text{ } \\text{в} \\text{ } \\text{в} \\text{ } \\text{в} \\text{ } \\text{в} \\text{ } \\text{в} \\text{ } \\text{в} \\text{ } \\text{в} \\text{ } \\text{в} \\text{ } \\text{в} \\text{ } \\text{в} \\text{ } \\text{в} \\text{ } \\text{в} \\text{ } \\text{в} \\text{ } \\text{в} \\text{ } \\text{в} \\text{ } \\text{в} \\text{ } \\text{в} \\text{ } \\text{в} \\text{ } \\text{в} \\text{ } \\text{в} \\text{ } \\text{в} \\text{ } \\text{в} \\text{ } \\text{в} \\text{ } \\text{в} \\text{ } \\text{в} \\text{ } \\text{в} \\text{ } \\text{в} \\text{ } \\text{в} \\text{ } \\text{в} \\text{ } \\text{в} \\text{ } \\text{в} \\text{ } \\text{в} \\text{ } \\text{в} \\text{ } \\text{в} \\text{ } \\text{в} \\text{ } \\text{в} \\text{ } \\text{в} \\text{ } \\text{в} \\text{ } \\text{в} \\text{ } \\text{в} \\text{ } \\text{в} \\text{ } \\text{в} \\text{ } \\text{в} \\text{ } \\text{в} \\text{ } \\text{в} \\text{ } \\text{в} \\text{ } \\text{в} \\text{ } \\text{в} \\text{ } \\text{в} \\text{ } \\text{в} \\text{ } \\text{в} \\text{ } \\text{в} \\text{ } \\text{в} \\text{ } \\text{в} \\text{ } \\text{в} \\text{ } \\text{в} \\text{ } \\text{в} \\text{ } \\text{в} \\text{ } \\text{в} \\text{ } \\text{в} \\text{ } \\text{в} \\text{ } \\text{в} \\text{ } \\text{в} \\text{ } \\text{в} \\text{ } \\text{в} \\text{ } \\text{в} \\text{ } \\text{в} \\text{ } \\text{в} \\text{ } \\text{в} \\text{ } \\text{в} \\text{ } \\text{в} \\text{ } \\text{в} \\text{ } \\text{в} \\text{ } \\text{в} \\text{ } \\text{в} \\text{ } \\text{в} \\text{ } \\text{в} \\text{ } \\text{в} \\text{ } \\text{в} \\text{ } \\text{в} \\text{ } \\text{в} \\text{ } \\text{в""}, {""bbox"": [19, 1463, 751, 1544], ""type"": ""formula"", ""text"": ""Тип. кв. = (6300 / 9160000) * 100% ≈ 0,0689%""}, {""bbox"": [863, 1509, 1646, 1585], ""type"": ""formula"", ""text"": ""Квота ЗТД = (6000 / 16900) * 100% ≈ 35,50%""}, {""bbox"": [18, 1535, 798, 1636], ""type"": ""formula"", ""text"": ""Квота ЗТО = (91600 / 9160000) * 100% ≈ 0,1%""}, {""bbox"": [840, 1577, 1623, 1666], ""type"": ""formula"", ""text"": ""Доля у СВ. ВВП = (16900 / 91600000) * 100% =""}, {""bbox"": [32, 1708, 1611, 1791], ""type"": ""handwritten"", ""text"": ""висновок: високі показники зовнішньоторговельних об'ємів""}, {""bbox"": [37, 1780, 1492, 1861], ""type"": ""handwritten"", ""text"": ""(35,50% для ЗТО) свідчать про значну відкритість та""}, {""bbox"": [41, 1842, 1486, 1947], ""type"": ""handwritten"", ""text"": ""інтеграцію економіки Китаю в світову торговельну""}, {""bbox"": [48, 1946, 286, 2015], ""type"": ""handwritten"", ""text"": ""систему.""}, {""bbox"": [1043, 1988, 1313, 2056], ""type"": ""annotation"", ""text"": ""09.06.2025""}]"
07855b12-5b9f-43b6-ac01-036b879c0a7a.jpg,"[{""bbox"": [4, 86, 267, 188], ""type"": ""handwritten"", ""text"": ""Задача 8.31.""}, {""bbox"": [9, 187, 396, 289], ""type"": ""handwritten"", ""text"": ""Дисперсія (σ²) - 6""}, {""bbox"": [5, 287, 498, 384], ""type"": ""handwritten"", ""text"": ""ймовірність (F) - 0,954""}, {""bbox"": [8, 364, 1283, 482], ""type"": ""handwritten"", ""text"": ""коєфіцієнт довіри (t) - Для ймовірн. 0,954 значення t = 2""}, {""bbox"": [9, 480, 281, 611], ""type"": ""formula"", ""text"": ""n = (².δ²)/Δ²""}, {""bbox"": [13, 615, 508, 726], ""type"": ""formula"", ""text"": ""n = \\frac{2^2 \\cdot 6}{1^2} = \\frac{4 \\cdot 6}{1} = 24""}, {""bbox"": [5, 723, 1852, 844], ""type"": ""handwritten"", ""text"": ""Відповідь: Для того щоб з імовірністю 0,954 визначити середній зріст доро-""}, {""bbox"": [1, 827, 1872, 924], ""type"": ""handwritten"", ""text"": ""сних чоловіків з граматичною помилкою не більше 1% (при дисперсії 6), нео-""}, {""bbox"": [3, 905, 1033, 1002], ""type"": ""handwritten"", ""text"": ""бадно відбрати та обстежити 24 особи.""}, {""bbox"": [1252, 1086, 1563, 1183], ""type"": ""annotation"", ""text"": ""24.12.2025р.""}, {""bbox"": [1741, 2596, 1832, 2714], ""type"": ""annotation"", ""text"": ""4.""}]"
24f7d274-b6ce-4495-939f-9528a1fe42f4.jpg,"[{""bbox"": [214, 173, 316, 232], ""type"": ""handwritten"", ""text"": ""4.7""}, {""bbox"": [222, 323, 699, 578], ""type"": ""formula"", ""text"": ""x̄ = \\frac{\\sum x_i w_i}{\\sum w_i}""}, {""bbox"": [199, 572, 1341, 758], ""type"": ""formula"", ""text"": ""x̄ = (101,3 * 412 + 88,4 * 650 + 100,6 * 520) / (412 + 650 + 520)""}, {""bbox"": [191, 808, 1025, 967], ""type"": ""formula"", ""text"": ""x̄ = 158562 / 1582 ≈ 100,22%""}, {""bbox"": [260, 1176, 538, 1253], ""type"": ""formula"", ""text"": ""x⁻ = 13,5""}, {""bbox"": [292, 1270, 1049, 1440], ""type"": ""formula"", ""text"": ""\\sigma^2 = \\frac{\\sum (x - \\bar{x})^2}{n} = 5,25""}, {""bbox"": [306, 1470, 1025, 1574], ""type"": ""formula"", ""text"": ""\\sigma = \\sqrt{5,25} = 2,29""}, {""bbox"": [265, 1647, 1275, 1785], ""type"": ""formula"", ""text"": ""V = \\frac{2,28}{13,5} \\cdot 100\\% = 16,86\\% \\approx 17\\%""}, {""bbox"": [88, 1875, 1909, 2025], ""type"": ""handwritten"", ""text"": ""6.7 (14,6 + 7,6 - 3,8) / 3 = 5,13% - абсолютний приріст середній""}, {""bbox"": [56, 2040, 1787, 2153], ""type"": ""handwritten"", ""text"": ""∛(1,146 · 1,046 · 0,362) = 1,048 - середній темп зростання.""}, {""bbox"": [122, 2217, 791, 2303], ""type"": ""formula"", ""text"": ""1,049 * 100% = 104,9%""}]"
12051900-9032-4631-bcfc-fce24e43e5d8.jpg,"[{""bbox"": [116, 210, 1084, 311], ""type"": ""handwritten"", ""text"": ""Ц2 = 0,83 * 71,31 = 59,19 дол. США за барель""}, {""bbox"": [32, 284, 1613, 400], ""type"": ""handwritten"", ""text"": ""Висновок: за даними розрахунків, надія не є пластичним товаром, оскільки""}, {""bbox"": [37, 358, 1541, 488], ""type"": ""handwritten"", ""text"": ""кафілярні пластинності подати для кожної країни по модулю лише в.""}, {""bbox"": [51, 465, 679, 554], ""type"": ""handwritten"", ""text"": ""Для того, щоб потім зріс у:""}, {""bbox"": [94, 493, 1529, 623], ""type"": ""handwritten"", ""text"": ""СМТ на 1,5% ціна має збільшитись до 82,02 грн. СМТ за барель""}, {""bbox"": [96, 562, 1497, 706], ""type"": ""handwritten"", ""text"": ""Китай на 1,6% ціна має збільшитись до 71 дол. США за барель""}, {""bbox"": [100, 620, 1591, 780], ""type"": ""handwritten"", ""text"": ""Китай на 1,6 %. Ціно має зменшитись до 59,19 дол. США за барель""}, {""bbox"": [1367, 1978, 1468, 2104], ""type"": ""annotation"", ""text"": ""3""}]"
11d27c9c-9ba2-49af-8155-b6457478e75b.jpg,"[{""bbox"": [0, 18, 689, 130], ""type"": ""handwritten"", ""text"": ""5) [1; 3] : 93 - 54; 9 - 20 = 11""}, {""bbox"": [0, 18, 689, 130], ""type"": ""formula"", ""text"": ""Ay = | 1 3 | = 93 - 54 = 39 - 20 = 19""}, {""bbox"": [17, 124, 861, 229], ""type"": ""handwritten"", ""text"": ""x = -2/2 = -11/11 = -1, y = 2/2 = 4/11 = 1 (1; -1)""}, {""bbox"": [17, 124, 861, 229], ""type"": ""formula"", ""text"": ""x = \\frac{Δ_x}{Δ} = \\frac{11}{11} = 1, y = \\frac{Δ_y}{Δ} = \\frac{-4}{11} = -1 (1; -1)""}, {""bbox"": [915, 297, 1196, 372], ""type"": ""handwritten"", ""text"": ""19.12.2025.""}]"
d16b3f01-c26c-485c-ad8a-8df1058841c7.jpg,"[{""bbox"": [171, 50, 615, 157], ""type"": ""handwritten"", ""text"": ""Завдання 3.""}, {""bbox"": [93, 177, 920, 257], ""type"": ""handwritten"", ""text"": ""1) ЗТО = експорт + імпорт""}, {""bbox"": [81, 252, 1522, 381], ""type"": ""handwritten"", ""text"": ""2) Експортна квота (%) = ( Експорт / ВВП країни ) · 100 %""}, {""bbox"": [75, 366, 1463, 504], ""type"": ""handwritten"", ""text"": ""3) Імпортна квота (%) = (імпорт / ВВП кр.) · 100%""}, {""bbox"": [57, 454, 1482, 575], ""type"": ""handwritten"", ""text"": ""4) Частка ЗТО у ВВП сьогодні (%) = (370 кр. ВВП кр.) / 100 %""}, {""bbox"": [49, 541, 1581, 666], ""type"": ""handwritten"", ""text"": ""5) Частка кр. у ВВП світу (%) = (370 кр / 337 світу) * 100%""}, {""bbox"": [181, 757, 1162, 871], ""type"": ""handwritten"", ""text"": ""Розрахунок для Німеччини:""}, {""bbox"": [99, 846, 1577, 992], ""type"": ""handwritten"", ""text"": ""1) ЗГО = 1204,7 + 1025,6 = 2230,3 млрд. дол.""}, {""bbox"": [74, 947, 1499, 1096], ""type"": ""handwritten"", ""text"": ""2) Екон. кв.: (1204,7 / 4200) * 100% ≈ 28,68%""}, {""bbox"": [71, 1028, 1538, 1168], ""type"": ""handwritten"", ""text"": ""3) Типорі. кв.: (1025,6 / 4200) * 100% ≈ 24,42%""}, {""bbox"": [128, 1359, 1198, 1498], ""type"": ""handwritten"", ""text"": ""лише 0,0046% від ВВП світу.""}, {""bbox"": [108, 1472, 1546, 1616], ""type"": ""handwritten"", ""text"": ""Джерело: ВВП світу був 91,6 трил. $, то""}, {""bbox"": [118, 1571, 1644, 1724], ""type"": ""handwritten"", ""text"": ""ВВП Німеччини ~~був~~ 4,2 трл. $ Банків""}, {""bbox"": [116, 1644, 1513, 1850], ""type"": ""handwritten"", ""text"": ""Дм: (4200 / 91600) * 100% ≈ 4,58%""}]"
658ab1b3-78f1-4f61-8e03-126556558f3e.jpg,"[{""bbox"": [51, 44, 294, 102], ""type"": ""handwritten"", ""text"": ""2. n - 100,""}, {""bbox"": [22, 88, 326, 148], ""type"": ""handwritten"", ""text"": ""закінчиться""}, {""bbox"": [6, 117, 279, 197], ""type"": ""handwritten"", ""text"": ""(14%) розчину)""}, {""bbox"": [8, 188, 303, 262], ""type"": ""handwritten"", ""text"": ""m - 200г (40%)""}, {""bbox"": [12, 236, 252, 301], ""type"": ""handwritten"", ""text"": ""розчину солі""}, {""bbox"": [11, 382, 209, 476], ""type"": ""formula"", ""text"": ""м'ятки?""}, {""bbox"": [11, 382, 209, 476], ""type"": ""handwritten"", ""text"": ""м'ятки?""}, {""bbox"": [49, 561, 91, 614], ""type"": ""handwritten"", ""text"": ""А.""}, {""bbox"": [47, 628, 110, 704], ""type"": ""handwritten"", ""text"": ""3.""}, {""bbox"": [125, 632, 786, 745], ""type"": ""formula"", ""text"": ""Na → NaOH = Na2O + H2;""}, {""bbox"": [1322, 632, 1421, 763], ""type"": ""annotation"", ""text"": ""58""}, {""bbox"": [173, 752, 966, 869], ""type"": ""formula"", ""text"": ""NaOH → Na2SO4 = Na2SO3 + H2""}, {""bbox"": [177, 868, 1193, 988], ""type"": ""formula"", ""text"": ""N2SO4 → NaCl = ~~Na2SO4 + Cl~~ N2SO4 NaCl;""}, {""bbox"": [193, 1018, 836, 1138], ""type"": ""formula"", ""text"": ""NaCl → Na = Na2Cl;""}, {""bbox"": [206, 1139, 853, 1242], ""type"": ""formula"", ""text"": ""Na2SO4 → NaCl → N""}, {""bbox"": [225, 1246, 1532, 1345], ""type"": ""formula"", ""text"": ""NaOH → Na3[Al(OH)6] = Na4[Al(OH)6]""}]"
26112b81-a0b5-4337-924a-a527fec99c42.jpg,"[{""bbox"": [59, 7, 1466, 76], ""type"": ""handwritten"", ""text"": ""Рекомендації щодо відкриття бізнесу в США.""}, {""bbox"": [67, 68, 1640, 132], ""type"": ""handwritten"", ""text"": ""Необхідно врахувати поділ повноважень між доеде-""}, {""bbox"": [26, 122, 1639, 184], ""type"": ""handwritten"", ""text"": ""рівноважно на витратних рівнях, адже закони співвід-""}, {""bbox"": [29, 175, 1136, 235], ""type"": ""handwritten"", ""text"": ""тів можуть суттєво відрізнятися.""}, {""bbox"": [34, 228, 1579, 299], ""type"": ""handwritten"", ""text"": ""Важливо узгоджуватися з місцевими законами,""}, {""bbox"": [32, 290, 1398, 359], ""type"": ""handwritten"", ""text"": ""місту, де планується відкриття бізнесу.""}, {""bbox"": [33, 351, 1636, 413], ""type"": ""handwritten"", ""text"": ""Вотримання судового precedent та консультація""}, {""bbox"": [21, 404, 1643, 467], ""type"": ""handwritten"", ""text"": ""з юристом, який спеціалізується на американсько-""}, {""bbox"": [27, 460, 1485, 529], ""type"": ""handwritten"", ""text"": ""му праві, значно знижують ризики для бізнесу.""}, {""bbox"": [19, 521, 1624, 587], ""type"": ""handwritten"", ""text"": ""Також слід приділити увагу питанням корпора-""}, {""bbox"": [16, 577, 1614, 646], ""type"": ""handwritten"", ""text"": ""тивного права, сподатковання, трудового законода-""}, {""bbox"": [16, 633, 775, 714], ""type"": ""handwritten"", ""text"": ""вітвів та інтенсування""}]"
3a04e16a-c8d5-4a58-a5a8-b8774ffc32be.jpg,"[{""bbox"": [120, 185, 649, 396], ""type"": ""image"", ""text"": """"}, {""bbox"": [45, 458, 256, 535], ""type"": ""handwritten"", ""text"": ""№ 7.18""}, {""bbox"": [55, 458, 1405, 646], ""type"": ""formula"", ""text"": ""∆pq(p) = Ep1q1 - Ep0q1 = Ep1q1 - E \\frac{p1q1}{i p}""}, {""bbox"": [58, 626, 779, 737], ""type"": ""handwritten"", ""text"": ""для молока (ір = 0,897)""}, {""bbox"": [51, 727, 1618, 849], ""type"": ""formula"", ""text"": ""1200 - 1200/0,897 = 1200 - 1337,79 = -137,79 тис грн""}, {""bbox"": [53, 842, 947, 940], ""type"": ""handwritten"", ""text"": ""Для синтезу (і р = 1,158)""}, {""bbox"": [71, 929, 1599, 1049], ""type"": ""handwritten"", ""text"": ""900 - 900 / 1,158 = 900 - 777,2 = + 122,8 тис. грн""}, {""bbox"": [54, 1068, 245, 1143], ""type"": ""handwritten"", ""text"": ""всього""}, {""bbox"": [48, 1135, 865, 1228], ""type"": ""formula"", ""text"": ""-137,79 + 122,8 = -14,99""}, {""bbox"": [33, 1233, 1810, 1420], ""type"": ""formula"", ""text"": ""Σр = \\frac{Σр₁q₁}{Σp₁q₁} = \\frac{2100}{1337,79 + 777,2} = 09929 (99,29%)""}, {""bbox"": [35, 1413, 1367, 1574], ""type"": ""formula"", ""text"": ""I = \\frac{1}{\\Delta p} = \\frac{1}{0,9929} = 1,0071 (100,71%)""}, {""bbox"": [30, 1604, 244, 1689], ""type"": ""formula"", ""text"": ""≈ 8.13""}, {""bbox"": [30, 1604, 244, 1689], ""type"": ""handwritten"", ""text"": ""№ 8.13""}, {""bbox"": [40, 1698, 209, 1773], ""type"": ""formula"", ""text"": ""t = 2""}, {""bbox"": [39, 1761, 1305, 1920], ""type"": ""formula"", ""text"": ""n = \\frac{t^2 \\sqrt{2n}}{b^2 n + t^2 \\sqrt{2} }, t^2 = 4, \\sqrt{2} = 1,41,8""}, {""bbox"": [44, 1929, 797, 2039], ""type"": ""formula"", ""text"": ""Δ^2 = 0,025 = 0,000625""}, {""bbox"": [39, 2038, 360, 2132], ""type"": ""formula"", ""text"": ""N = 7000""}, {""bbox"": [39, 2158, 1647, 2331], ""type"": ""formula"", ""text"": ""n = \\frac{4 \\cdot 10^8 \\cdot 4000}{0,00625 \\cdot 4000 \\cdot 4 \\cdot 10^8} = \\frac{302400}{47,575} = 6356""}, {""bbox"": [34, 2341, 1539, 2464], ""type"": ""handwritten"", ""text"": ""Відповідь: потрібно обслідувати в 356 сімей.""}, {""bbox"": [19, 2665, 386, 2776], ""type"": ""annotation"", ""text"": ""24.12.2025""}]"
5e1e1311-7f17-44d7-bc83-59e46351864e.jpg,"[{""bbox"": [16, 27, 1330, 102], ""type"": ""handwritten"", ""text"": ""3) Здійсніть перетворення за схемою:""}, {""bbox"": [32, 104, 1616, 194], ""type"": ""formula"", ""text"": ""Al → Al2O3 → Al(NO3)3 → Al(OH)3 → Na[Al(OH)4]""}, {""bbox"": [32, 104, 1616, 194], ""type"": ""handwritten"", ""text"": ""Al → Al2O3 → Al(NO3)3 → Al(OH)3 → Na[Al(OH)4]""}, {""bbox"": [1264, 185, 1460, 311], ""type"": ""annotation"", ""text"": ""±15 x 25""}, {""bbox"": [984, 199, 1243, 292], ""type"": ""annotation"", ""text"": ""~~1~~ AlCl₃""}, {""bbox"": [28, 260, 1654, 366], ""type"": ""handwritten"", ""text"": ""1) 4Al + 3O = 2Al2O3 - реакція окиснення алюмінію""}, {""bbox"": [18, 352, 1654, 466], ""type"": ""handwritten"", ""text"": ""2) 4AlO + 6HNO = ~~2Al(NO3)3~~ 2Al(NO3)3 + 3H2O - взаємодія бікци""}, {""bbox"": [18, 352, 1654, 466], ""type"": ""formula"", ""text"": ""2) 4AlO + 6HNO = ~~2Al(NO3)3~~ 2Al(NO3)3 + 3H2O - взаємодія бікци""}, {""bbox"": [27, 428, 531, 494], ""type"": ""handwritten"", ""text"": ""дова з кислотою""}, {""bbox"": [17, 485, 1651, 573], ""type"": ""handwritten"", ""text"": ""3) AlNO + 3NaOH → Al(OH)3 + 3NaOH - реакція обміну (утв.""}, {""bbox"": [28, 555, 218, 606], ""type"": ""handwritten"", ""text"": ""юседу""}, {""bbox"": [19, 592, 1595, 690], ""type"": ""handwritten"", ""text"": ""4) Al(OH)3 + NaOH → Na[Al(OH)4] - амфотерні вл- сті""}, {""bbox"": [19, 681, 1628, 800], ""type"": ""handwritten"", ""text"": ""5) Al(OH) + 3 HCl = AlCl + 3 H2O - взаємодія з кисло-""}, {""bbox"": [209, 763, 491, 915], ""type"": ""annotation"", ""text"": ""назви речовин?""}, {""bbox"": [33, 771, 165, 822], ""type"": ""handwritten"", ""text"": ""того""}, {""bbox"": [18, 886, 1650, 983], ""type"": ""handwritten"", ""text"": ""4) Здійснити перетворення: етилен → 1,2-дихлоретан →""}, {""bbox"": [16, 970, 1617, 1041], ""type"": ""handwritten"", ""text"": ""динітрили яктерної кислоти → янтарна кислота →""}, {""bbox"": [24, 1030, 1327, 1098], ""type"": ""handwritten"", ""text"": ""діетиловий естер янтарної кислоти.""}, {""bbox"": [1412, 1066, 1614, 1231], ""type"": ""annotation"", ""text"": ""±140х 25""}, {""bbox"": [31, 1105, 888, 1187], ""type"": ""formula"", ""text"": ""1) CH=CH + Cl2 → CHCl - CHCl""}, {""bbox"": [30, 1196, 1259, 1284], ""type"": ""formula"", ""text"": ""2) CHCl - CHCl + 2 KCN → CHC - CH - CH - CN""}, {""bbox"": [39, 1287, 1648, 1393], ""type"": ""formula"", ""text"": ""3) NC-CH-CH-CN + 2 H2O → HOOC-CH-CH-CH-COOH""}, {""bbox"": [33, 1373, 1644, 1499], ""type"": ""formula"", ""text"": ""4) HOOC-CH-CH - COOH + 2 CHOH → CHOOOC-CH-CH - R""}, {""bbox"": [45, 1458, 437, 1527], ""type"": ""formula"", ""text"": ""- COOCH + 2HO""}, {""bbox"": [46, 1526, 1646, 1612], ""type"": ""handwritten"", ""text"": ""5) Напишіть структурні формули 5-метил-4-""}, {""bbox"": [41, 1621, 1174, 1690], ""type"": ""handwritten"", ""text"": ""2-гексину та метилетилкетону""}, {""bbox"": [49, 1709, 764, 1793], ""type"": ""handwritten"", ""text"": ""1) 5-метил-2-гексин""}, {""bbox"": [53, 1791, 894, 1888], ""type"": ""formula"", ""text"": ""CH3 - C = C - CH2 - CH(CCH3) - CH3""}, {""bbox"": [901, 1841, 1016, 1967], ""type"": ""annotation"", ""text"": ""+20б""}, {""bbox"": [31, 1892, 680, 1969], ""type"": ""handwritten"", ""text"": ""2) Метилетилкетон""}, {""bbox"": [60, 1976, 610, 2076], ""type"": ""formula"", ""text"": ""CH3 - CO - CH2 - CH3""}]"
0b7cdc2a-76d6-4db5-933b-d677aaf54448.jpg,"[{""bbox"": [135, 83, 316, 138], ""type"": ""handwritten"", ""text"": ""Завдання 4.""}, {""bbox"": [138, 129, 1649, 195], ""type"": ""handwritten"", ""text"": ""соціальним менеджмент - це система управління соціальними процесами в організації;""}, {""bbox"": [599, 182, 1539, 237], ""type"": ""handwritten"", ""text"": ""та суспільстві, яка спрямована на забезпечення добробуту""}, {""bbox"": [603, 231, 1512, 290], ""type"": ""handwritten"", ""text"": ""працівників, участь в роз'яснення соціальних проблем.""}, {""bbox"": [133, 292, 1557, 353], ""type"": ""handwritten"", ""text"": ""Медіацентр з КСВ - це спеціаліст, який планує, організовує та контролює соціальні""}, {""bbox"": [475, 356, 1486, 413], ""type"": ""handwritten"", ""text"": ""ініціативи компанії, займатися благодійними проектами,""}, {""bbox"": [485, 408, 1607, 461], ""type"": ""handwritten"", ""text"": ""екологічними програмами та підтримкою працівників і громади.""}, {""bbox"": [144, 459, 1504, 519], ""type"": ""handwritten"", ""text"": ""Соціальне партнерство - це співпраця між державою, бізнесом, громадськими""}, {""bbox"": [547, 514, 1507, 566], ""type"": ""handwritten"", ""text"": ""організаціями та населенням для розв'язання спільних""}, {""bbox"": [667, 555, 1543, 602], ""type"": ""handwritten"", ""text"": ""льних проблем, підвищення якості життя та створення""}, {""bbox"": [574, 600, 1257, 651], ""type"": ""handwritten"", ""text"": ""комфортного соціального середовища,""}, {""bbox"": [162, 662, 1645, 722], ""type"": ""handwritten"", ""text"": ""Сейкхолдер - це будь-яка зацікавлена сторона, яка прямо або опосередковано впливає""}, {""bbox"": [392, 718, 1563, 779], ""type"": ""handwritten"", ""text"": ""на діяльність організації і або відчувати вплив. Це можуть бути""}, {""bbox"": [395, 772, 1649, 833], ""type"": ""handwritten"", ""text"": ""прецівними, спокійними, державою, партіями, волонтерами, інвестори,""}, {""bbox"": [397, 825, 666, 872], ""type"": ""handwritten"", ""text"": ""громада точно.""}, {""bbox"": [1367, 837, 1472, 916], ""type"": ""annotation"", ""text"": ""20""}]"
c4e15ad4-9be3-4086-98f1-cd26527f1a46.jpg,"[{""bbox"": [47, 27, 507, 208], ""type"": ""image"", ""text"": """"}, {""bbox"": [1231, 179, 1339, 281], ""type"": ""annotation"", ""text"": ""0""}, {""bbox"": [67, 219, 303, 338], ""type"": ""handwritten"", ""text"": ""Завдання 3""}, {""bbox"": [63, 319, 1614, 430], ""type"": ""handwritten"", ""text"": ""Засідання - це організована форма колективної роботи або обговорення,""}, {""bbox"": [60, 403, 1597, 509], ""type"": ""handwritten"", ""text"": ""під час якої група осіб розглядає питання, приймає рішення чи""}, {""bbox"": [45, 484, 1567, 593], ""type"": ""handwritten"", ""text"": ""обмінюються думками відповідно до встановленого порядку доклада.""}, {""bbox"": [56, 554, 1544, 689], ""type"": ""handwritten"", ""text"": ""Засідання проводиться у формальній обстановці, можуть бути""}, {""bbox"": [38, 720, 1189, 872], ""type"": ""handwritten"", ""text"": ""них рішень з вателевих організаційних питань.""}, {""bbox"": [94, 805, 352, 905], ""type"": ""handwritten"", ""text"": ""Завдання 4.""}, {""bbox"": [298, 969, 548, 1167], ""type"": ""annotation"", ""text"": ""22""}, {""bbox"": [42, 972, 147, 1042], ""type"": ""handwritten"", ""text"": ""2. - 1""}, {""bbox"": [40, 1049, 155, 1116], ""type"": ""handwritten"", ""text"": ""3 - 4""}, {""bbox"": [42, 1123, 152, 1190], ""type"": ""handwritten"", ""text"": ""4. - 3""}, {""bbox"": [39, 1201, 178, 1261], ""type"": ""handwritten"", ""text"": ""5. - 1.""}, {""bbox"": [102, 1280, 349, 1384], ""type"": ""handwritten"", ""text"": ""Завдання 5.""}, {""bbox"": [1255, 1285, 1418, 1405], ""type"": ""annotation"", ""text"": ""20""}, {""bbox"": [113, 1364, 1616, 1484], ""type"": ""handwritten"", ""text"": ""У ситуації, коли конфлікт між головним бургом і фінансовим""}, {""bbox"": [29, 1441, 1599, 1578], ""type"": ""handwritten"", ""text"": ""директором придувів до госпіталізації працівника з передінфарктним""}, {""bbox"": [43, 1535, 1600, 1670], ""type"": ""handwritten"", ""text"": ""станом, керівник підприємства зобов'язаний негайно викупити тися.""}, {""bbox"": [24, 1610, 1591, 1745], ""type"": ""handwritten"", ""text"": ""Це не лише внутрішній конфлікт, а й поперечна загадка здоров'я""}, {""bbox"": [26, 1708, 1596, 1830], ""type"": ""handwritten"", ""text"": ""працівників, що може мати негатичні наступні наслідки для""}, {""bbox"": [34, 1790, 323, 1886], ""type"": ""handwritten"", ""text"": ""організації.""}, {""bbox"": [108, 1863, 1641, 1973], ""type"": ""handwritten"", ""text"": ""Насамперед необхідно провести службове розслідування, з'ясува-""}, {""bbox"": [19, 1951, 1637, 2057], ""type"": ""handwritten"", ""text"": ""ти обставини та причини конфлікту, залучити відповідальних осіб""}, {""bbox"": [26, 2030, 1605, 2144], ""type"": ""handwritten"", ""text"": ""і за потреби - психолога або кохача. Якщо буде доведено провина""}, {""bbox"": [33, 2117, 1641, 2230], ""type"": ""handwritten"", ""text"": ""фінансового директора, він повинен понести дисциплінарну відповідаль-""}, {""bbox"": [35, 2201, 1591, 2335], ""type"": ""handwritten"", ""text"": ""ність відповідно до трудового законодавства. Головному бухгалтеру""}]"
ceef6cbf-ec28-4199-9da5-4203d32240ff.jpg,"[{""bbox"": [37, 19, 240, 116], ""type"": ""handwritten"", ""text"": ""Задача""}, {""bbox"": [43, 91, 1618, 189], ""type"": ""handwritten"", ""text"": ""Умова про торгівлю і співробітництво між ЄС і Великою""}, {""bbox"": [40, 177, 1503, 270], ""type"": ""handwritten"", ""text"": ""Британією від 2020р. передбачає також і умови""}, {""bbox"": [36, 255, 1597, 338], ""type"": ""handwritten"", ""text"": ""риболовні. І справді були введені нові правила рибальства""}, {""bbox"": [30, 322, 1593, 402], ""type"": ""handwritten"", ""text"": ""після Brexit, але це не дає права Франції погрожувати""}, {""bbox"": [30, 389, 1613, 470], ""type"": ""handwritten"", ""text"": ""і відключити електрику на острові Дасерсі. Це є протип-""}, {""bbox"": [26, 455, 1608, 541], ""type"": ""handwritten"", ""text"": ""равнения діями згідно з нормами міжнародного права.""}, {""bbox"": [31, 529, 1618, 612], ""type"": ""handwritten"", ""text"": ""В даному випадку є порушення умов Податкового""}, {""bbox"": [27, 603, 1618, 675], ""type"": ""handwritten"", ""text"": ""ню та співробітництво між ЄС і Великою Британією,""}, {""bbox"": [25, 670, 1602, 746], ""type"": ""handwritten"", ""text"": ""так як Велика Британія не повідомила ЄС про зміни в""}, {""bbox"": [33, 733, 1626, 814], ""type"": ""handwritten"", ""text"": ""ущоді у розділі риболовні, Велика Британія відповід-""}, {""bbox"": [32, 803, 1626, 882], ""type"": ""handwritten"", ""text"": ""яв до цієї угоди та у зв'язку з передбачуваним пору-""}, {""bbox"": [33, 870, 1616, 953], ""type"": ""handwritten"", ""text"": ""меншими умов угоди Францією може застосувати від-""}, {""bbox"": [29, 944, 1631, 1019], ""type"": ""handwritten"", ""text"": ""повідні заходи, можливо, повністю заборонити рибачів-""}, {""bbox"": [34, 1012, 1557, 1096], ""type"": ""handwritten"", ""text"": ""що в районі Нормандських островів, якого Франція""}, {""bbox"": [26, 1082, 1616, 1164], ""type"": ""handwritten"", ""text"": ""відмовляється йти на переговори і надати підтверджен-""}, {""bbox"": [24, 1154, 1537, 1245], ""type"": ""handwritten"", ""text"": ""піна риболові біля Нормандських островів (це судна""}, {""bbox"": [19, 1233, 994, 1332], ""type"": ""handwritten"", ""text"": ""Франції і раніше робали так).""}, {""bbox"": [99, 1353, 555, 1430], ""type"": ""annotation"", ""text"": ""25.06.2025""}]"
4550bab7-a843-4cf1-ba33-b175583e42ab.jpg,"[{""bbox"": [240, 239, 1659, 887], ""type"": ""image"", ""text"": """"}, {""bbox"": [74, 921, 2052, 1405], ""type"": ""formula"", ""text"": ""44. (1 3; 0 2) * X = (2 11; 2 6)""}, {""bbox"": [172, 1440, 1761, 1874], ""type"": ""formula"", ""text"": ""X = (1 3; 0 2)^{-1} · (2 11; 2 6)""}, {""bbox"": [125, 1805, 1121, 2157], ""type"": ""formula"", ""text"": ""Δ = (1 3; 0 2) = 2""}, {""bbox"": [107, 2160, 1177, 2469], ""type"": ""formula"", ""text"": ""A^{-1} = \\frac{1}{2} \\begin{pmatrix} 2 & -3 \\\\ 0 & 1 \\end{pmatrix}""}, {""bbox"": [155, 2486, 3697, 2834], ""type"": ""formula"", ""text"": ""y = 1/2 (2 -3) (2 11) = 1/2 (-2 4) = (-1 2)""}, {""bbox"": [181, 2812, 1588, 3064], ""type"": ""handwritten"", ""text"": ""Відповідь: a~~A~~{A}11 = -1""}, {""bbox"": [79, 3068, 3609, 3375], ""type"": ""handwritten"", ""text"": ""45. (-1 2; -1 3) + (-3 -1; 1 -2) = (-2 1; 0 1) Відповідь: 1""}, {""bbox"": [65, 3419, 1979, 3662], ""type"": ""formula"", ""text"": ""46. MC = 0,003 Q^2 - 0,06 Q""}, {""bbox"": [106, 3629, 664, 3839], ""type"": ""formula"", ""text"": ""ΔTC - ?""}, {""bbox"": [95, 4114, 5051, 4444], ""type"": ""formula"", ""text"": ""= 0,00 + Q^3 - 0,03 Q^2 |_{100}^{110} = 0,00 + 110^3 - 0,03 * 110^2 - 0,00 + 100^3 -""}, {""bbox"": [94, 4438, 3159, 4711], ""type"": ""formula"", ""text"": ""- 0,03 * 100^2 = 133 + - 363 - (100 - 300) = 268""}, {""bbox"": [112, 4649, 1225, 4873], ""type"": ""handwritten"", ""text"": ""Відповідь: 268""}, {""bbox"": [84, 4908, 1794, 5136], ""type"": ""handwritten"", ""text"": ""47. Відповідь: ad - bc""}, {""bbox"": [84, 5072, 5173, 5386], ""type"": ""handwritten"", ""text"": ""48. Безпосереднє інтегрування, інтегрування частинали, метод""}, {""bbox"": [69, 5375, 1451, 5581], ""type"": ""handwritten"", ""text"": ""заміни змінної.""}, {""bbox"": [64, 5600, 1552, 5853], ""type"": ""handwritten"", ""text"": ""49. Відповідь: 3 x 3""}, {""bbox"": [4769, 7820, 4983, 8037], ""type"": ""annotation"", ""text"": ""5""}]"
9c501e68-52e7-4f47-84a3-551a59f5db09.jpg,"[{""bbox"": [29, 3, 626, 100], ""type"": ""handwritten"", ""text"": ""захисту прав працівників.""}, {""bbox"": [18, 51, 1610, 206], ""type"": ""handwritten"", ""text"": ""3. GRI - формує стандарти корпоративної звітності з питань сталого""}, {""bbox"": [13, 164, 264, 248], ""type"": ""handwritten"", ""text"": ""розвитку.""}, {""bbox"": [34, 233, 589, 340], ""type"": ""handwritten"", ""text"": ""Вітчизняні організації:""}, {""bbox"": [19, 288, 1611, 415], ""type"": ""handwritten"", ""text"": ""1. Спілка українських рідкісних - підтримує етичне підтримання""}, {""bbox"": [23, 391, 595, 503], ""type"": ""handwritten"", ""text"": ""та впровадження КСВ.""}, {""bbox"": [17, 473, 905, 585], ""type"": ""handwritten"", ""text"": ""3.1. а) прямого та побічного впливу""}, {""bbox"": [1207, 543, 1308, 622], ""type"": ""annotation"", ""text"": ""30""}, {""bbox"": [16, 566, 705, 669], ""type"": ""handwritten"", ""text"": ""2. d) всі відповіді правильні""}, {""bbox"": [13, 644, 575, 733], ""type"": ""handwritten"", ""text"": ""3. є) всі вимірюзазначені""}, {""bbox"": [22, 696, 1526, 793], ""type"": ""handwritten"", ""text"": ""4. а) У внутрішніх соціальних інвестиціях в людський капітал""}, {""bbox"": [16, 783, 474, 862], ""type"": ""handwritten"", ""text"": ""5. в) ОНСАР 18000""}, {""bbox"": [18, 850, 1526, 931], ""type"": ""handwritten"", ""text"": ""6. в) Організації, що надають послуги і провідне дослідження у сфері""}, {""bbox"": [28, 912, 1591, 1026], ""type"": ""handwritten"", ""text"": ""соціальної відповідальності, держава, неурядові організації, споживачі""}, {""bbox"": [17, 1007, 139, 1077], ""type"": ""handwritten"", ""text"": ""4. в)""}, {""bbox"": [16, 1076, 144, 1152], ""type"": ""handwritten"", ""text"": ""8. б)""}, {""bbox"": [16, 1154, 262, 1233], ""type"": ""handwritten"", ""text"": ""9. с) 000""}, {""bbox"": [16, 1223, 165, 1306], ""type"": ""handwritten"", ""text"": ""10. в)""}, {""bbox"": [29, 1281, 1637, 1380], ""type"": ""handwritten"", ""text"": ""4.1. Соціальна відповідальність бізнесу - добровільна діяльність компаній""}, {""bbox"": [32, 1362, 1616, 1451], ""type"": ""handwritten"", ""text"": ""на користь суспільства, довкілля та працівників, що виходить за межі""}, {""bbox"": [32, 1443, 668, 1521], ""type"": ""handwritten"", ""text"": ""обов'язкового законодавства.""}, {""bbox"": [49, 1490, 1563, 1591], ""type"": ""handwritten"", ""text"": ""2. Соціальна (недоріжкова) звітність - публічне інформування про""}, {""bbox"": [31, 1571, 1625, 1668], ""type"": ""handwritten"", ""text"": ""соціальний, економічний вплив діяльності компаній. Соціальна звітності""}, {""bbox"": [23, 1661, 387, 1749], ""type"": ""handwritten"", ""text"": ""лідируєнства).""}, {""bbox"": [37, 1720, 1646, 1828], ""type"": ""handwritten"", ""text"": ""3. Стратегія корпоративної соціальної відповідальності - довгостроковий""}, {""bbox"": [35, 1801, 1517, 1899], ""type"": ""handwritten"", ""text"": ""план дій підприємства, спрямований на інтеграцію соціальних,""}, {""bbox"": [32, 1866, 1621, 1958], ""type"": ""handwritten"", ""text"": ""етичних та екологічних аспектів у бизнес-процеси задля досягнення""}, {""bbox"": [37, 1948, 418, 2038], ""type"": ""handwritten"", ""text"": ""сталого розвитку""}, {""bbox"": [44, 2005, 1651, 2097], ""type"": ""handwritten"", ""text"": ""4. Спеціалізовані компанії - це усі різноманітні юридичні особи, які працюють""}, {""bbox"": [38, 2083, 1550, 2174], ""type"": ""handwritten"", ""text"": ""або спосуджовано зацікавлені вдіяльності підприємства, зокрема""}, {""bbox"": [33, 2154, 1614, 2252], ""type"": ""handwritten"", ""text"": ""працівники, активісти, споживачі, постачальники, громада, урядові""}, {""bbox"": [44, 2244, 658, 2333], ""type"": ""handwritten"", ""text"": ""та кураторські організації.""}]"
43d640f2-5e17-4019-89e3-e4fdec84fd30.jpg,"[{""bbox"": [37, 35, 1490, 190], ""type"": ""handwritten"", ""text"": ""3. Fe + H2SO4 → FeSO4 + H2↑ водень""}, {""bbox"": [37, 160, 1161, 258], ""type"": ""handwritten"", ""text"": ""5. 2,3,3-триметилпексан, має мала кислота.""}, {""bbox"": [1378, 201, 1540, 353], ""type"": ""annotation"", ""text"": ""+ 20 б.""}, {""bbox"": [60, 245, 801, 339], ""type"": ""handwritten"", ""text"": ""Написати структурні формули:""}, {""bbox"": [239, 437, 419, 497], ""type"": ""handwritten"", ""text"": ""CH3 CH3""}, {""bbox"": [52, 514, 695, 585], ""type"": ""handwritten"", ""text"": ""4. Здійснити перетворення:""}, {""bbox"": [105, 563, 1024, 665], ""type"": ""formula"", ""text"": ""Ca C2 \\xrightarrow{1} C2H2 \\xrightarrow{2} C2H6 \\xrightarrow{3} C8H10 \\xrightarrow{4}""}, {""bbox"": [1247, 578, 1386, 770], ""type"": ""annotation"", ""text"": ""20б""}, {""bbox"": [104, 689, 357, 750], ""type"": ""handwritten"", ""text"": ""2) C2H2 + H-""}, {""bbox"": [111, 733, 946, 832], ""type"": ""formula"", ""text"": ""1) CaC2 + 2H2O -> C2H2↑ + Ca(OH)2""}, {""bbox"": [117, 819, 524, 887], ""type"": ""formula"", ""text"": ""2) C2H2 ->[500] C2H6""}, {""bbox"": [122, 874, 664, 947], ""type"": ""handwritten"", ""text"": ""3) C2H6 -> C8H10""}, {""bbox"": [122, 874, 664, 947], ""type"": ""formula"", ""text"": ""3) C2H6 -> C8H10""}, {""bbox"": [114, 950, 540, 1021], ""type"": ""formula"", ""text"": ""4) CsH4O →""}]"
612f55d0-2d4e-4609-abc3-067c85459e44.jpg,"[{""bbox"": [113, 18, 462, 88], ""type"": ""handwritten"", ""text"": ""смокових поцю.""}, {""bbox"": [120, 91, 1655, 181], ""type"": ""handwritten"", ""text"": ""Словесно-логічна поміч - запам'ятовування слів, понять. (Напр""}, {""bbox"": [122, 169, 1408, 252], ""type"": ""handwritten"", ""text"": ""лог: запам'ятовування історичних фактів, переліків).""}, {""bbox"": [118, 250, 731, 336], ""type"": ""handwritten"", ""text"": ""4) За змістом функціоналі""}, {""bbox"": [122, 314, 1299, 421], ""type"": ""handwritten"", ""text"": ""Рудова плямів - збереження й відтворення рудов""}, {""bbox"": [125, 374, 1626, 489], ""type"": ""handwritten"", ""text"": ""Емоційна пам'ять - запам'ятовування емоційних станів. (згадки""}, {""bbox"": [124, 455, 1372, 545], ""type"": ""handwritten"", ""text"": ""речістьки строк, який пережили в певній ситуації.""}, {""bbox"": [131, 525, 1656, 615], ""type"": ""handwritten"", ""text"": ""Зорово-моторна пам'ять - комбінація образів і рухів (мова""}, {""bbox"": [131, 611, 981, 692], ""type"": ""handwritten"", ""text"": ""ре на музичних (неприємних)""}, {""bbox"": [122, 676, 1655, 770], ""type"": ""handwritten"", ""text"": ""2. Потреби - це внутрішні стимули, що викликають активність""}, {""bbox"": [126, 758, 1655, 840], ""type"": ""handwritten"", ""text"": ""людьми для задоволення того, чого їм не вистачає. Вони є джерел""}, {""bbox"": [132, 829, 1656, 907], ""type"": ""handwritten"", ""text"": ""мотивують на розкінку об'єднаності, тобто коли завдяки поз""}, {""bbox"": [136, 902, 1200, 979], ""type"": ""handwritten"", ""text"": ""людина діє, навчається, працює, спілкується.""}, {""bbox"": [144, 965, 1652, 1041], ""type"": ""handwritten"", ""text"": ""Наприклад: якщо день хоче отримати користу учніку (наб""}, {""bbox"": [138, 1030, 1455, 1103], ""type"": ""handwritten"", ""text"": ""у дочінній успіхів), він виставає спорожніле (обманливо).""}, {""bbox"": [157, 1101, 485, 1169], ""type"": ""handwritten"", ""text"": ""Види потреб:""}, {""bbox"": [134, 1162, 791, 1240], ""type"": ""handwritten"", ""text"": ""1) За природою походження:""}, {""bbox"": [134, 1196, 1656, 1309], ""type"": ""handwritten"", ""text"": ""Вологичні (фізіологічні) - необхідні для виживання, для людя, сон, води""}, {""bbox"": [144, 1308, 540, 1374], ""type"": ""handwritten"", ""text"": ""динамічна течія.""}, {""bbox"": [143, 1338, 1656, 1437], ""type"": ""handwritten"", ""text"": ""Соціальні - виникають в процесі життя в суспільстві: спілкування,""}, {""bbox"": [149, 1428, 707, 1495], ""type"": ""handwritten"", ""text"": ""відносять, поколя тільки.""}, {""bbox"": [142, 1469, 1513, 1571], ""type"": ""handwritten"", ""text"": ""Духовні - пов'язані із спізненням, творчістю, розумом.""}, {""bbox"": [135, 1564, 834, 1638], ""type"": ""handwritten"", ""text"": ""2) За способом заховання:""}, {""bbox"": [141, 1613, 1656, 1712], ""type"": ""handwritten"", ""text"": ""Матеріальні потоки - пов'язані з фізичними об'єктами (так,""}, {""bbox"": [136, 1710, 448, 1777], ""type"": ""handwritten"", ""text"": ""житло, одяг)""}, {""bbox"": [137, 1718, 1656, 1897], ""type"": ""handwritten"", ""text"": ""Ядерні потужні - не мають матеріального вираження (вірно,""}, {""bbox"": [149, 1840, 377, 1918], ""type"": ""handwritten"", ""text"": ""мораль).""}, {""bbox"": [326, 1893, 899, 1966], ""type"": ""handwritten"", ""text"": ""Домашня частина""}, {""bbox"": [137, 1946, 1656, 2037], ""type"": ""handwritten"", ""text"": ""3. Мовлення і мислення - це два тісно пов'язані психологічні""}, {""bbox"": [137, 2041, 333, 2103], ""type"": ""handwritten"", ""text"": ""процеси.""}, {""bbox"": [162, 2047, 1656, 2160], ""type"": ""handwritten"", ""text"": ""Мислення - це процес обробки інформації, розв'язання задач""}, {""bbox"": [158, 2153, 366, 2216], ""type"": ""handwritten"", ""text"": ""аналізу.""}, {""bbox"": [163, 2171, 1656, 2271], ""type"": ""handwritten"", ""text"": ""мовлення - це засіб вираження думок, почуттів, намірів чи""}, {""bbox"": [155, 2275, 305, 2339], ""type"": ""handwritten"", ""text"": ""єліву""}]"
224b1921-dc40-427b-a87d-44816cc96bab.jpg,"[{""bbox"": [14, 29, 98, 93], ""type"": ""handwritten"", ""text"": ""N5""}, {""bbox"": [590, 90, 763, 241], ""type"": ""annotation"", ""text"": ""+19б""}, {""bbox"": [10, 94, 361, 156], ""type"": ""handwritten"", ""text"": ""2 метки - 2 бутелку""}, {""bbox"": [6, 147, 295, 207], ""type"": ""formula"", ""text"": ""CH3 - C = CH - CH3""}, {""bbox"": [244, 236, 494, 366], ""type"": ""annotation"", ""text"": ""CH3 - C = O\n   |  H""}, {""bbox"": [6, 253, 157, 295], ""type"": ""handwritten"", ""text"": ""етанол""}, {""bbox"": [5, 301, 163, 351], ""type"": ""formula"", ""text"": ""CH3-CHO""}, {""bbox"": [5, 301, 163, 351], ""type"": ""handwritten"", ""text"": ""CH3 - CHO""}, {""bbox"": [10, 365, 74, 429], ""type"": ""handwritten"", ""text"": ""№ 4""}, {""bbox"": [18, 399, 1610, 488], ""type"": ""handwritten"", ""text"": ""сінціліна → бензой → ізопропілбензой → сенціліна кислота → мето- и травміцидина""}, {""bbox"": [699, 464, 982, 712], ""type"": ""annotation"", ""text"": ""структури? + 20б""}, {""bbox"": [27, 509, 189, 554], ""type"": ""handwritten"", ""text"": ""кислота""}, {""bbox"": [24, 576, 283, 657], ""type"": ""handwritten"", ""text"": ""1) BC2H2 → C6H6""}, {""bbox"": [21, 656, 669, 722], ""type"": ""formula"", ""text"": ""2) C6H6 + CH3 - CH - CH3 → C6H5 - CH(CH3)2""}, {""bbox"": [10, 725, 568, 795], ""type"": ""formula"", ""text"": ""3) C6H5 - CH(CH3)2 → C6H5 - COOH""}, {""bbox"": [9, 790, 724, 864], ""type"": ""formula"", ""text"": ""4) C6H5 - COOH + HNO3 - m - NO2 - C6H4 - COOH""}]"
66b9b5aa-1b36-4adc-9312-6c36328421c0.jpg,"[{""bbox"": [17, 10, 627, 88], ""type"": ""handwritten"", ""text"": ""Проровнений речений:""}, {""bbox"": [14, 78, 1566, 150], ""type"": ""handwritten"", ""text"": ""Невербальна комунікація - це обмін інформацією без""}, {""bbox"": [4, 140, 1565, 219], ""type"": ""handwritten"", ""text"": ""використання слів, тобто невербально, за допомогою:""}, {""bbox"": [5, 183, 1533, 295], ""type"": ""handwritten"", ""text"": ""чмінки, жестів, поз тіла, погляду, зовнішнього""}, {""bbox"": [1, 233, 405, 319], ""type"": ""handwritten"", ""text"": ""вигнеду тепло.""}, {""bbox"": [6, 288, 1507, 469], ""type"": ""handwritten"", ""text"": ""Визначте службовий етикет як невід'ємну""}, {""bbox"": [3, 429, 1607, 589], ""type"": ""handwritten"", ""text"": ""фері. Цей від етикета, між людьми в професійній""}, {""bbox"": [4, 479, 1606, 636], ""type"": ""handwritten"", ""text"": ""фері. Цей вирішальний літей морфом в професійній""}, {""bbox"": [2, 537, 1593, 695], ""type"": ""handwritten"", ""text"": ""біле співрозмовникам, підтримує довіру та повагу""}, {""bbox"": [4, 593, 1599, 744], ""type"": ""handwritten"", ""text"": ""запобігає конфліктам та сприяє ефективній ком-""}, {""bbox"": [13, 648, 1607, 820], ""type"": ""handwritten"", ""text"": ""щиткує. Отже, це невірний частини професій""}, {""bbox"": [18, 703, 1613, 880], ""type"": ""handwritten"", ""text"": ""Акціонерні товариства,""}, {""bbox"": [11, 739, 1616, 947], ""type"": ""handwritten"", ""text"": ""Охарактеризуйте основні складові гарних мано""}, {""bbox"": [8, 798, 1614, 1002], ""type"": ""handwritten"", ""text"": ""Схарактеризуйте основні складові гарних манер""}, {""bbox"": [0, 944, 1572, 1096], ""type"": ""handwritten"", ""text"": ""пения за зірвання за стій, положення запро-""}, {""bbox"": [79, 1058, 1597, 1239], ""type"": ""handwritten"", ""text"": ""та сервотка на колінах, неговорячи із заслі-""}, {""bbox"": [7, 1170, 1606, 1342], ""type"": ""handwritten"", ""text"": ""спів розмовників, що переслідують зворотні""}, {""bbox"": [9, 1225, 1606, 1411], ""type"": ""handwritten"", ""text"": ""5. ~~З~~{5} Б-голові, не критичний,""}, {""bbox"": [5, 1410, 816, 1541], ""type"": ""handwritten"", ""text"": ""В. ні, тільки в антракті""}, {""bbox"": [40, 2167, 364, 2264], ""type"": ""annotation"", ""text"": ""12.06.2025""}]"
1f0c78f3-41af-49bc-85fc-4640533cb6f8.jpg,"[{""bbox"": [288, 0, 631, 192], ""type"": ""handwritten"", ""text"": ""5""}, {""bbox"": [276, 208, 925, 352], ""type"": ""formula"", ""text"": ""13. A_{11} = -1""}, {""bbox"": [3335, 217, 4637, 703], ""type"": ""image"", ""text"": """"}, {""bbox"": [283, 386, 1699, 605], ""type"": ""handwritten"", ""text"": ""14. має єдиний розв'язок""}, {""bbox"": [273, 556, 722, 734], ""type"": ""handwritten"", ""text"": ""15. - 2/9""}, {""bbox"": [291, 761, 2169, 951], ""type"": ""formula"", ""text"": ""16. PR(10) = -600 + 1600 - 400 = 600""}, {""bbox"": [261, 965, 1233, 1258], ""type"": ""formula"", ""text"": ""17. 14100/300 = 470""}, {""bbox"": [298, 1297, 857, 1502], ""type"": ""handwritten"", ""text"": ""18. снага""}, {""bbox"": [294, 1500, 1053, 1691], ""type"": ""handwritten"", ""text"": ""19. 0 (щино)""}, {""bbox"": [291, 1689, 905, 1845], ""type"": ""formula"", ""text"": ""20. b12 = 1""}, {""bbox"": [295, 1872, 715, 2021], ""type"": ""formula"", ""text"": ""21. 3 × 2""}, {""bbox"": [295, 1872, 715, 2021], ""type"": ""handwritten"", ""text"": ""21. 3 x 2""}, {""bbox"": [297, 2031, 1121, 2209], ""type"": ""formula"", ""text"": ""22. R(30) = 4200""}, {""bbox"": [290, 2210, 922, 2398], ""type"": ""formula"", ""text"": ""23. (1; 0; 2)""}, {""bbox"": [308, 2568, 734, 2715], ""type"": ""handwritten"", ""text"": ""25. 2 x 3""}, {""bbox"": [307, 2677, 1602, 2896], ""type"": ""handwritten"", ""text"": ""26. усі варіанти вірні""}, {""bbox"": [310, 2882, 1786, 3100], ""type"": ""handwritten"", ""text"": ""27. має єдиний розв'язок""}, {""bbox"": [289, 3091, 1392, 3374], ""type"": ""formula"", ""text"": ""28. n^3 / 2n^2 = n / 2 = ∞""}, {""bbox"": [542, 3399, 1145, 3623], ""type"": ""handwritten"", ""text"": ""Відповідь: ∞""}, {""bbox"": [269, 3641, 754, 3788], ""type"": ""handwritten"", ""text"": ""29. - 12""}, {""bbox"": [266, 3679, 2800, 3977], ""type"": ""formula"", ""text"": ""30. a^x b^x = (ab)^x, \\sqrt[4]{x^7} = x^{7/4}, \\frac{1}{x^n} = x^{-n}""}, {""bbox"": [268, 4005, 714, 4143], ""type"": ""handwritten"", ""text"": ""51. 35""}, {""bbox"": [267, 4149, 697, 4348], ""type"": ""handwritten"", ""text"": ""32. 1/2""}, {""bbox"": [261, 4356, 1447, 4537], ""type"": ""formula"", ""text"": ""33. TC = 968 - 700 = 268""}, {""bbox"": [512, 4527, 1145, 4731], ""type"": ""handwritten"", ""text"": ""Відповідь: 268""}, {""bbox"": [254, 4718, 1086, 4887], ""type"": ""formula"", ""text"": ""54. A12 = -10""}, {""bbox"": [233, 4866, 1989, 5136], ""type"": ""formula"", ""text"": ""35. ∫cos(5x)dx = 1/5 sin(5x) + C""}, {""bbox"": [244, 5161, 1082, 5350], ""type"": ""handwritten"", ""text"": ""16. однимою""}, {""bbox"": [241, 5348, 1313, 5532], ""type"": ""handwritten"", ""text"": ""57. роки матриці""}, {""bbox"": [234, 5497, 2562, 5729], ""type"": ""formula"", ""text"": ""38. x = \\frac{\\Delta_x}{\\Delta} = \\frac{11}{11} = 1 y = \\frac{\\Delta_y}{\\Delta} = \\frac{-11}{11} = -1""}, {""bbox"": [447, 5735, 1520, 5954], ""type"": ""handwritten"", ""text"": ""Відповідь: x = 1, y = -1""}, {""bbox"": [239, 5953, 1026, 6133], ""type"": ""formula"", ""text"": ""59. \\lim_{z \\to 1} \\frac{2}{1} = 2""}, {""bbox"": [240, 6148, 793, 6306], ""type"": ""formula"", ""text"": ""40. ad - bc""}, {""bbox"": [240, 6148, 793, 6306], ""type"": ""handwritten"", ""text"": ""40. ad - bc""}, {""bbox"": [248, 6317, 2172, 6557], ""type"": ""handwritten"", ""text"": ""41. 2 (максимум за 1 серединою)""}]"
046af991-93eb-4357-9638-7748c7a5c413.jpg,"[{""bbox"": [79, 17, 1641, 137], ""type"": ""handwritten"", ""text"": ""Такий підхід може гарно сприяти на підвищення""}, {""bbox"": [79, 88, 1653, 220], ""type"": ""handwritten"", ""text"": ""репутації компанії, наприклад як це було у Patagoni""}, {""bbox"": [83, 187, 1624, 310], ""type"": ""handwritten"", ""text"": ""підвищити ефективність, завдяки енергоефективним""}, {""bbox"": [73, 257, 1528, 375], ""type"": ""handwritten"", ""text"": ""технологіям, як це зробила Nestle. Також допоможе""}, {""bbox"": [65, 338, 1488, 449], ""type"": ""handwritten"", ""text"": ""унікати ризиків втрати інвесторів. В цю ж чергу""}, {""bbox"": [67, 421, 1640, 551], ""type"": ""handwritten"", ""text"": ""для інвесторів це показує компанію більш стабільною""}, {""bbox"": [75, 487, 1512, 633], ""type"": ""handwritten"", ""text"": ""прибутковою та етичною, що робить компанію""}, {""bbox"": [84, 559, 1644, 690], ""type"": ""handwritten"", ""text"": ""привабливою для інвестування. Таким чином ESG""}, {""bbox"": [91, 613, 1563, 753], ""type"": ""handwritten"", ""text"": ""це не просто тренд, а стратегія, яка забезпечує""}, {""bbox"": [88, 653, 1532, 806], ""type"": ""handwritten"", ""text"": ""це не просто тренд, а стратегія, яка забезпечує""}, {""bbox"": [82, 724, 1609, 841], ""type"": ""handwritten"", ""text"": ""довгостроковий успіх і впливає на всіх учасників.""}, {""bbox"": [78, 854, 390, 940], ""type"": ""handwritten"", ""text"": ""Завдання 3""}, {""bbox"": [79, 1024, 177, 1082], ""type"": ""handwritten"", ""text"": ""2. β""}, {""bbox"": [78, 1094, 173, 1156], ""type"": ""handwritten"", ""text"": ""3. в""}, {""bbox"": [79, 1161, 171, 1216], ""type"": ""handwritten"", ""text"": ""4. в""}, {""bbox"": [77, 1306, 397, 1392], ""type"": ""handwritten"", ""text"": ""Завдання 4.""}, {""bbox"": [1373, 1311, 1476, 1370], ""type"": ""annotation"", ""text"": ""20""}, {""bbox"": [79, 1379, 1575, 1463], ""type"": ""handwritten"", ""text"": ""1) Менеджмент - це процес планування, організації,""}, {""bbox"": [103, 1451, 1595, 1528], ""type"": ""handwritten"", ""text"": ""мотивації та контролю ресурсів для досягнення""}, {""bbox"": [96, 1516, 239, 1562], ""type"": ""handwritten"", ""text"": ""цілей""}, {""bbox"": [79, 1551, 1594, 1648], ""type"": ""handwritten"", ""text"": ""2) Соціальна відповідальність - зобов'язання бізнесу""}, {""bbox"": [95, 1624, 1481, 1729], ""type"": ""handwritten"", ""text"": ""дьоти на користь суспільства та екології; а у""}, {""bbox"": [94, 1678, 1617, 1783], ""type"": ""handwritten"", ""text"": ""випадку порушення - звітувати та нести покарання.""}, {""bbox"": [69, 1742, 1633, 1856], ""type"": ""handwritten"", ""text"": ""3) Недінаксові ритми - це ритми які не пов'язані на""}, {""bbox"": [89, 1803, 1648, 1913], ""type"": ""handwritten"", ""text"": ""проту з фінансовими операціями, але можуть впливати""}, {""bbox"": [88, 1850, 1654, 1973], ""type"": ""handwritten"", ""text"": ""на діяльність організації. Це, наприклад - репутаційні ризики""}, {""bbox"": [86, 1911, 1653, 2036], ""type"": ""handwritten"", ""text"": ""ризими росуминня законодавства, соціальні ризики та інші.""}, {""bbox"": [75, 1962, 1656, 2101], ""type"": ""handwritten"", ""text"": ""4) Корпоративна культура це - система цінностей, перекон""}, {""bbox"": [86, 2020, 1656, 2149], ""type"": ""handwritten"", ""text"": ""норм і правил поведінки, яка дотримується в компанії та""}, {""bbox"": [91, 2090, 1648, 2203], ""type"": ""handwritten"", ""text"": ""визначає спосіб взаємодії співробітників між собою та з""}, {""bbox"": [98, 2160, 1652, 2260], ""type"": ""handwritten"", ""text"": ""зовнішнім світом. Я усі можу порівняти лише з РНК люд""}, {""bbox"": [100, 2239, 1653, 2331], ""type"": ""handwritten"", ""text"": ""де закладені усі її звички, особливості, принципи та""}]"
99909bbb-7c5c-4876-bd37-17a0cf4db3e3.jpg,"[{""bbox"": [742, 369, 2045, 967], ""type"": ""table"", ""text"": ""a | 2 | 3\nb | 5 | 20""}, {""bbox"": [742, 369, 2045, 967], ""type"": ""formula"", ""text"": ""a 2 3\nb 5 20""}, {""bbox"": [1094, 940, 2013, 1154], ""type"": ""handwritten"", ""text"": ""Загальний - ?""}, {""bbox"": [1125, 1182, 1997, 1393], ""type"": ""handwritten"", ""text"": ""на 100 ~~[illegible]~~""}, {""bbox"": [1125, 1182, 1997, 1393], ""type"": ""formula"", ""text"": ""на 100 ~~[illegible]~~""}, {""bbox"": [844, 1448, 3779, 1755], ""type"": ""handwritten"", ""text"": ""Для A = 100 Суперлига I = 100 x 2 = 200""}, {""bbox"": [2357, 1769, 3719, 2005], ""type"": ""formula"", ""text"": ""N = 100 * 3 = 3000""}, {""bbox"": [2081, 2522, 3440, 2800], ""type"": ""formula"", ""text"": ""11 = 60 * 20 = 1200""}, {""bbox"": [848, 2883, 4124, 3329], ""type"": ""handwritten"", ""text"": ""Загальний дохід: 300 + 1200 = 1500""}, {""bbox"": [2493, 3612, 3605, 3938], ""type"": ""annotation"", ""text"": ""26.12.25""}]"
08072687-8a58-407d-9dff-8086728d04f6.jpg,"[{""bbox"": [27, 30, 319, 96], ""type"": ""handwritten"", ""text"": ""1V. Задача""}, {""bbox"": [39, 61, 1543, 165], ""type"": ""formula"", ""text"": ""C = 65; D = 6; G = 20; R = 3; P = 10; A = 16; I = 8; Tн = 19;""}, {""bbox"": [33, 162, 677, 243], ""type"": ""formula"", ""text"": ""W = 42 ; Xn = 3 ; NTr = 7""}, {""bbox"": [3, 238, 1370, 334], ""type"": ""formula"", ""text"": ""a) ВВП_{капр} = С + I_g + G + X_n = 65 + 6 + 20 + 3 = 94""}, {""bbox"": [26, 310, 1617, 429], ""type"": ""formula"", ""text"": ""ВВП~~~~~~~~~~~~~~~~~~~~~~~~~~~~~~~~~~~~~~~~~~~~~~~~~~~~~~~~~~~~~~~~~~~~~~~~~~~~~~~~~~~~~~~~~~~~~~~~~~~~~~~~~~~~~~~~~~~~~~~~~~~~~~~~~~~~~~~~~~~~~~~~~~~~~~~~~~~~~~~~~~~~~~~~~~~~~~~~~~~~~~~~~~~~~~~~~~~~~~~~~~~~~~~~~~~~~~~~~~~~~~~~~~~~~~~~~~~~~~~~~~~~~~~~~~~~~~~~~~~~~~~~~~~~~~~~~~~~~~~~~~~~~~~~~~~~~~~~~~~~~~~~~~~~~~~~~~~~~~~~~~~~~~~~~~~~~~~~~~~~~~~~~~~~~~~~~~~~~~~~~~~~~~~~~~~~~~~~~~~~~~~~~~~~~~~~~~~~~~~~~~~~~~~~~~~~~~~~~~~~~~~~~~~~~~~~~~~~~~~~~~~~~~~~~~~~~~~~~~~~~~~~~~~~~~~~~~~~~~~~~~~~~~~~~~~~~~~~~~~~~~~~~~~~~~~~~~~~~~~~~~~~~~~~~~~~~~~~~~~~~~~~~~~~~~~~~~~~~~~~~~~~~~~~~~~~~~~~~~~~~~~~~~~~~~~~~~~~~~~~~~~~~~~~~~~~~~~~~~~~~~~~~~~~~~~~~~~~~~~~~~~~~~~~~~~~~~~~~~~~~~~~~~~~~~~~~~~~~~~~~~~~~~~~~~~~~~~~~~~~~~~~~~~~~~~~~~~~~~~~~~~~~~~~~~~~~~~~~~~~~~~~~~~~~~~~~~~~~~~~~~~~~~~~~~~~~~~~~~~~~~~~~~~~~~~~~~~~~~~~~~~~~~~~~~~~~~~~~~~~~~~~~~~~~~~~~~~~~~~~~~~~~~~~~~~~~~~~~~~~~~~~~~~~~~~~~~~~~~~~~~~~~~~~~~~~~~~~~~~~~~~~~~~~~~~~~~~~~~~~~~~~~~~~~~~~~~~~~~~~~~~~~~~~~~~~~~~~~~~~~~~~~~~~~~~~~~~~~~~~~~~~~~~~~~~~~~~~~~~~~~~~~~~~~~~~~~~~~~~~~~~~~~~~~~~~~~~~~~~~~~~~~~~~~~~~~~~~~~~~~~~~~~~~~~~~~~~~~~~~~~~~~~~~~~~~~~~~~~~~~~~~~~~~~~~~~~~~~~~~~~~~~~~~~~~~~~~~~~~~~~~~~~~~~~~~~~~~~~~~~~~~~~~~~~~~~~~~~~~~~~~~~~~~~~~~~~~~~~~~~~~~~~~~~~~~~~~~~~~~~~~~~~~~~~~~~~~~~~~~~~~~~~~~~~~~~~~~~~~~~~~~~~~~~~~~~~~~~~~~~~~~~~~~~~~~~~~~~~~~~~~~~~~~~~~~~~~~~~~~~~~~~~~~~~~~~~~~~~~~~~~~~~~~~~~~~~~~~~~~~~~~~~~~~~~~~~~~~~~~~~~~~~~~~~~~~~~~~~~~~~~~~~~~~~~~~~~~~~~~~~~~~~~~~~~~~~~~~~~~~~~~~~~~~~~~~~~~~~~~~~~~~~~~~~~~~~~~~~~~~~~~~~~~~~~~~~~~~~~~~~~~~~~~~~~~~~~~~~~~~~~~~~~~~~~~~~~~~~~~~~~~~~~~~~~~~~~~~~~~~~~~~~~~~~~~~~~~~~~~~~~~~~~~~~~~~~~~~~~~~~~~~~~~~~~~~~~~~~~~~~~~~~~~~~~~~~~~~~~~~~~~~~~~~~~~~~~~~~~~~~~~~~~~~~~~~~~~~~~~~~~~~~~~~~~~~~~~~~~~~~~~~~~~~~~~~~~~~~~~~~~~~~~~~~~~~~~~~~~~~~~~~~~~~~~~~~~~~~~~~~~~~~~~~~~~~~~~~~~~~~~~~~~~~~~~~~~~~~~~~~~~~~~~~~~~~~~~~~~~~~~~~~~~~~~~~~~~~~~~~~~~~~~~~~~~~~~~~~~~~~~~~~~~~~~~~~~~~~~~~~~~~~~~~~~~~~~~~~~~~~~~~~~~~~~~~~~~~~~~~~~~~~~~~~~~~~~~~~~~~~~~~~~~~~~~~~~~~~~~~~~~~~~~~~~~~~~~~~~~~~~~~~~~~~~~~~~~~~~~~~~~~~~~~~~~~~~~~~~~~~~~~~~~~~~~~~~~~~~~~~""}, {""bbox"": [7, 418, 1599, 569], ""type"": ""handwritten"", ""text"": ""8) В + А = ВВП + Доходи, які отримані із-за кордону - Доходи спожи- ні резидентами ін країн""}, {""bbox"": [13, 487, 1579, 600], ""type"": ""handwritten"", ""text"": ""8) ВтА = ВВП + резидуємі із-за кордону ін країн""}, {""bbox"": [38, 599, 699, 707], ""type"": ""formula"", ""text"": ""94 + 12 - 4 = 99 - 317""}]"
7e8eb75e-9a97-406d-afdf-64579f381bb9.jpg,"[{""bbox"": [19, 44, 945, 141], ""type"": ""handwritten"", ""text"": ""1. а) атома та його структуру (11);""}, {""bbox"": [1020, 98, 1548, 151], ""type"": ""handwritten"", ""text"": ""~~вжена будови атома~~""}, {""bbox"": [90, 132, 742, 220], ""type"": ""handwritten"", ""text"": ""Заряд ядра: +16 (16 протонів)""}, {""bbox"": [982, 137, 1642, 211], ""type"": ""handwritten"", ""text"": ""Заряд ядра: +19 (19 протонів)""}, {""bbox"": [978, 206, 1598, 283], ""type"": ""handwritten"", ""text"": ""Кількість електронів: 19""}, {""bbox"": [86, 212, 638, 287], ""type"": ""handwritten"", ""text"": ""Кількість електронів: 16""}, {""bbox"": [973, 280, 1641, 358], ""type"": ""handwritten"", ""text"": ""Двоподібні по рівнях x: 2, 8, 8, 1""}, {""bbox"": [21, 282, 791, 362], ""type"": ""handwritten"", ""text"": ""Двадціе електронів по шарах: 2, 8, 6""}, {""bbox"": [814, 308, 961, 454], ""type"": ""annotation"", ""text"": ""+100""}, {""bbox"": [971, 361, 1455, 441], ""type"": ""handwritten"", ""text"": ""Електрична формула:""}, {""bbox"": [26, 362, 528, 444], ""type"": ""handwritten"", ""text"": ""Електронна формула:""}, {""bbox"": [968, 438, 1476, 530], ""type"": ""formula"", ""text"": ""1s^2 2s^2, 2p^6 3s^2, 3p^6, 4s^1""}, {""bbox"": [26, 443, 419, 532], ""type"": ""formula"", ""text"": ""1s^2 2s^2 2p^6 3s^2 3p^4""}, {""bbox"": [971, 541, 1669, 625], ""type"": ""handwritten"", ""text"": ""Заряд ядра: +19 (не змінюється)""}, {""bbox"": [34, 559, 860, 660], ""type"": ""handwritten"", ""text"": ""Заряд ядра: +16 (не змінюється)""}, {""bbox"": [960, 616, 1582, 684], ""type"": ""handwritten"", ""text"": ""Кількість електронів: 18""}, {""bbox"": [30, 637, 642, 737], ""type"": ""handwritten"", ""text"": ""Кількість електронів: 18""}, {""bbox"": [956, 687, 1590, 768], ""type"": ""handwritten"", ""text"": ""Розподіл по рівнях: 2, 8, 8""}, {""bbox"": [26, 716, 806, 822], ""type"": ""handwritten"", ""text"": ""Взагалі електронів по шарах: 2, 8, 8""}, {""bbox"": [952, 764, 1454, 834], ""type"": ""handwritten"", ""text"": ""Електронна формула:""}, {""bbox"": [29, 801, 563, 906], ""type"": ""handwritten"", ""text"": ""Електронна формула:""}, {""bbox"": [40, 877, 438, 975], ""type"": ""formula"", ""text"": ""1s^2 2s^2 2p^6 3s^2 3p^6""}, {""bbox"": [29, 967, 1305, 1093], ""type"": ""handwritten"", ""text"": ""5. Метилізапропіоніну ; Інтарна кислота""}, {""bbox"": [1409, 1014, 1580, 1125], ""type"": ""annotation"", ""text"": ""+ 20 б.""}, {""bbox"": [116, 1072, 543, 1163], ""type"": ""formula"", ""text"": ""CH3 - NH - CH (CH3)2""}, {""bbox"": [798, 1089, 1328, 1177], ""type"": ""formula"", ""text"": ""HOO C - CH2 - CH2 - COOH""}, {""bbox"": [34, 1164, 740, 1264], ""type"": ""handwritten"", ""text"": ""4. Етилен → 1,2-дихлоретан""}, {""bbox"": [880, 1202, 1580, 1268], ""type"": ""handwritten"", ""text"": ""1,2-дихлоретан → ацетилен""}, {""bbox"": [111, 1260, 795, 1354], ""type"": ""formula"", ""text"": ""CH2-CH2 + Cl2 → CH2Cl-CH2Cl""}, {""bbox"": [877, 1281, 1613, 1380], ""type"": ""handwritten"", ""text"": ""CH2Cl - CH2Cl + 2KOH (спирт) -> CH3 - CH3""}, {""bbox"": [68, 1354, 757, 1442], ""type"": ""handwritten"", ""text"": ""ацетилен → озоквий альдегід""}, {""bbox"": [873, 1369, 1229, 1448], ""type"": ""formula"", ""text"": ""CN + 2 KCl + 2 H2 O""}, {""bbox"": [65, 1429, 642, 1505], ""type"": ""formula"", ""text"": ""HC≡CH + H_2O \\xrightarrow{Hg^{2+}, H^+} CH_3 - CHO""}, {""bbox"": [1165, 1473, 1312, 1604], ""type"": ""annotation"", ""text"": ""+ 20 б.""}, {""bbox"": [71, 1505, 902, 1589], ""type"": ""handwritten"", ""text"": ""гістамін-альдегід → гістамін-кислота""}, {""bbox"": [66, 1576, 968, 1662], ""type"": ""formula"", ""text"": ""CH3 - CNO + Ag2O \\xrightarrow{NH3 \\cdot H2O} CH3 - COON + 2Ag↓""}, {""bbox"": [59, 1656, 313, 1758], ""type"": ""handwritten"", ""text"": ""2. Дано:""}, {""bbox"": [142, 1751, 571, 1822], ""type"": ""handwritten"", ""text"": ""m_застіка ~~KNO3~~ - 100 г""}, {""bbox"": [144, 1818, 489, 1888], ""type"": ""handwritten"", ""text"": ""14% - 20 розчину""}, {""bbox"": [872, 1856, 1126, 1980], ""type"": ""annotation"", ""text"": ""розрахунок""}, {""bbox"": [136, 1887, 585, 1968], ""type"": ""handwritten"", ""text"": ""2002 40% - 20 розчину""}, {""bbox"": [145, 1956, 301, 2024], ""type"": ""handwritten"", ""text"": ""Дано:""}, {""bbox"": [1372, 1963, 1529, 2101], ""type"": ""annotation"", ""text"": ""+20 б.""}, {""bbox"": [659, 1978, 1197, 2049], ""type"": ""formula"", ""text"": ""m(KNO3) = 200 г * 0,40 = 80 г""}, {""bbox"": [149, 2027, 577, 2102], ""type"": ""handwritten"", ""text"": ""100 2 14% - резину""}, {""bbox"": [655, 2047, 1341, 2110], ""type"": ""handwritten"", ""text"": ""m заг. розчину = 100 г + 200 г = 300 г""}, {""bbox"": [655, 2047, 1341, 2110], ""type"": ""formula"", ""text"": ""m_заг. розчину = 100 г + 200 г = 300 г""}, {""bbox"": [142, 2092, 631, 2163], ""type"": ""formula"", ""text"": ""240 = 40% - 20 рокину""}, {""bbox"": [651, 2096, 1364, 2191], ""type"": ""handwritten"", ""text"": ""навч = (m заг. (речовин) / m заг. розчину) · 100%""}, {""bbox"": [644, 2166, 1272, 2265], ""type"": ""formula"", ""text"": ""Шківний = 942 / 3002 * 100% ≈ 31,33%""}, {""bbox"": [147, 2179, 511, 2239], ""type"": ""handwritten"", ""text"": ""маса KNO3 -?""}, {""bbox"": [645, 2233, 1101, 2329], ""type"": ""handwritten"", ""text"": ""Відповідь: ≈ 31,33 %""}]"
6715d395-b045-4401-8e97-03b97582a825.jpg,"[{""bbox"": [74, 63, 234, 150], ""type"": ""annotation"", ""text"": ""4.2)""}, {""bbox"": [66, 109, 1916, 643], ""type"": ""table"", ""text"": ""4. | Льоно | 0,12 | 0,10 | -0,0367 | 0,00133\n5. | Філільний | 0,24 | 0,20 | 0,0893 | 0,00684\n7. | Побус | 0,11 | 0,10 | -0,0467 | 0,00218""}, {""bbox"": [142, 686, 1269, 806], ""type"": ""formula"", ""text"": ""6 = \\sqrt[3]{0,01047} = \\sqrt[3]{0,00349} = 0,0501""}, {""bbox"": [162, 807, 1470, 956], ""type"": ""formula"", ""text"": ""V = \\frac{6}{x} \\cdot 100\\% = \\frac{0,0581}{0,1567} \\cdot 100\\% = 37,4\\%""}, {""bbox"": [144, 944, 1855, 1092], ""type"": ""handwritten"", ""text"": ""Перевищує сукупність є неоднорідною коордінант вирізці.""}, {""bbox"": [146, 1079, 707, 1157], ""type"": ""handwritten"", ""text"": ""становить 97,7%.""}, {""bbox"": [109, 1153, 1011, 2067], ""type"": ""table"", ""text"": ""| | | | | | | | | | | | | | | | | | | | | | | | | | | | | | | | | | | | | | | | | | | | | | | | | | | | | | | | | | | | | | | | | | | | | | | | | | | | | | | | | | | | | | | | | | | | | | | | | | | | | | | | | | | | | | | | | | | | | | | | | | | | | | | | | | | | | | | | | | | | | | | | | | | | | | | | | | | | | | | | | | | | | | | | | | | | | | | | | | | | | | | | | | | | | | | | | | | | | | | | | | | | | | | | | | | | | | | | | | | | | | | | | | | | | | | | | | | | | | | | | | | | | | | | | | | | | | | | | | | | | | | | | | | | | | | | | | | | | | | | | | | | | | | | | | | | | | | | | | | | | | | | | | | | | | | | | | | | | | | | | | | | | | | | | | | | | | | | | | | | | | | | | | | | | | | | | | | | | | | | | | | | | | | | | | | | | | | | | | | | | | | | | | | | | | | | | | | | | | | | | | | | | | | | | | | | | | | | | | | | | | | | | | | | | | | | | | | | | | | | | | | | | | | | | | | | | | | | | | | | | | | | | | | | | | | | | | | | | | | | | | | | | | | | | | | | | | | | | | | | | | | | | | | | | | | | | | | | | | | | | | | | | | | | | | | | | | | | | | | | | | | | | | | | | | | | | | | | | | | | | | | | | | | | | | | | | | | | | | | | | | | | | | | | | | | | | | | | | | | | | | | | | | | | | | | | | | | | | | | | | | | | | | | | | | | | | | | | | | | | | | | | | | | | | | | | | | | | | | | | | | | | | | | | | | | | | | | | | | | | | | | | | | | | | | | | | | | | | | | | | | | | | | | | | | | | | | | | | | | | | | | | | | | | | | | | | | | | | | | | | | | | | | | | | | | | | | | | | | | | | | | | | | | | | | | | | | | | | | | | | | | | | | | | | | | | | | | | | | | | | | | | | | | | | | | | | | | | | | | | | | | | | | | | | | | | | | | | | | | | | | | | | | | | | | | | | | | | | | | | | | | | | | | | | | | | | | | | | | | | | | | | | | | | | | | | | | | | | | | | | | | | | | | | | | | | | | | | | | | | | | | | | | | | | | | | | | | | | | | | | | | | | | | | | | | | | | | | | | | | | | | | | | | | | | | | | | | | | | | | | | | | | | | | | | | | | | | | | | | | | | | | | | | | | | | | | | | | | | | | | | | |""}, {""bbox"": [92, 1158, 1023, 1260], ""type"": ""handwritten"", ""text"": ""6. Місяць Товбо. міл. грн. ут""}, {""bbox"": [1272, 2043, 1907, 2174], ""type"": ""handwritten"", ""text"": ""Вирівняний товарооборот""}, {""bbox"": [40, 2090, 753, 2230], ""type"": ""formula"", ""text"": ""\\bar{y}_t = \\frac{y_{t-1} + y_t + y_{t+1}}{3}""}, {""bbox"": [54, 2225, 1456, 2331], ""type"": ""formula"", ""text"": ""y_{t1} = \\frac{37 + 38 + 41}{3} = 38,6 y_{t2} = \\frac{43 + 41 + 47}{3} = 43,6""}, {""bbox"": [51, 2330, 708, 2468], ""type"": ""formula"", ""text"": ""y_{13} = \\frac{38 + 44 + 38}{3} = 40,3""}, {""bbox"": [744, 2337, 1546, 2449], ""type"": ""formula"", ""text"": ""y_{+8} = \\frac{47 + 47 + 48}{3} = 45,6""}, {""bbox"": [747, 2445, 1524, 2581], ""type"": ""formula"", ""text"": ""Y_{ts} = \\frac{47 + 48 + 52}{3} = 49,3""}, {""bbox"": [51, 2457, 719, 2574], ""type"": ""formula"", ""text"": ""y_{+} = \\frac{44 + 38 + 42}{3} = 41,3""}, {""bbox"": [48, 2568, 672, 2669], ""type"": ""formula"", ""text"": ""y_{15} = \\frac{35 + 42 + 43}{3} = 41""}, {""bbox"": [749, 2577, 1512, 2690], ""type"": ""formula"", ""text"": ""y_{10} = \\frac{48 + 52 + 47}{3} = 49,3""}, {""bbox"": [1787, 2624, 1918, 2739], ""type"": ""annotation"", ""text"": ""2.""}, {""bbox"": [52, 2663, 642, 2778], ""type"": ""formula"", ""text"": ""y_{16} = \\frac{y_2 + y_3 + y_1}{3} = y_2""}]"
151eddb2-dedf-4ab3-a536-a47483708b8b.jpg,"[{""bbox"": [1150, 9, 1285, 193], ""type"": ""handwritten"", ""text"": ""б""}, {""bbox"": [261, 220, 1694, 494], ""type"": ""formula"", ""text"": ""-p^2 - 6p + 64 = p^2 + 8p + 7""}, {""bbox"": [274, 494, 1963, 734], ""type"": ""formula"", ""text"": ""0 = (p^2 + p^2) + (8p + 6p) + (7 - 67)""}, {""bbox"": [284, 764, 1229, 984], ""type"": ""formula"", ""text"": ""0 = 2p^2 + 14p - 60""}, {""bbox"": [3218, 954, 4668, 1311], ""type"": ""formula"", ""text"": ""\\frac{1}{\\sin} = \\frac{5}{2} = \\frac{1 + 3}{1 + 1} = \\sin \\alpha""}, {""bbox"": [253, 961, 1070, 1180], ""type"": ""formula"", ""text"": ""p^2 + 7p - 30 = 0""}, {""bbox"": [218, 1181, 1303, 1440], ""type"": ""formula"", ""text"": ""p = (-7 ± √(49 - 4(7)(-30)) / 2""}, {""bbox"": [3299, 1283, 4675, 1592], ""type"": ""formula"", ""text"": ""[ \\frac{1}{2} - \\frac{1}{3} ] \\cdot \\frac{1}{5} =""}, {""bbox"": [230, 1404, 1081, 1665], ""type"": ""formula"", ""text"": ""p = (-7 ± √(49 + 120)) / 2""}, {""bbox"": [4117, 1590, 4602, 1910], ""type"": ""handwritten"", ""text"": ""1. [А]""}, {""bbox"": [227, 1656, 904, 1911], ""type"": ""formula"", ""text"": ""p = (-7 ± √259)/2""}, {""bbox"": [229, 1895, 813, 2105], ""type"": ""formula"", ""text"": ""p = -7 ± 13""}, {""bbox"": [3636, 1920, 4666, 2277], ""type"": ""formula"", ""text"": ""(\\frac{5}{5(1-1)} - \\frac{5}{4(3-1)}) \\frac{1}{2} =""}, {""bbox"": [224, 2120, 1464, 2364], ""type"": ""formula"", ""text"": ""p = p1 = (-24 + 13)/2 = -11/2 = -5,5""}, {""bbox"": [4154, 2251, 4664, 2520], ""type"": ""formula"", ""text"": ""(\\frac{1}{2} - \\frac{1}{4}) =""}, {""bbox"": [353, 2380, 1675, 2629], ""type"": ""formula"", ""text"": ""P2 = (-7 - 13) / 2 = -20 / 2 = -10""}, {""bbox"": [4110, 2551, 4661, 2837], ""type"": ""formula"", ""text"": ""(\\frac{9}{4} - \\frac{1}{4}) = \\frac{1}{2}""}, {""bbox"": [251, 2652, 3683, 2892], ""type"": ""handwritten"", ""text"": ""корінь p2 = -10, відкидається; p ≠ -0,5, p = 3, Відповідь: p* = 3""}, {""bbox"": [4177, 2834, 4667, 3064], ""type"": ""formula"", ""text"": ""(1/2 - 1) / 1/2 = -1""}, {""bbox"": [219, 2860, 1277, 3042], ""type"": ""formula"", ""text"": ""78) I = ∫ cos(5x) dx""}, {""bbox"": [3260, 3088, 4646, 3376], ""type"": ""formula"", ""text"": ""\\frac{2}{7} - \\text{відповідь}, \\frac{5}{7} - \\frac{8}{7} = -\\frac{3}{7}""}, {""bbox"": [3260, 3088, 4646, 3376], ""type"": ""handwritten"", ""text"": ""4/7 - 2/7 = 2/7, 5/7 - 2/7 = 3/7""}, {""bbox"": [393, 3113, 734, 3266], ""type"": ""formula"", ""text"": ""u = 5x""}, {""bbox"": [335, 3318, 1110, 3501], ""type"": ""formula"", ""text"": ""du = d(5x) = 5dx""}, {""bbox"": [3878, 3446, 4472, 3802], ""type"": ""formula"", ""text"": ""x = | 1 -1 -1 | = 1""}, {""bbox"": [364, 3518, 861, 3728], ""type"": ""formula"", ""text"": ""dx = 1/5 du""}, {""bbox"": [268, 3727, 1221, 3955], ""type"": ""formula"", ""text"": ""I = ∫ \\cos t(u) (1/5) du""}, {""bbox"": [3625, 3869, 4560, 4033], ""type"": ""formula"", ""text"": ""(5-3) 8-4 = (1) 8-4""}, {""bbox"": [242, 3995, 1127, 4235], ""type"": ""handwritten"", ""text"": ""I = 1/5 ∫ cos(u) du""}, {""bbox"": [2984, 4253, 4545, 4434], ""type"": ""handwritten"", ""text"": ""- 5t - 49t^2 + 16t^3, t = 1; t = 6""}, {""bbox"": [211, 4259, 986, 4468], ""type"": ""formula"", ""text"": ""I = \\frac{1}{5} \\sin (u) + C""}, {""bbox"": [3273, 4473, 4458, 4793], ""type"": ""formula"", ""text"": ""\\frac{2x + 5y + 7z - 1}{4x - 4y + 7} = 1""}, {""bbox"": [3273, 4473, 4458, 4793], ""type"": ""table"", ""text"": ""(2 + 5) + (1 + 1) = 9 | 4 + 4 + 1 = 9 | 1 + 1 = 2""}, {""bbox"": [207, 4489, 2527, 4736], ""type"": ""handwritten"", ""text"": ""I = 1/5 sin(5x) + C; Відповідь: I = 1/5 sin(5x) + C""}, {""bbox"": [204, 4735, 1921, 4955], ""type"": ""handwritten"", ""text"": ""19) має єдиний розв'язок""}, {""bbox"": [3606, 4823, 4480, 5004], ""type"": ""formula"", ""text"": ""{(8+5)11+5x1=11""}, {""bbox"": [189, 4922, 1693, 5136], ""type"": ""formula"", ""text"": ""20) f(x) = \\frac{1 + x}{1 + x^2} у точці x = 1""}, {""bbox"": [3151, 4992, 4494, 5168], ""type"": ""formula"", ""text"": ""S_{12} = S + S_{12} = (5 * 3) * (5 * 3) = 225""}, {""bbox"": [327, 5142, 1162, 5400], ""type"": ""formula"", ""text"": ""(\\frac{u}{v})' = \\frac{u'v - uv'}{v^2}""}, {""bbox"": [3452, 5184, 4482, 5370], ""type"": ""formula"", ""text"": ""D = (15 + 13 + 18) - 16""}, {""bbox"": [303, 5364, 1720, 5672], ""type"": ""formula"", ""text"": ""f'(x) = \\frac{(\\frac{1}{x})(1+x^2) - (\\ln x)(2x)}{1+x^2}""}, {""bbox"": [3611, 5391, 4489, 5553], ""type"": ""formula"", ""text"": ""2x^2 + 6x + 3x + 1""}, {""bbox"": [3611, 5391, 4489, 5553], ""type"": ""handwritten"", ""text"": ""2x + 6y + 3z = 1""}, {""bbox"": [2884, 5581, 4518, 5927], ""type"": ""formula"", ""text"": ""\\frac{P_{\\text{від}}}{\\text{при } \\Delta \\to 0} = \\frac{(-1 + 1) \\cdot 1 + (-1) \\cdot 1}{1 \\cdot 1 - 1 \\cdot 1} = \\frac{0}{0} \\to \\infty""}, {""bbox"": [281, 5615, 1341, 5910], ""type"": ""formula"", ""text"": ""f'(x) = \\frac{1/x^2 - 2x \\ln x}{(1 + x^2)^2}""}, {""bbox"": [277, 5888, 1447, 6169], ""type"": ""formula"", ""text"": ""f'(1) = \\frac{1 + (1)^2 - 2(1) \\ln(1)}{((1 + (1)^2))^2}""}, {""bbox"": [265, 6148, 1151, 6430], ""type"": ""formula"", ""text"": ""f'(1) = \\frac{1+1 - 2(0)}{1+1} = \\frac{2}{2} = 1""}, {""bbox"": [3173, 6253, 4474, 6524], ""type"": ""formula"", ""text"": ""0: 2z^2 - 4z^3 + 1 = 0; \\frac{1}{4} = z^3 - z^2""}, {""bbox"": [265, 6418, 910, 6630], ""type"": ""formula"", ""text"": ""f'(1) = \\frac{2 - 0}{2^2}""}, {""bbox"": [3882, 6532, 4483, 6665], ""type"": ""formula"", ""text"": ""CP = 2,9 (гр)""}, {""bbox"": [242, 6632, 699, 6808], ""type"": ""formula"", ""text"": ""f'(1) = 2/7""}, {""bbox"": [3203, 6645, 4398, 6923], ""type"": ""formula"", ""text"": ""\\frac{4 + 45 + 50}{4 + 95} = \\frac{99 + 93 - 91}{1 + 95}""}, {""bbox"": [225, 6790, 1360, 7004], ""type"": ""handwritten"", ""text"": ""f'(1) = 1/2, Відповідь: 1/2""}]"
f226ebaf-5816-4af8-9cc8-0dc76b195291.jpg,"[{""bbox"": [215, 35, 416, 126], ""type"": ""handwritten"", ""text"": ""2 N2""}, {""bbox"": [217, 132, 1345, 243], ""type"": ""handwritten"", ""text"": ""за рікок державна культура є одним із""}, {""bbox"": [73, 216, 1518, 320], ""type"": ""handwritten"", ""text"": ""найважливішою складовою сектора, який""}, {""bbox"": [70, 295, 1620, 411], ""type"": ""handwritten"", ""text"": ""визначає рівень продовольчої безпеки як середню країн""}, {""bbox"": [67, 392, 1528, 507], ""type"": ""handwritten"", ""text"": ""так і свіжу в гілку. До основних дериватів вуглеводів""}, {""bbox"": [65, 483, 1535, 586], ""type"": ""handwritten"", ""text"": ""насіння кукурудзяне, ячмінь, жито, овес.""}, {""bbox"": [62, 541, 1614, 690], ""type"": ""handwritten"", ""text"": ""сь виробництва, експорт і споживання є стратегічно важливими""}, {""bbox"": [64, 647, 1462, 813], ""type"": ""handwritten"", ""text"": ""Сутність цього ринку полягає в погальному обміні""}, {""bbox"": [61, 715, 1465, 824], ""type"": ""handwritten"", ""text"": ""Супутність якого ринку полегшить в подальшому обміні""}, {""bbox"": [55, 783, 1634, 876], ""type"": ""handwritten"", ""text"": ""сільськогосподарської продукції між країнами - споживачами""}, {""bbox"": [53, 855, 1437, 934], ""type"": ""handwritten"", ""text"": ""Структура ринку формуються під впливом таких""}, {""bbox"": [53, 923, 1466, 1005], ""type"": ""handwritten"", ""text"": ""чинників як обсяги виробництва, аграрні технології,""}, {""bbox"": [52, 992, 1554, 1073], ""type"": ""handwritten"", ""text"": ""кі машини: усова, державна політика, рівень споживання""}, {""bbox"": [46, 1061, 1443, 1143], ""type"": ""handwritten"", ""text"": ""транспортно логістичні. Зміцнення державної ренти за""}, {""bbox"": [32, 1128, 1526, 1232], ""type"": ""handwritten"", ""text"": ""продовольчої безпеки полегш в забезпеченні доступу""}, {""bbox"": [41, 1189, 1555, 1288], ""type"": ""handwritten"", ""text"": ""населення до основного продуктів харчування, формувати""}, {""bbox"": [40, 1264, 1440, 1386], ""type"": ""handwritten"", ""text"": ""цінної стабільності та зменшення ризиків господару""}, {""bbox"": [46, 1321, 1490, 1440], ""type"": ""handwritten"", ""text"": ""До провідних виробників держави відносять""}, {""bbox"": [51, 1399, 1621, 1553], ""type"": ""handwritten"", ""text"": ""США, Канада, Індія, Бразилія, Аргентина, Празія, Росія на""}, {""bbox"": [49, 1476, 1632, 1639], ""type"": ""handwritten"", ""text"": ""Канаду. Основними експортерами є пшениця, рис, коноплі""}, {""bbox"": [42, 1545, 1524, 1695], ""type"": ""handwritten"", ""text"": ""Австралія, США та Франція, а найбільші експортери""}, {""bbox"": [53, 1603, 1506, 1737], ""type"": ""handwritten"", ""text"": ""курузу для - США, Бразилія та Аргентина. Водночас""}, {""bbox"": [52, 1670, 1500, 1795], ""type"": ""handwritten"", ""text"": ""головним імпортером високохочь країни з високим""}, {""bbox"": [55, 1711, 1553, 1862], ""type"": ""handwritten"", ""text"": ""рівнем споживання: недостатня внутрішня виробляється""}, {""bbox"": [145, 1767, 1577, 1882], ""type"": ""handwritten"", ""text"": ""нем споживача: недостатня виручення виробництвом""}, {""bbox"": [54, 1824, 1546, 1945], ""type"": ""handwritten"", ""text"": ""зокрема Єгипет, Китай, Індокитай, Монголія, Іран, Саудівська""}, {""bbox"": [45, 1886, 1609, 2012], ""type"": ""handwritten"", ""text"": ""ствів. У плані, стінові риски деревини є поздовжніми""}, {""bbox"": [45, 1979, 1507, 2072], ""type"": ""handwritten"", ""text"": ""дипломісти і стратегічно виникали для громадської""}, {""bbox"": [39, 2057, 1513, 2160], ""type"": ""handwritten"", ""text"": ""економіки, оскільки забезпечує базову продовольчу""}, {""bbox"": [39, 2117, 776, 2219], ""type"": ""handwritten"", ""text"": ""безпеку тільорів людей""}]"
3750514a-eb49-460f-8b56-64b3cea0443f.jpg,"[{""bbox"": [24, 19, 1249, 85], ""type"": ""handwritten"", ""text"": ""Ключові елементи формування соціального бренду""}, {""bbox"": [316, 31, 1193, 87], ""type"": ""handwritten"", ""text"": ""механізмі формування соціального бренду""}, {""bbox"": [25, 79, 1268, 134], ""type"": ""handwritten"", ""text"": ""• місяця по фінансам, що підтримують соціальні ідеали""}, {""bbox"": [18, 132, 1450, 194], ""type"": ""handwritten"", ""text"": ""• Програми НССВ, співпраця по громаду, працівників, магістрія""}, {""bbox"": [17, 186, 1356, 251], ""type"": ""handwritten"", ""text"": ""• Програми і дійсність - публікація періодичних звітів""}, {""bbox"": [17, 241, 1311, 310], ""type"": ""handwritten"", ""text"": ""- Позитивна Позиція відносно соціальних мереж""}, {""bbox"": [15, 296, 1610, 372], ""type"": ""handwritten"", ""text"": ""Соціальна служба - це структури чи групи організацій або функцій""}, {""bbox"": [14, 354, 1600, 430], ""type"": ""handwritten"", ""text"": ""польський попри це заліковаться паніярівно Софієвська політична""}, {""bbox"": [14, 429, 258, 484], ""type"": ""handwritten"", ""text"": ""шляхомії""}, {""bbox"": [24, 481, 896, 544], ""type"": ""handwritten"", ""text"": ""Основні завдання соціальної служби""}, {""bbox"": [1399, 498, 1510, 561], ""type"": ""annotation"", ""text"": ""20""}, {""bbox"": [26, 527, 1089, 594], ""type"": ""handwritten"", ""text"": ""1. Забезпечення соціального змісту програмних""}, {""bbox"": [22, 588, 1168, 652], ""type"": ""handwritten"", ""text"": ""2. Калібрування програми з опорними проміжно зворотями""}, {""bbox"": [16, 646, 1496, 713], ""type"": ""handwritten"", ""text"": ""3. Підтримка корпоративних культур та морального клімату""}, {""bbox"": [18, 705, 1158, 767], ""type"": ""handwritten"", ""text"": ""4. Залучення працівників до соціальних ініціатив""}, {""bbox"": [27, 761, 1125, 824], ""type"": ""handwritten"", ""text"": ""5. Мотивирання обрізальних потреб (комплексну""}, {""bbox"": [25, 825, 180, 883], ""type"": ""handwritten"", ""text"": ""функції""}, {""bbox"": [17, 855, 1590, 932], ""type"": ""handwritten"", ""text"": ""• Аналітична (вивчення соц. реальності); • Колиційно-мовна (інформування громади)""}, {""bbox"": [17, 923, 1582, 1012], ""type"": ""handwritten"", ""text"": ""• Організаційний (менеджмент якості), • Матеріальний (суспільно ефективний соці-""}, {""bbox"": [16, 1003, 1526, 1079], ""type"": ""handwritten"", ""text"": ""• Колоритологія (фольклор з вирішенням художніх об'єднувачих [сімей]""}, {""bbox"": [21, 1063, 278, 1132], ""type"": ""handwritten"", ""text"": ""Завдання 3""}, {""bbox"": [11, 1130, 93, 1179], ""type"": ""handwritten"", ""text"": ""1) d""}, {""bbox"": [16, 1179, 97, 1225], ""type"": ""handwritten"", ""text"": ""21.в""}, {""bbox"": [19, 1226, 87, 1280], ""type"": ""handwritten"", ""text"": ""3.) b""}, {""bbox"": [14, 1285, 85, 1345], ""type"": ""handwritten"", ""text"": ""4) в""}, {""bbox"": [17, 1401, 104, 1466], ""type"": ""handwritten"", ""text"": ""6) Б""}, {""bbox"": [552, 1432, 652, 1509], ""type"": ""annotation"", ""text"": ""3v""}, {""bbox"": [19, 1469, 109, 1537], ""type"": ""handwritten"", ""text"": ""7) c""}, {""bbox"": [20, 1543, 106, 1608], ""type"": ""handwritten"", ""text"": ""8) C""}, {""bbox"": [18, 1608, 107, 1677], ""type"": ""handwritten"", ""text"": ""9) в""}, {""bbox"": [18, 1674, 117, 1745], ""type"": ""handwritten"", ""text"": ""10) в""}, {""bbox"": [1348, 1742, 1449, 1806], ""type"": ""annotation"", ""text"": ""20""}, {""bbox"": [16, 1743, 243, 1800], ""type"": ""handwritten"", ""text"": ""Завдання 4""}, {""bbox"": [7, 1794, 1640, 1876], ""type"": ""handwritten"", ""text"": ""Модель соціального підприємства - це узгодження інтересів працівників, роботодавців""}, {""bbox"": [15, 1846, 232, 1890], ""type"": ""handwritten"", ""text"": ""і феритових""}, {""bbox"": [4, 1889, 1326, 1959], ""type"": ""handwritten"", ""text"": ""2) Місцева підприємство - це суспільне уявлення про комітетіс""}, {""bbox"": [8, 1977, 1585, 2079], ""type"": ""handwritten"", ""text"": ""3) Соціальний менеджмент - управління соціальним процесами в організаціях""}, {""bbox"": [12, 2063, 1647, 2165], ""type"": ""handwritten"", ""text"": ""4) Менеджер з КСВ - ставиться єд вирішування соціальних відповідаль""}, {""bbox"": [11, 2138, 378, 2219], ""type"": ""handwritten"", ""text"": ""ноші бірму.""}]"
0b090a2b-d45b-4ffe-a338-8e6c276b6ab6.jpg,"[{""bbox"": [104, 26, 554, 213], ""type"": ""image"", ""text"": """"}, {""bbox"": [125, 333, 649, 463], ""type"": ""handwritten"", ""text"": ""a) Fe - ферум.""}, {""bbox"": [280, 465, 588, 542], ""type"": ""handwritten"", ""text"": ""Період - 4.""}, {""bbox"": [1058, 514, 1213, 656], ""type"": ""annotation"", ""text"": ""± 8 б.""}, {""bbox"": [286, 526, 804, 628], ""type"": ""handwritten"", ""text"": ""Група: VІІ В.""}, {""bbox"": [283, 619, 952, 695], ""type"": ""handwritten"", ""text"": ""Діаграма: похідна,""}, {""bbox"": [222, 747, 557, 840], ""type"": ""handwritten"", ""text"": ""Період: 3.""}, {""bbox"": [215, 830, 733, 911], ""type"": ""handwritten"", ""text"": ""Трудно: VII A.""}, {""bbox"": [210, 900, 812, 985], ""type"": ""handwritten"", ""text"": ""якісне: головне.""}, {""bbox"": [33, 1043, 307, 1124], ""type"": ""handwritten"", ""text"": ""Каче:""}, {""bbox"": [656, 1099, 1638, 1269], ""type"": ""handwritten"", ""text"": ""Маса KNO3, в першому розр.""}, {""bbox"": [98, 1127, 577, 1221], ""type"": ""handwritten"", ""text"": ""100л 14% розчину.""}, {""bbox"": [639, 1185, 1102, 1295], ""type"": ""formula"", ""text"": ""100 * 0,14 = 14 ц""}, {""bbox"": [98, 1204, 615, 1307], ""type"": ""handwritten"", ""text"": ""якби 40% розчину""}, {""bbox"": [633, 1273, 1159, 1367], ""type"": ""formula"", ""text"": ""200 · 0,40 = 80 р.""}, {""bbox"": [612, 1342, 1053, 1431], ""type"": ""formula"", ""text"": ""14 + 10 = 24 п.""}, {""bbox"": [619, 1416, 1507, 1550], ""type"": ""formula"", ""text"": ""n (KNO3) = 94 / 300 = 0,313 ~""}, {""bbox"": [1335, 1513, 1535, 1694], ""type"": ""annotation"", ""text"": ""± 15 б.""}, {""bbox"": [612, 1521, 1024, 1604], ""type"": ""formula"", ""text"": ""= 31 > 3%.""}, {""bbox"": [611, 1602, 1194, 1710], ""type"": ""formula"", ""text"": ""В - відб: 31,3%.""}, {""bbox"": [611, 1602, 1194, 1710], ""type"": ""handwritten"", ""text"": ""В - відб: 31,3%.""}, {""bbox"": [7, 1634, 589, 1788], ""type"": ""handwritten"", ""text"": ""3. Перетворення""}, {""bbox"": [607, 1708, 1098, 1803], ""type"": ""handwritten"", ""text"": ""за життя""}, {""bbox"": [20, 1841, 532, 1972], ""type"": ""formula"", ""text"": ""2. 2 C + O2 → CO2↑""}, {""bbox"": [5, 1903, 599, 2026], ""type"": ""formula"", ""text"": ""2. 2 C + O2 -> CO2""}, {""bbox"": [588, 1903, 823, 2098], ""type"": ""annotation"", ""text"": ""назви речовин.""}, {""bbox"": [1001, 1907, 1061, 2005], ""type"": ""annotation"", ""text"": ""30""}, {""bbox"": [13, 1978, 600, 2089], ""type"": ""formula"", ""text"": ""3. CO + O2 → 2CO2""}, {""bbox"": [1072, 2176, 1208, 2306], ""type"": ""annotation"", ""text"": ""± 15 б.""}, {""bbox"": [14, 2190, 783, 2296], ""type"": ""formula"", ""text"": ""6. CaO + 3C -> CaCl2 + CO.""}]"
0e0c130a-605d-4a1d-8b04-0ba81f744790.jpg,"[{""bbox"": [501, 672, 4609, 1067], ""type"": ""formula"", ""text"": ""А Q = 110 0,004 * 110^3 - 0,03 * 110^2 = 1331 - 363 = 968""}, {""bbox"": [1207, 1099, 1818, 1351], ""type"": ""formula"", ""text"": ""Q = 100""}, {""bbox"": [1500, 1433, 4532, 1689], ""type"": ""formula"", ""text"": ""0,001 * 100^3 - 0,03 * 10^5 = 100 - 300 = -200""}, {""bbox"": [1822, 1805, 3533, 2071], ""type"": ""formula"", ""text"": ""ΔTC = 26P - 100 = 26P""}, {""bbox"": [529, 3064, 873, 3358], ""type"": ""handwritten"", ""text"": ""10""}, {""bbox"": [427, 3571, 925, 3973], ""type"": ""handwritten"", ""text"": ""11""}, {""bbox"": [459, 4184, 822, 4493], ""type"": ""handwritten"", ""text"": ""12""}, {""bbox"": [467, 4823, 798, 5188], ""type"": ""handwritten"", ""text"": ""13""}, {""bbox"": [487, 5373, 872, 5738], ""type"": ""handwritten"", ""text"": ""14""}, {""bbox"": [486, 5980, 823, 6303], ""type"": ""handwritten"", ""text"": ""AS""}]"
c64acc82-2a8e-49ad-a055-0ad21f1f75cd.jpg,"[{""bbox"": [219, 14, 1507, 115], ""type"": ""handwritten"", ""text"": ""III - непіог, VIIA група; хлор (Cl).""}, {""bbox"": [182, 15, 1523, 194], ""type"": ""handwritten"", ""text"": ""III - непіог, VIII - група; Хлор (Cl).""}, {""bbox"": [1546, 67, 1638, 218], ""type"": ""annotation"", ""text"": ""А""}, {""bbox"": [30, 76, 1533, 205], ""type"": ""handwritten"", ""text"": ""1. a) IV - непіог; VIII - гуна; Матеріал (Мп).""}, {""bbox"": [88, 163, 1517, 308], ""type"": ""handwritten"", ""text"": ""б) IV - період; VIII - група; Магній (Mn)""}, {""bbox"": [10, 325, 332, 411], ""type"": ""handwritten"", ""text"": ""2. Дано:""}, {""bbox"": [563, 391, 1284, 550], ""type"": ""formula"", ""text"": ""\\begin{array}{l} \\omega = \\frac{m_{\\text{речовини}}}{m_{\\text{розчину}}} \\cdot 100\\%. \\end{array}""}, {""bbox"": [54, 412, 557, 511], ""type"": ""formula"", ""text"": ""ω(CuSO4) = 0,2%""}, {""bbox"": [1392, 492, 1546, 622], ""type"": ""annotation"", ""text"": ""+20б""}, {""bbox"": [54, 506, 550, 602], ""type"": ""formula"", ""text"": ""m(CuSO4) - 5a""}, {""bbox"": [575, 541, 1323, 688], ""type"": ""formula"", ""text"": ""масова частка = \\frac{m_{CuSO_4}}{m} \\cdot 100\\%.""}, {""bbox"": [10, 587, 446, 707], ""type"": ""formula"", ""text"": ""3. V(H2O) - ?""}, {""bbox"": [571, 660, 1316, 788], ""type"": ""formula"", ""text"": ""прозиту = 5 * 100 / 0,2 = 2500""}, {""bbox"": [571, 660, 1316, 788], ""type"": ""handwritten"", ""text"": ""прозору = 5 * 100 / 0,2 = 2500""}, {""bbox"": [575, 770, 1316, 873], ""type"": ""formula"", ""text"": ""m H2O = 2500 - 5 = 2495""}, {""bbox"": [559, 835, 1336, 954], ""type"": ""formula"", ""text"": ""V(H2O) = 22495 ~~≈~~ 2,5л.""}, {""bbox"": [556, 920, 1479, 1028], ""type"": ""handwritten"", ""text"": ""Відповідь: потрібно взяти""}, {""bbox"": [556, 1001, 1095, 1080], ""type"": ""handwritten"", ""text"": ""215 літря води.""}, {""bbox"": [35, 1046, 1643, 1187], ""type"": ""formula"", ""text"": ""4. 1) C2H2 → C6H6 + (CH3)2CHCl → C6H5CH(CH3)2""}, {""bbox"": [28, 1154, 268, 1224], ""type"": ""formula"", ""text"": ""~~BC~~H""}, {""bbox"": [91, 1207, 1639, 1355], ""type"": ""formula"", ""text"": ""C6H6 + (CH3)2CHCl → C6H5CH(CH3)2""}, {""bbox"": [47, 1338, 724, 1462], ""type"": ""formula"", ""text"": ""3) снснсн — ~~стон~~""}, {""bbox"": [1458, 1351, 1632, 1489], ""type"": ""annotation"", ""text"": ""+18 б.""}, {""bbox"": [50, 1457, 1031, 1565], ""type"": ""formula"", ""text"": ""4) CH3OH + Na → CH3ONa + H.""}, {""bbox"": [27, 1590, 1519, 1705], ""type"": ""formula"", ""text"": ""5.1) CH3 - CH(CH3) - CH=CH - CH(CH3) - CH3""}, {""bbox"": [91, 1722, 1210, 1840], ""type"": ""formula"", ""text"": ""2) CH3-CH2-CH2-CH2-COOH.""}]"
6bb9e272-5066-4753-98fb-e81a817ce158.jpg,"[{""bbox"": [420, 0, 635, 26], ""type"": ""handwritten"", ""text"": ""організації""}, {""bbox"": [44, 15, 1604, 79], ""type"": ""handwritten"", ""text"": ""В Україні також є компанії, що популяризують і сприяють соціально-""}, {""bbox"": [44, 72, 1624, 144], ""type"": ""handwritten"", ""text"": ""відповідальне ведення бізнесу. Наприклад, Мінекономіки та Мінсоцполі-""}, {""bbox"": [43, 135, 1627, 209], ""type"": ""handwritten"", ""text"": ""яких сприяють розвитку КСВ через програми і політику; Центр \""Розвиток""}, {""bbox"": [40, 206, 1636, 277], ""type"": ""handwritten"", ""text"": ""КСВ\"" проводять засідання, семінари та тренінги з КСВ; Спілка україн-""}, {""bbox"": [41, 266, 1590, 337], ""type"": ""handwritten"", ""text"": ""ських підприємств створює кодекси етики та сприяють бізнес-етичності.""}, {""bbox"": [97, 336, 1640, 405], ""type"": ""handwritten"", ""text"": ""Атже, такі організації стимулюють підприємства та бізнеси до енга-""}, {""bbox"": [17, 397, 1642, 467], ""type"": ""handwritten"", ""text"": ""ного ведення діяльності, забезпечують підтримку та інструкції впроваджен-""}, {""bbox"": [18, 456, 1592, 527], ""type"": ""handwritten"", ""text"": ""не КСВ; формують репутацію соціально-відповідальних компаній на""}, {""bbox"": [15, 517, 167, 578], ""type"": ""handwritten"", ""text"": ""ринку.""}, {""bbox"": [110, 565, 1076, 954], ""type"": ""table"", ""text"": ""Завдання 3. 1) а | 6) а\n| 2) d | 7) b\n| 3) е | 8) b\n| 4) а | 9) с\n| 5) b | 10) b""}, {""bbox"": [1001, 870, 1098, 943], ""type"": ""annotation"", ""text"": ""30""}, {""bbox"": [62, 982, 328, 1062], ""type"": ""handwritten"", ""text"": ""Завдання 4.""}, {""bbox"": [170, 1039, 1646, 1107], ""type"": ""handwritten"", ""text"": ""Соціальна відповідальність бізнесу - це добровільна діяльність компа-""}, {""bbox"": [42, 1099, 1618, 1168], ""type"": ""handwritten"", ""text"": ""нії, спрямовано на користь суспільства, дозвілля та працівників, разом із""}, {""bbox"": [45, 1159, 560, 1225], ""type"": ""handwritten"", ""text"": ""отримання прибутку.""}, {""bbox"": [171, 1215, 1606, 1290], ""type"": ""handwritten"", ""text"": ""Соціальна або нерівнісова звінність - це зв'язи підприємства зро""}, {""bbox"": [50, 1280, 1623, 1356], ""type"": ""handwritten"", ""text"": ""його вплив на суспільство, дівчата, умови країн, яким доволено фінансові""}, {""bbox"": [50, 1337, 1620, 1407], ""type"": ""handwritten"", ""text"": ""показники.""}, {""bbox"": [55, 1352, 300, 1406], ""type"": ""handwritten"", ""text"": ""показники.""}, {""bbox"": [161, 1405, 1636, 1479], ""type"": ""handwritten"", ""text"": ""Стратегія корпоративної соціальної відповідальності - це довгостроковий""}, {""bbox"": [50, 1470, 1598, 1541], ""type"": ""handwritten"", ""text"": ""план дії компанії, спрямований на врахування інтересів суспільства,""}, {""bbox"": [53, 1533, 1127, 1604], ""type"": ""handwritten"", ""text"": ""працівників і довкілля у процесі ведення бізнесу.""}, {""bbox"": [165, 1602, 1612, 1680], ""type"": ""handwritten"", ""text"": ""Селекціонер компанії - це всі особи, групи або організації, які""}, {""bbox"": [59, 1669, 1587, 1741], ""type"": ""handwritten"", ""text"": ""впливають на діяльність компанії або залежать від неї (інвестори,""}, {""bbox"": [62, 1730, 768, 1797], ""type"": ""handwritten"", ""text"": ""кістки, крахмали, деревина,""}, {""bbox"": [1136, 1748, 1239, 1834], ""type"": ""annotation"", ""text"": ""20""}, {""bbox"": [1049, 2006, 1386, 2094], ""type"": ""annotation"", ""text"": ""16.06.2025 C""}]"
1bf0c1cd-effe-49cb-899c-0b1af6dccff4.jpg,"[{""bbox"": [57, 35, 865, 294], ""type"": ""formula"", ""text"": ""42. (3 2) (2 -1)""}, {""bbox"": [185, 361, 2049, 576], ""type"": ""formula"", ""text"": ""M_{33} = 3 \\cdot (-1) - 2 \\cdot 2 = -3 - 4 = -7""}, {""bbox"": [7, 668, 460, 858], ""type"": ""handwritten"", ""text"": ""43. -2""}, {""bbox"": [7, 944, 612, 1146], ""type"": ""handwritten"", ""text"": ""44. 3 x 2""}, {""bbox"": [14, 1265, 988, 1551], ""type"": ""formula"", ""text"": ""45. 1) \\frac{1}{x^n} = x^{-n}""}, {""bbox"": [173, 1590, 1140, 1804], ""type"": ""formula"", ""text"": "".) a^x * b^x = (ab)^x""}, {""bbox"": [176, 1824, 861, 2026], ""type"": ""formula"", ""text"": ""1) √x = x^{1/2}""}, {""bbox"": [37, 2158, 1907, 2360], ""type"": ""handwritten"", ""text"": ""46. Безпосереднє інтегрування""}, {""bbox"": [314, 2419, 1958, 2614], ""type"": ""handwritten"", ""text"": ""метод заміни змінної""}, {""bbox"": [334, 2624, 1956, 2810], ""type"": ""handwritten"", ""text"": ""інтегрування частинами""}, {""bbox"": [39, 2927, 919, 3121], ""type"": ""handwritten"", ""text"": ""47. одиничною""}, {""bbox"": [2, 3200, 547, 3366], ""type"": ""handwritten"", ""text"": ""48. 4200""}, {""bbox"": [0, 3456, 741, 3645], ""type"": ""handwritten"", ""text"": ""49. ad - bc""}, {""bbox"": [2236, 5584, 2847, 5753], ""type"": ""annotation"", ""text"": ""16.12.2025""}]"
20bfbef3-798c-4b69-ace9-dc8850e8dbc3.jpg,"[{""bbox"": [130, 22, 731, 97], ""type"": ""handwritten"", ""text"": ""4) Реакція обміну (осадження):""}, {""bbox"": [130, 105, 750, 179], ""type"": ""formula"", ""text"": ""Na3PO4 + 3Ag3PO4↓ + 3NaNO3""}, {""bbox"": [123, 185, 825, 267], ""type"": ""handwritten"", ""text"": ""5) Утворення фосфату кальцію:""}, {""bbox"": [118, 268, 1009, 351], ""type"": ""formula"", ""text"": ""2H3PO4 + 3Ca(OH)2 -> Ca3(PO4)2↓ + 6H2O""}, {""bbox"": [118, 268, 1009, 351], ""type"": ""handwritten"", ""text"": ""2H3PO4 + 3Ca(OH)2 -> Ca3(PO4)2↓ + 6H2O""}, {""bbox"": [1352, 330, 1510, 454], ""type"": ""annotation"", ""text"": ""±20б.""}, {""bbox"": [99, 353, 977, 437], ""type"": ""handwritten"", ""text"": ""4) Ацетилен → бензол: 3 C2H2 → C6H6""}, {""bbox"": [948, 385, 1502, 1054], ""type"": ""annotation"", ""text"": ""структури оп-ні. CH3 CH3""}, {""bbox"": [952, 403, 1274, 655], ""type"": ""annotation"", ""text"": ""структури""}, {""bbox"": [91, 433, 654, 513], ""type"": ""handwritten"", ""text"": ""2) Бензол → ізопропилбензол: AlCl3""}, {""bbox"": [100, 492, 910, 593], ""type"": ""formula"", ""text"": ""K C6H6 + CH (CH3)3 Cl → C6H5 CH (CH3)2""}, {""bbox"": [104, 588, 685, 663], ""type"": ""handwritten"", ""text"": ""3) Азотропічна пара → фрекц.""}, {""bbox"": [93, 663, 886, 740], ""type"": ""formula"", ""text"": ""C6H5CH(CH3)2 -> C6H5CH + (CH3)2CO""}, {""bbox"": [1160, 727, 1527, 1024], ""type"": ""annotation"", ""text"": ""структури-м""}, {""bbox"": [91, 737, 667, 800], ""type"": ""handwritten"", ""text"": ""4) Рент → Капітал фінанс.""}, {""bbox"": [92, 812, 815, 879], ""type"": ""formula"", ""text"": ""C6H5OH + NaOH → C6H5ONa + H2O""}, {""bbox"": [88, 885, 670, 957], ""type"": ""handwritten"", ""text"": ""б) 2,5-диметил-3-гексен:""}, {""bbox"": [945, 942, 1134, 1069], ""type"": ""annotation"", ""text"": ""+ 10 б.""}, {""bbox"": [92, 948, 932, 1041], ""type"": ""formula"", ""text"": ""CH3 - CH (CH3) - CH = CH - CH (CH3) - CH3""}, {""bbox"": [95, 1039, 571, 1100], ""type"": ""handwritten"", ""text"": ""Валеріанова кислота""}, {""bbox"": [97, 1099, 719, 1162], ""type"": ""formula"", ""text"": ""CH3-CH2-CH2-CH2-СOОН""}]"
306a30ef-da46-49d0-b8b3-8ffb24871d90.jpg,"[{""bbox"": [28, 23, 337, 121], ""type"": ""handwritten"", ""text"": ""Завдання 2.""}, {""bbox"": [17, 107, 1601, 205], ""type"": ""handwritten"", ""text"": ""Назвіть та охарактеризуйте основні методики для розвитку""}, {""bbox"": [12, 198, 601, 271], ""type"": ""handwritten"", ""text"": ""гнозічного інтелекту.""}, {""bbox"": [16, 263, 1602, 364], ""type"": ""handwritten"", ""text"": ""Емоційний інтелект (ЕІ) - здатність розпізнавати, розуміти й""}, {""bbox"": [15, 355, 1553, 440], ""type"": ""handwritten"", ""text"": ""управляти власними емоціями та емоціями інших людей.""}, {""bbox"": [21, 436, 1454, 527], ""type"": ""handwritten"", ""text"": ""Основними методиками розвитку EQ є: рефлексія;""}, {""bbox"": [28, 516, 1605, 601], ""type"": ""handwritten"", ""text"": ""розвиток емоцій; управління емоціями; соціальні навички;""}, {""bbox"": [25, 590, 1612, 681], ""type"": ""handwritten"", ""text"": ""самомотивація; практика розв'язку конкретних ситуацій.""}, {""bbox"": [19, 688, 1586, 784], ""type"": ""handwritten"", ""text"": ""ЄО впливати тому, що позитивно впливає на особисте""}, {""bbox"": [19, 777, 1625, 863], ""type"": ""handwritten"", ""text"": ""прогресійне життя; також на побудову ефективних""}, {""bbox"": [20, 853, 1501, 950], ""type"": ""handwritten"", ""text"": ""стосунків, прийняття рішень та управління стресом.""}, {""bbox"": [26, 973, 302, 1067], ""type"": ""handwritten"", ""text"": ""Завдання 3.""}, {""bbox"": [19, 1051, 1553, 1140], ""type"": ""handwritten"", ""text"": ""1) Рефреймінг - це психологічний прийом, який передбачає""}, {""bbox"": [21, 1130, 1591, 1214], ""type"": ""handwritten"", ""text"": ""зміну сприйняття та переосмислення ситуації, розріб або""}, {""bbox"": [22, 1205, 1545, 1296], ""type"": ""handwritten"", ""text"": ""проблем з метою зміни емоційної реакції та поведінки.""}, {""bbox"": [21, 1287, 1558, 1368], ""type"": ""handwritten"", ""text"": ""Відкритий розв'язок показати ситуацію з іншого кута,""}, {""bbox"": [21, 1358, 1276, 1449], ""type"": ""handwritten"", ""text"": ""щоб знизити стрес чи знати новий сенс.""}, {""bbox"": [22, 1445, 1632, 1546], ""type"": ""handwritten"", ""text"": ""2) Перші дослідження в сфері \""чужих мовисок\"" здійснили у:""}, {""bbox"": [67, 1536, 595, 1609], ""type"": ""handwritten"", ""text"": ""а. 1960 - 1940 - x pp.""}, {""bbox"": [280, 1648, 651, 1725], ""type"": ""annotation"", ""text"": ""17.06.2025 р.""}]"
4f6c66bf-dbae-4a85-815d-20616f72fb0f.jpg,"[{""bbox"": [25, 19, 1570, 101], ""type"": ""handwritten"", ""text"": ""Завдання 2. Назвіть проблеми міжнародної трудової міграції.""}, {""bbox"": [42, 91, 903, 158], ""type"": ""handwritten"", ""text"": ""ринку побоюєшся в Україні:""}, {""bbox"": [71, 151, 1076, 225], ""type"": ""handwritten"", ""text"": ""1. Відносна квазірівноважна побочна сили""}, {""bbox"": [98, 213, 1603, 304], ""type"": ""handwritten"", ""text"": ""Колонія французів (лісом, шинами, будівельними) міграційною""}, {""bbox"": [63, 263, 1049, 362], ""type"": ""handwritten"", ""text"": ""на інтерв'ю у пошукіх платних умов праці""}, {""bbox"": [58, 340, 550, 398], ""type"": ""handwritten"", ""text"": ""2. Структура населення""}, {""bbox"": [108, 398, 1560, 503], ""type"": ""handwritten"", ""text"": ""Перед початком місяця у місяці виставляється певна кількість моделей""}, {""bbox"": [41, 469, 359, 535], ""type"": ""handwritten"", ""text"": ""типу праці""}, {""bbox"": [46, 527, 1029, 653], ""type"": ""handwritten"", ""text"": ""3. Рефінансування у ключових галузях""}, {""bbox"": [39, 606, 1639, 776], ""type"": ""handwritten"", ""text"": ""4. Китайські митці в мистецтві китайських шляху""}, {""bbox"": [47, 755, 1600, 929], ""type"": ""handwritten"", ""text"": ""Москвичі виїжджають на відпочинок, а в Покриві""}, {""bbox"": [43, 813, 210, 890], ""type"": ""handwritten"", ""text"": ""ринку""}, {""bbox"": [32, 888, 1010, 1010], ""type"": ""handwritten"", ""text"": ""5. Залежність від громових пересорів""}, {""bbox"": [46, 938, 1652, 1134], ""type"": ""handwritten"", ""text"": ""Київська економіка наповно залежить від заробітчанських пенсій""}, {""bbox"": [50, 1029, 993, 1153], ""type"": ""handwritten"", ""text"": ""що не є співбільшими функціями доходу.""}, {""bbox"": [36, 1124, 416, 1201], ""type"": ""handwritten"", ""text"": ""Завдання 3. Б""}, {""bbox"": [29, 1210, 151, 1272], ""type"": ""handwritten"", ""text"": ""1. Б""}, {""bbox"": [27, 1276, 132, 1336], ""type"": ""handwritten"", ""text"": ""2. В""}, {""bbox"": [25, 1342, 133, 1415], ""type"": ""handwritten"", ""text"": ""3. В""}, {""bbox"": [26, 1427, 492, 1512], ""type"": ""handwritten"", ""text"": ""Завдання 4. 30""}, {""bbox"": [118, 1503, 391, 1581], ""type"": ""handwritten"", ""text"": ""Розрахунок""}, {""bbox"": [42, 1546, 1351, 1648], ""type"": ""handwritten"", ""text"": ""ЗТО = Економічні послуги + Економічні мінімів + Іншими послуги +""}, {""bbox"": [23, 1633, 1640, 1715], ""type"": ""handwritten"", ""text"": ""С + Б = (Ефективні ліковів + Ефективні послуг) - (Сім'ячні ліковів + Сім'ячні послуг)""}, {""bbox"": [1205, 1694, 1542, 1837], ""type"": ""annotation"", ""text"": ""Таки росу?""}, {""bbox"": [1198, 1699, 1554, 1930], ""type"": ""annotation"", ""text"": ""Так є росу?""}, {""bbox"": [27, 1764, 1136, 1889], ""type"": ""handwritten"", ""text"": ""Темп приросту = (ЗБО поточний - ЗБО попередній / ЗБО попередній) x 100%""}, {""bbox"": [35, 1956, 745, 2026], ""type"": ""handwritten"", ""text"": ""інфляція: 13956 + 1150,9 = 15106,9""}, {""bbox"": [45, 2020, 1306, 2096], ""type"": ""handwritten"", ""text"": ""350 : 14 582,5 + 34 86,8 + 13 956 + 1150,9 = 33 166,2 млн ₽""}, {""bbox"": [34, 2096, 967, 2186], ""type"": ""handwritten"", ""text"": ""СТВ: 12059,3 - 78106,9 = 2952,4 млн ~~гр~~""}]"
097e615e-6a67-4dfc-8a8d-8e8ebb809fcc.jpg,"[{""bbox"": [110, 5, 420, 79], ""type"": ""handwritten"", ""text"": ""m Na2CO3 - ?""}, {""bbox"": [110, 5, 420, 79], ""type"": ""formula"", ""text"": ""m Na2CO3 = ?""}, {""bbox"": [1035, 11, 1545, 304], ""type"": ""annotation"", ""text"": ""розв'яз. -?""}, {""bbox"": [116, 70, 1014, 149], ""type"": ""formula"", ""text"": ""M(Na_2CO_3) = 2 * 23 + 12 + 3 * 16 = 106 г/моль""}, {""bbox"": [1322, 119, 1518, 284], ""type"": ""annotation"", ""text"": ""+18б""}, {""bbox"": [128, 147, 380, 206], ""type"": ""formula"", ""text"": ""Q = Cm * V""}, {""bbox"": [132, 201, 860, 288], ""type"": ""handwritten"", ""text"": ""V = 0,1 моль/л * 0,5 л = 0,05 моль""}, {""bbox"": [148, 281, 403, 353], ""type"": ""formula"", ""text"": ""m = 0.1 M""}, {""bbox"": [1043, 295, 1618, 600], ""type"": ""annotation"", ""text"": ""Тип реакції назва реакції? + 3 б ± 15 б.""}, {""bbox"": [176, 347, 729, 425], ""type"": ""formula"", ""text"": ""m = 0,05 * 106 = 5,3 (г)""}, {""bbox"": [47, 456, 570, 543], ""type"": ""formula"", ""text"": ""3 Fe + Cl2 -> FeCl2""}, {""bbox"": [131, 538, 657, 615], ""type"": ""formula"", ""text"": ""2FeCl2 + Cl2 -> 2FeCl3""}, {""bbox"": [146, 608, 1137, 688], ""type"": ""formula"", ""text"": ""Fe Cl2 + 6 KCN → 3 K2Ce + K3 [Fe(CN)6]""}, {""bbox"": [154, 686, 943, 756], ""type"": ""formula"", ""text"": ""FeCl2 + 2KOH = Fe(OH)2 + 2KCl""}, {""bbox"": [166, 751, 669, 820], ""type"": ""formula"", ""text"": ""Fe(OH)2 -> FeO + H2O""}, {""bbox"": [1117, 847, 1274, 998], ""type"": ""annotation"", ""text"": ""+ 10 б.""}, {""bbox"": [171, 873, 915, 968], ""type"": ""handwritten"", ""text"": ""1) HC = CH → Caust. O - бензен Соль""}, {""bbox"": [171, 958, 234, 1017], ""type"": ""handwritten"", ""text"": ""2)""}, {""bbox"": [181, 1027, 768, 1162], ""type"": ""formula"", ""text"": ""3) ~~H2S~~{C6H5COOH}""}, {""bbox"": [988, 1160, 1430, 1217], ""type"": ""handwritten"", ""text"": ""магнітова тислота""}, {""bbox"": [56, 1164, 698, 1250], ""type"": ""handwritten"", ""text"": ""5) 2 мети - 1,3 - гептаціон""}, {""bbox"": [1424, 1166, 1600, 1327], ""type"": ""annotation"", ""text"": ""+20 б""}, {""bbox"": [971, 1227, 1379, 1399], ""type"": ""formula"", ""text"": ""HO-CH2-CH2-CH2-CH2-CH2-CH2-CH2-CH2-CH2-CH2-CH2-CH2-CH2-CH2-CH2-CH2-CH2-CH2-CH2-CH2-CH2-CH2-CH2-CH2-CH2-CH2-CH2-CH2-CH2-CH2-CH2-CH2-CH2-CH2-CH2-CH2-CH2-CH2-CH2-CH2-CH2-CH2-CH2-CH2-CH2-CH2-CH2-CH2-CH2-CH2-CH2-CH2-CH2-CH2-CH2-CH2-CH2-CH2-CH2-CH2-CH2-CH2-CH2-CH2-CH2-CH2-CH2-CH2-CH2-CH2-CH2-CH2-CH2-CH2-CH2-CH2-CH2-CH2-CH2-CH2-CH2-CH2-CH2-CH2-CH2-CH2-CH2-CH2-CH2-CH2-CH2-CH2-CH2-CH2-CH2-CH2-CH2-CH2-CH2-CH2-CH2-CH2-CH2-CH2-CH2-CH2-CH2-CH2-CH2-CH2-CH2-CH2-CH2-CH2-CH2-CH2-CH2-CH2-CH2-CH2-CH2-CH2-CH2-CH2-CH2-CH2-CH2-CH2-CH2-CH2-CH2-CH2-CH2-CH2-CH2-CH2-CH2-CH2-CH2-CH2-CH2-CH2-CH2-CH2-CH2-CH2-CH2-CH2-CH2-CH2-CH2-CH2-CH2-CH2-CH2-CH2-CH2-CH2-CH2-CH2-CH2-CH2-CH2-CH2-CH2-CH2-CH2-CH2-CH2-CH2-CH2-CH2-CH2-CH2-CH2-CH2-CH2-CH2-CH2-CH2-CH2-CH2-CH2-CH2-CH2-CH2-CH2-CH2-CH2-CH2-CH2-CH2-CH2-CH2-CH2-CH2-CH2-CH2-CH2-CH2-CH2-CH2-CH2-CH2-CH2-CH2-CH2-CH2-CH2-CH2-CH2-CH2-CH2-CH2-CH2-CH2-CH2-CH2-CH2-CH2-CH2-CH2-CH2-CH2-CH2-CH2-CH2-CH2-CH2-CH2-CH2-CH2-CH2-CH2-CH2-CH2-CH2-CH2-CH2-CH2-CH2-CH2-CH2-CH2-CH2-CH2-CH2-CH2-CH2-CH2-CH2-CH2-CH2-CH2-CH2-CH2-CH2-CH2-CH2-CH2-CH2-CH2-CH2-CH2-CH2-CH2-CH2-CH2-CH2-CH2-CH2-CH2-CH2-CH2-CH2-CH2-CH2-CH2-CH2-CH2-CH2-CH2-CH2-CH2-CH2-CH2-CH2-CH2-CH2-CH2-CH2-CH2-CH2-CH2-CH2-CH2-CH2-CH2-CH2-CH2-CH2-CH2-CH2-CH2-CH2-CH2-CH2-CH2-CH2-CH2-CH2-CH2-CH2-CH2-CH2-CH2-CH2-CH2-CH2-CH2-CH2-CH2-CH2-CH2-CH2-CH2-CH2-CH2-CH2-CH2-CH2-CH2-CH2-CH2-CH2-CH2-CH2-CH2-CH2-CH2-CH2""}, {""bbox"": [147, 1262, 703, 1413], ""type"": ""formula"", ""text"": ""H_2C=C-CH=CH-CH_3 \\n \\quad \\underset{CH_3}{\\downarrow}""}]"
a914f701-50a1-48ed-9cbe-30cb0dbbb4a8.jpg,"[{""bbox"": [42, 66, 123, 118], ""type"": ""annotation"", ""text"": ""7.3""}, {""bbox"": [37, 124, 1740, 549], ""type"": ""table"", ""text"": ""4 | 0,10 | 0,12 | 50,524,8 | 80036,0 | +1451,54 | +1600,72 | +2850,182\n5 | 0,16 | 0,18 | 24009,3 | 30900,0 | +1420,52 | +618,00 | +1102,52\n6 | 0,20 | 0,24 | 14067,1 | 24150,0 | +2382,58 | +966,00 | +1416,58\nΣ | | | | | +8854,64 | +3184,72 | +536,92""}, {""bbox"": [69, 737, 160, 799], ""type"": ""annotation"", ""text"": ""8.3""}, {""bbox"": [42, 839, 1190, 1251], ""type"": ""table"", ""text"": ""xi | pi | fi | xi *  fi | (pi - p̄)² *  fi\n4 | 2 | 8 | 12 | 94,56\n4-6 | 5 | 10 | 50 | 9,41\n6-8 | 8 | 18 | 126 | 19,08\n8 і більше | 9 | 5 | 45 | 45,91\nΣ | | 39 | 233 | 168,96""}, {""bbox"": [68, 1311, 457, 1402], ""type"": ""formula"", ""text"": ""x̄ = 233 / 39 = 5,97""}, {""bbox"": [49, 1566, 501, 1664], ""type"": ""formula"", ""text"": ""Δx̄ = t · √(S²/n) (1 - n/N)""}, {""bbox"": [47, 1690, 1655, 1784], ""type"": ""formula"", ""text"": ""Δ\\bar{х} = 2 * √(4,39/39) * (1 - 0,12) = 2 * √0,111 * 0,88 = 2 * √0,0977 = 2 * 0,3126 = 0,625""}, {""bbox"": [1258, 2043, 1490, 2097], ""type"": ""annotation"", ""text"": ""24.12.2025""}]"
748081fc-fc3c-4fe5-ba1e-07777007a2b4.jpg,"[{""bbox"": [20, 55, 1546, 237], ""type"": ""formula"", ""text"": ""4. Eπ = (Δπ / Δq) : (Δq / q1) = (20456 - 19958 / 19958) : (69,51 - 53,13 / 53,13) = 0,025 : 0,310 = 0,0807""}, {""bbox"": [18, 158, 1477, 336], ""type"": ""handwritten"", ""text"": ""= 0,08333. - мало додатне, отже залежність між урожаєм і кількістю праці (маса окремих урожаїв, тим більше праці)""}, {""bbox"": [81, 247, 1243, 378], ""type"": ""handwritten"", ""text"": ""Щоб попит у США зріс на 1,5%, потрібно цібуліна була:""}, {""bbox"": [95, 339, 734, 470], ""type"": ""formula"", ""text"": ""0,083 = 0,015 : (42 = 69,51 / 42 = 69,51""}, {""bbox"": [86, 424, 709, 548], ""type"": ""formula"", ""text"": ""0,015 : 0,083 = 12 / 69,50 / 69,50""}, {""bbox"": [138, 537, 565, 641], ""type"": ""formula"", ""text"": ""0,18 = 42/69,51 - 1""}, {""bbox"": [142, 638, 452, 738], ""type"": ""formula"", ""text"": ""1,18 = 42 / 69,51""}, {""bbox"": [143, 684, 1161, 833], ""type"": ""formula"", ""text"": ""Ц_2 = 1,18 * 69,51 = 82,02 дол. США за барель""}, {""bbox"": [55, 843, 243, 926], ""type"": ""handwritten"", ""text"": ""Китай:""}, {""bbox"": [40, 853, 1523, 1029], ""type"": ""formula"", ""text"": ""E_{y} = \\frac{13525 - 12840}{12840} : \\frac{65,2 - 50,79}{50,79} = 0,05 : 0,28 = 0,18 - прям залежність між ціною і попитом""}, {""bbox"": [56, 996, 1257, 1146], ""type"": ""handwritten"", ""text"": ""Щоб попит у Китаї зріс на 1,6%, потрібно щоб ціна була:""}, {""bbox"": [64, 1108, 623, 1238], ""type"": ""formula"", ""text"": ""0,18 = 0,016 : \\frac{42 - 65,2}{42 - 65,2}""}, {""bbox"": [61, 1206, 533, 1312], ""type"": ""formula"", ""text"": ""0,016 : 0,18 = 42 / 65,2 - 1""}, {""bbox"": [51, 1367, 1025, 1577], ""type"": ""formula"", ""text"": ""y2 = 1,089 * 65,2 = 71,00 дол. США за барель""}, {""bbox"": [52, 1526, 1647, 1719], ""type"": ""formula"", ""text"": ""E_π = (3954 - 3975) / 3975 : (41,31 - 54,19) / 54,19 = -0,03 / 0,3 = -0,1 - обернена залежність""}, {""bbox"": [58, 1543, 239, 1615], ""type"": ""handwritten"", ""text"": ""Альохія:""}, {""bbox"": [76, 1688, 1271, 1842], ""type"": ""handwritten"", ""text"": ""щоб попит у Японії зріс на 1,7%, потрібно щоб ціна була:""}, {""bbox"": [75, 1798, 634, 1931], ""type"": ""formula"", ""text"": ""-0,1 = 0,017 : (42 - 41,31) / (42 - 41,31)""}, {""bbox"": [5, 1898, 502, 2018], ""type"": ""formula"", ""text"": ""0,097 / (-0,1) = 42 - 41,3 / 41,3 / 42 - 41,3""}, {""bbox"": [77, 1985, 497, 2089], ""type"": ""formula"", ""text"": ""-0,17 = (42 - 71,31) / 71,31""}, {""bbox"": [71, 2073, 473, 2166], ""type"": ""formula"", ""text"": ""-0,17 = 42 / 41,31 - 1""}, {""bbox"": [1440, 2153, 1536, 2277], ""type"": ""annotation"", ""text"": ""2""}, {""bbox"": [31, 2166, 416, 2252], ""type"": ""formula"", ""text"": ""-0,17 + 1 = 42 / 1,31""}, {""bbox"": [108, 2244, 389, 2335], ""type"": ""formula"", ""text"": ""0,83 = 42 / 51,31""}]"
f76d6d95-5396-4857-9321-ab3c1844f474.jpg,"[{""bbox"": [1078, 41, 1273, 202], ""type"": ""annotation"", ""text"": ""незвичайно""}, {""bbox"": [1331, 77, 1474, 175], ""type"": ""annotation"", ""text"": ""±20""}, {""bbox"": [69, 121, 994, 196], ""type"": ""handwritten"", ""text"": ""1) 2 Zn + O2 → 2 ZnO (окиснення) ~~пог~~""}, {""bbox"": [918, 138, 1041, 198], ""type"": ""annotation"", ""text"": "") ген.""}, {""bbox"": [64, 197, 1046, 257], ""type"": ""handwritten"", ""text"": ""2) ZnO + H2SO4 -> ZnSO4 + H2O (обміну)""}, {""bbox"": [1102, 203, 1202, 265], ""type"": ""annotation"", ""text"": ""804.""}, {""bbox"": [63, 252, 1270, 319], ""type"": ""handwritten"", ""text"": ""3) ZnSO4 + 2NaOH → Zn(OH)2↓ + Na2SO4 (обміну)""}, {""bbox"": [63, 252, 1270, 319], ""type"": ""formula"", ""text"": ""3) ZnSO4 + 2NaOH → Zn(OH)2↓ + Na2SO4 (обміну)""}, {""bbox"": [68, 328, 1472, 391], ""type"": ""handwritten"", ""text"": ""4) Zn(OH)2 + Ca(OH)2 -> Ca[Zn(OH)4] (сполучення) (сполучення) [illegible]""}, {""bbox"": [63, 432, 1522, 489], ""type"": ""handwritten"", ""text"": ""4) етилен → хлоретан → пропіонітрил → пропіонова кисло""}, {""bbox"": [1150, 482, 1323, 635], ""type"": ""annotation"", ""text"": ""+28 бр.""}, {""bbox"": [157, 490, 1024, 542], ""type"": ""handwritten"", ""text"": ""хлорангідрід пропіонової кислоти""}, {""bbox"": [150, 606, 1150, 661], ""type"": ""formula"", ""text"": ""2) CH3 - CH2CE + KCN - CH3 - CH2 - CN + KCE""}, {""bbox"": [143, 658, 1560, 720], ""type"": ""formula"", ""text"": ""3) CH3-CH2-CN + 2H2O + HCl → CH3-CH2-COOH + NH4Cl""}, {""bbox"": [142, 715, 1557, 774], ""type"": ""formula"", ""text"": ""4) CH3-CH2-COOH + SOCl2 -> CH3-CH2-COCl + SO2 + HCl""}, {""bbox"": [59, 776, 698, 838], ""type"": ""handwritten"", ""text"": ""5 б) 1,3-пропандіол""}, {""bbox"": [1181, 811, 1463, 998], ""type"": ""annotation"", ""text"": ""20 б. + 3 б.""}, {""bbox"": [1338, 817, 1458, 914], ""type"": ""annotation"", ""text"": ""73 б.""}, {""bbox"": [258, 851, 879, 913], ""type"": ""formula"", ""text"": ""HO - CH2 - CH2 - CH2 - OH""}, {""bbox"": [1183, 851, 1340, 1055], ""type"": ""annotation"", ""text"": ""20б""}, {""bbox"": [205, 929, 893, 987], ""type"": ""handwritten"", ""text"": ""а) метилізопропілнацетилен""}, {""bbox"": [952, 934, 996, 980], ""type"": ""annotation"", ""text"": ""+""}, {""bbox"": [426, 986, 645, 1040], ""type"": ""handwritten"", ""text"": ""CH2 - CH3""}, {""bbox"": [266, 1039, 755, 1186], ""type"": ""formula"", ""text"": ""CH3 - C - CH - CH3\n     |   |\n   H   CH3""}]"
010c6dad-2f5d-4e4c-802b-f978a7e1998b.jpg,"[{""bbox"": [543, 111, 3897, 505], ""type"": ""formula"", ""text"": ""518 TC(Q) = 4Q^2 + 40Q + 100, P = 200 - 2Q""}, {""bbox"": [1656, 442, 2452, 697], ""type"": ""formula"", ""text"": ""PR(10) - ?""}, {""bbox"": [1157, 654, 2973, 989], ""type"": ""formula"", ""text"": ""PR(a) = TR(a) - TC(a)""}, {""bbox"": [1303, 943, 2431, 1206], ""type"": ""formula"", ""text"": ""TR(Q) = P * Q""}, {""bbox"": [1129, 1197, 3984, 1500], ""type"": ""formula"", ""text"": ""TR(Q) = (200 - 2Q)Q = 200Q - 2Q^2""}, {""bbox"": [1088, 1508, 4497, 1812], ""type"": ""formula"", ""text"": ""PR(Q) = (200Q - 2Q^2) - (4Q^2 + 40Q + 100)""}, {""bbox"": [913, 1772, 3669, 2063], ""type"": ""formula"", ""text"": ""PR = 200Q - 2Q^2 - 40Q^2 - 40Q - 400""}, {""bbox"": [1069, 2049, 3392, 2317], ""type"": ""formula"", ""text"": ""P(Q) = -6Q^2 + 160Q - 1000""}, {""bbox"": [1222, 2314, 3843, 2632], ""type"": ""formula"", ""text"": ""PR(10) = -6(10)^2 + 160(10) = 1000""}, {""bbox"": [1222, 2314, 3843, 2632], ""type"": ""handwritten"", ""text"": ""PR(10) = -6(10)^2 + 160(10) = 1000""}, {""bbox"": [1498, 2647, 3108, 2912], ""type"": ""formula"", ""text"": ""PR(Q) = 1000 - 400""}, {""bbox"": [379, 2960, 2522, 3651], ""type"": ""formula"", ""text"": ""1519 (1 3) x X = (2 19)""}, {""bbox"": [704, 3672, 2823, 4058], ""type"": ""formula"", ""text"": ""A = (1 3; 0 2) B = (2 11; 2 6)""}, {""bbox"": [814, 4005, 2968, 4346], ""type"": ""formula"", ""text"": ""det(A) = (1)(2) - (3)(0) = 2""}, {""bbox"": [628, 4285, 3587, 4793], ""type"": ""formula"", ""text"": ""A^{-1} = \\frac{1}{det(A)} = \\frac{1}{2} \\begin{pmatrix} 2 & -5 \\\\ 0 & 1 \\end{pmatrix} = \\begin{pmatrix} 1 & -1,5 \\\\ 0 & 0,5 \\end{pmatrix}""}, {""bbox"": [944, 4790, 2647, 5175], ""type"": ""formula"", ""text"": ""x = (1 - 1,5 / 0,5) · (2 + 1 / 2 + 6""}, {""bbox"": [972, 5188, 3636, 5509], ""type"": ""formula"", ""text"": ""a_{11} = (1)(2) + (-1,5)(2) = 2 - 3 = -1""}, {""bbox"": [1732, 5493, 2708, 5711], ""type"": ""handwritten"", ""text"": ""За краща""}, {""bbox"": [340, 5517, 1833, 6122], ""type"": ""formula"", ""text"": ""20) { 3x - 2y = 5; 4x + y = 3""}, {""bbox"": [2320, 6004, 5849, 6430], ""type"": ""formula"", ""text"": ""Δ = Det(A) = | 3 -2 | = (3)(1) - (-2)(4) = 3 + 8 = 11""}, {""bbox"": [918, 6108, 2047, 6469], ""type"": ""formula"", ""text"": ""A = (3 -2; 4 1)""}, {""bbox"": [879, 6480, 3801, 6832], ""type"": ""formula"", ""text"": ""Δx = |5 -2| = 5 * 1 - (-2) * 3 = 5 + 6 = 11""}, {""bbox"": [733, 6846, 3583, 7209], ""type"": ""formula"", ""text"": ""Δy = | 3 5 | = 3 * 3 - 5 * 4 = 9 - 20 = -11""}, {""bbox"": [916, 7271, 2468, 7636], ""type"": ""formula"", ""text"": ""x = \\frac{\\Delta_x}{\\Delta} = \\frac{17}{7} = 1""}, {""bbox"": [2868, 7455, 3867, 7715], ""type"": ""formula"", ""text"": ""x = 1, y = -1""}, {""bbox"": [913, 7632, 2641, 7987], ""type"": ""formula"", ""text"": ""y = \\frac{\\Delta y}{\\Delta} = \\frac{-17}{17} = -1""}, {""bbox"": [417, 8025, 2860, 8380], ""type"": ""formula"", ""text"": ""№1 P = 200 - 2Q R(30) - ?""}, {""bbox"": [1008, 8363, 2427, 8640], ""type"": ""formula"", ""text"": ""R(a) = a * p(a)""}, {""bbox"": [1083, 8612, 2840, 8882], ""type"": ""formula"", ""text"": ""R(q) = q(200 - 2q)""}, {""bbox"": [1135, 8844, 2754, 9119], ""type"": ""formula"", ""text"": ""R(Q) = 200Q - 2Q^2""}, {""bbox"": [1189, 9079, 4913, 9338], ""type"": ""formula"", ""text"": ""R(30) = 200(30) - 2(30)^2 = 6000 - 1800 = 4200""}]"
b85a53be-d739-41ce-91ab-b73ce7e06710.jpg,"[{""bbox"": [112, 48, 745, 149], ""type"": ""handwritten"", ""text"": ""Na-натрій Cl-хлор""}, {""bbox"": [120, 153, 764, 258], ""type"": ""handwritten"", ""text"": ""O-оксиген Zr-церк""}, {""bbox"": [114, 253, 828, 383], ""type"": ""handwritten"", ""text"": ""N-гідроокси N-гідроокси""}, {""bbox"": [110, 431, 1503, 573], ""type"": ""handwritten"", ""text"": ""1. В якому періоді, групі й підгрупі знаходяться""}, {""bbox"": [142, 538, 1613, 685], ""type"": ""handwritten"", ""text"": ""хімічні елементи, електронні формули яких мають""}, {""bbox"": [147, 640, 642, 721], ""type"": ""handwritten"", ""text"": ""такі закінчення:""}, {""bbox"": [141, 744, 814, 849], ""type"": ""formula"", ""text"": ""a) 1... 3d^3 4s^2; б) 1... 3s^2 3p^4?""}, {""bbox"": [141, 744, 814, 849], ""type"": ""handwritten"", ""text"": ""a) ... 3d³ 4s²; б) ... 3s² 3p⁴?""}, {""bbox"": [140, 933, 1116, 1055], ""type"": ""handwritten"", ""text"": ""a) Період: III, група: III, підгрупа: III""}, {""bbox"": [1190, 981, 1348, 1120], ""type"": ""annotation"", ""text"": ""+9 б.""}, {""bbox"": [138, 1034, 1146, 1194], ""type"": ""handwritten"", ""text"": ""б) Точість: ~~II~~, група: V, підгрупа: I""}, {""bbox"": [119, 1211, 1486, 1427], ""type"": ""handwritten"", ""text"": ""2. Трі частини розчину цукру з масовою часткою""}, {""bbox"": [132, 1344, 1548, 1526], ""type"": ""handwritten"", ""text"": ""первини 40 % та води для взяття для гуморозу-""}, {""bbox"": [138, 1532, 509, 1614], ""type"": ""handwritten"", ""text"": ""Уяку 30%?""}, {""bbox"": [117, 1644, 729, 1762], ""type"": ""handwritten"", ""text"": ""Дано Відвідани""}, {""bbox"": [117, 1644, 279, 1746], ""type"": ""handwritten"", ""text"": ""Дано""}, {""bbox"": [422, 1683, 726, 1764], ""type"": ""handwritten"", ""text"": ""Відвіданий""}, {""bbox"": [407, 1793, 740, 1879], ""type"": ""formula"", ""text"": ""500 : 30 = 16,5""}, {""bbox"": [1045, 1817, 1212, 1965], ""type"": ""annotation"", ""text"": ""+15 б""}, {""bbox"": [406, 1886, 757, 1976], ""type"": ""formula"", ""text"": ""500 * 40 = 12,5""}, {""bbox"": [404, 1982, 738, 2070], ""type"": ""formula"", ""text"": ""16,5 * 12,5 = 215""}]"
3f40ba84-b3ae-4b3a-87db-707257a4993a.jpg,"[{""bbox"": [66, 20, 516, 97], ""type"": ""handwritten"", ""text"": ""4) Індійське право:""}, {""bbox"": [71, 91, 1542, 185], ""type"": ""handwritten"", ""text"": ""- національна правова систем України, склад з Конституції України, законів""}, {""bbox"": [51, 139, 1635, 263], ""type"": ""handwritten"", ""text"": ""- підзаконні акти, норми релігійного права, має світський характер,""}, {""bbox"": [55, 226, 1034, 312], ""type"": ""handwritten"", ""text"": ""засноване на давніх текстах, Водах, Сиріті.""}, {""bbox"": [89, 288, 447, 361], ""type"": ""handwritten"", ""text"": ""Індуська право:""}, {""bbox"": [47, 344, 1388, 435], ""type"": ""handwritten"", ""text"": ""- традиційне релігійне право індузів, касічна особистісна права""}, {""bbox"": [50, 410, 1640, 506], ""type"": ""handwritten"", ""text"": ""- базується на релігійних джерелах: Ведах, Смерті, Парамашастрі, Законі Пану.""}, {""bbox"": [51, 487, 1651, 614], ""type"": ""handwritten"", ""text"": ""Традиційне індуське право застосов. в межах особистого (сімейного) прав,""}, {""bbox"": [49, 553, 1655, 672], ""type"": ""handwritten"", ""text"": ""тобто в правовідносинах, які стосуються сім'ї, родинного статусу, майну""}, {""bbox"": [50, 605, 1080, 693], ""type"": ""handwritten"", ""text"": ""Найбільше застосовується в таких сферах:""}, {""bbox"": [38, 661, 503, 724], ""type"": ""handwritten"", ""text"": ""- Методи розуміння""}, {""bbox"": [43, 701, 381, 763], ""type"": ""handwritten"", ""text"": ""- Усиновлення""}, {""bbox"": [54, 753, 352, 822], ""type"": ""handwritten"", ""text"": ""Спадкування""}, {""bbox"": [33, 808, 651, 886], ""type"": ""handwritten"", ""text"": ""- Спеціальні обов'язки та обряди""}, {""bbox"": [46, 871, 1586, 968], ""type"": ""handwritten"", ""text"": ""Вона застосов. поряд із загальноодержавними правом, яке діє для всіх""}, {""bbox"": [48, 930, 1607, 1045], ""type"": ""handwritten"", ""text"": ""Також у багатьох випадках особа може самостійно обов'язку за яким""}, {""bbox"": [45, 955, 1602, 1092], ""type"": ""handwritten"", ""text"": ""Також у багатьох випадках особа може самостійно обрати, за якими""}, {""bbox"": [43, 1027, 1539, 1128], ""type"": ""handwritten"", ""text"": ""правом хоче вирішити особисті справи (якщо не заборонено законом).""}, {""bbox"": [43, 1071, 1631, 1173], ""type"": ""handwritten"", ""text"": ""Отже, традиційне індуське право - це комплекс норм, що регулює приватні""}, {""bbox"": [38, 1130, 1589, 1229], ""type"": ""handwritten"", ""text"": ""життя індусів на основі релігійних принципів і зберігає свою діте в""}, {""bbox"": [33, 1187, 841, 1265], ""type"": ""handwritten"", ""text"": ""суспільчі укріплення, розміщені на""}]"
1deb4fbf-10bd-489e-b3f3-6b0597a67499.jpg,"[{""bbox"": [12, 4, 230, 73], ""type"": ""handwritten"", ""text"": ""Завдання 4""}, {""bbox"": [28, 74, 1627, 137], ""type"": ""handwritten"", ""text"": ""Концепція - погляд на соція державних інституцій закордонних, що запитуєть""}, {""bbox"": [27, 126, 1628, 191], ""type"": ""handwritten"", ""text"": ""інтереси держав та їх громадян з конфліктами окремих інших країни.""}, {""bbox"": [27, 183, 1622, 246], ""type"": ""handwritten"", ""text"": ""Виталізаційна агентів - органічна представництво держави за коорд-""}, {""bbox"": [39, 237, 1011, 295], ""type"": ""handwritten"", ""text"": ""ним, що виконує дипломатичні функції:""}, {""bbox"": [29, 292, 1636, 358], ""type"": ""handwritten"", ""text"": ""Міжнародна політика - взаємність держав і міжнародних організацій""}, {""bbox"": [33, 346, 1101, 403], ""type"": ""handwritten"", ""text"": ""щого розчинення воднем на катоді йоні-""}, {""bbox"": [33, 398, 1625, 473], ""type"": ""handwritten"", ""text"": ""Динамічна поста - це серіяйно коригована динамічна-""}, {""bbox"": [32, 456, 1622, 529], ""type"": ""handwritten"", ""text"": ""них представництв, що закоханість і якій гарантується теотр-""}, {""bbox"": [37, 476, 253, 525], ""type"": ""handwritten"", ""text"": ""компліта.""}, {""bbox"": [26, 538, 1607, 609], ""type"": ""handwritten"", ""text"": ""Катарикація - охрещіння підготовки держави чи міжнародної""}, {""bbox"": [32, 601, 1608, 665], ""type"": ""handwritten"", ""text"": ""організації про присилання вимогових рішення та вимагати серій-""}, {""bbox"": [33, 656, 1323, 718], ""type"": ""handwritten"", ""text"": ""них для щоденчної лікування чи питання, загалом.""}, {""bbox"": [19, 720, 256, 798], ""type"": ""handwritten"", ""text"": ""Завдання 5.""}, {""bbox"": [27, 866, 410, 922], ""type"": ""handwritten"", ""text"": ""Міжнародна діль-""}, {""bbox"": [63, 997, 1574, 1079], ""type"": ""handwritten"", ""text"": ""Інтернет-коментит диверсифікації засобів впливу дипломатії""}, {""bbox"": [1303, 1111, 1497, 1158], ""type"": ""handwritten"", ""text"": ""Глибок.""}, {""bbox"": [900, 1119, 1010, 1167], ""type"": ""handwritten"", ""text"": ""шев-""}, {""bbox"": [440, 1128, 598, 1173], ""type"": ""handwritten"", ""text"": ""Медіа-""}, {""bbox"": [94, 1155, 243, 1218], ""type"": ""handwritten"", ""text"": ""Digital-""}, {""bbox"": [1281, 1156, 1519, 1214], ""type"": ""handwritten"", ""text"": ""дипломатії""}, {""bbox"": [849, 1165, 1120, 1221], ""type"": ""handwritten"", ""text"": ""дипломатія""}, {""bbox"": [434, 1173, 673, 1236], ""type"": ""handwritten"", ""text"": ""дипломатія""}, {""bbox"": [52, 1210, 288, 1268], ""type"": ""handwritten"", ""text"": ""дипломатія""}, {""bbox"": [1278, 1210, 1625, 1260], ""type"": ""handwritten"", ""text"": ""це інтеріори вико-""}, {""bbox"": [844, 1217, 1181, 1273], ""type"": ""handwritten"", ""text"": ""- ведення фінансо-""}, {""bbox"": [411, 1228, 733, 1289], ""type"": ""handwritten"", ""text"": ""- застосування""}, {""bbox"": [1274, 1255, 1628, 1301], ""type"": ""handwritten"", ""text"": ""життєвий шлях""}, {""bbox"": [851, 1271, 1190, 1314], ""type"": ""handwritten"", ""text"": ""ністичної діяль-""}, {""bbox"": [417, 1282, 740, 1338], ""type"": ""handwritten"", ""text"": ""засобів масо-""}, {""bbox"": [42, 1284, 302, 1331], ""type"": ""handwritten"", ""text"": ""- ці концепції""}, {""bbox"": [849, 1308, 1203, 1351], ""type"": ""handwritten"", ""text"": ""няти через орі-""}, {""bbox"": [419, 1330, 742, 1378], ""type"": ""handwritten"", ""text"": ""вій інформації""}, {""bbox"": [37, 1332, 301, 1383], ""type"": ""handwritten"", ""text"": ""використання""}, {""bbox"": [1274, 1339, 1601, 1389], ""type"": ""handwritten"", ""text"": ""шінською поеми-""}, {""bbox"": [852, 1347, 1216, 1394], ""type"": ""handwritten"", ""text"": ""учнім веб-сайти,""}, {""bbox"": [414, 1377, 716, 1423], ""type"": ""handwritten"", ""text"": ""Інтегральні,""}, {""bbox"": [32, 1379, 308, 1430], ""type"": ""handwritten"", ""text"": ""і заінтенсивля""}, {""bbox"": [1273, 1387, 1630, 1435], ""type"": ""handwritten"", ""text"": ""ний інформа-""}, {""bbox"": [848, 1392, 1226, 1434], ""type"": ""handwritten"", ""text"": ""пертіли чи інші""}, {""bbox"": [31, 1426, 339, 1474], ""type"": ""handwritten"", ""text"": ""ізотропних тканин -""}, {""bbox"": [412, 1427, 763, 1477], ""type"": ""handwritten"", ""text"": ""росло, прися, підзо).""}, {""bbox"": [852, 1433, 1186, 1476], ""type"": ""handwritten"", ""text"": ""относін-ресурси""}, {""bbox"": [1273, 1434, 1626, 1488], ""type"": ""handwritten"", ""text"": ""змінен залів, кому""}, {""bbox"": [24, 1468, 335, 1517], ""type"": ""handwritten"", ""text"": ""чний для проку-""}, {""bbox"": [413, 1472, 767, 1532], ""type"": ""handwritten"", ""text"": ""Для фінансування""}, {""bbox"": [846, 1474, 1222, 1521], ""type"": ""handwritten"", ""text"": ""що забезпечують""}, {""bbox"": [1277, 1484, 1604, 1540], ""type"": ""handwritten"", ""text"": ""пікації перших""}, {""bbox"": [25, 1512, 327, 1557], ""type"": ""handwritten"", ""text"": ""вони зовнішньо""}, {""bbox"": [851, 1523, 1163, 1565], ""type"": ""handwritten"", ""text"": ""щохвилинний""}, {""bbox"": [414, 1524, 761, 1585], ""type"": ""handwritten"", ""text"": ""позитивної мід-""}, {""bbox"": [1293, 1533, 1637, 1583], ""type"": ""handwritten"", ""text"": ""освідчений мін""}, {""bbox"": [21, 1554, 352, 1598], ""type"": ""handwritten"", ""text"": ""політичних цілей,""}, {""bbox"": [850, 1563, 1254, 1612], ""type"": ""handwritten"", ""text"": ""дотичн до інфляцій-""}, {""bbox"": [413, 1576, 740, 1631], ""type"": ""handwritten"", ""text"": ""жуків та, та""}, {""bbox"": [1304, 1580, 1631, 1627], ""type"": ""handwritten"", ""text"": ""існуючих.""}, {""bbox"": [22, 1592, 340, 1634], ""type"": ""handwritten"", ""text"": ""Класифікація та""}, {""bbox"": [848, 1611, 1277, 1658], ""type"": ""handwritten"", ""text"": ""ції та шлях, додат-""}, {""bbox"": [1316, 1625, 1602, 1670], ""type"": ""handwritten"", ""text"": ""т ізотопів""}, {""bbox"": [409, 1626, 717, 1676], ""type"": ""handwritten"", ""text"": ""досягнення яко""}, {""bbox"": [21, 1628, 354, 1670], ""type"": ""handwritten"", ""text"": ""спиртівною солі.""}, {""bbox"": [848, 1655, 1211, 1700], ""type"": ""handwritten"", ""text"": ""ків: ціллюрі з""}, {""bbox"": [20, 1667, 347, 1714], ""type"": ""handwritten"", ""text"": ""ну інформаційно""}, {""bbox"": [417, 1673, 701, 1720], ""type"": ""handwritten"", ""text"": ""шіп ушесті""}, {""bbox"": [850, 1695, 1290, 1745], ""type"": ""handwritten"", ""text"": ""іноземною літературою,""}, {""bbox"": [23, 1710, 304, 1751], ""type"": ""handwritten"", ""text"": ""між різними""}, {""bbox"": [1328, 1719, 1639, 1770], ""type"": ""handwritten"", ""text"": ""загал. Тариф.""}, {""bbox"": [427, 1721, 718, 1775], ""type"": ""handwritten"", ""text"": ""Інтелігентна гро-""}, {""bbox"": [23, 1747, 342, 1793], ""type"": ""handwritten"", ""text"": ""депрессіями віку""}, {""bbox"": [1329, 1767, 1596, 1815], ""type"": ""handwritten"", ""text"": ""віння на жірі""}, {""bbox"": [425, 1771, 769, 1826], ""type"": ""handwritten"", ""text"": ""національну думку.""}, {""bbox"": [20, 1790, 326, 1841], ""type"": ""handwritten"", ""text"": ""Ковтунського та""}, {""bbox"": [1337, 1810, 1643, 1867], ""type"": ""handwritten"", ""text"": ""вимкнути""}, {""bbox"": [19, 1837, 320, 1887], ""type"": ""handwritten"", ""text"": ""предукають на""}, {""bbox"": [18, 1884, 344, 1936], ""type"": ""handwritten"", ""text"": ""великій кількості""}, {""bbox"": [14, 1930, 313, 1979], ""type"": ""handwritten"", ""text"": ""один відомий""}]"
84fa6920-a410-4191-9e3a-c59eb8a410b5.jpg,"[{""bbox"": [12, 8, 1630, 657], ""type"": ""table"", ""text"": ""Місткість ринку | Абсолютне відхилення | Відносне відхилення % | 2023 | 2024\nКанада | 12,4 | 13,1 | -0,7 | -24,74\nСША | 316,2 | 309,8 | -6,4 | -4,87\nКитай | 1876,8 | 1965,4 | 88,6 | 4,72\nВисновок | -10,06% | -1,83""}, {""bbox"": [149, 660, 1656, 757], ""type"": ""handwritten"", ""text"": ""Видобуток в ~~Канаді~~ та США показує відчутне відхилення, що""}, {""bbox"": [57, 743, 1652, 847], ""type"": ""handwritten"", ""text"": ""свідчить про зменшення видобутку. У Китаї позитивне відхилення""}, {""bbox"": [156, 894, 1656, 1006], ""type"": ""handwritten"", ""text"": ""Експорт в Канаді та США зріс, в Китаї експорт не змінювся""}, {""bbox"": [146, 993, 1655, 1100], ""type"": ""handwritten"", ""text"": ""Збиток в Китаї та Канаді зріс на 4,56% та 5,76% відпо-""}, {""bbox"": [154, 1089, 1647, 1197], ""type"": ""handwritten"", ""text"": ""Місткість ринку в Канаді і США зменшилась на -24,71%""}, {""bbox"": [84, 1183, 1420, 1291], ""type"": ""handwritten"", ""text"": ""- 4,87% відповідно тоді як в Китаї зросла на 4,72%""}]"
a335c475-4299-4ffc-80ed-e032fd0148e3.jpg,"[{""bbox"": [1289, 0, 1460, 114], ""type"": ""annotation"", ""text"": ""± 15 б.""}, {""bbox"": [1, 1, 1240, 60], ""type"": ""handwritten"", ""text"": ""5.1) CH3 - CH2 - C - CH2 - CH (CH3) - CH3 - 6-метил-3-гептин""}, {""bbox"": [860, 48, 1092, 222], ""type"": ""annotation"", ""text"": ""струність""}, {""bbox"": [3, 66, 652, 122], ""type"": ""handwritten"", ""text"": ""2) 3,3-диметил-2-бутанол""}, {""bbox"": [2, 122, 680, 187], ""type"": ""formula"", ""text"": ""CH3-CH(OH)-C(CH3)2-CH3""}, {""bbox"": [407, 210, 703, 281], ""type"": ""handwritten"", ""text"": ""Розв'язання""}, {""bbox"": [5, 214, 222, 268], ""type"": ""handwritten"", ""text"": ""2. Дано:""}, {""bbox"": [673, 217, 838, 356], ""type"": ""annotation"", ""text"": ""100%""}, {""bbox"": [403, 275, 671, 353], ""type"": ""formula"", ""text"": ""w = m_{сол} / m_{розчину}""}, {""bbox"": [6, 281, 366, 338], ""type"": ""formula"", ""text"": ""w = 0,2% = 0,002""}, {""bbox"": [1075, 325, 1242, 473], ""type"": ""annotation"", ""text"": ""±18 б""}, {""bbox"": [397, 338, 1059, 427], ""type"": ""formula"", ""text"": ""розчину = m_{солі}/w = 5/0,002 = 2500 г""}, {""bbox"": [7, 343, 219, 395], ""type"": ""formula"", ""text"": ""m_{CO2} = 52""}, {""bbox"": [14, 421, 187, 485], ""type"": ""formula"", ""text"": ""V H2O - ?""}, {""bbox"": [394, 422, 755, 481], ""type"": ""formula"", ""text"": ""mH2O = mроз. - mсолі""}, {""bbox"": [397, 463, 916, 540], ""type"": ""formula"", ""text"": ""m_{H_2O} = 2500 - 5 = 2495 (г)""}, {""bbox"": [394, 527, 925, 607], ""type"": ""formula"", ""text"": ""V_{H_2O} = 2495 мл ≈ 2,5 л""}, {""bbox"": [390, 601, 742, 663], ""type"": ""handwritten"", ""text"": ""Відповідь: ~~≈~~ 2,5 л""}, {""bbox"": [37, 720, 423, 860], ""type"": ""annotation"", ""text"": ""Задач. 3 - ?""}]"
c0eae450-5878-4897-bc4d-f9ddd92d4f34.jpg,"[{""bbox"": [28, 115, 2931, 593], ""type"": ""formula"", ""text"": ""Екзам: ∫cos 5x dx = 1/5 sin 5x + C""}, {""bbox"": [3, 163, 491, 446], ""type"": ""handwritten"", ""text"": ""Екзам""}, {""bbox"": [3386, 268, 4808, 831], ""type"": ""image"", ""text"": """"}, {""bbox"": [248, 563, 1406, 800], ""type"": ""handwritten"", ""text"": ""4) Однокліно""}, {""bbox"": [135, 835, 2842, 1255], ""type"": ""formula"", ""text"": ""42 M21 | 2 -1 | = 2 - 3 = -1 -3 1""}, {""bbox"": [257, 1583, 1309, 1903], ""type"": ""handwritten"", ""text"": ""44 кулю""}, {""bbox"": [265, 1932, 1292, 2176], ""type"": ""handwritten"", ""text"": ""4) культ""}, {""bbox"": [581, 2176, 1807, 2830], ""type"": ""formula"", ""text"": ""= \\begin{pmatrix} 2 & -1 & 4 \\\\ 2 & 3 & -2 \\\\ 4 & -2 & 1 \\end{pmatrix}""}, {""bbox"": [2136, 2228, 5242, 2735], ""type"": ""formula"", ""text"": ""A_{12} = (-1)^{1+2} M_{12} = -1 \\cdot \\begin{vmatrix} 2 & -2 \\\\ 4 & 1 \\end{vmatrix} = -1 \\cdot 10 = -10""}, {""bbox"": [299, 2793, 2613, 3275], ""type"": ""formula"", ""text"": ""47 б \\lim_{x \\to \\infty} (1 + \\frac{1}{x})^x = e""}, {""bbox"": [287, 3252, 3220, 3834], ""type"": ""formula"", ""text"": ""48 \\lim_{n \\to \\infty} \\frac{(2n^2+1)(n+3)^3}{(n^2+1)^3 + (3n-1)^2} =""}, {""bbox"": [892, 3824, 5081, 4109], ""type"": ""handwritten"", ""text"": ""Ступінь у чисельнику 2n^2, n^7 = 2a^5 у знамені (n^2)^3 = n^6""}, {""bbox"": [862, 4130, 2013, 4358], ""type"": ""formula"", ""text"": ""n^5 < n^6 = 0""}, {""bbox"": [280, 4478, 1830, 4752], ""type"": ""formula"", ""text"": ""4) p = 200 - 2Q""}, {""bbox"": [753, 4808, 3466, 5109], ""type"": ""formula"", ""text"": ""R = p · Q (200 - 2Q) Q R(30)""}, {""bbox"": [770, 5115, 4468, 5392], ""type"": ""formula"", ""text"": ""R(30) = (200 - 2 * 30) * 30 = 140 * 30 = 4200""}, {""bbox"": [352, 6342, 2080, 6669], ""type"": ""handwritten"", ""text"": ""Дат q 16.12.2025""}, {""bbox"": [352, 6342, 2080, 6669], ""type"": ""annotation"", ""text"": ""Дат q 16.12.2025""}]"
997b08cc-ead0-4b6a-8f19-ab52789a9244.jpg,"[{""bbox"": [28, 0, 715, 88], ""type"": ""handwritten"", ""text"": ""Знущання і адаптивність.""}, {""bbox"": [29, 77, 695, 155], ""type"": ""handwritten"", ""text"": ""• Ефективність комунікацій""}, {""bbox"": [40, 148, 355, 224], ""type"": ""handwritten"", ""text"": ""Завдання 3.""}, {""bbox"": [28, 199, 1604, 284], ""type"": ""handwritten"", ""text"": ""1. Планування - процес визначення цілей організації та шляхів""}, {""bbox"": [19, 265, 1462, 345], ""type"": ""handwritten"", ""text"": ""їх дослідження мешкали розробки стратегій, пиллив у програмі.""}, {""bbox"": [17, 322, 1566, 394], ""type"": ""handwritten"", ""text"": ""2. Операційна комунікація - обмін інформацією між працівниками""}, {""bbox"": [16, 379, 1445, 454], ""type"": ""handwritten"", ""text"": ""різних рівнів з метою забезпечення верховного управління.""}, {""bbox"": [15, 441, 1614, 509], ""type"": ""handwritten"", ""text"": ""3. Контроль - процес вимірювання фактичних результатів діяльності""}, {""bbox"": [16, 545, 1521, 616], ""type"": ""handwritten"", ""text"": ""4. Менеджмент - процес планування організації, мотивації та""}, {""bbox"": [22, 601, 784, 675], ""type"": ""handwritten"", ""text"": ""контроль для досягнення цілей""}, {""bbox"": [28, 661, 347, 727], ""type"": ""handwritten"", ""text"": ""Завдання 4.""}, {""bbox"": [28, 721, 918, 787], ""type"": ""handwritten"", ""text"": ""1. Організаційна структура компанії:""}, {""bbox"": [28, 779, 727, 858], ""type"": ""handwritten"", ""text"": ""Вертикальні рівні управління:""}, {""bbox"": [1001, 939, 1266, 1054], ""type"": ""handwritten"", ""text"": ""Відповідь HR""}, {""bbox"": [452, 966, 888, 1049], ""type"": ""handwritten"", ""text"": ""Відділ маркетингу""}, {""bbox"": [915, 1057, 1529, 1134], ""type"": ""handwritten"", ""text"": ""Директор з електротехніки""}, {""bbox"": [95, 1188, 1560, 1287], ""type"": ""handwritten"", ""text"": ""Мінімі менеджери виробничих підрозділів (по 1 в кожному).""}, {""bbox"": [23, 1275, 306, 1359], ""type"": ""handwritten"", ""text"": ""2. Переволині""}, {""bbox"": [18, 1339, 873, 1407], ""type"": ""handwritten"", ""text"": ""• Чітка вертикаль підпорядкування.""}, {""bbox"": [19, 1395, 719, 1455], ""type"": ""handwritten"", ""text"": ""Високий рівень спеціалізації""}, {""bbox"": [16, 1443, 879, 1525], ""type"": ""handwritten"", ""text"": ""• Зрозумілий розподіл відповідальності.""}, {""bbox"": [12, 1505, 451, 1575], ""type"": ""handwritten"", ""text"": ""• Меншість контраста.""}, {""bbox"": [19, 1557, 237, 1629], ""type"": ""handwritten"", ""text"": ""Недоліки:""}, {""bbox"": [15, 1621, 998, 1692], ""type"": ""handwritten"", ""text"": ""Рухом початої активної координати.""}, {""bbox"": [18, 1678, 1295, 1759], ""type"": ""handwritten"", ""text"": ""• Повільна реакція на зміни (багато рівнів управління).""}, {""bbox"": [16, 1740, 540, 1803], ""type"": ""handwritten"", ""text"": ""• Обмежена гнучкість.""}, {""bbox"": [21, 1794, 859, 1888], ""type"": ""handwritten"", ""text"": ""• Можливість дублювання функцій.""}, {""bbox"": [1052, 1845, 1560, 1996], ""type"": ""annotation"", ""text"": ""12.06.2025р А.Муф""}, {""bbox"": [1052, 1845, 1560, 1996], ""type"": ""handwritten"", ""text"": ""12.06.2025р А. Муф""}]"
80d0aed6-6f29-45f8-aa4c-7a7a8b94cb0f.jpg,"[{""bbox"": [17, 0, 379, 71], ""type"": ""handwritten"", ""text"": ""Завдання 7.""}, {""bbox"": [83, 73, 1611, 217], ""type"": ""handwritten"", ""text"": ""меріяли, пиломашинерія, деревні машини, усі""}, {""bbox"": [30, 258, 1637, 415], ""type"": ""handwritten"", ""text"": ""Спринжура співпадається з первинної продукції""}, {""bbox"": [36, 302, 1646, 459], ""type"": ""handwritten"", ""text"": ""(необробленої деревини), кальцій-бікарбонат (необхідна""}, {""bbox"": [86, 360, 1635, 505], ""type"": ""handwritten"", ""text"": ""періанів, пінки), продукції якійної переробки""}, {""bbox"": [31, 413, 1655, 572], ""type"": ""handwritten"", ""text"": ""(папір, меблі, деревообробні машини), а""}, {""bbox"": [19, 513, 1144, 654], ""type"": ""handwritten"", ""text"": ""використовуватися як показово.""}, {""bbox"": [26, 554, 1651, 710], ""type"": ""handwritten"", ""text"": ""Значення утворення прискіп не лише в еконо-""}, {""bbox"": [25, 590, 1649, 768], ""type"": ""handwritten"", ""text"": ""Значення уваго ринку можна не лише в економі-""}, {""bbox"": [42, 653, 1656, 812], ""type"": ""handwritten"", ""text"": ""міжнародній революції, а й в економічному, політичному, соціальному""}, {""bbox"": [38, 707, 1656, 869], ""type"": ""handwritten"", ""text"": ""розвиток пісової глини, бороновій (англійським) ґрунтах,""}, {""bbox"": [23, 756, 1651, 951], ""type"": ""handwritten"", ""text"": ""та ефективність використання природних ресурсів""}, {""bbox"": [27, 860, 1649, 1070], ""type"": ""handwritten"", ""text"": ""Фактори, що формують світовий ринок товарів""}, {""bbox"": [27, 918, 1649, 1125], ""type"": ""handwritten"", ""text"": ""мовників розвитку сфери житлових споживчих""}, {""bbox"": [38, 988, 1654, 1163], ""type"": ""handwritten"", ""text"": ""постійного розвитку боротьби з неправильним, емоційну""}, {""bbox"": [26, 1040, 1623, 1241], ""type"": ""handwritten"", ""text"": ""запуск, потенційна можливість, шансовий""}, {""bbox"": [38, 1126, 1643, 1289], ""type"": ""handwritten"", ""text"": ""бар'єри. Геополітичний, повіт, зовнішня, війни, санкції""}, {""bbox"": [24, 1180, 1646, 1344], ""type"": ""handwritten"", ""text"": ""підписи, історичні шини, події, реперти, пісні,""}, {""bbox"": [21, 1218, 1652, 1420], ""type"": ""handwritten"", ""text"": ""цівільної енергії зацікавлені країни (Великими несо-""}, {""bbox"": [10, 1312, 1641, 1541], ""type"": ""handwritten"", ""text"": ""регіональне відмінність країни (венесуельська,""}, {""bbox"": [37, 1460, 1656, 1625], ""type"": ""handwritten"", ""text"": ""загошівся деревини та виробництві нервикової, ен-""}, {""bbox"": [18, 1521, 1656, 1687], ""type"": ""handwritten"", ""text"": ""своєї промисловій кімнати найбільшими сподіваннями, напри-""}, {""bbox"": [10, 1564, 1643, 1752], ""type"": ""handwritten"", ""text"": ""кової продукції. В загалом, зосередженість на про-""}, {""bbox"": [21, 1718, 1641, 1865], ""type"": ""handwritten"", ""text"": ""шаній економічних емігрантів України, щоразу""}, {""bbox"": [19, 1765, 1638, 1914], ""type"": ""handwritten"", ""text"": ""виважиться, зростає роль у переробці та експорті""}, {""bbox"": [20, 1819, 1641, 1968], ""type"": ""handwritten"", ""text"": ""місцевої продукції, заборона у Великій Британії,""}, {""bbox"": [23, 1906, 498, 1979], ""type"": ""handwritten"", ""text"": ""та шановний""}, {""bbox"": [22, 1939, 1653, 2029], ""type"": ""handwritten"", ""text"": ""Таким чином, світовий ринок післях товарів""}, {""bbox"": [22, 1995, 1654, 2075], ""type"": ""handwritten"", ""text"": ""спадною та динамічною елементом, де поєднується""}, {""bbox"": [21, 2030, 1653, 2127], ""type"": ""handwritten"", ""text"": ""10 свіжої чай іншими, що свіжий чай, бобові екстракти,""}, {""bbox"": [22, 2088, 1641, 2188], ""type"": ""handwritten"", ""text"": ""сфінкотічні напрями розвитку окремих країн.""}, {""bbox"": [1490, 2219, 1579, 2296], ""type"": ""annotation"", ""text"": ""2""}]"
0a331d40-206e-4185-bd31-51e369f07578.jpg,"[{""bbox"": [69, 117, 344, 185], ""type"": ""handwritten"", ""text"": ""Завдання 7""}, {""bbox"": [73, 198, 765, 417], ""type"": ""table"", ""text"": ""Продукти | Видано в баз. пер. грн | Приріст к-ті прод. пр., % | Обсяг реалізації\nМолоко | 1245 | +12,8 | 1404,36\nСметана | 1200 | -2,8 | 1166,4\nВсього | 2445 | К | 2570,76""}, {""bbox"": [66, 427, 890, 515], ""type"": ""formula"", ""text"": ""1,128 0,972 Σq = 2570,36 / 2445 = 1,051""}, {""bbox"": [990, 505, 1595, 572], ""type"": ""formula"", ""text"": ""ΔQ = 2570,4C - 2445 = 125,76""}, {""bbox"": [68, 565, 312, 637], ""type"": ""handwritten"", ""text"": ""Завдання 8""}, {""bbox"": [72, 625, 1177, 713], ""type"": ""formula"", ""text"": ""N = 8000 \\quad \\Delta = 0,5 \\quad P = 0,954 \\quad t = 2 \\quad \\delta^2 = 1,8""}, {""bbox"": [70, 726, 1004, 862], ""type"": ""formula"", ""text"": ""n = (f^2 * G^2 * N) / (Δ^2 * N + f^2 * G^2) = (2^2 * 1,8 * 8000) / (0,5^2 * 8000 + 2^2 * 1,8) = 28,7""}, {""bbox"": [55, 890, 1836, 969], ""type"": ""handwritten"", ""text"": ""Щоб визначити середній розмір сім'ї з помилкою не більше 0,5%""}, {""bbox"": [48, 968, 1800, 1046], ""type"": ""handwritten"", ""text"": ""ймовірністю 0,954, у мікрорайоні з 8000 сімей необхідно обстежити не""}, {""bbox"": [42, 1054, 486, 1108], ""type"": ""handwritten"", ""text"": ""менше 29 сімей.""}, {""bbox"": [60, 1221, 288, 1273], ""type"": ""annotation"", ""text"": ""24.12.2025""}]"
e9fa0cd8-b978-4dd4-bd09-44743b29fb40.jpg,"[{""bbox"": [22, 10, 271, 95], ""type"": ""handwritten"", ""text"": ""Завдання 3""}, {""bbox"": [20, 87, 636, 168], ""type"": ""handwritten"", ""text"": ""Вид товару: експліка для піть""}, {""bbox"": [17, 125, 1036, 271], ""type"": ""handwritten"", ""text"": ""Кроси фіксовані ознаки: росуд побутового користування""}, {""bbox"": [13, 170, 1049, 349], ""type"": ""handwritten"", ""text"": ""Спосіб формування: вищіввання""}, {""bbox"": [15, 231, 1636, 418], ""type"": ""handwritten"", ""text"": ""Спосіб оформлення: використання методом з візерунком у вигляді листя на зовн.""}, {""bbox"": [16, 250, 628, 352], ""type"": ""handwritten"", ""text"": ""Спосіб формулювання: видування""}, {""bbox"": [20, 280, 1633, 472], ""type"": ""handwritten"", ""text"": ""Спосіб оздоблення: гравіювання (ті експриментальні методи) з візерунками, у вигляді візерунків на зу-""}, {""bbox"": [20, 331, 1640, 530], ""type"": ""handwritten"", ""text"": ""Переваги: легко вога, прозора, матове декоративне оздоблення, універсальна, низька собі-""}, {""bbox"": [16, 410, 1652, 671], ""type"": ""handwritten"", ""text"": ""Переваги: легко вода, прозора, матове декор, відсутня ручка, може стиратися""}, {""bbox"": [1018, 539, 1204, 664], ""type"": ""annotation"", ""text"": ""до б.""}, {""bbox"": [30, 565, 476, 646], ""type"": ""handwritten"", ""text"": ""декор, не перешкідка""}]"
185edf0e-7bd8-4e62-8839-0e8d095c4c7c.jpg,"[{""bbox"": [224, 0, 328, 20], ""type"": ""handwritten"", ""text"": ""Тільки""}, {""bbox"": [53, 20, 356, 75], ""type"": ""formula"", ""text"": ""2Ca + O2 → 2CaO""}, {""bbox"": [917, 74, 1345, 461], ""type"": ""annotation"", ""text"": ""назви речовин за укр. номенклат. ?""}, {""bbox"": [43, 91, 437, 144], ""type"": ""handwritten"", ""text"": ""Пити реакції: Столу~~ч~~{ч}ине""}, {""bbox"": [40, 161, 695, 219], ""type"": ""handwritten"", ""text"": ""ОВГ: Так, це обчислю-відновна рокадія""}, {""bbox"": [11, 266, 203, 322], ""type"": ""handwritten"", ""text"": ""2) перетворення:""}, {""bbox"": [42, 322, 321, 374], ""type"": ""formula"", ""text"": ""Ca(OH)2 → CaCl2""}, {""bbox"": [37, 381, 267, 429], ""type"": ""formula"", ""text"": ""CaO → Ca(OH)""}, {""bbox"": [1156, 383, 1325, 506], ""type"": ""annotation"", ""text"": ""+ 9 б""}, {""bbox"": [34, 436, 407, 514], ""type"": ""formula"", ""text"": ""CuO + H2O → Ca(OH)2""}, {""bbox"": [41, 536, 452, 586], ""type"": ""handwritten"", ""text"": ""Типи реакцій: Сполушення""}, {""bbox"": [43, 606, 1049, 668], ""type"": ""handwritten"", ""text"": ""ОВР: Ні сужені Оксиген елементів не змінюється""}, {""bbox"": [42, 707, 266, 760], ""type"": ""handwritten"", ""text"": ""3) перетворення:""}, {""bbox"": [79, 758, 343, 815], ""type"": ""handwritten"", ""text"": ""Ca(OH)2 → Cu(OH)2""}, {""bbox"": [79, 758, 343, 815], ""type"": ""formula"", ""text"": ""Ca(OH)2 → Cu(OH)2""}, {""bbox"": [1159, 816, 1274, 959], ""type"": ""annotation"", ""text"": ""+5 б""}, {""bbox"": [134, 818, 265, 858], ""type"": ""handwritten"", ""text"": ""Дівчина""}, {""bbox"": [59, 852, 582, 919], ""type"": ""formula"", ""text"": ""Ca(OH)2 + 2HCl → CaCl2 + 2H2O""}, {""bbox"": [65, 927, 438, 983], ""type"": ""handwritten"", ""text"": ""Типи реакцій: Обмінну""}, {""bbox"": [63, 958, 1049, 1046], ""type"": ""handwritten"", ""text"": ""ОВР: Ні. Ізотопи Оксигену елементів не змінюють""}, {""bbox"": [40, 1061, 248, 1113], ""type"": ""handwritten"", ""text"": ""4) перетворення:""}, {""bbox"": [69, 1107, 328, 1162], ""type"": ""formula"", ""text"": ""CaCl2 - Ca(OH)2""}, {""bbox"": [133, 1171, 244, 1214], ""type"": ""handwritten"", ""text"": ""Дівченка""}, {""bbox"": [56, 1208, 664, 1282], ""type"": ""formula"", ""text"": ""CaCl2 + 2KNO3 → Ca(NO3)2 + 2KCl""}, {""bbox"": [68, 1278, 445, 1342], ""type"": ""handwritten"", ""text"": ""Тип реакції: обміну""}, {""bbox"": [67, 1323, 1113, 1396], ""type"": ""handwritten"", ""text"": ""ОЗВ: Ні, ступені окислення неменші не змінюються""}, {""bbox"": [51, 1418, 261, 1472], ""type"": ""handwritten"", ""text"": ""5) переміщення""}, {""bbox"": [69, 1473, 465, 1535], ""type"": ""formula"", ""text"": ""Ca(NO3)2 → Ca(NO2)2""}, {""bbox"": [174, 1542, 306, 1586], ""type"": ""handwritten"", ""text"": ""Тільки""}, {""bbox"": [64, 1576, 643, 1646], ""type"": ""formula"", ""text"": ""2Ca(NO3)2 -> 2Ca(NO2)2 + O2""}, {""bbox"": [66, 1647, 466, 1710], ""type"": ""handwritten"", ""text"": ""Пит реакцій: Розкладу""}, {""bbox"": [70, 1711, 811, 1771], ""type"": ""handwritten"", ""text"": ""ОВР: Після це окисно-відновна реакція""}, {""bbox"": [53, 1847, 92, 1891], ""type"": ""handwritten"", ""text"": ""4.""}, {""bbox"": [92, 1908, 1634, 1967], ""type"": ""handwritten"", ""text"": ""Етилен → Етилен → Оксид кислоти - Хлористий метил → Антагонізм Оксиду кислоти.""}, {""bbox"": [907, 1970, 1146, 2172], ""type"": ""annotation"", ""text"": ""стручки? ±2""}, {""bbox"": [73, 1973, 721, 2027], ""type"": ""formula"", ""text"": ""H2C2H4 + H2O → C2H5OH (H2SO4, t°)""}, {""bbox"": [69, 2037, 635, 2097], ""type"": ""formula"", ""text"": ""2) C2H5OH + O2 → CH3COOH + H2O""}, {""bbox"": [69, 2037, 635, 2097], ""type"": ""handwritten"", ""text"": ""2) C2H5OH + O2 → CH3COOH + H2O""}, {""bbox"": [65, 2098, 871, 2166], ""type"": ""formula"", ""text"": ""3) CH3COON + PCl5 → CH3COCl + POCl3 + HCl""}, {""bbox"": [1297, 2109, 1651, 2292], ""type"": ""annotation"", ""text"": ""+ справді були! із""}, {""bbox"": [62, 2171, 643, 2228], ""type"": ""formula"", ""text"": ""4) 2 CH3COOK → (CH3CO)2O + 2 KCl""}, {""bbox"": [863, 2204, 1208, 2260], ""type"": ""handwritten"", ""text"": ""2,4,6 - Трибромфенол""}, {""bbox"": [73, 2239, 420, 2288], ""type"": ""handwritten"", ""text"": ""5. Молочна кислота""}, {""bbox"": [127, 2282, 490, 2332], ""type"": ""formula"", ""text"": ""CH3-CH(OH)-COOH""}]"
535fc980-8fc5-49f9-8332-ddbdec5132ae.jpg,"[{""bbox"": [85, 0, 1514, 210], ""type"": ""handwritten"", ""text"": ""Завдання 44""}, {""bbox"": [76, 181, 2975, 445], ""type"": ""formula"", ""text"": ""MR = 500 - 0,8Q; AR(Q) - ?, Q = 300""}, {""bbox"": [75, 396, 1256, 612], ""type"": ""formula"", ""text"": ""AR(Q) = TR(Q) / Q""}, {""bbox"": [28, 561, 4784, 1009], ""type"": ""formula"", ""text"": ""TR(Q) = ∫ MR(Q) dQ = ∫ (500 - 0,2 Q) dQ = 500 Q - 0,1 Q^2 + C""}, {""bbox"": [32, 815, 440, 1020], ""type"": ""formula"", ""text"": ""C = 0""}, {""bbox"": [13, 1024, 1486, 1322], ""type"": ""formula"", ""text"": ""TR = 500 Q - 0,1 + Q^2""}, {""bbox"": [0, 1294, 3341, 1672], ""type"": ""formula"", ""text"": ""AR = (500Q - 0,1Q^2) / Q = 500 - 0,1Q = 470""}, {""bbox"": [68, 1572, 1493, 1917], ""type"": ""handwritten"", ""text"": ""Відно відб: 470""}, {""bbox"": [95, 1882, 1707, 2166], ""type"": ""handwritten"", ""text"": ""Завдання 45""}, {""bbox"": [58, 2105, 4102, 2715], ""type"": ""formula"", ""text"": ""\\begin{pmatrix} 8 & -1 & 4 \\\\ 2 & 3 & -2 \\\\ 4 & -2 & 1 \\end{pmatrix} ; A_{12} = (-1)^{1+2} \\cdot M_{12} = - \\begin{vmatrix} 2 & -2 \\\\ 4 & 1 \\end{vmatrix} = -10""}, {""bbox"": [2184, 2554, 3689, 2879], ""type"": ""handwritten"", ""text"": ""Відповідь: -10""}, {""bbox"": [133, 2910, 1539, 3211], ""type"": ""handwritten"", ""text"": ""Завдання 46""}, {""bbox"": [126, 3179, 1555, 3424], ""type"": ""handwritten"", ""text"": ""Ранг матриці""}, {""bbox"": [102, 3491, 1568, 3785], ""type"": ""handwritten"", ""text"": ""Завдання 47""}, {""bbox"": [70, 3950, 3803, 4369], ""type"": ""handwritten"", ""text"": ""{x - 2y + z = 3; 4x - 5y - z = 2} = (1; 0; -2) - підстановки""}, {""bbox"": [89, 4407, 1492, 4677], ""type"": ""handwritten"", ""text"": ""Завдання 18""}, {""bbox"": [115, 4664, 2796, 5322], ""type"": ""formula"", ""text"": ""| 3 2 -1 | = M121 = | 2 -1 | = -1""}, {""bbox"": [212, 5347, 1634, 5645], ""type"": ""handwritten"", ""text"": ""Відповідь: -1""}, {""bbox"": [194, 5683, 1682, 6006], ""type"": ""handwritten"", ""text"": ""Завдання 49""}, {""bbox"": [158, 5975, 1987, 6251], ""type"": ""handwritten"", ""text"": ""Вірна рівність. Б""}, {""bbox"": [4757, 7473, 5158, 7912], ""type"": ""annotation"", ""text"": ""6""}, {""bbox"": [2381, 7917, 3390, 8190], ""type"": ""annotation"", ""text"": ""22.12.2025""}]"
24f70abb-c16d-4368-ab50-8892d269512e.jpg,"[{""bbox"": [5, 0, 1547, 82], ""type"": ""handwritten"", ""text"": ""4. Здійснити перетворення: етилен → 1,2-дихлоретан → дихлорид""}, {""bbox"": [10, 65, 1503, 149], ""type"": ""handwritten"", ""text"": ""ентерні кислоти → ентеральні кислоти → дієтичні ензим""}, {""bbox"": [20, 153, 478, 222], ""type"": ""handwritten"", ""text"": ""Експортні кошті.""}, {""bbox"": [6, 227, 1497, 305], ""type"": ""handwritten"", ""text"": ""5. Норматив структури організації 5-летня - 2-річну та""}, {""bbox"": [468, 290, 911, 702], ""type"": ""annotation"", ""text"": ""для розв'язання завдань білку.""}, {""bbox"": [13, 307, 517, 368], ""type"": ""handwritten"", ""text"": ""мінімізатору.""}]"
75e7ac0c-01e1-4392-b287-5e05e0b2c5bb.jpg,"[{""bbox"": [29, 0, 1644, 83], ""type"": ""handwritten"", ""text"": ""1. В якому періоді, групі й підгрупі знах. хім. елемента, електронна""}, {""bbox"": [1034, 63, 1211, 179], ""type"": ""annotation"", ""text"": ""± 5 б.""}, {""bbox"": [24, 64, 1042, 151], ""type"": ""handwritten"", ""text"": ""формули яких мають такі закінчення:""}, {""bbox"": [1030, 104, 1071, 172], ""type"": ""annotation"", ""text"": ""+""}, {""bbox"": [22, 135, 865, 247], ""type"": ""handwritten"", ""text"": ""а) Неон; (20) б) Алюміній; (26).""}, {""bbox"": [12, 234, 1517, 333], ""type"": ""handwritten"", ""text"": ""2. 2,82 каліно помістили в колбу з 120 г води. Визн. мас. частку""}, {""bbox"": [22, 316, 935, 425], ""type"": ""handwritten"", ""text"": ""розчиненої речовини в розчині;""}, {""bbox"": [1329, 332, 1457, 460], ""type"": ""annotation"", ""text"": ""15б""}, {""bbox"": [868, 342, 1459, 596], ""type"": ""annotation"", ""text"": ""2,8 + 120 = 122,8.""}, {""bbox"": [675, 355, 748, 435], ""type"": ""annotation"", ""text"": ""100""}, {""bbox"": [31, 538, 333, 625], ""type"": ""formula"", ""text"": ""m(H2O) = 120 г.""}, {""bbox"": [36, 658, 208, 722], ""type"": ""handwritten"", ""text"": ""u - ?""}, {""bbox"": [22, 763, 819, 842], ""type"": ""handwritten"", ""text"": ""3. Здійсн. перетворення за схемою:""}, {""bbox"": [1018, 832, 1523, 1173], ""type"": ""annotation"", ""text"": ""+ 10 б.""}, {""bbox"": [63, 833, 1002, 969], ""type"": ""formula"", ""text"": ""S → SO2 → SO3 → Na2SO4 → BaSO4;""}, {""bbox"": [1273, 836, 1522, 1149], ""type"": ""annotation"", ""text"": ""+15б. +10б.""}, {""bbox"": [839, 898, 1210, 1219], ""type"": ""annotation"", ""text"": ""Тип реакції?""}, {""bbox"": [150, 957, 345, 1032], ""type"": ""formula"", ""text"": ""→ Al₂S₃""}, {""bbox"": [23, 1045, 425, 1136], ""type"": ""formula"", ""text"": ""1) S + O2 → SO2;""}, {""bbox"": [56, 1129, 497, 1215], ""type"": ""formula"", ""text"": ""5O2 + O → 5O3;""}, {""bbox"": [46, 1208, 687, 1304], ""type"": ""formula"", ""text"": ""SO3 + Na2O → Na2SO4""}, {""bbox"": [47, 1301, 682, 1392], ""type"": ""formula"", ""text"": ""Na2SO4 + Ba → BaSO4.""}, {""bbox"": [47, 1408, 576, 1501], ""type"": ""formula"", ""text"": ""S + Al_2S_2 → Al_2S_3.""}, {""bbox"": [34, 1430, 1583, 1625], ""type"": ""handwritten"", ""text"": ""4. Здійсн. пер. етилен → метилетон → 2-бутанол - вторбутиловий естер""}, {""bbox"": [53, 1589, 380, 1652], ""type"": ""handwritten"", ""text"": ""оцтової кислоти""}, {""bbox"": [36, 2029, 1607, 2111], ""type"": ""handwritten"", ""text"": ""5. Нап. структ. формули 2,3-диметил-4-етилнонану та їдомасляною. альдегіду;""}]"
40268017-c323-478e-9887-7d204b8b5ee2.jpg,"[{""bbox"": [81, 0, 1613, 66], ""type"": ""handwritten"", ""text"": ""дови почаття, наявність підбурювачів. У такому провадженню батьки чи""}, {""bbox"": [63, 57, 1644, 120], ""type"": ""handwritten"", ""text"": ""представники бруття участь, допит неповнолітнього здійснюється у при-""}, {""bbox"": [47, 110, 1622, 172], ""type"": ""handwritten"", ""text"": ""дійності закінчена. До неповнолітнього може бути затосовано один""}, {""bbox"": [47, 155, 647, 232], ""type"": ""handwritten"", ""text"": ""із запобіжними заходів КПК.""}, {""bbox"": [40, 237, 1623, 313], ""type"": ""handwritten"", ""text"": ""2. Згідно з ст. 27 КПК України: кримін провадіть проводиться відкрито,""}, {""bbox"": [46, 304, 1587, 375], ""type"": ""handwritten"", ""text"": ""У певній випадкові суддя може прийняти рішення про здійснення кр пр""}, {""bbox"": [41, 368, 1030, 437], ""type"": ""handwritten"", ""text"": ""у закритому судовому засіданні, а саме якщо:""}, {""bbox"": [120, 431, 767, 496], ""type"": ""handwritten"", ""text"": "") обмежуваний - неповнолітній""}, {""bbox"": [116, 488, 1521, 554], ""type"": ""handwritten"", ""text"": ""з) справа проти сталевої свободи та сталевої жандармованої особи""}, {""bbox"": [118, 545, 1618, 606], ""type"": ""handwritten"", ""text"": ""3) є необхідність нерозсолювані відносні про особисте і спільні якість""}, {""bbox"": [114, 595, 1647, 669], ""type"": ""handwritten"", ""text"": ""4) якщо відкрите судове засідання, то можна призвести до позачинного таблінці""}, {""bbox"": [39, 637, 626, 692], ""type"": ""handwritten"", ""text"": ""що охороняється законом.""}, {""bbox"": [121, 679, 1636, 752], ""type"": ""handwritten"", ""text"": ""5) є необхідність забезпечені безпеку осіб, які беруть участь у крим. провад.""}, {""bbox"": [40, 746, 1644, 819], ""type"": ""handwritten"", ""text"": ""У цій ситуації Олейник обґрунтовує неоподатність тільки недружнівського""}, {""bbox"": [35, 809, 1564, 880], ""type"": ""handwritten"", ""text"": ""та соромляться перед дітьми за знайомими, що не є прийнятною для""}, {""bbox"": [49, 874, 703, 944], ""type"": ""handwritten"", ""text"": ""закритого судового розгляду""}, {""bbox"": [119, 931, 1626, 1012], ""type"": ""handwritten"", ""text"": ""Може, згідно з ст. 27 КПК це клопотання не підлягає задоволенню.""}, {""bbox"": [51, 1016, 98, 1068], ""type"": ""handwritten"", ""text"": ""3.""}, {""bbox"": [49, 1066, 199, 1121], ""type"": ""handwritten"", ""text"": ""3.1. А""}, {""bbox"": [50, 1133, 195, 1186], ""type"": ""handwritten"", ""text"": ""3.2. А""}, {""bbox"": [48, 1192, 197, 1255], ""type"": ""handwritten"", ""text"": ""3.3. Б""}, {""bbox"": [47, 1261, 197, 1315], ""type"": ""handwritten"", ""text"": ""3. 4. Г""}, {""bbox"": [46, 1313, 188, 1376], ""type"": ""handwritten"", ""text"": ""3. Б. А""}, {""bbox"": [188, 1523, 417, 1585], ""type"": ""annotation"", ""text"": ""19.06.2025""}]"
b1e5056d-1acd-410d-b68f-b74a0358d61b.jpg,"[{""bbox"": [47, 0, 682, 91], ""type"": ""handwritten"", ""text"": ""2) Інфляційний розрив -""}, {""bbox"": [30, 276, 780, 375], ""type"": ""handwritten"", ""text"": ""3) Види бюджетних дефіцитів""}, {""bbox"": [78, 370, 1583, 452], ""type"": ""handwritten"", ""text"": ""фактичний - коли кількість доречавних видачів більша за""}, {""bbox"": [77, 435, 1234, 513], ""type"": ""handwritten"", ""text"": ""доходи в країні. Через це виникає дефіцит""}, {""bbox"": [98, 495, 894, 578], ""type"": ""handwritten"", ""text"": ""ще є циклічний і структурний""}, {""bbox"": [1323, 526, 1428, 596], ""type"": ""annotation"", ""text"": ""+""}, {""bbox"": [113, 551, 1548, 656], ""type"": ""handwritten"", ""text"": ""фінансові дерівати - вивелися внаслідок погіршення умов""}, {""bbox"": [108, 603, 1539, 719], ""type"": ""handwritten"", ""text"": ""на заситування населення збільшення рівня безробіття і тд.""}, {""bbox"": [43, 711, 1458, 854], ""type"": ""handwritten"", ""text"": ""4) закон Оуленка - це закон у якому говориться що якщо""}, {""bbox"": [113, 786, 1514, 929], ""type"": ""handwritten"", ""text"": ""2,5%. Табло збільшення інфляції буде впливати на країну""}, {""bbox"": [110, 830, 1514, 975], ""type"": ""handwritten"", ""text"": ""1,5%. Таблозбільшення інфляції буде впливати на ВВП""}, {""bbox"": [141, 868, 302, 933], ""type"": ""handwritten"", ""text"": ""країну""}, {""bbox"": [44, 945, 1610, 1092], ""type"": ""handwritten"", ""text"": ""5) Гранична схильність до споживання - це та частина доходу яку""}, {""bbox"": [88, 1038, 1509, 1183], ""type"": ""handwritten"", ""text"": ""C = ΔC / ΔY ми вираховуємо на споживання побіль на а""}, {""bbox"": [62, 1126, 355, 1207], ""type"": ""handwritten"", ""text"": ""IV Задача""}, {""bbox"": [1434, 1128, 1532, 1195], ""type"": ""annotation"", ""text"": ""+""}, {""bbox"": [57, 1192, 254, 1267], ""type"": ""handwritten"", ""text"": ""Дано:""}, {""bbox"": [467, 1228, 1005, 1302], ""type"": ""formula"", ""text"": ""C = 40 + 0,7 * 2500 = 1790""}, {""bbox"": [63, 1264, 357, 1346], ""type"": ""formula"", ""text"": ""C = 40 + 0,7y""}, {""bbox"": [487, 1294, 942, 1369], ""type"": ""formula"", ""text"": ""C' = 97 C' + S' = 1""}, {""bbox"": [70, 1336, 294, 1425], ""type"": ""formula"", ""text"": ""y = 250000""}, {""bbox"": [957, 1347, 1656, 1830], ""type"": ""graph"", ""text"": """"}, {""bbox"": [541, 1353, 876, 1428], ""type"": ""formula"", ""text"": ""S¹ = 1 - 0,7 = 0,3""}, {""bbox"": [501, 1419, 852, 1507], ""type"": ""formula"", ""text"": ""πS = -C₀ + S'Y""}, {""bbox"": [46, 1446, 190, 1523], ""type"": ""formula"", ""text"": ""S1 - ?""}, {""bbox"": [504, 1504, 1020, 1622], ""type"": ""formula"", ""text"": ""S = -40 + 0,3 * 2500 = 710""}, {""bbox"": [1282, 1855, 1409, 1958], ""type"": ""annotation"", ""text"": ""+""}]"
0414761c-70d3-48f4-ad2d-23b965d67685.jpg,"[{""bbox"": [39, 16, 942, 145], ""type"": ""formula"", ""text"": ""3. Cu → CuO → CuSO4 → [Cu(NH3)4]SO4""}, {""bbox"": [260, 108, 646, 215], ""type"": ""formula"", ""text"": ""→ Cu(NO3)2 → CuO""}, {""bbox"": [440, 201, 743, 264], ""type"": ""handwritten"", ""text"": ""Олександр Мед""}, {""bbox"": [69, 234, 400, 309], ""type"": ""formula"", ""text"": ""2Cu + O2 → 2CuO""}, {""bbox"": [45, 316, 445, 394], ""type"": ""handwritten"", ""text"": ""Реакція дислотою""}, {""bbox"": [36, 405, 657, 498], ""type"": ""formula"", ""text"": ""CuO + H2SO4 → CuSO4 + H2O OBP""}, {""bbox"": [802, 416, 1190, 797], ""type"": ""annotation"", ""text"": ""Тип реакція? Назва речовин? +15б.""}, {""bbox"": [39, 500, 549, 600], ""type"": ""handwritten"", ""text"": ""Комплект~~о~~утворення""}, {""bbox"": [38, 591, 714, 717], ""type"": ""formula"", ""text"": ""CuSO4 + 4NH3 → [Cu(NH3)4]SO4""}, {""bbox"": [34, 712, 478, 829], ""type"": ""formula"", ""text"": ""Cu → Cu(NO3)2 → CuO""}, {""bbox"": [35, 821, 824, 936], ""type"": ""formula"", ""text"": ""Cu + 4 HNO3 → Cu(NO3)2 + 2 NO2 + 2 H2O""}, {""bbox"": [16, 955, 685, 1086], ""type"": ""formula"", ""text"": ""2Cu(NO3)2 → 2CuO + 4NO2 + O2""}, {""bbox"": [43, 1088, 1443, 1192], ""type"": ""handwritten"", ""text"": ""5. Написати структурну формулу 2-метил-1-пентену та""}, {""bbox"": [1046, 1172, 1206, 1312], ""type"": ""annotation"", ""text"": ""+ 10 б.""}, {""bbox"": [69, 1174, 437, 1261], ""type"": ""handwritten"", ""text"": ""етилфенілсульфід""}, {""bbox"": [978, 1179, 1633, 1493], ""type"": ""annotation"", ""text"": ""тилформіат 00 - CH2 - CH3""}, {""bbox"": [1257, 1182, 1631, 1488], ""type"": ""annotation"", ""text"": ""H - C = O\nO - C2H5\nструктурні\nформи?""}, {""bbox"": [48, 1272, 485, 1338], ""type"": ""handwritten"", ""text"": ""2-метил-1-пентен""}, {""bbox"": [32, 1336, 624, 1439], ""type"": ""formula"", ""text"": ""C4H9 = CH - CH(CH3) - CH2 - CH3""}, {""bbox"": [927, 1340, 1281, 1421], ""type"": ""handwritten"", ""text"": ""етилорганичні""}, {""bbox"": [1284, 1390, 1328, 1432], ""type"": ""annotation"", ""text"": ""0""}, {""bbox"": [53, 1469, 1296, 1574], ""type"": ""handwritten"", ""text"": ""4. 1) 3 C2H2 → C6H6 - ацетилен - реакція тримеризації""}, {""bbox"": [122, 1569, 1326, 1676], ""type"": ""handwritten"", ""text"": ""2) C6H6 + HNO3 K2SO4 C6H5NO2 + H2O - бензол - нітрүвання""}, {""bbox"": [117, 1656, 1576, 1769], ""type"": ""handwritten"", ""text"": ""(в) C6H5CH3 → C6H5COOK ~~(ізопропіл~~{бензойна кислота} окисно-відновні)""}, {""bbox"": [111, 1749, 1511, 1848], ""type"": ""handwritten"", ""text"": ""4) C6H5COOH + NH3 → C6H5CONH2 + H2O - амід бензойної кислоти""}, {""bbox"": [981, 1821, 1341, 1901], ""type"": ""handwritten"", ""text"": ""Реакція конденсації""}, {""bbox"": [511, 1944, 755, 2126], ""type"": ""annotation"", ""text"": ""структури""}, {""bbox"": [1098, 1980, 1646, 2065], ""type"": ""handwritten"", ""text"": ""електродинамічне заміщення""}, {""bbox"": [841, 2029, 1020, 2149], ""type"": ""annotation"", ""text"": ""±20б.""}]"
02d9ea31-d60e-40b3-9197-6bbea1d816dc.jpg,"[{""bbox"": [19, 13, 1360, 78], ""type"": ""handwritten"", ""text"": ""Розгорнуто ковічки мініатюр в якості примінити""}, {""bbox"": [21, 78, 753, 144], ""type"": ""handwritten"", ""text"": ""свої повноваження у раді:""}, {""bbox"": [35, 140, 788, 211], ""type"": ""handwritten"", ""text"": ""1. Відставки Презідента міністра""}, {""bbox"": [20, 255, 1243, 347], ""type"": ""handwritten"", ""text"": ""3. Прийнятия Верховною Радою резолюції недовіри""}, {""bbox"": [48, 335, 1416, 428], ""type"": ""handwritten"", ""text"": ""Члени кабінету міністрів України не мають права""}, {""bbox"": [15, 407, 1528, 498], ""type"": ""handwritten"", ""text"": ""забезпечити іншою діяльністю крім скупчової. Вибачте,""}, {""bbox"": [19, 468, 1450, 565], ""type"": ""handwritten"", ""text"": ""є право залішитися під охороною, викладацькою, науковою""}, {""bbox"": [21, 526, 334, 595], ""type"": ""handwritten"", ""text"": ""діяльності.""}, {""bbox"": [42, 721, 208, 787], ""type"": ""handwritten"", ""text"": ""Маси:""}, {""bbox"": [29, 787, 151, 839], ""type"": ""handwritten"", ""text"": ""1. 4)""}, {""bbox"": [21, 843, 269, 900], ""type"": ""handwritten"", ""text"": ""2 2), 3), 4)""}, {""bbox"": [18, 895, 118, 948], ""type"": ""handwritten"", ""text"": ""3 3.)""}, {""bbox"": [16, 951, 123, 1005], ""type"": ""handwritten"", ""text"": ""4 г)""}, {""bbox"": [17, 1011, 118, 1070], ""type"": ""handwritten"", ""text"": ""5 3.)""}, {""bbox"": [12, 1077, 114, 1139], ""type"": ""handwritten"", ""text"": ""6.3)""}, {""bbox"": [13, 1146, 111, 1214], ""type"": ""handwritten"", ""text"": ""7. г)""}, {""bbox"": [15, 1218, 117, 1277], ""type"": ""handwritten"", ""text"": ""8 г)""}, {""bbox"": [8, 1348, 120, 1411], ""type"": ""handwritten"", ""text"": ""(0.2)""}]"
057f608d-67ad-42b4-b6bb-7cb75acb1317.jpg,"[{""bbox"": [99, 0, 1625, 86], ""type"": ""formula"", ""text"": ""162 = (16 + 1000000)/(y₁₅ - 3B₁) = (160000 + 100000) / (3500 - 2000) = 260000 / 1500 = 520 / 3""}, {""bbox"": [80, 79, 485, 147], ""type"": ""handwritten"", ""text"": ""= 173 г куфіску""}, {""bbox"": [35, 136, 1233, 234], ""type"": ""formula"", ""text"": ""3) A) Товар = 16000 / 3200 - 2000 = 16000 / 1200 = 133 (кгісля)""}, {""bbox"": [53, 238, 781, 321], ""type"": ""formula"", ""text"": ""б) Тв4 = 160000 / 1300 = 123""}, {""bbox"": [109, 307, 1108, 383], ""type"": ""handwritten"", ""text"": ""зм витрати на державу: 2000 * 1,10 = 2200""}, {""bbox"": [91, 374, 616, 438], ""type"": ""formula"", ""text"": ""3500 - 2200 = 1300""}, {""bbox"": [41, 402, 1576, 513], ""type"": ""handwritten"", ""text"": ""Зниження ціни або зростання змінних витрат негативно""}, {""bbox"": [24, 471, 1506, 601], ""type"": ""handwritten"", ""text"": ""впливають на ефективність - точка беззвітковості зростає.""}, {""bbox"": [1024, 712, 1338, 780], ""type"": ""annotation"", ""text"": ""12.06.2025""}]"
0bfb347f-9b53-4c8d-b971-e7ddc2fe4ea9.jpg,"[{""bbox"": [113, 186, 475, 211], ""type"": ""printed"", ""text"": ""ДЕННА ФОРМА НАВЧАННЯ""}, {""bbox"": [31, 229, 500, 307], ""type"": ""handwritten"", ""text"": ""Завдання 3-12.""}, {""bbox"": [40, 348, 168, 398], ""type"": ""handwritten"", ""text"": ""4 - 3""}, {""bbox"": [35, 406, 162, 459], ""type"": ""handwritten"", ""text"": ""5. - 2""}, {""bbox"": [27, 464, 156, 517], ""type"": ""handwritten"", ""text"": ""6 - 3""}, {""bbox"": [22, 590, 154, 646], ""type"": ""handwritten"", ""text"": ""8. - 1""}, {""bbox"": [14, 660, 148, 719], ""type"": ""handwritten"", ""text"": ""9. -1""}, {""bbox"": [9, 725, 147, 781], ""type"": ""formula"", ""text"": ""10 - 2""}, {""bbox"": [9, 786, 147, 839], ""type"": ""handwritten"", ""text"": ""11. -1""}, {""bbox"": [14, 853, 176, 913], ""type"": ""formula"", ""text"": ""12 - 2""}, {""bbox"": [17, 930, 1650, 1044], ""type"": ""handwritten"", ""text"": ""кою юнітція світового ринку товарів, а також""}, {""bbox"": [19, 951, 1642, 1098], ""type"": ""handwritten"", ""text"": ""кої культури світового ринку товарів, в та послуг""}, {""bbox"": [37, 1022, 1644, 1163], ""type"": ""handwritten"", ""text"": ""У певний момент часу, що характеризується""}, {""bbox"": [42, 1068, 1650, 1205], ""type"": ""handwritten"", ""text"": ""зрівномірне, обов'язково морфівні, насамперед мововід-""}, {""bbox"": [15, 1119, 1647, 1244], ""type"": ""handwritten"", ""text"": ""зрівномірний, обмежений морфологічними,""}, {""bbox"": [12, 1280, 465, 1359], ""type"": ""handwritten"", ""text"": ""Завдання 14.""}, {""bbox"": [14, 1295, 1524, 1409], ""type"": ""handwritten"", ""text"": ""1. Визначений часний розгону пануючого""}, {""bbox"": [12, 1378, 1523, 1472], ""type"": ""handwritten"", ""text"": ""медій в зростанні. 24/23""}, {""bbox"": [15, 1455, 1535, 1763], ""type"": ""table"", ""text"": ""Україна - ОЕСР | 1,2216 | 1,1995 | 1,223 | 1,1492\nУкраїна - не ОЕСР | 1,4126 | 1,4362 | 1,4454 | 1,4436\nУкраїна ЕС | 1,104 | 1,0288 | 1,0414 | 1,0443\nУкраїна світ | - | - | - | -""}, {""bbox"": [16, 1757, 1582, 1838], ""type"": ""handwritten"", ""text"": ""4. Дані порозміщені на пальці лінійки. Капрський глад.""}, {""bbox"": [18, 1786, 1616, 1908], ""type"": ""handwritten"", ""text"": ""країни - ОЕСР 24/23 - 46,3/64,4 = 1,1492 (у табл.)""}, {""bbox"": [21, 1952, 679, 2031], ""type"": ""formula"", ""text"": ""T = \\frac{m^2}{4} \\sqrt{F_1 \\cdot F_2 \\cdot F_3 ... \\cdot F_n}""}, {""bbox"": [27, 2029, 1474, 2119], ""type"": ""formula"", ""text"": ""1) Г = \\frac{4}{\\sqrt[4]{1,2216 \\cdot 1,1995 \\cdot 1,223 \\cdot 1,1492}} = 1,20569""}, {""bbox"": [21, 2130, 1518, 2220], ""type"": ""formula"", ""text"": ""2) Г = √[4]{1,4126 * 1,4362 * 1,4454 * 1,4436} = 1,59248""}, {""bbox"": [1476, 2226, 1557, 2299], ""type"": ""annotation"", ""text"": ""3""}]"
0836598e-1ee3-4093-ac54-71eeea855f7b.jpg,"[{""bbox"": [87, 237, 612, 451], ""type"": ""image"", ""text"": """"}, {""bbox"": [352, 506, 1167, 587], ""type"": ""handwritten"", ""text"": ""- Для доходів населення;""}, {""bbox"": [368, 586, 1205, 684], ""type"": ""formula"", ""text"": ""2019) K_{дох} = \\frac{124,2}{100} = 1,242""}, {""bbox"": [368, 586, 1205, 684], ""type"": ""handwritten"", ""text"": ""2019) KДОП = 124,2 / 100 = 1,242""}, {""bbox"": [364, 697, 1182, 792], ""type"": ""formula"", ""text"": ""2020: K_{дох} = \\frac{108,6}{124,2} \\approx 0,871""}, {""bbox"": [364, 697, 1182, 792], ""type"": ""handwritten"", ""text"": ""2020: K_{dax} = \\frac{108,6}{124,2} \\approx 0,871""}, {""bbox"": [373, 794, 1175, 896], ""type"": ""formula"", ""text"": ""2021: K_{дох} = \\frac{713,6}{108,6} = 1,046""}, {""bbox"": [362, 969, 1128, 1093], ""type"": ""formula"", ""text"": ""2023: Kдох = 109,4 / 106,2 ≈ 1,031""}, {""bbox"": [311, 1138, 1085, 1254], ""type"": ""formula"", ""text"": ""K_{вир} (2019) = \\frac{1,101}{1,242} \\approx 0,887""}, {""bbox"": [294, 1289, 1098, 1405], ""type"": ""formula"", ""text"": ""Квип (2020) = 1,090 / 0,874 ≈ 1,247""}, {""bbox"": [288, 1427, 1080, 1547], ""type"": ""formula"", ""text"": ""Квип (2021) = 0,993 / 1,046 ≈ 0,949""}, {""bbox"": [288, 1427, 1080, 1547], ""type"": ""handwritten"", ""text"": ""Квип (2021) = 0,993 / 1,046 ≈ 0,949""}, {""bbox"": [280, 1552, 1082, 1677], ""type"": ""formula"", ""text"": ""Квип (2022) = 7,053 / 0,935 ≈ 1,126""}, {""bbox"": [292, 1678, 1012, 1785], ""type"": ""formula"", ""text"": ""K_{вир} (2023) = \\frac{1,069}{1,037} \\approx 1,031""}, {""bbox"": [261, 2050, 1384, 2141], ""type"": ""handwritten"", ""text"": ""2^2 = 45 n - розмір вибірки""}, {""bbox"": [129, 2094, 239, 2149], ""type"": ""annotation"", ""text"": ""8.21""}, {""bbox"": [342, 2154, 608, 2221], ""type"": ""formula"", ""text"": ""Д ≤ 2,2""}, {""bbox"": [325, 2210, 868, 2295], ""type"": ""formula"", ""text"": ""P = 0,95, T = 1,96""}, {""bbox"": [275, 2286, 1640, 2438], ""type"": ""formula"", ""text"": ""n = \\frac{p^2 \\cdot \\bar{v}^2}{s^2} = \\frac{1,96^2 \\cdot 45}{2,2^2} \\approx 35,7""}, {""bbox"": [241, 2444, 1640, 2541], ""type"": ""handwritten"", ""text"": ""Отже, для обмежування необхідно відібрати""}, {""bbox"": [464, 2540, 733, 2603], ""type"": ""handwritten"", ""text"": ""35 купюр""}, {""bbox"": [145, 2665, 755, 2744], ""type"": ""handwritten"", ""text"": ""24 грудня 2025 року""}]"
736e2ec6-97ae-4524-8c06-3a1165b7e00b.jpg,"[{""bbox"": [46, 0, 1399, 100], ""type"": ""handwritten"", ""text"": ""4. CaCl2 + 2AgNO3 → Ca(NO3)2 + 2AgCl""}, {""bbox"": [19, 210, 1611, 309], ""type"": ""handwritten"", ""text"": ""4. Здібність перетворю: етенілен -> етанол -> оцтово""}, {""bbox"": [15, 295, 1605, 413], ""type"": ""handwritten"", ""text"": ""кислота -> хлористий ацетил -> ангідррид оцтювної""}, {""bbox"": [12, 360, 282, 428], ""type"": ""handwritten"", ""text"": ""глиокс.""}, {""bbox"": [40, 446, 671, 529], ""type"": ""handwritten"", ""text"": ""1) вини - етанол.""}, {""bbox"": [1347, 464, 1503, 589], ""type"": ""annotation"", ""text"": ""+2б б""}, {""bbox"": [113, 541, 882, 629], ""type"": ""formula"", ""text"": ""C2H4 + H2O → C2H5OH""}, {""bbox"": [1078, 588, 1414, 798], ""type"": ""annotation"", ""text"": ""СН3-С=Он структурні формули!""}, {""bbox"": [37, 618, 879, 703], ""type"": ""handwritten"", ""text"": ""2) станом -> озвучене помилко.""}, {""bbox"": [89, 692, 1049, 774], ""type"": ""formula"", ""text"": ""C2H5OH + O2 -> CH3COOH + H2O.""}, {""bbox"": [31, 773, 1189, 864], ""type"": ""handwritten"", ""text"": ""3) Оцтова кислота - якорний ацетат.""}, {""bbox"": [98, 857, 1353, 934], ""type"": ""handwritten"", ""text"": ""CH3COOH + PCl5 -> CH3COCl + POCl3 + HCl""}, {""bbox"": [98, 857, 1353, 934], ""type"": ""formula"", ""text"": ""CH3COOH + NaCl -> CH3COCl + NaCl + HCl""}, {""bbox"": [814, 922, 1025, 973], ""type"": ""handwritten"", ""text"": ""ангідрід""}, {""bbox"": [28, 933, 1463, 1023], ""type"": ""handwritten"", ""text"": ""4) Морський сухим → ~~андріген~~{андріген} суховій пилочку""}, {""bbox"": [42, 1016, 1506, 1108], ""type"": ""handwritten"", ""text"": ""2 CH3COOH + Na2CO3 -> (CH3COO)2Na + 2 NaCl + CO2""}, {""bbox"": [42, 1016, 1506, 1108], ""type"": ""formula"", ""text"": ""2 CH3COOH + Na2CO3 -> (CH3COO)2Na + 2 NaCl + CO2""}, {""bbox"": [42, 1107, 1639, 1194], ""type"": ""handwritten"", ""text"": ""5. Напишіть структурні формули молекулярної маси""}, {""bbox"": [848, 1178, 1386, 1656], ""type"": ""annotation"", ""text"": ""CH3-CH-CH3?""}, {""bbox"": [29, 1205, 869, 1299], ""type"": ""handwritten"", ""text"": ""та 2,4,6-трибромфенолу.""}, {""bbox"": [1395, 1247, 1546, 1390], ""type"": ""annotation"", ""text"": ""+ 15 б.""}, {""bbox"": [100, 1306, 649, 1381], ""type"": ""handwritten"", ""text"": ""Молочна кислота""}, {""bbox"": [871, 1373, 1127, 1652], ""type"": ""annotation"", ""text"": ""B2  B2  B2""}, {""bbox"": [122, 1375, 829, 1455], ""type"": ""formula"", ""text"": ""CH3 - CH (OH) - COOH.""}, {""bbox"": [1142, 1390, 1387, 1604], ""type"": ""annotation"", ""text"": ""структурно-місців?""}, {""bbox"": [125, 1463, 848, 1548], ""type"": ""handwritten"", ""text"": ""2, 4, 6 - трибромфенол""}, {""bbox"": [40, 1639, 1572, 1735], ""type"": ""handwritten"", ""text"": ""(гідрогенова група в положенні 1, атоми Br - у""}, {""bbox"": [53, 1721, 642, 1825], ""type"": ""handwritten"", ""text"": ""показники 2, 4, 6.""}]"
1a7d3f8a-9f10-4918-a768-9b5c04caf859.jpg,"[{""bbox"": [30, 0, 1621, 71], ""type"": ""handwritten"", ""text"": ""2) дезінтоціфікація - це здатність особи нести юридичну відповідаль-""}, {""bbox"": [58, 45, 1227, 139], ""type"": ""handwritten"", ""text"": ""нить до секонду, запобіжну її протичарними діями.""}, {""bbox"": [14, 143, 327, 245], ""type"": ""handwritten"", ""text"": ""Завдання 5.""}, {""bbox"": [354, 145, 512, 225], ""type"": ""annotation"", ""text"": ""(+30)""}, {""bbox"": [30, 232, 195, 291], ""type"": ""handwritten"", ""text"": ""Дано:""}, {""bbox"": [16, 548, 251, 643], ""type"": ""handwritten"", ""text"": ""формули:""}, {""bbox"": [22, 592, 785, 701], ""type"": ""handwritten"", ""text"": ""Експортна квота - ~~експорт~~{вВП} 108%""}, {""bbox"": [12, 679, 693, 768], ""type"": ""handwritten"", ""text"": ""Генерічна квота - ~~(1500/1500)~~{1500} * 100%""}, {""bbox"": [12, 760, 971, 868], ""type"": ""handwritten"", ""text"": ""зовн. торг. оборот - (експорт + імпорт) / 100%""}, {""bbox"": [1078, 771, 1379, 878], ""type"": ""handwritten"", ""text"": ""Альб. кора:""}, {""bbox"": [21, 870, 227, 951], ""type"": ""handwritten"", ""text"": ""Дано:""}, {""bbox"": [1060, 875, 1631, 982], ""type"": ""formula"", ""text"": ""EK = 660 / 1750 * 100% = 37,7%""}, {""bbox"": [18, 935, 877, 1066], ""type"": ""formula"", ""text"": ""Ен = 400 / 4300 * 100% ~~= 9,30 (10%)~~""}, {""bbox"": [998, 987, 1625, 1092], ""type"": ""formula"", ""text"": ""1% = 600 / 1750 * 100% = 34, 86%""}, {""bbox"": [14, 1056, 759, 1165], ""type"": ""formula"", ""text"": ""1k = ~~80~~{810} \\frac{810}{4300} \\cdot 100\\% \\approx 18,84\\%""}, {""bbox"": [979, 1087, 1619, 1188], ""type"": ""formula"", ""text"": ""TNK = \\frac{1340}{1750} \\cdot 100\\% = 76,57\\%""}, {""bbox"": [9, 1159, 668, 1267], ""type"": ""formula"", ""text"": ""ЗТК = 1510 / 4300 * 100% = 35,2%""}, {""bbox"": [244, 1267, 299, 1337], ""type"": ""annotation"", ""text"": ""+""}, {""bbox"": [18, 1274, 233, 1345], ""type"": ""handwritten"", ""text"": ""Кетай:""}, {""bbox"": [15, 1322, 638, 1428], ""type"": ""formula"", ""text"": ""ЕК = 3400 / 18000 * 100% = 19,89%""}, {""bbox"": [13, 1419, 716, 1528], ""type"": ""formula"", ""text"": ""1k = 2600/1900 * 100% = 13,69%""}, {""bbox"": [13, 1419, 716, 1528], ""type"": ""handwritten"", ""text"": ""1% = 19000 - 100% = 14,44%""}, {""bbox"": [13, 1514, 806, 1627], ""type"": ""handwritten"", ""text"": ""ЗПК = 6000 / 18000 * 100% = 33,33%""}, {""bbox"": [13, 1514, 806, 1627], ""type"": ""formula"", ""text"": ""ЗПК = 6000 / 18000 * 100% = 33,33%""}, {""bbox"": [10, 1613, 1576, 1753], ""type"": ""handwritten"", ""text"": ""Відгулок:""}, {""bbox"": [20, 1628, 267, 1709], ""type"": ""handwritten"", ""text"": ""Надсилати:""}, {""bbox"": [15, 1683, 1606, 1890], ""type"": ""handwritten"", ""text"": ""торгівці - як спортсмен так, наприклад, перевищує 30%, а звідкисо""}, {""bbox"": [18, 1789, 1648, 2008], ""type"": ""handwritten"", ""text"": ""у межах 15-30% і трохи вище.""}, {""bbox"": [22, 1812, 300, 1887], ""type"": ""handwritten"", ""text"": ""всего 60%.""}, {""bbox"": [18, 1884, 1594, 2042], ""type"": ""handwritten"", ""text"": ""вистати менше середньої енергійну квоту, але нещоду імпортну, що вказує на сильний""}, {""bbox"": [16, 1939, 1571, 2091], ""type"": ""handwritten"", ""text"": ""експортний сектор та відносну безпеку""}, {""bbox"": [793, 2052, 1081, 2158], ""type"": ""annotation"", ""text"": ""(92 (А) А""}, {""bbox"": [571, 2265, 825, 2330], ""type"": ""annotation"", ""text"": ""16.06.25""}]"
bcbfd26a-8581-46fd-bfd3-a98d895bc597.jpg,"[{""bbox"": [73, 90, 496, 250], ""type"": ""formula"", ""text"": ""20. ∫₁² dx / (1 - 2x)²""}, {""bbox"": [155, 269, 1274, 441], ""type"": ""formula"", ""text"": ""\\int_{1}^{2} \\frac{dx}{(1 - 2x)^3} = \\int_{-1}^{-3} \\frac{-\\frac{1}{2} du}{u^3} = -\\frac{1}{2} \\int_{-1}^{-3} u^{-3} du""}, {""bbox"": [142, 470, 1101, 624], ""type"": ""formula"", ""text"": ""\\int u^{-5} du = \\frac{u^{-5+1}}{-5+1} + C = \\frac{u^{-4}}{-4} + C = -\\frac{1}{4u^4} + C""}, {""bbox"": [108, 611, 1230, 762], ""type"": ""formula"", ""text"": ""-1/2 ∫₁⁻³ u⁻³ du = 1/2 [-1/2u²]⁻³₋₁ = 1/4 [-1/u²]⁻³₋₁""}, {""bbox"": [111, 749, 1340, 903], ""type"": ""formula"", ""text"": ""\\frac{1}{4}(\\frac{1}{(-5)^2} - \\frac{1}{(-1)^2}) = \\frac{1}{4}(\\frac{1}{9} - \\frac{1}{1}) = \\frac{1}{4}(\\frac{1 - 9}{9}) = \\frac{1}{4}(\\frac{-8}{9})""}, {""bbox"": [149, 897, 740, 1031], ""type"": ""formula"", ""text"": ""1/4(-8/9) = -8/36 = -2/9""}, {""bbox"": [164, 1141, 1331, 1231], ""type"": ""handwritten"", ""text"": ""Розкласти на множники числельник і знаменник.""}, {""bbox"": [53, 1209, 738, 1399], ""type"": ""formula"", ""text"": ""22. \\lim_{n \\to \\infty} \\frac{(n+1)(n^2-2n+3)}{2n^2+n+1}""}, {""bbox"": [841, 1254, 1831, 1363], ""type"": ""handwritten"", ""text"": ""(n + 1)(n^2 - 2n + 3) = n(n^2 - 2n + 3) + 1(n^2 - 2n + 3) =""}, {""bbox"": [857, 1351, 1748, 1424], ""type"": ""formula"", ""text"": ""= 15 - 212 + 51 + 12 - 21 + 3 = 15 - 12 + 1 + 3""}, {""bbox"": [105, 1415, 1828, 1588], ""type"": ""handwritten"", ""text"": ""lim n->0 (n^3 - n^2 + n + 3) / (2n^2 + n + 1) Оскільки степінь чисельника більший за степінь""}, {""bbox"": [117, 1419, 549, 1568], ""type"": ""formula"", ""text"": ""\\lim_{h \\to 0} \\frac{h^3 - h^2 + h + 3}{2h^2 + h + 1}""}, {""bbox"": [673, 1539, 1959, 1622], ""type"": ""handwritten"", ""text"": ""Знаменника, границя при x → ∞ рівна до нескінченності.""}, {""bbox"": [47, 1601, 546, 1710], ""type"": ""handwritten"", ""text"": ""23. Формули Крамера""}, {""bbox"": [135, 1689, 567, 1778], ""type"": ""handwritten"", ""text"": ""Матричний метод""}, {""bbox"": [117, 1753, 494, 1830], ""type"": ""handwritten"", ""text"": ""Метод Гауса.""}, {""bbox"": [42, 1877, 983, 2011], ""type"": ""formula"", ""text"": ""24. f(x) = \\frac{\\ln x}{1 + x} \\quad (\\frac{u}{v})' = \\frac{u'v - uv'}{v^2}""}, {""bbox"": [146, 2004, 526, 2106], ""type"": ""formula"", ""text"": ""u' = (ln x)' = 1/x""}, {""bbox"": [681, 2072, 1371, 2269], ""type"": ""formula"", ""text"": ""f'(x) = \\frac{(\\frac{1}{x})(1 + x^2) - (\\ln x)(2x)}{(1 + x^2)^2}""}, {""bbox"": [139, 2098, 563, 2184], ""type"": ""formula"", ""text"": ""v' = (1 + x^2)' = 2x""}, {""bbox"": [739, 2258, 1201, 2414], ""type"": ""formula"", ""text"": ""f'(x) = \\frac{1 + x^2 - 2x \\ln x}{x} / (1 + x^2)^2""}, {""bbox"": [790, 2423, 1312, 2562], ""type"": ""formula"", ""text"": ""f'(x) = \\frac{1 + x^2 - 2x^2 \\ln x}{x(1 + x^2)^2}""}]"
42561928-976b-4afd-8b5d-dbb9bdf5353d.jpg,"[{""bbox"": [1807, 44, 3284, 765], ""type"": ""formula"", ""text"": ""\\begin{pmatrix} 2 & 1 & -3 & | & -4 \\\\ 1 & -2 & 1 & | & 3 \\\\ 4 & -5 & -1 & | & 2 \\end{pmatrix}""}, {""bbox"": [228, 561, 1512, 1035], ""type"": ""formula"", ""text"": ""4x - 5y - 2 = 1""}, {""bbox"": [171, 1086, 640, 1308], ""type"": ""formula"", ""text"": ""Δ = 10""}, {""bbox"": [138, 1341, 689, 1575], ""type"": ""formula"", ""text"": ""Δx = 10""}, {""bbox"": [135, 1589, 684, 1921], ""type"": ""formula"", ""text"": ""Δy = 0""}, {""bbox"": [129, 1922, 817, 2177], ""type"": ""formula"", ""text"": ""Δz = 20""}, {""bbox"": [101, 2236, 902, 2577], ""type"": ""formula"", ""text"": ""X = 10/10 = 1""}, {""bbox"": [99, 2591, 905, 2919], ""type"": ""formula"", ""text"": ""y = 0/10 = 0""}, {""bbox"": [78, 2907, 966, 3243], ""type"": ""formula"", ""text"": ""z = 20 / 10 = 2""}, {""bbox"": [1349, 2948, 2527, 3280], ""type"": ""formula"", ""text"": ""Big-дб: (1; 0; 2)""}, {""bbox"": [106, 3419, 1866, 3705], ""type"": ""formula"", ""text"": ""39. MR = 500 - 0,2 Q""}, {""bbox"": [532, 3724, 2835, 4035], ""type"": ""formula"", ""text"": ""R(Q) = ∫ MR dQ = 500Q - 0,1Q^2 + C""}, {""bbox"": [414, 4060, 2436, 4416], ""type"": ""formula"", ""text"": ""AR(Q) = R(Q)/Q = 500 - 0,1Q""}, {""bbox"": [439, 4407, 2277, 4641], ""type"": ""formula"", ""text"": ""AR (300) = 500 - 30 = 470""}, {""bbox"": [112, 4782, 2560, 5094], ""type"": ""formula"", ""text"": ""40. MC = 0,003 Q^2 - 0,06 Q 4000""}, {""bbox"": [458, 5110, 2510, 5455], ""type"": ""formula"", ""text"": ""Q = 100 Q = 110 ∫_{100}^{110} McdQ""}, {""bbox"": [272, 5465, 3287, 5827], ""type"": ""formula"", ""text"": ""Sum dQ = 0,003 Q^3 / 3 - 0,06 Q^2 / 2 = 0,001 Q^3 - 0,03 Q^2""}, {""bbox"": [345, 5889, 3612, 6188], ""type"": ""formula"", ""text"": ""Q = 110 => 0,001 - 110^3 - 0,02 * 110^2 = 1331 - 363 = 968""}, {""bbox"": [324, 6159, 3609, 6437], ""type"": ""formula"", ""text"": ""Q = 110 => 0,001 * 110^3 - 0,03 * 110^2 = 1000 - 300 = 700""}, {""bbox"": [1250, 6508, 2304, 6713], ""type"": ""formula"", ""text"": ""968 - 700 = 268.""}, {""bbox"": [62, 6783, 1437, 7316], ""type"": ""formula"", ""text"": ""41. { 3x - 2y = 5 \\ 4x + y = 3""}, {""bbox"": [1870, 6817, 2710, 7238], ""type"": ""formula"", ""text"": ""| 3 -2 | 5 |""}, {""bbox"": [221, 7317, 732, 7536], ""type"": ""formula"", ""text"": ""Δ = 11""}, {""bbox"": [223, 7528, 727, 7750], ""type"": ""formula"", ""text"": ""Δx = 11""}, {""bbox"": [205, 7757, 805, 8071], ""type"": ""formula"", ""text"": ""Δy = -11""}, {""bbox"": [25, 8187, 176, 8389], ""type"": ""handwritten"", ""text"": ""4.""}]"
f42fd8d9-a3a6-477b-8c86-5046ebcf9504.jpg,"[{""bbox"": [14, 19, 1460, 179], ""type"": ""formula"", ""text"": ""77/7,0 + 64/8,0 + 81/9,0 = 11 + 8 + 9 = 28 - 11.776 продавців""}, {""bbox"": [14, 187, 783, 326], ""type"": ""formula"", ""text"": ""x = 222 / 28 = 7,93 тис.гр.""}, {""bbox"": [6, 341, 434, 455], ""type"": ""handwritten"", ""text"": ""Завдання 6.25""}, {""bbox"": [5, 461, 1709, 701], ""type"": ""table"", ""text"": ""Р.н | 2011 | 2018 | 2019 | 2020 | 2021 | 2021\nМусо і мусо прод. | 80 | 33 | 31 | 29 | 27 | 21""}, {""bbox"": [31, 738, 467, 816], ""type"": ""formula"", ""text"": ""b_1 = 31 - 33 = -2""}, {""bbox"": [25, 821, 442, 895], ""type"": ""formula"", ""text"": ""Δ2 = 29 - 31 = -2""}, {""bbox"": [23, 913, 435, 991], ""type"": ""formula"", ""text"": ""Δ3 = 27 - 29 = -2""}, {""bbox"": [20, 967, 1920, 1080], ""type"": ""handwritten"", ""text"": ""Отже, споживання сталільно падає на 2 одиниці щороку""}, {""bbox"": [24, 1078, 1167, 1186], ""type"": ""handwritten"", ""text"": ""метод екстраполяції для 2024 року:""}, {""bbox"": [35, 1191, 336, 1275], ""type"": ""handwritten"", ""text"": ""n = 3 роки""}, {""bbox"": [32, 1251, 1548, 1364], ""type"": ""formula"", ""text"": ""y_{2021} = y_{2021} + (Δ · n) = 27 + (-2 · 3) = 27 - 6 = 21 Нг""}, {""bbox"": [33, 1335, 1923, 1487], ""type"": ""handwritten"", ""text"": ""Відповідь: у 2024 р. пересічний українець буде спо-""}, {""bbox"": [73, 1456, 873, 1562], ""type"": ""handwritten"", ""text"": ""животи як ні міся""}, {""bbox"": [37, 1583, 486, 1683], ""type"": ""handwritten"", ""text"": ""Завдання 1.25""}, {""bbox"": [57, 1693, 1893, 1788], ""type"": ""handwritten"", ""text"": ""I_p = 1,074 (зростання на 7,4%) - індекс вартості за рах. цін.""}, {""bbox"": [68, 1796, 1915, 1895], ""type"": ""handwritten"", ""text"": ""Fr = 1,202 (зростання на 2,2%) - індикс середньої ціни""}, {""bbox"": [53, 1897, 548, 2002], ""type"": ""formula"", ""text"": ""I_p = I_p * I_{cmp}.""}, {""bbox"": [53, 2005, 991, 2159], ""type"": ""formula"", ""text"": ""І сір = \\frac{\\Delta \\bar{p}}{\\Delta p} = \\frac{1,202}{1,074} \\approx 1,1192""}, {""bbox"": [50, 2146, 1931, 2261], ""type"": ""handwritten"", ""text"": ""Києновок: за рахунок інфляційних зрушень вартість""}, {""bbox"": [56, 2239, 850, 2326], ""type"": ""handwritten"", ""text"": ""анції зросла на 11,92%""}, {""bbox"": [47, 2315, 539, 2409], ""type"": ""handwritten"", ""text"": ""Завдання 8.25""}, {""bbox"": [62, 2418, 295, 2472], ""type"": ""formula"", ""text"": ""n = 500""}, {""bbox"": [63, 2475, 315, 2536], ""type"": ""formula"", ""text"": ""N = 6500""}, {""bbox"": [67, 2549, 459, 2620], ""type"": ""formula"", ""text"": ""x̄ = 1200 год""}, {""bbox"": [64, 2620, 386, 2680], ""type"": ""formula"", ""text"": ""a = 10 год.""}, {""bbox"": [58, 2679, 200, 2748], ""type"": ""formula"", ""text"": ""t = 3""}]"
266c3214-adc6-4caa-95cb-dca7eea5c6bd.jpg,"[{""bbox"": [4831, 12, 5032, 206], ""type"": ""annotation"", ""text"": ""5)""}, {""bbox"": [0, 250, 3237, 806], ""type"": ""formula"", ""text"": ""( 1 2 ) - ( -3 -1 ) = C12 = 2 - (-1) = 3""}, {""bbox"": [3548, 311, 5046, 950], ""type"": ""image"", ""text"": """"}, {""bbox"": [1, 837, 3438, 1395], ""type"": ""formula"", ""text"": ""7. b_{12} \\begin{pmatrix} 1 & 2 \\\\ -1 & 3 \\end{pmatrix} + \\begin{pmatrix} -3 & -1 \\\\ 1 & -2 \\end{pmatrix} = b_{12} = 2 + (-1) = 1""}, {""bbox"": [3, 1630, 4559, 1973], ""type"": ""formula"", ""text"": ""2. f(x) = (2x^3 - 3)(x + 5) = f'(x) = 6x^2 * x + 5 + 2x^3 - 3 * 1 =""}, {""bbox"": [2, 2259, 3037, 2603], ""type"": ""formula"", ""text"": ""f'(1) = 8 * 1^3 + 30 * 1^2 - 3 = 8 + 30 - 3 = 35.""}, {""bbox"": [53, 2899, 3812, 3876], ""type"": ""formula"", ""text"": ""M_{33} = \\begin{vmatrix} 3 & 2 \\\\ 2 & -1 \\end{vmatrix} = 3 \\cdot (-1) - 2 \\cdot 2 = -7""}, {""bbox"": [0, 3944, 651, 4173], ""type"": ""handwritten"", ""text"": ""30. 3 x 2""}, {""bbox"": [0, 4212, 3100, 4563], ""type"": ""handwritten"", ""text"": ""31. Погашення множення двох рядків""}, {""bbox"": [1269, 5208, 4714, 5561], ""type"": ""formula"", ""text"": ""2) Ima A = 2 * 100 = 200 { 200 + 300 = 500""}, {""bbox"": [51, 5633, 1229, 5890], ""type"": ""formula"", ""text"": ""A = 100 B = 60""}, {""bbox"": [0, 6017, 501, 6238], ""type"": ""handwritten"", ""text"": ""33. - 2""}, {""bbox"": [10, 6147, 5306, 6594], ""type"": ""formula"", ""text"": ""34. A_{12} = (-1)^{1+2} \\cdot M_{12} = (-1)^3 \\cdot \\begin{vmatrix} 2 & -2 \\\\ 4 & 1 \\end{vmatrix} = 2 \\cdot 1 - (-2) \\cdot 4 = (-1)^3 \\cdot 10 = -10""}, {""bbox"": [36, 6650, 1154, 6936], ""type"": ""handwritten"", ""text"": ""35. 0 (нулю)""}, {""bbox"": [36, 6650, 1154, 6936], ""type"": ""annotation"", ""text"": ""35. 0 (нулю)""}, {""bbox"": [37, 6980, 254, 7148], ""type"": ""handwritten"", ""text"": ""36.""}, {""bbox"": [108, 7139, 1760, 7805], ""type"": ""formula"", ""text"": ""A = \\begin{pmatrix} 1 & -2 & -1 \\\\ 0 & 3 & 1 \\\\ 0 & 0 & 5 \\end{pmatrix} r(A) = 3""}]"
d6b2b7b5-6e5f-4894-bb41-9e04b2e83004.jpg,"[{""bbox"": [139, 82, 584, 261], ""type"": ""image"", ""text"": """"}, {""bbox"": [979, 115, 1337, 401], ""type"": ""annotation"", ""text"": ""тип реакцій?""}, {""bbox"": [54, 147, 166, 415], ""type"": ""annotation"", ""text"": ""10б""}, {""bbox"": [141, 309, 1105, 437], ""type"": ""formula"", ""text"": ""2. ZnO + 2HCl → ZnCl2 + H2O""}, {""bbox"": [130, 401, 1633, 557], ""type"": ""handwritten"", ""text"": ""(аглотно - особна реакція (нейтралізація оксиду""}, {""bbox"": [81, 510, 395, 579], ""type"": ""handwritten"", ""text"": ""(чистотою).""}, {""bbox"": [83, 601, 1247, 724], ""type"": ""formula"", ""text"": ""3. ZnCl₂ + 2NaOH → Zn(OH)₂↓ + 2NaCl.""}, {""bbox"": [1334, 640, 1540, 785], ""type"": ""annotation"", ""text"": ""±18 б""}, {""bbox"": [92, 699, 1297, 828], ""type"": ""handwritten"", ""text"": ""Подвійний обмін із утворенням осаду -""}, {""bbox"": [96, 815, 1192, 942], ""type"": ""formula"", ""text"": ""a. Zn(OH)2 + 2 KOH → K2[ Zn(OH)4 ]""}, {""bbox"": [94, 928, 1306, 1079], ""type"": ""formula"", ""text"": ""5. Zn(OH)2 + 2 HNO3 → Zn(NO3)2 + 2 H2O""}, {""bbox"": [38, 1109, 1563, 1234], ""type"": ""handwritten"", ""text"": ""4. Здійснити перетворення: ацетилен → оцтова""}, {""bbox"": [19, 1209, 1600, 1332], ""type"": ""handwritten"", ""text"": ""кислота → хлористий ацетил → ангідрид оцтової""}, {""bbox"": [17, 1293, 714, 1372], ""type"": ""handwritten"", ""text"": ""кислоти → етилацетат.""}, {""bbox"": [1209, 1345, 1503, 1600], ""type"": ""annotation"", ""text"": ""атрибуції""}, {""bbox"": [1197, 1351, 1602, 1748], ""type"": ""annotation"", ""text"": ""прямокутний\nпр-м?""}, {""bbox"": [16, 1392, 1215, 1529], ""type"": ""formula"", ""text"": ""2. C2H2 + CO + H2O → CH3COCl + SO2 + HO""}, {""bbox"": [27, 1488, 874, 1601], ""type"": ""formula"", ""text"": ""1. C2H2 + CO + H2O → CH3COOH""}, {""bbox"": [55, 1576, 1341, 1731], ""type"": ""formula"", ""text"": ""2. CH3COOH + SOCl2 → CH3COCl + SO2 + HO""}, {""bbox"": [45, 1661, 1204, 1819], ""type"": ""formula"", ""text"": ""3. CH3COCl + CH3COOH → (CH3CO)2O + HCl""}, {""bbox"": [1246, 1688, 1614, 1925], ""type"": ""annotation"", ""text"": ""CH3 - C = O - C2H5""}, {""bbox"": [54, 1762, 1212, 1917], ""type"": ""formula"", ""text"": ""4. (CH3CO)2O + C2H5OH → CH3COOC2H5 + O""}, {""bbox"": [50, 1921, 1589, 2049], ""type"": ""handwritten"", ""text"": ""5. Напишіть структурні формули 2-бром-3-""}, {""bbox"": [10, 2013, 1445, 2141], ""type"": ""handwritten"", ""text"": ""метилпентану та в тетрабутилу бромистого.""}]"
d1d018f2-566b-49a4-b2e2-de017047a509.jpg,"[{""bbox"": [18, 0, 1618, 70], ""type"": ""handwritten"", ""text"": ""всі сиречі та інші процеси дії, проведення яких необхідне""}, {""bbox"": [21, 50, 1634, 128], ""type"": ""handwritten"", ""text"": ""та людське, а також всі дії для здійснення розслідування""}, {""bbox"": [22, 114, 1630, 196], ""type"": ""handwritten"", ""text"": ""необхідно у зв'язку з обстав. , передбач. пунктами й част. першої""}, {""bbox"": [42, 321, 1580, 435], ""type"": ""handwritten"", ""text"": ""2. Слідчий здійснює правоохоронні дії, так як відповідно""}, {""bbox"": [40, 403, 1624, 519], ""type"": ""handwritten"", ""text"": ""90 ст. 237 част. 5 - при проведені огляду дозволяється вилуче-""}, {""bbox"": [46, 480, 1620, 624], ""type"": ""handwritten"", ""text"": ""ним менше речей і документів, які мають значення для""}, {""bbox"": [37, 540, 1624, 686], ""type"": ""handwritten"", ""text"": ""Кримін. провадження та речіб (виправлення з обігу (наказана""}, {""bbox"": [36, 600, 1633, 767], ""type"": ""handwritten"", ""text"": ""мав значення до кабінету в плану був облік). Ці вимірні""}, {""bbox"": [39, 667, 1656, 817], ""type"": ""handwritten"", ""text"": ""речі є документи підлягають негайному огляду і оплачуванню""}, {""bbox"": [45, 738, 1652, 911], ""type"": ""handwritten"", ""text"": ""із завершенням підписаним осіб, які брали участь у проведе-""}, {""bbox"": [40, 876, 348, 950], ""type"": ""handwritten"", ""text"": ""тні омежу.""}, {""bbox"": [56, 891, 1614, 1029], ""type"": ""handwritten"", ""text"": ""Також відповідно до ст 836 част 3 (п. 2) - слідчий, прокурор маю""}, {""bbox"": [53, 989, 1624, 1096], ""type"": ""handwritten"", ""text"": ""право заборонити будь-які особі залишити місце обігу до його""}, {""bbox"": [57, 1067, 1645, 1158], ""type"": ""handwritten"", ""text"": ""закінчення та вчинення будь-які дії, що заважають проведе-""}, {""bbox"": [56, 1145, 1562, 1230], ""type"": ""handwritten"", ""text"": ""нню обміну. Невелика, цю всесвіт тягне за собою передбач.""}, {""bbox"": [62, 1219, 257, 1301], ""type"": ""handwritten"", ""text"": ""відповід.""}, {""bbox"": [126, 1425, 284, 1483], ""type"": ""handwritten"", ""text"": ""3.1 - А""}, {""bbox"": [123, 1484, 273, 1537], ""type"": ""handwritten"", ""text"": ""3. a - A""}, {""bbox"": [120, 1531, 274, 1588], ""type"": ""handwritten"", ""text"": ""3.3 - A""}, {""bbox"": [123, 1626, 285, 1686], ""type"": ""handwritten"", ""text"": ""3.5. Б""}, {""bbox"": [123, 1626, 285, 1686], ""type"": ""formula"", ""text"": ""3.5. б""}, {""bbox"": [90, 1851, 354, 1921], ""type"": ""annotation"", ""text"": ""24.06.25""}]"
8772d631-a32a-4004-b46b-64fec1300d83.jpg,"[{""bbox"": [43, 19, 1581, 116], ""type"": ""handwritten"", ""text"": ""Європейський Зелений курс - ця стратегія ЄС, спрямована на""}, {""bbox"": [37, 111, 1601, 215], ""type"": ""handwritten"", ""text"": ""дослідження кліматичної нейтральності до 2050 р. Основними ціля""}, {""bbox"": [23, 206, 837, 296], ""type"": ""handwritten"", ""text"": ""та загострення Зеленого курсу є:""}, {""bbox"": [56, 291, 1647, 430], ""type"": ""handwritten"", ""text"": ""- Зниження викидів CO2 (до 2030 р. планується скоротити викиди""}, {""bbox"": [132, 396, 670, 482], ""type"": ""handwritten"", ""text"": ""на 55% пор. з 1980 р.)""}, {""bbox"": [47, 475, 1642, 616], ""type"": ""handwritten"", ""text"": ""- перехід на відновлювану енергетичну (сонячна, вітрова та водяна)""}, {""bbox"": [48, 558, 1638, 691], ""type"": ""handwritten"", ""text"": ""- енергоефективність будівель (модернізація житла для екон. спож)""}, {""bbox"": [49, 605, 1645, 767], ""type"": ""handwritten"", ""text"": ""- циркулярна економіка (повторне використання та переробка відходів""}, {""bbox"": [42, 710, 1167, 834], ""type"": ""handwritten"", ""text"": ""- збереження різноманітної тварин та рослин""}, {""bbox"": [35, 781, 1636, 931], ""type"": ""handwritten"", ""text"": ""- Just Transition (підтримка регіонів, які залежать від вугіль. промислі)""}, {""bbox"": [29, 867, 1624, 1027], ""type"": ""handwritten"", ""text"": ""Роль Зеленого курсу є також дуже важливою. Вона стимулює інно-""}, {""bbox"": [29, 949, 1613, 1110], ""type"": ""handwritten"", ""text"": ""важії в \""зелених технологіях\"", покращує якість людського життя та""}, {""bbox"": [27, 1053, 1624, 1201], ""type"": ""handwritten"", ""text"": ""впливає на гноблену політику, є узаконення інші країни до спільних""}, {""bbox"": [21, 1137, 659, 1238], ""type"": ""handwritten"", ""text"": ""діє проти зміни клімату.""}, {""bbox"": [15, 1223, 269, 1318], ""type"": ""handwritten"", ""text"": ""Завдання 2""}, {""bbox"": [1255, 1278, 1363, 1350], ""type"": ""annotation"", ""text"": ""20""}, {""bbox"": [27, 1312, 1597, 1415], ""type"": ""handwritten"", ""text"": ""Соціальний менеджмент - це система управління соц. процесами та""}, {""bbox"": [23, 1401, 1629, 1490], ""type"": ""handwritten"", ""text"": ""відносинами в організації з метою досягнення гармонії між економі""}, {""bbox"": [25, 1477, 1579, 1556], ""type"": ""handwritten"", ""text"": ""ченою ефективністю та соціальними потребами працівників. Оскільки""}, {""bbox"": [26, 1544, 1574, 1642], ""type"": ""handwritten"", ""text"": ""управління персоналом, керівництвом, трудові відносини, соціальні""}, {""bbox"": [31, 1625, 1530, 1718], ""type"": ""handwritten"", ""text"": ""гарантії, добробут працівників, економічну відповідальність точно.""}, {""bbox"": [23, 1693, 712, 1771], ""type"": ""handwritten"", ""text"": ""Цінним для менеджменту є:""}, {""bbox"": [31, 1762, 1368, 1839], ""type"": ""handwritten"", ""text"": ""- підвищення задоволеності працівників умовами праці""}, {""bbox"": [34, 1826, 1442, 1899], ""type"": ""handwritten"", ""text"": ""- гармонізація відносин між працівниками та керівництвом""}, {""bbox"": [33, 1890, 1047, 1962], ""type"": ""handwritten"", ""text"": ""- соціальна стабільність всередині компанії.""}, {""bbox"": [30, 1953, 1560, 2038], ""type"": ""handwritten"", ""text"": ""- формування позитивного іміджу компанії як соц. відповідального""}, {""bbox"": [1301, 2020, 1575, 2093], ""type"": ""handwritten"", ""text"": ""повторення.""}, {""bbox"": [19, 2063, 1498, 2192], ""type"": ""handwritten"", ""text"": ""- інтелігенція соц. групи у стратегіях управління підприємством""}, {""bbox"": [18, 2134, 1323, 2238], ""type"": ""handwritten"", ""text"": ""- підвищення мотивації та продуктивності праці""}, {""bbox"": [19, 2194, 1463, 2314], ""type"": ""handwritten"", ""text"": ""- соц. відповідальність перед суспільством, державою, екологією""}]"
733c1258-753a-5574-a8bd-1bed77aa09e4.jpg,"[{""bbox"": [1587, 0, 2812, 92], ""type"": ""handwritten"", ""text"": ""життєва умови""}, {""bbox"": [535, 27, 2360, 271], ""type"": ""handwritten"", ""text"": ""Гуакамоле - середній рід""}, {""bbox"": [319, 114, 450, 234], ""type"": ""handwritten"", ""text"": ""А""}, {""bbox"": [507, 224, 2138, 477], ""type"": ""handwritten"", ""text"": ""Увасі - неймовірний рід""}, {""bbox"": [522, 433, 2169, 669], ""type"": ""handwritten"", ""text"": ""Тиранія - середній рід""}, {""bbox"": [532, 639, 2009, 849], ""type"": ""handwritten"", ""text"": ""Соте - середній рід""}, {""bbox"": [505, 817, 2172, 1063], ""type"": ""handwritten"", ""text"": ""Мацоні - середній рід""}, {""bbox"": [501, 981, 1208, 1174], ""type"": ""handwritten"", ""text"": ""1) гетеротрофа""}, {""bbox"": [524, 1191, 1458, 1360], ""type"": ""handwritten"", ""text"": ""2) політичний""}, {""bbox"": [1, 1336, 216, 1504], ""type"": ""handwritten"", ""text"": ""ва-""}, {""bbox"": [556, 1353, 1092, 1538], ""type"": ""handwritten"", ""text"": ""3) пером""}, {""bbox"": [593, 1549, 1236, 1716], ""type"": ""handwritten"", ""text"": ""4) чешмі""}, {""bbox"": [608, 1718, 1429, 1960], ""type"": ""handwritten"", ""text"": ""5) мутаген""}, {""bbox"": [381, 1922, 1727, 2144], ""type"": ""handwritten"", ""text"": ""Коридор - коридору""}, {""bbox"": [396, 2105, 1730, 2310], ""type"": ""handwritten"", ""text"": ""Квадрат - квадратна""}, {""bbox"": [401, 2265, 1454, 2446], ""type"": ""handwritten"", ""text"": ""Тема - перлина""}, {""bbox"": [414, 2429, 1240, 2659], ""type"": ""handwritten"", ""text"": ""Тиск - піску""}, {""bbox"": [438, 2615, 1597, 2845], ""type"": ""handwritten"", ""text"": ""Світлість - Світлою""}, {""bbox"": [0, 2619, 192, 2813], ""type"": ""handwritten"", ""text"": ""з'їча""}, {""bbox"": [471, 2818, 1809, 3031], ""type"": ""handwritten"", ""text"": ""корнозем - корнозему""}, {""bbox"": [410, 3004, 1303, 3143], ""type"": ""handwritten"", ""text"": ""кисле - кисла""}, {""bbox"": [399, 3135, 1333, 3350], ""type"": ""handwritten"", ""text"": ""Рубай - Дубаю""}, {""bbox"": [385, 3319, 1567, 3502], ""type"": ""handwritten"", ""text"": ""Донбас - Донбасу""}, {""bbox"": [395, 3503, 1423, 3649], ""type"": ""handwritten"", ""text"": ""гопак - гопака""}, {""bbox"": [390, 3678, 1727, 3871], ""type"": ""handwritten"", ""text"": ""косинус - посинуся""}]"
97183784-6690-5788-8ff1-656dd9cf9d25.jpg,"[{""bbox"": [428, 451, 1648, 607], ""type"": ""handwritten"", ""text"": ""Історичні форми соціальних""}, {""bbox"": [195, 569, 898, 671], ""type"": ""handwritten"", ""text"": ""спільної моделі""}, {""bbox"": [0, 649, 144, 770], ""type"": ""handwritten"", ""text"": ""серж""}, {""bbox"": [188, 661, 1459, 777], ""type"": ""handwritten"", ""text"": ""1) Рід - це колектив родичів.""}, {""bbox"": [176, 750, 1663, 883], ""type"": ""handwritten"", ""text"": ""2) Плем'я - це об'єднання кількох""}, {""bbox"": [159, 855, 442, 980], ""type"": ""handwritten"", ""text"": ""родів""}, {""bbox"": [0, 857, 134, 963], ""type"": ""handwritten"", ""text"": ""ння""}, {""bbox"": [167, 941, 1817, 1093], ""type"": ""handwritten"", ""text"": ""3) ~~Недія~~ Недостатньо""}, {""bbox"": [0, 967, 131, 1071], ""type"": ""handwritten"", ""text"": ""ний""}, {""bbox"": [194, 1072, 1029, 1158], ""type"": ""handwritten"", ""text"": ""стійка спільність""}, {""bbox"": [177, 1154, 1635, 1274], ""type"": ""handwritten"", ""text"": ""4) Казахстан - ~~в~~{де} стійка і найбільше""}, {""bbox"": [155, 1274, 1175, 1391], ""type"": ""handwritten"", ""text"": ""розвинена спільність""}, {""bbox"": [162, 1379, 1630, 1512], ""type"": ""handwritten"", ""text"": ""5/ Кород - це сталізна сукун-""}, {""bbox"": [157, 1498, 805, 1603], ""type"": ""handwritten"", ""text"": ""ність людей""}, {""bbox"": [162, 1592, 1539, 1713], ""type"": ""handwritten"", ""text"": ""Етнос - великі групи людей,""}, {""bbox"": [168, 1694, 1557, 1827], ""type"": ""handwritten"", ""text"": ""що виділяються на основі""}, {""bbox"": [173, 1798, 1557, 1928], ""type"": ""handwritten"", ""text"": ""спільності культури, мови,""}, {""bbox"": [168, 1918, 1519, 2052], ""type"": ""handwritten"", ""text"": ""відомості нерозривності""}, {""bbox"": [168, 2040, 1200, 2167], ""type"": ""handwritten"", ""text"": ""історичної долі""}, {""bbox"": [252, 2195, 890, 2335], ""type"": ""handwritten"", ""text"": ""Види націй""}, {""bbox"": [127, 2320, 1832, 2445], ""type"": ""handwritten"", ""text"": ""Політична - стілецька громадян""}, {""bbox"": [128, 2426, 1825, 2572], ""type"": ""handwritten"", ""text"": ""перної держави - політична пору-""}, {""bbox"": [1529, 2852, 1836, 3258], ""type"": ""image"", ""text"": """"}]"
07d8b7fe-beb0-58c8-8fd8-71b863a62225.jpg,"[{""bbox"": [5, 1, 693, 125], ""type"": ""printed"", ""text"": ""процеси виділення можуть бути по-""}, {""bbox"": [880, 1, 1929, 112], ""type"": ""printed"", ""text"": ""порушуються процеси виділення у разі великих опі-""}, {""bbox"": [5, 50, 691, 163], ""type"": ""printed"", ""text"": ""відок захворювань нирок (спадко-""}, {""bbox"": [903, 56, 1962, 190], ""type"": ""printed"", ""text"": ""ків? 4. Як порушуються процеси виділення під час""}, {""bbox"": [0, 109, 702, 225], ""type"": ""printed"", ""text"": ""ційних), гормонального дисбалансу,""}, {""bbox"": [913, 138, 1397, 204], ""type"": ""printed"", ""text"": ""синдрому здавлювання?""}, {""bbox"": [1884, 218, 1958, 272], ""type"": ""annotation"", ""text"": ""11""}, {""bbox"": [296, 742, 1955, 932], ""type"": ""handwritten"", ""text"": ""4. Під час индукції здавлювання процеси""}, {""bbox"": [281, 837, 1994, 1044], ""type"": ""handwritten"", ""text"": ""4. Під час индукції утворюється""}, {""bbox"": [281, 1000, 1788, 1186], ""type"": ""handwritten"", ""text"": ""пров токсичних продуктів розпаду тканин""}, {""bbox"": [289, 1125, 1992, 1290], ""type"": ""handwritten"", ""text"": ""(міогенін, креатинін, сесовина), що сприяє""}, {""bbox"": [0, 1201, 230, 1326], ""type"": ""handwritten"", ""text"": "", тому""}, {""bbox"": [292, 1232, 1982, 1416], ""type"": ""handwritten"", ""text"": ""чотру широку недостатність (ГНП), яка є""}, {""bbox"": [0, 1332, 209, 1440], ""type"": ""handwritten"", ""text"": ""~~Слабкий~~""}, {""bbox"": [286, 1392, 1819, 1533], ""type"": ""handwritten"", ""text"": ""живими факторами ризику для життя.""}, {""bbox"": [1, 1567, 98, 1712], ""type"": ""handwritten"", ""text"": ""ма""}, {""bbox"": [1, 1925, 267, 2085], ""type"": ""handwritten"", ""text"": ""шоли),""}, {""bbox"": [0, 2695, 204, 2828], ""type"": ""handwritten"", ""text"": ""сиділи""}, {""bbox"": [0, 2837, 195, 2953], ""type"": ""handwritten"", ""text"": ""можна,""}]"
9ab6fe9c-604f-5a8f-9122-44fac3a19733.jpg,"[{""bbox"": [578, 240, 1887, 422], ""type"": ""handwritten"", ""text"": ""Двадцяте квітня""}, {""bbox"": [571, 398, 1872, 518], ""type"": ""handwritten"", ""text"": ""декор, розта""}, {""bbox"": [166, 475, 2792, 627], ""type"": ""handwritten"", ""text"": ""З історії Кримської монографії""}, {""bbox"": [144, 663, 2621, 840], ""type"": ""handwritten"", ""text"": ""- це дізнатися, що""}, {""bbox"": [179, 832, 2961, 1002], ""type"": ""handwritten"", ""text"": ""займатися теорією та практикою""}, {""bbox"": [235, 1012, 2756, 1176], ""type"": ""handwritten"", ""text"": ""етропеня Шоколад (чоловічого роду)""}, {""bbox"": [882, 1196, 2417, 1361], ""type"": ""handwritten"", ""text"": ""так словесніша""}, {""bbox"": [136, 1390, 2178, 1558], ""type"": ""handwritten"", ""text"": ""Дихотомічний класифікаційний""}, {""bbox"": [118, 1571, 1738, 1716], ""type"": ""handwritten"", ""text"": ""Етимологічний""}, {""bbox"": [160, 1758, 2179, 1935], ""type"": ""handwritten"", ""text"": ""Звичайний класний""}, {""bbox"": [205, 1922, 2943, 2119], ""type"": ""handwritten"", ""text"": ""Двомастиський, дрібнолистий""}, {""bbox"": [199, 2106, 2682, 2309], ""type"": ""handwritten"", ""text"": ""дифузионний перекладник""}, {""bbox"": [202, 2304, 1940, 2451], ""type"": ""handwritten"", ""text"": ""словацьк художник""}, {""bbox"": [180, 2460, 1973, 2631], ""type"": ""handwritten"", ""text"": ""електричний ток""}, {""bbox"": [182, 2646, 2627, 2801], ""type"": ""handwritten"", ""text"": ""глобальні екологічні проблеми""}, {""bbox"": [115, 2823, 3092, 2996], ""type"": ""handwritten"", ""text"": ""2) - токсичний союзник діючих солей""}, {""bbox"": [146, 3003, 2769, 3182], ""type"": ""handwritten"", ""text"": ""мова (1.3б. (дом-20) упорядкуван""}, {""bbox"": [168, 3190, 3100, 3374], ""type"": ""handwritten"", ""text"": ""розміщ попереднього 1с-тозлюка""}, {""bbox"": [180, 3383, 2515, 3560], ""type"": ""handwritten"", ""text"": ""окорени праці славянства""}, {""bbox"": [202, 3554, 2539, 3761], ""type"": ""handwritten"", ""text"": ""української мови (сучасна)""}, {""bbox"": [197, 3751, 2516, 3926], ""type"": ""handwritten"", ""text"": ""1920-1980). Але і цією моск""}]"
d28943b8-f79d-5fe2-99f4-9f427c6e34ff.jpg,"[{""bbox"": [176, 115, 1678, 214], ""type"": ""handwritten"", ""text"": ""мнізічне обхоплення вусів або носа потрапілого""}, {""bbox"": [227, 236, 1729, 351], ""type"": ""handwritten"", ""text"": ""вичний або змінні обсяги вдиху регулюють-""}, {""bbox"": [163, 362, 370, 439], ""type"": ""handwritten"", ""text"": ""смеха;""}, {""bbox"": [128, 484, 1626, 606], ""type"": ""handwritten"", ""text"": ""• загадко повільне виконання митного дихан""}, {""bbox"": [99, 597, 1417, 702], ""type"": ""handwritten"", ""text"": ""• відсутність рахування власне ціннів.""}, {""bbox"": [114, 719, 1281, 817], ""type"": ""handwritten"", ""text"": ""Чиннодіяльне реалізаційним заходів:""}, {""bbox"": [97, 846, 443, 945], ""type"": ""handwritten"", ""text"": ""- динамі""}, {""bbox"": [106, 949, 543, 1036], ""type"": ""handwritten"", ""text"": ""- коміфесійні""}]"
4574b0a5-fb06-5a4e-a0b2-6b3fe582b9bd.jpg,"[{""bbox"": [1037, 160, 2612, 355], ""type"": ""handwritten"", ""text"": ""Вісімнадцяте листопада""}, {""bbox"": [1389, 330, 2598, 532], ""type"": ""handwritten"", ""text"": ""Двадцяте робота""}, {""bbox"": [1683, 510, 2003, 681], ""type"": ""handwritten"", ""text"": ""№36""}, {""bbox"": [259, 679, 2528, 949], ""type"": ""handwritten"", ""text"": ""Середки ABCD, то відійдуть від""}, {""bbox"": [108, 918, 2469, 1166], ""type"": ""handwritten"", ""text"": ""спорем купа пропорційні відрізки""}, {""bbox"": [291, 1130, 2154, 1472], ""type"": ""handwritten"", ""text"": ""DA = AC^0 / OB BD zвідси AC = BD · DA / OB""}, {""bbox"": [295, 1131, 2143, 1471], ""type"": ""formula"", ""text"": ""\\frac{DA}{DB} = \\frac{AC}{BD} \\quad звідси \\quad AC = \\frac{BD \\cdot DA}{DB}""}, {""bbox"": [246, 1483, 2797, 1726], ""type"": ""formula"", ""text"": ""Отже OB = 6 см, BD = 9 см і OA = 4 см то""}, {""bbox"": [277, 1714, 1285, 1968], ""type"": ""formula"", ""text"": ""AC = \\frac{9 \\cdot 4}{6} = \\frac{36}{6} = 6""}, {""bbox"": [1338, 1882, 1603, 2062], ""type"": ""handwritten"", ""text"": ""№38""}, {""bbox"": [386, 2070, 2788, 2288], ""type"": ""handwritten"", ""text"": ""BD = 6 см, а AC = 12 см (в 2 рази більше),""}, {""bbox"": [211, 2273, 2613, 2505], ""type"": ""handwritten"", ""text"": ""то АО також в 2 рази більший, ніж OB,""}, {""bbox"": [215, 2512, 850, 2660], ""type"": ""formula"", ""text"": ""8 * 2 = 16 см""}, {""bbox"": [1255, 2701, 1600, 2912], ""type"": ""handwritten"", ""text"": ""№442""}, {""bbox"": [115, 2850, 1234, 3697], ""type"": ""graph"", ""text"": """"}, {""bbox"": [1076, 2888, 2309, 3147], ""type"": ""handwritten"", ""text"": ""Дано відрізки l, n, m.""}, {""bbox"": [917, 3088, 2036, 3328], ""type"": ""handwritten"", ""text"": ""Оскільки x = \\frac{m}{t}, то""}, {""bbox"": [1411, 3311, 2252, 3590], ""type"": ""formula"", ""text"": ""\\frac{n}{l} = \\frac{x}{m} \\Rightarrow \\frac{l}{n} = \\frac{m}{x}""}, {""bbox"": [207, 3642, 2819, 3931], ""type"": ""handwritten"", ""text"": ""Проведемо пряму A B. Через т. C паралельно""}]"
500996ab-a1ee-55ac-b830-a417bf57a3d2.jpg,"[{""bbox"": [311, 40, 1109, 168], ""type"": ""handwritten"", ""text"": ""Двадцять п'ятого""}, {""bbox"": [124, 142, 976, 284], ""type"": ""handwritten"", ""text"": ""Класна робота""}, {""bbox"": [121, 196, 1494, 377], ""type"": ""handwritten"", ""text"": ""Товаріжні інтерфейс, основні""}, {""bbox"": [56, 345, 1614, 494], ""type"": ""handwritten"", ""text"": ""кофокції програми з градієнсним""}, {""bbox"": [1785, 470, 1836, 539], ""type"": ""handwritten"", ""text"": ""е""}, {""bbox"": [43, 506, 572, 605], ""type"": ""handwritten"", ""text"": ""комплітом""}, {""bbox"": [85, 614, 256, 718], ""type"": ""handwritten"", ""text"": ""-""}, {""bbox"": [91, 704, 1680, 860], ""type"": ""handwritten"", ""text"": ""root. geometry. (\""рядок параметрів\"")""}, {""bbox"": [67, 835, 1641, 996], ""type"": ""handwritten"", ""text"": ""- зміння розмірів і положення вікна""}, {""bbox"": [95, 967, 1686, 1113], ""type"": ""handwritten"", ""text"": ""root [ 'bg' ] = 'халір' - змінення кольору""}, {""bbox"": [71, 1105, 298, 1213], ""type"": ""handwritten"", ""text"": ""вікна""}, {""bbox"": [80, 1209, 997, 1331], ""type"": ""handwritten"", ""text"": ""from tkinter import""}, {""bbox"": [75, 1331, 635, 1463], ""type"": ""handwritten"", ""text"": ""m обт = TR (1)""}, {""bbox"": [81, 1451, 1566, 1583], ""type"": ""handwritten"", ""text"": ""root.title('Для першої практики')""}, {""bbox"": [83, 1579, 1660, 1711], ""type"": ""handwritten"", ""text"": ""root. geometry ( '600x400+200+100' )""}, {""bbox"": [78, 1701, 1018, 1840], ""type"": ""handwritten"", ""text"": ""root ['bg'] = 'yellow'""}, {""bbox"": [88, 1882, 737, 2034], ""type"": ""handwritten"", ""text"": ""Задача 6.1.1""}, {""bbox"": [89, 2013, 1002, 2139], ""type"": ""handwritten"", ""text"": ""from trinten import""}, {""bbox"": [89, 2138, 627, 2253], ""type"": ""formula"", ""text"": ""root = TR / 1""}, {""bbox"": [89, 2365, 1636, 2447], ""type"": ""handwritten"", ""text"": ""root geometry (400 x 350 + 200 + 100)""}, {""bbox"": [105, 2433, 863, 2516], ""type"": ""handwritten"", ""text"": ""root (169) = 13, 13^2 = 169""}]"
ab4a0f63-eb5a-5d60-bc2c-f3e482375cf1.jpg,"[{""bbox"": [367, 293, 1455, 530], ""type"": ""formula"", ""text"": ""б) y = x^2, де x > 0""}, {""bbox"": [364, 515, 1387, 883], ""type"": ""table"", ""text"": ""x | 0 | 1 | 2 | 3\ny | 0 | 1 | 4 | 9""}, {""bbox"": [1272, 1587, 1635, 1776], ""type"": ""annotation"", ""text"": ""№ 406""}, {""bbox"": [426, 1814, 2328, 2045], ""type"": ""handwritten"", ""text"": ""y = x^2 - квадратична функція""}, {""bbox"": [530, 1949, 1615, 2175], ""type"": ""handwritten"", ""text"": ""Графік парабола""}, {""bbox"": [638, 2167, 2054, 2496], ""type"": ""table"", ""text"": ""x | -3 | -2 | -1 | 0 | 1 | 2 | 3\ny | 9 | 4 | 1 | 0 | 1 | 4 | 9""}, {""bbox"": [652, 2507, 2190, 2720], ""type"": ""handwritten"", ""text"": ""y = 3x + 1 - лінійна функція""}, {""bbox"": [654, 2663, 1199, 2942], ""type"": ""table"", ""text"": ""44 | x | 0 | 9\n44 | y | 1 | 4""}]"
060d7b29-7c95-55ee-bc57-346ea5c41c10.jpg,"[{""bbox"": [383, 79, 2791, 328], ""type"": ""handwritten"", ""text"": ""Найвищий вищовний орган: кабінет міністрів.""}, {""bbox"": [473, 318, 3163, 571], ""type"": ""handwritten"", ""text"": ""Римія: (мінібізм (176%), буддизм (16%), християнство""}, {""bbox"": [542, 533, 1829, 715], ""type"": ""handwritten"", ""text"": ""Валюта: 1 та = 100 левам""}, {""bbox"": [494, 743, 2343, 985], ""type"": ""handwritten"", ""text"": ""Танцюючі Айсіть з 7 айм 1989 р.""}, {""bbox"": [503, 956, 2921, 1177], ""type"": ""handwritten"", ""text"": ""Мені подобається Японія, тому що там""}, {""bbox"": [395, 1191, 2813, 1411], ""type"": ""handwritten"", ""text"": ""дивовижно поєднуються давні традиції та""}, {""bbox"": [327, 1405, 3167, 1614], ""type"": ""handwritten"", ""text"": ""ультразвук звіття. Мене захоплює його культура,""}, {""bbox"": [355, 1599, 3277, 1833], ""type"": ""handwritten"", ""text"": ""півого до деталей. Якісний військ зможе дістати краю""}, {""bbox"": [308, 1820, 3225, 2074], ""type"": ""handwritten"", ""text"": ""в пристих релакс, цінить природу та гармонію,""}, {""bbox"": [310, 2059, 3065, 2304], ""type"": ""handwritten"", ""text"": ""і це ревить країну визивою та надихаючи.""}]"
5e1ac17d-4acd-5f47-b40b-d829cf1af6a4.jpg,"[{""bbox"": [3858, 23, 4093, 168], ""type"": ""handwritten"", ""text"": ""14.""}, {""bbox"": [315, 33, 664, 219], ""type"": ""handwritten"", ""text"": ""1. в""}, {""bbox"": [3939, 189, 4096, 354], ""type"": ""handwritten"", ""text"": ""100""}, {""bbox"": [311, 234, 715, 412], ""type"": ""handwritten"", ""text"": ""2. г""}, {""bbox"": [3945, 364, 4096, 557], ""type"": ""handwritten"", ""text"": ""14""}, {""bbox"": [310, 414, 747, 631], ""type"": ""handwritten"", ""text"": ""3. б""}, {""bbox"": [310, 639, 733, 863], ""type"": ""handwritten"", ""text"": ""4. а""}, {""bbox"": [311, 851, 724, 1056], ""type"": ""handwritten"", ""text"": ""5. б""}, {""bbox"": [305, 1083, 656, 1291], ""type"": ""handwritten"", ""text"": ""6. г""}, {""bbox"": [300, 1311, 886, 1510], ""type"": ""handwritten"", ""text"": ""4. г. В""}, {""bbox"": [522, 1535, 866, 1708], ""type"": ""handwritten"", ""text"": ""2. А""}, {""bbox"": [515, 1773, 859, 1969], ""type"": ""handwritten"", ""text"": ""3. Г""}, {""bbox"": [484, 2003, 819, 2198], ""type"": ""handwritten"", ""text"": ""4. Б""}, {""bbox"": [255, 2196, 1400, 2502], ""type"": ""handwritten"", ""text"": ""8. B. Г Б. А""}, {""bbox"": [251, 2437, 1241, 2746], ""type"": ""handwritten"", ""text"": ""9. 1 ~~А~~Б""}, {""bbox"": [579, 2673, 1253, 2941], ""type"": ""handwritten"", ""text"": ""2. А Г""}, {""bbox"": [553, 2924, 1167, 3072], ""type"": ""handwritten"", ""text"": ""2. B. Г""}]"
4c5d63d9-1110-531c-b2fa-e93b9bba4121.jpg,"[{""bbox"": [918, 53, 2131, 263], ""type"": ""handwritten"", ""text"": ""Двадцять друге квітня""}, {""bbox"": [1044, 249, 2100, 444], ""type"": ""handwritten"", ""text"": ""Домашня робота""}, {""bbox"": [1359, 423, 1922, 632], ""type"": ""handwritten"", ""text"": ""Вправа 321""}, {""bbox"": [471, 598, 3034, 821], ""type"": ""handwritten"", ""text"": ""ній залі на Софійку хлюпнула мелодія, хвилююча, легка. Слав""}]"
1fea3754-fb07-56c3-a574-82c82a7a3ff4.jpg,"[{""bbox"": [345, 614, 2413, 924], ""type"": ""formula"", ""text"": ""4) 1. \\frac{18}{\\sqrt{31}} = \\frac{18 \\cdot \\sqrt{9}}{\\sqrt{3} - \\sqrt{3}} = \\frac{18 \\cdot \\sqrt{3}}{3} = 6\\sqrt{3}""}, {""bbox"": [435, 846, 2333, 1179], ""type"": ""formula"", ""text"": ""2. \\frac{5}{\\sqrt{16}} = \\frac{5 \\cdot \\sqrt{15}}{\\sqrt{16} \\cdot \\sqrt{15}} = \\frac{5 \\sqrt{15}}{3 \\cdot 5} = \\frac{\\sqrt{15}}{3}""}, {""bbox"": [445, 1194, 2369, 1508], ""type"": ""formula"", ""text"": ""3. \\frac{20}{7\\sqrt{10}} = \\frac{20}{7\\sqrt{10}} \\cdot \\frac{\\sqrt{10}}{\\sqrt{10}} = \\frac{20^2 \\sqrt{10}}{7 \\cdot 10^1} = \\frac{2\\sqrt{10}}{7}""}]"
b96aeccd-7ec1-5b35-b362-c0ab85db07dc.jpg,"[{""bbox"": [1152, 282, 1771, 558], ""type"": ""handwritten"", ""text"": ""Вправа 2""}, {""bbox"": [147, 502, 514, 737], ""type"": ""handwritten"", ""text"": ""Дано""}, {""bbox"": [1093, 733, 2920, 950], ""type"": ""formula"", ""text"": ""Q_2 = c m (t_1 - t_2) = 4200 \\cdot 50 \\cdot 10^3 \\text{Дж}""}, {""bbox"": [108, 766, 993, 952], ""type"": ""formula"", ""text"": ""m = 50 г = 50 * 10^3 кг""}, {""bbox"": [132, 950, 669, 1151], ""type"": ""formula"", ""text"": ""t1 = 100°C""}, {""bbox"": [1096, 960, 2449, 1152], ""type"": ""formula"", ""text"": ""(100 - 60) = 8,4 \\cdot 10^5 Дж""}, {""bbox"": [139, 1152, 705, 1335], ""type"": ""formula"", ""text"": ""t_2 = 60^o C""}, {""bbox"": [1163, 1173, 2885, 1342], ""type"": ""handwritten"", ""text"": ""Загальна кількість течій:""}, {""bbox"": [1088, 1337, 2918, 1557], ""type"": ""formula"", ""text"": ""Q = Q1 + Q2 = (115 + 8,4) * 10^3 = 123""}, {""bbox"": [159, 1342, 1031, 1625], ""type"": ""formula"", ""text"": ""br = 2,3 * 10^6 \\frac{Дж}{кг}""}, {""bbox"": [162, 1590, 880, 1834], ""type"": ""formula"", ""text"": ""C = 4200 \\frac{Дж}{кг \\cdot г}""}, {""bbox"": [238, 1845, 514, 2044], ""type"": ""formula"", ""text"": ""Q - ?""}, {""bbox"": [1190, 2036, 1730, 2262], ""type"": ""handwritten"", ""text"": ""Вправа 3""}, {""bbox"": [1090, 2245, 1880, 2456], ""type"": ""handwritten"", ""text"": ""Розв'язання:""}, {""bbox"": [273, 2258, 715, 2451], ""type"": ""handwritten"", ""text"": ""Дано:""}, {""bbox"": [1096, 2439, 2926, 2636], ""type"": ""formula"", ""text"": ""Q = r m = 2,3 * 2,5 * 10^6 = 5,75 * 10^6""}, {""bbox"": [215, 2452, 957, 2668], ""type"": ""formula"", ""text"": ""m = 2,5 * 106 \\frac{Дж}{кг}""}, {""bbox"": [1233, 2608, 2920, 2866], ""type"": ""handwritten"", ""text"": ""Відповідь: 5,75·10^6 ~~Дж~~{кг} ~~Дж~~{кг}""}, {""bbox"": [209, 2646, 968, 2917], ""type"": ""formula"", ""text"": ""r = 2,3 Море Кл""}, {""bbox"": [209, 2646, 968, 2917], ""type"": ""handwritten"", ""text"": ""r = 2,3 Море""}, {""bbox"": [258, 2861, 521, 3047], ""type"": ""handwritten"", ""text"": ""Q - ?""}, {""bbox"": [258, 2861, 521, 3047], ""type"": ""formula"", ""text"": ""Q - ?""}]"
92107779-a9bb-59ef-80f0-e0b074acbbc5.jpg,"[{""bbox"": [455, 0, 1711, 141], ""type"": ""handwritten"", ""text"": ""повернув""}, {""bbox"": [563, 380, 3618, 700], ""type"": ""handwritten"", ""text"": ""доміт, ним єм були до Орен""}, {""bbox"": [412, 628, 2482, 916], ""type"": ""handwritten"", ""text"": ""ді була художнього""}, {""bbox"": [562, 765, 3618, 1148], ""type"": ""handwritten"", ""text"": ""і за ного відміни з Отропо-""}, {""bbox"": [562, 991, 3618, 1301], ""type"": ""handwritten"", ""text"": ""зокрема колі, я не можу дал""}, {""bbox"": [562, 1211, 3618, 1505], ""type"": ""handwritten"", ""text"": ""я як інформат~~ов~~{о}олог""}, {""bbox"": [416, 1496, 716, 1676], ""type"": ""handwritten"", ""text"": ""на""}, {""bbox"": [461, 1611, 3394, 1906], ""type"": ""handwritten"", ""text"": ""чи вам було інточно?""}, {""bbox"": [664, 1813, 3722, 2155], ""type"": ""handwritten"", ""text"": ""як було для багатьох шо-бо-""}, {""bbox"": [397, 2140, 1616, 2380], ""type"": ""handwritten"", ""text"": ""було більше""}, {""bbox"": [664, 2224, 3722, 2656], ""type"": ""handwritten"", ""text"": ""і мкогатне єв розмір""}, {""bbox"": [366, 2586, 679, 2821], ""type"": ""annotation"", ""text"": ""11""}, {""bbox"": [366, 2586, 679, 2821], ""type"": ""handwritten"", ""text"": ""Hi""}]"
defa144a-9bd4-56f5-b951-c23607449449.jpg,"[{""bbox"": [868, 154, 3922, 3060], ""type"": ""table"", ""text"": ""| | | | | | | | | | | | | | | | | | | | | | | | | | | | | | | | | | | | | | | | | | | | | | | | | | | | | | | | | | | | | | | | | | | | | | | | | | | | | | | | | | | | | | | | | | | | | | | | | | | | | | | | | | | | | | | | | | | | | | | | | | | | | | | | | | | | | | | | | | | | | | | | | | | | | | | | | | | | | | | | | | | | | | | | | | | | | | | | | | | | | | | | | | | | | | | | | | | | | | | | | | | | | | | | | | | | | | | | | | | | | | | | | | | | | | | | | | | | | | | | | | | | | | | | | | | | | | | | | | | | | | | | | | | | | | | | | | | | | | | | | | | | | | | | | | | | | | | | | | | | | | | | | | | | | | | | | | | | | | | | | | | | | | | | | | | | | | | | | | | | | | | | | | | | | | | | | | | | | | | | | | | | | | | | | | | | | | | | | | | | | | | | | | | | | | | | | | | | | | | | | | | | | | | | | | | | | | | | | | | | | | | | | | | | | | | | | | | | | | | | | | | | | | | | | | | | | | | | | | | | | | | | | | | | | | | | | | | | | | | | | | | | | | | | | | | | | | | | | | | | | | | | | | | | | | | | | | | | | | | | | | | | | | | | | | | | | | | | | | | | | | | | | | | | | | | | | | | | | | | | | | | | | | | | | | | | | | | | | | | | | | | | | | | | | | | | | | | | | | | | | | | | | | | | | | | | | | | | | | | | | | | | | | | | | | | | | | | | | | | | | | | | | | | | | | | | | | | | | | | | | | | | | | | | | | | | | | | | | | | | | | | | | | | | | | | | | | | | | | | | | | | | | | | | | | | | | | | | | | | | | | | | | | | | | | | | | | | | | | | | | | | | | | | | | | | | | | | | | | | | | | | | | | | | | | | | | | | | | | | | | | | | | | | | | | | | | | | | | | | | | | | | | | | | | | | | | | | | | | | | | | | | | | | | | | | | | | | | | | | | | | | | | | | | | | | | | | | | | | | | | | | | | | | | | | | | | | | | | | | | | | | | | | | | | | | | | | | | | | | | | | | | | | | | | | | | | | | | | | | | | | | | | | | | | | | | | | | | | | | | | | | | | | | | | | | | | | | | | | | | | | | | | | | | | | | | | | | | | | | | | | | | | | | | | | | | | | | | | | | | | | | | | | | | | | | | | | | | | | | | | | | |""}]"
052068c9-4ed7-5f3a-8951-c37a606a5af7.jpg,"[{""bbox"": [848, 59, 2181, 329], ""type"": ""handwritten"", ""text"": ""Третє життя""}, {""bbox"": [554, 287, 2044, 556], ""type"": ""handwritten"", ""text"": ""Електричне поле""}, {""bbox"": [315, 502, 2182, 808], ""type"": ""handwritten"", ""text"": ""Самостійна робота""}, {""bbox"": [179, 716, 2188, 1529], ""type"": ""table"", ""text"": ""1) B | 4) A | 7) B\n2) A | 5) A | 8) B\n3) Б | 6) B | 9) B""}, {""bbox"": [203, 727, 678, 1011], ""type"": ""handwritten"", ""text"": ""1) Б""}, {""bbox"": [933, 770, 1363, 1025], ""type"": ""handwritten"", ""text"": ""4) А""}, {""bbox"": [1572, 815, 1906, 1068], ""type"": ""handwritten"", ""text"": ""7) В""}, {""bbox"": [169, 979, 587, 1238], ""type"": ""handwritten"", ""text"": ""2) А""}, {""bbox"": [916, 1003, 1349, 1283], ""type"": ""handwritten"", ""text"": ""5) А""}, {""bbox"": [1593, 1046, 1959, 1265], ""type"": ""handwritten"", ""text"": ""8) В""}, {""bbox"": [176, 1204, 579, 1470], ""type"": ""handwritten"", ""text"": ""3) Б""}, {""bbox"": [1590, 1269, 1954, 1523], ""type"": ""handwritten"", ""text"": ""9) В""}, {""bbox"": [866, 1281, 1276, 1510], ""type"": ""handwritten"", ""text"": ""6) В""}]"
65fd757d-857d-53dc-8c51-f875a2553497.jpg,"[{""bbox"": [1130, 204, 2119, 486], ""type"": ""handwritten"", ""text"": ""Дванадцяте грудня""}, {""bbox"": [1190, 433, 2356, 700], ""type"": ""handwritten"", ""text"": ""Домашня робота""}, {""bbox"": [1571, 651, 1884, 847], ""type"": ""annotation"", ""text"": ""№ 135""}, {""bbox"": [195, 880, 1248, 1241], ""type"": ""table"", ""text"": ""1) x | -3 | -0,5 | 2,5\ny | 9 | 0,3 | 6,3""}, {""bbox"": [1512, 889, 2288, 1256], ""type"": ""table"", ""text"": ""2) x | -2 | 2,2 |\ny | 4 | 5 |""}, {""bbox"": [182, 1378, 1566, 1579], ""type"": ""formula"", ""text"": ""3) y = 1, якщо x = 2, x = -2, x = 3""}, {""bbox"": [1245, 1730, 1541, 1910], ""type"": ""annotation"", ""text"": ""№ 13.7""}, {""bbox"": [174, 1949, 1291, 2114], ""type"": ""handwritten"", ""text"": ""y = x^2, якщо -2 ≤ x ≤ 3.""}, {""bbox"": [167, 2125, 1718, 2551], ""type"": ""table"", ""text"": ""x | -2 | -1 | 0 | 1 | 2 | 3\ny | 4 | 1 | 0 | 1 | 4 | 9""}]"
5eabbc4e-1439-5f92-ab93-bc5416357737.jpg,"[{""bbox"": [552, 261, 3519, 541], ""type"": ""handwritten"", ""text"": ""рій часів згадував день прейску""}, {""bbox"": [552, 510, 3546, 740], ""type"": ""handwritten"", ""text"": ""сти Нікова підводять історичні мі-""}, {""bbox"": [452, 716, 3314, 949], ""type"": ""handwritten"", ""text"": ""віймов хлопець років, двадцяти.""}, {""bbox"": [453, 905, 3322, 1196], ""type"": ""handwritten"", ""text"": ""Дорога до Харкова, була невмірною.""}, {""bbox"": [479, 1149, 3443, 1398], ""type"": ""handwritten"", ""text"": ""мене неможе вбачати проникат""}, {""bbox"": [551, 1507, 3548, 1882], ""type"": ""handwritten"", ""text"": ""відати нам завдання вийти до кавере""}]"
14fce619-19e9-569d-89ff-6a48c7a4f22b.jpg,"[{""bbox"": [237, 33, 1540, 156], ""type"": ""handwritten"", ""text"": ""8. Густина населення України - 70 осіб/км²""}, {""bbox"": [663, 157, 1100, 241], ""type"": ""handwritten"", ""text"": ""загу я е. 155""}, {""bbox"": [259, 242, 1503, 339], ""type"": ""handwritten"", ""text"": ""Клівільну рокі відірвало екологічний чинник.""}, {""bbox"": [248, 331, 1487, 452], ""type"": ""handwritten"", ""text"": ""У зв'язку з вибухом АЕС у Чорнобильі все""}, {""bbox"": [205, 444, 1593, 545], ""type"": ""handwritten"", ""text"": ""шаслення з того регіону було переселено. Саме""}, {""bbox"": [210, 546, 1601, 635], ""type"": ""handwritten"", ""text"": ""тому у Північній частині країни найменша""}, {""bbox"": [214, 652, 1575, 735], ""type"": ""handwritten"", ""text"": ""густота населення, а на Заході найбільша.""}, {""bbox"": [709, 753, 1093, 833], ""type"": ""handwritten"", ""text"": ""Зад. 3 с. 255""}, {""bbox"": [293, 851, 1683, 941], ""type"": ""handwritten"", ""text"": ""Населений пунктам називають такі поселення""}, {""bbox"": [225, 963, 1686, 1054], ""type"": ""handwritten"", ""text"": ""виклили як осередки розбитку ремесла торгівлі""}, {""bbox"": [212, 1069, 1685, 1164], ""type"": ""handwritten"", ""text"": ""оворотні пункти пізніше звільняються за кілька""}, {""bbox"": [209, 1171, 1684, 1265], ""type"": ""handwritten"", ""text"": ""населення вони ставали центрами культури, освіти""}, {""bbox"": [210, 1279, 1574, 1401], ""type"": ""handwritten"", ""text"": ""довуної та оборонної промисловості різних""}, {""bbox"": [209, 1403, 1042, 1515], ""type"": ""handwritten"", ""text"": ""музеї сфот посмуг.""}, {""bbox"": [283, 1500, 1666, 1611], ""type"": ""handwritten"", ""text"": ""Населений пункт - місця концентрації людей""}, {""bbox"": [198, 1618, 1685, 1738], ""type"": ""handwritten"", ""text"": ""ризом із житлою, кирюкитою та обслуговува""}, {""bbox"": [192, 1725, 1687, 1852], ""type"": ""handwritten"", ""text"": ""кою завдякою й окуту репами мінімфолім""}, {""bbox"": [741, 1854, 1302, 1956], ""type"": ""handwritten"", ""text"": ""заг у с. 255""}, {""bbox"": [235, 1992, 576, 2074], ""type"": ""handwritten"", ""text"": ""(915 - 34,2""}, {""bbox"": [237, 2107, 666, 2207], ""type"": ""formula"", ""text"": ""1940 - 31,3""}]"
dd95254a-5099-5b24-807f-3166bff736af.jpg,"[{""bbox"": [163, 938, 2545, 1175], ""type"": ""handwritten"", ""text"": ""3. ~~Волінські~~ і синтетичні матеріали""}, {""bbox"": [158, 1156, 2594, 1355], ""type"": ""handwritten"", ""text"": ""стом невід'ємним атрибутом сучасного""}, {""bbox"": [130, 1323, 2489, 1524], ""type"": ""handwritten"", ""text"": ""життя. Вони займають провідне місце""}, {""bbox"": [125, 1485, 2721, 1716], ""type"": ""handwritten"", ""text"": ""в побуті, будівництві, промисловому вико-""}, {""bbox"": [131, 1670, 2736, 1905], ""type"": ""handwritten"", ""text"": ""місцях, авіаційні будівлі, суднобудівні""}, {""bbox"": [118, 1858, 1896, 2056], ""type"": ""handwritten"", ""text"": ""~~експериментів~~ та інших галузях.""}, {""bbox"": [2548, 2545, 3023, 3998], ""type"": ""image"", ""text"": """"}]"
f88baa22-9e53-545a-af6c-d6c49ba35657.jpg,"[{""bbox"": [3445, 0, 4032, 131], ""type"": ""handwritten"", ""text"": ""бгу - Спрямлен""}, {""bbox"": [3467, 145, 4032, 279], ""type"": ""handwritten"", ""text"": ""щоб відб-л""}, {""bbox"": [3479, 290, 4032, 441], ""type"": ""handwritten"", ""text"": ""за сном""}, {""bbox"": [1527, 384, 2334, 504], ""type"": ""handwritten"", ""text"": ""Одчиняєте цього""}, {""bbox"": [3452, 463, 4030, 592], ""type"": ""handwritten"", ""text"": ""~~В~~. хмарчикаси""}, {""bbox"": [1331, 503, 2422, 672], ""type"": ""handwritten"", ""text"": ""Домашня робота""}, {""bbox"": [3452, 635, 4032, 768], ""type"": ""handwritten"", ""text"": ""носки, та та""}, {""bbox"": [1865, 678, 2293, 859], ""type"": ""handwritten"", ""text"": ""Вправа 206""}, {""bbox"": [3458, 784, 4032, 936], ""type"": ""handwritten"", ""text"": ""ковтіють п.""}, {""bbox"": [535, 884, 3325, 1060], ""type"": ""handwritten"", ""text"": ""1 А в місі озера. А на березі курінь. А в курень - ща.""}, {""bbox"": [3473, 960, 4031, 1098], ""type"": ""handwritten"", ""text"": ""шороді плаваю""}, {""bbox"": [450, 1065, 3362, 1247], ""type"": ""handwritten"", ""text"": ""А пору́ч. Дозаття. І каза́нок із кошкою. А ~~під~~{під} кругом - ні ду""}, {""bbox"": [466, 1232, 3349, 1431], ""type"": ""handwritten"", ""text"": ""2 Погнісінько як медика. Високо здіймає груди, схрещує сонно,""}, {""bbox"": [391, 1431, 3374, 1603], ""type"": ""handwritten"", ""text"": ""сліпиво... сліпиво похмуре об кожної хвилинки, посмучиться тихо,""}, {""bbox"": [376, 1638, 1193, 1764], ""type"": ""handwritten"", ""text"": ""сонко, розкішна.""}, {""bbox"": [352, 1791, 3194, 1974], ""type"": ""handwritten"", ""text"": ""з А яка вода в Остані! Лагідна, ласкава, мікро-шовкова!""}, {""bbox"": [1640, 1989, 2116, 2156], ""type"": ""handwritten"", ""text"": ""Вправа 208""}, {""bbox"": [459, 2165, 3174, 2352], ""type"": ""handwritten"", ""text"": ""Неповні речення: Надворі ~~жена хамедна~~ ніч (звосялася).""}, {""bbox"": [284, 2348, 2931, 2553], ""type"": ""handwritten"", ""text"": ""Дуже де-не-де і змішок із джазу (звосяння)""}]"
1e6f8da7-84bf-516e-a4a7-d1cea06b6526.jpg,"[{""bbox"": [89, 62, 435, 137], ""type"": ""handwritten"", ""text"": ""2. Агрегації""}, {""bbox"": [103, 151, 425, 251], ""type"": ""handwritten"", ""text"": ""3. Капіляри""}, {""bbox"": [93, 270, 343, 349], ""type"": ""handwritten"", ""text"": ""4. Вели.""}, {""bbox"": [169, 374, 649, 493], ""type"": ""handwritten"", ""text"": ""Будова серця""}, {""bbox"": [90, 497, 368, 587], ""type"": ""handwritten"", ""text"": ""1. Химери""}, {""bbox"": [85, 612, 359, 707], ""type"": ""handwritten"", ""text"": ""2. Шари""}, {""bbox"": [98, 722, 410, 815], ""type"": ""handwritten"", ""text"": ""3. ~~Х~~[М]иколи""}, {""bbox"": [190, 805, 1685, 944], ""type"": ""handwritten"", ""text"": ""Функція серця: забезпечення руху крові; забезпечен""}, {""bbox"": [93, 934, 1437, 1060], ""type"": ""handwritten"", ""text"": ""скороченням серцевого пульсу (кріокарда).""}, {""bbox"": [193, 1063, 1249, 1161], ""type"": ""handwritten"", ""text"": ""Властивості серцевого м'яза.""}, {""bbox"": [89, 1194, 588, 1329], ""type"": ""handwritten"", ""text"": ""1. Збудливість.""}, {""bbox"": [91, 1337, 597, 1440], ""type"": ""handwritten"", ""text"": ""2. провідність""}, {""bbox"": [106, 1447, 681, 1564], ""type"": ""handwritten"", ""text"": ""3. спортивість""}, {""bbox"": [93, 1577, 638, 1683], ""type"": ""handwritten"", ""text"": ""4. Автоматизн""}, {""bbox"": [256, 1692, 1124, 1818], ""type"": ""handwritten"", ""text"": ""Фази чергового циклу:""}, {""bbox"": [91, 1798, 1490, 1947], ""type"": ""handwritten"", ""text"": ""1. ~~кислота~~ системи передсердя (0,1 с.)""}, {""bbox"": [102, 1934, 1208, 2093], ""type"": ""handwritten"", ""text"": ""2. Система шлуноків (0,3с.)""}, {""bbox"": [1281, 2036, 1549, 2155], ""type"": ""annotation"", ""text"": ""(0,4c).""}, {""bbox"": [113, 2071, 1185, 2225], ""type"": ""handwritten"", ""text"": ""3. Спільна науза - діастола""}, {""bbox"": [140, 2218, 1313, 2367], ""type"": ""handwritten"", ""text"": ""Один цикл триває 0,3 секунди.""}]"
99c408e3-b079-5abc-b98e-c2e35de1c25d.jpg,"[{""bbox"": [967, 0, 1936, 140], ""type"": ""handwritten"", ""text"": ""Друге травня""}, {""bbox"": [999, 140, 2133, 378], ""type"": ""handwritten"", ""text"": ""Домашня робота""}, {""bbox"": [739, 379, 1895, 572], ""type"": ""handwritten"", ""text"": ""Країни Африки""}, {""bbox"": [46, 621, 1066, 783], ""type"": ""handwritten"", ""text"": ""S - 30,3 млн км²""}, {""bbox"": [18, 862, 1651, 1004], ""type"": ""handwritten"", ""text"": ""Населення ≈ 960 млн. осіб.""}, {""bbox"": [32, 1067, 2134, 1252], ""type"": ""handwritten"", ""text"": ""Всі країни були комуністичними""}, {""bbox"": [76, 1261, 2811, 1454], ""type"": ""handwritten"", ""text"": ""Більшість країни - республіка, з монархії""}, {""bbox"": [1340, 1493, 1920, 1682], ""type"": ""handwritten"", ""text"": ""- унітарні""}, {""bbox"": [1357, 1702, 2032, 1865], ""type"": ""handwritten"", ""text"": ""- федераций""}, {""bbox"": [109, 1890, 3006, 2087], ""type"": ""handwritten"", ""text"": ""Мінеральні ресурси: : нафта, алмази, міді, сіль.""}, {""bbox"": [123, 2094, 2033, 2279], ""type"": ""handwritten"", ""text"": ""Тропічі умови і ресурси - пустелі""}, {""bbox"": [139, 2287, 3007, 2489], ""type"": ""handwritten"", ""text"": ""тівійша Африка - експорт - нарія, цитрусові, альве, фіні""}, {""bbox"": [130, 2491, 2994, 2685], ""type"": ""handwritten"", ""text"": ""Західна Африка - експорт - коксо, фосіс, нафта, алмази""}, {""bbox"": [151, 2680, 2986, 2885], ""type"": ""handwritten"", ""text"": ""Центральна Африка - експорт - чітні деревини, коріс. коп.""}, {""bbox"": [166, 2878, 2750, 3080], ""type"": ""handwritten"", ""text"": ""Східна Африка - експорт - кава, бавовна, тютун""}, {""bbox"": [164, 3061, 2657, 3266], ""type"": ""handwritten"", ""text"": ""Тівденна Африка - експорт - мінімальні ресурси""}, {""bbox"": [209, 3238, 3010, 3453], ""type"": ""handwritten"", ""text"": ""Видатні місця: піраміди (Єгипет), музеї м. Коп""}, {""bbox"": [211, 3432, 2967, 3658], ""type"": ""handwritten"", ""text"": ""факту, талог-фортепіанобукту, Національ-""}, {""bbox"": [255, 3664, 1514, 3821], ""type"": ""handwritten"", ""text"": ""ний парк Сремлеті""}]"
edd41178-78ed-5e89-bf38-d152db0b3e59.jpg,"[{""bbox"": [225, 267, 2548, 436], ""type"": ""handwritten"", ""text"": ""токсичність аніліну. Широко застосовується""}, {""bbox"": [229, 430, 2531, 623], ""type"": ""handwritten"", ""text"": ""у фарбуванні бавовняних тканин, хутра.""}, {""bbox"": [341, 612, 2573, 770], ""type"": ""handwritten"", ""text"": ""Бриліантовий зелений використовується""}, {""bbox"": [257, 776, 2521, 943], ""type"": ""handwritten"", ""text"": ""як барвник для бавовни, шовку, паперу,""}, {""bbox"": [244, 948, 2430, 1117], ""type"": ""handwritten"", ""text"": ""деревини (барвник малостійкий до дії""}, {""bbox"": [250, 1110, 2513, 1276], ""type"": ""handwritten"", ""text"": ""світла та волохих обробок). В медицині""}, {""bbox"": [253, 1279, 2522, 1456], ""type"": ""handwritten"", ""text"": ""розчин бриліантового зеленого викорис-""}, {""bbox"": [255, 1475, 2343, 1633], ""type"": ""handwritten"", ""text"": ""повується у якості антисептичного""}, {""bbox"": [256, 1645, 1313, 1804], ""type"": ""handwritten"", ""text"": ""лікарського засобу.""}, {""bbox"": [379, 1808, 2517, 1956], ""type"": ""handwritten"", ""text"": ""Металіковий синій застосовується""}, {""bbox"": [252, 1971, 2575, 2160], ""type"": ""handwritten"", ""text"": ""для фарбування бавовни, шерсті, шовку""}, {""bbox"": [266, 2157, 2476, 2334], ""type"": ""handwritten"", ""text"": ""в яскраво-блакитний колір, але фарба""}, {""bbox"": [285, 2320, 2429, 2507], ""type"": ""handwritten"", ""text"": ""слабостіння до світла. Метиленовий""}, {""bbox"": [268, 2498, 2525, 2682], ""type"": ""handwritten"", ""text"": ""синій використовується в кості акти-""}, {""bbox"": [275, 2680, 2706, 2857], ""type"": ""handwritten"", ""text"": ""сентика, ацетида при отруєнні цианідами.""}, {""bbox"": [264, 2874, 1961, 3067], ""type"": ""handwritten"", ""text"": ""нарним газом та сірководнем.""}]"
722f3510-1231-5e82-8803-a5bd9658337f.jpg,"[{""bbox"": [294, 284, 1749, 458], ""type"": ""handwritten"", ""text"": ""Етнічна спільнота - Спільнота""}, {""bbox"": [304, 424, 1758, 562], ""type"": ""handwritten"", ""text"": ""з єдиною мовою і саломві-""}, {""bbox"": [343, 531, 830, 639], ""type"": ""handwritten"", ""text"": ""домісто""}, {""bbox"": [712, 619, 1562, 777], ""type"": ""handwritten"", ""text"": ""Завдання 1 (ст 252)""}, {""bbox"": [274, 714, 1619, 907], ""type"": ""handwritten"", ""text"": ""7) Натрія - складається із""}, {""bbox"": [285, 879, 1691, 1028], ""type"": ""handwritten"", ""text"": ""декількох етносів, зведених""}, {""bbox"": [284, 1014, 1713, 1140], ""type"": ""handwritten"", ""text"": ""з одним історичного доляю""}, {""bbox"": [286, 1149, 1711, 1320], ""type"": ""handwritten"", ""text"": ""Етнос - це стійка сукупність""}, {""bbox"": [239, 1291, 1798, 1439], ""type"": ""handwritten"", ""text"": ""моделі, яка історично склалася""}, {""bbox"": [232, 1411, 1531, 1559], ""type"": ""handwritten"", ""text"": ""на певних територіях.""}, {""bbox"": [650, 1525, 1110, 1668], ""type"": ""handwritten"", ""text"": ""Завдання 2""}, {""bbox"": [259, 1625, 1770, 1796], ""type"": ""handwritten"", ""text"": ""Кліші існують такі лови сім'ї.""}, {""bbox"": [272, 1778, 1159, 1917], ""type"": ""handwritten"", ""text"": ""індосівропейська""}, {""bbox"": [263, 1894, 1278, 2016], ""type"": ""handwritten"", ""text"": ""сино-тібетська""}, {""bbox"": [265, 2049, 1031, 2170], ""type"": ""handwritten"", ""text"": ""адріатійська""}, {""bbox"": [279, 2174, 882, 2272], ""type"": ""handwritten"", ""text"": ""алтатька""}, {""bbox"": [265, 2283, 1562, 2443], ""type"": ""handwritten"", ""text"": ""Українці належать до""}, {""bbox"": [254, 2417, 1712, 2551], ""type"": ""handwritten"", ""text"": ""інформативної ловної""}, {""bbox"": [255, 2554, 742, 2694], ""type"": ""handwritten"", ""text"": ""родити.""}]"
fed1ee07-03b4-5220-833f-a1e0e0ea8eed.jpg,"[{""bbox"": [352, 320, 714, 524], ""type"": ""handwritten"", ""text"": ""12) a""}, {""bbox"": [355, 553, 677, 803], ""type"": ""handwritten"", ""text"": ""13) а""}, {""bbox"": [345, 849, 688, 1040], ""type"": ""handwritten"", ""text"": ""14) а""}, {""bbox"": [324, 1095, 657, 1333], ""type"": ""handwritten"", ""text"": ""15) а""}, {""bbox"": [313, 1374, 695, 1599], ""type"": ""handwritten"", ""text"": ""16) б""}, {""bbox"": [321, 1698, 3227, 1950], ""type"": ""handwritten"", ""text"": ""14) Три колективних засобів захисту людей:""}, {""bbox"": [507, 2000, 1261, 2137], ""type"": ""handwritten"", ""text"": ""с сховища.""}, {""bbox"": [483, 2255, 2303, 2451], ""type"": ""handwritten"", ""text"": ""• промислової України.""}, {""bbox"": [452, 2512, 2223, 2733], ""type"": ""handwritten"", ""text"": ""о найпростіші українська мова""}, {""bbox"": [542, 2733, 2498, 3021], ""type"": ""handwritten"", ""text"": ""измен (відкриті та перекрени).""}]"
50df26eb-ecf7-5008-8003-615329dda2cd.jpg,"[{""bbox"": [537, 195, 1267, 318], ""type"": ""handwritten"", ""text"": ""Сімнадцяте лютого""}, {""bbox"": [417, 301, 1274, 438], ""type"": ""handwritten"", ""text"": ""Контрольна робота""}, {""bbox"": [256, 420, 686, 544], ""type"": ""handwritten"", ""text"": ""Варіант""}, {""bbox"": [241, 544, 384, 676], ""type"": ""handwritten"", ""text"": ""4) Б""}, {""bbox"": [233, 660, 428, 774], ""type"": ""handwritten"", ""text"": ""2) г""}, {""bbox"": [227, 755, 455, 891], ""type"": ""handwritten"", ""text"": ""3) б""}, {""bbox"": [222, 883, 405, 1016], ""type"": ""handwritten"", ""text"": ""4) А""}, {""bbox"": [215, 1004, 399, 1132], ""type"": ""handwritten"", ""text"": ""5/х""}, {""bbox"": [207, 1126, 363, 1255], ""type"": ""handwritten"", ""text"": ""6/B""}, {""bbox"": [208, 1251, 492, 1362], ""type"": ""handwritten"", ""text"": ""8) АВ""}, {""bbox"": [318, 1358, 535, 1492], ""type"": ""handwritten"", ""text"": ""2) А""}, {""bbox"": [318, 1473, 540, 1601], ""type"": ""handwritten"", ""text"": ""3) Г""}, {""bbox"": [312, 1578, 541, 1711], ""type"": ""handwritten"", ""text"": ""4) Б""}, {""bbox"": [202, 1707, 1601, 1835], ""type"": ""handwritten"", ""text"": ""8) Делікати - це творики і рослини що""}, {""bbox"": [1157, 1817, 1540, 1870], ""type"": ""handwritten"", ""text"": ""невеликих""}, {""bbox"": [219, 1823, 1723, 1962], ""type"": ""handwritten"", ""text"": ""збереглися на певних територіях.""}, {""bbox"": [193, 1944, 1798, 2091], ""type"": ""handwritten"", ""text"": ""2) Брухт - верхній пухкий розлогий""}, {""bbox"": [189, 2082, 1283, 2209], ""type"": ""handwritten"", ""text"": ""мор землі (Атлантічний)""}, {""bbox"": [180, 2186, 1788, 2328], ""type"": ""handwritten"", ""text"": ""3) Борець, куниця, кабан, інчак, білка,""}, {""bbox"": [201, 2315, 1582, 2467], ""type"": ""handwritten"", ""text"": ""вовк, лось, бобер, заєць, миска.""}]"
b5209011-6e43-5ee6-893b-ce6869ee3a88.jpg,"[{""bbox"": [1413, 325, 2617, 604], ""type"": ""handwritten"", ""text"": ""Тридцяте сім,""}, {""bbox"": [1641, 555, 2907, 867], ""type"": ""handwritten"", ""text"": ""Домашня робота""}, {""bbox"": [552, 775, 3543, 1109], ""type"": ""handwritten"", ""text"": ""Імитувана схеметка, ненатуральна""}, {""bbox"": [195, 1053, 2112, 1330], ""type"": ""handwritten"", ""text"": ""неплідова серцева.""}, {""bbox"": [162, 1287, 2492, 1596], ""type"": ""handwritten"", ""text"": ""2. Будіва скелетних м'яза""}, {""bbox"": [1630, 1588, 2611, 1746], ""type"": ""handwritten"", ""text"": ""1 - сухожильні""}, {""bbox"": [197, 1596, 1639, 2681], ""type"": ""image"", ""text"": """"}, {""bbox"": [1618, 1717, 2732, 1864], ""type"": ""handwritten"", ""text"": ""2 - Хімічну, теревне""}, {""bbox"": [1627, 1840, 2795, 1981], ""type"": ""handwritten"", ""text"": ""3. - м'які пучки""}, {""bbox"": [1633, 1952, 2901, 2082], ""type"": ""handwritten"", ""text"": ""4 - власна, обов'язкова""}, {""bbox"": [1645, 2056, 2889, 2199], ""type"": ""handwritten"", ""text"": ""5 - місця Пекіна""}, {""bbox"": [1636, 2176, 2704, 2325], ""type"": ""handwritten"", ""text"": ""в - лікарі дітини""}, {""bbox"": [1640, 2291, 2897, 2546], ""type"": ""handwritten"", ""text"": ""1 - претерівраний""}]"
c3442eb5-e4fe-5eb1-9d7b-cbb1c703a991.jpg,"[{""bbox"": [557, 47, 3575, 368], ""type"": ""handwritten"", ""text"": ""і, екскреми (наприклад, сеча) часто слу-""}, {""bbox"": [0, 156, 196, 325], ""type"": ""handwritten"", ""text"": ""1.26""}, {""bbox"": [3977, 265, 4032, 385], ""type"": ""handwritten"", ""text"": ""/""}, {""bbox"": [556, 355, 3559, 610], ""type"": ""handwritten"", ""text"": ""мічними ознаками: тварини мітять""}, {""bbox"": [455, 606, 3475, 890], ""type"": ""handwritten"", ""text"": ""шим територію або приваблюють на""}, {""bbox"": [317, 880, 3129, 1190], ""type"": ""handwritten"", ""text"": ""рів за допомогою запаху феромонів.""}, {""bbox"": [456, 1154, 3474, 1447], ""type"": ""handwritten"", ""text"": ""Органи виділення людини та продук-""}, {""bbox"": [458, 1404, 3474, 1742], ""type"": ""handwritten"", ""text"": ""Клітки: соловина, падлишок солі та""}, {""bbox"": [409, 1650, 750, 1970], ""type"": ""handwritten"", ""text"": ""води.""}, {""bbox"": [470, 1890, 3477, 2249], ""type"": ""handwritten"", ""text"": ""Легені: вуглекислий газ (CO2); водяна""}, {""bbox"": [437, 2211, 918, 2452], ""type"": ""handwritten"", ""text"": ""попа.""}, {""bbox"": [465, 2383, 3476, 2772], ""type"": ""handwritten"", ""text"": ""Мікра (річ): вода, солі, троси, скловіни""}]"
c37cf07d-205a-5e6c-973b-8604785ab9ec.jpg,"[{""bbox"": [387, 221, 1369, 430], ""type"": ""handwritten"", ""text"": ""8) в, а, б, г""}, {""bbox"": [365, 375, 2188, 607], ""type"": ""handwritten"", ""text"": ""9) 1-б; 2-г; 3-а; 4-в""}, {""bbox"": [371, 585, 2695, 776], ""type"": ""handwritten"", ""text"": ""10) НАФТА - пічноречна орні-""}, {""bbox"": [363, 775, 1984, 978], ""type"": ""handwritten"", ""text"": ""змістів в Пл. Аресенці""}, {""bbox"": [358, 970, 2598, 1152], ""type"": ""handwritten"", ""text"": ""11) Трансляція звичайне число -""}, {""bbox"": [338, 1147, 2655, 1317], ""type"": ""handwritten"", ""text"": ""необхідний транспорта магіс-""}, {""bbox"": [327, 1336, 1363, 1511], ""type"": ""handwritten"", ""text"": ""Третє бразилії.""}, {""bbox"": [333, 1487, 2618, 1683], ""type"": ""handwritten"", ""text"": ""12) України зручнішо працює -""}, {""bbox"": [308, 1688, 2647, 1857], ""type"": ""handwritten"", ""text"": ""~~в~~ держави, як величезна реєстра-""}, {""bbox"": [281, 1879, 2647, 2037], ""type"": ""handwritten"", ""text"": ""всячн кораблі, бо там дешевше,""}, {""bbox"": [300, 2062, 2219, 2212], ""type"": ""handwritten"", ""text"": ""менше позитив і претензій""}, {""bbox"": [312, 2247, 971, 2380], ""type"": ""handwritten"", ""text"": ""правила.""}, {""bbox"": [270, 2404, 2653, 2592], ""type"": ""handwritten"", ""text"": ""13) 1) Гасіння бебісони - розпаливач""}, {""bbox"": [345, 2584, 2329, 2750], ""type"": ""handwritten"", ""text"": ""в Нью-Йорк, відома як""}, {""bbox"": [337, 2780, 2619, 2935], ""type"": ""handwritten"", ""text"": ""символ свободи і демократії,""}, {""bbox"": [372, 2943, 2473, 3118], ""type"": ""handwritten"", ""text"": ""подання слід від Франції.""}, {""bbox"": [295, 3093, 2721, 3299], ""type"": ""handwritten"", ""text"": ""2) Транс-Конгоси - розіснований""}, {""bbox"": [359, 3292, 2365, 3474], ""type"": ""handwritten"", ""text"": ""у місті Аризона, один з""}, {""bbox"": [292, 3457, 2585, 3659], ""type"": ""handwritten"", ""text"": ""національних каскадістів у світі,""}, {""bbox"": [284, 3624, 2364, 3820], ""type"": ""handwritten"", ""text"": ""сіверний річкою Колорадо.""}]"
15b01904-3e29-5816-abc2-574e00458aea.jpg,"[{""bbox"": [606, 1385, 1241, 1513], ""type"": ""handwritten"", ""text"": ""Десяте життя""}, {""bbox"": [563, 1515, 1295, 1678], ""type"": ""handwritten"", ""text"": ""Домашня робота""}, {""bbox"": [176, 1589, 2887, 1903], ""type"": ""handwritten"", ""text"": ""1. Образ Трасима Каштки \""Сто тисяч\"" - це сільський братій,""}, {""bbox"": [226, 1721, 2895, 1990], ""type"": ""handwritten"", ""text"": ""найбільше бажання якого - звільнення. Заради цього він недосягає і""}, {""bbox"": [217, 1783, 2918, 2097], ""type"": ""handwritten"", ""text"": ""найбільше бажання якого - звільнення. Заради цього він неодноразово і""}, {""bbox"": [203, 1884, 2927, 2202], ""type"": ""handwritten"", ""text"": ""недоїдає, сам тяжко працює і своїм рідним не дає спокою. Життя""}, {""bbox"": [167, 2040, 2924, 2288], ""type"": ""handwritten"", ""text"": ""в його розумінні складається з двох поняття - грамати і звучання,""}, {""bbox"": [146, 2201, 2944, 2432], ""type"": ""handwritten"", ""text"": ""всі думки його і луці, розмови і вчинки базуються на них.""}, {""bbox"": [130, 2368, 2973, 2571], ""type"": ""handwritten"", ""text"": ""2. Камінка „... Кам б хоч скріпив, а то жує та й жує, пра-""}, {""bbox"": [170, 2530, 2819, 2761], ""type"": ""handwritten"", ""text"": ""мо душу з тебе виллює: \""хліб з їдь і час пайть\"".""}]"
1857446a-5a5e-53df-9bea-8d439f766b2a.jpg,"[{""bbox"": [438, 109, 789, 325], ""type"": ""handwritten"", ""text"": ""2) а""}, {""bbox"": [479, 329, 837, 587], ""type"": ""handwritten"", ""text"": ""2) в""}, {""bbox"": [448, 593, 822, 830], ""type"": ""handwritten"", ""text"": ""3) г""}, {""bbox"": [450, 863, 853, 1126], ""type"": ""handwritten"", ""text"": ""4) a""}, {""bbox"": [488, 1132, 859, 1362], ""type"": ""handwritten"", ""text"": ""5) а""}, {""bbox"": [490, 1366, 842, 1636], ""type"": ""handwritten"", ""text"": ""6) а""}, {""bbox"": [492, 1630, 867, 1899], ""type"": ""handwritten"", ""text"": ""7) в""}, {""bbox"": [523, 1887, 926, 2134], ""type"": ""handwritten"", ""text"": ""8) в""}, {""bbox"": [544, 2134, 947, 2396], ""type"": ""handwritten"", ""text"": ""9) в""}, {""bbox"": [532, 2361, 1049, 2638], ""type"": ""handwritten"", ""text"": ""80. b""}, {""bbox"": [529, 2621, 911, 2912], ""type"": ""handwritten"", ""text"": ""8) А""}, {""bbox"": [560, 2903, 983, 3140], ""type"": ""handwritten"", ""text"": ""82) в""}, {""bbox"": [551, 3147, 993, 3399], ""type"": ""handwritten"", ""text"": ""13) а""}, {""bbox"": [559, 3380, 1090, 3638], ""type"": ""handwritten"", ""text"": ""24) б""}, {""bbox"": [597, 3622, 1042, 3868], ""type"": ""handwritten"", ""text"": ""15) б""}]"
ebcb201e-e897-53c7-b5f7-5024a33ed378.jpg,"[{""bbox"": [69, 0, 1855, 49], ""type"": ""handwritten"", ""text"": ""-""}, {""bbox"": [31, 68, 1850, 172], ""type"": ""handwritten"", ""text"": ""розвивати екологічну свідомість, насамперед""}, {""bbox"": [21, 194, 1816, 313], ""type"": ""handwritten"", ""text"": ""на вимогі теплових двигунів на енергію та""}, {""bbox"": [18, 333, 667, 407], ""type"": ""handwritten"", ""text"": ""Кінець Землі.""}, {""bbox"": [73, 457, 1927, 591], ""type"": ""handwritten"", ""text"": ""Більша частина довгот на Землі є теплови-""}, {""bbox"": [6, 596, 622, 727], ""type"": ""handwritten"", ""text"": ""ли фігури.""}, {""bbox"": [10, 722, 1905, 857], ""type"": ""handwritten"", ""text"": ""Понад 80% усієї електронії в нашій країні""}, {""bbox"": [23, 873, 1715, 978], ""type"": ""handwritten"", ""text"": ""відрізняються на теплових електростанціях.""}, {""bbox"": [37, 998, 1318, 1114], ""type"": ""handwritten"", ""text"": ""Рівень забруднення атмосфери:""}, {""bbox"": [29, 1131, 710, 1245], ""type"": ""handwritten"", ""text"": ""- виїхала = 100%""}, {""bbox"": [26, 1260, 670, 1369], ""type"": ""handwritten"", ""text"": ""- магніт = 60%""}, {""bbox"": [27, 1386, 891, 1505], ""type"": ""handwritten"", ""text"": ""- природний ліс = 29%""}, {""bbox"": [58, 1520, 821, 1633], ""type"": ""handwritten"", ""text"": ""Види зайняття:""}, {""bbox"": [32, 1658, 444, 1729], ""type"": ""handwritten"", ""text"": ""• ~~ні~~нічне;""}, {""bbox"": [47, 1784, 1225, 1900], ""type"": ""handwritten"", ""text"": ""• токсичне забрудження повітря;""}, {""bbox"": [40, 1911, 1143, 2011], ""type"": ""handwritten"", ""text"": ""• низьке забрудження повітря;""}, {""bbox"": [16, 2028, 1779, 2165], ""type"": ""handwritten"", ""text"": ""• поясне забруднення речовин та води від""}, {""bbox"": [110, 2177, 702, 2273], ""type"": ""handwritten"", ""text"": ""зиму калива)""}, {""bbox"": [56, 2294, 1629, 2409], ""type"": ""handwritten"", ""text"": ""• звукове забрудження від автотранспорту;""}, {""bbox"": [29, 2419, 1735, 2539], ""type"": ""handwritten"", ""text"": ""• екологічні проблеми використання теплових""}, {""bbox"": [108, 2547, 732, 2652], ""type"": ""handwritten"", ""text"": ""доведів на ТЕС.""}]"
435e94ff-044c-52de-b6ba-bdac4f209b67.jpg,"[{""bbox"": [1125, 212, 2539, 396], ""type"": ""handwritten"", ""text"": ""Двадцять п'яте листопада.""}, {""bbox"": [1470, 354, 2482, 522], ""type"": ""handwritten"", ""text"": ""Домашня робота""}, {""bbox"": [274, 512, 2639, 696], ""type"": ""handwritten"", ""text"": ""Володимир Сосюра. Коротко про поета.""}, {""bbox"": [0, 523, 162, 708], ""type"": ""handwritten"", ""text"": ""160""}, {""bbox"": [232, 658, 2712, 836], ""type"": ""handwritten"", ""text"": ""Патріотичні, інтелігентні, пейзажні мотиви""}, {""bbox"": [251, 805, 2494, 1002], ""type"": ""handwritten"", ""text"": ""йому творів. Мовов до Батьківщини""}, {""bbox"": [234, 977, 2419, 1134], ""type"": ""handwritten"", ""text"": ""як важливий складник життя людини""}, {""bbox"": [245, 1111, 2562, 1289], ""type"": ""handwritten"", ""text"": ""(\""Довіть Україну!\""). ГЛ: гремоджика лірика""}, {""bbox"": [1, 1133, 154, 1302], ""type"": ""handwritten"", ""text"": ""III""}, {""bbox"": [330, 1268, 2593, 1430], ""type"": ""handwritten"", ""text"": ""Ще його батько який був креслярц за""}, {""bbox"": [274, 1412, 2775, 1580], ""type"": ""handwritten"", ""text"": ""фразами, працював і мабуть, і вчителем,""}, {""bbox"": [274, 1566, 948, 1762], ""type"": ""handwritten"", ""text"": ""падіжати.""}, {""bbox"": [0, 1715, 158, 1865], ""type"": ""handwritten"", ""text"": ""м""}, {""bbox"": [275, 1757, 405, 1844], ""type"": ""handwritten"", ""text"": ""4.""}, {""bbox"": [0, 1855, 216, 1998], ""type"": ""handwritten"", ""text"": ""Многі""}, {""bbox"": [568, 1948, 2506, 2139], ""type"": ""handwritten"", ""text"": ""Співака → Співака → вимкнена""}, {""bbox"": [788, 2092, 1954, 2266], ""type"": ""handwritten"", ""text"": ""сильно непальгічна""}, {""bbox"": [314, 2231, 2759, 2421], ""type"": ""handwritten"", ""text"": ""5. Хоробрими, незалежними та незалежними.""}, {""bbox"": [319, 2379, 2643, 2575], ""type"": ""handwritten"", ""text"": ""любити Україну всім своїм серцем, й""}, {""bbox"": [267, 2560, 1271, 2717], ""type"": ""handwritten"", ""text"": ""закликати інших""}, {""bbox"": [340, 2630, 2047, 2829], ""type"": ""handwritten"", ""text"": ""6. Верелат від від і вони.""}, {""bbox"": [324, 2795, 2728, 2992], ""type"": ""handwritten"", ""text"": ""7. Потрібно бути завжди патріотом""}, {""bbox"": [316, 2960, 1076, 3124], ""type"": ""handwritten"", ""text"": ""День землі.""}, {""bbox"": [0, 2984, 266, 3197], ""type"": ""handwritten"", ""text"": ""фериль""}, {""bbox"": [336, 3073, 2528, 3246], ""type"": ""handwritten"", ""text"": ""8. Дех того чов молив розуміла, що""}, {""bbox"": [295, 3222, 2540, 3389], ""type"": ""handwritten"", ""text"": ""потрібно любити свою рідну країну.""}, {""bbox"": [1, 3262, 146, 3413], ""type"": ""handwritten"", ""text"": ""118.""}, {""bbox"": [414, 3370, 2659, 3556], ""type"": ""handwritten"", ""text"": ""Громадська лірика - твори, у яких""}]"
5afe97d9-b028-57d3-8d90-5bf34a9dd2aa.jpg,"[{""bbox"": [516, 0, 1085, 89], ""type"": ""handwritten"", ""text"": ""Двадцято дев'яте січня""}, {""bbox"": [494, 56, 864, 138], ""type"": ""handwritten"", ""text"": ""Класна робота""}, {""bbox"": [514, 119, 1445, 237], ""type"": ""handwritten"", ""text"": ""Закон Кулона. Роз'язування задач""}, {""bbox"": [598, 180, 829, 263], ""type"": ""handwritten"", ""text"": ""Вправа 1""}, {""bbox"": [63, 206, 251, 282], ""type"": ""handwritten"", ""text"": ""Дано:""}, {""bbox"": [520, 239, 797, 324], ""type"": ""handwritten"", ""text"": ""Роз'язання""}, {""bbox"": [20, 320, 313, 431], ""type"": ""formula"", ""text"": ""q_1 = 20 \\text{л}""}, {""bbox"": [520, 346, 899, 432], ""type"": ""formula"", ""text"": ""F = k \\frac{q_1 q_2}{r^2}""}, {""bbox"": [24, 448, 348, 549], ""type"": ""formula"", ""text"": ""q_2 = -30 Ж""}, {""bbox"": [518, 454, 986, 571], ""type"": ""formula"", ""text"": ""k = 9 \\cdot 10^9 \\frac{N \\cdot m^2}{k \\cdot C^2}""}, {""bbox"": [518, 573, 1767, 699], ""type"": ""formula"", ""text"": ""F = 9 \\cdot 10^9 \\frac{20 \\cdot 30}{(3 \\cdot 10^4)^2} = \\frac{600 \\cdot 10^9}{10^8} = 6000 H""}, {""bbox"": [16, 575, 476, 655], ""type"": ""formula"", ""text"": ""l = 30 \\text{ км} = 3 \\cdot 10^4""}, {""bbox"": [88, 688, 207, 768], ""type"": ""formula"", ""text"": ""F-?""}, {""bbox"": [503, 714, 1032, 818], ""type"": ""handwritten"", ""text"": ""Відповідь: 6000 Н""}, {""bbox"": [807, 859, 1049, 941], ""type"": ""handwritten"", ""text"": ""Вправа 2""}, {""bbox"": [571, 971, 880, 1062], ""type"": ""handwritten"", ""text"": ""Роз'язання""}, {""bbox"": [18, 1086, 281, 1191], ""type"": ""formula"", ""text"": ""q_1 = 1 K_1""}, {""bbox"": [583, 1090, 915, 1178], ""type"": ""formula"", ""text"": ""F = k \\frac{q_1 q_2}{r^2}""}, {""bbox"": [582, 1192, 1502, 1299], ""type"": ""formula"", ""text"": ""E^2 = k \\frac{q_1 q_2}{r^2} = 9 \\cdot 10^9 \\frac{1 \\cdot 1}{9 \\cdot 10^5} = 10^4""}, {""bbox"": [24, 1206, 548, 1304], ""type"": ""formula"", ""text"": ""F = g \\cdot m = 9 \\cdot 10^3""}, {""bbox"": [582, 1339, 1275, 1423], ""type"": ""formula"", ""text"": ""l = \\sqrt{10^6} = 10^3 = 1000 м""}, {""bbox"": [18, 1345, 292, 1455], ""type"": ""formula"", ""text"": ""q_2 = 1 млн""}, {""bbox"": [66, 1472, 221, 1557], ""type"": ""formula"", ""text"": ""2 - ?""}, {""bbox"": [593, 1477, 1049, 1571], ""type"": ""handwritten"", ""text"": ""Відповідь: 1000 м""}, {""bbox"": [759, 1622, 1016, 1700], ""type"": ""handwritten"", ""text"": ""Вправа 3""}, {""bbox"": [379, 1756, 741, 1837], ""type"": ""handwritten"", ""text"": ""Роз'язання""}, {""bbox"": [45, 1757, 742, 1838], ""type"": ""handwritten"", ""text"": ""Дано: Роз'язання""}, {""bbox"": [389, 1884, 731, 1982], ""type"": ""formula"", ""text"": ""q_1 = q_2 = q""}, {""bbox"": [23, 1904, 227, 1977], ""type"": ""formula"", ""text"": ""z = 3 м""}, {""bbox"": [373, 1997, 772, 2116], ""type"": ""formula"", ""text"": ""F = k \\frac{q_1 q_2}{r^2}""}, {""bbox"": [17, 2134, 706, 2295], ""type"": ""formula"", ""text"": ""q1? q2? F = k \\frac{q1}{r^2}""}, {""bbox"": [41, 2313, 379, 2421], ""type"": ""formula"", ""text"": ""kq^1 = F_2^2""}, {""bbox"": [47, 2337, 1456, 2578], ""type"": ""formula"", ""text"": ""q^2 = \\sqrt{\\frac{F_{тяж}}{k}} = 2 \\sqrt{\\frac{F}{k}} = 3 \\sqrt[3]{\\frac{0,4}{9 \\cdot 10^3}} = \\sqrt{\\frac{0,4}{10^3}} = 4 \\cdot 10^{-10}""}, {""bbox"": [51, 2380, 874, 2581], ""type"": ""formula"", ""text"": ""q^2 = \\sqrt{\\frac{F_{тяж}}{k}} = 2 \\sqrt{\\frac{F}{k}} = 3 \\sqrt{\\frac{0,14}{9 \\cdot 10^5}}""}]"
555fde63-5903-5962-8976-d76559248573.jpg,"[{""bbox"": [1004, 71, 1963, 272], ""type"": ""handwritten"", ""text"": ""Тринадцяте січня""}, {""bbox"": [1082, 244, 1858, 382], ""type"": ""handwritten"", ""text"": ""Домашня робота""}, {""bbox"": [1331, 396, 1624, 525], ""type"": ""handwritten"", ""text"": ""№ 15.3""}, {""bbox"": [217, 499, 1275, 764], ""type"": ""formula"", ""text"": ""\\frac{AD}{DC} = \\frac{AB}{BC}, \\frac{5}{DC} = \\frac{1}{2},""}, {""bbox"": [232, 787, 794, 922], ""type"": ""formula"", ""text"": ""1. PC = 5 · 2;""}, {""bbox"": [238, 927, 831, 1106], ""type"": ""formula"", ""text"": ""PC = 10 см.""}, {""bbox"": [1291, 1124, 1607, 1331], ""type"": ""handwritten"", ""text"": ""№ 15.5""}, {""bbox"": [182, 1353, 1525, 1670], ""type"": ""formula"", ""text"": ""\\frac{LA}{AW} = \\frac{ML}{MN}; \\frac{LA}{AW} = \\frac{4}{16} = 1:4.""}, {""bbox"": [50, 1615, 1296, 2411], ""type"": ""graph"", ""text"": """"}, {""bbox"": [1184, 2359, 1554, 2518], ""type"": ""handwritten"", ""text"": ""№ 15.7""}, {""bbox"": [135, 2532, 1867, 2737], ""type"": ""formula"", ""text"": ""1) AB \\leq BC і \\frac{MP}{PQ} = \\frac{MK}{OK}, то PQ \\leq OK.""}, {""bbox"": [121, 2755, 1381, 2956], ""type"": ""handwritten"", ""text"": ""2) за умовою BD = 3 см.""}, {""bbox"": [133, 2959, 1830, 3157], ""type"": ""handwritten"", ""text"": ""3) 6/8 = 3/OK; 6·OK = 24; OK = 4см.""}, {""bbox"": [133, 2959, 1830, 3157], ""type"": ""formula"", ""text"": ""3) \\frac{6}{8} = \\frac{3}{\\text{DK}}; 6 \\cdot \\text{DK} = 24; \\text{DK} = 4 \\text{см}.""}, {""bbox"": [112, 3180, 954, 3329], ""type"": ""formula"", ""text"": ""4) PK = 3 + 1 = 7 см.""}, {""bbox"": [130, 3403, 844, 3580], ""type"": ""handwritten"", ""text"": ""Відповідь: 7 см""}]"
c75a79da-ba0b-5e6f-9d0f-1732e1910456.jpg,"[{""bbox"": [106, 79, 1140, 188], ""type"": ""handwritten"", ""text"": ""8. Розв'яжіть рівняння:""}, {""bbox"": [205, 191, 929, 286], ""type"": ""formula"", ""text"": ""\\sqrt{17 + 2x - 3x^2} = x + 1""}, {""bbox"": [197, 295, 1120, 438], ""type"": ""formula"", ""text"": ""(\\sqrt{17 + 2x - 3x^2})^2 = (x + 1)^2""}, {""bbox"": [257, 448, 1091, 558], ""type"": ""formula"", ""text"": ""17 + 2x - 3x^2 = x^2 + 2x + 1""}, {""bbox"": [251, 583, 1206, 698], ""type"": ""formula"", ""text"": ""-3x^2 - x^2 + 2x - 2x = -17 + 1""}, {""bbox"": [263, 724, 702, 827], ""type"": ""formula"", ""text"": ""-4x^2 = -16""}, {""bbox"": [385, 843, 595, 949], ""type"": ""formula"", ""text"": ""x^2 = 4""}, {""bbox"": [308, 1012, 921, 1104], ""type"": ""formula"", ""text"": ""x_1 = 2 ; x_2 = -2""}, {""bbox"": [133, 1129, 1380, 1249], ""type"": ""handwritten"", ""text"": ""Перевіримо навміл на вірність:""}, {""bbox"": [171, 1253, 911, 1350], ""type"": ""formula"", ""text"": ""\\sqrt{17 + 2 \\cdot 2 - 3 \\cdot 2^2} = 2 + 1""}, {""bbox"": [1071, 1254, 1959, 1353], ""type"": ""formula"", ""text"": ""\\sqrt{17 + 2 \\cdot (-2) - 3 \\cdot (-2)^2} = 2 + 1""}, {""bbox"": [1272, 1373, 1584, 1470], ""type"": ""formula"", ""text"": ""\\sqrt{25} = 3""}, {""bbox"": [276, 1380, 546, 1470], ""type"": ""formula"", ""text"": ""\\sqrt{9} = 3""}, {""bbox"": [1358, 1469, 1563, 1541], ""type"": ""formula"", ""text"": ""5 ≠ 3""}, {""bbox"": [338, 1470, 519, 1536], ""type"": ""formula"", ""text"": ""3 = 3""}, {""bbox"": [151, 1587, 780, 1719], ""type"": ""handwritten"", ""text"": ""Відповідь: x = 2""}]"
cab9e50b-4442-5006-86b3-9fa616fbc1bd.jpg,"[{""bbox"": [603, 180, 1030, 341], ""type"": ""handwritten"", ""text"": ""1. a""}, {""bbox"": [603, 419, 1045, 656], ""type"": ""handwritten"", ""text"": ""2. в""}, {""bbox"": [617, 760, 1046, 961], ""type"": ""handwritten"", ""text"": ""3. a""}, {""bbox"": [601, 1031, 1062, 1261], ""type"": ""handwritten"", ""text"": ""4. в""}, {""bbox"": [644, 1320, 1071, 1578], ""type"": ""handwritten"", ""text"": ""5. б""}, {""bbox"": [637, 1724, 1086, 1909], ""type"": ""handwritten"", ""text"": ""6. a""}, {""bbox"": [649, 2025, 1102, 2218], ""type"": ""handwritten"", ""text"": ""7. a""}, {""bbox"": [669, 2337, 1103, 2528], ""type"": ""handwritten"", ""text"": ""8. a""}, {""bbox"": [679, 2571, 1537, 2869], ""type"": ""handwritten"", ""text"": ""9. в, б, а""}, {""bbox"": [680, 2919, 1132, 3155], ""type"": ""handwritten"", ""text"": ""10. a""}, {""bbox"": [683, 3294, 1141, 3492], ""type"": ""handwritten"", ""text"": ""11. a""}, {""bbox"": [699, 3601, 1167, 3808], ""type"": ""handwritten"", ""text"": ""11. а""}]"
cab6a855-d6ae-5d1c-a6f2-814bfb4c8c64.jpg,"[{""bbox"": [457, 518, 3475, 789], ""type"": ""handwritten"", ""text"": ""трофічні взаємо посил""}, {""bbox"": [457, 713, 3476, 1010], ""type"": ""handwritten"", ""text"": ""володні на гроці порівня холощини еле""}, {""bbox"": [458, 927, 3476, 1360], ""type"": ""handwritten"", ""text"": ""миккається серед боязливих""}, {""bbox"": [457, 1126, 3473, 1578], ""type"": ""handwritten"", ""text"": ""окіном шкільної сцени була""}, {""bbox"": [354, 1317, 3376, 1719], ""type"": ""handwritten"", ""text"": ""хліби відмінливі. Відколи""}]"
172ded73-72b7-50cd-ac5f-1fb6e90a9496.jpg,"[{""bbox"": [278, 1052, 2025, 1167], ""type"": ""printed"", ""text"": ""170 1. Спишіть речення, розкриваючи дужки. Доведіть, що всі ці речення є узагаль-""}, {""bbox"": [429, 1181, 1940, 1263], ""type"": ""printed"", ""text"": ""Зовка пастухом (не)ставлять 2. (Не)хвали коня, поки з дороги""}, {""bbox"": [271, 1184, 1992, 1325], ""type"": ""printed"", ""text"": ""1. Вовка пастухом (не)ставлять 2. (Не)хвали коня, поки з дороги (не)""}, {""bbox"": [2809, 1217, 3024, 1270], ""type"": ""printed"", ""text"": ""СУПЕР""}, {""bbox"": [253, 1235, 1660, 1317], ""type"": ""printed"", ""text"": ""верн(е,и)шся. 3. Як сіно косять, то дошів (не)просити. (II""}, {""bbox"": [2247, 1277, 3022, 1341], ""type"": ""printed"", ""text"": ""1. Ми - яскраві особистості. Ос-""}, {""bbox"": [1001, 1429, 1368, 1569], ""type"": ""handwritten"", ""text"": ""Вправа 170""}, {""bbox"": [438, 1531, 1931, 1679], ""type"": ""handwritten"", ""text"": ""і вовка пошуком не сповняє""}, {""bbox"": [430, 1658, 2414, 1813], ""type"": ""handwritten"", ""text"": ""2. Не ~~давали~~{хоча} нічого, нічим з дороги не вернешся""}, {""bbox"": [428, 1778, 2335, 1908], ""type"": ""handwritten"", ""text"": ""3. Як ано ~~корень~~, то досів не прояви""}, {""bbox"": [425, 1894, 2371, 2039], ""type"": ""handwritten"", ""text"": ""4. Немовлю, в серці моєму грохо, крозоре""}, {""bbox"": [395, 2113, 2436, 2277], ""type"": ""handwritten"", ""text"": ""5. Людінь правилу, і шпорилку, і сонце завира-""}, {""bbox"": [379, 2283, 905, 2411], ""type"": ""handwritten"", ""text"": ""шнього дня.""}, {""bbox"": [371, 2366, 2439, 2525], ""type"": ""handwritten"", ""text"": ""6. Дивитися і не подивитися, дивитися і не копи-""}, {""bbox"": [363, 2517, 2449, 2679], ""type"": ""handwritten"", ""text"": ""немає чинників, гарячий і похолодніє повітря.""}]"
83fb89dc-812a-5be8-9405-7847a23e46dc.jpg,"[{""bbox"": [338, 207, 2366, 628], ""type"": ""handwritten"", ""text"": ""12. Дано: Розв'язання:""}, {""bbox"": [342, 212, 1326, 561], ""type"": ""handwritten"", ""text"": ""12. Дано: V""}, {""bbox"": [399, 590, 1338, 836], ""type"": ""formula"", ""text"": ""n = 32 * 10^7""}, {""bbox"": [1455, 630, 1960, 882], ""type"": ""formula"", ""text"": ""q = n * e""}, {""bbox"": [402, 880, 1339, 1120], ""type"": ""formula"", ""text"": ""e = 1,6 \\cdot 10^{-19} \\text{ Кл}""}, {""bbox"": [1497, 905, 3508, 1285], ""type"": ""formula"", ""text"": ""n = q / e = 52 * 10^{-9} / 1,6 * 10^{-19} = 3,25 * 10^{11}""}, {""bbox"": [340, 1097, 1323, 1397], ""type"": ""formula"", ""text"": ""y - ?""}, {""bbox"": [1522, 1254, 2211, 1615], ""type"": ""handwritten"", ""text"": ""Відповідь:""}, {""bbox"": [1524, 1256, 2840, 1627], ""type"": ""handwritten"", ""text"": ""Відповідь: 2 · 10^11""}]"
f4d6f199-7aee-5419-9a23-131957acc3a6.jpg,"[{""bbox"": [536, 47, 986, 128], ""type"": ""handwritten"", ""text"": ""Сьоме квітня""}, {""bbox"": [499, 148, 1037, 251], ""type"": ""handwritten"", ""text"": ""Домашня робота""}, {""bbox"": [423, 262, 1522, 375], ""type"": ""handwritten"", ""text"": ""Густота населення сьогодні України""}, {""bbox"": [177, 369, 1643, 474], ""type"": ""handwritten"", ""text"": ""Густота населення - це показник кількості жителів-""}, {""bbox"": [123, 480, 1669, 588], ""type"": ""handwritten"", ""text"": ""ного киселяння, що припадає на одиницю площі""}, {""bbox"": [134, 584, 1053, 688], ""type"": ""handwritten"", ""text"": ""(1 км²) певної території.""}, {""bbox"": [247, 694, 1649, 800], ""type"": ""handwritten"", ""text"": ""Густина населення розраховують за формулою:""}, {""bbox"": [202, 804, 634, 902], ""type"": ""formula"", ""text"": ""r = n : n, де""}, {""bbox"": [156, 930, 1178, 1011], ""type"": ""handwritten"", ""text"": ""Г - щілота населення (осіб / км²)""}, {""bbox"": [150, 1045, 1084, 1123], ""type"": ""handwritten"", ""text"": ""II - кількості населення (осів)""}, {""bbox"": [147, 1138, 1013, 1255], ""type"": ""handwritten"", ""text"": ""П - площа території. (км²)""}, {""bbox"": [668, 1284, 921, 1367], ""type"": ""handwritten"", ""text"": ""Задача 1""}, {""bbox"": [110, 1392, 775, 1485], ""type"": ""formula"", ""text"": ""1) 100% = 70% = 30%""}, {""bbox"": [124, 1515, 876, 1607], ""type"": ""handwritten"", ""text"": ""2) 100% - 10 млн осіб""}, {""bbox"": [124, 1515, 876, 1607], ""type"": ""formula"", ""text"": ""2) 100% - 10 млн осіб""}, {""bbox"": [190, 1764, 1024, 1927], ""type"": ""formula"", ""text"": ""x = \\frac{30 \\cdot 10}{100} = 3 мм осів""}, {""bbox"": [118, 2026, 473, 2120], ""type"": ""formula"", ""text"": ""3) Г = n : n""}, {""bbox"": [186, 2120, 1456, 2257], ""type"": ""handwritten"", ""text"": ""3 млн. осіб : 60 тис. км² = 50 осіб / км²""}]"
c16ac84e-1a17-54a2-a5db-3421e9870ad1.jpg,"[{""bbox"": [874, 217, 1944, 370], ""type"": ""handwritten"", ""text"": ""Домашня робота:""}, {""bbox"": [0, 252, 256, 384], ""type"": ""handwritten"", ""text"": ""12.01""}, {""bbox"": [1183, 389, 1547, 525], ""type"": ""handwritten"", ""text"": ""N 13.6""}, {""bbox"": [315, 530, 2430, 763], ""type"": ""formula"", ""text"": ""1) \\cos (x + \\frac{\\pi}{6}) = \\cos x \\cos \\frac{\\pi}{6} - \\sin x \\sin \\frac{\\pi}{6} =""}, {""bbox"": [313, 748, 1324, 957], ""type"": ""formula"", ""text"": ""\\cos \\alpha \\cdot \\frac{\\sqrt{3}}{2} - \\sin \\alpha \\frac{1}{2}""}, {""bbox"": [307, 979, 2471, 1209], ""type"": ""formula"", ""text"": ""2) sin(x - \\frac{4\\pi}{3}) = sin x \\cos \\frac{4\\pi}{3} - sin \\frac{4\\pi}{3} \\cos x =""}, {""bbox"": [326, 1252, 1411, 1479], ""type"": ""formula"", ""text"": ""= \\sin \\cdot \\frac{1}{2} - \\cos \\cdot \\frac{\\sqrt{3}}{2}""}, {""bbox"": [326, 1541, 2764, 1738], ""type"": ""formula"", ""text"": ""3) \\cos (45^\\circ - \\alpha) = \\cos 45^\\circ \\cos \\alpha + \\sin 45^\\circ \\sin \\alpha =""}, {""bbox"": [306, 1829, 1251, 2065], ""type"": ""formula"", ""text"": ""= \\frac{\\sqrt{2}}{2} (cos x + sin x)""}, {""bbox"": [324, 2084, 2747, 2279], ""type"": ""formula"", ""text"": ""4) \\sin(\\alpha + 60°) = \\sin\\alpha \\cos60° + \\sin60° \\cos\\alpha =""}, {""bbox"": [328, 2314, 1342, 2573], ""type"": ""formula"", ""text"": ""= \\frac{\\sin \\frac{A}{2} \\cdot \\frac{1}{4} \\cos \\frac{A}{2} \\sqrt{3}}{2}""}, {""bbox"": [1210, 2551, 1510, 2718], ""type"": ""handwritten"", ""text"": ""№13.8""}, {""bbox"": [323, 2750, 2507, 2924], ""type"": ""formula"", ""text"": ""1) \\cos(\\frac{\\pi}{2} - x) = \\cos \\frac{\\pi}{2} \\cos x + \\sin \\frac{\\pi}{2} \\sin x =""}, {""bbox"": [314, 2947, 838, 3101], ""type"": ""formula"", ""text"": ""= sin A +""}, {""bbox"": [308, 3215, 1467, 3391], ""type"": ""formula"", ""text"": ""2) \\sin(\\frac{3\\pi}{2} + x) = -\\cos x""}, {""bbox"": [306, 3404, 2078, 3611], ""type"": ""formula"", ""text"": ""sin 3π/2 cos x + sin x cos 3π/2 = -cos x""}, {""bbox"": [297, 3640, 1254, 3784], ""type"": ""formula"", ""text"": ""- \\cos x + 0 = - \\cos x""}, {""bbox"": [318, 3790, 1071, 3922], ""type"": ""handwritten"", ""text"": ""- cos d = - 0,08 d""}, {""bbox"": [318, 3790, 1071, 3922], ""type"": ""formula"", ""text"": ""- cos d = - cos d""}]"
6440b626-9bee-5f44-9dac-951de7044424.jpg,"[{""bbox"": [143, 171, 1350, 372], ""type"": ""formula"", ""text"": ""a) x^4 - 3x^2 - 4 = 0""}, {""bbox"": [226, 344, 1615, 565], ""type"": ""handwritten"", ""text"": ""Загина: x' = t, t = 0""}, {""bbox"": [493, 540, 1310, 735], ""type"": ""handwritten"", ""text"": ""t^2 - 3t - 4 = 0""}, {""bbox"": [493, 540, 1310, 735], ""type"": ""formula"", ""text"": ""t^2 - 3t - 4 = 0""}, {""bbox"": [390, 739, 1796, 954], ""type"": ""formula"", ""text"": ""D = (-3)^2 - 4 \\cdot 1 \\cdot (-4) = 25""}, {""bbox"": [263, 943, 1287, 1263], ""type"": ""formula"", ""text"": ""t_{12} = \\frac{3 - 5}{2 \\cdot 1} = \\frac{-4}{2}""}, {""bbox"": [460, 1237, 2756, 1494], ""type"": ""formula"", ""text"": ""t_1 = 4 t_2 = 1 x^2 = 4 x^2 = 2 x = ±2 x = ±1""}, {""bbox"": [2444, 1366, 2780, 1518], ""type"": ""formula"", ""text"": ""x = ±1""}, {""bbox"": [193, 1417, 1592, 1642], ""type"": ""formula"", ""text"": ""8) x^4 - 10x^2 + 9 = 0""}, {""bbox"": [301, 1633, 1601, 1830], ""type"": ""handwritten"", ""text"": ""Задача: x^2 = t, t = 0""}, {""bbox"": [408, 1815, 1404, 2025], ""type"": ""formula"", ""text"": ""t^2 - 10t + 9 = 0""}, {""bbox"": [414, 2004, 1151, 2210], ""type"": ""formula"", ""text"": ""{ t_1 + t_2 = 16""}, {""bbox"": [409, 2166, 1098, 2395], ""type"": ""formula"", ""text"": ""б t_1 \\cdot t_2 = 9""}, {""bbox"": [239, 2374, 1411, 2600], ""type"": ""handwritten"", ""text"": ""t₁ = 10 або t₂ = 9""}, {""bbox"": [1095, 2584, 1623, 2768], ""type"": ""formula"", ""text"": ""або x^2 = 9""}, {""bbox"": [440, 2623, 893, 2778], ""type"": ""formula"", ""text"": ""x^2 = 10""}, {""bbox"": [1193, 2786, 1565, 2945], ""type"": ""formula"", ""text"": ""x = ± 3""}, {""bbox"": [448, 2807, 936, 2955], ""type"": ""formula"", ""text"": ""x = ± 1""}, {""bbox"": [260, 2958, 1447, 3179], ""type"": ""formula"", ""text"": ""6) x^4 - 7x^2 + 12 = 0""}, {""bbox"": [304, 3150, 1578, 3357], ""type"": ""handwritten"", ""text"": ""Заміна: x^4 = t, t ≥ 0""}, {""bbox"": [349, 3346, 1254, 3525], ""type"": ""formula"", ""text"": ""t^2 - 7t + 12 = 0""}, {""bbox"": [1702, 3482, 2699, 3701], ""type"": ""formula"", ""text"": ""x^2 = 4 або x^2 = 3""}, {""bbox"": [1702, 3482, 2699, 3701], ""type"": ""handwritten"", ""text"": ""x^2 = 4 або x^2 = 3""}, {""bbox"": [366, 3521, 1078, 3707], ""type"": ""formula"", ""text"": ""t_1 + t_2 = 12""}, {""bbox"": [382, 3696, 1416, 3900], ""type"": ""formula"", ""text"": ""t_1 = 4 або t_2 = 3""}, {""bbox"": [2281, 3708, 2764, 3896], ""type"": ""formula"", ""text"": ""x = ± 1""}, {""bbox"": [1584, 3721, 2130, 3902], ""type"": ""formula"", ""text"": ""x = ± 2""}]"
8fe7dd6d-ec76-538a-a07a-1d30573dbec0.jpg,"[{""bbox"": [216, 397, 2607, 643], ""type"": ""handwritten"", ""text"": ""1. Мультимедія - це комбінація""}, {""bbox"": [221, 574, 2516, 785], ""type"": ""handwritten"", ""text"": ""ніційної форми прагматизму""}, {""bbox"": [227, 738, 2587, 957], ""type"": ""handwritten"", ""text"": ""інформації по одному костю-""}, {""bbox"": [226, 903, 2631, 1131], ""type"": ""handwritten"", ""text"": ""популяція текстової, звучної""}, {""bbox"": [230, 1070, 2567, 1283], ""type"": ""handwritten"", ""text"": ""і української або, останнім""}, {""bbox"": [2630, 1316, 2945, 1524], ""type"": ""handwritten"", ""text"": ""і нікто""}, {""bbox"": [122, 1395, 2593, 1624], ""type"": ""handwritten"", ""text"": ""я - механічні, рухомі і нерухомі""}, {""bbox"": [41, 1587, 2530, 1803], ""type"": ""handwritten"", ""text"": ""практичне зобов'язання сучасної""}, {""bbox"": [162, 1773, 1733, 1955], ""type"": ""handwritten"", ""text"": ""та відео об'єкти.""}, {""bbox"": [59, 1936, 2505, 2156], ""type"": ""handwritten"", ""text"": ""3. магіял (магічний), атри""}, {""bbox"": [128, 2132, 2275, 2322], ""type"": ""handwritten"", ""text"": ""того) перетворений на""}, {""bbox"": [140, 2314, 2443, 2505], ""type"": ""handwritten"", ""text"": ""вівому проміжному члену.""}, {""bbox"": [59, 2491, 2141, 2680], ""type"": ""handwritten"", ""text"": ""4. дискретної інформації""}, {""bbox"": [125, 2678, 2666, 2862], ""type"": ""handwritten"", ""text"": ""маганола інфраструктури""}, {""bbox"": [78, 2864, 2728, 3062], ""type"": ""handwritten"", ""text"": ""показується якого може зміню""}, {""bbox"": [50, 3054, 2530, 3263], ""type"": ""handwritten"", ""text"": ""вони тільки перекидаю""}, {""bbox"": [109, 3246, 3018, 3479], ""type"": ""handwritten"", ""text"": ""Та магічні тільки екстратакоці""}, {""bbox"": [66, 3437, 657, 3627], ""type"": ""annotation"", ""text"": ""5. РРГ""}]"
728d28d0-1c0a-53eb-8cd1-5d2123cf0a90.jpg,"[{""bbox"": [48, 251, 112, 283], ""type"": ""handwritten"", ""text"": ""5) а;""}, {""bbox"": [46, 292, 110, 326], ""type"": ""handwritten"", ""text"": ""2) г;""}, {""bbox"": [49, 332, 113, 371], ""type"": ""handwritten"", ""text"": ""3) б;""}, {""bbox"": [47, 365, 490, 417], ""type"": ""handwritten"", ""text"": ""4) 1 - а; 2 - в; 3 - б; 4 - г;""}, {""bbox"": [47, 365, 490, 417], ""type"": ""formula"", ""text"": ""4) 1 - a; 2 - в; 3 - б; 4 - г;""}, {""bbox"": [51, 421, 184, 456], ""type"": ""handwritten"", ""text"": ""5) Дано:""}, {""bbox"": [50, 460, 344, 503], ""type"": ""handwritten"", ""text"": ""Δ ABC - правильний""}, {""bbox"": [50, 505, 401, 545], ""type"": ""formula"", ""text"": ""AB = BC = AC = 2\\sqrt{3} см""}, {""bbox"": [50, 554, 245, 588], ""type"": ""formula"", ""text"": ""MK = √61 см""}, {""bbox"": [56, 594, 346, 632], ""type"": ""handwritten"", ""text"": ""Знайти: MD - ?""}, {""bbox"": [39, 643, 246, 688], ""type"": ""handwritten"", ""text"": ""Розв'язання:""}, {""bbox"": [46, 734, 675, 782], ""type"": ""handwritten"", ""text"": ""ОП = r; r = √3/2 a, де a - сторона""}, {""bbox"": [47, 780, 541, 827], ""type"": ""handwritten"", ""text"": ""ON = a = √3 / 2 * 2 √3 = 1, моду""}, {""bbox"": [48, 824, 608, 875], ""type"": ""formula"", ""text"": ""MO = \\sqrt{(6)^2 + 1^2} = \\sqrt{6 + 1} = \\sqrt{7} см""}, {""bbox"": [34, 891, 67, 932], ""type"": ""handwritten"", ""text"": ""б)""}, {""bbox"": [47, 931, 173, 970], ""type"": ""handwritten"", ""text"": ""Дано:""}, {""bbox"": [26, 989, 249, 1029], ""type"": ""formula"", ""text"": ""AK = 4\\sqrt{2} см""}, {""bbox"": [26, 1035, 368, 1082], ""type"": ""formula"", ""text"": ""∠ABH = ∠ACB = 45°""}, {""bbox"": [18, 1096, 226, 1139], ""type"": ""formula"", ""text"": ""∠BAC = 60°""}, {""bbox"": [17, 1139, 318, 1191], ""type"": ""handwritten"", ""text"": ""Знайти: BC - ?""}]"
eed1b246-adc9-5e9a-9ff8-f4d5122c5552.jpg,"[{""bbox"": [970, 147, 1727, 306], ""type"": ""handwritten"", ""text"": ""Третє квітня""}, {""bbox"": [929, 298, 1965, 462], ""type"": ""handwritten"", ""text"": ""Домашня робота""}, {""bbox"": [1339, 444, 1878, 600], ""type"": ""handwritten"", ""text"": ""Вправа 445""}, {""bbox"": [338, 567, 2905, 744], ""type"": ""handwritten"", ""text"": ""Верба - одне з найпоширеніших дерев в Україні,""}, {""bbox"": [215, 723, 2907, 886], ""type"": ""handwritten"", ""text"": ""одне із найцінніших в народі. Нею обсаджува-""}, {""bbox"": [189, 867, 2855, 1049], ""type"": ""handwritten"", ""text"": ""ти ставки, береги річок, дороги і в цьому наші""}, {""bbox"": [201, 1026, 2909, 1193], ""type"": ""handwritten"", ""text"": ""передки багати безпосередньо господарську досвід-""}, {""bbox"": [194, 1167, 2942, 1330], ""type"": ""handwritten"", ""text"": ""ність: верби укріплюють береги, стриблюють зсу-""}, {""bbox"": [197, 1309, 2808, 1481], ""type"": ""handwritten"", ""text"": ""ви, а в пасутиливих місцевостях зустрічають бі-""}, {""bbox"": [191, 1462, 2942, 1646], ""type"": ""handwritten"", ""text"": ""піщані заноси. У всіх місцевостях України""}, {""bbox"": [162, 1632, 2915, 1797], ""type"": ""handwritten"", ""text"": ""колись були поширениші тіні із верболозу, а""}, {""bbox"": [150, 1778, 2786, 1955], ""type"": ""handwritten"", ""text"": ""то й вербовий живопіт. Згадаймо пісеньке""}, {""bbox"": [180, 1933, 2980, 2122], ""type"": ""handwritten"", ""text"": ""\""В кінці греблі муселять верби, що я посадила.""}, {""bbox"": [116, 2097, 2986, 2275], ""type"": ""handwritten"", ""text"": ""До речі, для цього досить вбити в землю вер-""}, {""bbox"": [95, 2256, 2953, 2438], ""type"": ""handwritten"", ""text"": ""довгий кілок чи пруток. Звичай насаджувати""}, {""bbox"": [115, 2412, 2440, 2590], ""type"": ""handwritten"", ""text"": ""верби відомий із глибокої давнини.""}, {""bbox"": [212, 2568, 3023, 2787], ""type"": ""handwritten"", ""text"": ""Народна мудрість давно зауважила: де рос-""}, {""bbox"": [100, 2768, 3052, 2967], ""type"": ""handwritten"", ""text"": ""туть верби, таєм гисті досягла води... „Ой у полі""}, {""bbox"": [95, 2946, 3088, 3137], ""type"": ""handwritten"", ""text"": ""вербиченька таки стала криниченька. Або: \""Ай""}, {""bbox"": [62, 3113, 3013, 3305], ""type"": ""handwritten"", ""text"": ""на городі під вербою стоїть коподезь із водою.\""""}, {""bbox"": [146, 3289, 3044, 3514], ""type"": ""handwritten"", ""text"": ""Верба над ставом - традиційна прикмета.""}, {""bbox"": [59, 3502, 1205, 3714], ""type"": ""handwritten"", ""text"": ""українського села.""}]"
2a8a7785-2a06-5b1c-92af-35397c96bdd0.jpg,"[{""bbox"": [402, 384, 3005, 593], ""type"": ""handwritten"", ""text"": ""Транспортний кодекс України""}, {""bbox"": [422, 580, 2701, 764], ""type"": ""handwritten"", ""text"": ""Принцип магічного 6""}, {""bbox"": [296, 759, 2939, 936], ""type"": ""handwritten"", ""text"": ""однією найпопулярнішою поем""}, {""bbox"": [290, 925, 2728, 1112], ""type"": ""handwritten"", ""text"": ""для формування з фазами,""}, {""bbox"": [305, 1104, 2950, 1284], ""type"": ""handwritten"", ""text"": ""обмін нові технології транспорту""}, {""bbox"": [260, 1286, 2767, 1484], ""type"": ""handwritten"", ""text"": ""можливі тактики радикально""}, {""bbox"": [258, 1468, 3121, 1658], ""type"": ""handwritten"", ""text"": ""змінити наше життя, впоколи""}, {""bbox"": [253, 1641, 3123, 1853], ""type"": ""handwritten"", ""text"": ""та навколишнє середовище. Одною""}, {""bbox"": [242, 1835, 2832, 2039], ""type"": ""handwritten"", ""text"": ""з Осенію неприємне розбити""}, {""bbox"": [276, 2027, 3186, 2224], ""type"": ""handwritten"", ""text"": ""електричного потенціалу. Електричні""}, {""bbox"": [232, 2208, 2885, 2415], ""type"": ""handwritten"", ""text"": ""стогань висіли на палубі""}, {""bbox"": [216, 2398, 2657, 2604], ""type"": ""handwritten"", ""text"": ""завдяки електрозв'язку,""}, {""bbox"": [175, 2616, 2613, 2816], ""type"": ""handwritten"", ""text"": ""Ми просуваємо ная приступ""}, {""bbox"": [204, 2812, 3115, 3041], ""type"": ""handwritten"", ""text"": ""взгляді магнітних полів, смерча""}, {""bbox"": [218, 3026, 3110, 3260], ""type"": ""handwritten"", ""text"": ""небріжним струнам. Експро""}, {""bbox"": [203, 3246, 3201, 3492], ""type"": ""handwritten"", ""text"": ""двадцяти п'ятиси відповіді, оле""}, {""bbox"": [199, 3462, 3306, 3697], ""type"": ""handwritten"", ""text"": ""й екологічно безпечні, оскільки""}, {""bbox"": [170, 3674, 3316, 3926], ""type"": ""handwritten"", ""text"": ""ні відчинить міліційний веліть.""}, {""bbox"": [158, 3905, 3260, 4184], ""type"": ""handwritten"", ""text"": ""Кри піло, воливо солідні""}, {""bbox"": [113, 4169, 3021, 4412], ""type"": ""handwritten"", ""text"": ""разом з обслуговувачів, погоді""}]"
fbc3669d-f293-51de-9719-8101fde850a9.jpg,"[{""bbox"": [914, 208, 1696, 428], ""type"": ""handwritten"", ""text"": ""Одинадцяте жовтня""}, {""bbox"": [741, 384, 1524, 600], ""type"": ""handwritten"", ""text"": ""Класна робота""}, {""bbox"": [335, 554, 2606, 802], ""type"": ""handwritten"", ""text"": ""Правлення модами. Опис будови правлячої системи""}, {""bbox"": [181, 748, 2744, 1001], ""type"": ""handwritten"", ""text"": ""Плавлення - це процес розщеплення складних органічних""}, {""bbox"": [191, 950, 651, 1164], ""type"": ""handwritten"", ""text"": ""речовин.""}, {""bbox"": [912, 1147, 2045, 1368], ""type"": ""handwritten"", ""text"": ""Основні процеси травлення""}, {""bbox"": [149, 1305, 1281, 1583], ""type"": ""handwritten"", ""text"": ""1. Різноманіття інсі.""}, {""bbox"": [161, 1560, 1406, 1775], ""type"": ""handwritten"", ""text"": ""2. Хімічні перетворення і ~~і~~ї.""}, {""bbox"": [156, 1775, 1222, 1977], ""type"": ""handwritten"", ""text"": ""3. Вимагування їхні""}, {""bbox"": [146, 1927, 1097, 2164], ""type"": ""handwritten"", ""text"": ""4. Перелічити їхні:""}, {""bbox"": [142, 2168, 1135, 2383], ""type"": ""handwritten"", ""text"": ""5. Видалити лишніх.""}, {""bbox"": [867, 2337, 1718, 2570], ""type"": ""handwritten"", ""text"": ""Типи травних""}, {""bbox"": [148, 2581, 984, 2742], ""type"": ""handwritten"", ""text"": ""1. автолітичні,""}, {""bbox"": [128, 2831, 919, 3025], ""type"": ""handwritten"", ""text"": ""2. пронизливі.""}, {""bbox"": [152, 2993, 1050, 3231], ""type"": ""handwritten"", ""text"": ""3. пристійкає.""}, {""bbox"": [151, 3244, 1050, 3385], ""type"": ""handwritten"", ""text"": ""4. Синтез.""}]"
b706c539-06b2-5ac9-82cd-ca5b9396ee04.jpg,"[{""bbox"": [555, 84, 3573, 353], ""type"": ""handwritten"", ""text"": ""Течійка/кишечник: ровні підлоги, банкі""}, {""bbox"": [454, 428, 954, 560], ""type"": ""handwritten"", ""text"": ""метани.""}, {""bbox"": [384, 574, 2344, 851], ""type"": ""handwritten"", ""text"": ""3. Як економиться вода?""}, {""bbox"": [458, 828, 3348, 1081], ""type"": ""handwritten"", ""text"": ""- Реабсорбція: у низькових камальцях""}, {""bbox"": [1, 841, 194, 1004], ""type"": ""handwritten"", ""text"": ""-г-""}, {""bbox"": [481, 1054, 3404, 1332], ""type"": ""handwritten"", ""text"": ""вода вилікується з первинної сечі""}, {""bbox"": [487, 1306, 1543, 1580], ""type"": ""handwritten"", ""text"": ""назад у кров""}, {""bbox"": [456, 1522, 3442, 1796], ""type"": ""handwritten"", ""text"": ""Концентрована сеча: завдяки вторинним""}, {""bbox"": [555, 1766, 3573, 2038], ""type"": ""handwritten"", ""text"": ""мірками тварини виводять мінімум від""}, {""bbox"": [556, 2022, 3528, 2262], ""type"": ""handwritten"", ""text"": ""Покриви: шпільна шкіра, луски або""}, {""bbox"": [656, 2240, 3677, 2534], ""type"": ""handwritten"", ""text"": ""тим захищають від випарування.""}, {""bbox"": [1, 2303, 194, 2456], ""type"": ""handwritten"", ""text"": ""176""}]"
e69f5074-9919-5692-84c0-dece835711cf.jpg,"[{""bbox"": [270, 1805, 1284, 1924], ""type"": ""handwritten"", ""text"": ""у - (вже був у цьому році)""}, {""bbox"": [267, 1932, 2113, 2048], ""type"": ""handwritten"", ""text"": ""значення: а - сполучник, суспідний, проникновний""}, {""bbox"": [606, 2049, 2437, 2171], ""type"": ""handwritten"", ""text"": ""на-притягнення, узимо з їх давальною відмінку""}, {""bbox"": [248, 2190, 1980, 2301], ""type"": ""handwritten"", ""text"": ""~~у реченні, що - сполучник, підрядне, одиничний~~""}, {""bbox"": [240, 2338, 1327, 2436], ""type"": ""handwritten"", ""text"": ""5 речення: на ~~~т~~ прийменник""}, {""bbox"": [646, 2452, 2510, 2579], ""type"": ""handwritten"", ""text"": ""в - приміщення, у якого з їх давнього відміну""}, {""bbox"": [643, 2592, 2196, 2712], ""type"": ""handwritten"", ""text"": ""і - сполучник, єднальний, повторюваний.""}, {""bbox"": [645, 2735, 1748, 2869], ""type"": ""handwritten"", ""text"": ""в свіжі був у цьому роціні)""}, {""bbox"": [219, 2857, 2594, 2998], ""type"": ""handwritten"", ""text"": ""в речення: в - прийменник, узято з ім. давнього відмінку.""}, {""bbox"": [615, 3004, 2513, 3146], ""type"": ""handwritten"", ""text"": ""із-підійманий, узимо з їм-подавою відмінну.""}]"
ef80bd7e-eca7-5bab-9d19-d417a099de80.jpg,"[{""bbox"": [785, 479, 2191, 644], ""type"": ""handwritten"", ""text"": ""Гастролю. Заводові митки""}, {""bbox"": [574, 622, 1979, 771], ""type"": ""handwritten"", ""text"": ""практична робота №6""}, {""bbox"": [598, 747, 2543, 924], ""type"": ""handwritten"", ""text"": ""Вживання етапів ембріологічну х~~оф~~ордових""}, {""bbox"": [0, 816, 377, 950], ""type"": ""handwritten"", ""text"": ""мні, що""}, {""bbox"": [602, 920, 2034, 1075], ""type"": ""handwritten"", ""text"": ""твоїм, вивчено, похідних""}, {""bbox"": [0, 989, 248, 1128], ""type"": ""handwritten"", ""text"": ""моя.""}, {""bbox"": [484, 1057, 2545, 1230], ""type"": ""handwritten"", ""text"": ""Мета: розглянути етапи міфіологічного""}, {""bbox"": [0, 1131, 324, 1276], ""type"": ""handwritten"", ""text"": ""до яких""}, {""bbox"": [429, 1215, 2647, 1432], ""type"": ""handwritten"", ""text"": ""та розвитку багаточленних тварин та вета-""}, {""bbox"": [0, 1288, 402, 1426], ""type"": ""handwritten"", ""text"": ""медичин""}, {""bbox"": [450, 1355, 2585, 1522], ""type"": ""handwritten"", ""text"": ""ковити закономі закономірності магнітного""}, {""bbox"": [0, 1435, 400, 1571], ""type"": ""handwritten"", ""text"": ""ні заби-""}, {""bbox"": [0, 1586, 261, 1735], ""type"": ""handwritten"", ""text"": ""ання.""}, {""bbox"": [474, 1586, 865, 1708], ""type"": ""handwritten"", ""text"": ""холодних.""}, {""bbox"": [921, 1715, 1495, 1860], ""type"": ""handwritten"", ""text"": ""Хід роботи""}, {""bbox"": [488, 1863, 2569, 2006], ""type"": ""handwritten"", ""text"": ""1. 1) Дроблення (послідовне лінійним поділів""}, {""bbox"": [0, 1904, 379, 2042], ""type"": ""handwritten"", ""text"": ""мивно.""}, {""bbox"": [464, 2024, 2461, 2167], ""type"": ""handwritten"", ""text"": ""знати або патентованної якісністі)""}, {""bbox"": [1, 2075, 321, 2188], ""type"": ""handwritten"", ""text"": ""тим,""}, {""bbox"": [581, 2180, 1412, 2319], ""type"": ""handwritten"", ""text"": ""Домашня робота""}, {""bbox"": [0, 2232, 302, 2390], ""type"": ""handwritten"", ""text"": ""3. а)""}, {""bbox"": [504, 2346, 1125, 2505], ""type"": ""handwritten"", ""text"": ""2) Доступність""}, {""bbox"": [491, 2501, 1289, 2669], ""type"": ""handwritten"", ""text"": ""3) Стадія нейронів""}, {""bbox"": [496, 2678, 2168, 2817], ""type"": ""handwritten"", ""text"": ""4) власна мова й фольклору.""}, {""bbox"": [438, 2824, 2558, 2987], ""type"": ""handwritten"", ""text"": ""2. Екологічні - нервово, кінчи, ферм.""}, {""bbox"": [496, 2997, 2493, 3163], ""type"": ""handwritten"", ""text"": ""елементи фольклору, зовнішній""}, {""bbox"": [452, 3162, 2756, 3338], ""type"": ""handwritten"", ""text"": ""мов похідних (енідешчісь мкіфі) та мкіфі:""}, {""bbox"": [444, 3326, 2535, 3518], ""type"": ""handwritten"", ""text"": ""залози, передня й задні кишки, зовнішні""}, {""bbox"": [439, 3504, 1999, 3669], ""type"": ""handwritten"", ""text"": ""забо заковорчих тацо.""}]"
251ddee6-e8e2-58a3-91c2-eb4970a2648d.jpg,"[{""bbox"": [1004, 726, 1352, 893], ""type"": ""handwritten"", ""text"": ""№ 51""}, {""bbox"": [383, 833, 2427, 1051], ""type"": ""formula"", ""text"": ""Дано: у Δ ABC AB = 6 см, BC = 12 см, ∠C = 60°,""}, {""bbox"": [456, 1184, 1096, 1353], ""type"": ""handwritten"", ""text"": ""Розв'язання:""}, {""bbox"": [0, 1189, 357, 1356], ""type"": ""handwritten"", ""text"": ""ншії то""}, {""bbox"": [1102, 1296, 1551, 1429], ""type"": ""annotation"", ""text"": ""AB = BC""}, {""bbox"": [1177, 1425, 2708, 1709], ""type"": ""formula"", ""text"": ""\\frac{AB}{BC} = \\frac{AC}{LC} = \\frac{6}{12} = \\frac{AC}{6} = 30 \\text{ } \\text{AB} =""}, {""bbox"": [415, 1904, 1283, 2110], ""type"": ""handwritten"", ""text"": ""Відповідь: 9 см.""}, {""bbox"": [449, 2272, 2645, 2467], ""type"": ""handwritten"", ""text"": ""Дано: ABC - трикутник, AC = AB = 9 см,""}, {""bbox"": [418, 2476, 1042, 2603], ""type"": ""formula"", ""text"": ""(L: ∠B = 5°; 2""}, {""bbox"": [470, 2594, 1270, 2771], ""type"": ""handwritten"", ""text"": ""Знайти: PABC""}, {""bbox"": [462, 2758, 1287, 2926], ""type"": ""handwritten"", ""text"": ""Розв'язання:""}, {""bbox"": [973, 2858, 2281, 3032], ""type"": ""handwritten"", ""text"": ""Нескільки відповідей, бо AC = x - a""}, {""bbox"": [1, 3176, 218, 3323], ""type"": ""handwritten"", ""text"": "", то""}, {""bbox"": [438, 3384, 2813, 3537], ""type"": ""formula"", ""text"": ""AC = AB - 9 = 15 - 9 = 6 см; BC = AB = 15; P_{ABC} = AB + BC + AC =""}, {""bbox"": [601, 3589, 1321, 3687], ""type"": ""handwritten"", ""text"": ""Відповідь: 36 см""}]"
c0028a37-c5ac-55d5-abd4-011442eae20a.jpg,"[{""bbox"": [644, 89, 834, 220], ""type"": ""handwritten"", ""text"": ""1. C.""}, {""bbox"": [643, 242, 850, 436], ""type"": ""handwritten"", ""text"": ""2. в""}, {""bbox"": [648, 454, 846, 614], ""type"": ""handwritten"", ""text"": ""3. в.""}, {""bbox"": [643, 672, 849, 818], ""type"": ""handwritten"", ""text"": ""4. С.""}, {""bbox"": [647, 869, 891, 1024], ""type"": ""handwritten"", ""text"": ""5. а.""}, {""bbox"": [647, 1040, 889, 1205], ""type"": ""handwritten"", ""text"": ""6. б.""}, {""bbox"": [654, 1255, 882, 1394], ""type"": ""handwritten"", ""text"": ""7. a.""}, {""bbox"": [651, 1428, 1125, 1603], ""type"": ""handwritten"", ""text"": ""8. a, б, в.""}, {""bbox"": [656, 1653, 954, 1811], ""type"": ""handwritten"", ""text"": ""9. а.""}, {""bbox"": [659, 1817, 946, 1979], ""type"": ""handwritten"", ""text"": ""10. б.""}, {""bbox"": [662, 1983, 892, 2182], ""type"": ""handwritten"", ""text"": ""11. в""}, {""bbox"": [663, 2187, 866, 2384], ""type"": ""handwritten"", ""text"": ""12. в""}, {""bbox"": [664, 2418, 895, 2575], ""type"": ""handwritten"", ""text"": ""13. г""}, {""bbox"": [654, 2583, 892, 2763], ""type"": ""handwritten"", ""text"": ""14. в""}, {""bbox"": [661, 2812, 904, 2988], ""type"": ""handwritten"", ""text"": ""15. г""}, {""bbox"": [666, 3027, 904, 3164], ""type"": ""handwritten"", ""text"": ""16. б""}, {""bbox"": [667, 3176, 919, 3351], ""type"": ""handwritten"", ""text"": ""17. в""}, {""bbox"": [689, 3365, 1408, 3568], ""type"": ""handwritten"", ""text"": ""18. a, b, г, д.""}, {""bbox"": [674, 3550, 953, 3733], ""type"": ""handwritten"", ""text"": ""19. в.""}, {""bbox"": [677, 3770, 942, 3918], ""type"": ""handwritten"", ""text"": ""20. г""}]"
49d70be4-af77-558b-af69-8ea6386d95fb.jpg,"[{""bbox"": [131, 0, 418, 234], ""type"": ""annotation"", ""text"": ""дво.""}, {""bbox"": [1103, 421, 2585, 763], ""type"": ""handwritten"", ""text"": ""Дванадцяте січня""}, {""bbox"": [1068, 703, 2622, 1022], ""type"": ""handwritten"", ""text"": ""Домашня робота""}, {""bbox"": [258, 970, 3324, 1273], ""type"": ""handwritten"", ""text"": ""мутантні середовище організму складаєть-""}, {""bbox"": [258, 1236, 3283, 1499], ""type"": ""handwritten"", ""text"": ""з трьох основних компонентів: кров,""}, {""bbox"": [258, 1453, 3323, 1730], ""type"": ""handwritten"", ""text"": ""лора, тханлина, рідина. Усі складник""}, {""bbox"": [257, 1698, 3327, 1991], ""type"": ""handwritten"", ""text"": ""нутрішнього середовища організму та""}, {""bbox"": [257, 1934, 3327, 2254], ""type"": ""handwritten"", ""text"": ""затягнені, адже впливають на хімі""}, {""bbox"": [359, 2145, 3429, 2499], ""type"": ""handwritten"", ""text"": ""склад одно одного. Кров і мікро""}]"
f0070b31-c35d-56ca-8176-27b8d3c7247c.jpg,"[{""bbox"": [333, 72, 2939, 316], ""type"": ""handwritten"", ""text"": ""відкрив нові можливість для""}, {""bbox"": [348, 251, 3201, 546], ""type"": ""handwritten"", ""text"": ""досліджень. N A S A, відомість""}, {""bbox"": [341, 442, 3082, 784], ""type"": ""handwritten"", ""text"": ""Комітет охорони (КГО)""}, {""bbox"": [0, 581, 60, 745], ""type"": ""handwritten"", ""text"": ""/""}, {""bbox"": [298, 615, 2967, 917], ""type"": ""handwritten"", ""text"": ""Кимчан-оскільки троцький""}, {""bbox"": [1, 819, 186, 994], ""type"": ""handwritten"", ""text"": ""си""}, {""bbox"": [304, 833, 3250, 1110], ""type"": ""handwritten"", ""text"": ""посад програмою повідом""}, {""bbox"": [290, 1033, 3300, 1333], ""type"": ""handwritten"", ""text"": ""з альпійських гір, Моргог,""}, {""bbox"": [0, 1228, 147, 1444], ""type"": ""handwritten"", ""text"": ""4""}, {""bbox"": [297, 1280, 3141, 1522], ""type"": ""handwritten"", ""text"": ""символом, містить посил,""}, {""bbox"": [277, 1494, 2603, 1720], ""type"": ""handwritten"", ""text"": ""сум розмірюючи сечі.""}, {""bbox"": [306, 1708, 2529, 1930], ""type"": ""handwritten"", ""text"": ""штативом-модулем""}, {""bbox"": [515, 1898, 3451, 2162], ""type"": ""handwritten"", ""text"": ""Майбутня пошукова перспек-""}, {""bbox"": [258, 2151, 3098, 2362], ""type"": ""handwritten"", ""text"": ""шоколадне поле, \""поля\"" імені""}, {""bbox"": [248, 2347, 3082, 2587], ""type"": ""handwritten"", ""text"": ""может, поїхати на Море.""}, {""bbox"": [256, 2559, 3403, 2845], ""type"": ""handwritten"", ""text"": ""Крім того, розвиток навіть""}, {""bbox"": [254, 2789, 3011, 3103], ""type"": ""handwritten"", ""text"": ""пінній, збірено у сформ.""}, {""bbox"": [229, 3021, 3208, 3334], ""type"": ""handwritten"", ""text"": ""протоку, шлакріосуцію та""}, {""bbox"": [207, 3251, 3232, 3564], ""type"": ""handwritten"", ""text"": ""шляху, що є""}, {""bbox"": [192, 3476, 3339, 3802], ""type"": ""handwritten"", ""text"": ""символічну осколки, поєднано""}, {""bbox"": [158, 3727, 3199, 4218], ""type"": ""handwritten"", ""text"": ""протизу по розкрити його""}, {""bbox"": [175, 3902, 3424, 4370], ""type"": ""handwritten"", ""text"": ""популяції для насули та моря""}, {""bbox"": [141, 4328, 1044, 4603], ""type"": ""handwritten"", ""text"": ""в цілому.""}]"
a6f4e8f6-f124-5d87-8bd6-c29267fa2a37.jpg,"[{""bbox"": [774, 76, 2344, 315], ""type"": ""handwritten"", ""text"": ""Віднайдене містоподібне об'єднання""}, {""bbox"": [171, 413, 2627, 1027], ""type"": ""formula"", ""text"": ""AD = 4 см; BC = 2 см""}, {""bbox"": [200, 1483, 2527, 1656], ""type"": ""formula"", ""text"": ""= 0^2 (cm^2, тоді AB = AC = 22 (см).""}, {""bbox"": [176, 1648, 2717, 1824], ""type"": ""formula"", ""text"": ""3) Маємо AB + BC = EF 2c + 2 + 2c = 2c + 4""}, {""bbox"": [201, 1984, 2785, 2167], ""type"": ""formula"", ""text"": ""4) Отже, BС = 13 см, AP = 13 * 2 = 15 (см).""}, {""bbox"": [203, 2170, 2238, 2357], ""type"": ""formula"", ""text"": ""Відповідь: 13 год 45 с.""}, {""bbox"": [910, 2516, 2607, 2704], ""type"": ""handwritten"", ""text"": ""б) Доведіть: EK = KL · LE =""}, {""bbox"": [205, 2700, 3019, 2911], ""type"": ""handwritten"", ""text"": ""2. 13.2.10 позначення: K = 4,25 K =""}, {""bbox"": [205, 2700, 3019, 2911], ""type"": ""formula"", ""text"": ""2. 3. 2. 10 розначення: 1 к = 10^3 г = 10^6 мг""}, {""bbox"": [156, 2902, 3020, 3116], ""type"": ""handwritten"", ""text"": ""2) Використовуючи резервні запаси""}, {""bbox"": [229, 3305, 2294, 3481], ""type"": ""formula"", ""text"": ""= 40 г; ВС = 2 · АК = 2 · 2х = 4х г.""}, {""bbox"": [228, 3419, 2901, 3665], ""type"": ""formula"", ""text"": ""3) може АВ = ВС = 10х / 4х = 10х / 4х = 5 / 2 = 5 : 2""}]"
b5db1d37-867d-507e-8c9a-2b9d8667ce57.jpg,"[{""bbox"": [512, 97, 641, 231], ""type"": ""handwritten"", ""text"": ""✓""}, {""bbox"": [705, 934, 2295, 1076], ""type"": ""handwritten"", ""text"": ""2 - етил - 3 - метилбутен-2""}, {""bbox"": [1051, 1115, 1250, 1298], ""type"": ""annotation"", ""text"": ""СНз""}, {""bbox"": [613, 1289, 1942, 1512], ""type"": ""formula"", ""text"": ""CH3 - CH - CH - CH - COOH""}, {""bbox"": [650, 1672, 2189, 1826], ""type"": ""handwritten"", ""text"": ""3 - метил - 2-хлорпропанові""}, {""bbox"": [1271, 1840, 1581, 1984], ""type"": ""annotation"", ""text"": ""№ 132""}, {""bbox"": [1271, 1840, 1581, 1984], ""type"": ""handwritten"", ""text"": ""N 132""}, {""bbox"": [451, 1958, 1398, 2556], ""type"": ""graph"", ""text"": """"}, {""bbox"": [2236, 2021, 2505, 2339], ""type"": ""annotation"", ""text"": ""СКЗ""}, {""bbox"": [455, 2543, 1394, 2734], ""type"": ""handwritten"", ""text"": ""демократичної""}, {""bbox"": [2326, 2677, 2464, 2787], ""type"": ""annotation"", ""text"": ""с/""}, {""bbox"": [1937, 2844, 2971, 3041], ""type"": ""handwritten"", ""text"": ""3 - Метил - 2 - Хлоропентановий""}, {""bbox"": [464, 2927, 1852, 3211], ""type"": ""formula"", ""text"": ""CH3 - CH2 - CH - CH - COOH""}, {""bbox"": [467, 3522, 1647, 3704], ""type"": ""handwritten"", ""text"": ""2 - метил - 3 - метилетилові""}]"
812989c1-79d3-5672-abb5-7e03cde94288.jpg,"[{""bbox"": [176, 40, 1516, 180], ""type"": ""formula"", ""text"": ""Q_1 = 2300000 \\cdot 0,05 = 115000 \\text{ Дж}""}, {""bbox"": [184, 318, 1474, 435], ""type"": ""formula"", ""text"": ""Q = 115000 + 8400 = 123 400 One""}, {""bbox"": [202, 458, 1036, 596], ""type"": ""handwritten"", ""text"": ""Відповідь: 123400 Дж""}, {""bbox"": [687, 583, 1018, 736], ""type"": ""handwritten"", ""text"": ""Задача 3""}, {""bbox"": [169, 729, 383, 846], ""type"": ""handwritten"", ""text"": ""Дано""}, {""bbox"": [134, 867, 445, 992], ""type"": ""formula"", ""text"": ""t_1 = 0^{\\circ}C""}]"
7e98a014-ec2d-57bf-991e-7b6ed5b9b67c.jpg,"[{""bbox"": [391, 200, 2458, 382], ""type"": ""handwritten"", ""text"": ""Літографія - це різда мінімізм, що зміниться""}, {""bbox"": [341, 327, 2619, 542], ""type"": ""handwritten"", ""text"": ""терпію та притягнуто створення мовних (мовнороль)""}, {""bbox"": [331, 469, 2177, 693], ""type"": ""handwritten"", ""text"": ""1596 р - перший словник, лавринів згодніс""}, {""bbox"": [373, 638, 1317, 807], ""type"": ""handwritten"", ""text"": ""1627 р - Польша виринула""}, {""bbox"": [361, 711, 2293, 945], ""type"": ""handwritten"", ""text"": ""1796р - лінгвист до \""Енциклопедії\"" І. Котляревського.""}, {""bbox"": [1063, 1161, 1843, 1307], ""type"": ""handwritten"", ""text"": ""Тринадцяте січня""}, {""bbox"": [1116, 1289, 1814, 1445], ""type"": ""handwritten"", ""text"": ""Домашня робота""}, {""bbox"": [496, 1427, 2586, 1587], ""type"": ""handwritten"", ""text"": ""Основні типи словників, особливості підходи та.""}, {""bbox"": [287, 1572, 2520, 1742], ""type"": ""handwritten"", ""text"": ""Відміність мовних станій у різних мовниках""}, {""bbox"": [427, 1738, 1345, 1896], ""type"": ""handwritten"", ""text"": ""Орфографічний словник.""}, {""bbox"": [270, 1845, 2835, 2042], ""type"": ""handwritten"", ""text"": ""Коридор, квадрат, пісочок, підгу, стільця, перекину, моло, Дуна,""}, {""bbox"": [269, 2015, 2729, 2199], ""type"": ""handwritten"", ""text"": ""Довкруг, сонячно, квітицю, волну, моку, калмі, мокнькада.""}, {""bbox"": [448, 2166, 1625, 2347], ""type"": ""handwritten"", ""text"": ""Гулагомисле - середній рід.""}, {""bbox"": [463, 2310, 1402, 2484], ""type"": ""handwritten"", ""text"": ""Вася - хлопець рід.""}, {""bbox"": [471, 2460, 1572, 2673], ""type"": ""handwritten"", ""text"": ""Тиранія - середній рід.""}, {""bbox"": [491, 2618, 1505, 2808], ""type"": ""handwritten"", ""text"": ""Соня - середній рід.""}, {""bbox"": [470, 2771, 1380, 2942], ""type"": ""handwritten"", ""text"": ""Мачки - середні р.д.""}, {""bbox"": [302, 2903, 2394, 3121], ""type"": ""handwritten"", ""text"": ""Землі, життя, життєвий ритм, чини.""}]"
914c4c2f-2353-57dd-bc21-04571ff7d744.jpg,"[{""bbox"": [53, 44, 2392, 244], ""type"": ""handwritten"", ""text"": ""наче вимкну на небесному килимі вигадливі""}, {""bbox"": [53, 239, 880, 389], ""type"": ""handwritten"", ""text"": ""візерунки - сузір'я.""}, {""bbox"": [145, 358, 2373, 509], ""type"": ""handwritten"", ""text"": ""З давніх - давен люди насправді думали, що""}, {""bbox"": [43, 496, 2351, 637], ""type"": ""handwritten"", ""text"": ""загадкові зоряні фігури розміщені на небі ~~не~~""}, {""bbox"": [37, 620, 2356, 758], ""type"": ""handwritten"", ""text"": ""неспроста. Уєва малювала різні божества, які""}, {""bbox"": [44, 748, 2392, 891], ""type"": ""handwritten"", ""text"": ""знайшли собі пристановисько на небі. Зазвичай""}, {""bbox"": [39, 876, 2290, 1018], ""type"": ""handwritten"", ""text"": ""це були люди, але доколи можем навчувати""}, {""bbox"": [34, 1008, 2280, 1159], ""type"": ""handwritten"", ""text"": ""подоби священних тварин: звірів, птахів, комах.""}, {""bbox"": [22, 1142, 2384, 1276], ""type"": ""handwritten"", ""text"": ""А може, сузір'я - то міфічні герої-титани, яких""}, {""bbox"": [20, 1265, 2346, 1404], ""type"": ""handwritten"", ""text"": ""головний Бог Зевс поселив справжня на небі?""}, {""bbox"": [22, 1397, 2352, 1541], ""type"": ""handwritten"", ""text"": ""Так з'явилася скузірія легендарного героя Герася""}, {""bbox"": [29, 1526, 2270, 1664], ""type"": ""handwritten"", ""text"": ""і нездоланного багатоборця Теркулеса, красуні""}, {""bbox"": [35, 1661, 2363, 1800], ""type"": ""handwritten"", ""text"": ""Кассіопеї та її доньки Андромеди, сузір'я Кита""}, {""bbox"": [35, 1788, 2251, 1947], ""type"": ""handwritten"", ""text"": ""і Фракона, Орла і Лебедя, Малої і Великої ~~Д~~""}, {""bbox"": [23, 1946, 564, 2078], ""type"": ""handwritten"", ""text"": ""Ведмедичі.""}, {""bbox"": [94, 2052, 2431, 2203], ""type"": ""handwritten"", ""text"": ""Кожен народ по-своєму заселяв небо. Ще предки""}, {""bbox"": [43, 2196, 2323, 2352], ""type"": ""handwritten"", ""text"": ""грецьких звіздарів зробили такий поділ неба""}, {""bbox"": [17, 2331, 2399, 2493], ""type"": ""handwritten"", ""text"": ""на сузір'я, яким і донині послуговують астронав-""}, {""bbox"": [3, 2517, 170, 2622], ""type"": ""handwritten"", ""text"": ""ти.""}]"
4f057027-68bf-5386-b41f-1f5224e440ab.jpg,"[{""bbox"": [1229, 163, 1602, 323], ""type"": ""handwritten"", ""text"": ""№ 13.12""}, {""bbox"": [176, 351, 2480, 568], ""type"": ""formula"", ""text"": ""1) \\sin(\\alpha + \\beta) - \\sin \\alpha \\cos \\beta = \\sin \\alpha \\cos \\beta +""}, {""bbox"": [172, 562, 2302, 743], ""type"": ""formula"", ""text"": ""+sinβ cosλ -sinλ cosβ =sinβ cosλ""}, {""bbox"": [170, 732, 2422, 948], ""type"": ""formula"", ""text"": ""2) \\cos (2 - \\frac{\\pi}{3}) - \\frac{1}{2} \\cos 2 = \\cos 2 \\cos \\frac{\\pi}{3} +""}, {""bbox"": [155, 938, 2817, 1147], ""type"": ""formula"", ""text"": ""+ \\sin \\lambda \\cdot \\sin \\frac{\\pi}{3} - \\frac{1}{2} \\cos \\lambda = \\frac{1}{2} \\cos \\lambda = \\cos \\frac{\\pi}{3} \\pm \\frac{1}{2} \\cos \\lambda +""}, {""bbox"": [193, 1140, 1914, 1350], ""type"": ""formula"", ""text"": ""= \\frac{\\sqrt{3}}{2} \\sin \\lambda - \\frac{1}{2} \\cos \\lambda = \\frac{\\sqrt{3}}{2} \\sin \\lambda""}, {""bbox"": [0, 3032, 186, 3217], ""type"": ""handwritten"", ""text"": ""(45)""}]"
b67a07b4-da09-562d-9824-b886eb0b36fa.jpg,"[{""bbox"": [2463, 0, 3925, 172], ""type"": ""handwritten"", ""text"": ""з літосей від""}, {""bbox"": [679, 2, 3535, 351], ""type"": ""handwritten"", ""text"": ""зброї масового ураження.""}, {""bbox"": [1930, 511, 2806, 710], ""type"": ""handwritten"", ""text"": ""5 травня""}, {""bbox"": [1768, 709, 3345, 971], ""type"": ""handwritten"", ""text"": ""Класна робота""}, {""bbox"": [1454, 947, 3568, 1230], ""type"": ""handwritten"", ""text"": ""Тестовий контроль""}, {""bbox"": [385, 1183, 719, 1356], ""type"": ""handwritten"", ""text"": ""1. в""}, {""bbox"": [318, 1444, 696, 1650], ""type"": ""handwritten"", ""text"": ""2. Б""}, {""bbox"": [1709, 1754, 2132, 1958], ""type"": ""handwritten"", ""text"": ""13. В""}, {""bbox"": [258, 2019, 675, 2231], ""type"": ""handwritten"", ""text"": ""4. а""}, {""bbox"": [995, 2028, 1407, 2237], ""type"": ""handwritten"", ""text"": ""9. а""}, {""bbox"": [1701, 2036, 2153, 2242], ""type"": ""handwritten"", ""text"": ""14. А""}, {""bbox"": [229, 2319, 604, 2538], ""type"": ""handwritten"", ""text"": ""5. а""}]"
7eb51d2e-ee03-5d51-afcd-c7e30f59f19c.jpg,"[{""bbox"": [743, 0, 2499, 205], ""type"": ""handwritten"", ""text"": ""Аркія у московській""}, {""bbox"": [31, 192, 2806, 396], ""type"": ""handwritten"", ""text"": ""перебути намижки першої експозиції.""}, {""bbox"": [33, 388, 2487, 590], ""type"": ""handwritten"", ""text"": ""ряд днів - 1978 р в Японії""}, {""bbox"": [39, 584, 2635, 793], ""type"": ""handwritten"", ""text"": ""відбутись сталінські перевороти""}, {""bbox"": [31, 791, 3059, 988], ""type"": ""handwritten"", ""text"": ""рути зростає ція на діл - \""змоги\"" бути""}, {""bbox"": [11, 967, 2744, 1193], ""type"": ""handwritten"", ""text"": ""римський дукач - мосові соціальні""}, {""bbox"": [5, 1177, 2621, 1403], ""type"": ""handwritten"", ""text"": ""запорожська брата зробила""}, {""bbox"": [16, 1392, 2342, 1596], ""type"": ""handwritten"", ""text"": ""цей як рухається турбі""}, {""bbox"": [28, 1595, 2600, 1801], ""type"": ""handwritten"", ""text"": ""індустріальних цін по~~~~~~""}, {""bbox"": [64, 1794, 2594, 2005], ""type"": ""handwritten"", ""text"": ""опорного процесу позакурсних""}, {""bbox"": [81, 1999, 2675, 2217], ""type"": ""handwritten"", ""text"": ""мніст - ~~~~{~~}~~ функціонування""}, {""bbox"": [99, 2201, 2770, 2428], ""type"": ""handwritten"", ""text"": ""обо рухе камина або безпека""}, {""bbox"": [98, 2398, 2805, 2652], ""type"": ""handwritten"", ""text"": ""покинена в кері у Буен-""}, {""bbox"": [19, 2631, 3003, 2878], ""type"": ""handwritten"", ""text"": ""квітні 1919 після поглушення""}, {""bbox"": [5, 2838, 2627, 3111], ""type"": ""handwritten"", ""text"": ""доціннім грудиною в""}, {""bbox"": [28, 3065, 2881, 3345], ""type"": ""handwritten"", ""text"": ""такій римор називають""}, {""bbox"": [9, 3306, 2434, 3615], ""type"": ""handwritten"", ""text"": ""для стовпі притис""}, {""bbox"": [22, 3533, 2422, 3831], ""type"": ""handwritten"", ""text"": ""координація роботи""}, {""bbox"": [53, 3733, 3120, 4103], ""type"": ""handwritten"", ""text"": ""твій звучань прислух - пері""}]"
683bd345-fc09-5bf0-8c84-33947ff393cb.jpg,"[{""bbox"": [1025, 0, 1437, 52], ""type"": ""formula"", ""text"": ""Δ = 90""}, {""bbox"": [685, 174, 1192, 303], ""type"": ""handwritten"", ""text"": ""8. Дома""}, {""bbox"": [784, 304, 1134, 455], ""type"": ""formula"", ""text"": ""0 = 0x""}, {""bbox"": [1629, 314, 2142, 482], ""type"": ""handwritten"", ""text"": ""0 (x; 0; 0""}, {""bbox"": [1629, 314, 2142, 482], ""type"": ""formula"", ""text"": ""0 (x, 0, 0""}, {""bbox"": [1521, 491, 3120, 654], ""type"": ""formula"", ""text"": ""AO = \\sqrt{(x+2)^2 + 4 + 25} = \\sqrt{x^2 + 4x + 4 + 11""}, {""bbox"": [693, 495, 1315, 683], ""type"": ""formula"", ""text"": ""A(-2;-2;5)""}, {""bbox"": [688, 674, 1258, 843], ""type"": ""formula"", ""text"": ""B(4; -3; 2)""}, {""bbox"": [1538, 690, 2441, 849], ""type"": ""formula"", ""text"": ""\\overline{15} = \\sqrt{x^2 + 4x + 33}""}, {""bbox"": [661, 846, 1294, 1005], ""type"": ""formula"", ""text"": ""AD = ~~AB~~{BC} BC""}, {""bbox"": [1476, 855, 3141, 1021], ""type"": ""formula"", ""text"": ""BO_{\\text{зад}} = \\sqrt{x^2 - 8x + 16 + 9 + 1} = \\sqrt{x^2 - 8x + 26}""}, {""bbox"": [704, 1027, 967, 1173], ""type"": ""formula"", ""text"": ""0 - ?""}, {""bbox"": [1434, 1033, 2096, 1194], ""type"": ""formula"", ""text"": ""AO = ~~~~{~~}~~ BO""}, {""bbox"": [1407, 1216, 2635, 1377], ""type"": ""formula"", ""text"": ""\\sqrt{x^2 + 4x + 33} = \\sqrt{x^2 - 8x + 26}""}, {""bbox"": [1378, 1411, 2838, 1570], ""type"": ""formula"", ""text"": ""x^2 + 4x + 33 = ~~x^2 48x + 26~~""}, {""bbox"": [1382, 1640, 1861, 1767], ""type"": ""formula"", ""text"": ""12x = -""}, {""bbox"": [511, 1735, 1166, 1994], ""type"": ""formula"", ""text"": ""O(-7/12; 0; 0)""}, {""bbox"": [1400, 1750, 1864, 1944], ""type"": ""formula"", ""text"": ""x = - 4/12""}]"
f31dbb7b-1386-560d-9838-c27b7f787456.jpg,"[{""bbox"": [100, 146, 617, 221], ""type"": ""handwritten"", ""text"": ""часу його відтворення.""}, {""bbox"": [0, 205, 71, 278], ""type"": ""handwritten"", ""text"": ""рдати""}, {""bbox"": [94, 208, 764, 273], ""type"": ""handwritten"", ""text"": ""4) Фіскретний сигнал - це сигнал,""}, {""bbox"": [91, 263, 842, 326], ""type"": ""handwritten"", ""text"": ""інформативний параметр алкоголю""}, {""bbox"": [97, 313, 788, 380], ""type"": ""handwritten"", ""text"": ""змінюватися тільки переривчасто""}, {""bbox"": [0, 362, 68, 416], ""type"": ""handwritten"", ""text"": ""ре-""}, {""bbox"": [96, 368, 735, 434], ""type"": ""handwritten"", ""text"": ""та матч тільки скінчений""}, {""bbox"": [89, 424, 830, 491], ""type"": ""handwritten"", ""text"": ""Кількість значень у задачному""}, {""bbox"": [90, 479, 832, 541], ""type"": ""handwritten"", ""text"": ""духоводоки протягом певного сніг-""}, {""bbox"": [86, 528, 338, 584], ""type"": ""handwritten"", ""text"": ""рвану часу.""}, {""bbox"": [86, 573, 825, 650], ""type"": ""handwritten"", ""text"": ""6) Кіностудія Windows призначена для""}, {""bbox"": [80, 633, 816, 697], ""type"": ""handwritten"", ""text"": ""створення відеофільмів що можуть""}, {""bbox"": [78, 688, 824, 754], ""type"": ""handwritten"", ""text"": ""містити відеофрагменти, фотофактів,""}, {""bbox"": [74, 740, 827, 811], ""type"": ""handwritten"", ""text"": ""звуковий супровід (дикторський текст),""}, {""bbox"": [72, 795, 712, 859], ""type"": ""handwritten"", ""text"": ""рідкомагнітні матеріали (титан).""}, {""bbox"": [76, 844, 770, 915], ""type"": ""handwritten"", ""text"": ""4) На першому етапі розробляється""}, {""bbox"": [75, 899, 256, 963], ""type"": ""handwritten"", ""text"": ""сценарій;""}, {""bbox"": [71, 950, 722, 1017], ""type"": ""handwritten"", ""text"": ""На другому етапі виокремлюється""}, {""bbox"": [67, 1006, 830, 1082], ""type"": ""handwritten"", ""text"": ""підготовка аудіо-, фото та відеомат-""}, {""bbox"": [62, 1063, 205, 1121], ""type"": ""handwritten"", ""text"": ""ріалів,""}, {""bbox"": [72, 1111, 734, 1196], ""type"": ""handwritten"", ""text"": ""на третьому етапі використовується""}, {""bbox"": [61, 1174, 470, 1239], ""type"": ""handwritten"", ""text"": ""монтаж відеофільму.""}]"
8f108fd4-5550-5493-93bd-fc43c53068b4.jpg,"[{""bbox"": [97, 4, 2605, 196], ""type"": ""handwritten"", ""text"": ""лексикографія - розділ лінгвістики, що""}, {""bbox"": [91, 167, 2817, 351], ""type"": ""handwritten"", ""text"": ""займатися теорією та практикою створення""}, {""bbox"": [84, 328, 1662, 498], ""type"": ""handwritten"", ""text"": ""словників (словнікофілю).""}, {""bbox"": [93, 484, 1394, 653], ""type"": ""handwritten"", ""text"": ""Оформічний - вимова""}, {""bbox"": [91, 644, 2228, 831], ""type"": ""handwritten"", ""text"": ""біфуркаційний-правильне написання""}, {""bbox"": [75, 804, 1947, 979], ""type"": ""handwritten"", ""text"": ""Морфеми - корінь, суфікс, префікс.""}, {""bbox"": [92, 948, 2420, 1147], ""type"": ""handwritten"", ""text"": ""1596р. - Галифник Лаврентія Зізонія""}, {""bbox"": [84, 1123, 1610, 1302], ""type"": ""handwritten"", ""text"": ""1627р. - Паліво Бернда""}, {""bbox"": [86, 1268, 2902, 1470], ""type"": ""handwritten"", ""text"": ""1798 - словник до „Енцікл“ І. Кондревського""}, {""bbox"": [90, 1445, 1479, 1640], ""type"": ""handwritten"", ""text"": ""1907-1909 - Б. Епічевськ""}, {""bbox"": [597, 1941, 1852, 2104], ""type"": ""handwritten"", ""text"": ""Принадлежне січня""}, {""bbox"": [768, 2082, 1947, 2267], ""type"": ""handwritten"", ""text"": ""Команчя робота""}, {""bbox"": [116, 2249, 2949, 2440], ""type"": ""handwritten"", ""text"": ""коридору, квадратна, пеньки, піску, світніся,""}, {""bbox"": [105, 2410, 2823, 2604], ""type"": ""handwritten"", ""text"": ""горнозему, гілена, Дунган, Юхима, голоса,""}, {""bbox"": [93, 2583, 2930, 2765], ""type"": ""handwritten"", ""text"": ""комет, волна, мову, камень, магнолія.""}, {""bbox"": [99, 2856, 2930, 3097], ""type"": ""handwritten"", ""text"": ""Гуцкалине - 11. Носі - 20. Пироглиб - 4.""}, {""bbox"": [81, 3044, 1371, 3272], ""type"": ""handwritten"", ""text"": ""Соня - с ; Магда - с""}]"
eac9632e-5e52-5c5d-bdc2-89e51f84e7b9.jpg,"[{""bbox"": [546, 48, 2246, 200], ""type"": ""handwritten"", ""text"": ""Домашня робота""}, {""bbox"": [42, 182, 2741, 347], ""type"": ""handwritten"", ""text"": ""Живенько іграють в спідруч""}, {""bbox"": [34, 336, 2652, 484], ""type"": ""handwritten"", ""text"": ""температур, як CO2, зіткнення.""}, {""bbox"": [20, 463, 2749, 635], ""type"": ""handwritten"", ""text"": ""Коряди збирають, ніколи не увім.""}, {""bbox"": [15, 608, 2785, 780], ""type"": ""handwritten"", ""text"": ""Бачу ~~не~~{не} розумію кохане""}, {""bbox"": [20, 751, 2726, 936], ""type"": ""handwritten"", ""text"": ""золятор, як CO2, ґуцій. Пів""}, {""bbox"": [13, 896, 2910, 1092], ""type"": ""handwritten"", ""text"": ""неба охопила першомі загрози, ~~я~~{і} вон""}, {""bbox"": [15, 1044, 2925, 1269], ""type"": ""handwritten"", ""text"": ""дому тв, як із відпов. ділиться""}, {""bbox"": [5, 1200, 2879, 1401], ""type"": ""handwritten"", ""text"": ""підніс на землю, де в центрі""}, {""bbox"": [11, 1339, 2979, 1574], ""type"": ""handwritten"", ""text"": ""Немає у філі, їде весна. Моя люба""}, {""bbox"": [54, 1504, 3006, 1717], ""type"": ""handwritten"", ""text"": ""дуже може, що спокоються не може""}, {""bbox"": [55, 1508, 3015, 1852], ""type"": ""handwritten"", ""text"": ""дуже може, що споки праця не може""}, {""bbox"": [7, 1651, 2959, 1930], ""type"": ""handwritten"", ""text"": ""Природою вистоїли до слів""}, {""bbox"": [3, 1827, 3004, 2180], ""type"": ""handwritten"", ""text"": ""мов до спільного розуму колишній між""}, {""bbox"": [54, 1959, 3040, 2303], ""type"": ""handwritten"", ""text"": ""у в небі, як кіркозі, бездумно то""}, {""bbox"": [2, 2179, 1684, 2437], ""type"": ""handwritten"", ""text"": ""митва у світі.""}]"
cdba39de-3427-5382-b406-c27a0e52ff63.jpg,"[{""bbox"": [1102, 242, 2510, 446], ""type"": ""handwritten"", ""text"": ""Тридцять перше січня""}, {""bbox"": [1107, 413, 2203, 639], ""type"": ""handwritten"", ""text"": ""Домашня робота""}, {""bbox"": [962, 611, 2305, 819], ""type"": ""handwritten"", ""text"": ""Самостійна робота""}, {""bbox"": [947, 788, 2144, 1045], ""type"": ""handwritten"", ""text"": ""Електричне поле""}, {""bbox"": [1304, 1037, 1702, 1174], ""type"": ""handwritten"", ""text"": ""8 - клас""}, {""bbox"": [159, 1173, 412, 1396], ""type"": ""handwritten"", ""text"": ""1. б""}, {""bbox"": [178, 1444, 429, 1582], ""type"": ""handwritten"", ""text"": ""2 a""}, {""bbox"": [182, 1635, 446, 1792], ""type"": ""handwritten"", ""text"": ""3. а""}, {""bbox"": [185, 1785, 450, 1951], ""type"": ""handwritten"", ""text"": ""4. в""}, {""bbox"": [197, 1949, 404, 2134], ""type"": ""handwritten"", ""text"": ""5. б""}, {""bbox"": [196, 2125, 455, 2327], ""type"": ""handwritten"", ""text"": ""6. в""}, {""bbox"": [203, 2315, 489, 2501], ""type"": ""handwritten"", ""text"": ""1. б""}, {""bbox"": [213, 2534, 477, 2690], ""type"": ""handwritten"", ""text"": ""8. a""}, {""bbox"": [225, 2713, 495, 2851], ""type"": ""handwritten"", ""text"": ""9. a""}, {""bbox"": [217, 2848, 490, 3040], ""type"": ""handwritten"", ""text"": ""10. в""}, {""bbox"": [896, 3007, 1520, 3229], ""type"": ""handwritten"", ""text"": ""Розв'язання""}, {""bbox"": [246, 3032, 718, 3228], ""type"": ""handwritten"", ""text"": ""11 Дано:""}, {""bbox"": [881, 3167, 2818, 3387], ""type"": ""handwritten"", ""text"": ""q = ne = -10^{18} * 1,6 * 10^{-19} Кл = -1,6 * 10^{-1}""}, {""bbox"": [881, 3167, 2818, 3387], ""type"": ""formula"", ""text"": ""q = n e = -10^{18} \\cdot 1,6 \\cdot 10^{-19} Кл = -1,6 \\cdot 10^{-1}""}, {""bbox"": [273, 3228, 724, 3401], ""type"": ""handwritten"", ""text"": ""с = 10А7""}, {""bbox"": [821, 3375, 2786, 3583], ""type"": ""handwritten"", ""text"": ""| K₁ = -1,6мкК, e - заряд електрона""}, {""bbox"": [258, 3435, 507, 3649], ""type"": ""handwritten"", ""text"": ""9 - ?""}, {""bbox"": [345, 3564, 2806, 3763], ""type"": ""handwritten"", ""text"": ""Заряд палочки -1,6 Мкл, а ц \""хутра\"" +1,6""}, {""bbox"": [385, 3752, 2025, 3947], ""type"": ""handwritten"", ""text"": ""17. КП Відповідь: -1,6 пКП""}]"
3e920349-b25e-5705-8d5c-839aed38f6c2.jpg,"[{""bbox"": [1142, 14, 2307, 273], ""type"": ""handwritten"", ""text"": ""Домашня робота""}, {""bbox"": [78, 457, 1214, 839], ""type"": ""table"", ""text"": ""1) x | -3 | -0,5 | 2,5\ny | 9 | 0,3 | 6,3""}, {""bbox"": [1477, 471, 2242, 834], ""type"": ""table"", ""text"": ""x) x | -2 | 2,2 |""}, {""bbox"": [1229, 1325, 1530, 1504], ""type"": ""annotation"", ""text"": ""№ 13.7""}, {""bbox"": [107, 1566, 1290, 1746], ""type"": ""formula"", ""text"": ""y = x^2, якщо -2 ≤ x ≤ 3.""}, {""bbox"": [108, 1733, 1720, 2150], ""type"": ""table"", ""text"": ""x | -2 | -1 | 0 | 1 | 2 | 3\ny | 4 | 1 | 0 | 1 | 4 | 9""}]"
12b986a4-7c98-5adb-ad30-4c4e86d4b8cf.jpg,"[{""bbox"": [643, 41, 1820, 252], ""type"": ""handwritten"", ""text"": ""Двадцять другого""}, {""bbox"": [460, 225, 1718, 408], ""type"": ""handwritten"", ""text"": ""домашня робота""}, {""bbox"": [830, 375, 1408, 560], ""type"": ""handwritten"", ""text"": ""№ 239 (в)""}, {""bbox"": [141, 544, 1566, 784], ""type"": ""handwritten"", ""text"": ""H3PO4 = Ba3(PO4)2""}, {""bbox"": [141, 544, 1566, 784], ""type"": ""formula"", ""text"": ""H_3PO_4 = Ba_3(PO_4)_2""}, {""bbox"": [123, 731, 2545, 1043], ""type"": ""formula"", ""text"": ""2H3PO4 + 3Ba(OH)2 -> Ba3(PO4)2 + 6H2O""}]"
ce81b071-f963-558d-8c2b-ecf490f32658.jpg,"[{""bbox"": [1023, 305, 1375, 450], ""type"": ""handwritten"", ""text"": ""№ 8.10""}, {""bbox"": [248, 460, 2507, 640], ""type"": ""handwritten"", ""text"": ""Дано: AB = 3 см; BC = 4 см; AEKB - квадрат""}, {""bbox"": [251, 621, 2334, 844], ""type"": ""handwritten"", ""text"": ""Знайти: (ALK) ⊥ (ABС); ABCD - прямокутник""}, {""bbox"": [258, 808, 2583, 1011], ""type"": ""handwritten"", ""text"": ""Розв'язання: КС, КВ КВ = 3 см (як квадрат),""}, {""bbox"": [1140, 984, 2595, 1137], ""type"": ""handwritten"", ""text"": ""оскільки площини 1, то прямі""}, {""bbox"": [261, 1552, 2674, 1747], ""type"": ""handwritten"", ""text"": ""можливий Δ, CC = √{16 + 9} = 5 см - приведено діого-""}, {""bbox"": [247, 1750, 2551, 1921], ""type"": ""handwritten"", ""text"": ""наль BD, BC = 3 (для прямокутника), BD = 5 (для""}, {""bbox"": [264, 1908, 2870, 2096], ""type"": ""handwritten"", ""text"": ""прямокутний Δ), Δ KOB - прямокутний (бо KB ⊥ (BCD);""}, {""bbox"": [283, 2094, 1456, 2252], ""type"": ""formula"", ""text"": ""K D = \\sqrt{25 + 9} = \\sqrt{34} см""}, {""bbox"": [276, 2262, 1437, 2426], ""type"": ""handwritten"", ""text"": ""Відповідь: 5 ам; ~~5~~{3}4 ам""}, {""bbox"": [1131, 2439, 1504, 2560], ""type"": ""handwritten"", ""text"": ""№ 8.12""}, {""bbox"": [1131, 2439, 1504, 2560], ""type"": ""annotation"", ""text"": ""№ 8.12""}, {""bbox"": [304, 2597, 1506, 2772], ""type"": ""handwritten"", ""text"": ""Дано: ∠(x; β) = 45°.""}, {""bbox"": [304, 2597, 1506, 2772], ""type"": ""formula"", ""text"": ""Дано: ∠(α; β) = 45°.""}, {""bbox"": [0, 2742, 184, 2915], ""type"": ""handwritten"", ""text"": ""= B,""}, {""bbox"": [299, 2788, 930, 2928], ""type"": ""handwritten"", ""text"": ""Знайти: AC""}, {""bbox"": [291, 2955, 1852, 3125], ""type"": ""handwritten"", ""text"": ""Відповідь: Оскільки AK ⊥ k, і""}, {""bbox"": [294, 3133, 1784, 3290], ""type"": ""formula"", ""text"": ""CK \\perp K, то \\angle AKC = 45^{\\circ}, AC -""}, {""bbox"": [0, 3281, 188, 3419], ""type"": ""handwritten"", ""text"": ""Т-01""}, {""bbox"": [258, 3296, 2129, 3470], ""type"": ""handwritten"", ""text"": ""I (Одяг це відстань від А до x); x""}, {""bbox"": [274, 3468, 2635, 3633], ""type"": ""handwritten"", ""text"": ""Тоді ∠САК = 45°; АА - рівнобедрений, і отже,""}, {""bbox"": [0, 3598, 207, 3743], ""type"": ""handwritten"", ""text"": ""4)ВС)""}, {""bbox"": [277, 3610, 2825, 3743], ""type"": ""handwritten"", ""text"": ""Апофема циліндра = 6 √7 см, то АС = 6 см, як і січ відповідно 6 см.""}]"
012bfc6a-e224-58a6-8b72-b24159292c64.jpg,"[{""bbox"": [607, 4, 1289, 671], ""type"": ""graph"", ""text"": """"}, {""bbox"": [0, 278, 259, 675], ""type"": ""image"", ""text"": """"}, {""bbox"": [1153, 833, 2344, 992], ""type"": ""handwritten"", ""text"": ""Контрольна робота""}, {""bbox"": [566, 962, 700, 1052], ""type"": ""handwritten"", ""text"": ""1. a""}, {""bbox"": [548, 1093, 713, 1183], ""type"": ""handwritten"", ""text"": ""2. г""}, {""bbox"": [547, 1209, 714, 1325], ""type"": ""handwritten"", ""text"": ""3. б""}, {""bbox"": [536, 1493, 704, 1606], ""type"": ""handwritten"", ""text"": ""5. б.""}, {""bbox"": [535, 1648, 708, 1736], ""type"": ""handwritten"", ""text"": ""6. г""}, {""bbox"": [519, 1764, 1719, 1891], ""type"": ""handwritten"", ""text"": ""7. 1-б 2-а 3-г 4-б""}, {""bbox"": [503, 1921, 1252, 2052], ""type"": ""handwritten"", ""text"": ""8. В, А, Б, Г.""}, {""bbox"": [506, 2059, 1834, 2180], ""type"": ""handwritten"", ""text"": ""9. 1. -б 2 - г 3 - а 4 - в.""}, {""bbox"": [515, 2184, 2291, 2372], ""type"": ""handwritten"", ""text"": ""10. Плодова - це природна рідина""}, {""bbox"": [532, 2340, 2432, 2521], ""type"": ""handwritten"", ""text"": ""від мовного до чорного кольору,""}, {""bbox"": [506, 2508, 2450, 2661], ""type"": ""handwritten"", ""text"": ""що зустрічається в геологічних""}, {""bbox"": [511, 2652, 2295, 2807], ""type"": ""handwritten"", ""text"": ""утвореннях під поверхнею Землі""}, {""bbox"": [482, 2799, 2535, 2957], ""type"": ""handwritten"", ""text"": ""м. Прага мозаична мос - найбільша""}, {""bbox"": [498, 2933, 2532, 3126], ""type"": ""handwritten"", ""text"": ""працюють на чістота й брязніть""}, {""bbox"": [476, 3111, 2378, 3274], ""type"": ""handwritten"", ""text"": ""мія може відігравати змогу""}, {""bbox"": [474, 3250, 2457, 3425], ""type"": ""handwritten"", ""text"": ""роль у вивченні і освоєнні штри-""}]"
6166f538-7510-5339-9e1d-e0b583cf449f.jpg,"[{""bbox"": [651, 118, 1970, 292], ""type"": ""handwritten"", ""text"": ""Двадцять шосте березня""}, {""bbox"": [488, 254, 1654, 428], ""type"": ""handwritten"", ""text"": ""Домашня робота""}, {""bbox"": [782, 374, 1030, 522], ""type"": ""handwritten"", ""text"": ""№ 2""}, {""bbox"": [342, 477, 796, 558], ""type"": ""handwritten"", ""text"": ""таких""}, {""bbox"": [118, 531, 2022, 701], ""type"": ""handwritten"", ""text"": ""Від чинників залежить кількість""}, {""bbox"": [108, 688, 2359, 864], ""type"": ""handwritten"", ""text"": ""населення як: народжуваність, смертнос-""}, {""bbox"": [104, 830, 1038, 987], ""type"": ""handwritten"", ""text"": ""ті й міграцій""}, {""bbox"": [678, 953, 888, 1100], ""type"": ""handwritten"", ""text"": ""№3""}, {""bbox"": [121, 1116, 1900, 1283], ""type"": ""handwritten"", ""text"": ""І 1897 році населення в Україні""}, {""bbox"": [113, 1276, 1610, 1445], ""type"": ""handwritten"", ""text"": ""становило - 28,8 млн. осіб.""}, {""bbox"": [77, 1435, 1909, 1586], ""type"": ""handwritten"", ""text"": ""І 1913 році населення в Україні""}, {""bbox"": [43, 1571, 1681, 1724], ""type"": ""handwritten"", ""text"": ""Становило - 35,2 млн осіб.""}]"
8b0afa40-06bb-5843-8d82-c4dd90e456c1.jpg,"[{""bbox"": [2060, 516, 3404, 968], ""type"": ""handwritten"", ""text"": ""Домашня робота""}, {""bbox"": [427, 614, 921, 995], ""type"": ""handwritten"", ""text"": ""1. в""}, {""bbox"": [2190, 840, 2469, 1080], ""type"": ""handwritten"", ""text"": ""Кв""}, {""bbox"": [2902, 889, 3299, 1191], ""type"": ""handwritten"", ""text"": ""7. А""}, {""bbox"": [427, 969, 848, 1362], ""type"": ""handwritten"", ""text"": ""2. Б""}, {""bbox"": [2899, 1196, 3431, 1520], ""type"": ""handwritten"", ""text"": ""8. ~~А~~А""}, {""bbox"": [425, 1329, 846, 1724], ""type"": ""handwritten"", ""text"": ""3. В""}, {""bbox"": [2894, 1514, 3361, 1825], ""type"": ""handwritten"", ""text"": ""9. Б""}, {""bbox"": [370, 1712, 848, 2095], ""type"": ""handwritten"", ""text"": ""4. А""}, {""bbox"": [2915, 1824, 3407, 2162], ""type"": ""handwritten"", ""text"": ""10. [""}, {""bbox"": [340, 2112, 806, 2512], ""type"": ""handwritten"", ""text"": ""5. А""}, {""bbox"": [2921, 2147, 3384, 2441], ""type"": ""handwritten"", ""text"": ""11. Б""}, {""bbox"": [2939, 2473, 3579, 2784], ""type"": ""handwritten"", ""text"": ""12. 6√3""}, {""bbox"": [288, 2492, 869, 2880], ""type"": ""handwritten"", ""text"": ""6. А)""}]"
2167e4da-6505-5f5d-8520-d6ab360ff9d3.jpg,"[{""bbox"": [135, 519, 1475, 678], ""type"": ""handwritten"", ""text"": ""раїя; Білорусь, Волинія,""}, {""bbox"": [134, 661, 1304, 778], ""type"": ""handwritten"", ""text"": ""Польща, Словаччина,""}, {""bbox"": [134, 770, 1331, 895], ""type"": ""handwritten"", ""text"": ""Горизона, Молдова є""}, {""bbox"": [135, 883, 1406, 1007], ""type"": ""handwritten"", ""text"": ""суспільними державами,""}, {""bbox"": [132, 988, 1770, 1114], ""type"": ""handwritten"", ""text"": ""народи цих країн відносяться""}, {""bbox"": [136, 1094, 1630, 1219], ""type"": ""handwritten"", ""text"": ""до індоевропейської мовної""}, {""bbox"": [147, 1202, 489, 1323], ""type"": ""handwritten"", ""text"": ""сім'ї.""}, {""bbox"": [477, 1308, 1010, 1447], ""type"": ""handwritten"", ""text"": ""Завдання 3""}, {""bbox"": [131, 1431, 1491, 1543], ""type"": ""handwritten"", ""text"": ""Однонаціональна держава""}, {""bbox"": [686, 1529, 1347, 1590], ""type"": ""handwritten"", ""text"": ""токі крізь які""}, {""bbox"": [126, 1555, 1577, 1680], ""type"": ""handwritten"", ""text"": ""відносяться до Литві, Вір-""}, {""bbox"": [130, 1671, 1721, 1785], ""type"": ""handwritten"", ""text"": ""ленія, Південна та Північна""}, {""bbox"": [113, 1773, 1062, 1922], ""type"": ""handwritten"", ""text"": ""Корея, Таджікія.""}, {""bbox"": [102, 1939, 1597, 2092], ""type"": ""handwritten"", ""text"": ""Болатаналціянальні держави""}, {""bbox"": [118, 2071, 1533, 2223], ""type"": ""handwritten"", ""text"": ""це: Україна, Росія, Китай;""}, {""bbox"": [109, 2199, 1263, 2364], ""type"": ""handwritten"", ""text"": ""Грек, Грек, Пайльц.""}, {""bbox"": [0, 2886, 298, 3262], ""type"": ""image"", ""text"": """"}]"
0ee54300-0c40-5a7f-90bb-7d738e564a76.jpg,"[{""bbox"": [1345, 35, 1574, 183], ""type"": ""handwritten"", ""text"": ""16) А""}, {""bbox"": [109, 39, 347, 204], ""type"": ""handwritten"", ""text"": ""1) В""}, {""bbox"": [1343, 182, 1590, 346], ""type"": ""handwritten"", ""text"": ""14) Б""}, {""bbox"": [95, 212, 318, 375], ""type"": ""handwritten"", ""text"": ""2) А""}, {""bbox"": [1341, 349, 1590, 511], ""type"": ""handwritten"", ""text"": ""18) В""}, {""bbox"": [96, 391, 356, 555], ""type"": ""handwritten"", ""text"": ""3) Б""}, {""bbox"": [1334, 500, 1754, 696], ""type"": ""handwritten"", ""text"": ""19) Б, Г""}, {""bbox"": [95, 557, 329, 721], ""type"": ""handwritten"", ""text"": ""4) Б""}, {""bbox"": [1336, 679, 1594, 833], ""type"": ""handwritten"", ""text"": ""20) В""}, {""bbox"": [98, 725, 331, 899], ""type"": ""handwritten"", ""text"": ""5) В""}, {""bbox"": [1336, 834, 1601, 1010], ""type"": ""handwritten"", ""text"": ""21) В""}, {""bbox"": [96, 899, 320, 1064], ""type"": ""handwritten"", ""text"": ""6) б""}, {""bbox"": [1331, 1006, 1601, 1167], ""type"": ""handwritten"", ""text"": ""22) В""}, {""bbox"": [104, 1069, 472, 1254], ""type"": ""handwritten"", ""text"": ""4) A, B""}, {""bbox"": [1325, 1174, 1585, 1332], ""type"": ""handwritten"", ""text"": ""23) А""}, {""bbox"": [114, 1239, 460, 1414], ""type"": ""handwritten"", ""text"": ""8) a, б""}, {""bbox"": [1330, 1327, 1718, 1512], ""type"": ""handwritten"", ""text"": ""24) A, B""}, {""bbox"": [102, 1406, 349, 1588], ""type"": ""handwritten"", ""text"": ""9) А""}, {""bbox"": [102, 1570, 352, 1742], ""type"": ""handwritten"", ""text"": ""10) Б""}, {""bbox"": [103, 1744, 457, 1929], ""type"": ""handwritten"", ""text"": ""11) А; В""}, {""bbox"": [98, 1914, 355, 2085], ""type"": ""handwritten"", ""text"": ""12) Б""}, {""bbox"": [84, 2078, 336, 2263], ""type"": ""handwritten"", ""text"": ""13) Б""}, {""bbox"": [73, 2239, 339, 2415], ""type"": ""handwritten"", ""text"": ""14) Б""}, {""bbox"": [68, 2422, 333, 2597], ""type"": ""handwritten"", ""text"": ""15) В""}]"
2e3b30e8-c613-5716-8403-e41cee116ca4.jpg,"[{""bbox"": [2839, 8, 3024, 205], ""type"": ""handwritten"", ""text"": ""Роз""}, {""bbox"": [119, 212, 373, 340], ""type"": ""handwritten"", ""text"": ""1. в. в""}, {""bbox"": [13, 215, 1173, 1175], ""type"": ""graph"", ""text"": """"}, {""bbox"": [2839, 850, 3023, 999], ""type"": ""handwritten"", ""text"": ""шо""}, {""bbox"": [2825, 1032, 3023, 1199], ""type"": ""handwritten"", ""text"": ""на""}, {""bbox"": [2849, 1250, 3024, 1408], ""type"": ""handwritten"", ""text"": ""при""}, {""bbox"": [2867, 1433, 3024, 1564], ""type"": ""handwritten"", ""text"": ""Кі""}, {""bbox"": [908, 1446, 1998, 1627], ""type"": ""handwritten"", ""text"": ""Домашня робота""}, {""bbox"": [0, 1491, 186, 1613], ""type"": ""handwritten"", ""text"": ""2.01""}, {""bbox"": [1173, 1585, 1488, 1764], ""type"": ""handwritten"", ""text"": ""№ 3""}, {""bbox"": [2861, 1597, 3024, 1739], ""type"": ""handwritten"", ""text"": ""Ві""}, {""bbox"": [194, 1803, 2110, 1992], ""type"": ""handwritten"", ""text"": ""1) AB ⊥ m, отже ABC - лінійний кут""}, {""bbox"": [2882, 1954, 3024, 2115], ""type"": ""handwritten"", ""text"": ""10""}, {""bbox"": [210, 2097, 2761, 2252], ""type"": ""handwritten"", ""text"": ""2) M ⊥ (ABC), оскільки M ⊥ AB, M ⊥ BC, AB ∩ BC = B,""}, {""bbox"": [2880, 2156, 3024, 2319], ""type"": ""handwritten"", ""text"": ""з н""}, {""bbox"": [176, 2299, 491, 2436], ""type"": ""handwritten"", ""text"": ""ВЄМ""}, {""bbox"": [2865, 2344, 3024, 2548], ""type"": ""handwritten"", ""text"": ""Воз""}, {""bbox"": [946, 2430, 1302, 2585], ""type"": ""handwritten"", ""text"": ""№8.7""}, {""bbox"": [2873, 2575, 3024, 2711], ""type"": ""handwritten"", ""text"": ""ск""}, {""bbox"": [164, 2658, 2781, 2867], ""type"": ""handwritten"", ""text"": ""1) BC ⊥ (ABK), бо BC ⊥ AB (як прямокутника) та""}, {""bbox"": [2841, 2775, 3024, 2915], ""type"": ""handwritten"", ""text"": ""Т (""}, {""bbox"": [168, 2855, 1872, 3023], ""type"": ""handwritten"", ""text"": ""BC ⊥ BK (як лінійний кут квад)""}, {""bbox"": [2854, 2967, 3024, 3088], ""type"": ""handwritten"", ""text"": ""То-""}, {""bbox"": [157, 3050, 2793, 3220], ""type"": ""handwritten"", ""text"": ""2) LC || (ABC), оскільки LC & (ABC) і LC || AB, AB (ABC).""}, {""bbox"": [2854, 3088, 3024, 3204], ""type"": ""handwritten"", ""text"": ""ти""}]"
db772a33-847f-51ae-9a22-c7bdec85c0d7.jpg,"[{""bbox"": [610, 17, 2481, 227], ""type"": ""formula"", ""text"": ""Дванадцяте січня""}, {""bbox"": [514, 185, 2582, 425], ""type"": ""formula"", ""text"": ""Домашня робота""}, {""bbox"": [1108, 385, 1732, 544], ""type"": ""formula"", ""text"": ""№ 13.5""}, {""bbox"": [169, 816, 844, 992], ""type"": ""formula"", ""text"": ""7) 12x^2""}, {""bbox"": [207, 1177, 1082, 1615], ""type"": ""table"", ""text"": ""~~x~~|-3|-0,5|2,5\ny|9|0,25|6,25""}, {""bbox"": [102, 1753, 782, 2006], ""type"": ""formula"", ""text"": ""2) y = x^2""}, {""bbox"": [171, 2027, 862, 2526], ""type"": ""table"", ""text"": ""X | 2 | 2,25\n8 | 4 | 5""}, {""bbox"": [97, 2684, 1560, 3251], ""type"": ""table"", ""text"": ""X | -0,5 | 0,5 | 7,25 | -7,5\ny | 0,25 | 0,25 | 7,5 | 2,25""}]"
9ea12296-dc93-5cd5-8a84-23d3dc55a6e9.jpg,"[{""bbox"": [664, 268, 2660, 465], ""type"": ""handwritten"", ""text"": ""Як можна сіяти""}, {""bbox"": [657, 446, 2805, 659], ""type"": ""handwritten"", ""text"": ""Домашня робота.""}, {""bbox"": [1096, 615, 2342, 881], ""type"": ""handwritten"", ""text"": ""Вправа 267""}, {""bbox"": [313, 854, 3110, 1140], ""type"": ""handwritten"", ""text"": ""качку, кіно, усмішково-гасів,""}, {""bbox"": [367, 1113, 3481, 1394], ""type"": ""handwritten"", ""text"": ""самостійно, ропірно, зпірну""}, {""bbox"": [368, 1362, 3476, 1652], ""type"": ""handwritten"", ""text"": ""гопа, звілку, місія, підтримують""}, {""bbox"": [163, 1595, 3114, 1957], ""type"": ""handwritten"", ""text"": ""здалеку, мечуть, з'явиться""}]"
3f0e94da-d247-523a-9278-1a407a6cc828.jpg,"[{""bbox"": [1081, 70, 3266, 286], ""type"": ""handwritten"", ""text"": ""Квадрат формула площі""}, {""bbox"": [1073, 259, 3249, 456], ""type"": ""handwritten"", ""text"": ""Домашня робота""}, {""bbox"": [457, 455, 3461, 644], ""type"": ""handwritten"", ""text"": ""Вовчика наступить не сподіваю""}, {""bbox"": [456, 631, 3316, 838], ""type"": ""handwritten"", ""text"": ""~~Не~~ пізнес копа покі згодом""}, {""bbox"": [391, 822, 3086, 1020], ""type"": ""handwritten"", ""text"": ""не звернення, яки піко""}, {""bbox"": [456, 996, 3462, 1199], ""type"": ""handwritten"", ""text"": ""кождого то досі не просять""}, {""bbox"": [455, 1173, 3357, 1368], ""type"": ""handwritten"", ""text"": ""Жалюбного до течії кожного""}, {""bbox"": [456, 1357, 3470, 1553], ""type"": ""handwritten"", ""text"": ""про, прозоре диво Кадифоре.""}, {""bbox"": [557, 1531, 3571, 1723], ""type"": ""handwritten"", ""text"": "". Людська праця, що є  результатом""}, {""bbox"": [455, 1710, 3301, 1910], ""type"": ""handwritten"", ""text"": ""і конячко золотої росого""}, {""bbox"": [454, 1888, 3468, 2075], ""type"": ""handwritten"", ""text"": ""зна. Дивися і не носи речей""}, {""bbox"": [0, 1917, 284, 2114], ""type"": ""handwritten"", ""text"": ""мо""}, {""bbox"": [458, 2077, 3475, 2263], ""type"": ""handwritten"", ""text"": ""динами і навадимиста, динамічні""}, {""bbox"": [0, 2151, 276, 2306], ""type"": ""handwritten"", ""text"": ""ка""}, {""bbox"": [556, 2247, 3571, 2456], ""type"": ""handwritten"", ""text"": ""петитам, лоретині, і патрулів""}, {""bbox"": [476, 2426, 1459, 2611], ""type"": ""handwritten"", ""text"": ""позітів.""}]"
4a021a5c-f436-5381-a993-f042596b6639.jpg,"[{""bbox"": [837, 506, 2666, 814], ""type"": ""handwritten"", ""text"": ""Тести: „Домашня допомога“""}, {""bbox"": [2816, 603, 3119, 733], ""type"": ""handwritten"", ""text"": ""19.05.22""}, {""bbox"": [116, 797, 353, 937], ""type"": ""handwritten"", ""text"": ""1. а""}, {""bbox"": [118, 969, 328, 1127], ""type"": ""handwritten"", ""text"": ""2. в""}, {""bbox"": [108, 1189, 308, 1339], ""type"": ""handwritten"", ""text"": ""9. a""}, {""bbox"": [103, 1360, 320, 1543], ""type"": ""handwritten"", ""text"": ""4. б""}, {""bbox"": [103, 1568, 303, 1753], ""type"": ""handwritten"", ""text"": ""5. б""}, {""bbox"": [93, 1811, 289, 1959], ""type"": ""handwritten"", ""text"": ""6. а""}, {""bbox"": [98, 2005, 305, 2171], ""type"": ""handwritten"", ""text"": ""7. б""}, {""bbox"": [98, 2217, 310, 2390], ""type"": ""handwritten"", ""text"": ""1. г""}, {""bbox"": [98, 2395, 318, 2578], ""type"": ""handwritten"", ""text"": ""9. б""}, {""bbox"": [99, 2586, 422, 2795], ""type"": ""handwritten"", ""text"": ""10. б""}, {""bbox"": [97, 2799, 408, 3000], ""type"": ""handwritten"", ""text"": ""11 б""}, {""bbox"": [99, 3003, 585, 3232], ""type"": ""handwritten"", ""text"": ""12. б, в""}]"
f9051dc0-bd73-5f7a-a09a-48b29e41db80.jpg,"[{""bbox"": [1177, 185, 1468, 436], ""type"": ""handwritten"", ""text"": ""CH3""}, {""bbox"": [389, 249, 567, 442], ""type"": ""handwritten"", ""text"": ""б)""}, {""bbox"": [398, 571, 2520, 896], ""type"": ""formula"", ""text"": ""CH3 - CH2 - CH - CH - COOH""}, {""bbox"": [699, 1586, 3076, 1796], ""type"": ""handwritten"", ""text"": ""2 - етил - 3 - метилбутен-2""}, {""bbox"": [322, 1820, 481, 2056], ""type"": ""annotation"", ""text"": ""6/""}, {""bbox"": [1224, 1823, 1532, 2108], ""type"": ""annotation"", ""text"": ""CH3""}, {""bbox"": [542, 2106, 2616, 2648], ""type"": ""formula"", ""text"": ""CH3-CH-CH-CH-COOH\n~~1~~\n~~Cl~~""}, {""bbox"": [614, 2722, 3015, 2978], ""type"": ""handwritten"", ""text"": ""3 - метил - 2-хлорпропанові""}]"
b8a1dbdf-e4e5-51a1-8948-b972dd0385b5.jpg,"[{""bbox"": [427, 0, 2214, 221], ""type"": ""handwritten"", ""text"": ""Гуахашоль - середній рід""}, {""bbox"": [404, 146, 2033, 404], ""type"": ""handwritten"", ""text"": ""Увасі - неймовірний рід""}, {""bbox"": [410, 357, 2025, 584], ""type"": ""handwritten"", ""text"": ""Тираній - середній рід""}, {""bbox"": [423, 558, 1838, 763], ""type"": ""handwritten"", ""text"": ""Соте - середній рід""}, {""bbox"": [391, 735, 2037, 967], ""type"": ""handwritten"", ""text"": ""Магоні - середній рід""}, {""bbox"": [359, 891, 1100, 1085], ""type"": ""handwritten"", ""text"": ""1) генетика""}, {""bbox"": [424, 1100, 1334, 1263], ""type"": ""handwritten"", ""text"": ""2) переносний""}, {""bbox"": [451, 1253, 974, 1438], ""type"": ""handwritten"", ""text"": ""3) пером""}, {""bbox"": [484, 1453, 1122, 1612], ""type"": ""handwritten"", ""text"": ""4) ченами""}, {""bbox"": [495, 1615, 1312, 1845], ""type"": ""handwritten"", ""text"": ""5) мутаген""}, {""bbox"": [209, 1811, 1608, 2031], ""type"": ""handwritten"", ""text"": ""1. Коридор - коридору""}, {""bbox"": [279, 1990, 1608, 2203], ""type"": ""handwritten"", ""text"": ""Квадрат - квадратна""}, {""bbox"": [282, 2159, 1333, 2335], ""type"": ""handwritten"", ""text"": ""Тема - перлина""}, {""bbox"": [300, 2318, 1115, 2544], ""type"": ""handwritten"", ""text"": ""Тілок - піску""}, {""bbox"": [311, 2502, 1472, 2734], ""type"": ""handwritten"", ""text"": ""Світло - Світлою""}, {""bbox"": [350, 2711, 1686, 2922], ""type"": ""handwritten"", ""text"": ""корнозем - корнозему""}, {""bbox"": [287, 2901, 1178, 3040], ""type"": ""handwritten"", ""text"": ""кисне - кисна""}, {""bbox"": [274, 3034, 1211, 3252], ""type"": ""handwritten"", ""text"": ""Рубай - Дубало""}, {""bbox"": [257, 3219, 1446, 3396], ""type"": ""handwritten"", ""text"": ""Домбас - Донбасу""}, {""bbox"": [267, 3405, 1298, 3554], ""type"": ""handwritten"", ""text"": ""гопак - гопака""}, {""bbox"": [262, 3588, 1606, 3783], ""type"": ""handwritten"", ""text"": ""косинус - посинуся""}]"
da3bdbcf-6827-5e88-a891-f6818c7938a6.jpg,"[{""bbox"": [407, 63, 3110, 242], ""type"": ""handwritten"", ""text"": ""ві, вигрітій сонцем. Сивий, статечний, найшанованіший у""}, {""bbox"": [407, 266, 3110, 459], ""type"": ""handwritten"", ""text"": ""благословляв чумаків перед дорогою, нелегкою. Гори, ясні,""}, {""bbox"": [407, 459, 3110, 660], ""type"": ""handwritten"", ""text"": ""цем, стояли до самого небокраю. Вагончики, вузькі, ни""}, {""bbox"": [407, 665, 3110, 858], ""type"": ""handwritten"", ""text"": ""аїні скришкують, похитують нас, колесують ранковою в""}]"
81bf9ff0-a620-5e25-986f-39391f894cf5.jpg,"[{""bbox"": [938, 1028, 1716, 1199], ""type"": ""handwritten"", ""text"": ""Третє лютого""}, {""bbox"": [741, 1150, 1761, 1328], ""type"": ""handwritten"", ""text"": ""Домашня робота""}, {""bbox"": [530, 1275, 1764, 1455], ""type"": ""handwritten"", ""text"": ""1. Пахнуло трояндами.""}, {""bbox"": [0, 1371, 283, 1514], ""type"": ""handwritten"", ""text"": ""96,""}, {""bbox"": [491, 1420, 2652, 1588], ""type"": ""handwritten"", ""text"": ""2. Повітря холодними сильними вітрами""}, {""bbox"": [559, 1547, 2629, 1721], ""type"": ""handwritten"", ""text"": ""Серце стискалося від болючого цимота""}, {""bbox"": [471, 1675, 2015, 1833], ""type"": ""handwritten"", ""text"": ""Одиний син опорнув думку""}, {""bbox"": [534, 1803, 2659, 1993], ""type"": ""handwritten"", ""text"": ""Але ж на вищих вітчизняних преміях""}, {""bbox"": [0, 1908, 243, 2095], ""type"": ""handwritten"", ""text"": ""з ково""}, {""bbox"": [1, 2064, 191, 2207], ""type"": ""handwritten"", ""text"": ""них""}, {""bbox"": [0, 2187, 466, 2364], ""type"": ""handwritten"", ""text"": ""ч голоси-""}, {""bbox"": [0, 2642, 364, 2802], ""type"": ""handwritten"", ""text"": ""іваючи""}, {""bbox"": [0, 2771, 349, 2992], ""type"": ""handwritten"", ""text"": ""- особлив""}]"
e260370e-ba23-56b4-ae0c-bfbda66bf49b.jpg,"[{""bbox"": [262, 377, 2733, 664], ""type"": ""handwritten"", ""text"": ""людська умислової матеріалу, що""}, {""bbox"": [161, 625, 1855, 865], ""type"": ""handwritten"", ""text"": ""переноситься в його товщу.""}, {""bbox"": [183, 818, 2438, 1079], ""type"": ""handwritten"", ""text"": ""4. Припускають, що з поверхні""}, {""bbox"": [137, 1015, 2787, 1272], ""type"": ""handwritten"", ""text"": ""лодочка, який мав кілька сот метрів""}, {""bbox"": [171, 1246, 2607, 1475], ""type"": ""handwritten"", ""text"": ""товщини, на сусідні території дуже""}, {""bbox"": [187, 1437, 2559, 1668], ""type"": ""handwritten"", ""text"": ""сильні вітри. Вони піднімають ліски""}, {""bbox"": [217, 1621, 2886, 1869], ""type"": ""handwritten"", ""text"": ""й сульфати та розчинами їх на кислих""}, {""bbox"": [203, 1812, 2974, 2071], ""type"": ""handwritten"", ""text"": ""територіях. Згодом там націоналізували""}, {""bbox"": [206, 2026, 2528, 2266], ""type"": ""handwritten"", ""text"": ""потужні товсті пилувати передні""}, {""bbox"": [221, 2245, 1914, 2471], ""type"": ""handwritten"", ""text"": ""ховідватимо ковбазу-нен.""}]"
3e441d16-245d-552b-8f44-06206bf42ac7.jpg,"[{""bbox"": [666, 947, 3714, 1207], ""type"": ""handwritten"", ""text"": ""десята одиниця, що дорівнює одній десятій одиниці ~~з~~{з} біл""}, {""bbox"": [665, 1123, 3563, 1360], ""type"": ""handwritten"", ""text"": ""Кіностудія Windows призначена для""}, {""bbox"": [665, 1312, 3719, 1564], ""type"": ""handwritten"", ""text"": ""творення відео фільмів, що монують""}, {""bbox"": [666, 1471, 3721, 1781], ""type"": ""handwritten"", ""text"": ""містити відеофрагменти, фото, звуко-""}, {""bbox"": [666, 1667, 3714, 1998], ""type"": ""handwritten"", ""text"": ""вий супровід, різноманітні танці.""}, {""bbox"": [797, 1857, 3668, 2231], ""type"": ""handwritten"", ""text"": ""1. етап - розраховується сценічна партія""}, {""bbox"": [849, 2030, 3742, 2277], ""type"": ""handwritten"", ""text"": ""2 етап - виконується підготовка аудіо,-""}, {""bbox"": [946, 2228, 3323, 2482], ""type"": ""handwritten"", ""text"": ""фото та відеоматеріалів""}, {""bbox"": [970, 2410, 3926, 2708], ""type"": ""handwritten"", ""text"": ""3 етап - виконується монтаж відеофільму""}]"
011934b4-d919-5000-8c1e-39f96daeba68.jpg,"[{""bbox"": [473, 815, 1151, 947], ""type"": ""handwritten"", ""text"": ""Домашня робота""}, {""bbox"": [12, 937, 210, 1026], ""type"": ""handwritten"", ""text"": ""14.3""}, {""bbox"": [1025, 1140, 1354, 1263], ""type"": ""handwritten"", ""text"": ""3) √36 = 6²""}, {""bbox"": [1, 1259, 298, 1419], ""type"": ""handwritten"", ""text"": ""14.5""}, {""bbox"": [1, 1259, 298, 1419], ""type"": ""formula"", ""text"": ""14.5""}, {""bbox"": [5, 1458, 1182, 1581], ""type"": ""handwritten"", ""text"": ""1) так тому що √9 = 3 і ≥ 0""}, {""bbox"": [2, 1592, 1491, 1745], ""type"": ""handwritten"", ""text"": ""2) мі тягнуцьо 149 мильше \""0\""""}, {""bbox"": [0, 1764, 279, 1919], ""type"": ""handwritten"", ""text"": ""№ 14. г""}, {""bbox"": [46, 1930, 1297, 2062], ""type"": ""handwritten"", ""text"": ""√169 = 13 тому 13² = 169 > 0""}, {""bbox"": [0, 2325, 256, 2474], ""type"": ""handwritten"", ""text"": ""№ 149""}, {""bbox"": [3, 2469, 1811, 2614], ""type"": ""handwritten"", ""text"": ""1) √25 = 5² 2) √36 = 6² 3) √0,16 = 0,4² 4) √4900 = 70²""}, {""bbox"": [1421, 2596, 1832, 2743], ""type"": ""formula"", ""text"": ""8) \\sqrt{3 \\frac{1}{16}} = 3(\\frac{1}{4})^2""}]"
8fd0b710-7b73-5e10-99c1-9c9c7e975390.jpg,"[{""bbox"": [383, 163, 1571, 389], ""type"": ""formula"", ""text"": ""8. A (2; -3; 1) A""}, {""bbox"": [725, 363, 1323, 547], ""type"": ""formula"", ""text"": ""5. (0; 1; 3)""}, {""bbox"": [709, 541, 1769, 764], ""type"": ""formula"", ""text"": ""C(-2; 0; 3) →""}, {""bbox"": [2100, 623, 2950, 1077], ""type"": ""formula"", ""text"": ""AB (2; -4; -2) BC (-2; -1; 0)""}, {""bbox"": [2111, 630, 2957, 898], ""type"": ""formula"", ""text"": ""AB (2; -4; -2)""}, {""bbox"": [523, 639, 1939, 1109], ""type"": ""formula"", ""text"": ""cos ∠B = \\frac{\\vec{AB} \\cdot \\vec{AC}}{|\\vec{AB}| \\cdot |\\vec{AC}|}""}, {""bbox"": [517, 1116, 1401, 1303], ""type"": ""formula"", ""text"": ""AB · AC = 0""}, {""bbox"": [570, 1249, 3026, 1499], ""type"": ""handwritten"", ""text"": ""оскільки ~~не~~ сполучені добутком""}, {""bbox"": [557, 1463, 1771, 1725], ""type"": ""handwritten"", ""text"": ""то AB ⊥ AC""}, {""bbox"": [709, 1723, 1277, 1898], ""type"": ""formula"", ""text"": ""∠B = 90°""}]"
1b908b1b-dbb0-563c-bd3d-a0c0b5935ab7.jpg,"[{""bbox"": [0, 204, 77, 282], ""type"": ""handwritten"", ""text"": ""оні""}, {""bbox"": [221, 208, 1412, 336], ""type"": ""handwritten"", ""text"": ""Висновок: Найшвидше розчинилася сіль, цукр,""}, {""bbox"": [184, 313, 1379, 434], ""type"": ""handwritten"", ""text"": ""сода. Міліона кислота розчинялася найдо-""}, {""bbox"": [177, 410, 301, 493], ""type"": ""handwritten"", ""text"": ""віче.""}, {""bbox"": [181, 492, 1379, 616], ""type"": ""handwritten"", ""text"": ""Більше розчиняються сіль, цукор, мілона""}, {""bbox"": [162, 617, 402, 696], ""type"": ""handwritten"", ""text"": ""кислота.""}]"
a3720007-553a-5cbb-9c0b-501605390704.jpg,"[{""bbox"": [285, 254, 680, 358], ""type"": ""handwritten"", ""text"": ""9. 1, A""}, {""bbox"": [282, 271, 344, 350], ""type"": ""handwritten"", ""text"": ""9.""}, {""bbox"": [2182, 326, 2292, 433], ""type"": ""handwritten"", ""text"": ""до""}, {""bbox"": [467, 353, 688, 466], ""type"": ""handwritten"", ""text"": ""2. Б""}, {""bbox"": [474, 466, 686, 591], ""type"": ""handwritten"", ""text"": ""3. Г""}, {""bbox"": [488, 597, 684, 698], ""type"": ""handwritten"", ""text"": ""4 В""}, {""bbox"": [2208, 720, 2274, 801], ""type"": ""handwritten"", ""text"": ""г""}, {""bbox"": [845, 731, 1348, 877], ""type"": ""handwritten"", ""text"": ""III рівень""}, {""bbox"": [191, 841, 1984, 974], ""type"": ""handwritten"", ""text"": ""10. НАФТА - приєднання умова про""}, {""bbox"": [176, 957, 1951, 1123], ""type"": ""handwritten"", ""text"": ""створення Північноамериканської""}, {""bbox"": [178, 1075, 2139, 1248], ""type"": ""handwritten"", ""text"": ""зони вільної торгівлі між Польщею,""}, {""bbox"": [212, 1225, 1145, 1382], ""type"": ""handwritten"", ""text"": ""Мерседес і США""}, {""bbox"": [177, 1364, 2157, 1535], ""type"": ""handwritten"", ""text"": ""11. Проникність шкіри - легкість,""}, {""bbox"": [193, 1500, 2093, 1669], ""type"": ""handwritten"", ""text"": ""проте спортсмен маніпулював зразом\"".""}, {""bbox"": [155, 1649, 2192, 1819], ""type"": ""handwritten"", ""text"": ""12 України „Зрізаного пропорці - це держава""}, {""bbox"": [163, 1791, 2190, 1955], ""type"": ""handwritten"", ""text"": ""які дозволяють реєструвати морські су-""}, {""bbox"": [167, 1937, 2182, 2105], ""type"": ""handwritten"", ""text"": ""досі пів своїм пропорцій за сприянням""}, {""bbox"": [174, 2091, 2237, 2245], ""type"": ""handwritten"", ""text"": ""процедурою, мовіль якщо судило не можна""}, {""bbox"": [185, 2250, 1219, 2398], ""type"": ""handwritten"", ""text"": ""і якими промаджами""}, {""bbox"": [891, 2345, 1243, 2448], ""type"": ""handwritten"", ""text"": ""10 рівень""}, {""bbox"": [161, 2417, 260, 2505], ""type"": ""handwritten"", ""text"": ""13.""}, {""bbox"": [215, 2425, 2265, 2616], ""type"": ""handwritten"", ""text"": ""1. Антура Свобода розмальована в Нью-""}, {""bbox"": [215, 2598, 2279, 2780], ""type"": ""handwritten"", ""text"": ""ворку, а сильними свободи та де-""}, {""bbox"": [111, 2758, 2284, 2967], ""type"": ""handwritten"", ""text"": ""мократії. Подарована Громадсько Силу""}]"
cb8c96d6-b38e-55af-aa67-083cd8e610f3.jpg,"[{""bbox"": [303, 1447, 1813, 1576], ""type"": ""handwritten"", ""text"": ""день від кожної мами""}, {""bbox"": [337, 1664, 2924, 1806], ""type"": ""handwritten"", ""text"": ""при дужій використання мови на дошці""}, {""bbox"": [73, 1899, 609, 2036], ""type"": ""handwritten"", ""text"": ""фінансовий""}, {""bbox"": [471, 2102, 2663, 2249], ""type"": ""handwritten"", ""text"": ""розчином інфекційного спо""}, {""bbox"": [136, 2306, 2369, 2520], ""type"": ""handwritten"", ""text"": ""експерим (норм. змін'зміні!)""}]"
b01c3599-8158-5d02-95d9-969e2031ac38.jpg,"[{""bbox"": [1407, 357, 3031, 609], ""type"": ""handwritten"", ""text"": ""Чотирнадцяте січня""}, {""bbox"": [1667, 574, 3136, 786], ""type"": ""handwritten"", ""text"": ""Домашня робота""}, {""bbox"": [1889, 769, 2856, 986], ""type"": ""handwritten"", ""text"": ""Вправа 264""}, {""bbox"": [1, 817, 211, 1014], ""type"": ""handwritten"", ""text"": ""не""}, {""bbox"": [657, 979, 3676, 1241], ""type"": ""handwritten"", ""text"": ""но, змагання, лоно, віче, усміхаючись,""}, {""bbox"": [758, 1198, 3777, 1446], ""type"": ""handwritten"", ""text"": ""мавши, підмискає, попідмискає,""}, {""bbox"": [0, 1258, 299, 1464], ""type"": ""handwritten"", ""text"": ""ких""}, {""bbox"": [758, 1396, 3778, 1678], ""type"": ""handwritten"", ""text"": ""гурбани, лісів, сенатор, підтримуючо-""}, {""bbox"": [429, 1682, 1718, 1947], ""type"": ""handwritten"", ""text"": ""здатку метро.""}, {""bbox"": [0, 1711, 296, 1902], ""type"": ""handwritten"", ""text"": ""вік -""}, {""bbox"": [1, 2103, 249, 2332], ""type"": ""handwritten"", ""text"": ""сіб""}, {""bbox"": [0, 2845, 282, 3024], ""type"": ""handwritten"", ""text"": ""сам""}]"
2d6d084a-84db-5133-832d-cee551c9cd94.jpg,"[{""bbox"": [202, 332, 3322, 713], ""type"": ""handwritten"", ""text"": ""помі, він піднімався він піднімався""}, {""bbox"": [197, 583, 3248, 907], ""type"": ""handwritten"", ""text"": ""коли поворотно і прорубовно,""}, {""bbox"": [179, 799, 2666, 1067], ""type"": ""handwritten"", ""text"": ""малюки без опису. Покищ""}, {""bbox"": [179, 1023, 2535, 1238], ""type"": ""handwritten"", ""text"": ""вид транспорту як поїзд на""}, {""bbox"": [167, 1214, 2585, 1414], ""type"": ""handwritten"", ""text"": ""можливих наслідків, може""}, {""bbox"": [152, 1397, 3271, 1617], ""type"": ""handwritten"", ""text"": ""домами мільйоні до волинців""}, {""bbox"": [134, 1582, 3166, 1796], ""type"": ""handwritten"", ""text"": ""що робити його надзвичайно""}, {""bbox"": [119, 1780, 2925, 1990], ""type"": ""handwritten"", ""text"": ""відчутливим доцінчування на""}, {""bbox"": [92, 1967, 2785, 2196], ""type"": ""handwritten"", ""text"": ""вимір відмін. Шанові вони""}, {""bbox"": [70, 2168, 2739, 2393], ""type"": ""handwritten"", ""text"": ""згадати розвиток інтересів""}, {""bbox"": [53, 2359, 2837, 2614], ""type"": ""handwritten"", ""text"": ""петлячий - синий волкулак""}, {""bbox"": [52, 2581, 3073, 2834], ""type"": ""handwritten"", ""text"": ""пуревих уміння краще сполучає""}, {""bbox"": [8, 2798, 3135, 3043], ""type"": ""handwritten"", ""text"": ""принципом на назуватись""}, {""bbox"": [0, 3001, 3017, 3284], ""type"": ""handwritten"", ""text"": ""високих швидкостях зовсім""}, {""bbox"": [6, 3235, 2467, 3571], ""type"": ""handwritten"", ""text"": ""зменшити струм повітря.""}]"
5413bb7b-6b69-5589-b218-bfeb24d37648.jpg,"[{""bbox"": [3236, 0, 3459, 144], ""type"": ""annotation"", ""text"": ""V""}, {""bbox"": [556, 184, 3577, 532], ""type"": ""handwritten"", ""text"": ""поліснюється охолодом: вода завж""}, {""bbox"": [555, 498, 3577, 844], ""type"": ""handwritten"", ""text"": ""ється туди, де вища концентра-""}, {""bbox"": [256, 826, 1213, 1097], ""type"": ""handwritten"", ""text"": ""~~води~~ солі.""}, {""bbox"": [555, 1089, 3577, 1379], ""type"": ""handwritten"", ""text"": ""істководні риби в морі: сомоні,""}, {""bbox"": [556, 1364, 3576, 1637], ""type"": ""handwritten"", ""text"": ""ода вистачує рідину з тіла ри""}, {""bbox"": [556, 1633, 3576, 1908], ""type"": ""handwritten"", ""text"": ""довні. Риба витратає воду, її кіль-""}, {""bbox"": [555, 1883, 3573, 2166], ""type"": ""handwritten"", ""text"": ""користуються, і вона чиме від""}, {""bbox"": [301, 2187, 1352, 2443], ""type"": ""handwritten"", ""text"": ""зневоднення.""}, {""bbox"": [555, 2370, 3488, 2701], ""type"": ""handwritten"", ""text"": ""ворові риби в річці: прісна вода""}]"
45fcc1af-e4bb-5932-a521-d73b8cda4427.jpg,"[{""bbox"": [661, 452, 2995, 750], ""type"": ""handwritten"", ""text"": ""січній - соні батареї, які неожидань""}, {""bbox"": [3148, 602, 3468, 751], ""type"": ""handwritten"", ""text"": ""полі""}, {""bbox"": [648, 615, 3074, 864], ""type"": ""handwritten"", ""text"": ""зберігали змістну північно-східну""}, {""bbox"": [624, 616, 3049, 1034], ""type"": ""handwritten"", ""text"": ""зберігали значну кількість енергії""}, {""bbox"": [3155, 756, 3468, 903], ""type"": ""handwritten"", ""text"": ""роб""}, {""bbox"": [638, 773, 3016, 1015], ""type"": ""handwritten"", ""text"": ""та забезпечені сховищами""}, {""bbox"": [3154, 903, 3468, 1052], ""type"": ""handwritten"", ""text"": ""ма""}, {""bbox"": [605, 948, 3122, 1201], ""type"": ""handwritten"", ""text"": ""робили трагічну безселекційну""}, {""bbox"": [3197, 1043, 3467, 1224], ""type"": ""handwritten"", ""text"": ""вид""}, {""bbox"": [605, 1126, 3149, 1342], ""type"": ""handwritten"", ""text"": ""панію закреслени, Нові України,""}, {""bbox"": [3203, 1211, 3468, 1387], ""type"": ""handwritten"", ""text"": ""ма""}, {""bbox"": [563, 1288, 3020, 1534], ""type"": ""handwritten"", ""text"": ""відкрив містом Аквіліоні""}, {""bbox"": [3242, 1397, 3465, 1576], ""type"": ""handwritten"", ""text"": ""да""}, {""bbox"": [587, 1476, 3157, 1702], ""type"": ""handwritten"", ""text"": ""гульно поліцейськів, що дозволють""}, {""bbox"": [3236, 1573, 3466, 1751], ""type"": ""handwritten"", ""text"": ""шу""}, {""bbox"": [526, 1670, 3206, 1870], ""type"": ""handwritten"", ""text"": ""сільського господарства та відділів""}, {""bbox"": [3266, 1750, 3468, 1919], ""type"": ""handwritten"", ""text"": ""від""}, {""bbox"": [508, 1849, 3176, 2067], ""type"": ""handwritten"", ""text"": ""вирішу. Таким цікавим корисним""}, {""bbox"": [3265, 1918, 3468, 2106], ""type"": ""handwritten"", ""text"": ""ва""}, {""bbox"": [478, 2043, 3162, 2266], ""type"": ""handwritten"", ""text"": ""є синонімом цевіну і моливі,""}, {""bbox"": [3265, 2125, 3468, 2312], ""type"": ""handwritten"", ""text"": ""зе""}, {""bbox"": [465, 2240, 3262, 2468], ""type"": ""handwritten"", ""text"": ""якія використовує сили сполучного""}, {""bbox"": [443, 2448, 3011, 2672], ""type"": ""handwritten"", ""text"": ""поміг дати підставу для""}, {""bbox"": [3309, 2515, 3468, 2713], ""type"": ""handwritten"", ""text"": ""на""}, {""bbox"": [434, 2652, 3167, 2873], ""type"": ""handwritten"", ""text"": ""турнірувні транспортні засоби""}, {""bbox"": [3303, 2740, 3467, 2899], ""type"": ""handwritten"", ""text"": ""10""}, {""bbox"": [412, 2848, 3249, 3083], ""type"": ""handwritten"", ""text"": ""кутири. Це дозволи досягну""}, {""bbox"": [431, 3060, 3296, 3316], ""type"": ""handwritten"", ""text"": ""вистягнути з антимагні""}, {""bbox"": [450, 3272, 3103, 3547], ""type"": ""handwritten"", ""text"": ""екологічним витриманням.""}, {""bbox"": [351, 3469, 3323, 3785], ""type"": ""handwritten"", ""text"": ""Всесвіт цей неперевершено чудово""}, {""bbox"": [286, 3711, 3045, 4010], ""type"": ""handwritten"", ""text"": ""причин вогнегоріння плямінних""}, {""bbox"": [273, 3935, 3114, 4264], ""type"": ""handwritten"", ""text"": ""тків: кили на тканинний""}, {""bbox"": [197, 4161, 3208, 4544], ""type"": ""handwritten"", ""text"": ""залив до неприємного""}]"
4648cf5b-07f4-598a-8778-51c40dc185b4.jpg,"[{""bbox"": [377, 369, 2824, 554], ""type"": ""handwritten"", ""text"": ""3. Магнітова петля (МП) - магнітна система""}, {""bbox"": [368, 556, 2438, 746], ""type"": ""handwritten"", ""text"": ""переїхав у місті і з цінівальником""}, {""bbox"": [523, 712, 2842, 930], ""type"": ""handwritten"", ""text"": ""підземними формуванням та біофізичними""}, {""bbox"": [434, 1000, 778, 1069], ""type"": ""handwritten"", ""text"": ""ттям.""}, {""bbox"": [425, 1127, 1720, 1259], ""type"": ""handwritten"", ""text"": ""14. Нерівні магічні:""}, {""bbox"": [552, 1310, 1418, 1434], ""type"": ""handwritten"", ""text"": ""- Вирізки лісів""}, {""bbox"": [835, 1469, 2149, 1591], ""type"": ""handwritten"", ""text"": ""Значення біофізичних""}, {""bbox"": [878, 1625, 2410, 1784], ""type"": ""handwritten"", ""text"": ""Заслідування звучань та вочі""}, {""bbox"": [883, 1844, 1846, 1950], ""type"": ""handwritten"", ""text"": ""Програма покращення:""}, {""bbox"": [818, 2010, 1889, 2118], ""type"": ""handwritten"", ""text"": ""Символи змовідних в""}, {""bbox"": [841, 2186, 2054, 2300], ""type"": ""handwritten"", ""text"": ""Контроль за виробництвом""}, {""bbox"": [910, 2366, 2081, 2457], ""type"": ""handwritten"", ""text"": ""Екологічний триматор""}, {""bbox"": [560, 2775, 2837, 2940], ""type"": ""handwritten"", ""text"": ""15. Головні причини, чому Бризгінія""}, {""bbox"": [565, 2934, 2805, 3070], ""type"": ""handwritten"", ""text"": ""- один з найбільших виробників кави""}, {""bbox"": [841, 3331, 1916, 3422], ""type"": ""handwritten"", ""text"": ""Суперхолодний клімат""}, {""bbox"": [912, 3447, 2891, 3610], ""type"": ""handwritten"", ""text"": ""Родові групи, особливо чорноземи""}, {""bbox"": [872, 3600, 2920, 3783], ""type"": ""handwritten"", ""text"": ""Величайші піонері - північного споду речей""}, {""bbox"": [678, 3777, 916, 3866], ""type"": ""handwritten"", ""text"": ""цією.""}]"
108c913f-0a78-5005-adc7-7858d0a3736f.jpg,"[{""bbox"": [89, 63, 842, 178], ""type"": ""handwritten"", ""text"": ""2 - A √8 + √2 = √10""}, {""bbox"": [89, 63, 842, 178], ""type"": ""formula"", ""text"": ""2 - A \\sqrt{8} + \\sqrt{2} = \\sqrt{10}""}, {""bbox"": [405, 64, 839, 175], ""type"": ""formula"", ""text"": ""\\sqrt{8} + \\sqrt{2} = \\sqrt{10}""}, {""bbox"": [92, 92, 240, 177], ""type"": ""handwritten"", ""text"": ""2 - A""}, {""bbox"": [376, 173, 1891, 324], ""type"": ""formula"", ""text"": ""(\\sqrt{7} - \\sqrt{2})(\\sqrt{7} + \\sqrt{2}) = (\\sqrt{7})^2 - (\\sqrt{2})^2 = 7 - 2 = 5""}, {""bbox"": [353, 316, 1877, 560], ""type"": ""formula"", ""text"": ""(\\frac{7^{3/4} \\cdot 2^{3/4}}{2^{-1/4} \\cdot 14})^4 = (\\frac{\\sqrt[4]{7^3} \\cdot \\sqrt[4]{2^3}}{\\frac{14}{\\sqrt[4]{2}}})^4 = \\frac{7^3 \\cdot 2^3}{38416} =""}, {""bbox"": [180, 528, 658, 711], ""type"": ""formula"", ""text"": ""= 2744 / 19208 = 1 / 7""}, {""bbox"": [95, 796, 1586, 924], ""type"": ""handwritten"", ""text"": ""6) Знайдіть корені рівняння tg x = - √3""}, {""bbox"": [195, 914, 554, 1042], ""type"": ""formula"", ""text"": ""ctg x = - \\sqrt{3}""}, {""bbox"": [200, 1056, 1103, 1171], ""type"": ""handwritten"", ""text"": ""x = π - arctg √3 + πn, n ∈ Z""}, {""bbox"": [179, 1192, 898, 1324], ""type"": ""formula"", ""text"": ""x = π - 2π/3 + πn, n ∈ Z""}, {""bbox"": [199, 1370, 835, 1496], ""type"": ""formula"", ""text"": ""x = \\frac{\\pi}{3} + \\pi n, n \\in Z""}, {""bbox"": [86, 1560, 1593, 1684], ""type"": ""handwritten"", ""text"": ""7) Знайдіть критичні точки функції:""}, {""bbox"": [193, 1683, 683, 1771], ""type"": ""formula"", ""text"": ""f(x) = x^3 - 3x^2""}, {""bbox"": [156, 1788, 1103, 1898], ""type"": ""formula"", ""text"": ""f'(x) = (x^3 - 3x^2)' = 3x^2 - 6x""}, {""bbox"": [209, 1917, 816, 2031], ""type"": ""formula"", ""text"": ""3x^2 - 6x = 0 | : (3)""}, {""bbox"": [218, 2035, 589, 2136], ""type"": ""formula"", ""text"": ""x^2 - 2x = 0""}, {""bbox"": [219, 2156, 583, 2242], ""type"": ""formula"", ""text"": ""x(x - 2) = 0""}, {""bbox"": [188, 2256, 362, 2349], ""type"": ""formula"", ""text"": ""x_1 = 0""}, {""bbox"": [549, 2328, 733, 2415], ""type"": ""formula"", ""text"": ""x_2 = 2""}, {""bbox"": [105, 2427, 992, 2559], ""type"": ""handwritten"", ""text"": ""Відповідь: x₁ = 0; x₂ = 2""}]"
9fa80aee-0b69-5d03-b811-eee399c13fa4.jpg,"[{""bbox"": [660, 51, 2265, 220], ""type"": ""handwritten"", ""text"": ""Wednesday, the twenty-third of April""}, {""bbox"": [1198, 219, 1676, 346], ""type"": ""handwritten"", ""text"": ""Homework""}, {""bbox"": [1314, 440, 1538, 584], ""type"": ""handwritten"", ""text"": ""p. 206""}, {""bbox"": [43, 556, 955, 717], ""type"": ""handwritten"", ""text"": ""• a fisherman-рибалка.""}, {""bbox"": [21, 730, 1096, 876], ""type"": ""handwritten"", ""text"": ""• an inlustry - промисловість.""}, {""bbox"": [17, 898, 1035, 1015], ""type"": ""handwritten"", ""text"": ""• an inhabitant - член.""}, {""bbox"": [17, 1059, 908, 1217], ""type"": ""handwritten"", ""text"": ""• population - населення.""}, {""bbox"": [17, 1224, 664, 1365], ""type"": ""handwritten"", ""text"": ""• a sailor - моряк.""}, {""bbox"": [11, 1386, 1654, 1538], ""type"": ""handwritten"", ""text"": ""• to inhabit - населяти, жити в якомусь місці).""}, {""bbox"": [13, 1546, 1280, 1684], ""type"": ""handwritten"", ""text"": ""• to be  proud of - пишатися чимось.""}, {""bbox"": [15, 1707, 1197, 1847], ""type"": ""handwritten"", ""text"": ""• to be buried - бути похованим.""}]"
