image,regions
33331ef7-02fe-4d53-a1c2-19940d128b49.jpg,"[{""bbox"": [1262, 232, 1702, 353], ""type"": ""handwritten"", ""text"": """"}, {""bbox"": [807, 366, 2409, 479], ""type"": ""handwritten"", ""text"": """"}, {""bbox"": [792, 494, 1559, 582], ""type"": ""handwritten"", ""text"": """"}, {""bbox"": [851, 585, 2432, 697], ""type"": ""handwritten"", ""text"": """"}, {""bbox"": [811, 686, 1978, 783], ""type"": ""handwritten"", ""text"": """"}, {""bbox"": [847, 765, 2434, 854], ""type"": ""handwritten"", ""text"": """"}, {""bbox"": [796, 846, 2447, 930], ""type"": ""handwritten"", ""text"": """"}, {""bbox"": [797, 918, 2438, 1003], ""type"": ""handwritten"", ""text"": """"}, {""bbox"": [797, 987, 2440, 1084], ""type"": ""handwritten"", ""text"": """"}, {""bbox"": [802, 1076, 2449, 1178], ""type"": ""handwritten"", ""text"": """"}, {""bbox"": [791, 1169, 2339, 1265], ""type"": ""handwritten"", ""text"": """"}, {""bbox"": [783, 1247, 1657, 1332], ""type"": ""handwritten"", ""text"": """"}, {""bbox"": [882, 1330, 2346, 1422], ""type"": ""handwritten"", ""text"": """"}, {""bbox"": [799, 1409, 2453, 1491], ""type"": ""handwritten"", ""text"": """"}, {""bbox"": [799, 1475, 2365, 1558], ""type"": ""handwritten"", ""text"": """"}, {""bbox"": [795, 1541, 2361, 1633], ""type"": ""handwritten"", ""text"": """"}, {""bbox"": [800, 1618, 1921, 1697], ""type"": ""handwritten"", ""text"": """"}, {""bbox"": [856, 1688, 2362, 1767], ""type"": ""handwritten"", ""text"": """"}, {""bbox"": [833, 1764, 2459, 1854], ""type"": ""handwritten"", ""text"": """"}, {""bbox"": [816, 1844, 2446, 1931], ""type"": ""handwritten"", ""text"": """"}, {""bbox"": [806, 1922, 2440, 2006], ""type"": ""handwritten"", ""text"": """"}, {""bbox"": [801, 1996, 2355, 2084], ""type"": ""handwritten"", ""text"": """"}, {""bbox"": [877, 2075, 2436, 2159], ""type"": ""handwritten"", ""text"": """"}, {""bbox"": [787, 2149, 2426, 2235], ""type"": ""handwritten"", ""text"": """"}, {""bbox"": [781, 2228, 2351, 2311], ""type"": ""handwritten"", ""text"": """"}, {""bbox"": [762, 2303, 2432, 2397], ""type"": ""handwritten"", ""text"": """"}, {""bbox"": [779, 2389, 2010, 2482], ""type"": ""handwritten"", ""text"": """"}, {""bbox"": [870, 2473, 2464, 2568], ""type"": ""handwritten"", ""text"": """"}, {""bbox"": [788, 2567, 2335, 2668], ""type"": ""handwritten"", ""text"": """"}, {""bbox"": [774, 2647, 2475, 2754], ""type"": ""handwritten"", ""text"": """"}, {""bbox"": [770, 2735, 2418, 2819], ""type"": ""handwritten"", ""text"": """"}]"
1f7e87e1-0fe9-47a8-be81-ee4d109e74a0.jpg,"[{""bbox"": [82, 53, 1103, 170], ""type"": ""handwritten"", ""text"": """"}, {""bbox"": [92, 142, 1105, 224], ""type"": ""handwritten"", ""text"": """"}, {""bbox"": [95, 211, 1101, 277], ""type"": ""handwritten"", ""text"": """"}, {""bbox"": [89, 269, 1096, 331], ""type"": ""handwritten"", ""text"": """"}, {""bbox"": [84, 322, 1004, 392], ""type"": ""handwritten"", ""text"": """"}, {""bbox"": [90, 384, 1093, 451], ""type"": ""handwritten"", ""text"": """"}, {""bbox"": [90, 445, 1004, 512], ""type"": ""handwritten"", ""text"": """"}, {""bbox"": [89, 502, 469, 564], ""type"": ""handwritten"", ""text"": """"}, {""bbox"": [182, 554, 1024, 621], ""type"": ""handwritten"", ""text"": """"}, {""bbox"": [84, 618, 1084, 676], ""type"": ""handwritten"", ""text"": """"}, {""bbox"": [85, 672, 1083, 735], ""type"": ""handwritten"", ""text"": """"}, {""bbox"": [85, 730, 1005, 792], ""type"": ""handwritten"", ""text"": """"}, {""bbox"": [90, 783, 1085, 850], ""type"": ""handwritten"", ""text"": """"}, {""bbox"": [96, 844, 1096, 915], ""type"": ""handwritten"", ""text"": """"}, {""bbox"": [83, 908, 1024, 973], ""type"": ""handwritten"", ""text"": """"}, {""bbox"": [79, 969, 948, 1033], ""type"": ""handwritten"", ""text"": """"}, {""bbox"": [0, 1029, 378, 1093], ""type"": ""handwritten"", ""text"": """"}]"
26db9d85-0974-483b-b53e-0a2cff4f30c5.jpg,"[{""bbox"": [1049, 406, 2089, 612], ""type"": ""handwritten"", ""text"": """"}, {""bbox"": [606, 645, 3655, 824], ""type"": ""handwritten"", ""text"": """"}, {""bbox"": [307, 814, 3619, 1000], ""type"": ""handwritten"", ""text"": """"}, {""bbox"": [558, 1018, 3743, 1204], ""type"": ""handwritten"", ""text"": """"}, {""bbox"": [286, 1223, 3399, 1418], ""type"": ""handwritten"", ""text"": """"}, {""bbox"": [296, 1412, 3859, 1633], ""type"": ""handwritten"", ""text"": """"}, {""bbox"": [279, 1618, 3541, 1833], ""type"": ""handwritten"", ""text"": """"}, {""bbox"": [290, 1814, 3549, 1998], ""type"": ""handwritten"", ""text"": """"}, {""bbox"": [315, 1989, 3603, 2188], ""type"": ""handwritten"", ""text"": """"}, {""bbox"": [312, 2171, 3792, 2367], ""type"": ""handwritten"", ""text"": """"}, {""bbox"": [301, 2366, 3805, 2556], ""type"": ""handwritten"", ""text"": """"}, {""bbox"": [316, 2539, 3771, 2746], ""type"": ""handwritten"", ""text"": """"}, {""bbox"": [321, 2726, 3789, 2913], ""type"": ""handwritten"", ""text"": """"}, {""bbox"": [496, 2899, 3693, 3080], ""type"": ""handwritten"", ""text"": """"}, {""bbox"": [270, 3078, 3810, 3262], ""type"": ""handwritten"", ""text"": """"}, {""bbox"": [281, 3243, 3528, 3436], ""type"": ""handwritten"", ""text"": """"}, {""bbox"": [288, 3435, 3627, 3637], ""type"": ""handwritten"", ""text"": """"}, {""bbox"": [270, 3620, 3854, 3821], ""type"": ""handwritten"", ""text"": """"}, {""bbox"": [268, 3779, 787, 3926], ""type"": ""handwritten"", ""text"": """"}, {""bbox"": [515, 3953, 3887, 4191], ""type"": ""handwritten"", ""text"": """"}, {""bbox"": [240, 4156, 3641, 4364], ""type"": ""handwritten"", ""text"": """"}, {""bbox"": [230, 4342, 3718, 4535], ""type"": ""handwritten"", ""text"": """"}, {""bbox"": [234, 4520, 3836, 4718], ""type"": ""handwritten"", ""text"": """"}, {""bbox"": [239, 4710, 3562, 4921], ""type"": ""handwritten"", ""text"": """"}, {""bbox"": [496, 5081, 3844, 5254], ""type"": ""handwritten"", ""text"": """"}, {""bbox"": [248, 5252, 3628, 5436], ""type"": ""handwritten"", ""text"": """"}, {""bbox"": [252, 5429, 3865, 5619], ""type"": ""handwritten"", ""text"": """"}]"
3bc2244f-ea4a-4c1e-86bf-defa0f11402f.jpg,"[{""bbox"": [602, 191, 1117, 284], ""type"": ""handwritten"", ""text"": """"}, {""bbox"": [367, 274, 1368, 351], ""type"": ""handwritten"", ""text"": """"}, {""bbox"": [238, 342, 1356, 415], ""type"": ""handwritten"", ""text"": """"}, {""bbox"": [251, 405, 1276, 478], ""type"": ""handwritten"", ""text"": """"}, {""bbox"": [365, 467, 1332, 544], ""type"": ""handwritten"", ""text"": """"}, {""bbox"": [236, 528, 1350, 604], ""type"": ""handwritten"", ""text"": """"}, {""bbox"": [234, 591, 1267, 669], ""type"": ""handwritten"", ""text"": """"}, {""bbox"": [217, 659, 1267, 731], ""type"": ""handwritten"", ""text"": """"}, {""bbox"": [224, 721, 1346, 795], ""type"": ""handwritten"", ""text"": """"}, {""bbox"": [213, 782, 1354, 859], ""type"": ""handwritten"", ""text"": """"}, {""bbox"": [221, 850, 1367, 922], ""type"": ""handwritten"", ""text"": """"}, {""bbox"": [219, 910, 1375, 984], ""type"": ""handwritten"", ""text"": """"}, {""bbox"": [224, 971, 1378, 1046], ""type"": ""handwritten"", ""text"": """"}, {""bbox"": [208, 1036, 1290, 1111], ""type"": ""handwritten"", ""text"": """"}, {""bbox"": [228, 1102, 1346, 1176], ""type"": ""handwritten"", ""text"": """"}, {""bbox"": [228, 1163, 1238, 1237], ""type"": ""handwritten"", ""text"": """"}, {""bbox"": [229, 1228, 1193, 1298], ""type"": ""handwritten"", ""text"": """"}, {""bbox"": [338, 1291, 1342, 1365], ""type"": ""handwritten"", ""text"": """"}, {""bbox"": [205, 1351, 1340, 1427], ""type"": ""handwritten"", ""text"": """"}, {""bbox"": [205, 1417, 1342, 1488], ""type"": ""handwritten"", ""text"": """"}, {""bbox"": [221, 1479, 1346, 1554], ""type"": ""handwritten"", ""text"": """"}, {""bbox"": [233, 1545, 1275, 1619], ""type"": ""handwritten"", ""text"": """"}, {""bbox"": [218, 1612, 1337, 1690], ""type"": ""handwritten"", ""text"": """"}, {""bbox"": [220, 1623, 1342, 1732], ""type"": ""handwritten"", ""text"": """"}]"
272b57f4-1fc7-4cf8-97af-7fe575fbf601.jpg,"[{""bbox"": [543, 320, 2798, 482], ""type"": ""handwritten"", ""text"": """"}, {""bbox"": [539, 469, 2644, 635], ""type"": ""handwritten"", ""text"": """"}, {""bbox"": [709, 616, 2739, 802], ""type"": ""handwritten"", ""text"": """"}, {""bbox"": [531, 780, 2798, 959], ""type"": ""handwritten"", ""text"": """"}, {""bbox"": [509, 930, 2832, 1133], ""type"": ""handwritten"", ""text"": """"}, {""bbox"": [501, 1109, 2657, 1271], ""type"": ""handwritten"", ""text"": """"}, {""bbox"": [492, 1262, 2674, 1472], ""type"": ""handwritten"", ""text"": """"}, {""bbox"": [487, 1452, 2876, 1641], ""type"": ""handwritten"", ""text"": """"}, {""bbox"": [493, 1612, 1882, 1785], ""type"": ""handwritten"", ""text"": """"}, {""bbox"": [614, 1776, 2907, 1956], ""type"": ""handwritten"", ""text"": """"}, {""bbox"": [456, 1930, 2823, 2143], ""type"": ""handwritten"", ""text"": """"}, {""bbox"": [459, 2128, 2777, 2306], ""type"": ""handwritten"", ""text"": """"}, {""bbox"": [432, 2310, 2833, 2505], ""type"": ""handwritten"", ""text"": """"}, {""bbox"": [424, 2483, 2857, 2688], ""type"": ""handwritten"", ""text"": """"}, {""bbox"": [432, 2674, 2591, 2856], ""type"": ""handwritten"", ""text"": """"}, {""bbox"": [530, 2829, 2540, 3052], ""type"": ""handwritten"", ""text"": """"}, {""bbox"": [400, 3039, 2819, 3239], ""type"": ""handwritten"", ""text"": """"}, {""bbox"": [404, 3212, 2913, 3423], ""type"": ""handwritten"", ""text"": """"}, {""bbox"": [392, 3408, 2699, 3613], ""type"": ""handwritten"", ""text"": """"}, {""bbox"": [352, 3599, 2771, 3775], ""type"": ""handwritten"", ""text"": """"}]"
c5b345be-9365-4caa-bf71-7c89fc6d48f0.jpg,"[{""bbox"": [908, 1, 1518, 147], ""type"": ""handwritten"", ""text"": """"}, {""bbox"": [694, 122, 1598, 278], ""type"": ""handwritten"", ""text"": """"}, {""bbox"": [334, 307, 2577, 488], ""type"": ""handwritten"", ""text"": """"}, {""bbox"": [71, 463, 2471, 618], ""type"": ""handwritten"", ""text"": """"}, {""bbox"": [83, 596, 2483, 744], ""type"": ""handwritten"", ""text"": """"}, {""bbox"": [104, 729, 2535, 874], ""type"": ""handwritten"", ""text"": """"}, {""bbox"": [83, 859, 2493, 1011], ""type"": ""handwritten"", ""text"": """"}, {""bbox"": [100, 987, 2528, 1135], ""type"": ""handwritten"", ""text"": """"}, {""bbox"": [135, 1120, 2504, 1263], ""type"": ""handwritten"", ""text"": """"}, {""bbox"": [149, 1248, 2496, 1391], ""type"": ""handwritten"", ""text"": """"}, {""bbox"": [178, 1382, 2480, 1523], ""type"": ""handwritten"", ""text"": """"}, {""bbox"": [173, 1509, 2424, 1640], ""type"": ""handwritten"", ""text"": """"}, {""bbox"": [167, 1623, 2445, 1762], ""type"": ""handwritten"", ""text"": """"}, {""bbox"": [203, 1749, 2449, 1891], ""type"": ""handwritten"", ""text"": """"}, {""bbox"": [203, 1881, 1126, 1991], ""type"": ""handwritten"", ""text"": """"}, {""bbox"": [416, 1989, 2333, 2134], ""type"": ""handwritten"", ""text"": """"}, {""bbox"": [113, 2118, 2511, 2267], ""type"": ""handwritten"", ""text"": """"}, {""bbox"": [132, 2249, 2463, 2391], ""type"": ""handwritten"", ""text"": """"}, {""bbox"": [137, 2373, 2454, 2511], ""type"": ""handwritten"", ""text"": """"}, {""bbox"": [201, 2502, 2364, 2637], ""type"": ""handwritten"", ""text"": """"}, {""bbox"": [226, 2621, 1342, 2718], ""type"": ""handwritten"", ""text"": """"}, {""bbox"": [498, 2717, 2429, 2872], ""type"": ""handwritten"", ""text"": """"}, {""bbox"": [152, 2849, 2426, 2993], ""type"": ""handwritten"", ""text"": """"}, {""bbox"": [158, 2972, 2380, 3112], ""type"": ""handwritten"", ""text"": """"}, {""bbox"": [159, 3091, 2387, 3228], ""type"": ""handwritten"", ""text"": """"}, {""bbox"": [164, 3206, 2368, 3350], ""type"": ""handwritten"", ""text"": """"}, {""bbox"": [183, 3333, 2419, 3466], ""type"": ""handwritten"", ""text"": """"}, {""bbox"": [188, 3430, 386, 3548], ""type"": ""handwritten"", ""text"": """"}]"
0bb6a86a-b5a1-4e68-97eb-a1f503c040d9.jpg,"[{""bbox"": [643, 173, 935, 237], ""type"": ""handwritten"", ""text"": """"}, {""bbox"": [344, 252, 1539, 349], ""type"": ""handwritten"", ""text"": """"}, {""bbox"": [297, 332, 1144, 424], ""type"": ""handwritten"", ""text"": """"}, {""bbox"": [332, 411, 1417, 506], ""type"": ""handwritten"", ""text"": """"}, {""bbox"": [292, 499, 1501, 586], ""type"": ""handwritten"", ""text"": """"}, {""bbox"": [297, 576, 1510, 669], ""type"": ""handwritten"", ""text"": """"}, {""bbox"": [302, 663, 1533, 758], ""type"": ""handwritten"", ""text"": """"}, {""bbox"": [302, 749, 1529, 834], ""type"": ""handwritten"", ""text"": """"}, {""bbox"": [299, 825, 1530, 912], ""type"": ""handwritten"", ""text"": """"}, {""bbox"": [297, 907, 1525, 989], ""type"": ""handwritten"", ""text"": """"}, {""bbox"": [298, 976, 1435, 1073], ""type"": ""handwritten"", ""text"": """"}, {""bbox"": [299, 1062, 1123, 1149], ""type"": ""handwritten"", ""text"": """"}, {""bbox"": [331, 1125, 1534, 1219], ""type"": ""handwritten"", ""text"": """"}, {""bbox"": [296, 1200, 1500, 1301], ""type"": ""handwritten"", ""text"": """"}, {""bbox"": [298, 1301, 444, 1369], ""type"": ""handwritten"", ""text"": """"}, {""bbox"": [319, 1324, 1503, 1444], ""type"": ""handwritten"", ""text"": """"}, {""bbox"": [304, 1431, 1457, 1523], ""type"": ""handwritten"", ""text"": """"}, {""bbox"": [304, 1517, 587, 1580], ""type"": ""handwritten"", ""text"": """"}, {""bbox"": [329, 1536, 1537, 1645], ""type"": ""handwritten"", ""text"": """"}, {""bbox"": [304, 1609, 1535, 1709], ""type"": ""handwritten"", ""text"": """"}, {""bbox"": [308, 1670, 1536, 1766], ""type"": ""handwritten"", ""text"": """"}, {""bbox"": [313, 1748, 1533, 1833], ""type"": ""handwritten"", ""text"": """"}, {""bbox"": [319, 1816, 1224, 1908], ""type"": ""handwritten"", ""text"": """"}]"
27067f3f-09db-45ff-b654-1d183398076c.jpg,"[{""bbox"": [588, 112, 2423, 341], ""type"": ""handwritten"", ""text"": """"}, {""bbox"": [1052, 269, 1945, 402], ""type"": ""handwritten"", ""text"": """"}, {""bbox"": [417, 336, 2601, 514], ""type"": ""handwritten"", ""text"": """"}, {""bbox"": [167, 458, 2636, 608], ""type"": ""handwritten"", ""text"": """"}, {""bbox"": [400, 531, 1297, 693], ""type"": ""handwritten"", ""text"": """"}, {""bbox"": [355, 651, 2505, 794], ""type"": ""handwritten"", ""text"": """"}, {""bbox"": [174, 753, 2497, 884], ""type"": ""handwritten"", ""text"": """"}, {""bbox"": [194, 852, 2497, 983], ""type"": ""handwritten"", ""text"": """"}, {""bbox"": [196, 957, 2624, 1135], ""type"": ""handwritten"", ""text"": """"}, {""bbox"": [205, 1110, 2632, 1235], ""type"": ""handwritten"", ""text"": """"}, {""bbox"": [179, 1206, 2628, 1325], ""type"": ""handwritten"", ""text"": """"}, {""bbox"": [185, 1294, 2660, 1401], ""type"": ""handwritten"", ""text"": """"}, {""bbox"": [179, 1379, 2682, 1499], ""type"": ""handwritten"", ""text"": """"}, {""bbox"": [163, 1474, 1425, 1579], ""type"": ""handwritten"", ""text"": """"}, {""bbox"": [375, 1554, 2596, 1668], ""type"": ""handwritten"", ""text"": """"}, {""bbox"": [168, 1697, 2606, 1833], ""type"": ""handwritten"", ""text"": """"}, {""bbox"": [176, 1830, 2566, 1934], ""type"": ""handwritten"", ""text"": """"}, {""bbox"": [165, 1918, 2650, 2030], ""type"": ""handwritten"", ""text"": """"}, {""bbox"": [171, 2013, 888, 2113], ""type"": ""handwritten"", ""text"": """"}, {""bbox"": [316, 2089, 2699, 2204], ""type"": ""handwritten"", ""text"": """"}, {""bbox"": [112, 2185, 2629, 2292], ""type"": ""handwritten"", ""text"": """"}, {""bbox"": [116, 2278, 2443, 2379], ""type"": ""handwritten"", ""text"": """"}, {""bbox"": [127, 2362, 2675, 2471], ""type"": ""handwritten"", ""text"": """"}, {""bbox"": [128, 2455, 2646, 2566], ""type"": ""handwritten"", ""text"": """"}, {""bbox"": [121, 2555, 2708, 2665], ""type"": ""handwritten"", ""text"": """"}, {""bbox"": [262, 2664, 2691, 2780], ""type"": ""handwritten"", ""text"": """"}, {""bbox"": [76, 2736, 2664, 2837], ""type"": ""handwritten"", ""text"": """"}, {""bbox"": [976, 2746, 2475, 2844], ""type"": ""handwritten"", ""text"": """"}, {""bbox"": [81, 2823, 2728, 2944], ""type"": ""handwritten"", ""text"": """"}, {""bbox"": [88, 2913, 2609, 3041], ""type"": ""handwritten"", ""text"": """"}, {""bbox"": [70, 3006, 2720, 3147], ""type"": ""handwritten"", ""text"": """"}, {""bbox"": [130, 3107, 973, 3202], ""type"": ""handwritten"", ""text"": """"}, {""bbox"": [286, 3177, 2450, 3317], ""type"": ""handwritten"", ""text"": """"}, {""bbox"": [82, 3290, 2587, 3407], ""type"": ""handwritten"", ""text"": """"}, {""bbox"": [74, 3383, 2707, 3507], ""type"": ""handwritten"", ""text"": """"}, {""bbox"": [76, 3480, 2656, 3613], ""type"": ""handwritten"", ""text"": """"}, {""bbox"": [53, 3587, 2726, 3816], ""type"": ""handwritten"", ""text"": """"}]"
baa8fd98-2332-4390-944e-f0847409251f.jpg,"[{""bbox"": [657, 521, 1182, 639], ""type"": ""handwritten"", ""text"": """"}, {""bbox"": [420, 635, 1938, 738], ""type"": ""handwritten"", ""text"": """"}, {""bbox"": [251, 725, 887, 832], ""type"": ""handwritten"", ""text"": """"}, {""bbox"": [279, 814, 1835, 933], ""type"": ""handwritten"", ""text"": """"}, {""bbox"": [297, 915, 1945, 1034], ""type"": ""handwritten"", ""text"": """"}, {""bbox"": [279, 1011, 1706, 1128], ""type"": ""handwritten"", ""text"": """"}, {""bbox"": [272, 1112, 1926, 1235], ""type"": ""handwritten"", ""text"": """"}, {""bbox"": [274, 1219, 1833, 1329], ""type"": ""handwritten"", ""text"": """"}, {""bbox"": [279, 1312, 1968, 1429], ""type"": ""handwritten"", ""text"": """"}, {""bbox"": [267, 1414, 1912, 1522], ""type"": ""handwritten"", ""text"": """"}, {""bbox"": [298, 1507, 1951, 1624], ""type"": ""handwritten"", ""text"": """"}, {""bbox"": [296, 1608, 1815, 1720], ""type"": ""handwritten"", ""text"": """"}, {""bbox"": [276, 1706, 667, 1800], ""type"": ""handwritten"", ""text"": """"}, {""bbox"": [502, 1791, 1858, 1912], ""type"": ""handwritten"", ""text"": """"}, {""bbox"": [258, 1894, 1709, 2015], ""type"": ""handwritten"", ""text"": """"}, {""bbox"": [267, 1998, 1780, 2113], ""type"": ""handwritten"", ""text"": """"}, {""bbox"": [239, 2096, 1926, 2219], ""type"": ""handwritten"", ""text"": """"}, {""bbox"": [269, 2198, 1823, 2321], ""type"": ""handwritten"", ""text"": """"}, {""bbox"": [258, 2303, 1679, 2415], ""type"": ""handwritten"", ""text"": """"}, {""bbox"": [434, 2401, 1809, 2516], ""type"": ""handwritten"", ""text"": """"}, {""bbox"": [235, 2503, 1971, 2625], ""type"": ""handwritten"", ""text"": """"}, {""bbox"": [262, 2609, 1919, 2727], ""type"": ""handwritten"", ""text"": """"}, {""bbox"": [247, 2714, 1883, 2828], ""type"": ""handwritten"", ""text"": """"}]"
00829c22-1e80-4e13-a395-3f9d8b088f7d.jpg,"[{""bbox"": [829, 130, 1498, 276], ""type"": ""handwritten"", ""text"": """"}, {""bbox"": [538, 341, 2783, 485], ""type"": ""handwritten"", ""text"": """"}, {""bbox"": [309, 457, 2032, 591], ""type"": ""handwritten"", ""text"": """"}, {""bbox"": [537, 577, 2791, 686], ""type"": ""handwritten"", ""text"": """"}, {""bbox"": [287, 678, 2798, 795], ""type"": ""handwritten"", ""text"": """"}, {""bbox"": [281, 780, 2796, 903], ""type"": ""handwritten"", ""text"": """"}, {""bbox"": [283, 891, 2703, 1006], ""type"": ""handwritten"", ""text"": """"}, {""bbox"": [283, 991, 2760, 1112], ""type"": ""handwritten"", ""text"": """"}, {""bbox"": [291, 1096, 2782, 1216], ""type"": ""handwritten"", ""text"": """"}, {""bbox"": [284, 1201, 2788, 1321], ""type"": ""handwritten"", ""text"": """"}, {""bbox"": [285, 1304, 2816, 1434], ""type"": ""handwritten"", ""text"": """"}, {""bbox"": [295, 1399, 505, 1504], ""type"": ""handwritten"", ""text"": """"}, {""bbox"": [445, 1515, 2731, 1639], ""type"": ""handwritten"", ""text"": """"}, {""bbox"": [298, 1629, 2755, 1754], ""type"": ""handwritten"", ""text"": """"}, {""bbox"": [290, 1737, 2745, 1875], ""type"": ""handwritten"", ""text"": """"}, {""bbox"": [284, 1857, 2781, 1990], ""type"": ""handwritten"", ""text"": """"}, {""bbox"": [280, 1974, 1287, 2080], ""type"": ""handwritten"", ""text"": """"}, {""bbox"": [500, 2077, 2585, 2209], ""type"": ""handwritten"", ""text"": """"}, {""bbox"": [256, 2193, 2791, 2324], ""type"": ""handwritten"", ""text"": """"}, {""bbox"": [251, 2311, 2833, 2432], ""type"": ""handwritten"", ""text"": """"}, {""bbox"": [262, 2417, 2834, 2546], ""type"": ""handwritten"", ""text"": """"}, {""bbox"": [260, 2542, 2372, 2669], ""type"": ""handwritten"", ""text"": """"}, {""bbox"": [456, 2656, 2739, 2778], ""type"": ""handwritten"", ""text"": """"}, {""bbox"": [227, 2775, 2721, 2902], ""type"": ""handwritten"", ""text"": """"}, {""bbox"": [236, 2893, 2632, 3022], ""type"": ""handwritten"", ""text"": """"}, {""bbox"": [236, 3008, 2642, 3135], ""type"": ""handwritten"", ""text"": """"}, {""bbox"": [249, 3132, 1455, 3252], ""type"": ""handwritten"", ""text"": """"}, {""bbox"": [394, 3243, 2814, 3375], ""type"": ""handwritten"", ""text"": """"}, {""bbox"": [245, 3366, 2680, 3498], ""type"": ""handwritten"", ""text"": """"}, {""bbox"": [258, 3484, 2796, 3622], ""type"": ""handwritten"", ""text"": """"}, {""bbox"": [253, 3607, 2560, 3742], ""type"": ""handwritten"", ""text"": """"}]"
4438131a-dcaf-4bcb-ad17-1ad32af9a9aa.jpg,"[{""bbox"": [251, 282, 2654, 443], ""type"": ""handwritten"", ""text"": """"}, {""bbox"": [256, 428, 2520, 598], ""type"": ""handwritten"", ""text"": """"}, {""bbox"": [251, 583, 2519, 730], ""type"": ""handwritten"", ""text"": """"}, {""bbox"": [255, 712, 2521, 874], ""type"": ""handwritten"", ""text"": """"}, {""bbox"": [243, 875, 2650, 1017], ""type"": ""handwritten"", ""text"": """"}, {""bbox"": [265, 1002, 1133, 1126], ""type"": ""handwritten"", ""text"": """"}, {""bbox"": [658, 1140, 2715, 1284], ""type"": ""handwritten"", ""text"": """"}, {""bbox"": [227, 1278, 2551, 1430], ""type"": ""handwritten"", ""text"": """"}, {""bbox"": [231, 1430, 2345, 1574], ""type"": ""handwritten"", ""text"": """"}, {""bbox"": [242, 1580, 2278, 1719], ""type"": ""handwritten"", ""text"": """"}, {""bbox"": [229, 1714, 2454, 1862], ""type"": ""handwritten"", ""text"": """"}, {""bbox"": [247, 1848, 2609, 1997], ""type"": ""handwritten"", ""text"": """"}, {""bbox"": [672, 1989, 2455, 2133], ""type"": ""handwritten"", ""text"": """"}, {""bbox"": [340, 2122, 2560, 2267], ""type"": ""handwritten"", ""text"": """"}, {""bbox"": [328, 2259, 2592, 2402], ""type"": ""handwritten"", ""text"": """"}, {""bbox"": [260, 2390, 2401, 2543], ""type"": ""handwritten"", ""text"": """"}, {""bbox"": [264, 2527, 2366, 2679], ""type"": ""handwritten"", ""text"": """"}]"
0c6d05a0-bc4a-4640-80d0-4639da07c382.jpg,"[{""bbox"": [764, 147, 2012, 389], ""type"": ""handwritten"", ""text"": """"}, {""bbox"": [543, 324, 2826, 639], ""type"": ""handwritten"", ""text"": """"}, {""bbox"": [420, 457, 2842, 748], ""type"": ""handwritten"", ""text"": """"}, {""bbox"": [411, 550, 2871, 851], ""type"": ""handwritten"", ""text"": """"}, {""bbox"": [391, 626, 2875, 949], ""type"": ""handwritten"", ""text"": """"}, {""bbox"": [378, 861, 2861, 1124], ""type"": ""handwritten"", ""text"": """"}, {""bbox"": [591, 1060, 2863, 1324], ""type"": ""handwritten"", ""text"": """"}, {""bbox"": [423, 1162, 2850, 1421], ""type"": ""handwritten"", ""text"": """"}, {""bbox"": [385, 1279, 2937, 1545], ""type"": ""handwritten"", ""text"": """"}, {""bbox"": [327, 1379, 2785, 1651], ""type"": ""handwritten"", ""text"": """"}, {""bbox"": [299, 1515, 2902, 1730], ""type"": ""handwritten"", ""text"": """"}, {""bbox"": [313, 1648, 2717, 1807], ""type"": ""handwritten"", ""text"": """"}, {""bbox"": [289, 1775, 2868, 1932], ""type"": ""handwritten"", ""text"": """"}, {""bbox"": [288, 1903, 2702, 2063], ""type"": ""handwritten"", ""text"": """"}, {""bbox"": [258, 2028, 3022, 2183], ""type"": ""handwritten"", ""text"": """"}, {""bbox"": [291, 2160, 2778, 2319], ""type"": ""handwritten"", ""text"": """"}, {""bbox"": [303, 2296, 2619, 2436], ""type"": ""handwritten"", ""text"": """"}, {""bbox"": [391, 2420, 3002, 2580], ""type"": ""handwritten"", ""text"": """"}, {""bbox"": [164, 2555, 2805, 2709], ""type"": ""handwritten"", ""text"": """"}, {""bbox"": [184, 2687, 2972, 2845], ""type"": ""handwritten"", ""text"": """"}, {""bbox"": [246, 2827, 2811, 2991], ""type"": ""handwritten"", ""text"": """"}, {""bbox"": [244, 2971, 2861, 3129], ""type"": ""handwritten"", ""text"": """"}, {""bbox"": [217, 3112, 2905, 3266], ""type"": ""handwritten"", ""text"": """"}, {""bbox"": [170, 3256, 2912, 3422], ""type"": ""handwritten"", ""text"": """"}, {""bbox"": [255, 3400, 2894, 3565], ""type"": ""handwritten"", ""text"": """"}, {""bbox"": [201, 3544, 2798, 3704], ""type"": ""handwritten"", ""text"": """"}, {""bbox"": [185, 3686, 3020, 3855], ""type"": ""handwritten"", ""text"": """"}, {""bbox"": [174, 3831, 2933, 4094], ""type"": ""handwritten"", ""text"": """"}]"
25849906-8ae6-4b9d-8dca-8c298e9d00a7.jpg,"[{""bbox"": [350, 46, 876, 165], ""type"": ""handwritten"", ""text"": """"}, {""bbox"": [182, 162, 1640, 276], ""type"": ""handwritten"", ""text"": """"}, {""bbox"": [44, 269, 1507, 377], ""type"": ""handwritten"", ""text"": """"}, {""bbox"": [177, 362, 1643, 467], ""type"": ""handwritten"", ""text"": """"}, {""bbox"": [60, 458, 1644, 574], ""type"": ""handwritten"", ""text"": """"}, {""bbox"": [60, 565, 1642, 673], ""type"": ""handwritten"", ""text"": """"}, {""bbox"": [59, 663, 1638, 758], ""type"": ""handwritten"", ""text"": """"}, {""bbox"": [37, 748, 1628, 847], ""type"": ""handwritten"", ""text"": """"}, {""bbox"": [39, 848, 1609, 948], ""type"": ""handwritten"", ""text"": """"}, {""bbox"": [44, 943, 1616, 1032], ""type"": ""handwritten"", ""text"": """"}, {""bbox"": [48, 1026, 1458, 1125], ""type"": ""handwritten"", ""text"": """"}, {""bbox"": [49, 1126, 350, 1194], ""type"": ""handwritten"", ""text"": """"}, {""bbox"": [232, 1195, 1538, 1299], ""type"": ""handwritten"", ""text"": """"}, {""bbox"": [57, 1295, 1579, 1383], ""type"": ""handwritten"", ""text"": """"}, {""bbox"": [55, 1375, 1532, 1474], ""type"": ""handwritten"", ""text"": """"}, {""bbox"": [55, 1465, 1469, 1561], ""type"": ""handwritten"", ""text"": """"}, {""bbox"": [61, 1555, 1047, 1642], ""type"": ""handwritten"", ""text"": """"}, {""bbox"": [256, 1633, 1496, 1727], ""type"": ""handwritten"", ""text"": """"}, {""bbox"": [65, 1717, 1567, 1811], ""type"": ""handwritten"", ""text"": """"}, {""bbox"": [68, 1802, 1531, 1892], ""type"": ""handwritten"", ""text"": """"}, {""bbox"": [70, 1887, 1599, 1979], ""type"": ""handwritten"", ""text"": """"}, {""bbox"": [67, 1978, 1335, 2062], ""type"": ""handwritten"", ""text"": """"}, {""bbox"": [288, 2060, 1588, 2163], ""type"": ""handwritten"", ""text"": """"}]"
176081e8-907f-4bd3-b881-5cc2052cde31.jpg,"[{""bbox"": [427, 130, 819, 240], ""type"": ""annotation"", ""text"": """"}, {""bbox"": [858, 344, 1683, 539], ""type"": ""handwritten"", ""text"": """"}, {""bbox"": [1055, 498, 1780, 670], ""type"": ""handwritten"", ""text"": """"}, {""bbox"": [634, 645, 2688, 821], ""type"": ""handwritten"", ""text"": """"}, {""bbox"": [389, 812, 2467, 961], ""type"": ""handwritten"", ""text"": """"}, {""bbox"": [662, 942, 2702, 1088], ""type"": ""handwritten"", ""text"": """"}, {""bbox"": [385, 1072, 2485, 1247], ""type"": ""handwritten"", ""text"": """"}, {""bbox"": [410, 1222, 2490, 1401], ""type"": ""handwritten"", ""text"": """"}, {""bbox"": [436, 1384, 2695, 1558], ""type"": ""handwritten"", ""text"": """"}, {""bbox"": [363, 1542, 2656, 1694], ""type"": ""handwritten"", ""text"": """"}, {""bbox"": [357, 1677, 2662, 1829], ""type"": ""handwritten"", ""text"": """"}, {""bbox"": [349, 1820, 2626, 1998], ""type"": ""handwritten"", ""text"": """"}, {""bbox"": [355, 1975, 2923, 2148], ""type"": ""handwritten"", ""text"": """"}, {""bbox"": [356, 2133, 2922, 2312], ""type"": ""handwritten"", ""text"": """"}, {""bbox"": [460, 2286, 2689, 2456], ""type"": ""handwritten"", ""text"": """"}, {""bbox"": [338, 2450, 2690, 2621], ""type"": ""handwritten"", ""text"": """"}, {""bbox"": [325, 2594, 2793, 2794], ""type"": ""handwritten"", ""text"": """"}, {""bbox"": [336, 2765, 2715, 2955], ""type"": ""handwritten"", ""text"": """"}, {""bbox"": [316, 2945, 1936, 3116], ""type"": ""handwritten"", ""text"": """"}, {""bbox"": [493, 3101, 2754, 3278], ""type"": ""handwritten"", ""text"": """"}, {""bbox"": [325, 3262, 2683, 3450], ""type"": ""handwritten"", ""text"": """"}, {""bbox"": [307, 3423, 2936, 3607], ""type"": ""handwritten"", ""text"": """"}, {""bbox"": [306, 3591, 2873, 3805], ""type"": ""handwritten"", ""text"": """"}, {""bbox"": [312, 3799, 2933, 3981], ""type"": ""handwritten"", ""text"": """"}]"
1d4953af-c8e6-4095-b58a-b2bc9f26a415.jpg,"[{""bbox"": [1045, 184, 2429, 393], ""type"": ""handwritten"", ""text"": """"}, {""bbox"": [643, 416, 2707, 586], ""type"": ""handwritten"", ""text"": """"}, {""bbox"": [526, 560, 3021, 768], ""type"": ""handwritten"", ""text"": """"}, {""bbox"": [517, 744, 2768, 938], ""type"": ""handwritten"", ""text"": """"}, {""bbox"": [494, 944, 1234, 1092], ""type"": ""handwritten"", ""text"": """"}, {""bbox"": [621, 1054, 3241, 1255], ""type"": ""handwritten"", ""text"": """"}, {""bbox"": [396, 1239, 3300, 1413], ""type"": ""handwritten"", ""text"": """"}, {""bbox"": [547, 1391, 3046, 1565], ""type"": ""handwritten"", ""text"": """"}, {""bbox"": [477, 1570, 3239, 1740], ""type"": ""handwritten"", ""text"": """"}, {""bbox"": [476, 1734, 3110, 1908], ""type"": ""handwritten"", ""text"": """"}, {""bbox"": [456, 1906, 3064, 2075], ""type"": ""handwritten"", ""text"": """"}, {""bbox"": [417, 2060, 3037, 2226], ""type"": ""handwritten"", ""text"": """"}, {""bbox"": [413, 2199, 3140, 2385], ""type"": ""handwritten"", ""text"": """"}, {""bbox"": [396, 2364, 3166, 2549], ""type"": ""handwritten"", ""text"": """"}, {""bbox"": [399, 2513, 2979, 2694], ""type"": ""handwritten"", ""text"": """"}, {""bbox"": [399, 2666, 3374, 2853], ""type"": ""handwritten"", ""text"": """"}, {""bbox"": [392, 2805, 3270, 3025], ""type"": ""handwritten"", ""text"": """"}, {""bbox"": [377, 2967, 3344, 3163], ""type"": ""handwritten"", ""text"": """"}, {""bbox"": [376, 3154, 1245, 3328], ""type"": ""handwritten"", ""text"": """"}, {""bbox"": [472, 3269, 3143, 3505], ""type"": ""handwritten"", ""text"": """"}, {""bbox"": [350, 3431, 3204, 3677], ""type"": ""handwritten"", ""text"": """"}, {""bbox"": [320, 3607, 3245, 3885], ""type"": ""handwritten"", ""text"": """"}, {""bbox"": [317, 3740, 3218, 3991], ""type"": ""handwritten"", ""text"": """"}, {""bbox"": [308, 3935, 3161, 4227], ""type"": ""handwritten"", ""text"": """"}, {""bbox"": [309, 4084, 2991, 4336], ""type"": ""handwritten"", ""text"": """"}, {""bbox"": [283, 4297, 3111, 4548], ""type"": ""handwritten"", ""text"": """"}]"
b106dc0f-0ab9-487c-b86d-4c51e91c802c.jpg,"[{""bbox"": [317, 186, 2722, 365], ""type"": ""handwritten"", ""text"": """"}, {""bbox"": [292, 343, 2846, 516], ""type"": ""handwritten"", ""text"": """"}, {""bbox"": [0, 459, 198, 640], ""type"": ""handwritten"", ""text"": """"}, {""bbox"": [279, 487, 2753, 652], ""type"": ""handwritten"", ""text"": """"}, {""bbox"": [265, 633, 2744, 803], ""type"": ""handwritten"", ""text"": """"}, {""bbox"": [259, 781, 2690, 945], ""type"": ""handwritten"", ""text"": """"}, {""bbox"": [254, 921, 1806, 1057], ""type"": ""handwritten"", ""text"": """"}, {""bbox"": [374, 1048, 2841, 1226], ""type"": ""handwritten"", ""text"": """"}, {""bbox"": [244, 1193, 2877, 1366], ""type"": ""handwritten"", ""text"": """"}, {""bbox"": [232, 1345, 2688, 1509], ""type"": ""handwritten"", ""text"": """"}, {""bbox"": [236, 1497, 2747, 1654], ""type"": ""handwritten"", ""text"": """"}, {""bbox"": [237, 1636, 2749, 1813], ""type"": ""handwritten"", ""text"": """"}, {""bbox"": [220, 1790, 1912, 1951], ""type"": ""handwritten"", ""text"": """"}, {""bbox"": [411, 1928, 2903, 2114], ""type"": ""handwritten"", ""text"": """"}, {""bbox"": [189, 2094, 2827, 2270], ""type"": ""handwritten"", ""text"": """"}, {""bbox"": [198, 2249, 2856, 2431], ""type"": ""handwritten"", ""text"": """"}, {""bbox"": [202, 2413, 2864, 2586], ""type"": ""handwritten"", ""text"": """"}, {""bbox"": [211, 2574, 2116, 2744], ""type"": ""handwritten"", ""text"": """"}]"
ff56b7f0-be49-469d-97c6-32af486c8f6c.jpg,"[{""bbox"": [224, 230, 2396, 459], ""type"": ""handwritten"", ""text"": """"}, {""bbox"": [235, 402, 1013, 574], ""type"": ""handwritten"", ""text"": """"}, {""bbox"": [492, 568, 2255, 767], ""type"": ""handwritten"", ""text"": """"}, {""bbox"": [259, 754, 2484, 925], ""type"": ""handwritten"", ""text"": """"}, {""bbox"": [269, 914, 2473, 1089], ""type"": ""handwritten"", ""text"": """"}, {""bbox"": [260, 1071, 2414, 1247], ""type"": ""handwritten"", ""text"": """"}, {""bbox"": [238, 1248, 2433, 1421], ""type"": ""handwritten"", ""text"": """"}, {""bbox"": [230, 1406, 2458, 1579], ""type"": ""handwritten"", ""text"": """"}, {""bbox"": [245, 1567, 2532, 1749], ""type"": ""handwritten"", ""text"": """"}, {""bbox"": [236, 1732, 2406, 1932], ""type"": ""handwritten"", ""text"": """"}, {""bbox"": [219, 1921, 995, 2078], ""type"": ""handwritten"", ""text"": """"}, {""bbox"": [477, 2062, 2545, 2238], ""type"": ""handwritten"", ""text"": """"}, {""bbox"": [232, 2219, 2527, 2382], ""type"": ""handwritten"", ""text"": """"}, {""bbox"": [261, 2370, 2512, 2578], ""type"": ""handwritten"", ""text"": """"}, {""bbox"": [356, 2556, 2552, 2744], ""type"": ""handwritten"", ""text"": """"}, {""bbox"": [272, 2715, 2548, 2911], ""type"": ""handwritten"", ""text"": """"}, {""bbox"": [308, 2872, 2531, 3096], ""type"": ""handwritten"", ""text"": """"}, {""bbox"": [322, 3018, 2606, 3345], ""type"": ""handwritten"", ""text"": """"}]"
2efee78e-0580-4604-b0b1-fa084de91814.jpg,"[{""bbox"": [44, 8, 1177, 107], ""type"": ""handwritten"", ""text"": """"}, {""bbox"": [660, 123, 1093, 216], ""type"": ""handwritten"", ""text"": """"}, {""bbox"": [220, 201, 1615, 293], ""type"": ""handwritten"", ""text"": """"}, {""bbox"": [133, 290, 1066, 365], ""type"": ""handwritten"", ""text"": """"}, {""bbox"": [209, 349, 1620, 428], ""type"": ""handwritten"", ""text"": """"}, {""bbox"": [137, 417, 1557, 493], ""type"": ""handwritten"", ""text"": """"}, {""bbox"": [135, 485, 1577, 559], ""type"": ""handwritten"", ""text"": """"}, {""bbox"": [141, 555, 1595, 622], ""type"": ""handwritten"", ""text"": """"}, {""bbox"": [146, 615, 1544, 681], ""type"": ""handwritten"", ""text"": """"}, {""bbox"": [148, 673, 1620, 747], ""type"": ""handwritten"", ""text"": """"}, {""bbox"": [160, 735, 1615, 809], ""type"": ""handwritten"", ""text"": """"}, {""bbox"": [162, 801, 1409, 867], ""type"": ""handwritten"", ""text"": """"}, {""bbox"": [225, 858, 1648, 931], ""type"": ""handwritten"", ""text"": """"}, {""bbox"": [161, 923, 1618, 1004], ""type"": ""handwritten"", ""text"": """"}, {""bbox"": [160, 994, 1521, 1072], ""type"": ""handwritten"", ""text"": """"}, {""bbox"": [157, 1062, 1567, 1133], ""type"": ""handwritten"", ""text"": """"}, {""bbox"": [148, 1123, 1582, 1194], ""type"": ""handwritten"", ""text"": """"}, {""bbox"": [159, 1185, 1600, 1255], ""type"": ""handwritten"", ""text"": """"}, {""bbox"": [149, 1245, 1507, 1314], ""type"": ""handwritten"", ""text"": """"}, {""bbox"": [145, 1303, 1449, 1375], ""type"": ""handwritten"", ""text"": """"}, {""bbox"": [151, 1366, 1241, 1432], ""type"": ""handwritten"", ""text"": """"}, {""bbox"": [251, 1428, 1573, 1501], ""type"": ""handwritten"", ""text"": """"}, {""bbox"": [163, 1494, 1594, 1561], ""type"": ""handwritten"", ""text"": """"}, {""bbox"": [163, 1553, 1578, 1618], ""type"": ""handwritten"", ""text"": """"}, {""bbox"": [162, 1610, 1579, 1683], ""type"": ""handwritten"", ""text"": """"}, {""bbox"": [161, 1670, 279, 1734], ""type"": ""handwritten"", ""text"": """"}, {""bbox"": [211, 1724, 1600, 1791], ""type"": ""handwritten"", ""text"": """"}, {""bbox"": [161, 1785, 1596, 1859], ""type"": ""handwritten"", ""text"": """"}, {""bbox"": [163, 1849, 1464, 1920], ""type"": ""handwritten"", ""text"": """"}, {""bbox"": [168, 1915, 927, 2003], ""type"": ""handwritten"", ""text"": """"}]"
0316ef50-0619-485b-9144-51f92b343dbf.jpg,"[{""bbox"": [970, 785, 1644, 937], ""type"": ""handwritten"", ""text"": """"}, {""bbox"": [781, 960, 2240, 1136], ""type"": ""handwritten"", ""text"": """"}, {""bbox"": [554, 1100, 2378, 1284], ""type"": ""handwritten"", ""text"": """"}, {""bbox"": [541, 1251, 1996, 1440], ""type"": ""handwritten"", ""text"": """"}, {""bbox"": [797, 1385, 2317, 1575], ""type"": ""handwritten"", ""text"": """"}, {""bbox"": [557, 1541, 2361, 1722], ""type"": ""handwritten"", ""text"": """"}, {""bbox"": [537, 1685, 2224, 1863], ""type"": ""handwritten"", ""text"": """"}, {""bbox"": [541, 1834, 2325, 2031], ""type"": ""handwritten"", ""text"": """"}, {""bbox"": [540, 1994, 2278, 2187], ""type"": ""handwritten"", ""text"": """"}, {""bbox"": [554, 2153, 2336, 2346], ""type"": ""handwritten"", ""text"": """"}, {""bbox"": [544, 2307, 2357, 2495], ""type"": ""handwritten"", ""text"": """"}, {""bbox"": [541, 2462, 2212, 2668], ""type"": ""handwritten"", ""text"": """"}, {""bbox"": [531, 2640, 2477, 2862], ""type"": ""handwritten"", ""text"": """"}, {""bbox"": [519, 2784, 2448, 3044], ""type"": ""handwritten"", ""text"": """"}, {""bbox"": [530, 2978, 2588, 3214], ""type"": ""handwritten"", ""text"": """"}, {""bbox"": [530, 3146, 2524, 3399], ""type"": ""handwritten"", ""text"": """"}, {""bbox"": [505, 3346, 2525, 3613], ""type"": ""handwritten"", ""text"": """"}, {""bbox"": [2530, 3699, 2690, 3793], ""type"": ""annotation"", ""text"": """"}]"
1d83146e-892d-41d2-a8bb-1aa67a4e1cd4.jpg,"[{""bbox"": [112, 759, 1529, 935], ""type"": ""handwritten"", ""text"": """"}, {""bbox"": [115, 759, 1526, 865], ""type"": ""handwritten"", ""text"": """"}, {""bbox"": [109, 834, 1641, 1007], ""type"": ""handwritten"", ""text"": """"}, {""bbox"": [121, 930, 1626, 1096], ""type"": ""handwritten"", ""text"": """"}, {""bbox"": [126, 1027, 1642, 1174], ""type"": ""handwritten"", ""text"": """"}, {""bbox"": [124, 1150, 320, 1233], ""type"": ""handwritten"", ""text"": """"}, {""bbox"": [208, 1194, 1697, 1323], ""type"": ""handwritten"", ""text"": """"}, {""bbox"": [120, 1283, 1653, 1419], ""type"": ""handwritten"", ""text"": """"}, {""bbox"": [119, 1364, 1560, 1540], ""type"": ""handwritten"", ""text"": """"}, {""bbox"": [114, 1444, 1563, 1595], ""type"": ""handwritten"", ""text"": """"}, {""bbox"": [113, 1530, 1532, 1673], ""type"": ""handwritten"", ""text"": """"}, {""bbox"": [111, 1655, 866, 1760], ""type"": ""handwritten"", ""text"": """"}, {""bbox"": [173, 1748, 1672, 1905], ""type"": ""handwritten"", ""text"": """"}, {""bbox"": [111, 1811, 1577, 1917], ""type"": ""handwritten"", ""text"": """"}, {""bbox"": [110, 1902, 1699, 2013], ""type"": ""handwritten"", ""text"": """"}, {""bbox"": [101, 1998, 1567, 2103], ""type"": ""handwritten"", ""text"": """"}, {""bbox"": [102, 2092, 1290, 2193], ""type"": ""handwritten"", ""text"": """"}]"
45ee8701-c383-467c-a765-cb61fcefad03.jpg,"[{""bbox"": [187, 1003, 2079, 1145], ""type"": ""handwritten"", ""text"": """"}, {""bbox"": [148, 1123, 1834, 1255], ""type"": ""handwritten"", ""text"": """"}, {""bbox"": [226, 1231, 2084, 1364], ""type"": ""handwritten"", ""text"": """"}, {""bbox"": [162, 1349, 2057, 1466], ""type"": ""handwritten"", ""text"": """"}, {""bbox"": [169, 1461, 1989, 1572], ""type"": ""handwritten"", ""text"": """"}, {""bbox"": [159, 1568, 2083, 1679], ""type"": ""handwritten"", ""text"": """"}, {""bbox"": [155, 1682, 1258, 1807], ""type"": ""handwritten"", ""text"": """"}, {""bbox"": [226, 1791, 2041, 1905], ""type"": ""handwritten"", ""text"": """"}, {""bbox"": [162, 1891, 1970, 2008], ""type"": ""handwritten"", ""text"": """"}, {""bbox"": [146, 1996, 1998, 2116], ""type"": ""handwritten"", ""text"": """"}, {""bbox"": [139, 2097, 2032, 2266], ""type"": ""handwritten"", ""text"": """"}, {""bbox"": [139, 2207, 2020, 2420], ""type"": ""handwritten"", ""text"": """"}, {""bbox"": [133, 2304, 2009, 2544], ""type"": ""handwritten"", ""text"": """"}, {""bbox"": [172, 2406, 1865, 2636], ""type"": ""handwritten"", ""text"": """"}, {""bbox"": [94, 2867, 1813, 3063], ""type"": ""handwritten"", ""text"": """"}]"
0d5f90e2-3f58-4aee-ac5e-1577a42392dd.jpg,"[{""bbox"": [473, 38, 947, 105], ""type"": ""handwritten"", ""text"": """"}, {""bbox"": [202, 104, 1516, 165], ""type"": ""handwritten"", ""text"": """"}, {""bbox"": [103, 161, 1355, 220], ""type"": ""handwritten"", ""text"": """"}, {""bbox"": [110, 214, 1436, 276], ""type"": ""handwritten"", ""text"": """"}, {""bbox"": [111, 267, 1478, 332], ""type"": ""handwritten"", ""text"": """"}, {""bbox"": [109, 326, 1431, 389], ""type"": ""handwritten"", ""text"": """"}, {""bbox"": [492, 380, 1368, 437], ""type"": ""handwritten"", ""text"": """"}, {""bbox"": [108, 383, 1431, 447], ""type"": ""handwritten"", ""text"": """"}, {""bbox"": [521, 438, 1397, 495], ""type"": ""handwritten"", ""text"": """"}, {""bbox"": [102, 489, 1371, 547], ""type"": ""handwritten"", ""text"": """"}, {""bbox"": [97, 543, 1440, 605], ""type"": ""handwritten"", ""text"": """"}, {""bbox"": [90, 599, 1338, 660], ""type"": ""handwritten"", ""text"": """"}, {""bbox"": [86, 653, 1459, 713], ""type"": ""handwritten"", ""text"": """"}, {""bbox"": [90, 704, 406, 761], ""type"": ""handwritten"", ""text"": """"}, {""bbox"": [191, 761, 1446, 826], ""type"": ""handwritten"", ""text"": """"}, {""bbox"": [88, 819, 1391, 878], ""type"": ""handwritten"", ""text"": """"}, {""bbox"": [89, 871, 1428, 932], ""type"": ""handwritten"", ""text"": """"}, {""bbox"": [81, 927, 1362, 986], ""type"": ""handwritten"", ""text"": """"}, {""bbox"": [78, 981, 1490, 1045], ""type"": ""handwritten"", ""text"": """"}, {""bbox"": [78, 1039, 1453, 1100], ""type"": ""handwritten"", ""text"": """"}, {""bbox"": [79, 1094, 1564, 1155], ""type"": ""handwritten"", ""text"": """"}, {""bbox"": [78, 1149, 1508, 1207], ""type"": ""handwritten"", ""text"": """"}, {""bbox"": [81, 1202, 1497, 1264], ""type"": ""handwritten"", ""text"": """"}, {""bbox"": [404, 1257, 1280, 1313], ""type"": ""handwritten"", ""text"": """"}, {""bbox"": [189, 1308, 1444, 1366], ""type"": ""handwritten"", ""text"": """"}, {""bbox"": [80, 1364, 1471, 1426], ""type"": ""handwritten"", ""text"": """"}, {""bbox"": [76, 1423, 1310, 1480], ""type"": ""handwritten"", ""text"": """"}, {""bbox"": [62, 1474, 1401, 1537], ""type"": ""handwritten"", ""text"": """"}, {""bbox"": [64, 1532, 892, 1589], ""type"": ""handwritten"", ""text"": """"}, {""bbox"": [220, 1583, 1490, 1645], ""type"": ""handwritten"", ""text"": """"}, {""bbox"": [71, 1639, 1452, 1703], ""type"": ""handwritten"", ""text"": """"}, {""bbox"": [68, 1694, 1477, 1760], ""type"": ""handwritten"", ""text"": """"}, {""bbox"": [62, 1753, 1171, 1806], ""type"": ""handwritten"", ""text"": """"}]"
095598e0-a443-4e8b-a567-e03b889d2d61.jpg,"[{""bbox"": [933, 59, 1626, 251], ""type"": ""handwritten"", ""text"": """"}, {""bbox"": [303, 251, 2594, 420], ""type"": ""handwritten"", ""text"": """"}, {""bbox"": [226, 373, 2167, 605], ""type"": ""handwritten"", ""text"": """"}, {""bbox"": [332, 572, 968, 721], ""type"": ""handwritten"", ""text"": """"}, {""bbox"": [307, 665, 2494, 861], ""type"": ""handwritten"", ""text"": """"}, {""bbox"": [225, 695, 2567, 976], ""type"": ""handwritten"", ""text"": """"}, {""bbox"": [220, 786, 2585, 1050], ""type"": ""handwritten"", ""text"": """"}, {""bbox"": [216, 919, 2500, 1165], ""type"": ""handwritten"", ""text"": """"}, {""bbox"": [212, 1057, 2503, 1295], ""type"": ""handwritten"", ""text"": """"}, {""bbox"": [195, 1311, 2595, 1609], ""type"": ""handwritten"", ""text"": """"}, {""bbox"": [199, 1462, 2616, 1790], ""type"": ""handwritten"", ""text"": """"}, {""bbox"": [198, 1587, 2620, 1918], ""type"": ""handwritten"", ""text"": """"}, {""bbox"": [182, 1740, 2589, 2106], ""type"": ""handwritten"", ""text"": """"}, {""bbox"": [173, 1972, 720, 2125], ""type"": ""handwritten"", ""text"": """"}, {""bbox"": [264, 2007, 2655, 2290], ""type"": ""handwritten"", ""text"": """"}, {""bbox"": [153, 2178, 2668, 2481], ""type"": ""handwritten"", ""text"": """"}, {""bbox"": [142, 2314, 2703, 2686], ""type"": ""handwritten"", ""text"": """"}, {""bbox"": [144, 2466, 2694, 2786], ""type"": ""handwritten"", ""text"": """"}, {""bbox"": [141, 2581, 2714, 2907], ""type"": ""handwritten"", ""text"": """"}, {""bbox"": [221, 2742, 2663, 3092], ""type"": ""handwritten"", ""text"": """"}, {""bbox"": [118, 3209, 2626, 3581], ""type"": ""handwritten"", ""text"": """"}, {""bbox"": [105, 3357, 2562, 3669], ""type"": ""handwritten"", ""text"": """"}, {""bbox"": [116, 3566, 1385, 3837], ""type"": ""handwritten"", ""text"": """"}]"
0c185e35-0fe4-4682-b6b7-dbb2fc9521e7.jpg,"[{""bbox"": [1622, 338, 3453, 406], ""type"": ""printed"", ""text"": """"}, {""bbox"": [1703, 431, 3460, 497], ""type"": ""printed"", ""text"": """"}, {""bbox"": [1617, 481, 3461, 556], ""type"": ""printed"", ""text"": """"}, {""bbox"": [1614, 688, 2352, 830], ""type"": ""handwritten"", ""text"": """"}, {""bbox"": [1097, 782, 3474, 970], ""type"": ""handwritten"", ""text"": """"}, {""bbox"": [1048, 953, 2851, 1065], ""type"": ""handwritten"", ""text"": """"}, {""bbox"": [1065, 1044, 3421, 1184], ""type"": ""handwritten"", ""text"": """"}, {""bbox"": [1053, 1169, 3169, 1307], ""type"": ""handwritten"", ""text"": """"}, {""bbox"": [1053, 1283, 3296, 1414], ""type"": ""handwritten"", ""text"": """"}, {""bbox"": [1048, 1383, 3673, 1523], ""type"": ""handwritten"", ""text"": """"}, {""bbox"": [1039, 1497, 3034, 1641], ""type"": ""handwritten"", ""text"": """"}, {""bbox"": [1040, 1612, 3490, 1741], ""type"": ""handwritten"", ""text"": """"}, {""bbox"": [1021, 1826, 3571, 1968], ""type"": ""handwritten"", ""text"": """"}, {""bbox"": [983, 2031, 2076, 2180], ""type"": ""handwritten"", ""text"": """"}, {""bbox"": [986, 2343, 3630, 2485], ""type"": ""handwritten"", ""text"": """"}, {""bbox"": [978, 2472, 3619, 2623], ""type"": ""handwritten"", ""text"": """"}, {""bbox"": [952, 2612, 3711, 2762], ""type"": ""handwritten"", ""text"": """"}, {""bbox"": [929, 2723, 2492, 2878], ""type"": ""handwritten"", ""text"": """"}, {""bbox"": [1145, 2891, 3685, 3058], ""type"": ""handwritten"", ""text"": """"}, {""bbox"": [975, 3043, 2461, 3193], ""type"": ""handwritten"", ""text"": """"}, {""bbox"": [1031, 3181, 3415, 3336], ""type"": ""handwritten"", ""text"": """"}, {""bbox"": [947, 3317, 3567, 3495], ""type"": ""handwritten"", ""text"": """"}, {""bbox"": [929, 3422, 3567, 3667], ""type"": ""handwritten"", ""text"": """"}, {""bbox"": [961, 3609, 3591, 3887], ""type"": ""handwritten"", ""text"": """"}, {""bbox"": [977, 3725, 1457, 3882], ""type"": ""handwritten"", ""text"": """"}, {""bbox"": [748, 3953, 3575, 4239], ""type"": ""handwritten"", ""text"": """"}, {""bbox"": [710, 4177, 3654, 4501], ""type"": ""handwritten"", ""text"": """"}, {""bbox"": [698, 4378, 3651, 4656], ""type"": ""handwritten"", ""text"": """"}, {""bbox"": [678, 4553, 3726, 4856], ""type"": ""handwritten"", ""text"": """"}, {""bbox"": [669, 4695, 2503, 5041], ""type"": ""handwritten"", ""text"": """"}]"
002b94ef-e000-4e76-bc7e-7846166bc806.jpg,"[{""bbox"": [679, 428, 3488, 671], ""type"": ""handwritten"", ""text"": """"}, {""bbox"": [1403, 654, 2474, 856], ""type"": ""handwritten"", ""text"": """"}, {""bbox"": [558, 822, 3800, 1053], ""type"": ""handwritten"", ""text"": """"}, {""bbox"": [349, 1060, 3786, 1279], ""type"": ""handwritten"", ""text"": """"}, {""bbox"": [319, 1275, 722, 1468], ""type"": ""handwritten"", ""text"": """"}, {""bbox"": [515, 1423, 3805, 1659], ""type"": ""handwritten"", ""text"": """"}, {""bbox"": [344, 1648, 3513, 1856], ""type"": ""handwritten"", ""text"": """"}, {""bbox"": [337, 1850, 3567, 2052], ""type"": ""handwritten"", ""text"": """"}, {""bbox"": [335, 2044, 3864, 2258], ""type"": ""handwritten"", ""text"": """"}, {""bbox"": [345, 2255, 3787, 2446], ""type"": ""handwritten"", ""text"": """"}, {""bbox"": [345, 2431, 3774, 2633], ""type"": ""handwritten"", ""text"": """"}, {""bbox"": [340, 2636, 3797, 2840], ""type"": ""handwritten"", ""text"": """"}, {""bbox"": [355, 2819, 3822, 3029], ""type"": ""handwritten"", ""text"": """"}, {""bbox"": [338, 3014, 3748, 3229], ""type"": ""handwritten"", ""text"": """"}, {""bbox"": [335, 3231, 3769, 3431], ""type"": ""handwritten"", ""text"": """"}, {""bbox"": [341, 3418, 3614, 3624], ""type"": ""handwritten"", ""text"": """"}, {""bbox"": [338, 3618, 3431, 3820], ""type"": ""handwritten"", ""text"": """"}, {""bbox"": [341, 3816, 3848, 4028], ""type"": ""handwritten"", ""text"": """"}, {""bbox"": [332, 4008, 3920, 4227], ""type"": ""handwritten"", ""text"": """"}, {""bbox"": [349, 4223, 2898, 4432], ""type"": ""handwritten"", ""text"": """"}, {""bbox"": [490, 4411, 3826, 4628], ""type"": ""handwritten"", ""text"": """"}, {""bbox"": [337, 4605, 3680, 4837], ""type"": ""handwritten"", ""text"": """"}, {""bbox"": [361, 4818, 3784, 5034], ""type"": ""handwritten"", ""text"": """"}]"
18729e79-2f24-4db6-ba11-39d5650a2e68.jpg,"[{""bbox"": [189, 35, 999, 107], ""type"": ""handwritten"", ""text"": """"}, {""bbox"": [308, 122, 613, 183], ""type"": ""handwritten"", ""text"": """"}, {""bbox"": [63, 179, 1115, 249], ""type"": ""handwritten"", ""text"": """"}, {""bbox"": [17, 228, 1116, 311], ""type"": ""handwritten"", ""text"": """"}, {""bbox"": [20, 288, 1047, 382], ""type"": ""handwritten"", ""text"": """"}, {""bbox"": [20, 336, 1042, 434], ""type"": ""handwritten"", ""text"": """"}, {""bbox"": [21, 400, 1048, 505], ""type"": ""handwritten"", ""text"": """"}, {""bbox"": [28, 456, 972, 549], ""type"": ""handwritten"", ""text"": """"}, {""bbox"": [25, 505, 1078, 585], ""type"": ""handwritten"", ""text"": """"}, {""bbox"": [26, 558, 1082, 628], ""type"": ""handwritten"", ""text"": """"}, {""bbox"": [26, 615, 1039, 679], ""type"": ""handwritten"", ""text"": """"}, {""bbox"": [25, 658, 1081, 724], ""type"": ""handwritten"", ""text"": """"}, {""bbox"": [28, 706, 1087, 775], ""type"": ""handwritten"", ""text"": """"}, {""bbox"": [31, 754, 1023, 817], ""type"": ""handwritten"", ""text"": """"}, {""bbox"": [33, 802, 1047, 865], ""type"": ""handwritten"", ""text"": """"}, {""bbox"": [32, 855, 1004, 920], ""type"": ""handwritten"", ""text"": """"}, {""bbox"": [32, 906, 1090, 974], ""type"": ""handwritten"", ""text"": """"}, {""bbox"": [32, 972, 392, 1026], ""type"": ""handwritten"", ""text"": """"}, {""bbox"": [82, 1017, 1050, 1088], ""type"": ""handwritten"", ""text"": """"}, {""bbox"": [38, 1070, 1033, 1140], ""type"": ""handwritten"", ""text"": """"}, {""bbox"": [39, 1119, 1048, 1186], ""type"": ""handwritten"", ""text"": """"}, {""bbox"": [39, 1168, 1058, 1226], ""type"": ""handwritten"", ""text"": """"}, {""bbox"": [38, 1171, 1048, 1262], ""type"": ""handwritten"", ""text"": """"}, {""bbox"": [38, 1213, 1031, 1279], ""type"": ""handwritten"", ""text"": """"}, {""bbox"": [41, 1269, 317, 1324], ""type"": ""handwritten"", ""text"": """"}, {""bbox"": [73, 1299, 1069, 1374], ""type"": ""handwritten"", ""text"": """"}, {""bbox"": [43, 1348, 1062, 1421], ""type"": ""handwritten"", ""text"": """"}, {""bbox"": [44, 1394, 1090, 1469], ""type"": ""handwritten"", ""text"": """"}, {""bbox"": [44, 1517, 336, 1576], ""type"": ""handwritten"", ""text"": """"}]"
25bababa-7207-425a-93bb-a7c95856ba42.jpg,"[{""bbox"": [742, 110, 1497, 260], ""type"": ""handwritten"", ""text"": """"}, {""bbox"": [212, 268, 1978, 388], ""type"": ""handwritten"", ""text"": """"}, {""bbox"": [104, 388, 2125, 509], ""type"": ""handwritten"", ""text"": """"}, {""bbox"": [174, 500, 2036, 613], ""type"": ""handwritten"", ""text"": """"}, {""bbox"": [93, 614, 2139, 739], ""type"": ""handwritten"", ""text"": """"}, {""bbox"": [105, 728, 1991, 853], ""type"": ""handwritten"", ""text"": """"}, {""bbox"": [102, 854, 1938, 983], ""type"": ""handwritten"", ""text"": """"}, {""bbox"": [94, 979, 1971, 1086], ""type"": ""handwritten"", ""text"": """"}, {""bbox"": [85, 1086, 2102, 1209], ""type"": ""handwritten"", ""text"": """"}, {""bbox"": [79, 1201, 2062, 1322], ""type"": ""handwritten"", ""text"": """"}, {""bbox"": [111, 1324, 2098, 1435], ""type"": ""handwritten"", ""text"": """"}, {""bbox"": [53, 1428, 2194, 1560], ""type"": ""handwritten"", ""text"": """"}, {""bbox"": [177, 1550, 2043, 1671], ""type"": ""handwritten"", ""text"": """"}, {""bbox"": [113, 1670, 2016, 1794], ""type"": ""handwritten"", ""text"": """"}, {""bbox"": [96, 1782, 2128, 1908], ""type"": ""handwritten"", ""text"": """"}, {""bbox"": [85, 1907, 2141, 2025], ""type"": ""handwritten"", ""text"": """"}, {""bbox"": [75, 2013, 1715, 2135], ""type"": ""handwritten"", ""text"": """"}, {""bbox"": [121, 2136, 2128, 2262], ""type"": ""handwritten"", ""text"": """"}, {""bbox"": [47, 2251, 2139, 2372], ""type"": ""handwritten"", ""text"": """"}, {""bbox"": [101, 2370, 2071, 2489], ""type"": ""handwritten"", ""text"": """"}, {""bbox"": [88, 2485, 2125, 2609], ""type"": ""handwritten"", ""text"": """"}, {""bbox"": [60, 2603, 2115, 2726], ""type"": ""handwritten"", ""text"": """"}, {""bbox"": [56, 2726, 715, 2841], ""type"": ""handwritten"", ""text"": """"}]"
54d24772-90a7-4ac2-8e6c-6122fc113764.jpg,"[{""bbox"": [380, 211, 822, 297], ""type"": ""handwritten"", ""text"": """"}, {""bbox"": [152, 275, 938, 353], ""type"": ""handwritten"", ""text"": """"}, {""bbox"": [101, 333, 952, 408], ""type"": ""handwritten"", ""text"": """"}, {""bbox"": [108, 394, 643, 450], ""type"": ""handwritten"", ""text"": """"}, {""bbox"": [166, 425, 955, 513], ""type"": ""handwritten"", ""text"": """"}, {""bbox"": [127, 470, 960, 549], ""type"": ""handwritten"", ""text"": """"}, {""bbox"": [118, 516, 961, 590], ""type"": ""handwritten"", ""text"": """"}, {""bbox"": [114, 570, 962, 653], ""type"": ""handwritten"", ""text"": """"}, {""bbox"": [118, 617, 968, 694], ""type"": ""handwritten"", ""text"": """"}, {""bbox"": [114, 665, 973, 751], ""type"": ""handwritten"", ""text"": """"}, {""bbox"": [112, 708, 978, 793], ""type"": ""handwritten"", ""text"": """"}, {""bbox"": [113, 759, 975, 830], ""type"": ""handwritten"", ""text"": """"}, {""bbox"": [113, 811, 969, 895], ""type"": ""handwritten"", ""text"": """"}, {""bbox"": [109, 857, 978, 941], ""type"": ""handwritten"", ""text"": """"}, {""bbox"": [105, 900, 978, 984], ""type"": ""handwritten"", ""text"": """"}, {""bbox"": [104, 951, 979, 1030], ""type"": ""handwritten"", ""text"": """"}, {""bbox"": [105, 1022, 277, 1080], ""type"": ""handwritten"", ""text"": """"}, {""bbox"": [139, 1046, 995, 1148], ""type"": ""handwritten"", ""text"": """"}, {""bbox"": [111, 1095, 991, 1190], ""type"": ""handwritten"", ""text"": """"}, {""bbox"": [114, 1148, 988, 1237], ""type"": ""handwritten"", ""text"": """"}, {""bbox"": [114, 1200, 963, 1271], ""type"": ""handwritten"", ""text"": """"}, {""bbox"": [113, 1205, 976, 1315], ""type"": ""handwritten"", ""text"": """"}, {""bbox"": [114, 1247, 988, 1347], ""type"": ""handwritten"", ""text"": """"}, {""bbox"": [118, 1304, 921, 1427], ""type"": ""handwritten"", ""text"": """"}]"
373c7720-1c00-4ea9-874f-5486bdb46879.jpg,"[{""bbox"": [868, 186, 1964, 361], ""type"": ""handwritten"", ""text"": """"}, {""bbox"": [759, 331, 1886, 495], ""type"": ""handwritten"", ""text"": """"}, {""bbox"": [286, 463, 2563, 632], ""type"": ""handwritten"", ""text"": """"}, {""bbox"": [102, 605, 2617, 786], ""type"": ""handwritten"", ""text"": """"}, {""bbox"": [102, 759, 1535, 910], ""type"": ""handwritten"", ""text"": """"}, {""bbox"": [294, 871, 2586, 1049], ""type"": ""handwritten"", ""text"": """"}, {""bbox"": [66, 1010, 2694, 1190], ""type"": ""handwritten"", ""text"": """"}, {""bbox"": [78, 1158, 2646, 1328], ""type"": ""handwritten"", ""text"": """"}, {""bbox"": [74, 1297, 2664, 1468], ""type"": ""handwritten"", ""text"": """"}, {""bbox"": [69, 1439, 2671, 1618], ""type"": ""handwritten"", ""text"": """"}, {""bbox"": [75, 1588, 2711, 1758], ""type"": ""handwritten"", ""text"": """"}, {""bbox"": [73, 1733, 2715, 1906], ""type"": ""handwritten"", ""text"": """"}, {""bbox"": [72, 1868, 2710, 2044], ""type"": ""handwritten"", ""text"": """"}, {""bbox"": [66, 2016, 2721, 2190], ""type"": ""handwritten"", ""text"": """"}, {""bbox"": [64, 2157, 2680, 2329], ""type"": ""handwritten"", ""text"": """"}, {""bbox"": [70, 2301, 2767, 2499], ""type"": ""handwritten"", ""text"": """"}, {""bbox"": [81, 2473, 1365, 2645], ""type"": ""handwritten"", ""text"": """"}, {""bbox"": [251, 2594, 2687, 2784], ""type"": ""handwritten"", ""text"": """"}, {""bbox"": [105, 2763, 2734, 2937], ""type"": ""handwritten"", ""text"": """"}, {""bbox"": [89, 2917, 2758, 3086], ""type"": ""handwritten"", ""text"": """"}, {""bbox"": [86, 3064, 2761, 3243], ""type"": ""handwritten"", ""text"": """"}, {""bbox"": [84, 3224, 2787, 3391], ""type"": ""handwritten"", ""text"": """"}, {""bbox"": [64, 3369, 2738, 3644], ""type"": ""handwritten"", ""text"": """"}]"
1a25dd59-a5ea-48dc-a5b1-bad49ee8d4e0.jpg,"[{""bbox"": [1681, 367, 2661, 616], ""type"": ""handwritten"", ""text"": """"}, {""bbox"": [1606, 555, 2643, 794], ""type"": ""handwritten"", ""text"": """"}, {""bbox"": [839, 760, 3658, 1053], ""type"": ""handwritten"", ""text"": """"}, {""bbox"": [491, 980, 3674, 1255], ""type"": ""handwritten"", ""text"": """"}, {""bbox"": [457, 1429, 3352, 1707], ""type"": ""handwritten"", ""text"": """"}, {""bbox"": [462, 1652, 3671, 1955], ""type"": ""handwritten"", ""text"": """"}, {""bbox"": [453, 1874, 3606, 2180], ""type"": ""handwritten"", ""text"": """"}, {""bbox"": [405, 2104, 3404, 2379], ""type"": ""handwritten"", ""text"": """"}, {""bbox"": [388, 2361, 3601, 2649], ""type"": ""handwritten"", ""text"": """"}, {""bbox"": [352, 2607, 3299, 2833], ""type"": ""handwritten"", ""text"": """"}, {""bbox"": [362, 2803, 3423, 3088], ""type"": ""handwritten"", ""text"": """"}, {""bbox"": [370, 3067, 3164, 3313], ""type"": ""handwritten"", ""text"": """"}, {""bbox"": [356, 3282, 3168, 3602], ""type"": ""handwritten"", ""text"": """"}, {""bbox"": [327, 3553, 2020, 3780], ""type"": ""handwritten"", ""text"": """"}, {""bbox"": [477, 3783, 3592, 4053], ""type"": ""handwritten"", ""text"": """"}, {""bbox"": [329, 4033, 3666, 4318], ""type"": ""handwritten"", ""text"": """"}, {""bbox"": [308, 4290, 3563, 4601], ""type"": ""handwritten"", ""text"": """"}, {""bbox"": [265, 4564, 3480, 4849], ""type"": ""handwritten"", ""text"": """"}, {""bbox"": [258, 4823, 3768, 5116], ""type"": ""handwritten"", ""text"": """"}]"
3a2f413e-5251-4be1-b39a-85029cea053c.jpg,"[{""bbox"": [31, 0, 1524, 80], ""type"": ""handwritten"", ""text"": """"}, {""bbox"": [39, 69, 1524, 153], ""type"": ""handwritten"", ""text"": """"}, {""bbox"": [39, 150, 1601, 244], ""type"": ""handwritten"", ""text"": """"}, {""bbox"": [42, 234, 1613, 329], ""type"": ""handwritten"", ""text"": """"}, {""bbox"": [43, 321, 1512, 406], ""type"": ""handwritten"", ""text"": """"}, {""bbox"": [61, 397, 1471, 486], ""type"": ""handwritten"", ""text"": """"}, {""bbox"": [66, 478, 1588, 573], ""type"": ""handwritten"", ""text"": """"}, {""bbox"": [63, 566, 1537, 657], ""type"": ""handwritten"", ""text"": """"}, {""bbox"": [64, 649, 1540, 748], ""type"": ""handwritten"", ""text"": """"}, {""bbox"": [58, 740, 994, 834], ""type"": ""handwritten"", ""text"": """"}, {""bbox"": [55, 821, 1566, 925], ""type"": ""handwritten"", ""text"": """"}, {""bbox"": [48, 917, 1534, 1013], ""type"": ""handwritten"", ""text"": """"}, {""bbox"": [47, 1007, 1457, 1100], ""type"": ""handwritten"", ""text"": """"}, {""bbox"": [57, 1096, 1231, 1190], ""type"": ""handwritten"", ""text"": """"}, {""bbox"": [50, 1184, 1557, 1289], ""type"": ""handwritten"", ""text"": """"}, {""bbox"": [73, 1279, 1507, 1373], ""type"": ""handwritten"", ""text"": """"}, {""bbox"": [73, 1370, 261, 1459], ""type"": ""handwritten"", ""text"": """"}, {""bbox"": [69, 1433, 1363, 1527], ""type"": ""handwritten"", ""text"": """"}, {""bbox"": [80, 1512, 1560, 1616], ""type"": ""handwritten"", ""text"": """"}, {""bbox"": [78, 1612, 404, 1701], ""type"": ""handwritten"", ""text"": """"}, {""bbox"": [83, 1683, 1599, 1788], ""type"": ""handwritten"", ""text"": """"}, {""bbox"": [81, 1781, 1540, 1879], ""type"": ""handwritten"", ""text"": """"}, {""bbox"": [75, 1866, 1539, 1976], ""type"": ""handwritten"", ""text"": """"}]"
43b38c7c-f913-406d-a267-b9ef9529b9ca.jpg,"[{""bbox"": [1047, 625, 1873, 808], ""type"": ""handwritten"", ""text"": """"}, {""bbox"": [211, 761, 2593, 974], ""type"": ""handwritten"", ""text"": """"}, {""bbox"": [151, 905, 2584, 1130], ""type"": ""handwritten"", ""text"": """"}, {""bbox"": [150, 1052, 439, 1183], ""type"": ""handwritten"", ""text"": """"}, {""bbox"": [211, 1171, 2632, 1387], ""type"": ""handwritten"", ""text"": """"}, {""bbox"": [126, 1338, 2594, 1526], ""type"": ""handwritten"", ""text"": """"}, {""bbox"": [3, 1457, 96, 1600], ""type"": ""handwritten"", ""text"": """"}, {""bbox"": [131, 1480, 2617, 1674], ""type"": ""handwritten"", ""text"": """"}, {""bbox"": [126, 1624, 2613, 1809], ""type"": ""handwritten"", ""text"": """"}, {""bbox"": [120, 1780, 2595, 1947], ""type"": ""handwritten"", ""text"": """"}, {""bbox"": [109, 1932, 2595, 2094], ""type"": ""handwritten"", ""text"": """"}, {""bbox"": [113, 2072, 2574, 2223], ""type"": ""handwritten"", ""text"": """"}, {""bbox"": [116, 2210, 2579, 2358], ""type"": ""handwritten"", ""text"": """"}, {""bbox"": [94, 2339, 2618, 2510], ""type"": ""handwritten"", ""text"": """"}, {""bbox"": [92, 2495, 2610, 2653], ""type"": ""handwritten"", ""text"": """"}, {""bbox"": [100, 2648, 1147, 2791], ""type"": ""handwritten"", ""text"": """"}, {""bbox"": [169, 2770, 2583, 2933], ""type"": ""handwritten"", ""text"": """"}, {""bbox"": [95, 2914, 2597, 3080], ""type"": ""handwritten"", ""text"": """"}, {""bbox"": [90, 3056, 2576, 3224], ""type"": ""handwritten"", ""text"": """"}, {""bbox"": [89, 3196, 2587, 3375], ""type"": ""handwritten"", ""text"": """"}, {""bbox"": [80, 3331, 2587, 3537], ""type"": ""handwritten"", ""text"": """"}, {""bbox"": [83, 3514, 1313, 3666], ""type"": ""handwritten"", ""text"": """"}, {""bbox"": [149, 3609, 2582, 3793], ""type"": ""handwritten"", ""text"": """"}, {""bbox"": [71, 3761, 2574, 3997], ""type"": ""handwritten"", ""text"": """"}]"
3b4990e0-d71c-4e12-a083-a306730eb52b.jpg,"[{""bbox"": [264, 43, 426, 86], ""type"": ""handwritten"", ""text"": """"}, {""bbox"": [50, 121, 861, 187], ""type"": ""handwritten"", ""text"": """"}, {""bbox"": [38, 171, 199, 214], ""type"": ""handwritten"", ""text"": """"}, {""bbox"": [69, 217, 818, 270], ""type"": ""handwritten"", ""text"": """"}, {""bbox"": [49, 264, 843, 323], ""type"": ""handwritten"", ""text"": """"}, {""bbox"": [35, 307, 789, 365], ""type"": ""handwritten"", ""text"": """"}, {""bbox"": [44, 359, 826, 403], ""type"": ""handwritten"", ""text"": """"}, {""bbox"": [40, 396, 875, 443], ""type"": ""handwritten"", ""text"": """"}, {""bbox"": [39, 434, 854, 484], ""type"": ""handwritten"", ""text"": """"}, {""bbox"": [40, 462, 575, 523], ""type"": ""handwritten"", ""text"": """"}, {""bbox"": [65, 495, 859, 561], ""type"": ""handwritten"", ""text"": """"}, {""bbox"": [33, 532, 889, 601], ""type"": ""handwritten"", ""text"": """"}, {""bbox"": [36, 571, 895, 647], ""type"": ""handwritten"", ""text"": """"}, {""bbox"": [42, 600, 193, 641], ""type"": ""handwritten"", ""text"": """"}, {""bbox"": [57, 611, 884, 707], ""type"": ""handwritten"", ""text"": """"}, {""bbox"": [56, 632, 883, 740], ""type"": ""handwritten"", ""text"": """"}, {""bbox"": [24, 679, 866, 768], ""type"": ""handwritten"", ""text"": """"}, {""bbox"": [22, 716, 860, 797], ""type"": ""handwritten"", ""text"": """"}, {""bbox"": [54, 751, 854, 828], ""type"": ""handwritten"", ""text"": """"}, {""bbox"": [37, 767, 854, 860], ""type"": ""handwritten"", ""text"": """"}, {""bbox"": [27, 838, 854, 906], ""type"": ""handwritten"", ""text"": """"}, {""bbox"": [34, 869, 174, 905], ""type"": ""handwritten"", ""text"": """"}, {""bbox"": [67, 894, 855, 994], ""type"": ""handwritten"", ""text"": """"}, {""bbox"": [27, 915, 872, 1032], ""type"": ""handwritten"", ""text"": """"}, {""bbox"": [31, 967, 850, 1041], ""type"": ""handwritten"", ""text"": """"}]"
3f8d8f92-c06b-4dea-a648-ad9593ece94e.jpg,"[{""bbox"": [284, 34, 757, 127], ""type"": ""handwritten"", ""text"": """"}, {""bbox"": [225, 119, 543, 186], ""type"": ""handwritten"", ""text"": """"}, {""bbox"": [24, 183, 1129, 264], ""type"": ""handwritten"", ""text"": """"}, {""bbox"": [20, 255, 775, 330], ""type"": ""handwritten"", ""text"": """"}, {""bbox"": [64, 323, 1100, 397], ""type"": ""handwritten"", ""text"": """"}, {""bbox"": [15, 389, 1153, 468], ""type"": ""handwritten"", ""text"": """"}, {""bbox"": [14, 460, 1137, 532], ""type"": ""handwritten"", ""text"": """"}, {""bbox"": [19, 526, 1157, 601], ""type"": ""handwritten"", ""text"": """"}, {""bbox"": [14, 593, 788, 654], ""type"": ""handwritten"", ""text"": """"}, {""bbox"": [80, 650, 1157, 725], ""type"": ""handwritten"", ""text"": """"}, {""bbox"": [12, 714, 1110, 792], ""type"": ""handwritten"", ""text"": """"}, {""bbox"": [13, 785, 1048, 851], ""type"": ""handwritten"", ""text"": """"}, {""bbox"": [14, 846, 1148, 918], ""type"": ""handwritten"", ""text"": """"}, {""bbox"": [15, 915, 387, 972], ""type"": ""handwritten"", ""text"": """"}, {""bbox"": [102, 972, 1105, 1039], ""type"": ""handwritten"", ""text"": """"}, {""bbox"": [10, 1035, 1121, 1104], ""type"": ""handwritten"", ""text"": """"}, {""bbox"": [8, 1104, 1117, 1174], ""type"": ""handwritten"", ""text"": """"}, {""bbox"": [19, 1166, 1149, 1245], ""type"": ""handwritten"", ""text"": """"}, {""bbox"": [4, 1238, 905, 1305], ""type"": ""handwritten"", ""text"": """"}, {""bbox"": [89, 1302, 1083, 1371], ""type"": ""handwritten"", ""text"": """"}, {""bbox"": [19, 1361, 1144, 1438], ""type"": ""handwritten"", ""text"": """"}, {""bbox"": [12, 1431, 1141, 1501], ""type"": ""handwritten"", ""text"": """"}, {""bbox"": [13, 1498, 1096, 1577], ""type"": ""handwritten"", ""text"": """"}]"
24127c01-a407-45e6-af73-02562354378c.jpg,"[{""bbox"": [551, 31, 1003, 112], ""type"": ""handwritten"", ""text"": """"}, {""bbox"": [214, 111, 1478, 192], ""type"": ""handwritten"", ""text"": """"}, {""bbox"": [84, 192, 1187, 272], ""type"": ""handwritten"", ""text"": """"}, {""bbox"": [175, 267, 1416, 344], ""type"": ""handwritten"", ""text"": """"}, {""bbox"": [75, 339, 1372, 410], ""type"": ""handwritten"", ""text"": """"}, {""bbox"": [75, 409, 1394, 489], ""type"": ""handwritten"", ""text"": """"}, {""bbox"": [84, 484, 1430, 563], ""type"": ""handwritten"", ""text"": """"}, {""bbox"": [88, 558, 1455, 628], ""type"": ""handwritten"", ""text"": """"}, {""bbox"": [86, 626, 1476, 714], ""type"": ""handwritten"", ""text"": """"}, {""bbox"": [96, 709, 1486, 791], ""type"": ""handwritten"", ""text"": """"}, {""bbox"": [90, 789, 1391, 866], ""type"": ""handwritten"", ""text"": """"}, {""bbox"": [91, 860, 1362, 936], ""type"": ""handwritten"", ""text"": """"}, {""bbox"": [94, 930, 344, 992], ""type"": ""handwritten"", ""text"": """"}, {""bbox"": [188, 1000, 1399, 1074], ""type"": ""handwritten"", ""text"": """"}, {""bbox"": [86, 1078, 1473, 1160], ""type"": ""handwritten"", ""text"": """"}, {""bbox"": [89, 1152, 1432, 1232], ""type"": ""handwritten"", ""text"": """"}, {""bbox"": [82, 1227, 1482, 1310], ""type"": ""handwritten"", ""text"": """"}, {""bbox"": [90, 1299, 869, 1374], ""type"": ""handwritten"", ""text"": """"}, {""bbox"": [178, 1371, 1443, 1450], ""type"": ""handwritten"", ""text"": """"}, {""bbox"": [81, 1446, 1460, 1527], ""type"": ""handwritten"", ""text"": """"}, {""bbox"": [69, 1523, 1352, 1596], ""type"": ""handwritten"", ""text"": """"}, {""bbox"": [71, 1589, 1499, 1672], ""type"": ""handwritten"", ""text"": """"}, {""bbox"": [70, 1667, 1266, 1745], ""type"": ""handwritten"", ""text"": """"}, {""bbox"": [199, 1742, 1441, 1816], ""type"": ""handwritten"", ""text"": """"}, {""bbox"": [71, 1811, 1417, 1889], ""type"": ""handwritten"", ""text"": """"}, {""bbox"": [70, 1885, 1396, 1968], ""type"": ""handwritten"", ""text"": """"}, {""bbox"": [68, 1965, 1371, 2051], ""type"": ""handwritten"", ""text"": """"}, {""bbox"": [40, 2048, 662, 2143], ""type"": ""handwritten"", ""text"": """"}]"
0207523a-9012-42d9-9533-e960eae7f4e0.jpg,"[{""bbox"": [7, 57, 340, 1657], ""type"": ""image"", ""text"": """"}, {""bbox"": [2226, 119, 2463, 198], ""type"": ""annotation"", ""text"": """"}, {""bbox"": [1156, 197, 1951, 372], ""type"": ""printed"", ""text"": """"}, {""bbox"": [825, 378, 2284, 568], ""type"": ""handwritten"", ""text"": """"}, {""bbox"": [441, 548, 2678, 786], ""type"": ""printed"", ""text"": """"}, {""bbox"": [899, 740, 1859, 942], ""type"": ""handwritten"", ""text"": """"}, {""bbox"": [511, 927, 2504, 1120], ""type"": ""handwritten"", ""text"": """"}, {""bbox"": [343, 1097, 2508, 1289], ""type"": ""handwritten"", ""text"": """"}, {""bbox"": [349, 1254, 2506, 1458], ""type"": ""handwritten"", ""text"": """"}, {""bbox"": [345, 1447, 2524, 1634], ""type"": ""handwritten"", ""text"": """"}, {""bbox"": [324, 1608, 2392, 1819], ""type"": ""handwritten"", ""text"": """"}, {""bbox"": [334, 1805, 2522, 1988], ""type"": ""handwritten"", ""text"": """"}, {""bbox"": [318, 1990, 2374, 2163], ""type"": ""handwritten"", ""text"": """"}, {""bbox"": [354, 2150, 2390, 2326], ""type"": ""handwritten"", ""text"": """"}, {""bbox"": [324, 2346, 2742, 2493], ""type"": ""handwritten"", ""text"": """"}, {""bbox"": [319, 2521, 2643, 2679], ""type"": ""handwritten"", ""text"": """"}, {""bbox"": [309, 2728, 2420, 2836], ""type"": ""handwritten"", ""text"": """"}, {""bbox"": [321, 2870, 2682, 3038], ""type"": ""handwritten"", ""text"": """"}, {""bbox"": [313, 3027, 2764, 3224], ""type"": ""handwritten"", ""text"": """"}, {""bbox"": [287, 3245, 2675, 3399], ""type"": ""handwritten"", ""text"": """"}, {""bbox"": [232, 3415, 2668, 3595], ""type"": ""handwritten"", ""text"": """"}, {""bbox"": [258, 3576, 2636, 3760], ""type"": ""handwritten"", ""text"": """"}]"
331ab90e-daef-42a7-b577-f761b052d663.jpg,"[{""bbox"": [200, 45, 714, 103], ""type"": ""handwritten"", ""text"": """"}, {""bbox"": [245, 100, 1159, 180], ""type"": ""handwritten"", ""text"": """"}, {""bbox"": [183, 171, 1105, 236], ""type"": ""handwritten"", ""text"": """"}, {""bbox"": [172, 227, 1124, 298], ""type"": ""handwritten"", ""text"": """"}, {""bbox"": [190, 285, 1115, 357], ""type"": ""handwritten"", ""text"": """"}, {""bbox"": [200, 344, 1124, 419], ""type"": ""handwritten"", ""text"": """"}, {""bbox"": [174, 412, 1073, 476], ""type"": ""handwritten"", ""text"": """"}, {""bbox"": [192, 466, 800, 526], ""type"": ""handwritten"", ""text"": """"}, {""bbox"": [277, 519, 1129, 588], ""type"": ""handwritten"", ""text"": """"}, {""bbox"": [179, 578, 1110, 649], ""type"": ""handwritten"", ""text"": """"}, {""bbox"": [181, 644, 1111, 705], ""type"": ""handwritten"", ""text"": """"}, {""bbox"": [179, 702, 1117, 760], ""type"": ""handwritten"", ""text"": """"}, {""bbox"": [173, 751, 1083, 812], ""type"": ""handwritten"", ""text"": """"}, {""bbox"": [171, 808, 1029, 875], ""type"": ""handwritten"", ""text"": """"}, {""bbox"": [174, 867, 330, 930], ""type"": ""handwritten"", ""text"": """"}, {""bbox"": [271, 918, 1113, 985], ""type"": ""handwritten"", ""text"": """"}, {""bbox"": [185, 979, 1119, 1037], ""type"": ""handwritten"", ""text"": """"}, {""bbox"": [176, 1032, 981, 1093], ""type"": ""handwritten"", ""text"": """"}, {""bbox"": [181, 1086, 1052, 1153], ""type"": ""handwritten"", ""text"": """"}, {""bbox"": [180, 1146, 1075, 1214], ""type"": ""handwritten"", ""text"": """"}, {""bbox"": [169, 1197, 569, 1255], ""type"": ""handwritten"", ""text"": """"}]"
158dffcf-d9ef-4c75-9081-22414baed387.jpg,"[{""bbox"": [650, 547, 2930, 724], ""type"": ""handwritten"", ""text"": """"}, {""bbox"": [354, 697, 2878, 846], ""type"": ""handwritten"", ""text"": """"}, {""bbox"": [345, 824, 2923, 968], ""type"": ""handwritten"", ""text"": """"}, {""bbox"": [321, 980, 2944, 1130], ""type"": ""handwritten"", ""text"": """"}, {""bbox"": [326, 1102, 2882, 1280], ""type"": ""handwritten"", ""text"": """"}, {""bbox"": [302, 1263, 2893, 1434], ""type"": ""handwritten"", ""text"": """"}, {""bbox"": [303, 1402, 1693, 1549], ""type"": ""handwritten"", ""text"": """"}, {""bbox"": [564, 1541, 2954, 1716], ""type"": ""handwritten"", ""text"": """"}, {""bbox"": [267, 1680, 2877, 1856], ""type"": ""handwritten"", ""text"": """"}, {""bbox"": [276, 1841, 2868, 2002], ""type"": ""handwritten"", ""text"": """"}, {""bbox"": [285, 1992, 2890, 2148], ""type"": ""handwritten"", ""text"": """"}, {""bbox"": [284, 2133, 2915, 2295], ""type"": ""handwritten"", ""text"": """"}, {""bbox"": [283, 2275, 2954, 2460], ""type"": ""handwritten"", ""text"": """"}, {""bbox"": [466, 2427, 2826, 2606], ""type"": ""handwritten"", ""text"": """"}, {""bbox"": [270, 2581, 2658, 2753], ""type"": ""handwritten"", ""text"": """"}, {""bbox"": [270, 2717, 2970, 2899], ""type"": ""handwritten"", ""text"": """"}, {""bbox"": [264, 2875, 2753, 3057], ""type"": ""handwritten"", ""text"": """"}, {""bbox"": [251, 3035, 2863, 3211], ""type"": ""handwritten"", ""text"": """"}, {""bbox"": [258, 3185, 1473, 3329], ""type"": ""handwritten"", ""text"": """"}]"
12113942-a50f-4d2c-b731-d8a8afb0e875.jpg,"[{""bbox"": [1518, 300, 2674, 500], ""type"": ""handwritten"", ""text"": """"}, {""bbox"": [1052, 487, 3563, 669], ""type"": ""handwritten"", ""text"": """"}, {""bbox"": [716, 651, 3445, 825], ""type"": ""handwritten"", ""text"": """"}, {""bbox"": [709, 803, 3524, 979], ""type"": ""handwritten"", ""text"": """"}, {""bbox"": [698, 957, 3550, 1137], ""type"": ""handwritten"", ""text"": """"}, {""bbox"": [720, 1116, 3563, 1301], ""type"": ""handwritten"", ""text"": """"}, {""bbox"": [704, 1280, 3265, 1468], ""type"": ""handwritten"", ""text"": """"}, {""bbox"": [715, 1445, 3293, 1634], ""type"": ""handwritten"", ""text"": """"}, {""bbox"": [705, 1624, 3576, 1820], ""type"": ""handwritten"", ""text"": """"}, {""bbox"": [677, 1787, 3280, 1981], ""type"": ""handwritten"", ""text"": """"}, {""bbox"": [671, 1949, 3641, 2150], ""type"": ""handwritten"", ""text"": """"}, {""bbox"": [676, 2138, 3508, 2332], ""type"": ""handwritten"", ""text"": """"}, {""bbox"": [656, 2310, 3626, 2505], ""type"": ""handwritten"", ""text"": """"}, {""bbox"": [643, 2495, 3589, 2690], ""type"": ""handwritten"", ""text"": """"}, {""bbox"": [652, 2667, 3565, 2869], ""type"": ""handwritten"", ""text"": """"}, {""bbox"": [641, 2852, 3772, 3058], ""type"": ""handwritten"", ""text"": """"}, {""bbox"": [644, 3048, 2525, 3247], ""type"": ""handwritten"", ""text"": """"}, {""bbox"": [1029, 3226, 3590, 3420], ""type"": ""handwritten"", ""text"": """"}, {""bbox"": [630, 3404, 3606, 3613], ""type"": ""handwritten"", ""text"": """"}, {""bbox"": [614, 3603, 3480, 3834], ""type"": ""handwritten"", ""text"": """"}, {""bbox"": [632, 3824, 2360, 4003], ""type"": ""handwritten"", ""text"": """"}, {""bbox"": [997, 3997, 3686, 4217], ""type"": ""handwritten"", ""text"": """"}, {""bbox"": [569, 4198, 3684, 4414], ""type"": ""handwritten"", ""text"": """"}, {""bbox"": [594, 4393, 3727, 4620], ""type"": ""handwritten"", ""text"": """"}, {""bbox"": [592, 4608, 2749, 4798], ""type"": ""handwritten"", ""text"": """"}]"
1dd10944-9049-4ca8-9944-fb83e3d1daeb.jpg,"[{""bbox"": [0, 26, 308, 1536], ""type"": ""image"", ""text"": """"}, {""bbox"": [515, 534, 2418, 759], ""type"": ""handwritten"", ""text"": """"}, {""bbox"": [369, 658, 2569, 3523], ""type"": ""table"", ""text"": """"}, {""bbox"": [531, 772, 2477, 934], ""type"": ""handwritten"", ""text"": """"}, {""bbox"": [534, 929, 2433, 1066], ""type"": ""handwritten"", ""text"": """"}, {""bbox"": [526, 1070, 2520, 1209], ""type"": ""handwritten"", ""text"": """"}, {""bbox"": [536, 1199, 2445, 1317], ""type"": ""handwritten"", ""text"": """"}, {""bbox"": [699, 1424, 2438, 1520], ""type"": ""handwritten"", ""text"": """"}, {""bbox"": [603, 1523, 2450, 1585], ""type"": ""handwritten"", ""text"": """"}, {""bbox"": [598, 1573, 2452, 1685], ""type"": ""handwritten"", ""text"": """"}, {""bbox"": [604, 1728, 2477, 1839], ""type"": ""handwritten"", ""text"": """"}, {""bbox"": [616, 2031, 2585, 2170], ""type"": ""handwritten"", ""text"": """"}]"
0dd25909-0295-45f0-9c52-c318abb01d41.jpg,"[{""bbox"": [1114, 375, 1868, 567], ""type"": ""handwritten"", ""text"": """"}, {""bbox"": [181, 560, 2197, 700], ""type"": ""handwritten"", ""text"": """"}, {""bbox"": [215, 682, 2476, 832], ""type"": ""handwritten"", ""text"": """"}, {""bbox"": [340, 815, 2397, 960], ""type"": ""handwritten"", ""text"": """"}, {""bbox"": [153, 951, 2562, 1090], ""type"": ""handwritten"", ""text"": """"}, {""bbox"": [1830, 969, 2570, 1114], ""type"": ""handwritten"", ""text"": """"}, {""bbox"": [202, 1076, 2405, 1238], ""type"": ""handwritten"", ""text"": """"}, {""bbox"": [125, 1216, 2445, 1373], ""type"": ""handwritten"", ""text"": """"}, {""bbox"": [160, 1366, 2209, 1497], ""type"": ""handwritten"", ""text"": """"}, {""bbox"": [218, 1481, 2220, 1636], ""type"": ""handwritten"", ""text"": """"}, {""bbox"": [203, 1619, 2217, 1755], ""type"": ""handwritten"", ""text"": """"}, {""bbox"": [188, 1740, 2305, 1897], ""type"": ""handwritten"", ""text"": """"}, {""bbox"": [209, 1881, 2440, 2041], ""type"": ""handwritten"", ""text"": """"}, {""bbox"": [181, 2023, 2258, 2178], ""type"": ""handwritten"", ""text"": """"}, {""bbox"": [173, 2170, 732, 2291], ""type"": ""handwritten"", ""text"": """"}, {""bbox"": [358, 2284, 2457, 2427], ""type"": ""handwritten"", ""text"": """"}, {""bbox"": [144, 2415, 2435, 2558], ""type"": ""handwritten"", ""text"": """"}, {""bbox"": [218, 2544, 2425, 2697], ""type"": ""handwritten"", ""text"": """"}, {""bbox"": [147, 2686, 2194, 2824], ""type"": ""handwritten"", ""text"": """"}, {""bbox"": [183, 2803, 2368, 2959], ""type"": ""handwritten"", ""text"": """"}, {""bbox"": [171, 2957, 1257, 3102], ""type"": ""handwritten"", ""text"": """"}, {""bbox"": [337, 3088, 2364, 3234], ""type"": ""handwritten"", ""text"": """"}, {""bbox"": [139, 3214, 2330, 3361], ""type"": ""handwritten"", ""text"": """"}, {""bbox"": [191, 3335, 2342, 3510], ""type"": ""handwritten"", ""text"": """"}]"
1af72a02-665a-41b9-91c7-e031d763fbb2.jpg,"[{""bbox"": [353, 134, 2896, 278], ""type"": ""handwritten"", ""text"": """"}, {""bbox"": [339, 271, 2477, 391], ""type"": ""handwritten"", ""text"": """"}, {""bbox"": [331, 377, 3035, 531], ""type"": ""handwritten"", ""text"": """"}, {""bbox"": [300, 533, 2908, 684], ""type"": ""handwritten"", ""text"": """"}, {""bbox"": [304, 666, 1359, 797], ""type"": ""handwritten"", ""text"": """"}, {""bbox"": [736, 821, 3052, 972], ""type"": ""handwritten"", ""text"": """"}, {""bbox"": [267, 954, 2777, 1130], ""type"": ""handwritten"", ""text"": """"}, {""bbox"": [276, 1117, 2788, 1287], ""type"": ""handwritten"", ""text"": """"}, {""bbox"": [246, 1272, 3095, 1441], ""type"": ""handwritten"", ""text"": """"}, {""bbox"": [213, 1426, 2969, 1617], ""type"": ""handwritten"", ""text"": """"}, {""bbox"": [233, 1593, 2238, 1779], ""type"": ""handwritten"", ""text"": """"}, {""bbox"": [721, 1790, 2978, 1983], ""type"": ""handwritten"", ""text"": """"}, {""bbox"": [201, 1950, 2930, 2140], ""type"": ""handwritten"", ""text"": """"}, {""bbox"": [189, 2119, 3076, 2321], ""type"": ""handwritten"", ""text"": """"}, {""bbox"": [160, 2313, 3079, 2520], ""type"": ""handwritten"", ""text"": """"}, {""bbox"": [152, 2494, 3064, 2697], ""type"": ""handwritten"", ""text"": """"}]"
382c3795-d27c-4e20-a6f4-3704045a9c19.jpg,"[{""bbox"": [1421, 349, 2326, 521], ""type"": ""handwritten"", ""text"": """"}, {""bbox"": [584, 550, 3907, 752], ""type"": ""handwritten"", ""text"": """"}, {""bbox"": [371, 748, 2596, 924], ""type"": ""handwritten"", ""text"": """"}, {""bbox"": [534, 905, 4017, 1101], ""type"": ""handwritten"", ""text"": """"}, {""bbox"": [355, 1082, 3973, 1293], ""type"": ""handwritten"", ""text"": """"}, {""bbox"": [350, 1279, 4002, 1475], ""type"": ""handwritten"", ""text"": """"}, {""bbox"": [364, 1457, 3984, 1645], ""type"": ""handwritten"", ""text"": """"}, {""bbox"": [380, 1645, 3870, 1835], ""type"": ""handwritten"", ""text"": """"}, {""bbox"": [387, 1817, 3981, 2022], ""type"": ""handwritten"", ""text"": """"}, {""bbox"": [382, 2001, 3904, 2201], ""type"": ""handwritten"", ""text"": """"}, {""bbox"": [366, 2190, 2522, 2363], ""type"": ""handwritten"", ""text"": """"}, {""bbox"": [466, 2360, 3958, 2548], ""type"": ""handwritten"", ""text"": """"}, {""bbox"": [401, 2535, 3953, 2741], ""type"": ""handwritten"", ""text"": """"}, {""bbox"": [388, 2721, 3964, 2912], ""type"": ""handwritten"", ""text"": """"}, {""bbox"": [391, 2891, 3844, 3082], ""type"": ""handwritten"", ""text"": """"}, {""bbox"": [493, 3151, 3912, 3352], ""type"": ""handwritten"", ""text"": """"}, {""bbox"": [389, 3337, 3720, 3534], ""type"": ""handwritten"", ""text"": """"}, {""bbox"": [416, 3515, 3919, 3703], ""type"": ""handwritten"", ""text"": """"}, {""bbox"": [439, 3695, 3969, 3874], ""type"": ""handwritten"", ""text"": """"}, {""bbox"": [452, 3855, 1827, 4005], ""type"": ""handwritten"", ""text"": """"}, {""bbox"": [594, 4007, 3784, 4211], ""type"": ""handwritten"", ""text"": """"}, {""bbox"": [449, 4203, 3843, 4391], ""type"": ""handwritten"", ""text"": """"}, {""bbox"": [445, 4380, 3795, 4571], ""type"": ""handwritten"", ""text"": """"}, {""bbox"": [462, 4542, 3726, 4749], ""type"": ""handwritten"", ""text"": """"}, {""bbox"": [647, 4713, 3851, 4919], ""type"": ""handwritten"", ""text"": """"}, {""bbox"": [485, 4874, 3910, 5089], ""type"": ""handwritten"", ""text"": """"}, {""bbox"": [507, 5038, 3676, 5276], ""type"": ""handwritten"", ""text"": """"}, {""bbox"": [519, 5204, 3244, 5408], ""type"": ""handwritten"", ""text"": """"}]"
2930d9df-572f-4514-802d-bd13be6d0003.jpg,"[{""bbox"": [1007, 104, 1812, 217], ""type"": ""handwritten"", ""text"": """"}, {""bbox"": [544, 207, 2209, 354], ""type"": ""handwritten"", ""text"": """"}, {""bbox"": [555, 327, 1490, 470], ""type"": ""handwritten"", ""text"": """"}, {""bbox"": [342, 451, 2209, 607], ""type"": ""handwritten"", ""text"": """"}, {""bbox"": [135, 587, 2250, 740], ""type"": ""handwritten"", ""text"": """"}, {""bbox"": [123, 721, 2203, 876], ""type"": ""handwritten"", ""text"": """"}, {""bbox"": [230, 843, 1366, 986], ""type"": ""handwritten"", ""text"": """"}, {""bbox"": [231, 967, 2118, 1136], ""type"": ""handwritten"", ""text"": """"}, {""bbox"": [231, 1119, 2125, 1271], ""type"": ""handwritten"", ""text"": """"}, {""bbox"": [264, 1253, 2241, 1409], ""type"": ""handwritten"", ""text"": """"}, {""bbox"": [345, 1384, 2266, 1550], ""type"": ""handwritten"", ""text"": """"}, {""bbox"": [155, 1525, 2272, 1699], ""type"": ""handwritten"", ""text"": """"}, {""bbox"": [153, 1680, 1928, 1819], ""type"": ""handwritten"", ""text"": """"}, {""bbox"": [137, 1798, 2225, 1962], ""type"": ""handwritten"", ""text"": """"}, {""bbox"": [134, 1948, 2215, 2109], ""type"": ""handwritten"", ""text"": """"}, {""bbox"": [124, 2090, 1164, 2215], ""type"": ""handwritten"", ""text"": """"}, {""bbox"": [335, 2223, 2143, 2403], ""type"": ""handwritten"", ""text"": """"}, {""bbox"": [125, 2384, 2169, 2527], ""type"": ""handwritten"", ""text"": """"}, {""bbox"": [138, 2514, 2220, 2684], ""type"": ""handwritten"", ""text"": """"}, {""bbox"": [123, 2671, 2194, 2827], ""type"": ""handwritten"", ""text"": """"}, {""bbox"": [97, 2818, 2164, 2971], ""type"": ""handwritten"", ""text"": """"}, {""bbox"": [87, 2962, 2046, 3122], ""type"": ""handwritten"", ""text"": """"}, {""bbox"": [83, 3110, 2160, 3280], ""type"": ""handwritten"", ""text"": """"}, {""bbox"": [60, 3261, 1416, 3412], ""type"": ""handwritten"", ""text"": """"}]"
11fa2396-a758-4153-896f-0f18b14b4874.jpg,"[{""bbox"": [567, 259, 2413, 443], ""type"": ""handwritten"", ""text"": """"}, {""bbox"": [275, 435, 2717, 612], ""type"": ""handwritten"", ""text"": """"}, {""bbox"": [289, 605, 2512, 785], ""type"": ""handwritten"", ""text"": """"}, {""bbox"": [293, 782, 2479, 957], ""type"": ""handwritten"", ""text"": """"}, {""bbox"": [306, 946, 2598, 1129], ""type"": ""handwritten"", ""text"": """"}, {""bbox"": [319, 1122, 2650, 1294], ""type"": ""handwritten"", ""text"": """"}, {""bbox"": [564, 1317, 2633, 1465], ""type"": ""handwritten"", ""text"": """"}, {""bbox"": [315, 1491, 2735, 1668], ""type"": ""handwritten"", ""text"": """"}, {""bbox"": [300, 1670, 2787, 1828], ""type"": ""handwritten"", ""text"": """"}, {""bbox"": [296, 1843, 2452, 2013], ""type"": ""handwritten"", ""text"": """"}, {""bbox"": [295, 2004, 2693, 2182], ""type"": ""handwritten"", ""text"": """"}, {""bbox"": [289, 2190, 503, 2337], ""type"": ""handwritten"", ""text"": """"}, {""bbox"": [573, 2320, 2425, 2514], ""type"": ""handwritten"", ""text"": """"}, {""bbox"": [271, 2510, 2760, 2688], ""type"": ""handwritten"", ""text"": """"}, {""bbox"": [301, 2687, 2540, 2881], ""type"": ""handwritten"", ""text"": """"}, {""bbox"": [278, 2879, 2452, 3053], ""type"": ""handwritten"", ""text"": """"}, {""bbox"": [289, 3052, 1884, 3219], ""type"": ""handwritten"", ""text"": """"}]"
2ab689ce-5a01-4285-aacf-f48a680fe422.jpg,"[{""bbox"": [2163, 3, 2687, 119], ""type"": ""annotation"", ""text"": """"}, {""bbox"": [369, 8, 1448, 171], ""type"": ""handwritten"", ""text"": """"}, {""bbox"": [629, 146, 1441, 266], ""type"": ""handwritten"", ""text"": """"}, {""bbox"": [161, 238, 2921, 389], ""type"": ""handwritten"", ""text"": """"}, {""bbox"": [64, 374, 2279, 498], ""type"": ""handwritten"", ""text"": """"}, {""bbox"": [139, 485, 1068, 606], ""type"": ""handwritten"", ""text"": """"}, {""bbox"": [44, 595, 2679, 731], ""type"": ""handwritten"", ""text"": """"}, {""bbox"": [59, 715, 2777, 842], ""type"": ""handwritten"", ""text"": """"}, {""bbox"": [44, 823, 2775, 945], ""type"": ""handwritten"", ""text"": """"}, {""bbox"": [37, 930, 2790, 1045], ""type"": ""handwritten"", ""text"": """"}, {""bbox"": [27, 1028, 2661, 1144], ""type"": ""handwritten"", ""text"": """"}, {""bbox"": [31, 1130, 2857, 1244], ""type"": ""handwritten"", ""text"": """"}, {""bbox"": [89, 1228, 2811, 1348], ""type"": ""handwritten"", ""text"": """"}, {""bbox"": [85, 1334, 2794, 1458], ""type"": ""handwritten"", ""text"": """"}, {""bbox"": [92, 1439, 2805, 1562], ""type"": ""handwritten"", ""text"": """"}, {""bbox"": [102, 1539, 2602, 1657], ""type"": ""handwritten"", ""text"": """"}, {""bbox"": [92, 1598, 2931, 1736], ""type"": ""handwritten"", ""text"": """"}, {""bbox"": [68, 1704, 2795, 1838], ""type"": ""handwritten"", ""text"": """"}, {""bbox"": [86, 1800, 2868, 1938], ""type"": ""handwritten"", ""text"": """"}, {""bbox"": [114, 1903, 2916, 2047], ""type"": ""handwritten"", ""text"": """"}, {""bbox"": [105, 2090, 2777, 2290], ""type"": ""handwritten"", ""text"": """"}, {""bbox"": [97, 2196, 2914, 2374], ""type"": ""handwritten"", ""text"": """"}, {""bbox"": [124, 2303, 2899, 2460], ""type"": ""handwritten"", ""text"": """"}, {""bbox"": [145, 2417, 1494, 2562], ""type"": ""handwritten"", ""text"": """"}, {""bbox"": [159, 2463, 2949, 2640], ""type"": ""handwritten"", ""text"": """"}, {""bbox"": [115, 2566, 2615, 2766], ""type"": ""handwritten"", ""text"": """"}, {""bbox"": [230, 2690, 2918, 2844], ""type"": ""handwritten"", ""text"": """"}, {""bbox"": [168, 2801, 2930, 2948], ""type"": ""handwritten"", ""text"": """"}, {""bbox"": [166, 2923, 1958, 3047], ""type"": ""handwritten"", ""text"": """"}, {""bbox"": [216, 3032, 2827, 3155], ""type"": ""handwritten"", ""text"": """"}, {""bbox"": [174, 3136, 2625, 3248], ""type"": ""handwritten"", ""text"": """"}, {""bbox"": [181, 3228, 2614, 3343], ""type"": ""handwritten"", ""text"": """"}, {""bbox"": [222, 3326, 2631, 3452], ""type"": ""handwritten"", ""text"": """"}]"
0d663978-be4a-4860-9685-1bb0aa5802e2.jpg,"[{""bbox"": [3151, 86, 4375, 324], ""type"": ""handwritten"", ""text"": """"}, {""bbox"": [3139, 298, 5092, 499], ""type"": ""handwritten"", ""text"": """"}, {""bbox"": [3168, 450, 4438, 695], ""type"": ""handwritten"", ""text"": """"}, {""bbox"": [1130, 986, 2802, 1354], ""type"": ""handwritten"", ""text"": """"}, {""bbox"": [685, 1387, 4559, 1690], ""type"": ""handwritten"", ""text"": """"}, {""bbox"": [666, 1680, 4715, 1994], ""type"": ""handwritten"", ""text"": """"}, {""bbox"": [663, 1969, 1694, 2249], ""type"": ""handwritten"", ""text"": """"}, {""bbox"": [751, 2052, 4654, 2554], ""type"": ""handwritten"", ""text"": """"}, {""bbox"": [764, 2473, 4467, 2906], ""type"": ""handwritten"", ""text"": """"}, {""bbox"": [1036, 2690, 4991, 3053], ""type"": ""handwritten"", ""text"": """"}, {""bbox"": [855, 2720, 4995, 3331], ""type"": ""handwritten"", ""text"": """"}, {""bbox"": [760, 2955, 4995, 3450], ""type"": ""handwritten"", ""text"": """"}, {""bbox"": [745, 3230, 4687, 3598], ""type"": ""handwritten"", ""text"": """"}, {""bbox"": [745, 3256, 4889, 3789], ""type"": ""handwritten"", ""text"": """"}, {""bbox"": [751, 3481, 4946, 3969], ""type"": ""handwritten"", ""text"": """"}, {""bbox"": [740, 3725, 4937, 4159], ""type"": ""handwritten"", ""text"": """"}, {""bbox"": [712, 4037, 4535, 4482], ""type"": ""handwritten"", ""text"": """"}, {""bbox"": [702, 4219, 4993, 4659], ""type"": ""handwritten"", ""text"": """"}, {""bbox"": [694, 4426, 4880, 4936], ""type"": ""handwritten"", ""text"": """"}, {""bbox"": [724, 4644, 4503, 5089], ""type"": ""handwritten"", ""text"": """"}, {""bbox"": [699, 4893, 4886, 5424], ""type"": ""handwritten"", ""text"": """"}, {""bbox"": [675, 5120, 4297, 5630], ""type"": ""handwritten"", ""text"": """"}, {""bbox"": [674, 5356, 3727, 5787], ""type"": ""handwritten"", ""text"": """"}, {""bbox"": [662, 5395, 3980, 6038], ""type"": ""handwritten"", ""text"": """"}, {""bbox"": [649, 5666, 4858, 6105], ""type"": ""handwritten"", ""text"": """"}, {""bbox"": [598, 5972, 4617, 6327], ""type"": ""handwritten"", ""text"": """"}, {""bbox"": [588, 6235, 4785, 6637], ""type"": ""handwritten"", ""text"": """"}, {""bbox"": [590, 6532, 4711, 7024], ""type"": ""handwritten"", ""text"": """"}, {""bbox"": [592, 6773, 4951, 7160], ""type"": ""handwritten"", ""text"": """"}]"
2a9a0fa6-30af-45d8-8fde-8eccfda9af19.jpg,"[{""bbox"": [998, 40, 1571, 176], ""type"": ""handwritten"", ""text"": """"}, {""bbox"": [344, 180, 2645, 333], ""type"": ""handwritten"", ""text"": """"}, {""bbox"": [119, 337, 1296, 479], ""type"": ""handwritten"", ""text"": """"}, {""bbox"": [321, 490, 2744, 671], ""type"": ""handwritten"", ""text"": """"}, {""bbox"": [90, 645, 2634, 854], ""type"": ""handwritten"", ""text"": """"}, {""bbox"": [100, 782, 2422, 988], ""type"": ""handwritten"", ""text"": """"}, {""bbox"": [104, 912, 2608, 1099], ""type"": ""handwritten"", ""text"": """"}, {""bbox"": [82, 1138, 2728, 1375], ""type"": ""handwritten"", ""text"": """"}, {""bbox"": [28, 1229, 2311, 1458], ""type"": ""handwritten"", ""text"": """"}, {""bbox"": [253, 1335, 2660, 1589], ""type"": ""handwritten"", ""text"": """"}, {""bbox"": [88, 1499, 2640, 1757], ""type"": ""handwritten"", ""text"": """"}, {""bbox"": [74, 1596, 2561, 1848], ""type"": ""handwritten"", ""text"": """"}, {""bbox"": [74, 1710, 959, 1847], ""type"": ""handwritten"", ""text"": """"}, {""bbox"": [248, 1788, 2720, 2072], ""type"": ""handwritten"", ""text"": """"}, {""bbox"": [53, 2064, 2607, 2294], ""type"": ""handwritten"", ""text"": """"}, {""bbox"": [49, 2161, 1272, 2292], ""type"": ""handwritten"", ""text"": """"}, {""bbox"": [227, 2241, 2540, 2520], ""type"": ""handwritten"", ""text"": """"}, {""bbox"": [35, 2372, 2458, 2608], ""type"": ""handwritten"", ""text"": """"}, {""bbox"": [105, 2489, 2721, 2783], ""type"": ""handwritten"", ""text"": """"}, {""bbox"": [129, 2582, 770, 2696], ""type"": ""handwritten"", ""text"": """"}, {""bbox"": [211, 2631, 2567, 2890], ""type"": ""handwritten"", ""text"": """"}, {""bbox"": [48, 2914, 2347, 3123], ""type"": ""handwritten"", ""text"": """"}]"
01e7254a-cda3-4e9f-82ae-f0db5e3ec0a3.jpg,"[{""bbox"": [168, 148, 2498, 341], ""type"": ""handwritten"", ""text"": """"}, {""bbox"": [178, 304, 2681, 515], ""type"": ""handwritten"", ""text"": """"}, {""bbox"": [183, 482, 2689, 676], ""type"": ""handwritten"", ""text"": """"}, {""bbox"": [166, 623, 1029, 761], ""type"": ""handwritten"", ""text"": """"}, {""bbox"": [22, 763, 2664, 940], ""type"": ""handwritten"", ""text"": """"}, {""bbox"": [171, 915, 2712, 1107], ""type"": ""handwritten"", ""text"": """"}, {""bbox"": [145, 1054, 2377, 1230], ""type"": ""handwritten"", ""text"": """"}, {""bbox"": [142, 1215, 2720, 1392], ""type"": ""handwritten"", ""text"": """"}, {""bbox"": [116, 1360, 2716, 1536], ""type"": ""handwritten"", ""text"": """"}, {""bbox"": [131, 1505, 928, 1656], ""type"": ""handwritten"", ""text"": """"}, {""bbox"": [246, 1641, 2726, 1827], ""type"": ""handwritten"", ""text"": """"}, {""bbox"": [112, 1807, 2562, 1973], ""type"": ""handwritten"", ""text"": """"}, {""bbox"": [101, 1952, 2526, 2114], ""type"": ""handwritten"", ""text"": """"}, {""bbox"": [122, 2100, 2586, 2283], ""type"": ""handwritten"", ""text"": """"}, {""bbox"": [134, 2261, 1915, 2441], ""type"": ""handwritten"", ""text"": """"}]"
e6523c4f-32ab-4b30-a2e9-3e73b3a33eb1.jpg,"[{""bbox"": [420, 8, 918, 95], ""type"": ""handwritten"", ""text"": """"}, {""bbox"": [139, 93, 1615, 193], ""type"": ""handwritten"", ""text"": """"}, {""bbox"": [58, 165, 1102, 242], ""type"": ""handwritten"", ""text"": """"}, {""bbox"": [115, 236, 1654, 319], ""type"": ""handwritten"", ""text"": """"}, {""bbox"": [57, 299, 1548, 377], ""type"": ""handwritten"", ""text"": """"}, {""bbox"": [54, 355, 1600, 444], ""type"": ""handwritten"", ""text"": """"}, {""bbox"": [53, 423, 1611, 506], ""type"": ""handwritten"", ""text"": """"}, {""bbox"": [52, 479, 1613, 562], ""type"": ""handwritten"", ""text"": """"}, {""bbox"": [53, 541, 1607, 625], ""type"": ""handwritten"", ""text"": """"}, {""bbox"": [53, 594, 1607, 688], ""type"": ""handwritten"", ""text"": """"}, {""bbox"": [68, 657, 1606, 765], ""type"": ""handwritten"", ""text"": """"}, {""bbox"": [59, 700, 387, 772], ""type"": ""handwritten"", ""text"": """"}, {""bbox"": [132, 758, 1627, 854], ""type"": ""handwritten"", ""text"": """"}, {""bbox"": [57, 843, 1626, 933], ""type"": ""handwritten"", ""text"": """"}, {""bbox"": [40, 894, 1576, 993], ""type"": ""handwritten"", ""text"": """"}, {""bbox"": [48, 948, 1543, 1079], ""type"": ""handwritten"", ""text"": """"}, {""bbox"": [66, 1004, 383, 1065], ""type"": ""handwritten"", ""text"": """"}, {""bbox"": [140, 1058, 1532, 1174], ""type"": ""handwritten"", ""text"": """"}, {""bbox"": [38, 1132, 1547, 1262], ""type"": ""handwritten"", ""text"": """"}, {""bbox"": [40, 1174, 1571, 1322], ""type"": ""handwritten"", ""text"": """"}, {""bbox"": [48, 1326, 1567, 1466], ""type"": ""handwritten"", ""text"": """"}, {""bbox"": [52, 1362, 242, 1422], ""type"": ""handwritten"", ""text"": """"}, {""bbox"": [137, 1399, 1603, 1535], ""type"": ""handwritten"", ""text"": """"}, {""bbox"": [48, 1550, 1639, 1687], ""type"": ""handwritten"", ""text"": """"}, {""bbox"": [37, 1606, 1651, 1750], ""type"": ""handwritten"", ""text"": """"}, {""bbox"": [89, 1622, 1653, 1835], ""type"": ""handwritten"", ""text"": """"}, {""bbox"": [44, 1665, 413, 1734], ""type"": ""handwritten"", ""text"": """"}, {""bbox"": [146, 1724, 1644, 1844], ""type"": ""handwritten"", ""text"": """"}, {""bbox"": [69, 1848, 1550, 1966], ""type"": ""handwritten"", ""text"": """"}, {""bbox"": [64, 1912, 1474, 2032], ""type"": ""handwritten"", ""text"": """"}]"
5c27cedd-96c8-460d-bb51-ec0343a510f6.jpg,"[{""bbox"": [446, 16, 858, 100], ""type"": ""handwritten"", ""text"": """"}, {""bbox"": [105, 90, 1501, 169], ""type"": ""handwritten"", ""text"": """"}, {""bbox"": [42, 169, 727, 249], ""type"": ""handwritten"", ""text"": """"}, {""bbox"": [116, 236, 1518, 312], ""type"": ""handwritten"", ""text"": """"}, {""bbox"": [45, 304, 1515, 385], ""type"": ""handwritten"", ""text"": """"}, {""bbox"": [39, 380, 1600, 457], ""type"": ""handwritten"", ""text"": """"}, {""bbox"": [42, 451, 1542, 519], ""type"": ""handwritten"", ""text"": """"}, {""bbox"": [70, 516, 1503, 593], ""type"": ""handwritten"", ""text"": """"}, {""bbox"": [73, 583, 1626, 660], ""type"": ""handwritten"", ""text"": """"}, {""bbox"": [73, 650, 1546, 725], ""type"": ""handwritten"", ""text"": """"}, {""bbox"": [69, 716, 1528, 794], ""type"": ""handwritten"", ""text"": """"}, {""bbox"": [66, 785, 1535, 873], ""type"": ""handwritten"", ""text"": """"}, {""bbox"": [63, 845, 1556, 925], ""type"": ""handwritten"", ""text"": """"}, {""bbox"": [57, 907, 1570, 982], ""type"": ""handwritten"", ""text"": """"}, {""bbox"": [58, 970, 640, 1027], ""type"": ""handwritten"", ""text"": """"}, {""bbox"": [155, 1024, 1580, 1110], ""type"": ""handwritten"", ""text"": """"}, {""bbox"": [45, 1098, 1580, 1177], ""type"": ""handwritten"", ""text"": """"}, {""bbox"": [55, 1165, 1602, 1240], ""type"": ""handwritten"", ""text"": """"}, {""bbox"": [65, 1230, 1535, 1302], ""type"": ""handwritten"", ""text"": """"}, {""bbox"": [74, 1282, 664, 1349], ""type"": ""handwritten"", ""text"": """"}, {""bbox"": [126, 1348, 1510, 1418], ""type"": ""handwritten"", ""text"": """"}, {""bbox"": [54, 1411, 1495, 1481], ""type"": ""handwritten"", ""text"": """"}, {""bbox"": [57, 1475, 1565, 1544], ""type"": ""handwritten"", ""text"": """"}, {""bbox"": [50, 1537, 1525, 1626], ""type"": ""handwritten"", ""text"": """"}, {""bbox"": [56, 1627, 171, 1700], ""type"": ""handwritten"", ""text"": """"}, {""bbox"": [109, 1687, 1521, 1763], ""type"": ""handwritten"", ""text"": """"}, {""bbox"": [54, 1753, 1449, 1835], ""type"": ""handwritten"", ""text"": """"}, {""bbox"": [62, 1816, 1559, 1905], ""type"": ""handwritten"", ""text"": """"}]"
1300b172-ae72-4b09-aa11-17200a26119a.jpg,"[{""bbox"": [466, 74, 1224, 215], ""type"": ""handwritten"", ""text"": """"}, {""bbox"": [368, 213, 1288, 360], ""type"": ""handwritten"", ""text"": """"}, {""bbox"": [183, 357, 1592, 503], ""type"": ""handwritten"", ""text"": """"}, {""bbox"": [69, 498, 1696, 626], ""type"": ""handwritten"", ""text"": """"}, {""bbox"": [65, 619, 1641, 752], ""type"": ""handwritten"", ""text"": """"}, {""bbox"": [69, 739, 1663, 865], ""type"": ""handwritten"", ""text"": """"}, {""bbox"": [69, 863, 1688, 1006], ""type"": ""handwritten"", ""text"": """"}, {""bbox"": [68, 998, 1373, 1130], ""type"": ""handwritten"", ""text"": """"}, {""bbox"": [72, 1119, 1562, 1251], ""type"": ""handwritten"", ""text"": """"}, {""bbox"": [83, 1240, 1572, 1379], ""type"": ""handwritten"", ""text"": """"}, {""bbox"": [76, 1368, 1618, 1498], ""type"": ""handwritten"", ""text"": """"}, {""bbox"": [89, 1492, 1322, 1628], ""type"": ""handwritten"", ""text"": """"}, {""bbox"": [70, 1618, 1591, 1760], ""type"": ""handwritten"", ""text"": """"}, {""bbox"": [50, 1745, 1633, 1883], ""type"": ""handwritten"", ""text"": """"}, {""bbox"": [58, 1864, 1465, 1991], ""type"": ""handwritten"", ""text"": """"}, {""bbox"": [53, 1982, 1601, 2118], ""type"": ""handwritten"", ""text"": """"}, {""bbox"": [51, 2106, 1568, 2246], ""type"": ""handwritten"", ""text"": """"}, {""bbox"": [65, 2222, 1467, 2359], ""type"": ""handwritten"", ""text"": """"}, {""bbox"": [57, 2340, 1435, 2471], ""type"": ""handwritten"", ""text"": """"}, {""bbox"": [56, 2454, 1555, 2616], ""type"": ""handwritten"", ""text"": """"}]"
4c6edec1-59be-405c-a28b-759a52e9788f.jpg,"[{""bbox"": [584, 318, 771, 373], ""type"": ""annotation"", ""text"": """"}, {""bbox"": [282, 411, 495, 457], ""type"": ""handwritten"", ""text"": """"}, {""bbox"": [271, 455, 622, 530], ""type"": ""handwritten"", ""text"": """"}, {""bbox"": [133, 520, 774, 577], ""type"": ""handwritten"", ""text"": """"}, {""bbox"": [67, 565, 820, 625], ""type"": ""handwritten"", ""text"": """"}, {""bbox"": [67, 622, 435, 665], ""type"": ""handwritten"", ""text"": """"}, {""bbox"": [129, 660, 759, 716], ""type"": ""handwritten"", ""text"": """"}, {""bbox"": [63, 711, 733, 758], ""type"": ""handwritten"", ""text"": """"}, {""bbox"": [67, 750, 816, 803], ""type"": ""handwritten"", ""text"": """"}, {""bbox"": [60, 795, 756, 846], ""type"": ""handwritten"", ""text"": """"}, {""bbox"": [65, 835, 786, 884], ""type"": ""handwritten"", ""text"": """"}, {""bbox"": [58, 877, 794, 921], ""type"": ""handwritten"", ""text"": """"}, {""bbox"": [61, 912, 809, 956], ""type"": ""handwritten"", ""text"": """"}, {""bbox"": [60, 951, 777, 991], ""type"": ""handwritten"", ""text"": """"}, {""bbox"": [61, 984, 846, 1029], ""type"": ""handwritten"", ""text"": """"}, {""bbox"": [56, 1022, 811, 1066], ""type"": ""handwritten"", ""text"": """"}, {""bbox"": [57, 1061, 752, 1105], ""type"": ""handwritten"", ""text"": """"}, {""bbox"": [56, 1098, 427, 1138], ""type"": ""handwritten"", ""text"": """"}, {""bbox"": [107, 1128, 821, 1172], ""type"": ""handwritten"", ""text"": """"}, {""bbox"": [43, 1167, 831, 1211], ""type"": ""handwritten"", ""text"": """"}, {""bbox"": [38, 1205, 840, 1252], ""type"": ""handwritten"", ""text"": """"}, {""bbox"": [41, 1247, 845, 1296], ""type"": ""handwritten"", ""text"": """"}, {""bbox"": [40, 1289, 850, 1338], ""type"": ""handwritten"", ""text"": """"}, {""bbox"": [40, 1320, 219, 1356], ""type"": ""handwritten"", ""text"": """"}, {""bbox"": [98, 1352, 751, 1402], ""type"": ""handwritten"", ""text"": """"}, {""bbox"": [31, 1393, 849, 1443], ""type"": ""handwritten"", ""text"": """"}, {""bbox"": [34, 1426, 851, 1484], ""type"": ""handwritten"", ""text"": """"}]"
3db56843-9ebc-4f59-b882-266e02182e6e.jpg,"[{""bbox"": [840, 194, 1748, 393], ""type"": ""handwritten"", ""text"": """"}, {""bbox"": [596, 456, 2349, 637], ""type"": ""handwritten"", ""text"": """"}, {""bbox"": [296, 632, 2396, 823], ""type"": ""handwritten"", ""text"": """"}, {""bbox"": [326, 811, 1158, 965], ""type"": ""handwritten"", ""text"": """"}, {""bbox"": [531, 951, 2398, 1151], ""type"": ""handwritten"", ""text"": """"}, {""bbox"": [279, 1142, 2262, 1341], ""type"": ""handwritten"", ""text"": """"}, {""bbox"": [286, 1319, 2388, 1522], ""type"": ""handwritten"", ""text"": """"}, {""bbox"": [277, 1503, 2442, 1699], ""type"": ""handwritten"", ""text"": """"}, {""bbox"": [251, 1687, 2395, 1878], ""type"": ""handwritten"", ""text"": """"}, {""bbox"": [246, 1877, 2421, 2046], ""type"": ""handwritten"", ""text"": """"}, {""bbox"": [232, 2041, 2387, 2239], ""type"": ""handwritten"", ""text"": """"}, {""bbox"": [219, 2231, 2348, 2410], ""type"": ""handwritten"", ""text"": """"}, {""bbox"": [227, 2395, 2292, 2612], ""type"": ""handwritten"", ""text"": """"}, {""bbox"": [198, 2595, 2255, 2810], ""type"": ""handwritten"", ""text"": """"}, {""bbox"": [171, 2791, 2288, 2992], ""type"": ""handwritten"", ""text"": """"}, {""bbox"": [163, 2964, 2287, 3191], ""type"": ""handwritten"", ""text"": """"}, {""bbox"": [427, 3180, 2456, 3386], ""type"": ""handwritten"", ""text"": """"}, {""bbox"": [167, 3371, 2196, 3596], ""type"": ""handwritten"", ""text"": """"}, {""bbox"": [148, 3576, 2253, 3820], ""type"": ""handwritten"", ""text"": """"}]"
c1ee7ed2-5e86-46d1-a69a-6d7f53c8cffb.jpg,"[{""bbox"": [362, 465, 2516, 648], ""type"": ""handwritten"", ""text"": """"}, {""bbox"": [1102, 614, 2039, 759], ""type"": ""handwritten"", ""text"": """"}, {""bbox"": [518, 751, 2709, 905], ""type"": ""handwritten"", ""text"": """"}, {""bbox"": [204, 885, 2516, 1067], ""type"": ""handwritten"", ""text"": """"}, {""bbox"": [200, 1038, 1165, 1192], ""type"": ""handwritten"", ""text"": """"}, {""bbox"": [461, 1160, 2762, 1319], ""type"": ""handwritten"", ""text"": """"}, {""bbox"": [196, 1302, 2740, 1466], ""type"": ""handwritten"", ""text"": """"}, {""bbox"": [190, 1450, 2716, 1611], ""type"": ""handwritten"", ""text"": """"}, {""bbox"": [191, 1590, 2730, 1761], ""type"": ""handwritten"", ""text"": """"}, {""bbox"": [185, 1740, 2776, 1912], ""type"": ""handwritten"", ""text"": """"}, {""bbox"": [194, 1887, 2516, 2048], ""type"": ""handwritten"", ""text"": """"}, {""bbox"": [174, 2035, 2733, 2195], ""type"": ""handwritten"", ""text"": """"}, {""bbox"": [181, 2166, 2776, 2338], ""type"": ""handwritten"", ""text"": """"}, {""bbox"": [177, 2312, 2780, 2487], ""type"": ""handwritten"", ""text"": """"}, {""bbox"": [174, 2467, 2790, 2645], ""type"": ""handwritten"", ""text"": """"}, {""bbox"": [155, 2614, 2789, 2789], ""type"": ""handwritten"", ""text"": """"}, {""bbox"": [442, 2764, 2795, 2937], ""type"": ""handwritten"", ""text"": """"}, {""bbox"": [159, 2914, 2781, 3090], ""type"": ""handwritten"", ""text"": """"}, {""bbox"": [170, 3062, 2769, 3242], ""type"": ""handwritten"", ""text"": """"}, {""bbox"": [171, 3215, 2755, 3397], ""type"": ""handwritten"", ""text"": """"}, {""bbox"": [155, 3358, 2625, 3575], ""type"": ""handwritten"", ""text"": """"}, {""bbox"": [144, 3514, 2502, 3748], ""type"": ""handwritten"", ""text"": """"}, {""bbox"": [405, 3661, 2673, 3928], ""type"": ""handwritten"", ""text"": """"}]"
0de7d55f-9c74-452d-b277-daac64fcead5.jpg,"[{""bbox"": [639, 58, 2200, 197], ""type"": ""handwritten"", ""text"": """"}, {""bbox"": [631, 195, 2452, 340], ""type"": ""handwritten"", ""text"": """"}, {""bbox"": [896, 330, 1879, 478], ""type"": ""handwritten"", ""text"": """"}, {""bbox"": [607, 459, 2620, 596], ""type"": ""handwritten"", ""text"": """"}, {""bbox"": [529, 587, 2418, 761], ""type"": ""handwritten"", ""text"": """"}, {""bbox"": [636, 731, 2477, 891], ""type"": ""handwritten"", ""text"": """"}, {""bbox"": [526, 865, 2547, 1039], ""type"": ""handwritten"", ""text"": """"}, {""bbox"": [534, 1012, 2620, 1183], ""type"": ""handwritten"", ""text"": """"}, {""bbox"": [529, 1163, 2559, 1327], ""type"": ""handwritten"", ""text"": """"}, {""bbox"": [526, 1319, 2390, 1458], ""type"": ""handwritten"", ""text"": """"}, {""bbox"": [457, 1442, 2426, 1619], ""type"": ""handwritten"", ""text"": """"}, {""bbox"": [531, 1604, 2417, 1753], ""type"": ""handwritten"", ""text"": """"}, {""bbox"": [535, 1734, 2348, 1912], ""type"": ""handwritten"", ""text"": """"}, {""bbox"": [536, 1900, 2586, 2062], ""type"": ""handwritten"", ""text"": """"}, {""bbox"": [526, 2048, 2632, 2206], ""type"": ""handwritten"", ""text"": """"}, {""bbox"": [506, 2189, 2645, 2367], ""type"": ""handwritten"", ""text"": """"}, {""bbox"": [516, 2352, 2660, 2537], ""type"": ""handwritten"", ""text"": """"}, {""bbox"": [505, 2522, 2675, 2683], ""type"": ""handwritten"", ""text"": """"}, {""bbox"": [484, 2681, 2547, 2889], ""type"": ""handwritten"", ""text"": """"}]"
1341c5bc-0e6e-4830-8634-a10e0228de71.jpg,"[{""bbox"": [865, 152, 1714, 308], ""type"": ""handwritten"", ""text"": """"}, {""bbox"": [707, 313, 2198, 436], ""type"": ""handwritten"", ""text"": """"}, {""bbox"": [535, 408, 2391, 539], ""type"": ""handwritten"", ""text"": """"}, {""bbox"": [533, 532, 1556, 631], ""type"": ""handwritten"", ""text"": """"}, {""bbox"": [693, 608, 2422, 740], ""type"": ""handwritten"", ""text"": """"}, {""bbox"": [545, 709, 2420, 839], ""type"": ""handwritten"", ""text"": """"}, {""bbox"": [553, 818, 2285, 952], ""type"": ""handwritten"", ""text"": """"}, {""bbox"": [538, 929, 2373, 1063], ""type"": ""handwritten"", ""text"": """"}, {""bbox"": [552, 1029, 2362, 1161], ""type"": ""handwritten"", ""text"": """"}, {""bbox"": [554, 1139, 2357, 1265], ""type"": ""handwritten"", ""text"": """"}, {""bbox"": [556, 1240, 2428, 1369], ""type"": ""handwritten"", ""text"": """"}, {""bbox"": [560, 1355, 2370, 1478], ""type"": ""handwritten"", ""text"": """"}, {""bbox"": [551, 1467, 2408, 1589], ""type"": ""handwritten"", ""text"": """"}, {""bbox"": [550, 1565, 2472, 1693], ""type"": ""handwritten"", ""text"": """"}, {""bbox"": [557, 1676, 2361, 1805], ""type"": ""handwritten"", ""text"": """"}, {""bbox"": [554, 1786, 2376, 1915], ""type"": ""handwritten"", ""text"": """"}, {""bbox"": [692, 1903, 2476, 2023], ""type"": ""handwritten"", ""text"": """"}, {""bbox"": [555, 2017, 2472, 2142], ""type"": ""handwritten"", ""text"": """"}, {""bbox"": [556, 2128, 2499, 2265], ""type"": ""handwritten"", ""text"": """"}, {""bbox"": [548, 2249, 2480, 2382], ""type"": ""handwritten"", ""text"": """"}, {""bbox"": [515, 2373, 2565, 2502], ""type"": ""handwritten"", ""text"": """"}, {""bbox"": [536, 2489, 2573, 2625], ""type"": ""handwritten"", ""text"": """"}, {""bbox"": [519, 2629, 1018, 2744], ""type"": ""handwritten"", ""text"": """"}, {""bbox"": [671, 2739, 2577, 2877], ""type"": ""handwritten"", ""text"": """"}, {""bbox"": [517, 2868, 2491, 3002], ""type"": ""handwritten"", ""text"": """"}, {""bbox"": [507, 2996, 2568, 3126], ""type"": ""handwritten"", ""text"": """"}, {""bbox"": [515, 3115, 2468, 3251], ""type"": ""handwritten"", ""text"": """"}, {""bbox"": [505, 3243, 2332, 3391], ""type"": ""handwritten"", ""text"": """"}]"
84226802-42a8-44da-adaf-4e13ed2e4e6f.jpg,"[{""bbox"": [970, 0, 2120, 189], ""type"": ""handwritten"", ""text"": """"}, {""bbox"": [424, 148, 2510, 356], ""type"": ""handwritten"", ""text"": """"}, {""bbox"": [154, 326, 2597, 517], ""type"": ""handwritten"", ""text"": """"}, {""bbox"": [201, 483, 1165, 659], ""type"": ""handwritten"", ""text"": """"}, {""bbox"": [374, 612, 2882, 820], ""type"": ""handwritten"", ""text"": """"}, {""bbox"": [183, 793, 2880, 1002], ""type"": ""handwritten"", ""text"": """"}, {""bbox"": [171, 1025, 2679, 1226], ""type"": ""handwritten"", ""text"": """"}, {""bbox"": [220, 1212, 2852, 1396], ""type"": ""handwritten"", ""text"": """"}, {""bbox"": [186, 1392, 2708, 1559], ""type"": ""handwritten"", ""text"": """"}, {""bbox"": [220, 1546, 2753, 1712], ""type"": ""handwritten"", ""text"": """"}, {""bbox"": [223, 1714, 2558, 1873], ""type"": ""handwritten"", ""text"": """"}, {""bbox"": [255, 1858, 2846, 2040], ""type"": ""handwritten"", ""text"": """"}, {""bbox"": [239, 2037, 2714, 2201], ""type"": ""handwritten"", ""text"": """"}, {""bbox"": [238, 2184, 2709, 2348], ""type"": ""handwritten"", ""text"": """"}, {""bbox"": [254, 2336, 2566, 2518], ""type"": ""handwritten"", ""text"": """"}, {""bbox"": [259, 2506, 2392, 2662], ""type"": ""handwritten"", ""text"": """"}, {""bbox"": [258, 2651, 2624, 2807], ""type"": ""handwritten"", ""text"": """"}, {""bbox"": [226, 2802, 1775, 2967], ""type"": ""handwritten"", ""text"": """"}, {""bbox"": [407, 2943, 2451, 3135], ""type"": ""handwritten"", ""text"": """"}, {""bbox"": [193, 3109, 2770, 3289], ""type"": ""handwritten"", ""text"": """"}, {""bbox"": [274, 3263, 2606, 3444], ""type"": ""handwritten"", ""text"": """"}, {""bbox"": [267, 3423, 2634, 3580], ""type"": ""handwritten"", ""text"": """"}, {""bbox"": [270, 3565, 2736, 3721], ""type"": ""handwritten"", ""text"": """"}]"
2c52754e-ce26-415c-8878-de4bca776ed7.jpg,"[{""bbox"": [401, 91, 769, 166], ""type"": ""handwritten"", ""text"": """"}, {""bbox"": [239, 194, 940, 256], ""type"": ""handwritten"", ""text"": """"}, {""bbox"": [137, 262, 844, 327], ""type"": ""handwritten"", ""text"": """"}, {""bbox"": [135, 330, 856, 392], ""type"": ""handwritten"", ""text"": """"}, {""bbox"": [244, 391, 913, 452], ""type"": ""handwritten"", ""text"": """"}, {""bbox"": [154, 458, 929, 522], ""type"": ""handwritten"", ""text"": """"}, {""bbox"": [154, 521, 927, 593], ""type"": ""handwritten"", ""text"": """"}, {""bbox"": [162, 591, 938, 658], ""type"": ""handwritten"", ""text"": """"}, {""bbox"": [162, 657, 919, 719], ""type"": ""handwritten"", ""text"": """"}, {""bbox"": [167, 725, 955, 794], ""type"": ""handwritten"", ""text"": """"}, {""bbox"": [174, 798, 859, 867], ""type"": ""handwritten"", ""text"": """"}, {""bbox"": [166, 861, 877, 936], ""type"": ""handwritten"", ""text"": """"}, {""bbox"": [171, 934, 962, 1019], ""type"": ""handwritten"", ""text"": """"}, {""bbox"": [171, 1010, 836, 1082], ""type"": ""handwritten"", ""text"": """"}, {""bbox"": [165, 1073, 957, 1151], ""type"": ""handwritten"", ""text"": """"}, {""bbox"": [175, 1146, 909, 1230], ""type"": ""handwritten"", ""text"": """"}, {""bbox"": [163, 1214, 961, 1308], ""type"": ""handwritten"", ""text"": """"}, {""bbox"": [157, 1291, 950, 1367], ""type"": ""handwritten"", ""text"": """"}, {""bbox"": [480, 1369, 666, 1447], ""type"": ""annotation"", ""text"": """"}, {""bbox"": [480, 1369, 666, 1447], ""type"": ""handwritten"", ""text"": """"}]"
78b70718-bf5a-4461-b675-3df99398db95.jpg,"[{""bbox"": [317, 52, 2644, 245], ""type"": ""handwritten"", ""text"": """"}, {""bbox"": [301, 212, 855, 340], ""type"": ""handwritten"", ""text"": """"}, {""bbox"": [487, 361, 2544, 525], ""type"": ""handwritten"", ""text"": """"}, {""bbox"": [335, 512, 2583, 664], ""type"": ""handwritten"", ""text"": """"}, {""bbox"": [333, 650, 2679, 797], ""type"": ""handwritten"", ""text"": """"}, {""bbox"": [335, 793, 2491, 932], ""type"": ""handwritten"", ""text"": """"}, {""bbox"": [370, 923, 2661, 1065], ""type"": ""handwritten"", ""text"": """"}, {""bbox"": [333, 1067, 2681, 1211], ""type"": ""handwritten"", ""text"": """"}, {""bbox"": [339, 1203, 1455, 1340], ""type"": ""handwritten"", ""text"": """"}, {""bbox"": [464, 1337, 2614, 1478], ""type"": ""handwritten"", ""text"": """"}, {""bbox"": [330, 1464, 2466, 1610], ""type"": ""handwritten"", ""text"": """"}, {""bbox"": [337, 1605, 2456, 1740], ""type"": ""handwritten"", ""text"": """"}, {""bbox"": [345, 1741, 2698, 1886], ""type"": ""handwritten"", ""text"": """"}, {""bbox"": [331, 1875, 2674, 2031], ""type"": ""handwritten"", ""text"": """"}, {""bbox"": [329, 2012, 2250, 2163], ""type"": ""handwritten"", ""text"": """"}, {""bbox"": [662, 2152, 2641, 2297], ""type"": ""handwritten"", ""text"": """"}, {""bbox"": [337, 2283, 2492, 2426], ""type"": ""handwritten"", ""text"": """"}, {""bbox"": [329, 2417, 2681, 2574], ""type"": ""handwritten"", ""text"": """"}, {""bbox"": [332, 2559, 2478, 2718], ""type"": ""handwritten"", ""text"": """"}, {""bbox"": [355, 2700, 2740, 2863], ""type"": ""handwritten"", ""text"": """"}]"
3908ae7d-5692-4c49-aa2a-5741baf6de47.jpg,"[{""bbox"": [714, 722, 2312, 845], ""type"": ""handwritten"", ""text"": """"}, {""bbox"": [705, 832, 2349, 946], ""type"": ""handwritten"", ""text"": """"}, {""bbox"": [719, 937, 1771, 1043], ""type"": ""handwritten"", ""text"": """"}, {""bbox"": [875, 1026, 2419, 1155], ""type"": ""handwritten"", ""text"": """"}, {""bbox"": [694, 1135, 2420, 1252], ""type"": ""handwritten"", ""text"": """"}, {""bbox"": [698, 1230, 2294, 1345], ""type"": ""handwritten"", ""text"": """"}, {""bbox"": [695, 1328, 2318, 1452], ""type"": ""handwritten"", ""text"": """"}, {""bbox"": [691, 1426, 2322, 1550], ""type"": ""handwritten"", ""text"": """"}, {""bbox"": [691, 1523, 2301, 1650], ""type"": ""handwritten"", ""text"": """"}, {""bbox"": [689, 1623, 2434, 1752], ""type"": ""handwritten"", ""text"": """"}, {""bbox"": [694, 1724, 1620, 1839], ""type"": ""handwritten"", ""text"": """"}, {""bbox"": [979, 1819, 2377, 1964], ""type"": ""handwritten"", ""text"": """"}, {""bbox"": [675, 1919, 2413, 2064], ""type"": ""handwritten"", ""text"": """"}, {""bbox"": [676, 2012, 2341, 2169], ""type"": ""handwritten"", ""text"": """"}, {""bbox"": [681, 2102, 2393, 2261], ""type"": ""handwritten"", ""text"": """"}, {""bbox"": [671, 2217, 2409, 2454], ""type"": ""handwritten"", ""text"": """"}, {""bbox"": [663, 2310, 2414, 2491], ""type"": ""handwritten"", ""text"": """"}, {""bbox"": [650, 2407, 1418, 2536], ""type"": ""handwritten"", ""text"": """"}, {""bbox"": [987, 2504, 2258, 2669], ""type"": ""handwritten"", ""text"": """"}, {""bbox"": [717, 2627, 2382, 2798], ""type"": ""handwritten"", ""text"": """"}, {""bbox"": [665, 2712, 2221, 2901], ""type"": ""handwritten"", ""text"": """"}, {""bbox"": [658, 2814, 2316, 2992], ""type"": ""handwritten"", ""text"": """"}, {""bbox"": [652, 2910, 2141, 3078], ""type"": ""handwritten"", ""text"": """"}]"
0e7d83b5-ed95-4dc9-889d-a5f44dea0fcf.jpg,"[{""bbox"": [585, 672, 2763, 795], ""type"": ""handwritten"", ""text"": """"}, {""bbox"": [578, 791, 2619, 920], ""type"": ""handwritten"", ""text"": """"}, {""bbox"": [580, 918, 2632, 1034], ""type"": ""handwritten"", ""text"": """"}, {""bbox"": [568, 1041, 2610, 1170], ""type"": ""handwritten"", ""text"": """"}, {""bbox"": [565, 1177, 2743, 1293], ""type"": ""handwritten"", ""text"": """"}, {""bbox"": [566, 1317, 1509, 1415], ""type"": ""handwritten"", ""text"": """"}, {""bbox"": [655, 1432, 2765, 1551], ""type"": ""handwritten"", ""text"": """"}, {""bbox"": [552, 1561, 2753, 1682], ""type"": ""handwritten"", ""text"": """"}, {""bbox"": [564, 1695, 2632, 1813], ""type"": ""handwritten"", ""text"": """"}, {""bbox"": [563, 1825, 2526, 1947], ""type"": ""handwritten"", ""text"": """"}, {""bbox"": [553, 1949, 2740, 2081], ""type"": ""handwritten"", ""text"": """"}, {""bbox"": [550, 2083, 2618, 2211], ""type"": ""handwritten"", ""text"": """"}, {""bbox"": [561, 2230, 859, 2338], ""type"": ""handwritten"", ""text"": """"}, {""bbox"": [627, 2354, 2580, 2477], ""type"": ""handwritten"", ""text"": """"}, {""bbox"": [550, 2480, 2817, 2611], ""type"": ""handwritten"", ""text"": """"}, {""bbox"": [542, 2615, 2801, 2750], ""type"": ""handwritten"", ""text"": """"}, {""bbox"": [514, 2759, 2750, 2896], ""type"": ""handwritten"", ""text"": """"}, {""bbox"": [526, 2894, 2647, 3027], ""type"": ""handwritten"", ""text"": """"}, {""bbox"": [539, 3058, 959, 3158], ""type"": ""handwritten"", ""text"": """"}]"
5676d55d-25d9-465d-ade7-a13809091d7c.jpg,"[{""bbox"": [136, 141, 1650, 260], ""type"": ""handwritten"", ""text"": """"}, {""bbox"": [134, 253, 1222, 371], ""type"": ""handwritten"", ""text"": """"}, {""bbox"": [204, 364, 1395, 492], ""type"": ""handwritten"", ""text"": """"}, {""bbox"": [142, 487, 1527, 604], ""type"": ""handwritten"", ""text"": """"}, {""bbox"": [160, 598, 1577, 719], ""type"": ""handwritten"", ""text"": """"}, {""bbox"": [161, 712, 1548, 823], ""type"": ""handwritten"", ""text"": """"}, {""bbox"": [160, 820, 1448, 929], ""type"": ""handwritten"", ""text"": """"}, {""bbox"": [170, 921, 1523, 1032], ""type"": ""handwritten"", ""text"": """"}, {""bbox"": [176, 1032, 1737, 1138], ""type"": ""handwritten"", ""text"": """"}, {""bbox"": [159, 1135, 1501, 1244], ""type"": ""handwritten"", ""text"": """"}, {""bbox"": [230, 1230, 1795, 1346], ""type"": ""handwritten"", ""text"": """"}, {""bbox"": [147, 1335, 1655, 1445], ""type"": ""handwritten"", ""text"": """"}, {""bbox"": [167, 1441, 1475, 1555], ""type"": ""handwritten"", ""text"": """"}, {""bbox"": [164, 1553, 1751, 1654], ""type"": ""handwritten"", ""text"": """"}, {""bbox"": [0, 1617, 84, 1698], ""type"": ""handwritten"", ""text"": """"}, {""bbox"": [163, 1643, 1629, 1757], ""type"": ""handwritten"", ""text"": """"}, {""bbox"": [168, 1747, 1759, 1857], ""type"": ""handwritten"", ""text"": """"}, {""bbox"": [300, 1846, 1720, 1958], ""type"": ""handwritten"", ""text"": """"}, {""bbox"": [181, 1953, 1689, 2061], ""type"": ""handwritten"", ""text"": """"}, {""bbox"": [0, 1990, 96, 2082], ""type"": ""handwritten"", ""text"": """"}, {""bbox"": [187, 2051, 1702, 2159], ""type"": ""handwritten"", ""text"": """"}, {""bbox"": [192, 2142, 1544, 2246], ""type"": ""handwritten"", ""text"": """"}]"
36784a07-53cb-4e89-81e3-9263dc488243.jpg,"[{""bbox"": [511, 56, 1086, 158], ""type"": ""handwritten"", ""text"": """"}, {""bbox"": [379, 180, 1722, 275], ""type"": ""handwritten"", ""text"": """"}, {""bbox"": [209, 270, 1771, 369], ""type"": ""handwritten"", ""text"": """"}, {""bbox"": [203, 372, 443, 455], ""type"": ""handwritten"", ""text"": """"}, {""bbox"": [382, 434, 1723, 524], ""type"": ""handwritten"", ""text"": """"}, {""bbox"": [198, 523, 1649, 614], ""type"": ""handwritten"", ""text"": """"}, {""bbox"": [192, 607, 1709, 698], ""type"": ""handwritten"", ""text"": """"}, {""bbox"": [190, 688, 1633, 783], ""type"": ""handwritten"", ""text"": """"}, {""bbox"": [185, 781, 1716, 867], ""type"": ""handwritten"", ""text"": """"}, {""bbox"": [190, 861, 1768, 947], ""type"": ""handwritten"", ""text"": """"}, {""bbox"": [190, 943, 1723, 1033], ""type"": ""handwritten"", ""text"": """"}, {""bbox"": [204, 1026, 1627, 1110], ""type"": ""handwritten"", ""text"": """"}, {""bbox"": [204, 1105, 1712, 1200], ""type"": ""handwritten"", ""text"": """"}, {""bbox"": [203, 1194, 1284, 1283], ""type"": ""handwritten"", ""text"": """"}, {""bbox"": [365, 1273, 1716, 1362], ""type"": ""handwritten"", ""text"": """"}, {""bbox"": [189, 1360, 1694, 1449], ""type"": ""handwritten"", ""text"": """"}, {""bbox"": [187, 1442, 1542, 1533], ""type"": ""handwritten"", ""text"": """"}, {""bbox"": [182, 1524, 1633, 1616], ""type"": ""handwritten"", ""text"": """"}, {""bbox"": [180, 1612, 1691, 1700], ""type"": ""handwritten"", ""text"": """"}, {""bbox"": [180, 1704, 579, 1788], ""type"": ""handwritten"", ""text"": """"}, {""bbox"": [349, 1783, 1684, 1867], ""type"": ""handwritten"", ""text"": """"}, {""bbox"": [153, 1869, 1655, 1959], ""type"": ""handwritten"", ""text"": """"}, {""bbox"": [165, 1950, 1664, 2038], ""type"": ""handwritten"", ""text"": """"}, {""bbox"": [161, 2029, 1711, 2120], ""type"": ""handwritten"", ""text"": """"}, {""bbox"": [154, 2124, 1758, 2218], ""type"": ""handwritten"", ""text"": """"}, {""bbox"": [150, 2220, 680, 2298], ""type"": ""handwritten"", ""text"": """"}]"
069c4bf2-1f06-4d67-becf-9bbbd255b347.jpg,"[{""bbox"": [630, 86, 1349, 247], ""type"": ""handwritten"", ""text"": """"}, {""bbox"": [188, 284, 2359, 438], ""type"": ""handwritten"", ""text"": """"}, {""bbox"": [27, 417, 1762, 586], ""type"": ""handwritten"", ""text"": """"}, {""bbox"": [186, 572, 2459, 752], ""type"": ""handwritten"", ""text"": """"}, {""bbox"": [50, 703, 2452, 882], ""type"": ""handwritten"", ""text"": """"}, {""bbox"": [20, 819, 2454, 1008], ""type"": ""handwritten"", ""text"": """"}, {""bbox"": [22, 940, 2453, 1124], ""type"": ""handwritten"", ""text"": """"}, {""bbox"": [19, 1068, 2385, 1277], ""type"": ""handwritten"", ""text"": """"}, {""bbox"": [22, 1185, 2306, 1372], ""type"": ""handwritten"", ""text"": """"}, {""bbox"": [28, 1314, 2316, 1550], ""type"": ""handwritten"", ""text"": """"}, {""bbox"": [26, 1423, 2241, 1637], ""type"": ""handwritten"", ""text"": """"}, {""bbox"": [29, 1634, 2411, 1929], ""type"": ""handwritten"", ""text"": """"}, {""bbox"": [29, 1943, 2343, 2159], ""type"": ""handwritten"", ""text"": """"}, {""bbox"": [38, 2068, 1155, 2213], ""type"": ""handwritten"", ""text"": """"}, {""bbox"": [235, 2184, 2441, 2430], ""type"": ""handwritten"", ""text"": """"}, {""bbox"": [25, 2308, 2449, 2512], ""type"": ""handwritten"", ""text"": """"}, {""bbox"": [45, 2390, 2456, 2616], ""type"": ""handwritten"", ""text"": """"}, {""bbox"": [25, 2554, 2449, 2758], ""type"": ""handwritten"", ""text"": """"}, {""bbox"": [26, 2689, 1172, 2802], ""type"": ""handwritten"", ""text"": """"}, {""bbox"": [186, 2797, 2453, 2959], ""type"": ""handwritten"", ""text"": """"}, {""bbox"": [38, 2902, 2381, 3104], ""type"": ""handwritten"", ""text"": """"}, {""bbox"": [27, 3003, 2373, 3209], ""type"": ""handwritten"", ""text"": """"}, {""bbox"": [26, 3109, 2421, 3295], ""type"": ""handwritten"", ""text"": """"}]"
00af1ec3-5315-4782-bc61-bf498617e5a2.jpg,"[{""bbox"": [412, 12, 1107, 115], ""type"": ""handwritten"", ""text"": """"}, {""bbox"": [320, 101, 892, 224], ""type"": ""handwritten"", ""text"": """"}, {""bbox"": [132, 219, 1609, 328], ""type"": ""handwritten"", ""text"": """"}, {""bbox"": [47, 318, 1511, 442], ""type"": ""handwritten"", ""text"": """"}, {""bbox"": [56, 425, 424, 538], ""type"": ""handwritten"", ""text"": """"}, {""bbox"": [121, 531, 1609, 642], ""type"": ""handwritten"", ""text"": """"}, {""bbox"": [52, 639, 1565, 746], ""type"": ""handwritten"", ""text"": """"}, {""bbox"": [65, 739, 1588, 863], ""type"": ""handwritten"", ""text"": """"}, {""bbox"": [62, 856, 1525, 973], ""type"": ""handwritten"", ""text"": """"}, {""bbox"": [61, 963, 1619, 1079], ""type"": ""handwritten"", ""text"": """"}, {""bbox"": [55, 1068, 1425, 1182], ""type"": ""handwritten"", ""text"": """"}, {""bbox"": [61, 1182, 1611, 1298], ""type"": ""handwritten"", ""text"": """"}, {""bbox"": [62, 1285, 1596, 1408], ""type"": ""handwritten"", ""text"": """"}, {""bbox"": [61, 1400, 1607, 1519], ""type"": ""handwritten"", ""text"": """"}, {""bbox"": [64, 1510, 1468, 1629], ""type"": ""handwritten"", ""text"": """"}, {""bbox"": [60, 1620, 1591, 1747], ""type"": ""handwritten"", ""text"": """"}, {""bbox"": [62, 1728, 237, 1828], ""type"": ""handwritten"", ""text"": """"}, {""bbox"": [114, 1834, 1536, 1962], ""type"": ""handwritten"", ""text"": """"}, {""bbox"": [46, 1952, 1533, 2077], ""type"": ""handwritten"", ""text"": """"}, {""bbox"": [52, 2069, 1624, 2201], ""type"": ""handwritten"", ""text"": """"}]"
1f9d8b95-820b-4309-9307-8e8071c372aa.jpg,"[{""bbox"": [1031, 340, 1809, 505], ""type"": ""handwritten"", ""text"": """"}, {""bbox"": [372, 488, 2353, 645], ""type"": ""handwritten"", ""text"": """"}, {""bbox"": [223, 630, 2091, 777], ""type"": ""handwritten"", ""text"": """"}, {""bbox"": [215, 763, 1998, 940], ""type"": ""handwritten"", ""text"": """"}, {""bbox"": [396, 898, 2455, 1055], ""type"": ""handwritten"", ""text"": """"}, {""bbox"": [212, 1039, 2288, 1202], ""type"": ""handwritten"", ""text"": """"}, {""bbox"": [225, 1180, 2412, 1350], ""type"": ""handwritten"", ""text"": """"}, {""bbox"": [226, 1327, 2497, 1493], ""type"": ""handwritten"", ""text"": """"}, {""bbox"": [221, 1478, 2426, 1625], ""type"": ""handwritten"", ""text"": """"}, {""bbox"": [209, 1606, 2380, 1771], ""type"": ""handwritten"", ""text"": """"}, {""bbox"": [225, 1763, 2587, 1911], ""type"": ""handwritten"", ""text"": """"}, {""bbox"": [224, 1891, 2706, 2055], ""type"": ""handwritten"", ""text"": """"}, {""bbox"": [211, 2033, 2753, 2190], ""type"": ""handwritten"", ""text"": """"}, {""bbox"": [201, 2170, 2371, 2333], ""type"": ""handwritten"", ""text"": """"}, {""bbox"": [199, 2317, 2544, 2475], ""type"": ""handwritten"", ""text"": """"}, {""bbox"": [202, 2457, 2611, 2612], ""type"": ""handwritten"", ""text"": """"}, {""bbox"": [205, 2602, 2491, 2758], ""type"": ""handwritten"", ""text"": """"}, {""bbox"": [202, 2738, 1831, 2888], ""type"": ""handwritten"", ""text"": """"}, {""bbox"": [346, 2866, 2761, 3018], ""type"": ""handwritten"", ""text"": """"}, {""bbox"": [192, 3010, 2146, 3160], ""type"": ""handwritten"", ""text"": """"}, {""bbox"": [211, 3147, 2750, 3304], ""type"": ""handwritten"", ""text"": """"}, {""bbox"": [199, 3289, 2619, 3454], ""type"": ""handwritten"", ""text"": """"}, {""bbox"": [181, 3434, 2413, 3614], ""type"": ""handwritten"", ""text"": """"}]"
2d7ee75e-a401-46bc-b4e8-c536c7ecfd9b.jpg,"[{""bbox"": [220, 8, 1471, 106], ""type"": ""handwritten"", ""text"": """"}, {""bbox"": [530, 93, 1021, 160], ""type"": ""handwritten"", ""text"": """"}, {""bbox"": [340, 152, 1130, 256], ""type"": ""handwritten"", ""text"": """"}, {""bbox"": [227, 248, 2133, 344], ""type"": ""handwritten"", ""text"": """"}, {""bbox"": [151, 334, 2191, 420], ""type"": ""handwritten"", ""text"": """"}, {""bbox"": [198, 410, 2176, 497], ""type"": ""handwritten"", ""text"": """"}, {""bbox"": [129, 482, 2194, 567], ""type"": ""handwritten"", ""text"": """"}, {""bbox"": [119, 553, 2185, 639], ""type"": ""handwritten"", ""text"": """"}, {""bbox"": [124, 624, 2203, 723], ""type"": ""handwritten"", ""text"": """"}, {""bbox"": [125, 711, 2168, 802], ""type"": ""handwritten"", ""text"": """"}, {""bbox"": [127, 789, 2195, 881], ""type"": ""handwritten"", ""text"": """"}, {""bbox"": [121, 870, 2206, 958], ""type"": ""handwritten"", ""text"": """"}, {""bbox"": [112, 948, 2197, 1021], ""type"": ""handwritten"", ""text"": """"}, {""bbox"": [105, 1012, 2172, 1089], ""type"": ""handwritten"", ""text"": """"}, {""bbox"": [102, 1080, 2188, 1163], ""type"": ""handwritten"", ""text"": """"}, {""bbox"": [893, 1147, 2079, 1222], ""type"": ""handwritten"", ""text"": """"}, {""bbox"": [134, 1216, 2192, 1293], ""type"": ""handwritten"", ""text"": """"}, {""bbox"": [102, 1282, 2199, 1374], ""type"": ""handwritten"", ""text"": """"}, {""bbox"": [101, 1360, 2212, 1460], ""type"": ""handwritten"", ""text"": """"}, {""bbox"": [100, 1442, 2140, 1538], ""type"": ""handwritten"", ""text"": """"}, {""bbox"": [100, 1536, 526, 1613], ""type"": ""handwritten"", ""text"": """"}, {""bbox"": [191, 1573, 2210, 1686], ""type"": ""handwritten"", ""text"": """"}, {""bbox"": [94, 1670, 2174, 1763], ""type"": ""handwritten"", ""text"": """"}, {""bbox"": [93, 1742, 2224, 1832], ""type"": ""handwritten"", ""text"": """"}, {""bbox"": [93, 1816, 2220, 1907], ""type"": ""handwritten"", ""text"": """"}, {""bbox"": [89, 1893, 2223, 1984], ""type"": ""handwritten"", ""text"": """"}, {""bbox"": [86, 1971, 1993, 2060], ""type"": ""handwritten"", ""text"": """"}, {""bbox"": [168, 2045, 2229, 2139], ""type"": ""handwritten"", ""text"": """"}, {""bbox"": [90, 2127, 2108, 2217], ""type"": ""handwritten"", ""text"": """"}, {""bbox"": [88, 2202, 2223, 2292], ""type"": ""handwritten"", ""text"": """"}, {""bbox"": [82, 2276, 2218, 2363], ""type"": ""handwritten"", ""text"": """"}, {""bbox"": [79, 2353, 2216, 2443], ""type"": ""handwritten"", ""text"": """"}, {""bbox"": [78, 2440, 364, 2521], ""type"": ""handwritten"", ""text"": """"}, {""bbox"": [157, 2506, 2155, 2610], ""type"": ""handwritten"", ""text"": """"}, {""bbox"": [65, 2596, 2171, 2697], ""type"": ""handwritten"", ""text"": """"}, {""bbox"": [64, 2685, 2163, 2786], ""type"": ""handwritten"", ""text"": """"}, {""bbox"": [78, 2774, 2229, 2876], ""type"": ""handwritten"", ""text"": """"}, {""bbox"": [76, 2861, 2248, 2969], ""type"": ""handwritten"", ""text"": """"}, {""bbox"": [89, 2964, 371, 3070], ""type"": ""handwritten"", ""text"": """"}]"
e143dcbe-86e2-4e00-9049-3ee922c4de02.jpg,"[{""bbox"": [946, 581, 2161, 711], ""type"": ""handwritten"", ""text"": """"}, {""bbox"": [634, 699, 2495, 846], ""type"": ""handwritten"", ""text"": """"}, {""bbox"": [1030, 849, 1876, 990], ""type"": ""handwritten"", ""text"": """"}, {""bbox"": [480, 977, 2407, 1140], ""type"": ""handwritten"", ""text"": """"}, {""bbox"": [392, 1120, 2484, 1264], ""type"": ""handwritten"", ""text"": """"}, {""bbox"": [391, 1257, 2514, 1417], ""type"": ""handwritten"", ""text"": """"}, {""bbox"": [385, 1398, 2442, 1547], ""type"": ""handwritten"", ""text"": """"}, {""bbox"": [364, 1548, 2486, 1715], ""type"": ""handwritten"", ""text"": """"}, {""bbox"": [368, 1697, 2514, 1845], ""type"": ""handwritten"", ""text"": """"}, {""bbox"": [322, 1871, 2497, 2008], ""type"": ""handwritten"", ""text"": """"}, {""bbox"": [330, 2012, 2415, 2160], ""type"": ""handwritten"", ""text"": """"}, {""bbox"": [317, 2172, 2509, 2311], ""type"": ""handwritten"", ""text"": """"}, {""bbox"": [309, 2338, 2590, 2498], ""type"": ""handwritten"", ""text"": """"}, {""bbox"": [289, 2498, 2630, 2661], ""type"": ""handwritten"", ""text"": """"}, {""bbox"": [255, 2692, 2737, 2863], ""type"": ""handwritten"", ""text"": """"}, {""bbox"": [242, 2859, 2566, 3025], ""type"": ""handwritten"", ""text"": """"}, {""bbox"": [226, 3029, 2691, 3227], ""type"": ""handwritten"", ""text"": """"}, {""bbox"": [205, 3216, 2688, 3433], ""type"": ""handwritten"", ""text"": """"}, {""bbox"": [190, 3408, 2381, 3618], ""type"": ""handwritten"", ""text"": """"}]"
2c4689f3-1195-4adc-bf62-8ec3a1b7b339.jpg,"[{""bbox"": [749, 27, 1392, 201], ""type"": ""handwritten"", ""text"": """"}, {""bbox"": [316, 431, 1907, 594], ""type"": ""handwritten"", ""text"": """"}, {""bbox"": [124, 545, 1674, 682], ""type"": ""handwritten"", ""text"": """"}, {""bbox"": [110, 648, 1631, 776], ""type"": ""handwritten"", ""text"": """"}, {""bbox"": [302, 746, 1853, 869], ""type"": ""handwritten"", ""text"": """"}, {""bbox"": [92, 834, 1858, 964], ""type"": ""handwritten"", ""text"": """"}, {""bbox"": [229, 935, 1677, 1074], ""type"": ""handwritten"", ""text"": """"}, {""bbox"": [207, 1032, 1629, 1166], ""type"": ""handwritten"", ""text"": """"}, {""bbox"": [89, 1133, 1499, 1262], ""type"": ""handwritten"", ""text"": """"}, {""bbox"": [78, 1236, 1680, 1362], ""type"": ""handwritten"", ""text"": """"}, {""bbox"": [95, 1332, 1818, 1467], ""type"": ""handwritten"", ""text"": """"}, {""bbox"": [51, 1433, 1793, 1565], ""type"": ""handwritten"", ""text"": """"}, {""bbox"": [42, 1541, 1840, 1676], ""type"": ""handwritten"", ""text"": """"}, {""bbox"": [52, 1652, 1775, 1771], ""type"": ""handwritten"", ""text"": """"}, {""bbox"": [28, 1744, 1827, 1877], ""type"": ""handwritten"", ""text"": """"}, {""bbox"": [15, 1848, 1833, 1982], ""type"": ""handwritten"", ""text"": """"}, {""bbox"": [39, 1958, 1754, 2083], ""type"": ""handwritten"", ""text"": """"}, {""bbox"": [38, 2065, 1742, 2188], ""type"": ""handwritten"", ""text"": """"}, {""bbox"": [32, 2174, 1843, 2296], ""type"": ""handwritten"", ""text"": """"}, {""bbox"": [25, 2270, 705, 2396], ""type"": ""handwritten"", ""text"": """"}]"
422a4acd-4d89-4123-a7c4-1b2919ad2e2f.jpg,"[{""bbox"": [302, 87, 499, 127], ""type"": ""handwritten"", ""text"": """"}, {""bbox"": [131, 134, 657, 168], ""type"": ""handwritten"", ""text"": """"}, {""bbox"": [90, 164, 682, 195], ""type"": ""handwritten"", ""text"": """"}, {""bbox"": [97, 191, 620, 224], ""type"": ""handwritten"", ""text"": """"}, {""bbox"": [101, 216, 687, 251], ""type"": ""handwritten"", ""text"": """"}, {""bbox"": [98, 245, 672, 278], ""type"": ""handwritten"", ""text"": """"}, {""bbox"": [98, 273, 599, 307], ""type"": ""handwritten"", ""text"": """"}, {""bbox"": [99, 302, 672, 332], ""type"": ""handwritten"", ""text"": """"}, {""bbox"": [101, 328, 711, 359], ""type"": ""handwritten"", ""text"": """"}, {""bbox"": [100, 355, 654, 385], ""type"": ""handwritten"", ""text"": """"}, {""bbox"": [102, 382, 689, 413], ""type"": ""handwritten"", ""text"": """"}, {""bbox"": [98, 412, 643, 444], ""type"": ""handwritten"", ""text"": """"}, {""bbox"": [97, 440, 453, 473], ""type"": ""handwritten"", ""text"": """"}, {""bbox"": [138, 469, 637, 503], ""type"": ""handwritten"", ""text"": """"}, {""bbox"": [96, 500, 647, 533], ""type"": ""handwritten"", ""text"": """"}, {""bbox"": [103, 530, 660, 563], ""type"": ""handwritten"", ""text"": """"}, {""bbox"": [100, 561, 648, 594], ""type"": ""handwritten"", ""text"": """"}, {""bbox"": [110, 590, 713, 624], ""type"": ""handwritten"", ""text"": """"}, {""bbox"": [100, 617, 268, 646], ""type"": ""handwritten"", ""text"": """"}, {""bbox"": [139, 645, 687, 679], ""type"": ""handwritten"", ""text"": """"}, {""bbox"": [90, 675, 642, 707], ""type"": ""handwritten"", ""text"": """"}, {""bbox"": [93, 704, 656, 734], ""type"": ""handwritten"", ""text"": """"}, {""bbox"": [96, 731, 644, 762], ""type"": ""handwritten"", ""text"": """"}, {""bbox"": [102, 762, 646, 791], ""type"": ""handwritten"", ""text"": """"}, {""bbox"": [103, 788, 527, 820], ""type"": ""handwritten"", ""text"": """"}, {""bbox"": [140, 817, 657, 845], ""type"": ""handwritten"", ""text"": """"}, {""bbox"": [102, 843, 661, 874], ""type"": ""handwritten"", ""text"": """"}, {""bbox"": [102, 871, 679, 905], ""type"": ""handwritten"", ""text"": """"}, {""bbox"": [103, 903, 626, 935], ""type"": ""handwritten"", ""text"": """"}, {""bbox"": [105, 932, 653, 970], ""type"": ""handwritten"", ""text"": """"}]"
5868c5e3-c32e-4463-82fa-98ed082a98b1.jpg,"[{""bbox"": [364, 80, 644, 131], ""type"": ""handwritten"", ""text"": """"}, {""bbox"": [151, 129, 794, 173], ""type"": ""handwritten"", ""text"": """"}, {""bbox"": [86, 171, 855, 221], ""type"": ""handwritten"", ""text"": """"}, {""bbox"": [82, 217, 361, 263], ""type"": ""handwritten"", ""text"": """"}, {""bbox"": [143, 261, 760, 308], ""type"": ""handwritten"", ""text"": """"}, {""bbox"": [93, 308, 838, 359], ""type"": ""handwritten"", ""text"": """"}, {""bbox"": [87, 353, 793, 404], ""type"": ""handwritten"", ""text"": """"}, {""bbox"": [87, 402, 764, 453], ""type"": ""handwritten"", ""text"": """"}, {""bbox"": [87, 447, 848, 499], ""type"": ""handwritten"", ""text"": """"}, {""bbox"": [83, 495, 821, 542], ""type"": ""handwritten"", ""text"": """"}, {""bbox"": [83, 536, 844, 590], ""type"": ""handwritten"", ""text"": """"}, {""bbox"": [82, 588, 774, 638], ""type"": ""handwritten"", ""text"": """"}, {""bbox"": [85, 633, 858, 683], ""type"": ""handwritten"", ""text"": """"}, {""bbox"": [75, 680, 822, 729], ""type"": ""handwritten"", ""text"": """"}, {""bbox"": [81, 724, 859, 776], ""type"": ""handwritten"", ""text"": """"}, {""bbox"": [81, 770, 853, 820], ""type"": ""handwritten"", ""text"": """"}, {""bbox"": [87, 816, 821, 869], ""type"": ""handwritten"", ""text"": """"}, {""bbox"": [90, 862, 813, 910], ""type"": ""handwritten"", ""text"": """"}, {""bbox"": [88, 905, 832, 954], ""type"": ""handwritten"", ""text"": """"}, {""bbox"": [84, 949, 818, 1001], ""type"": ""handwritten"", ""text"": """"}, {""bbox"": [88, 996, 858, 1050], ""type"": ""handwritten"", ""text"": """"}, {""bbox"": [86, 1043, 812, 1103], ""type"": ""handwritten"", ""text"": """"}, {""bbox"": [84, 1101, 222, 1145], ""type"": ""handwritten"", ""text"": """"}]"
39d587b7-6ea0-42db-8ae4-6c72d70f006b.jpg,"[{""bbox"": [541, 52, 1097, 129], ""type"": ""handwritten"", ""text"": """"}, {""bbox"": [584, 137, 971, 195], ""type"": ""handwritten"", ""text"": """"}, {""bbox"": [314, 191, 1373, 238], ""type"": ""handwritten"", ""text"": """"}, {""bbox"": [261, 233, 1397, 285], ""type"": ""handwritten"", ""text"": """"}, {""bbox"": [254, 272, 395, 319], ""type"": ""handwritten"", ""text"": """"}, {""bbox"": [310, 301, 1399, 353], ""type"": ""handwritten"", ""text"": """"}, {""bbox"": [252, 349, 1409, 394], ""type"": ""handwritten"", ""text"": """"}, {""bbox"": [434, 387, 1310, 433], ""type"": ""handwritten"", ""text"": """"}, {""bbox"": [260, 427, 1409, 472], ""type"": ""handwritten"", ""text"": """"}, {""bbox"": [248, 469, 1413, 512], ""type"": ""handwritten"", ""text"": """"}, {""bbox"": [463, 508, 1339, 552], ""type"": ""handwritten"", ""text"": """"}, {""bbox"": [246, 546, 1413, 589], ""type"": ""handwritten"", ""text"": """"}, {""bbox"": [234, 586, 1392, 629], ""type"": ""handwritten"", ""text"": """"}, {""bbox"": [434, 624, 1310, 670], ""type"": ""handwritten"", ""text"": """"}, {""bbox"": [239, 665, 1148, 709], ""type"": ""handwritten"", ""text"": """"}, {""bbox"": [284, 703, 1376, 749], ""type"": ""handwritten"", ""text"": """"}, {""bbox"": [463, 745, 1339, 788], ""type"": ""handwritten"", ""text"": """"}, {""bbox"": [249, 782, 1346, 827], ""type"": ""handwritten"", ""text"": """"}, {""bbox"": [245, 822, 1398, 867], ""type"": ""handwritten"", ""text"": """"}, {""bbox"": [463, 863, 1339, 905], ""type"": ""handwritten"", ""text"": """"}, {""bbox"": [290, 898, 1381, 943], ""type"": ""handwritten"", ""text"": """"}, {""bbox"": [239, 939, 1410, 985], ""type"": ""handwritten"", ""text"": """"}, {""bbox"": [404, 982, 1281, 1023], ""type"": ""handwritten"", ""text"": """"}, {""bbox"": [234, 1015, 1375, 1062], ""type"": ""handwritten"", ""text"": """"}, {""bbox"": [237, 1059, 1379, 1105], ""type"": ""handwritten"", ""text"": """"}, {""bbox"": [238, 1101, 810, 1141], ""type"": ""handwritten"", ""text"": """"}, {""bbox"": [324, 1134, 1331, 1180], ""type"": ""handwritten"", ""text"": """"}, {""bbox"": [242, 1177, 1298, 1222], ""type"": ""handwritten"", ""text"": """"}, {""bbox"": [243, 1216, 1372, 1263], ""type"": ""handwritten"", ""text"": """"}, {""bbox"": [433, 1256, 1310, 1297], ""type"": ""handwritten"", ""text"": """"}, {""bbox"": [239, 1295, 1306, 1339], ""type"": ""handwritten"", ""text"": """"}, {""bbox"": [240, 1336, 366, 1385], ""type"": ""handwritten"", ""text"": """"}, {""bbox"": [326, 1367, 1378, 1417], ""type"": ""handwritten"", ""text"": """"}, {""bbox"": [242, 1415, 1371, 1457], ""type"": ""handwritten"", ""text"": """"}, {""bbox"": [243, 1451, 1402, 1497], ""type"": ""handwritten"", ""text"": """"}, {""bbox"": [463, 1489, 1339, 1535], ""type"": ""handwritten"", ""text"": """"}, {""bbox"": [250, 1534, 750, 1575], ""type"": ""handwritten"", ""text"": """"}]"
202ff567-7604-4950-a149-97b0ba73f971.jpg,"[{""bbox"": [520, 2, 1263, 172], ""type"": ""handwritten"", ""text"": """"}, {""bbox"": [295, 145, 2295, 302], ""type"": ""handwritten"", ""text"": """"}, {""bbox"": [117, 283, 2377, 440], ""type"": ""handwritten"", ""text"": """"}, {""bbox"": [269, 426, 2391, 572], ""type"": ""handwritten"", ""text"": """"}, {""bbox"": [115, 551, 2316, 699], ""type"": ""handwritten"", ""text"": """"}, {""bbox"": [119, 687, 2406, 844], ""type"": ""handwritten"", ""text"": """"}, {""bbox"": [115, 828, 2416, 975], ""type"": ""handwritten"", ""text"": """"}, {""bbox"": [111, 962, 2387, 1101], ""type"": ""handwritten"", ""text"": """"}, {""bbox"": [110, 1088, 2404, 1243], ""type"": ""handwritten"", ""text"": """"}, {""bbox"": [113, 1231, 2403, 1378], ""type"": ""handwritten"", ""text"": """"}, {""bbox"": [110, 1368, 2306, 1517], ""type"": ""handwritten"", ""text"": """"}, {""bbox"": [112, 1501, 2411, 1645], ""type"": ""handwritten"", ""text"": """"}, {""bbox"": [118, 1627, 2401, 1781], ""type"": ""handwritten"", ""text"": """"}, {""bbox"": [123, 1772, 1102, 1917], ""type"": ""handwritten"", ""text"": """"}, {""bbox"": [297, 1893, 2325, 2053], ""type"": ""handwritten"", ""text"": """"}, {""bbox"": [104, 2040, 2413, 2193], ""type"": ""handwritten"", ""text"": """"}, {""bbox"": [109, 2176, 2425, 2336], ""type"": ""handwritten"", ""text"": """"}, {""bbox"": [81, 2327, 2402, 2481], ""type"": ""handwritten"", ""text"": """"}, {""bbox"": [81, 2459, 2318, 2626], ""type"": ""handwritten"", ""text"": """"}, {""bbox"": [78, 2612, 1381, 2774], ""type"": ""handwritten"", ""text"": """"}, {""bbox"": [239, 2739, 2436, 2907], ""type"": ""handwritten"", ""text"": """"}, {""bbox"": [58, 2887, 2420, 3047], ""type"": ""handwritten"", ""text"": """"}, {""bbox"": [64, 3035, 2267, 3186], ""type"": ""handwritten"", ""text"": """"}, {""bbox"": [48, 3170, 2343, 3335], ""type"": ""handwritten"", ""text"": """"}, {""bbox"": [41, 3324, 2376, 3471], ""type"": ""handwritten"", ""text"": """"}, {""bbox"": [43, 3456, 2438, 3621], ""type"": ""handwritten"", ""text"": """"}, {""bbox"": [212, 3617, 2385, 3814], ""type"": ""handwritten"", ""text"": """"}]"
01b6409c-9e0f-4b10-b79d-61c548d999c8.jpg,"[{""bbox"": [288, 102, 2040, 256], ""type"": ""handwritten"", ""text"": """"}, {""bbox"": [150, 251, 1893, 367], ""type"": ""handwritten"", ""text"": """"}, {""bbox"": [151, 353, 2057, 475], ""type"": ""handwritten"", ""text"": """"}, {""bbox"": [156, 460, 2040, 579], ""type"": ""handwritten"", ""text"": """"}, {""bbox"": [161, 562, 2059, 704], ""type"": ""handwritten"", ""text"": """"}, {""bbox"": [160, 674, 2044, 799], ""type"": ""handwritten"", ""text"": """"}, {""bbox"": [164, 769, 1817, 909], ""type"": ""handwritten"", ""text"": """"}, {""bbox"": [329, 881, 2063, 1005], ""type"": ""handwritten"", ""text"": """"}, {""bbox"": [165, 986, 2067, 1110], ""type"": ""handwritten"", ""text"": """"}, {""bbox"": [171, 1094, 1894, 1228], ""type"": ""handwritten"", ""text"": """"}, {""bbox"": [168, 1194, 2070, 1319], ""type"": ""handwritten"", ""text"": """"}, {""bbox"": [176, 1302, 2064, 1427], ""type"": ""handwritten"", ""text"": """"}, {""bbox"": [177, 1413, 1688, 1524], ""type"": ""handwritten"", ""text"": """"}, {""bbox"": [374, 1510, 2070, 1630], ""type"": ""handwritten"", ""text"": """"}, {""bbox"": [197, 1613, 2086, 1729], ""type"": ""handwritten"", ""text"": """"}, {""bbox"": [180, 1717, 2104, 1836], ""type"": ""handwritten"", ""text"": """"}, {""bbox"": [188, 1822, 2035, 1943], ""type"": ""handwritten"", ""text"": """"}, {""bbox"": [183, 1931, 2086, 2075], ""type"": ""handwritten"", ""text"": """"}, {""bbox"": [192, 2048, 407, 2181], ""type"": ""handwritten"", ""text"": """"}]"
029de491-d8ee-4fb8-a689-cbfdb14c1f8a.jpg,"[{""bbox"": [795, 587, 1874, 711], ""type"": ""handwritten"", ""text"": """"}, {""bbox"": [535, 694, 2337, 807], ""type"": ""handwritten"", ""text"": """"}, {""bbox"": [409, 796, 2500, 929], ""type"": ""handwritten"", ""text"": """"}, {""bbox"": [408, 920, 2161, 1049], ""type"": ""handwritten"", ""text"": """"}, {""bbox"": [419, 1037, 1443, 1152], ""type"": ""handwritten"", ""text"": """"}, {""bbox"": [659, 1116, 2343, 1264], ""type"": ""handwritten"", ""text"": """"}, {""bbox"": [423, 1252, 2499, 1386], ""type"": ""handwritten"", ""text"": """"}, {""bbox"": [410, 1373, 2558, 1516], ""type"": ""handwritten"", ""text"": """"}, {""bbox"": [424, 1498, 2281, 1635], ""type"": ""handwritten"", ""text"": """"}, {""bbox"": [432, 1616, 2563, 1759], ""type"": ""handwritten"", ""text"": """"}, {""bbox"": [424, 1746, 2471, 1883], ""type"": ""handwritten"", ""text"": """"}, {""bbox"": [418, 1868, 2559, 2015], ""type"": ""handwritten"", ""text"": """"}, {""bbox"": [447, 2000, 2696, 2146], ""type"": ""handwritten"", ""text"": """"}, {""bbox"": [451, 2126, 2659, 2273], ""type"": ""handwritten"", ""text"": """"}, {""bbox"": [709, 2257, 2691, 2406], ""type"": ""handwritten"", ""text"": """"}, {""bbox"": [391, 2399, 2622, 2545], ""type"": ""handwritten"", ""text"": """"}, {""bbox"": [432, 2525, 2799, 2674], ""type"": ""handwritten"", ""text"": """"}, {""bbox"": [433, 2653, 2852, 2814], ""type"": ""handwritten"", ""text"": """"}, {""bbox"": [397, 2807, 2847, 2977], ""type"": ""handwritten"", ""text"": """"}, {""bbox"": [389, 2950, 2845, 3126], ""type"": ""handwritten"", ""text"": """"}, {""bbox"": [359, 3101, 2685, 3280], ""type"": ""handwritten"", ""text"": """"}, {""bbox"": [343, 3263, 2777, 3450], ""type"": ""handwritten"", ""text"": """"}, {""bbox"": [355, 3448, 1270, 3615], ""type"": ""handwritten"", ""text"": """"}]"
3403933d-c115-4371-9368-f9b6c0c6020e.jpg,"[{""bbox"": [553, 118, 1028, 209], ""type"": ""handwritten"", ""text"": """"}, {""bbox"": [366, 230, 1602, 316], ""type"": ""handwritten"", ""text"": """"}, {""bbox"": [166, 306, 1601, 385], ""type"": ""handwritten"", ""text"": """"}, {""bbox"": [359, 376, 831, 445], ""type"": ""handwritten"", ""text"": """"}, {""bbox"": [284, 440, 1559, 511], ""type"": ""handwritten"", ""text"": """"}, {""bbox"": [159, 499, 1554, 573], ""type"": ""handwritten"", ""text"": """"}, {""bbox"": [165, 556, 1610, 639], ""type"": ""handwritten"", ""text"": """"}, {""bbox"": [177, 618, 1578, 702], ""type"": ""handwritten"", ""text"": """"}, {""bbox"": [172, 683, 1617, 759], ""type"": ""handwritten"", ""text"": """"}, {""bbox"": [170, 745, 1620, 816], ""type"": ""handwritten"", ""text"": """"}, {""bbox"": [163, 806, 1621, 881], ""type"": ""handwritten"", ""text"": """"}, {""bbox"": [164, 873, 1622, 946], ""type"": ""handwritten"", ""text"": """"}, {""bbox"": [105, 931, 1569, 1014], ""type"": ""handwritten"", ""text"": """"}, {""bbox"": [188, 991, 540, 1053], ""type"": ""handwritten"", ""text"": """"}, {""bbox"": [280, 1053, 1636, 1137], ""type"": ""handwritten"", ""text"": """"}, {""bbox"": [167, 1127, 1574, 1198], ""type"": ""handwritten"", ""text"": """"}, {""bbox"": [162, 1189, 1632, 1270], ""type"": ""handwritten"", ""text"": """"}, {""bbox"": [167, 1256, 1576, 1335], ""type"": ""handwritten"", ""text"": """"}, {""bbox"": [185, 1322, 1458, 1404], ""type"": ""handwritten"", ""text"": """"}, {""bbox"": [178, 1384, 393, 1444], ""type"": ""handwritten"", ""text"": """"}, {""bbox"": [285, 1438, 1559, 1522], ""type"": ""handwritten"", ""text"": """"}, {""bbox"": [166, 1509, 1554, 1583], ""type"": ""handwritten"", ""text"": """"}, {""bbox"": [167, 1569, 1525, 1649], ""type"": ""handwritten"", ""text"": """"}, {""bbox"": [171, 1638, 1576, 1715], ""type"": ""handwritten"", ""text"": """"}, {""bbox"": [174, 1706, 1486, 1777], ""type"": ""handwritten"", ""text"": """"}, {""bbox"": [183, 1770, 1152, 1835], ""type"": ""handwritten"", ""text"": """"}, {""bbox"": [292, 1828, 1473, 1899], ""type"": ""handwritten"", ""text"": """"}, {""bbox"": [176, 1890, 1437, 1969], ""type"": ""handwritten"", ""text"": """"}, {""bbox"": [182, 1960, 1575, 2036], ""type"": ""handwritten"", ""text"": """"}, {""bbox"": [178, 2023, 1514, 2097], ""type"": ""handwritten"", ""text"": """"}, {""bbox"": [146, 2086, 1578, 2165], ""type"": ""handwritten"", ""text"": """"}, {""bbox"": [150, 2153, 466, 2224], ""type"": ""handwritten"", ""text"": """"}]"
af7e09e3-ef68-41ff-b630-889bebb0930e.jpg,"[{""bbox"": [503, 22, 998, 132], ""type"": ""handwritten"", ""text"": """"}, {""bbox"": [216, 144, 1338, 271], ""type"": ""handwritten"", ""text"": """"}, {""bbox"": [114, 216, 1318, 412], ""type"": ""handwritten"", ""text"": """"}, {""bbox"": [214, 308, 1286, 454], ""type"": ""handwritten"", ""text"": """"}, {""bbox"": [104, 403, 1271, 609], ""type"": ""handwritten"", ""text"": """"}, {""bbox"": [110, 474, 1263, 652], ""type"": ""handwritten"", ""text"": """"}, {""bbox"": [106, 575, 1337, 782], ""type"": ""handwritten"", ""text"": """"}, {""bbox"": [110, 678, 1287, 867], ""type"": ""handwritten"", ""text"": """"}, {""bbox"": [109, 749, 1281, 1013], ""type"": ""handwritten"", ""text"": """"}, {""bbox"": [111, 974, 1287, 1272], ""type"": ""handwritten"", ""text"": """"}, {""bbox"": [110, 1129, 1295, 1413], ""type"": ""handwritten"", ""text"": """"}, {""bbox"": [110, 1292, 1329, 1566], ""type"": ""handwritten"", ""text"": """"}, {""bbox"": [104, 1383, 1312, 1665], ""type"": ""handwritten"", ""text"": """"}, {""bbox"": [101, 1527, 1333, 1805], ""type"": ""handwritten"", ""text"": """"}]"
06623e41-7d44-4d16-8318-07ed6e8414d1.jpg,"[{""bbox"": [427, 95, 2155, 242], ""type"": ""handwritten"", ""text"": """"}, {""bbox"": [424, 220, 2167, 369], ""type"": ""handwritten"", ""text"": """"}, {""bbox"": [416, 347, 2205, 505], ""type"": ""handwritten"", ""text"": """"}, {""bbox"": [429, 494, 2200, 635], ""type"": ""handwritten"", ""text"": """"}, {""bbox"": [429, 620, 2246, 767], ""type"": ""handwritten"", ""text"": """"}, {""bbox"": [444, 750, 2075, 898], ""type"": ""handwritten"", ""text"": """"}, {""bbox"": [568, 890, 2230, 1032], ""type"": ""handwritten"", ""text"": """"}, {""bbox"": [396, 1027, 2241, 1166], ""type"": ""handwritten"", ""text"": """"}, {""bbox"": [399, 1161, 2247, 1306], ""type"": ""handwritten"", ""text"": """"}, {""bbox"": [396, 1294, 2142, 1440], ""type"": ""handwritten"", ""text"": """"}, {""bbox"": [416, 1433, 2211, 1578], ""type"": ""handwritten"", ""text"": """"}, {""bbox"": [398, 1564, 2173, 1710], ""type"": ""handwritten"", ""text"": """"}, {""bbox"": [429, 1717, 2287, 1854], ""type"": ""handwritten"", ""text"": """"}, {""bbox"": [438, 1856, 1814, 1994], ""type"": ""handwritten"", ""text"": """"}, {""bbox"": [568, 1990, 2184, 2137], ""type"": ""handwritten"", ""text"": """"}, {""bbox"": [392, 2131, 2305, 2285], ""type"": ""handwritten"", ""text"": """"}, {""bbox"": [340, 2283, 2237, 2438], ""type"": ""handwritten"", ""text"": """"}, {""bbox"": [394, 2424, 2232, 2579], ""type"": ""handwritten"", ""text"": """"}, {""bbox"": [387, 2573, 2325, 2719], ""type"": ""handwritten"", ""text"": """"}, {""bbox"": [384, 2707, 2301, 2880], ""type"": ""handwritten"", ""text"": """"}]"
2c0ef89b-07e4-45f8-9bdc-81360d08de8c.jpg,"[{""bbox"": [604, 178, 1974, 459], ""type"": ""handwritten"", ""text"": """"}, {""bbox"": [211, 457, 4330, 773], ""type"": ""handwritten"", ""text"": """"}, {""bbox"": [97, 734, 3491, 989], ""type"": ""handwritten"", ""text"": """"}, {""bbox"": [108, 965, 4424, 1238], ""type"": ""handwritten"", ""text"": """"}, {""bbox"": [81, 1205, 4314, 1495], ""type"": ""handwritten"", ""text"": """"}, {""bbox"": [98, 1444, 4314, 1759], ""type"": ""handwritten"", ""text"": """"}, {""bbox"": [97, 1706, 4054, 1980], ""type"": ""handwritten"", ""text"": """"}, {""bbox"": [86, 1955, 4076, 2247], ""type"": ""handwritten"", ""text"": """"}, {""bbox"": [98, 2211, 4320, 2477], ""type"": ""handwritten"", ""text"": """"}, {""bbox"": [86, 2442, 4523, 2707], ""type"": ""handwritten"", ""text"": """"}, {""bbox"": [81, 2685, 4246, 2965], ""type"": ""handwritten"", ""text"": """"}, {""bbox"": [104, 2939, 4026, 3218], ""type"": ""handwritten"", ""text"": """"}, {""bbox"": [96, 3175, 2544, 3414], ""type"": ""handwritten"", ""text"": """"}, {""bbox"": [258, 3418, 3932, 3694], ""type"": ""handwritten"", ""text"": """"}, {""bbox"": [68, 3678, 4234, 3944], ""type"": ""handwritten"", ""text"": """"}, {""bbox"": [80, 3903, 4298, 4190], ""type"": ""handwritten"", ""text"": """"}, {""bbox"": [79, 4160, 4213, 4450], ""type"": ""handwritten"", ""text"": """"}, {""bbox"": [78, 4413, 3066, 4655], ""type"": ""handwritten"", ""text"": """"}, {""bbox"": [209, 4634, 4306, 4956], ""type"": ""handwritten"", ""text"": """"}, {""bbox"": [63, 4913, 3842, 5198], ""type"": ""handwritten"", ""text"": """"}, {""bbox"": [56, 5171, 4140, 5426], ""type"": ""handwritten"", ""text"": """"}, {""bbox"": [52, 5407, 4231, 5692], ""type"": ""handwritten"", ""text"": """"}, {""bbox"": [58, 5667, 4722, 6017], ""type"": ""handwritten"", ""text"": """"}]"
1c8cc545-241f-4da1-b46b-429064fc9f13.jpg,"[{""bbox"": [21, 13, 721, 69], ""type"": ""handwritten"", ""text"": """"}, {""bbox"": [23, 53, 769, 110], ""type"": ""handwritten"", ""text"": """"}, {""bbox"": [23, 99, 727, 155], ""type"": ""handwritten"", ""text"": """"}, {""bbox"": [28, 142, 450, 207], ""type"": ""handwritten"", ""text"": """"}, {""bbox"": [87, 194, 725, 259], ""type"": ""handwritten"", ""text"": """"}, {""bbox"": [24, 242, 801, 313], ""type"": ""handwritten"", ""text"": """"}, {""bbox"": [22, 291, 816, 356], ""type"": ""handwritten"", ""text"": """"}, {""bbox"": [23, 334, 830, 401], ""type"": ""handwritten"", ""text"": """"}, {""bbox"": [23, 392, 674, 456], ""type"": ""handwritten"", ""text"": """"}, {""bbox"": [99, 444, 832, 504], ""type"": ""handwritten"", ""text"": """"}, {""bbox"": [31, 487, 773, 556], ""type"": ""handwritten"", ""text"": """"}, {""bbox"": [34, 535, 786, 603], ""type"": ""handwritten"", ""text"": """"}, {""bbox"": [30, 581, 781, 655], ""type"": ""handwritten"", ""text"": """"}, {""bbox"": [31, 644, 320, 721], ""type"": ""handwritten"", ""text"": """"}]"
1b8832df-3748-4cc3-9f7d-11fa1880106e.jpg,"[{""bbox"": [1441, 216, 2237, 375], ""type"": ""handwritten"", ""text"": """"}, {""bbox"": [496, 347, 3605, 546], ""type"": ""handwritten"", ""text"": """"}, {""bbox"": [326, 559, 1858, 741], ""type"": ""handwritten"", ""text"": """"}, {""bbox"": [494, 743, 3692, 915], ""type"": ""handwritten"", ""text"": """"}, {""bbox"": [311, 919, 3672, 1113], ""type"": ""handwritten"", ""text"": """"}, {""bbox"": [319, 1106, 3602, 1301], ""type"": ""handwritten"", ""text"": """"}, {""bbox"": [327, 1287, 3727, 1480], ""type"": ""handwritten"", ""text"": """"}, {""bbox"": [325, 1474, 3757, 1677], ""type"": ""handwritten"", ""text"": """"}, {""bbox"": [325, 1660, 3800, 1863], ""type"": ""handwritten"", ""text"": """"}, {""bbox"": [318, 1863, 2925, 2053], ""type"": ""handwritten"", ""text"": """"}, {""bbox"": [469, 2047, 3659, 2245], ""type"": ""handwritten"", ""text"": """"}, {""bbox"": [308, 2237, 3810, 2436], ""type"": ""handwritten"", ""text"": """"}, {""bbox"": [303, 2434, 3826, 2627], ""type"": ""handwritten"", ""text"": """"}, {""bbox"": [311, 2633, 2307, 2814], ""type"": ""handwritten"", ""text"": """"}, {""bbox"": [414, 2821, 3658, 3002], ""type"": ""handwritten"", ""text"": """"}, {""bbox"": [312, 3003, 3684, 3193], ""type"": ""handwritten"", ""text"": """"}, {""bbox"": [299, 3192, 3653, 3391], ""type"": ""handwritten"", ""text"": """"}, {""bbox"": [300, 3391, 3011, 3561], ""type"": ""handwritten"", ""text"": """"}, {""bbox"": [463, 3571, 3802, 3755], ""type"": ""handwritten"", ""text"": """"}, {""bbox"": [297, 3754, 3766, 3969], ""type"": ""handwritten"", ""text"": """"}, {""bbox"": [310, 3957, 3629, 4149], ""type"": ""handwritten"", ""text"": """"}, {""bbox"": [324, 4164, 1699, 4350], ""type"": ""handwritten"", ""text"": """"}, {""bbox"": [441, 4359, 3753, 4525], ""type"": ""handwritten"", ""text"": """"}, {""bbox"": [307, 4537, 3502, 4728], ""type"": ""handwritten"", ""text"": """"}, {""bbox"": [315, 4731, 3613, 4936], ""type"": ""handwritten"", ""text"": """"}, {""bbox"": [293, 4949, 674, 5089], ""type"": ""handwritten"", ""text"": """"}]"
45daa6c5-4824-4285-9fe0-05b6a8c2623c.jpg,"[{""bbox"": [895, 127, 1993, 317], ""type"": ""handwritten"", ""text"": """"}, {""bbox"": [786, 317, 2559, 499], ""type"": ""handwritten"", ""text"": """"}, {""bbox"": [529, 482, 2752, 670], ""type"": ""handwritten"", ""text"": """"}, {""bbox"": [509, 660, 2573, 858], ""type"": ""handwritten"", ""text"": """"}, {""bbox"": [507, 831, 1263, 1019], ""type"": ""handwritten"", ""text"": """"}, {""bbox"": [827, 1007, 2836, 1209], ""type"": ""handwritten"", ""text"": """"}, {""bbox"": [472, 1205, 2830, 1390], ""type"": ""handwritten"", ""text"": """"}, {""bbox"": [479, 1371, 2804, 1561], ""type"": ""handwritten"", ""text"": """"}, {""bbox"": [473, 1556, 2840, 1754], ""type"": ""handwritten"", ""text"": """"}, {""bbox"": [460, 1738, 2738, 1943], ""type"": ""handwritten"", ""text"": """"}, {""bbox"": [453, 1929, 2587, 2138], ""type"": ""handwritten"", ""text"": """"}, {""bbox"": [460, 2105, 2871, 2328], ""type"": ""handwritten"", ""text"": """"}, {""bbox"": [463, 2309, 2819, 2505], ""type"": ""handwritten"", ""text"": """"}, {""bbox"": [449, 2497, 2800, 2717], ""type"": ""handwritten"", ""text"": """"}, {""bbox"": [405, 2704, 2793, 2902], ""type"": ""handwritten"", ""text"": """"}, {""bbox"": [406, 2885, 2801, 3097], ""type"": ""handwritten"", ""text"": """"}, {""bbox"": [433, 3082, 2854, 3319], ""type"": ""handwritten"", ""text"": """"}, {""bbox"": [416, 3306, 2946, 3531], ""type"": ""handwritten"", ""text"": """"}, {""bbox"": [413, 3498, 2944, 3738], ""type"": ""handwritten"", ""text"": """"}, {""bbox"": [402, 3706, 2643, 3939], ""type"": ""handwritten"", ""text"": """"}]"
45515516-f7a4-4786-8406-804809b93eaa.jpg,"[{""bbox"": [670, 111, 1735, 344], ""type"": ""handwritten"", ""text"": """"}, {""bbox"": [346, 340, 2895, 548], ""type"": ""handwritten"", ""text"": """"}, {""bbox"": [180, 516, 2827, 739], ""type"": ""handwritten"", ""text"": """"}, {""bbox"": [161, 708, 2812, 934], ""type"": ""handwritten"", ""text"": """"}, {""bbox"": [186, 893, 2904, 1126], ""type"": ""handwritten"", ""text"": """"}, {""bbox"": [328, 1096, 2919, 1335], ""type"": ""handwritten"", ""text"": """"}, {""bbox"": [198, 1273, 2930, 1512], ""type"": ""handwritten"", ""text"": """"}, {""bbox"": [152, 1434, 2909, 1675], ""type"": ""handwritten"", ""text"": """"}, {""bbox"": [155, 1605, 2857, 1870], ""type"": ""handwritten"", ""text"": """"}, {""bbox"": [155, 1786, 2857, 2071], ""type"": ""handwritten"", ""text"": """"}, {""bbox"": [145, 1956, 2841, 2272], ""type"": ""handwritten"", ""text"": """"}, {""bbox"": [140, 2134, 2783, 2423], ""type"": ""handwritten"", ""text"": """"}, {""bbox"": [151, 2330, 1932, 2537], ""type"": ""handwritten"", ""text"": """"}, {""bbox"": [288, 2554, 2912, 2798], ""type"": ""handwritten"", ""text"": """"}, {""bbox"": [187, 2731, 2799, 2985], ""type"": ""handwritten"", ""text"": """"}, {""bbox"": [169, 2939, 2747, 3202], ""type"": ""handwritten"", ""text"": """"}, {""bbox"": [172, 3155, 2773, 3407], ""type"": ""handwritten"", ""text"": """"}, {""bbox"": [170, 3375, 2964, 3605], ""type"": ""handwritten"", ""text"": """"}, {""bbox"": [162, 3548, 1222, 3750], ""type"": ""handwritten"", ""text"": """"}]"
517b4763-7769-4fce-a52b-20d62eff28e7.jpg,"[{""bbox"": [542, 283, 924, 344], ""type"": ""handwritten"", ""text"": """"}, {""bbox"": [279, 329, 1338, 422], ""type"": ""handwritten"", ""text"": """"}, {""bbox"": [195, 402, 1377, 475], ""type"": ""handwritten"", ""text"": """"}, {""bbox"": [194, 459, 1325, 519], ""type"": ""handwritten"", ""text"": """"}, {""bbox"": [188, 510, 1339, 565], ""type"": ""handwritten"", ""text"": """"}, {""bbox"": [183, 604, 1382, 662], ""type"": ""handwritten"", ""text"": """"}, {""bbox"": [179, 651, 1454, 723], ""type"": ""handwritten"", ""text"": """"}, {""bbox"": [177, 698, 1462, 765], ""type"": ""handwritten"", ""text"": """"}, {""bbox"": [179, 737, 1430, 827], ""type"": ""handwritten"", ""text"": """"}, {""bbox"": [168, 832, 875, 886], ""type"": ""handwritten"", ""text"": """"}, {""bbox"": [202, 868, 1472, 934], ""type"": ""handwritten"", ""text"": """"}, {""bbox"": [157, 920, 1423, 980], ""type"": ""handwritten"", ""text"": """"}, {""bbox"": [160, 1012, 1448, 1076], ""type"": ""handwritten"", ""text"": """"}, {""bbox"": [150, 1069, 752, 1129], ""type"": ""handwritten"", ""text"": """"}, {""bbox"": [174, 1102, 1492, 1188], ""type"": ""handwritten"", ""text"": """"}, {""bbox"": [141, 1155, 1492, 1249], ""type"": ""handwritten"", ""text"": """"}, {""bbox"": [136, 1212, 1406, 1299], ""type"": ""handwritten"", ""text"": """"}, {""bbox"": [136, 1254, 1528, 1332], ""type"": ""handwritten"", ""text"": """"}, {""bbox"": [164, 1362, 1541, 1436], ""type"": ""handwritten"", ""text"": """"}, {""bbox"": [160, 1419, 1477, 1493], ""type"": ""handwritten"", ""text"": """"}, {""bbox"": [122, 1468, 1539, 1548], ""type"": ""handwritten"", ""text"": """"}, {""bbox"": [116, 1516, 1516, 1604], ""type"": ""handwritten"", ""text"": """"}, {""bbox"": [116, 1517, 1508, 1671], ""type"": ""handwritten"", ""text"": """"}, {""bbox"": [116, 1599, 260, 1656], ""type"": ""handwritten"", ""text"": """"}, {""bbox"": [166, 1621, 1482, 1708], ""type"": ""handwritten"", ""text"": """"}, {""bbox"": [104, 1684, 1532, 1771], ""type"": ""handwritten"", ""text"": """"}, {""bbox"": [103, 1734, 1562, 1832], ""type"": ""handwritten"", ""text"": """"}, {""bbox"": [101, 1802, 957, 1898], ""type"": ""handwritten"", ""text"": """"}]"
0e12b373-fea2-4b95-af05-85a2bdee3235.jpg,"[{""bbox"": [992, 93, 1628, 193], ""type"": ""handwritten"", ""text"": """"}, {""bbox"": [365, 184, 2741, 289], ""type"": ""handwritten"", ""text"": """"}, {""bbox"": [181, 275, 2052, 369], ""type"": ""handwritten"", ""text"": """"}, {""bbox"": [309, 334, 2783, 451], ""type"": ""handwritten"", ""text"": """"}, {""bbox"": [1193, 425, 2616, 520], ""type"": ""handwritten"", ""text"": """"}, {""bbox"": [165, 435, 2665, 540], ""type"": ""handwritten"", ""text"": """"}, {""bbox"": [154, 604, 2614, 704], ""type"": ""handwritten"", ""text"": """"}, {""bbox"": [152, 692, 2735, 790], ""type"": ""handwritten"", ""text"": """"}, {""bbox"": [142, 774, 2746, 886], ""type"": ""handwritten"", ""text"": """"}, {""bbox"": [144, 856, 2745, 961], ""type"": ""handwritten"", ""text"": """"}, {""bbox"": [138, 929, 2797, 1059], ""type"": ""handwritten"", ""text"": """"}, {""bbox"": [139, 1050, 1108, 1139], ""type"": ""handwritten"", ""text"": """"}, {""bbox"": [276, 1118, 2786, 1222], ""type"": ""handwritten"", ""text"": """"}, {""bbox"": [126, 1203, 2796, 1308], ""type"": ""handwritten"", ""text"": """"}, {""bbox"": [108, 1287, 2809, 1413], ""type"": ""handwritten"", ""text"": """"}, {""bbox"": [108, 1374, 2798, 1489], ""type"": ""handwritten"", ""text"": """"}, {""bbox"": [114, 1467, 643, 1564], ""type"": ""handwritten"", ""text"": """"}, {""bbox"": [307, 1550, 2822, 1644], ""type"": ""handwritten"", ""text"": """"}, {""bbox"": [151, 1632, 2813, 1730], ""type"": ""handwritten"", ""text"": """"}, {""bbox"": [154, 1717, 2681, 1817], ""type"": ""handwritten"", ""text"": """"}, {""bbox"": [148, 1805, 2749, 1908], ""type"": ""handwritten"", ""text"": """"}, {""bbox"": [145, 1896, 2596, 1989], ""type"": ""handwritten"", ""text"": """"}, {""bbox"": [303, 1974, 2689, 2078], ""type"": ""handwritten"", ""text"": """"}, {""bbox"": [133, 2070, 2778, 2174], ""type"": ""handwritten"", ""text"": """"}, {""bbox"": [119, 2158, 2799, 2268], ""type"": ""handwritten"", ""text"": """"}, {""bbox"": [129, 2255, 2786, 2368], ""type"": ""handwritten"", ""text"": """"}, {""bbox"": [124, 2351, 1530, 2471], ""type"": ""handwritten"", ""text"": """"}, {""bbox"": [302, 2453, 2638, 2572], ""type"": ""handwritten"", ""text"": """"}, {""bbox"": [124, 2560, 2806, 2672], ""type"": ""handwritten"", ""text"": """"}, {""bbox"": [108, 2655, 2643, 2767], ""type"": ""handwritten"", ""text"": """"}, {""bbox"": [109, 2754, 2221, 2872], ""type"": ""handwritten"", ""text"": """"}]"
2c52e21f-f145-4e1e-ae0e-f44e3769a8d0.jpg,"[{""bbox"": [638, 33, 1637, 187], ""type"": ""handwritten"", ""text"": """"}, {""bbox"": [434, 179, 2363, 345], ""type"": ""handwritten"", ""text"": """"}, {""bbox"": [288, 307, 2384, 487], ""type"": ""handwritten"", ""text"": """"}, {""bbox"": [275, 405, 1462, 560], ""type"": ""handwritten"", ""text"": """"}, {""bbox"": [419, 530, 1342, 663], ""type"": ""handwritten"", ""text"": """"}, {""bbox"": [275, 631, 2423, 817], ""type"": ""handwritten"", ""text"": """"}, {""bbox"": [254, 765, 2243, 925], ""type"": ""handwritten"", ""text"": """"}, {""bbox"": [237, 860, 2480, 1025], ""type"": ""handwritten"", ""text"": """"}, {""bbox"": [231, 980, 2202, 1135], ""type"": ""handwritten"", ""text"": """"}, {""bbox"": [230, 1088, 2394, 1242], ""type"": ""handwritten"", ""text"": """"}, {""bbox"": [241, 1211, 2398, 1351], ""type"": ""handwritten"", ""text"": """"}, {""bbox"": [215, 1322, 2389, 1464], ""type"": ""handwritten"", ""text"": """"}, {""bbox"": [210, 1437, 2450, 1579], ""type"": ""handwritten"", ""text"": """"}, {""bbox"": [234, 1537, 2479, 1704], ""type"": ""handwritten"", ""text"": """"}, {""bbox"": [230, 1656, 2418, 1824], ""type"": ""handwritten"", ""text"": """"}, {""bbox"": [224, 1794, 2379, 1942], ""type"": ""handwritten"", ""text"": """"}, {""bbox"": [228, 1915, 917, 2034], ""type"": ""handwritten"", ""text"": """"}, {""bbox"": [372, 2033, 2471, 2175], ""type"": ""handwritten"", ""text"": """"}, {""bbox"": [170, 2155, 2388, 2306], ""type"": ""handwritten"", ""text"": """"}, {""bbox"": [175, 2272, 2452, 2425], ""type"": ""handwritten"", ""text"": """"}, {""bbox"": [164, 2403, 2476, 2555], ""type"": ""handwritten"", ""text"": """"}, {""bbox"": [152, 2535, 2513, 2680], ""type"": ""handwritten"", ""text"": """"}, {""bbox"": [154, 2661, 2522, 2814], ""type"": ""handwritten"", ""text"": """"}, {""bbox"": [138, 2791, 878, 2917], ""type"": ""handwritten"", ""text"": """"}, {""bbox"": [312, 2923, 2536, 3081], ""type"": ""handwritten"", ""text"": """"}, {""bbox"": [114, 3059, 2519, 3204], ""type"": ""handwritten"", ""text"": """"}, {""bbox"": [92, 3198, 2572, 3360], ""type"": ""handwritten"", ""text"": """"}, {""bbox"": [83, 3346, 2561, 3514], ""type"": ""handwritten"", ""text"": """"}]"
18695f3c-c4dc-4427-9e10-7c77b2684ecf.jpg,"[{""bbox"": [76, 59, 801, 836], ""type"": ""image"", ""text"": """"}, {""bbox"": [1085, 97, 1787, 222], ""type"": ""printed"", ""text"": """"}, {""bbox"": [930, 248, 1935, 349], ""type"": ""printed"", ""text"": """"}, {""bbox"": [896, 426, 1972, 536], ""type"": ""handwritten"", ""text"": """"}, {""bbox"": [819, 509, 2105, 607], ""type"": ""handwritten"", ""text"": """"}, {""bbox"": [815, 588, 2006, 693], ""type"": ""handwritten"", ""text"": """"}, {""bbox"": [829, 670, 1559, 770], ""type"": ""handwritten"", ""text"": """"}, {""bbox"": [931, 752, 2147, 846], ""type"": ""handwritten"", ""text"": """"}, {""bbox"": [178, 836, 2153, 928], ""type"": ""handwritten"", ""text"": """"}, {""bbox"": [134, 913, 2164, 1009], ""type"": ""handwritten"", ""text"": """"}, {""bbox"": [133, 994, 2134, 1091], ""type"": ""handwritten"", ""text"": """"}, {""bbox"": [138, 1077, 2127, 1172], ""type"": ""handwritten"", ""text"": """"}, {""bbox"": [146, 1150, 2159, 1248], ""type"": ""handwritten"", ""text"": """"}, {""bbox"": [142, 1237, 2003, 1337], ""type"": ""handwritten"", ""text"": """"}, {""bbox"": [130, 1296, 1988, 1399], ""type"": ""handwritten"", ""text"": """"}, {""bbox"": [122, 1395, 2132, 1499], ""type"": ""handwritten"", ""text"": """"}, {""bbox"": [124, 1553, 2116, 1658], ""type"": ""handwritten"", ""text"": """"}, {""bbox"": [131, 1638, 2051, 1737], ""type"": ""handwritten"", ""text"": """"}, {""bbox"": [134, 1722, 2033, 1817], ""type"": ""handwritten"", ""text"": """"}, {""bbox"": [127, 1803, 2052, 1897], ""type"": ""handwritten"", ""text"": """"}, {""bbox"": [127, 1884, 2101, 1981], ""type"": ""handwritten"", ""text"": """"}, {""bbox"": [125, 1928, 2113, 2025], ""type"": ""handwritten"", ""text"": """"}, {""bbox"": [139, 1976, 2108, 2074], ""type"": ""handwritten"", ""text"": """"}, {""bbox"": [129, 2016, 2057, 2100], ""type"": ""handwritten"", ""text"": """"}, {""bbox"": [117, 2079, 2044, 2189], ""type"": ""handwritten"", ""text"": """"}, {""bbox"": [115, 2136, 1936, 2238], ""type"": ""handwritten"", ""text"": """"}, {""bbox"": [125, 2220, 1977, 2316], ""type"": ""handwritten"", ""text"": """"}, {""bbox"": [252, 2303, 2077, 2395], ""type"": ""handwritten"", ""text"": """"}, {""bbox"": [137, 2382, 2083, 2476], ""type"": ""handwritten"", ""text"": """"}, {""bbox"": [134, 2465, 1848, 2556], ""type"": ""handwritten"", ""text"": """"}, {""bbox"": [114, 2545, 1901, 2638], ""type"": ""handwritten"", ""text"": """"}, {""bbox"": [115, 2622, 1901, 2719], ""type"": ""handwritten"", ""text"": """"}, {""bbox"": [113, 2705, 1878, 2800], ""type"": ""handwritten"", ""text"": """"}, {""bbox"": [116, 2789, 1725, 2877], ""type"": ""handwritten"", ""text"": """"}, {""bbox"": [106, 2866, 1611, 2965], ""type"": ""handwritten"", ""text"": """"}, {""bbox"": [114, 2943, 652, 3026], ""type"": ""handwritten"", ""text"": """"}, {""bbox"": [445, 3028, 1651, 3106], ""type"": ""handwritten"", ""text"": """"}, {""bbox"": [89, 3096, 1717, 3174], ""type"": ""handwritten"", ""text"": """"}, {""bbox"": [118, 3164, 1761, 3226], ""type"": ""handwritten"", ""text"": """"}]"
45afc1f5-c3ce-4d22-a9c7-c7e1369662c2.jpg,"[{""bbox"": [94, 127, 844, 186], ""type"": ""handwritten"", ""text"": """"}, {""bbox"": [100, 181, 862, 235], ""type"": ""handwritten"", ""text"": """"}, {""bbox"": [163, 231, 866, 289], ""type"": ""handwritten"", ""text"": """"}, {""bbox"": [103, 287, 810, 341], ""type"": ""handwritten"", ""text"": """"}, {""bbox"": [99, 337, 860, 396], ""type"": ""handwritten"", ""text"": """"}, {""bbox"": [95, 391, 723, 447], ""type"": ""handwritten"", ""text"": """"}, {""bbox"": [120, 441, 814, 496], ""type"": ""handwritten"", ""text"": """"}, {""bbox"": [108, 502, 866, 557], ""type"": ""handwritten"", ""text"": """"}, {""bbox"": [103, 552, 353, 601], ""type"": ""handwritten"", ""text"": """"}, {""bbox"": [138, 604, 870, 666], ""type"": ""handwritten"", ""text"": """"}, {""bbox"": [95, 661, 862, 719], ""type"": ""handwritten"", ""text"": """"}, {""bbox"": [95, 718, 785, 774], ""type"": ""handwritten"", ""text"": """"}, {""bbox"": [99, 773, 864, 829], ""type"": ""handwritten"", ""text"": """"}, {""bbox"": [97, 823, 824, 883], ""type"": ""handwritten"", ""text"": """"}, {""bbox"": [100, 880, 847, 941], ""type"": ""handwritten"", ""text"": """"}, {""bbox"": [137, 935, 848, 998], ""type"": ""handwritten"", ""text"": """"}, {""bbox"": [97, 993, 879, 1053], ""type"": ""handwritten"", ""text"": """"}, {""bbox"": [89, 1049, 840, 1108], ""type"": ""handwritten"", ""text"": """"}, {""bbox"": [85, 1106, 876, 1164], ""type"": ""handwritten"", ""text"": """"}, {""bbox"": [83, 1161, 573, 1225], ""type"": ""handwritten"", ""text"": """"}]"
093acb37-3606-4e0b-90b5-09bddd661111.jpg,"[{""bbox"": [205, 150, 804, 222], ""type"": ""handwritten"", ""text"": """"}, {""bbox"": [204, 198, 871, 274], ""type"": ""handwritten"", ""text"": """"}, {""bbox"": [201, 243, 872, 340], ""type"": ""handwritten"", ""text"": """"}, {""bbox"": [199, 308, 280, 346], ""type"": ""handwritten"", ""text"": """"}, {""bbox"": [275, 324, 883, 380], ""type"": ""handwritten"", ""text"": """"}, {""bbox"": [200, 368, 884, 423], ""type"": ""handwritten"", ""text"": """"}, {""bbox"": [197, 413, 859, 462], ""type"": ""handwritten"", ""text"": """"}, {""bbox"": [194, 452, 888, 509], ""type"": ""handwritten"", ""text"": """"}, {""bbox"": [197, 501, 857, 550], ""type"": ""handwritten"", ""text"": """"}, {""bbox"": [253, 587, 811, 637], ""type"": ""handwritten"", ""text"": """"}, {""bbox"": [184, 631, 825, 679], ""type"": ""handwritten"", ""text"": """"}, {""bbox"": [183, 671, 882, 725], ""type"": ""handwritten"", ""text"": """"}, {""bbox"": [183, 714, 859, 770], ""type"": ""handwritten"", ""text"": """"}, {""bbox"": [175, 760, 868, 820], ""type"": ""handwritten"", ""text"": """"}]"
2290b0a6-82f3-4443-b19b-68f7fc82f8ae.jpg,"[{""bbox"": [1475, 813, 2084, 950], ""type"": ""handwritten"", ""text"": """"}, {""bbox"": [848, 927, 2618, 1060], ""type"": ""handwritten"", ""text"": """"}, {""bbox"": [618, 1036, 2955, 1185], ""type"": ""handwritten"", ""text"": """"}, {""bbox"": [602, 1137, 1235, 1257], ""type"": ""handwritten"", ""text"": """"}, {""bbox"": [798, 1234, 2720, 1353], ""type"": ""handwritten"", ""text"": """"}, {""bbox"": [844, 1331, 2575, 1444], ""type"": ""handwritten"", ""text"": """"}, {""bbox"": [600, 1396, 2634, 1522], ""type"": ""handwritten"", ""text"": """"}, {""bbox"": [851, 1438, 2575, 1558], ""type"": ""handwritten"", ""text"": """"}, {""bbox"": [602, 1539, 2798, 1655], ""type"": ""handwritten"", ""text"": """"}, {""bbox"": [603, 1640, 2815, 1755], ""type"": ""handwritten"", ""text"": """"}, {""bbox"": [787, 1740, 2690, 1851], ""type"": ""handwritten"", ""text"": """"}, {""bbox"": [631, 1829, 2714, 1945], ""type"": ""handwritten"", ""text"": """"}, {""bbox"": [636, 1924, 2807, 2045], ""type"": ""handwritten"", ""text"": """"}, {""bbox"": [625, 2023, 2746, 2159], ""type"": ""handwritten"", ""text"": """"}, {""bbox"": [847, 2204, 2776, 2337], ""type"": ""handwritten"", ""text"": """"}, {""bbox"": [629, 2314, 2884, 2456], ""type"": ""handwritten"", ""text"": """"}, {""bbox"": [629, 2428, 1215, 2538], ""type"": ""handwritten"", ""text"": """"}, {""bbox"": [842, 2508, 2790, 2630], ""type"": ""handwritten"", ""text"": """"}, {""bbox"": [636, 2606, 2716, 2744], ""type"": ""handwritten"", ""text"": """"}, {""bbox"": [646, 2721, 1876, 2843], ""type"": ""handwritten"", ""text"": """"}, {""bbox"": [935, 2803, 2716, 2924], ""type"": ""handwritten"", ""text"": """"}, {""bbox"": [644, 2896, 2735, 3032], ""type"": ""handwritten"", ""text"": """"}, {""bbox"": [644, 3002, 2674, 3127], ""type"": ""handwritten"", ""text"": """"}, {""bbox"": [646, 3095, 2739, 3229], ""type"": ""handwritten"", ""text"": """"}, {""bbox"": [647, 3193, 2584, 3327], ""type"": ""handwritten"", ""text"": """"}, {""bbox"": [662, 3298, 1720, 3414], ""type"": ""handwritten"", ""text"": """"}, {""bbox"": [969, 3374, 2869, 3504], ""type"": ""handwritten"", ""text"": """"}, {""bbox"": [643, 3477, 2867, 3609], ""type"": ""handwritten"", ""text"": """"}, {""bbox"": [660, 3577, 2877, 3718], ""type"": ""handwritten"", ""text"": """"}, {""bbox"": [662, 3690, 2071, 3860], ""type"": ""handwritten"", ""text"": """"}]"
3c29b80c-3ece-4a81-abae-3a396b16abcd.jpg,"[{""bbox"": [757, 52, 1359, 202], ""type"": ""handwritten"", ""text"": """"}, {""bbox"": [266, 210, 2319, 324], ""type"": ""handwritten"", ""text"": """"}, {""bbox"": [138, 332, 1195, 465], ""type"": ""handwritten"", ""text"": """"}, {""bbox"": [218, 444, 2075, 568], ""type"": ""handwritten"", ""text"": """"}, {""bbox"": [113, 554, 2134, 708], ""type"": ""handwritten"", ""text"": """"}, {""bbox"": [94, 687, 2087, 828], ""type"": ""handwritten"", ""text"": """"}, {""bbox"": [113, 807, 1934, 945], ""type"": ""handwritten"", ""text"": """"}, {""bbox"": [110, 934, 2102, 1055], ""type"": ""handwritten"", ""text"": """"}, {""bbox"": [98, 1047, 2192, 1174], ""type"": ""handwritten"", ""text"": """"}, {""bbox"": [92, 1169, 2206, 1302], ""type"": ""handwritten"", ""text"": """"}, {""bbox"": [88, 1297, 1893, 1427], ""type"": ""handwritten"", ""text"": """"}, {""bbox"": [87, 1405, 2083, 1549], ""type"": ""handwritten"", ""text"": """"}, {""bbox"": [88, 1545, 1849, 1677], ""type"": ""handwritten"", ""text"": """"}, {""bbox"": [79, 1685, 553, 1778], ""type"": ""handwritten"", ""text"": """"}, {""bbox"": [184, 1789, 2130, 1909], ""type"": ""handwritten"", ""text"": """"}, {""bbox"": [51, 1908, 2016, 2037], ""type"": ""handwritten"", ""text"": """"}, {""bbox"": [80, 2026, 2079, 2164], ""type"": ""handwritten"", ""text"": """"}, {""bbox"": [79, 2146, 2057, 2290], ""type"": ""handwritten"", ""text"": """"}, {""bbox"": [76, 2276, 2152, 2411], ""type"": ""handwritten"", ""text"": """"}, {""bbox"": [61, 2424, 902, 2525], ""type"": ""handwritten"", ""text"": """"}, {""bbox"": [69, 2530, 1861, 2649], ""type"": ""handwritten"", ""text"": """"}, {""bbox"": [63, 2664, 2066, 2783], ""type"": ""handwritten"", ""text"": """"}, {""bbox"": [32, 2780, 2240, 2932], ""type"": ""handwritten"", ""text"": """"}]"
173db2f4-bc3a-446b-90aa-27d00caa9e1a.jpg,"[{""bbox"": [598, 357, 1188, 474], ""type"": ""handwritten"", ""text"": """"}, {""bbox"": [3339, 404, 3822, 513], ""type"": ""handwritten"", ""text"": """"}, {""bbox"": [384, 495, 2025, 620], ""type"": ""handwritten"", ""text"": """"}, {""bbox"": [2162, 516, 3903, 658], ""type"": ""handwritten"", ""text"": """"}, {""bbox"": [276, 619, 2034, 753], ""type"": ""handwritten"", ""text"": """"}, {""bbox"": [2145, 636, 3743, 765], ""type"": ""handwritten"", ""text"": """"}, {""bbox"": [277, 737, 2037, 876], ""type"": ""handwritten"", ""text"": """"}, {""bbox"": [2154, 746, 3724, 885], ""type"": ""handwritten"", ""text"": """"}, {""bbox"": [252, 866, 1942, 1002], ""type"": ""handwritten"", ""text"": """"}, {""bbox"": [2144, 885, 3787, 1006], ""type"": ""handwritten"", ""text"": """"}, {""bbox"": [263, 991, 1975, 1126], ""type"": ""handwritten"", ""text"": """"}, {""bbox"": [2143, 995, 3794, 1134], ""type"": ""handwritten"", ""text"": """"}, {""bbox"": [260, 1123, 1880, 1257], ""type"": ""handwritten"", ""text"": """"}, {""bbox"": [2147, 1137, 3819, 1256], ""type"": ""handwritten"", ""text"": """"}, {""bbox"": [258, 1237, 1978, 1383], ""type"": ""handwritten"", ""text"": """"}, {""bbox"": [2146, 1250, 3298, 1376], ""type"": ""handwritten"", ""text"": """"}, {""bbox"": [245, 1374, 1867, 1492], ""type"": ""handwritten"", ""text"": """"}, {""bbox"": [2283, 1378, 3862, 1500], ""type"": ""handwritten"", ""text"": """"}, {""bbox"": [254, 1496, 1893, 1629], ""type"": ""handwritten"", ""text"": """"}, {""bbox"": [2146, 1496, 3886, 1622], ""type"": ""handwritten"", ""text"": """"}, {""bbox"": [265, 1618, 2022, 1749], ""type"": ""handwritten"", ""text"": """"}, {""bbox"": [2127, 1621, 3850, 1746], ""type"": ""handwritten"", ""text"": """"}, {""bbox"": [263, 1746, 1999, 1882], ""type"": ""handwritten"", ""text"": """"}, {""bbox"": [2133, 1758, 3861, 1887], ""type"": ""handwritten"", ""text"": """"}, {""bbox"": [245, 1868, 1883, 2012], ""type"": ""handwritten"", ""text"": """"}, {""bbox"": [2143, 1874, 3852, 2015], ""type"": ""handwritten"", ""text"": """"}, {""bbox"": [241, 2004, 1975, 2138], ""type"": ""handwritten"", ""text"": """"}, {""bbox"": [2143, 2004, 3782, 2136], ""type"": ""handwritten"", ""text"": """"}, {""bbox"": [234, 2132, 512, 2234], ""type"": ""handwritten"", ""text"": """"}, {""bbox"": [2236, 2132, 3757, 2257], ""type"": ""handwritten"", ""text"": """"}, {""bbox"": [2141, 2259, 3840, 2391], ""type"": ""handwritten"", ""text"": """"}, {""bbox"": [379, 2268, 2007, 2397], ""type"": ""handwritten"", ""text"": """"}, {""bbox"": [2139, 2379, 3855, 2519], ""type"": ""handwritten"", ""text"": """"}, {""bbox"": [229, 2390, 2037, 2538], ""type"": ""handwritten"", ""text"": """"}, {""bbox"": [2142, 2505, 3735, 2647], ""type"": ""handwritten"", ""text"": """"}, {""bbox"": [234, 2530, 2013, 2662], ""type"": ""handwritten"", ""text"": """"}, {""bbox"": [2145, 2636, 3882, 2761], ""type"": ""handwritten"", ""text"": """"}, {""bbox"": [223, 2658, 1858, 2809], ""type"": ""handwritten"", ""text"": """"}, {""bbox"": [2120, 2766, 2489, 2876], ""type"": ""handwritten"", ""text"": """"}, {""bbox"": [232, 2793, 1967, 2919], ""type"": ""handwritten"", ""text"": """"}]"
0341e0e1-a15e-4c05-9492-112a1fdba233.jpg,"[{""bbox"": [224, 232, 2769, 374], ""type"": ""handwritten"", ""text"": """"}, {""bbox"": [223, 357, 2726, 480], ""type"": ""handwritten"", ""text"": """"}, {""bbox"": [227, 469, 2823, 609], ""type"": ""handwritten"", ""text"": """"}, {""bbox"": [227, 593, 2705, 732], ""type"": ""handwritten"", ""text"": """"}, {""bbox"": [224, 716, 2005, 837], ""type"": ""handwritten"", ""text"": """"}, {""bbox"": [360, 825, 2834, 959], ""type"": ""handwritten"", ""text"": """"}, {""bbox"": [222, 947, 2727, 1075], ""type"": ""handwritten"", ""text"": """"}, {""bbox"": [230, 1052, 2789, 1196], ""type"": ""handwritten"", ""text"": """"}, {""bbox"": [227, 1176, 2829, 1318], ""type"": ""handwritten"", ""text"": """"}, {""bbox"": [233, 1295, 2563, 1424], ""type"": ""handwritten"", ""text"": """"}, {""bbox"": [249, 1409, 698, 1514], ""type"": ""handwritten"", ""text"": """"}]"
377e3119-9473-4695-aed1-c9a56c9bee8b.jpg,"[{""bbox"": [429, 119, 1991, 307], ""type"": ""handwritten"", ""text"": """"}, {""bbox"": [2051, 133, 3629, 239], ""type"": ""handwritten"", ""text"": """"}, {""bbox"": [2053, 226, 3455, 340], ""type"": ""handwritten"", ""text"": """"}, {""bbox"": [370, 232, 2004, 421], ""type"": ""handwritten"", ""text"": """"}, {""bbox"": [2061, 321, 3639, 432], ""type"": ""handwritten"", ""text"": """"}, {""bbox"": [349, 325, 1956, 530], ""type"": ""handwritten"", ""text"": """"}, {""bbox"": [356, 338, 1981, 657], ""type"": ""handwritten"", ""text"": """"}, {""bbox"": [2059, 417, 3632, 522], ""type"": ""handwritten"", ""text"": """"}, {""bbox"": [343, 490, 682, 594], ""type"": ""handwritten"", ""text"": """"}, {""bbox"": [2066, 512, 2806, 595], ""type"": ""handwritten"", ""text"": """"}, {""bbox"": [469, 526, 1765, 689], ""type"": ""handwritten"", ""text"": """"}, {""bbox"": [351, 603, 1945, 798], ""type"": ""handwritten"", ""text"": """"}, {""bbox"": [349, 697, 1985, 899], ""type"": ""handwritten"", ""text"": """"}, {""bbox"": [366, 855, 847, 969], ""type"": ""handwritten"", ""text"": """"}, {""bbox"": [437, 897, 2026, 1061], ""type"": ""handwritten"", ""text"": """"}, {""bbox"": [340, 976, 2035, 1153], ""type"": ""handwritten"", ""text"": """"}, {""bbox"": [351, 1082, 1991, 1258], ""type"": ""handwritten"", ""text"": """"}, {""bbox"": [341, 1193, 2017, 1355], ""type"": ""handwritten"", ""text"": """"}, {""bbox"": [356, 1301, 1629, 1441], ""type"": ""handwritten"", ""text"": """"}, {""bbox"": [450, 1390, 1959, 1542], ""type"": ""handwritten"", ""text"": """"}, {""bbox"": [351, 1488, 1889, 1637], ""type"": ""handwritten"", ""text"": """"}, {""bbox"": [348, 1591, 1829, 1734], ""type"": ""handwritten"", ""text"": """"}, {""bbox"": [352, 1705, 1889, 1826], ""type"": ""handwritten"", ""text"": """"}, {""bbox"": [344, 1798, 2048, 1928], ""type"": ""handwritten"", ""text"": """"}, {""bbox"": [326, 1898, 2084, 2038], ""type"": ""handwritten"", ""text"": """"}, {""bbox"": [330, 2012, 2012, 2146], ""type"": ""handwritten"", ""text"": """"}, {""bbox"": [339, 2143, 675, 2248], ""type"": ""handwritten"", ""text"": """"}, {""bbox"": [514, 2206, 2077, 2349], ""type"": ""handwritten"", ""text"": """"}]"
2e216d29-29f6-49de-837c-42d4400e5389.jpg,"[{""bbox"": [512, 502, 4302, 836], ""type"": ""handwritten"", ""text"": """"}, {""bbox"": [513, 807, 4779, 1062], ""type"": ""handwritten"", ""text"": """"}, {""bbox"": [564, 1036, 4366, 1298], ""type"": ""handwritten"", ""text"": """"}, {""bbox"": [533, 1265, 4774, 1534], ""type"": ""handwritten"", ""text"": """"}, {""bbox"": [503, 1515, 4755, 1771], ""type"": ""handwritten"", ""text"": """"}, {""bbox"": [512, 1739, 4648, 2005], ""type"": ""handwritten"", ""text"": """"}, {""bbox"": [493, 1982, 4501, 2235], ""type"": ""handwritten"", ""text"": """"}, {""bbox"": [446, 2208, 4673, 2483], ""type"": ""handwritten"", ""text"": """"}, {""bbox"": [542, 2437, 1925, 2674], ""type"": ""handwritten"", ""text"": """"}, {""bbox"": [975, 2668, 4521, 2940], ""type"": ""handwritten"", ""text"": """"}, {""bbox"": [475, 2910, 4473, 3180], ""type"": ""handwritten"", ""text"": """"}, {""bbox"": [473, 3147, 4676, 3428], ""type"": ""handwritten"", ""text"": """"}, {""bbox"": [456, 3374, 4579, 3668], ""type"": ""handwritten"", ""text"": """"}, {""bbox"": [469, 3625, 4723, 3922], ""type"": ""handwritten"", ""text"": """"}]"
364474eb-bc10-482f-82c3-503b8c1ff194.jpg,"[{""bbox"": [2351, 880, 4928, 1381], ""type"": ""handwritten"", ""text"": """"}, {""bbox"": [658, 1336, 6983, 1773], ""type"": ""handwritten"", ""text"": """"}, {""bbox"": [206, 1740, 6139, 2182], ""type"": ""handwritten"", ""text"": """"}, {""bbox"": [202, 2141, 6932, 2579], ""type"": ""handwritten"", ""text"": """"}, {""bbox"": [175, 2517, 6971, 2948], ""type"": ""handwritten"", ""text"": """"}, {""bbox"": [197, 2922, 6699, 3367], ""type"": ""handwritten"", ""text"": """"}, {""bbox"": [159, 3324, 6942, 3773], ""type"": ""handwritten"", ""text"": """"}, {""bbox"": [138, 3746, 6887, 4149], ""type"": ""handwritten"", ""text"": """"}, {""bbox"": [164, 4096, 6892, 4521], ""type"": ""handwritten"", ""text"": """"}, {""bbox"": [141, 4479, 6666, 4896], ""type"": ""handwritten"", ""text"": """"}, {""bbox"": [144, 4838, 6982, 5279], ""type"": ""handwritten"", ""text"": """"}, {""bbox"": [182, 5231, 7091, 5667], ""type"": ""handwritten"", ""text"": """"}, {""bbox"": [132, 5623, 6660, 6068], ""type"": ""handwritten"", ""text"": """"}, {""bbox"": [86, 6018, 5683, 6444], ""type"": ""handwritten"", ""text"": """"}, {""bbox"": [690, 6379, 6452, 6808], ""type"": ""handwritten"", ""text"": """"}, {""bbox"": [117, 6768, 6108, 7184], ""type"": ""handwritten"", ""text"": """"}, {""bbox"": [158, 7139, 6804, 7586], ""type"": ""handwritten"", ""text"": """"}, {""bbox"": [118, 7528, 6688, 7946], ""type"": ""handwritten"", ""text"": """"}, {""bbox"": [165, 7935, 6717, 8330], ""type"": ""handwritten"", ""text"": """"}, {""bbox"": [188, 8292, 6561, 8714], ""type"": ""handwritten"", ""text"": """"}, {""bbox"": [176, 8732, 1317, 9073], ""type"": ""handwritten"", ""text"": """"}, {""bbox"": [457, 9041, 6677, 9444], ""type"": ""handwritten"", ""text"": """"}, {""bbox"": [67, 9405, 6755, 9869], ""type"": ""handwritten"", ""text"": """"}]"
2c17848f-8fe2-4ed4-abf3-8705a4603384.jpg,"[{""bbox"": [598, 240, 2410, 383], ""type"": ""handwritten"", ""text"": """"}, {""bbox"": [739, 375, 1568, 504], ""type"": ""handwritten"", ""text"": """"}, {""bbox"": [304, 492, 2595, 640], ""type"": ""handwritten"", ""text"": """"}, {""bbox"": [165, 637, 2069, 780], ""type"": ""handwritten"", ""text"": """"}, {""bbox"": [344, 765, 2593, 898], ""type"": ""handwritten"", ""text"": """"}, {""bbox"": [154, 889, 2528, 1043], ""type"": ""handwritten"", ""text"": """"}, {""bbox"": [153, 1038, 2606, 1190], ""type"": ""handwritten"", ""text"": """"}, {""bbox"": [137, 1178, 2600, 1320], ""type"": ""handwritten"", ""text"": """"}, {""bbox"": [134, 1308, 2597, 1453], ""type"": ""handwritten"", ""text"": """"}, {""bbox"": [140, 1452, 2461, 1597], ""type"": ""handwritten"", ""text"": """"}, {""bbox"": [141, 1585, 2589, 1730], ""type"": ""handwritten"", ""text"": """"}, {""bbox"": [124, 1717, 2675, 1867], ""type"": ""handwritten"", ""text"": """"}, {""bbox"": [116, 1865, 2626, 2011], ""type"": ""handwritten"", ""text"": """"}, {""bbox"": [247, 1994, 2553, 2146], ""type"": ""handwritten"", ""text"": """"}, {""bbox"": [106, 2141, 2520, 2295], ""type"": ""handwritten"", ""text"": """"}, {""bbox"": [97, 2281, 2469, 2429], ""type"": ""handwritten"", ""text"": """"}, {""bbox"": [109, 2423, 2600, 2577], ""type"": ""handwritten"", ""text"": """"}, {""bbox"": [110, 2573, 2562, 2725], ""type"": ""handwritten"", ""text"": """"}, {""bbox"": [113, 2712, 2521, 2861], ""type"": ""handwritten"", ""text"": """"}, {""bbox"": [98, 2857, 2577, 3014], ""type"": ""handwritten"", ""text"": """"}, {""bbox"": [109, 3004, 2642, 3151], ""type"": ""handwritten"", ""text"": """"}, {""bbox"": [101, 3147, 2693, 3302], ""type"": ""handwritten"", ""text"": """"}, {""bbox"": [130, 3297, 2418, 3454], ""type"": ""handwritten"", ""text"": """"}]"
34f945c0-7e77-4309-92ea-59975b0798d4.jpg,"[{""bbox"": [4, 20, 273, 1306], ""type"": ""image"", ""text"": """"}, {""bbox"": [1010, 101, 1903, 257], ""type"": ""handwritten"", ""text"": """"}, {""bbox"": [293, 318, 2399, 427], ""type"": ""handwritten"", ""text"": """"}, {""bbox"": [280, 505, 2546, 624], ""type"": ""handwritten"", ""text"": """"}, {""bbox"": [272, 671, 2565, 800], ""type"": ""handwritten"", ""text"": """"}, {""bbox"": [363, 869, 2491, 1003], ""type"": ""handwritten"", ""text"": """"}, {""bbox"": [272, 1056, 2564, 1179], ""type"": ""handwritten"", ""text"": """"}, {""bbox"": [356, 1231, 2631, 1372], ""type"": ""handwritten"", ""text"": """"}, {""bbox"": [280, 1434, 2503, 1557], ""type"": ""handwritten"", ""text"": """"}, {""bbox"": [271, 1634, 689, 1722], ""type"": ""handwritten"", ""text"": """"}, {""bbox"": [424, 1792, 2470, 1922], ""type"": ""handwritten"", ""text"": """"}, {""bbox"": [363, 1965, 2622, 2099], ""type"": ""handwritten"", ""text"": """"}, {""bbox"": [312, 2145, 2564, 2279], ""type"": ""handwritten"", ""text"": """"}, {""bbox"": [353, 2337, 2637, 2471], ""type"": ""handwritten"", ""text"": """"}, {""bbox"": [350, 2504, 2628, 2672], ""type"": ""handwritten"", ""text"": """"}, {""bbox"": [428, 2683, 2559, 2871], ""type"": ""handwritten"", ""text"": """"}, {""bbox"": [353, 2863, 2520, 3041], ""type"": ""handwritten"", ""text"": """"}]"
8d61156d-be9d-43a5-82b8-8ac68bb0c74f.jpg,"[{""bbox"": [403, 120, 572, 154], ""type"": ""handwritten"", ""text"": """"}, {""bbox"": [126, 209, 851, 252], ""type"": ""handwritten"", ""text"": """"}, {""bbox"": [122, 229, 1081, 288], ""type"": ""handwritten"", ""text"": """"}, {""bbox"": [122, 273, 1103, 329], ""type"": ""handwritten"", ""text"": """"}, {""bbox"": [120, 312, 1063, 371], ""type"": ""handwritten"", ""text"": """"}, {""bbox"": [119, 347, 1084, 403], ""type"": ""handwritten"", ""text"": """"}, {""bbox"": [119, 382, 1115, 432], ""type"": ""handwritten"", ""text"": """"}, {""bbox"": [123, 422, 1121, 473], ""type"": ""handwritten"", ""text"": """"}, {""bbox"": [125, 467, 1104, 512], ""type"": ""handwritten"", ""text"": """"}, {""bbox"": [126, 507, 1073, 550], ""type"": ""handwritten"", ""text"": """"}, {""bbox"": [128, 550, 203, 588], ""type"": ""handwritten"", ""text"": """"}, {""bbox"": [127, 590, 1087, 631], ""type"": ""handwritten"", ""text"": """"}, {""bbox"": [128, 628, 1129, 670], ""type"": ""handwritten"", ""text"": """"}, {""bbox"": [128, 670, 1128, 711], ""type"": ""handwritten"", ""text"": """"}, {""bbox"": [131, 711, 1111, 753], ""type"": ""handwritten"", ""text"": """"}, {""bbox"": [133, 750, 1141, 790], ""type"": ""handwritten"", ""text"": """"}, {""bbox"": [134, 790, 1106, 829], ""type"": ""handwritten"", ""text"": """"}, {""bbox"": [135, 829, 1103, 870], ""type"": ""handwritten"", ""text"": """"}, {""bbox"": [143, 876, 1150, 917], ""type"": ""handwritten"", ""text"": """"}, {""bbox"": [140, 921, 1137, 969], ""type"": ""handwritten"", ""text"": """"}, {""bbox"": [139, 967, 972, 1012], ""type"": ""handwritten"", ""text"": """"}]"
25482213-5d8f-40f3-bf91-a7931d78381e.jpg,"[{""bbox"": [318, 301, 2589, 454], ""type"": ""handwritten"", ""text"": """"}, {""bbox"": [2081, 398, 2836, 1258], ""type"": ""image"", ""text"": """"}, {""bbox"": [770, 477, 1655, 691], ""type"": ""handwritten"", ""text"": """"}, {""bbox"": [431, 684, 2018, 867], ""type"": ""handwritten"", ""text"": """"}, {""bbox"": [307, 893, 2161, 1050], ""type"": ""handwritten"", ""text"": """"}, {""bbox"": [299, 1047, 2483, 1232], ""type"": ""handwritten"", ""text"": """"}, {""bbox"": [305, 1054, 1540, 1217], ""type"": ""handwritten"", ""text"": """"}, {""bbox"": [434, 1217, 2631, 1398], ""type"": ""handwritten"", ""text"": """"}, {""bbox"": [323, 1385, 2492, 1586], ""type"": ""handwritten"", ""text"": """"}, {""bbox"": [311, 1583, 2633, 1762], ""type"": ""handwritten"", ""text"": """"}, {""bbox"": [325, 1765, 2661, 1932], ""type"": ""handwritten"", ""text"": """"}, {""bbox"": [335, 1939, 2657, 2095], ""type"": ""handwritten"", ""text"": """"}, {""bbox"": [330, 2105, 2646, 2278], ""type"": ""handwritten"", ""text"": """"}, {""bbox"": [355, 2276, 2684, 2438], ""type"": ""handwritten"", ""text"": """"}, {""bbox"": [347, 2449, 2813, 2615], ""type"": ""handwritten"", ""text"": """"}, {""bbox"": [350, 2624, 2625, 2783], ""type"": ""handwritten"", ""text"": """"}, {""bbox"": [362, 2793, 903, 2920], ""type"": ""handwritten"", ""text"": """"}, {""bbox"": [517, 2945, 2626, 3121], ""type"": ""handwritten"", ""text"": """"}, {""bbox"": [76, 3078, 1083, 3902], ""type"": ""annotation"", ""text"": """"}, {""bbox"": [80, 3090, 1070, 3862], ""type"": ""image"", ""text"": """"}, {""bbox"": [561, 3133, 2722, 3323], ""type"": ""handwritten"", ""text"": """"}, {""bbox"": [850, 3294, 2699, 3519], ""type"": ""handwritten"", ""text"": """"}, {""bbox"": [879, 3477, 2617, 3679], ""type"": ""handwritten"", ""text"": """"}, {""bbox"": [1051, 3650, 2600, 3866], ""type"": ""handwritten"", ""text"": """"}]"
0202d8d0-d9a3-4d25-a041-90f5720f3f51.jpg,"[{""bbox"": [203, 16, 400, 76], ""type"": ""handwritten"", ""text"": """"}, {""bbox"": [187, 68, 498, 122], ""type"": ""handwritten"", ""text"": """"}, {""bbox"": [93, 105, 768, 173], ""type"": ""handwritten"", ""text"": """"}, {""bbox"": [2, 153, 762, 220], ""type"": ""handwritten"", ""text"": """"}, {""bbox"": [2, 187, 197, 243], ""type"": ""handwritten"", ""text"": """"}, {""bbox"": [74, 240, 784, 297], ""type"": ""handwritten"", ""text"": """"}, {""bbox"": [5, 284, 784, 340], ""type"": ""handwritten"", ""text"": """"}, {""bbox"": [2, 330, 788, 385], ""type"": ""handwritten"", ""text"": """"}, {""bbox"": [5, 376, 789, 428], ""type"": ""handwritten"", ""text"": """"}, {""bbox"": [5, 421, 791, 468], ""type"": ""handwritten"", ""text"": """"}, {""bbox"": [5, 462, 786, 511], ""type"": ""handwritten"", ""text"": """"}, {""bbox"": [6, 508, 792, 554], ""type"": ""handwritten"", ""text"": """"}, {""bbox"": [5, 552, 794, 599], ""type"": ""handwritten"", ""text"": """"}, {""bbox"": [6, 593, 796, 640], ""type"": ""handwritten"", ""text"": """"}, {""bbox"": [7, 637, 759, 689], ""type"": ""handwritten"", ""text"": """"}, {""bbox"": [2, 686, 235, 728], ""type"": ""handwritten"", ""text"": """"}, {""bbox"": [68, 722, 803, 773], ""type"": ""handwritten"", ""text"": """"}, {""bbox"": [5, 766, 802, 815], ""type"": ""handwritten"", ""text"": """"}, {""bbox"": [4, 810, 805, 861], ""type"": ""handwritten"", ""text"": """"}, {""bbox"": [13, 857, 810, 910], ""type"": ""handwritten"", ""text"": """"}, {""bbox"": [13, 900, 813, 962], ""type"": ""handwritten"", ""text"": """"}, {""bbox"": [4, 962, 227, 1005], ""type"": ""handwritten"", ""text"": """"}, {""bbox"": [66, 980, 811, 1079], ""type"": ""handwritten"", ""text"": """"}]"
fce05c45-288c-4d18-8295-915d47df76f3.jpg,"[{""bbox"": [40, 228, 544, 279], ""type"": ""handwritten"", ""text"": """"}, {""bbox"": [43, 295, 521, 351], ""type"": ""handwritten"", ""text"": """"}, {""bbox"": [37, 311, 537, 374], ""type"": ""handwritten"", ""text"": """"}, {""bbox"": [37, 337, 537, 409], ""type"": ""handwritten"", ""text"": """"}, {""bbox"": [37, 370, 534, 424], ""type"": ""handwritten"", ""text"": """"}, {""bbox"": [38, 441, 183, 474], ""type"": ""handwritten"", ""text"": """"}, {""bbox"": [53, 445, 537, 497], ""type"": ""handwritten"", ""text"": """"}, {""bbox"": [41, 482, 542, 529], ""type"": ""handwritten"", ""text"": """"}, {""bbox"": [40, 513, 516, 562], ""type"": ""handwritten"", ""text"": """"}, {""bbox"": [42, 532, 542, 586], ""type"": ""handwritten"", ""text"": """"}, {""bbox"": [41, 570, 486, 612], ""type"": ""handwritten"", ""text"": """"}, {""bbox"": [44, 602, 525, 643], ""type"": ""handwritten"", ""text"": """"}, {""bbox"": [39, 625, 544, 668], ""type"": ""handwritten"", ""text"": """"}, {""bbox"": [429, 1133, 574, 1279], ""type"": ""image"", ""text"": """"}]"
904249d2-3ecc-481c-94f8-bdb2ce82906b.jpg,"[{""bbox"": [159, 151, 399, 184], ""type"": ""handwritten"", ""text"": """"}, {""bbox"": [49, 177, 571, 215], ""type"": ""handwritten"", ""text"": """"}, {""bbox"": [5, 211, 558, 244], ""type"": ""handwritten"", ""text"": """"}, {""bbox"": [7, 268, 560, 304], ""type"": ""handwritten"", ""text"": """"}, {""bbox"": [8, 301, 557, 341], ""type"": ""handwritten"", ""text"": """"}, {""bbox"": [4, 336, 361, 369], ""type"": ""handwritten"", ""text"": """"}, {""bbox"": [55, 361, 563, 396], ""type"": ""handwritten"", ""text"": """"}, {""bbox"": [9, 391, 565, 424], ""type"": ""handwritten"", ""text"": """"}, {""bbox"": [11, 418, 558, 450], ""type"": ""handwritten"", ""text"": """"}, {""bbox"": [8, 445, 545, 475], ""type"": ""handwritten"", ""text"": """"}, {""bbox"": [10, 471, 568, 501], ""type"": ""handwritten"", ""text"": """"}, {""bbox"": [10, 495, 489, 521], ""type"": ""handwritten"", ""text"": """"}, {""bbox"": [7, 519, 559, 547], ""type"": ""handwritten"", ""text"": """"}, {""bbox"": [11, 544, 186, 569], ""type"": ""handwritten"", ""text"": """"}, {""bbox"": [19, 554, 560, 586], ""type"": ""handwritten"", ""text"": """"}, {""bbox"": [60, 563, 537, 590], ""type"": ""handwritten"", ""text"": """"}, {""bbox"": [9, 584, 562, 609], ""type"": ""handwritten"", ""text"": """"}, {""bbox"": [12, 603, 559, 630], ""type"": ""handwritten"", ""text"": """"}, {""bbox"": [25, 624, 505, 649], ""type"": ""handwritten"", ""text"": """"}, {""bbox"": [6, 648, 560, 671], ""type"": ""handwritten"", ""text"": """"}, {""bbox"": [7, 668, 556, 694], ""type"": ""handwritten"", ""text"": """"}, {""bbox"": [41, 690, 521, 717], ""type"": ""handwritten"", ""text"": """"}, {""bbox"": [4, 712, 546, 738], ""type"": ""handwritten"", ""text"": """"}, {""bbox"": [3, 737, 549, 762], ""type"": ""handwritten"", ""text"": """"}, {""bbox"": [4, 757, 235, 778], ""type"": ""handwritten"", ""text"": """"}, {""bbox"": [40, 775, 549, 800], ""type"": ""handwritten"", ""text"": """"}, {""bbox"": [2, 798, 524, 826], ""type"": ""handwritten"", ""text"": """"}, {""bbox"": [2, 822, 536, 856], ""type"": ""handwritten"", ""text"": """"}, {""bbox"": [0, 848, 155, 879], ""type"": ""handwritten"", ""text"": """"}]"
a00aaa25-cf3d-465a-83e6-47ce6a4b8335.jpg,"[{""bbox"": [139, 226, 326, 283], ""type"": ""handwritten"", ""text"": """"}, {""bbox"": [57, 280, 530, 345], ""type"": ""handwritten"", ""text"": """"}, {""bbox"": [35, 325, 537, 413], ""type"": ""handwritten"", ""text"": """"}, {""bbox"": [28, 430, 544, 495], ""type"": ""handwritten"", ""text"": """"}, {""bbox"": [42, 456, 521, 516], ""type"": ""handwritten"", ""text"": """"}, {""bbox"": [25, 478, 540, 524], ""type"": ""handwritten"", ""text"": """"}, {""bbox"": [24, 504, 507, 556], ""type"": ""handwritten"", ""text"": """"}, {""bbox"": [19, 534, 566, 579], ""type"": ""handwritten"", ""text"": """"}, {""bbox"": [17, 562, 556, 602], ""type"": ""handwritten"", ""text"": """"}, {""bbox"": [21, 592, 450, 625], ""type"": ""handwritten"", ""text"": """"}, {""bbox"": [61, 642, 497, 672], ""type"": ""handwritten"", ""text"": """"}, {""bbox"": [17, 669, 497, 705], ""type"": ""handwritten"", ""text"": """"}, {""bbox"": [17, 700, 508, 733], ""type"": ""handwritten"", ""text"": """"}, {""bbox"": [19, 729, 556, 761], ""type"": ""handwritten"", ""text"": """"}, {""bbox"": [13, 756, 559, 797], ""type"": ""handwritten"", ""text"": """"}, {""bbox"": [10, 778, 449, 816], ""type"": ""handwritten"", ""text"": """"}, {""bbox"": [14, 810, 522, 850], ""type"": ""handwritten"", ""text"": """"}]"
576ee645-4900-488f-a03f-cc7364400641.jpg,"[{""bbox"": [33, 184, 570, 221], ""type"": ""handwritten"", ""text"": """"}, {""bbox"": [32, 214, 567, 252], ""type"": ""handwritten"", ""text"": """"}, {""bbox"": [33, 246, 514, 285], ""type"": ""handwritten"", ""text"": """"}, {""bbox"": [31, 280, 468, 315], ""type"": ""handwritten"", ""text"": """"}, {""bbox"": [30, 306, 516, 345], ""type"": ""handwritten"", ""text"": """"}, {""bbox"": [29, 339, 484, 376], ""type"": ""handwritten"", ""text"": """"}, {""bbox"": [31, 370, 572, 404], ""type"": ""handwritten"", ""text"": """"}, {""bbox"": [28, 401, 494, 436], ""type"": ""handwritten"", ""text"": """"}, {""bbox"": [33, 432, 417, 464], ""type"": ""handwritten"", ""text"": """"}, {""bbox"": [31, 491, 537, 524], ""type"": ""handwritten"", ""text"": """"}, {""bbox"": [31, 521, 505, 554], ""type"": ""handwritten"", ""text"": """"}, {""bbox"": [30, 551, 530, 582], ""type"": ""handwritten"", ""text"": """"}, {""bbox"": [30, 577, 571, 610], ""type"": ""handwritten"", ""text"": """"}, {""bbox"": [28, 602, 512, 638], ""type"": ""handwritten"", ""text"": """"}, {""bbox"": [23, 632, 555, 671], ""type"": ""handwritten"", ""text"": """"}, {""bbox"": [17, 665, 540, 704], ""type"": ""handwritten"", ""text"": """"}, {""bbox"": [13, 697, 520, 737], ""type"": ""handwritten"", ""text"": """"}, {""bbox"": [15, 730, 402, 764], ""type"": ""handwritten"", ""text"": """"}, {""bbox"": [15, 760, 564, 798], ""type"": ""handwritten"", ""text"": """"}, {""bbox"": [14, 790, 490, 830], ""type"": ""handwritten"", ""text"": """"}, {""bbox"": [19, 818, 494, 865], ""type"": ""handwritten"", ""text"": """"}, {""bbox"": [12, 847, 472, 908], ""type"": ""handwritten"", ""text"": """"}, {""bbox"": [2, 1154, 131, 1190], ""type"": ""printed"", ""text"": """"}]"
9800f213-24fb-4371-b3b5-966fc35852ac.jpg,"[{""bbox"": [69, 277, 570, 318], ""type"": ""handwritten"", ""text"": """"}, {""bbox"": [71, 312, 530, 352], ""type"": ""handwritten"", ""text"": """"}, {""bbox"": [72, 347, 552, 391], ""type"": ""handwritten"", ""text"": """"}, {""bbox"": [71, 388, 540, 427], ""type"": ""handwritten"", ""text"": """"}, {""bbox"": [68, 423, 538, 461], ""type"": ""handwritten"", ""text"": """"}, {""bbox"": [135, 461, 562, 495], ""type"": ""handwritten"", ""text"": """"}, {""bbox"": [64, 491, 554, 524], ""type"": ""handwritten"", ""text"": """"}, {""bbox"": [64, 522, 523, 558], ""type"": ""handwritten"", ""text"": """"}, {""bbox"": [64, 556, 542, 590], ""type"": ""handwritten"", ""text"": """"}, {""bbox"": [61, 588, 557, 625], ""type"": ""handwritten"", ""text"": """"}, {""bbox"": [59, 624, 522, 661], ""type"": ""handwritten"", ""text"": """"}, {""bbox"": [59, 649, 166, 686], ""type"": ""handwritten"", ""text"": """"}, {""bbox"": [1, 1239, 78, 1256], ""type"": ""printed"", ""text"": """"}]"
5d4e5854-bc1e-466e-a379-cde3d42b50e5.jpg,"[{""bbox"": [130, 103, 267, 144], ""type"": ""handwritten"", ""text"": """"}, {""bbox"": [98, 136, 542, 178], ""type"": ""handwritten"", ""text"": """"}, {""bbox"": [94, 138, 278, 184], ""type"": ""handwritten"", ""text"": """"}, {""bbox"": [284, 138, 543, 168], ""type"": ""handwritten"", ""text"": """"}, {""bbox"": [279, 169, 538, 204], ""type"": ""handwritten"", ""text"": """"}, {""bbox"": [45, 172, 281, 212], ""type"": ""handwritten"", ""text"": """"}, {""bbox"": [279, 199, 540, 237], ""type"": ""handwritten"", ""text"": """"}, {""bbox"": [282, 229, 547, 268], ""type"": ""handwritten"", ""text"": """"}, {""bbox"": [34, 230, 277, 268], ""type"": ""handwritten"", ""text"": """"}, {""bbox"": [30, 261, 278, 299], ""type"": ""handwritten"", ""text"": """"}, {""bbox"": [282, 261, 544, 302], ""type"": ""handwritten"", ""text"": """"}, {""bbox"": [27, 297, 537, 332], ""type"": ""handwritten"", ""text"": """"}, {""bbox"": [24, 328, 538, 362], ""type"": ""handwritten"", ""text"": """"}, {""bbox"": [29, 359, 171, 391], ""type"": ""handwritten"", ""text"": """"}, {""bbox"": [76, 383, 553, 427], ""type"": ""handwritten"", ""text"": """"}, {""bbox"": [24, 421, 505, 461], ""type"": ""handwritten"", ""text"": """"}, {""bbox"": [29, 455, 548, 494], ""type"": ""handwritten"", ""text"": """"}, {""bbox"": [24, 487, 542, 525], ""type"": ""handwritten"", ""text"": """"}, {""bbox"": [23, 519, 541, 557], ""type"": ""handwritten"", ""text"": """"}, {""bbox"": [20, 553, 529, 591], ""type"": ""handwritten"", ""text"": """"}, {""bbox"": [18, 586, 551, 625], ""type"": ""handwritten"", ""text"": """"}, {""bbox"": [17, 599, 556, 637], ""type"": ""handwritten"", ""text"": """"}, {""bbox"": [15, 621, 560, 664], ""type"": ""handwritten"", ""text"": """"}, {""bbox"": [13, 653, 571, 707], ""type"": ""handwritten"", ""text"": """"}, {""bbox"": [11, 684, 495, 738], ""type"": ""handwritten"", ""text"": """"}, {""bbox"": [54, 720, 552, 776], ""type"": ""handwritten"", ""text"": """"}, {""bbox"": [9, 751, 563, 809], ""type"": ""handwritten"", ""text"": """"}, {""bbox"": [10, 783, 560, 851], ""type"": ""handwritten"", ""text"": """"}, {""bbox"": [9, 816, 546, 884], ""type"": ""handwritten"", ""text"": """"}, {""bbox"": [0, 957, 174, 973], ""type"": ""printed"", ""text"": """"}, {""bbox"": [2, 970, 177, 986], ""type"": ""printed"", ""text"": """"}, {""bbox"": [7, 984, 133, 1001], ""type"": ""printed"", ""text"": """"}]"
4224b634-df40-4424-ae3d-2dc7adfba528.jpg,"[{""bbox"": [43, 108, 508, 174], ""type"": ""handwritten"", ""text"": """"}, {""bbox"": [44, 143, 538, 225], ""type"": ""handwritten"", ""text"": """"}, {""bbox"": [43, 177, 563, 257], ""type"": ""handwritten"", ""text"": """"}, {""bbox"": [42, 213, 558, 284], ""type"": ""handwritten"", ""text"": """"}, {""bbox"": [38, 229, 557, 309], ""type"": ""handwritten"", ""text"": """"}, {""bbox"": [35, 268, 557, 343], ""type"": ""handwritten"", ""text"": """"}, {""bbox"": [36, 312, 513, 377], ""type"": ""handwritten"", ""text"": """"}, {""bbox"": [37, 341, 512, 405], ""type"": ""handwritten"", ""text"": """"}, {""bbox"": [34, 389, 188, 432], ""type"": ""handwritten"", ""text"": """"}, {""bbox"": [107, 432, 548, 477], ""type"": ""handwritten"", ""text"": """"}, {""bbox"": [38, 469, 524, 513], ""type"": ""handwritten"", ""text"": """"}, {""bbox"": [35, 504, 543, 547], ""type"": ""handwritten"", ""text"": """"}, {""bbox"": [31, 530, 555, 584], ""type"": ""handwritten"", ""text"": """"}, {""bbox"": [31, 561, 546, 613], ""type"": ""handwritten"", ""text"": """"}, {""bbox"": [28, 598, 522, 651], ""type"": ""handwritten"", ""text"": """"}, {""bbox"": [26, 640, 554, 686], ""type"": ""handwritten"", ""text"": """"}, {""bbox"": [26, 675, 558, 719], ""type"": ""handwritten"", ""text"": """"}, {""bbox"": [25, 709, 506, 752], ""type"": ""handwritten"", ""text"": """"}, {""bbox"": [24, 746, 487, 786], ""type"": ""handwritten"", ""text"": """"}, {""bbox"": [18, 785, 541, 827], ""type"": ""handwritten"", ""text"": """"}, {""bbox"": [13, 822, 560, 865], ""type"": ""handwritten"", ""text"": """"}, {""bbox"": [13, 860, 542, 908], ""type"": ""handwritten"", ""text"": """"}, {""bbox"": [2, 1169, 204, 1215], ""type"": ""printed"", ""text"": """"}]"
ae5d47a3-be52-4281-bc01-9a5e3e8ebbb6.jpg,"[{""bbox"": [160, 181, 476, 217], ""type"": ""handwritten"", ""text"": """"}, {""bbox"": [230, 223, 301, 261], ""type"": ""handwritten"", ""text"": """"}, {""bbox"": [102, 274, 465, 321], ""type"": ""handwritten"", ""text"": """"}, {""bbox"": [65, 320, 524, 357], ""type"": ""handwritten"", ""text"": """"}, {""bbox"": [67, 352, 505, 392], ""type"": ""handwritten"", ""text"": """"}, {""bbox"": [55, 387, 528, 427], ""type"": ""handwritten"", ""text"": """"}, {""bbox"": [61, 425, 489, 463], ""type"": ""handwritten"", ""text"": """"}, {""bbox"": [55, 458, 537, 493], ""type"": ""handwritten"", ""text"": """"}, {""bbox"": [55, 489, 504, 523], ""type"": ""handwritten"", ""text"": """"}, {""bbox"": [55, 520, 509, 556], ""type"": ""handwritten"", ""text"": """"}, {""bbox"": [53, 583, 536, 618], ""type"": ""handwritten"", ""text"": """"}, {""bbox"": [54, 613, 404, 646], ""type"": ""handwritten"", ""text"": """"}, {""bbox"": [109, 642, 518, 677], ""type"": ""handwritten"", ""text"": """"}, {""bbox"": [53, 675, 521, 712], ""type"": ""handwritten"", ""text"": """"}, {""bbox"": [52, 707, 521, 742], ""type"": ""handwritten"", ""text"": """"}, {""bbox"": [48, 737, 517, 774], ""type"": ""handwritten"", ""text"": """"}, {""bbox"": [50, 768, 521, 806], ""type"": ""handwritten"", ""text"": """"}, {""bbox"": [48, 803, 514, 844], ""type"": ""handwritten"", ""text"": """"}, {""bbox"": [0, 1083, 221, 1101], ""type"": ""printed"", ""text"": """"}, {""bbox"": [0, 1098, 226, 1118], ""type"": ""printed"", ""text"": """"}, {""bbox"": [28, 1116, 173, 1132], ""type"": ""printed"", ""text"": """"}]"
683ff306-c9f9-407e-a540-ae4a72a3cd70.jpg,"[{""bbox"": [54, 345, 530, 417], ""type"": ""handwritten"", ""text"": """"}, {""bbox"": [151, 346, 197, 365], ""type"": ""handwritten"", ""text"": """"}, {""bbox"": [56, 400, 343, 447], ""type"": ""handwritten"", ""text"": """"}, {""bbox"": [0, 530, 44, 552], ""type"": ""handwritten"", ""text"": """"}, {""bbox"": [0, 651, 34, 675], ""type"": ""handwritten"", ""text"": """"}]"
a3bb9da7-0992-4b39-a38d-9344401cd3b3.jpg,"[{""bbox"": [237, 71, 281, 97], ""type"": ""annotation"", ""text"": """"}, {""bbox"": [40, 104, 564, 142], ""type"": ""handwritten"", ""text"": """"}, {""bbox"": [39, 137, 570, 172], ""type"": ""handwritten"", ""text"": """"}, {""bbox"": [38, 166, 573, 203], ""type"": ""handwritten"", ""text"": """"}, {""bbox"": [37, 196, 566, 232], ""type"": ""handwritten"", ""text"": """"}, {""bbox"": [34, 224, 568, 261], ""type"": ""handwritten"", ""text"": """"}, {""bbox"": [30, 256, 558, 297], ""type"": ""handwritten"", ""text"": """"}, {""bbox"": [27, 291, 568, 329], ""type"": ""handwritten"", ""text"": """"}, {""bbox"": [24, 322, 563, 363], ""type"": ""handwritten"", ""text"": """"}, {""bbox"": [21, 358, 562, 398], ""type"": ""handwritten"", ""text"": """"}, {""bbox"": [62, 395, 564, 434], ""type"": ""handwritten"", ""text"": """"}, {""bbox"": [21, 433, 567, 469], ""type"": ""handwritten"", ""text"": """"}, {""bbox"": [16, 464, 561, 505], ""type"": ""handwritten"", ""text"": """"}, {""bbox"": [14, 497, 559, 537], ""type"": ""handwritten"", ""text"": """"}, {""bbox"": [8, 526, 321, 575], ""type"": ""handwritten"", ""text"": """"}, {""bbox"": [0, 615, 88, 647], ""type"": ""handwritten"", ""text"": """"}, {""bbox"": [6, 911, 167, 942], ""type"": ""printed"", ""text"": """"}, {""bbox"": [6, 919, 129, 940], ""type"": ""printed"", ""text"": """"}]"
d6ee6e8f-27dd-4745-9efe-16b55a611a0d.jpg,"[{""bbox"": [29, 319, 536, 361], ""type"": ""handwritten"", ""text"": """"}, {""bbox"": [30, 354, 553, 394], ""type"": ""handwritten"", ""text"": """"}, {""bbox"": [29, 390, 163, 424], ""type"": ""handwritten"", ""text"": """"}]"
12f1756c-9f50-473a-8299-b46f0102d032.jpg,"[{""bbox"": [181, 222, 233, 242], ""type"": ""annotation"", ""text"": """"}, {""bbox"": [42, 244, 554, 293], ""type"": ""handwritten"", ""text"": """"}, {""bbox"": [42, 291, 141, 331], ""type"": ""handwritten"", ""text"": """"}, {""bbox"": [73, 324, 505, 361], ""type"": ""handwritten"", ""text"": """"}, {""bbox"": [49, 358, 564, 396], ""type"": ""handwritten"", ""text"": """"}, {""bbox"": [55, 393, 557, 431], ""type"": ""handwritten"", ""text"": """"}, {""bbox"": [53, 428, 560, 465], ""type"": ""handwritten"", ""text"": """"}, {""bbox"": [55, 465, 514, 503], ""type"": ""handwritten"", ""text"": """"}, {""bbox"": [54, 499, 522, 536], ""type"": ""handwritten"", ""text"": """"}, {""bbox"": [51, 530, 547, 571], ""type"": ""handwritten"", ""text"": """"}, {""bbox"": [57, 565, 537, 604], ""type"": ""handwritten"", ""text"": """"}, {""bbox"": [59, 600, 505, 632], ""type"": ""handwritten"", ""text"": """"}, {""bbox"": [57, 633, 520, 673], ""type"": ""handwritten"", ""text"": """"}, {""bbox"": [60, 668, 538, 709], ""type"": ""handwritten"", ""text"": """"}, {""bbox"": [63, 705, 504, 740], ""type"": ""handwritten"", ""text"": """"}, {""bbox"": [61, 740, 504, 775], ""type"": ""handwritten"", ""text"": """"}, {""bbox"": [70, 775, 166, 802], ""type"": ""handwritten"", ""text"": """"}, {""bbox"": [65, 806, 555, 846], ""type"": ""handwritten"", ""text"": """"}, {""bbox"": [54, 843, 557, 882], ""type"": ""handwritten"", ""text"": """"}, {""bbox"": [53, 882, 543, 929], ""type"": ""handwritten"", ""text"": """"}]"
0f30872e-56cd-43d4-a77c-6d9fbd129f6f.jpg,"[{""bbox"": [53, 149, 529, 202], ""type"": ""handwritten"", ""text"": """"}, {""bbox"": [66, 215, 394, 262], ""type"": ""handwritten"", ""text"": """"}, {""bbox"": [84, 265, 536, 308], ""type"": ""handwritten"", ""text"": """"}, {""bbox"": [48, 301, 473, 343], ""type"": ""handwritten"", ""text"": """"}, {""bbox"": [48, 331, 540, 381], ""type"": ""handwritten"", ""text"": """"}, {""bbox"": [48, 369, 532, 415], ""type"": ""handwritten"", ""text"": """"}, {""bbox"": [49, 403, 549, 450], ""type"": ""handwritten"", ""text"": """"}, {""bbox"": [49, 439, 550, 486], ""type"": ""handwritten"", ""text"": """"}, {""bbox"": [55, 477, 529, 520], ""type"": ""handwritten"", ""text"": """"}, {""bbox"": [53, 519, 157, 554], ""type"": ""handwritten"", ""text"": """"}, {""bbox"": [68, 551, 540, 589], ""type"": ""handwritten"", ""text"": """"}, {""bbox"": [49, 586, 537, 624], ""type"": ""handwritten"", ""text"": """"}, {""bbox"": [51, 622, 538, 662], ""type"": ""handwritten"", ""text"": """"}, {""bbox"": [54, 657, 537, 698], ""type"": ""handwritten"", ""text"": """"}, {""bbox"": [54, 694, 545, 733], ""type"": ""handwritten"", ""text"": """"}, {""bbox"": [47, 729, 514, 771], ""type"": ""handwritten"", ""text"": """"}, {""bbox"": [51, 767, 536, 809], ""type"": ""handwritten"", ""text"": """"}, {""bbox"": [47, 805, 544, 842], ""type"": ""handwritten"", ""text"": """"}]"
d2569788-c35a-40de-afaf-ab97287dba27.jpg,"[{""bbox"": [89, 194, 549, 251], ""type"": ""handwritten"", ""text"": """"}, {""bbox"": [72, 239, 563, 307], ""type"": ""handwritten"", ""text"": """"}, {""bbox"": [68, 280, 560, 335], ""type"": ""handwritten"", ""text"": """"}, {""bbox"": [68, 312, 469, 348], ""type"": ""handwritten"", ""text"": """"}, {""bbox"": [80, 337, 549, 379], ""type"": ""handwritten"", ""text"": """"}, {""bbox"": [67, 367, 537, 401], ""type"": ""handwritten"", ""text"": """"}, {""bbox"": [66, 393, 524, 426], ""type"": ""handwritten"", ""text"": """"}, {""bbox"": [64, 419, 532, 452], ""type"": ""handwritten"", ""text"": """"}, {""bbox"": [60, 447, 540, 476], ""type"": ""handwritten"", ""text"": """"}, {""bbox"": [58, 472, 540, 502], ""type"": ""handwritten"", ""text"": """"}, {""bbox"": [11, 490, 43, 539], ""type"": ""annotation"", ""text"": """"}, {""bbox"": [58, 497, 521, 527], ""type"": ""handwritten"", ""text"": """"}, {""bbox"": [72, 522, 552, 553], ""type"": ""handwritten"", ""text"": """"}, {""bbox"": [61, 549, 531, 583], ""type"": ""handwritten"", ""text"": """"}, {""bbox"": [58, 578, 531, 610], ""type"": ""handwritten"", ""text"": """"}, {""bbox"": [65, 605, 553, 638], ""type"": ""handwritten"", ""text"": """"}, {""bbox"": [65, 633, 555, 664], ""type"": ""handwritten"", ""text"": """"}, {""bbox"": [66, 659, 560, 692], ""type"": ""handwritten"", ""text"": """"}, {""bbox"": [65, 687, 537, 719], ""type"": ""handwritten"", ""text"": """"}, {""bbox"": [66, 713, 499, 748], ""type"": ""handwritten"", ""text"": """"}, {""bbox"": [70, 739, 532, 780], ""type"": ""handwritten"", ""text"": """"}, {""bbox"": [67, 762, 232, 795], ""type"": ""handwritten"", ""text"": """"}, {""bbox"": [80, 788, 560, 834], ""type"": ""handwritten"", ""text"": """"}]"
bb053620-9fa4-49b0-8373-087167e5298f.jpg,"[{""bbox"": [48, 137, 546, 187], ""type"": ""handwritten"", ""text"": """"}, {""bbox"": [56, 183, 323, 217], ""type"": ""handwritten"", ""text"": """"}, {""bbox"": [79, 214, 538, 252], ""type"": ""handwritten"", ""text"": """"}, {""bbox"": [37, 252, 568, 289], ""type"": ""handwritten"", ""text"": """"}, {""bbox"": [36, 292, 339, 330], ""type"": ""handwritten"", ""text"": """"}, {""bbox"": [36, 331, 521, 367], ""type"": ""handwritten"", ""text"": """"}, {""bbox"": [34, 370, 562, 407], ""type"": ""handwritten"", ""text"": """"}, {""bbox"": [34, 408, 562, 445], ""type"": ""handwritten"", ""text"": """"}, {""bbox"": [30, 447, 567, 484], ""type"": ""handwritten"", ""text"": """"}, {""bbox"": [24, 485, 543, 522], ""type"": ""handwritten"", ""text"": """"}, {""bbox"": [25, 522, 568, 558], ""type"": ""handwritten"", ""text"": """"}, {""bbox"": [25, 563, 506, 600], ""type"": ""handwritten"", ""text"": """"}, {""bbox"": [34, 600, 539, 640], ""type"": ""handwritten"", ""text"": """"}, {""bbox"": [31, 641, 563, 681], ""type"": ""handwritten"", ""text"": """"}, {""bbox"": [33, 678, 559, 717], ""type"": ""handwritten"", ""text"": """"}, {""bbox"": [35, 711, 555, 754], ""type"": ""handwritten"", ""text"": """"}, {""bbox"": [38, 751, 567, 795], ""type"": ""handwritten"", ""text"": """"}, {""bbox"": [37, 785, 561, 834], ""type"": ""handwritten"", ""text"": """"}, {""bbox"": [35, 824, 487, 870], ""type"": ""handwritten"", ""text"": """"}]"
ac07749a-9930-4174-b5f0-0655c407315c.jpg,"[{""bbox"": [61, 184, 423, 224], ""type"": ""handwritten"", ""text"": """"}, {""bbox"": [43, 216, 538, 266], ""type"": ""handwritten"", ""text"": """"}, {""bbox"": [39, 262, 483, 302], ""type"": ""handwritten"", ""text"": """"}, {""bbox"": [28, 299, 497, 339], ""type"": ""handwritten"", ""text"": """"}, {""bbox"": [30, 333, 310, 377], ""type"": ""handwritten"", ""text"": """"}, {""bbox"": [42, 374, 518, 412], ""type"": ""handwritten"", ""text"": """"}, {""bbox"": [39, 409, 542, 449], ""type"": ""handwritten"", ""text"": """"}, {""bbox"": [25, 449, 522, 484], ""type"": ""handwritten"", ""text"": """"}, {""bbox"": [27, 488, 484, 522], ""type"": ""handwritten"", ""text"": """"}, {""bbox"": [27, 523, 496, 557], ""type"": ""handwritten"", ""text"": """"}, {""bbox"": [52, 561, 505, 582], ""type"": ""handwritten"", ""text"": """"}, {""bbox"": [22, 579, 456, 599], ""type"": ""handwritten"", ""text"": """"}, {""bbox"": [18, 605, 509, 635], ""type"": ""handwritten"", ""text"": """"}, {""bbox"": [16, 638, 495, 672], ""type"": ""handwritten"", ""text"": """"}, {""bbox"": [33, 677, 513, 711], ""type"": ""handwritten"", ""text"": """"}, {""bbox"": [8, 714, 514, 750], ""type"": ""handwritten"", ""text"": """"}, {""bbox"": [17, 789, 520, 828], ""type"": ""handwritten"", ""text"": """"}, {""bbox"": [13, 825, 527, 868], ""type"": ""handwritten"", ""text"": """"}, {""bbox"": [9, 861, 526, 904], ""type"": ""handwritten"", ""text"": """"}, {""bbox"": [10, 894, 499, 936], ""type"": ""handwritten"", ""text"": """"}]"
484b4963-1d6d-4766-9057-954bda8a6118.jpg,"[{""bbox"": [33, 227, 143, 260], ""type"": ""handwritten"", ""text"": """"}, {""bbox"": [70, 244, 468, 288], ""type"": ""handwritten"", ""text"": """"}, {""bbox"": [19, 279, 503, 319], ""type"": ""handwritten"", ""text"": """"}, {""bbox"": [23, 311, 426, 349], ""type"": ""handwritten"", ""text"": """"}, {""bbox"": [23, 341, 472, 379], ""type"": ""handwritten"", ""text"": """"}, {""bbox"": [25, 372, 456, 412], ""type"": ""handwritten"", ""text"": """"}, {""bbox"": [27, 404, 442, 439], ""type"": ""handwritten"", ""text"": """"}, {""bbox"": [19, 434, 504, 475], ""type"": ""handwritten"", ""text"": """"}, {""bbox"": [35, 465, 295, 504], ""type"": ""handwritten"", ""text"": """"}]"
27855adb-b372-4d01-a0c3-9dc209e9c93b.jpg,"[{""bbox"": [11, 187, 430, 225], ""type"": ""handwritten"", ""text"": """"}, {""bbox"": [548, 187, 576, 216], ""type"": ""handwritten"", ""text"": """"}, {""bbox"": [10, 217, 469, 257], ""type"": ""handwritten"", ""text"": """"}, {""bbox"": [534, 244, 576, 277], ""type"": ""handwritten"", ""text"": """"}, {""bbox"": [11, 246, 519, 286], ""type"": ""handwritten"", ""text"": """"}, {""bbox"": [542, 273, 577, 304], ""type"": ""handwritten"", ""text"": """"}, {""bbox"": [66, 276, 502, 317], ""type"": ""handwritten"", ""text"": """"}, {""bbox"": [60, 278, 500, 341], ""type"": ""handwritten"", ""text"": """"}, {""bbox"": [539, 302, 576, 336], ""type"": ""handwritten"", ""text"": """"}, {""bbox"": [7, 304, 491, 349], ""type"": ""handwritten"", ""text"": """"}, {""bbox"": [15, 335, 469, 379], ""type"": ""handwritten"", ""text"": """"}, {""bbox"": [543, 337, 576, 367], ""type"": ""handwritten"", ""text"": """"}, {""bbox"": [19, 366, 355, 408], ""type"": ""handwritten"", ""text"": """"}, {""bbox"": [549, 366, 576, 392], ""type"": ""handwritten"", ""text"": """"}, {""bbox"": [536, 391, 577, 425], ""type"": ""handwritten"", ""text"": """"}, {""bbox"": [73, 392, 452, 434], ""type"": ""handwritten"", ""text"": """"}, {""bbox"": [15, 427, 521, 464], ""type"": ""handwritten"", ""text"": """"}, {""bbox"": [20, 458, 505, 491], ""type"": ""handwritten"", ""text"": """"}, {""bbox"": [21, 484, 522, 519], ""type"": ""handwritten"", ""text"": """"}, {""bbox"": [22, 514, 521, 546], ""type"": ""handwritten"", ""text"": """"}, {""bbox"": [23, 541, 512, 576], ""type"": ""handwritten"", ""text"": """"}, {""bbox"": [18, 570, 520, 604], ""type"": ""handwritten"", ""text"": """"}, {""bbox"": [22, 599, 506, 634], ""type"": ""handwritten"", ""text"": """"}, {""bbox"": [25, 628, 523, 662], ""type"": ""handwritten"", ""text"": """"}, {""bbox"": [28, 656, 473, 688], ""type"": ""handwritten"", ""text"": """"}, {""bbox"": [25, 685, 473, 719], ""type"": ""handwritten"", ""text"": """"}, {""bbox"": [26, 715, 510, 749], ""type"": ""handwritten"", ""text"": """"}, {""bbox"": [19, 774, 480, 810], ""type"": ""handwritten"", ""text"": """"}, {""bbox"": [17, 802, 501, 843], ""type"": ""handwritten"", ""text"": """"}, {""bbox"": [19, 832, 475, 885], ""type"": ""handwritten"", ""text"": """"}]"
45ec9864-4bd9-449c-af80-e21992519461.jpg,"[{""bbox"": [94, 151, 526, 205], ""type"": ""handwritten"", ""text"": """"}, {""bbox"": [9, 233, 547, 272], ""type"": ""handwritten"", ""text"": """"}, {""bbox"": [0, 271, 528, 309], ""type"": ""handwritten"", ""text"": """"}, {""bbox"": [0, 304, 528, 346], ""type"": ""handwritten"", ""text"": """"}, {""bbox"": [0, 340, 503, 377], ""type"": ""handwritten"", ""text"": """"}, {""bbox"": [0, 372, 524, 409], ""type"": ""handwritten"", ""text"": """"}, {""bbox"": [6, 403, 525, 440], ""type"": ""handwritten"", ""text"": """"}, {""bbox"": [3, 434, 517, 470], ""type"": ""handwritten"", ""text"": """"}, {""bbox"": [10, 465, 489, 496], ""type"": ""handwritten"", ""text"": """"}, {""bbox"": [7, 493, 463, 523], ""type"": ""handwritten"", ""text"": """"}, {""bbox"": [16, 520, 471, 551], ""type"": ""handwritten"", ""text"": """"}, {""bbox"": [75, 545, 503, 576], ""type"": ""handwritten"", ""text"": """"}, {""bbox"": [8, 570, 502, 603], ""type"": ""handwritten"", ""text"": """"}, {""bbox"": [11, 599, 515, 633], ""type"": ""handwritten"", ""text"": """"}, {""bbox"": [11, 625, 518, 665], ""type"": ""handwritten"", ""text"": """"}, {""bbox"": [14, 653, 489, 689], ""type"": ""handwritten"", ""text"": """"}, {""bbox"": [10, 680, 510, 717], ""type"": ""handwritten"", ""text"": """"}, {""bbox"": [13, 710, 501, 749], ""type"": ""handwritten"", ""text"": """"}, {""bbox"": [4, 741, 491, 780], ""type"": ""handwritten"", ""text"": """"}, {""bbox"": [5, 769, 521, 816], ""type"": ""handwritten"", ""text"": """"}, {""bbox"": [4, 796, 518, 848], ""type"": ""handwritten"", ""text"": """"}, {""bbox"": [5, 825, 500, 885], ""type"": ""handwritten"", ""text"": """"}]"
86625e72-e149-415a-b51e-cbe1bd7dd644.jpg,"[{""bbox"": [137, 195, 546, 240], ""type"": ""handwritten"", ""text"": """"}, {""bbox"": [44, 232, 537, 274], ""type"": ""handwritten"", ""text"": """"}, {""bbox"": [42, 266, 562, 305], ""type"": ""handwritten"", ""text"": """"}, {""bbox"": [39, 299, 559, 335], ""type"": ""handwritten"", ""text"": """"}, {""bbox"": [43, 326, 570, 367], ""type"": ""handwritten"", ""text"": """"}, {""bbox"": [37, 365, 504, 403], ""type"": ""handwritten"", ""text"": """"}, {""bbox"": [38, 385, 540, 430], ""type"": ""handwritten"", ""text"": """"}, {""bbox"": [31, 430, 550, 473], ""type"": ""handwritten"", ""text"": """"}, {""bbox"": [27, 465, 557, 504], ""type"": ""handwritten"", ""text"": """"}, {""bbox"": [31, 498, 556, 537], ""type"": ""handwritten"", ""text"": """"}, {""bbox"": [29, 530, 577, 572], ""type"": ""handwritten"", ""text"": """"}, {""bbox"": [28, 567, 533, 606], ""type"": ""handwritten"", ""text"": """"}, {""bbox"": [30, 601, 557, 638], ""type"": ""handwritten"", ""text"": """"}, {""bbox"": [31, 635, 561, 675], ""type"": ""handwritten"", ""text"": """"}, {""bbox"": [39, 671, 418, 703], ""type"": ""handwritten"", ""text"": """"}, {""bbox"": [24, 701, 489, 741], ""type"": ""handwritten"", ""text"": """"}, {""bbox"": [36, 736, 500, 778], ""type"": ""handwritten"", ""text"": """"}, {""bbox"": [514, 747, 575, 778], ""type"": ""handwritten"", ""text"": """"}, {""bbox"": [38, 772, 562, 812], ""type"": ""handwritten"", ""text"": """"}, {""bbox"": [40, 805, 500, 852], ""type"": ""handwritten"", ""text"": """"}]"
cea7015f-1269-425a-a1a2-54c960e110ef.jpg,"[{""bbox"": [37, 152, 504, 194], ""type"": ""handwritten"", ""text"": """"}, {""bbox"": [28, 190, 540, 232], ""type"": ""handwritten"", ""text"": """"}, {""bbox"": [32, 227, 528, 267], ""type"": ""handwritten"", ""text"": """"}, {""bbox"": [33, 264, 492, 304], ""type"": ""handwritten"", ""text"": """"}, {""bbox"": [34, 301, 560, 343], ""type"": ""handwritten"", ""text"": """"}, {""bbox"": [36, 337, 536, 383], ""type"": ""handwritten"", ""text"": """"}, {""bbox"": [31, 378, 439, 420], ""type"": ""handwritten"", ""text"": """"}, {""bbox"": [36, 413, 552, 453], ""type"": ""handwritten"", ""text"": """"}, {""bbox"": [35, 447, 538, 489], ""type"": ""handwritten"", ""text"": """"}, {""bbox"": [34, 482, 558, 521], ""type"": ""handwritten"", ""text"": """"}, {""bbox"": [32, 524, 75, 550], ""type"": ""handwritten"", ""text"": """"}, {""bbox"": [39, 547, 471, 591], ""type"": ""handwritten"", ""text"": """"}, {""bbox"": [43, 587, 551, 626], ""type"": ""handwritten"", ""text"": """"}, {""bbox"": [46, 625, 541, 660], ""type"": ""handwritten"", ""text"": """"}, {""bbox"": [44, 657, 556, 693], ""type"": ""handwritten"", ""text"": """"}, {""bbox"": [49, 689, 537, 725], ""type"": ""handwritten"", ""text"": """"}, {""bbox"": [50, 721, 504, 752], ""type"": ""handwritten"", ""text"": """"}, {""bbox"": [45, 744, 501, 786], ""type"": ""handwritten"", ""text"": """"}, {""bbox"": [53, 784, 553, 830], ""type"": ""handwritten"", ""text"": """"}, {""bbox"": [56, 814, 554, 865], ""type"": ""handwritten"", ""text"": """"}, {""bbox"": [51, 846, 535, 892], ""type"": ""handwritten"", ""text"": """"}]"
a3249f26-b8fe-4d17-92e2-1605fdc9d262.jpg,"[{""bbox"": [48, 205, 532, 268], ""type"": ""handwritten"", ""text"": """"}, {""bbox"": [45, 258, 212, 293], ""type"": ""handwritten"", ""text"": """"}, {""bbox"": [47, 261, 532, 330], ""type"": ""handwritten"", ""text"": """"}, {""bbox"": [46, 337, 565, 386], ""type"": ""handwritten"", ""text"": """"}, {""bbox"": [49, 379, 354, 427], ""type"": ""handwritten"", ""text"": """"}, {""bbox"": [45, 421, 537, 468], ""type"": ""handwritten"", ""text"": """"}, {""bbox"": [44, 461, 497, 506], ""type"": ""handwritten"", ""text"": """"}, {""bbox"": [49, 500, 182, 528], ""type"": ""handwritten"", ""text"": """"}, {""bbox"": [46, 518, 562, 558], ""type"": ""handwritten"", ""text"": """"}, {""bbox"": [47, 554, 533, 588], ""type"": ""handwritten"", ""text"": """"}, {""bbox"": [46, 586, 314, 624], ""type"": ""handwritten"", ""text"": """"}, {""bbox"": [54, 619, 508, 653], ""type"": ""handwritten"", ""text"": """"}, {""bbox"": [50, 649, 551, 687], ""type"": ""handwritten"", ""text"": """"}, {""bbox"": [50, 683, 428, 721], ""type"": ""handwritten"", ""text"": """"}, {""bbox"": [49, 719, 554, 765], ""type"": ""handwritten"", ""text"": """"}, {""bbox"": [207, 799, 334, 828], ""type"": ""handwritten"", ""text"": """"}]"
c94df7ee-3e0b-41c6-a627-d92be88d877b.jpg,"[{""bbox"": [116, 101, 450, 142], ""type"": ""handwritten"", ""text"": """"}, {""bbox"": [57, 132, 464, 181], ""type"": ""handwritten"", ""text"": """"}, {""bbox"": [36, 172, 559, 248], ""type"": ""handwritten"", ""text"": """"}, {""bbox"": [34, 211, 566, 280], ""type"": ""handwritten"", ""text"": """"}, {""bbox"": [33, 239, 571, 311], ""type"": ""handwritten"", ""text"": """"}, {""bbox"": [32, 269, 570, 341], ""type"": ""handwritten"", ""text"": """"}, {""bbox"": [30, 299, 565, 387], ""type"": ""handwritten"", ""text"": """"}, {""bbox"": [74, 343, 553, 417], ""type"": ""handwritten"", ""text"": """"}, {""bbox"": [26, 370, 566, 435], ""type"": ""handwritten"", ""text"": """"}, {""bbox"": [26, 401, 566, 462], ""type"": ""handwritten"", ""text"": """"}, {""bbox"": [23, 441, 556, 486], ""type"": ""handwritten"", ""text"": """"}, {""bbox"": [57, 468, 537, 495], ""type"": ""handwritten"", ""text"": """"}, {""bbox"": [23, 491, 562, 520], ""type"": ""handwritten"", ""text"": """"}, {""bbox"": [21, 511, 566, 539], ""type"": ""handwritten"", ""text"": """"}, {""bbox"": [57, 535, 537, 558], ""type"": ""handwritten"", ""text"": """"}, {""bbox"": [22, 554, 552, 579], ""type"": ""handwritten"", ""text"": """"}, {""bbox"": [20, 577, 521, 603], ""type"": ""handwritten"", ""text"": """"}, {""bbox"": [86, 600, 554, 629], ""type"": ""handwritten"", ""text"": """"}, {""bbox"": [41, 625, 521, 653], ""type"": ""handwritten"", ""text"": """"}, {""bbox"": [20, 649, 530, 677], ""type"": ""handwritten"", ""text"": """"}, {""bbox"": [18, 673, 533, 701], ""type"": ""handwritten"", ""text"": """"}, {""bbox"": [21, 695, 546, 725], ""type"": ""handwritten"", ""text"": """"}, {""bbox"": [41, 719, 521, 744], ""type"": ""handwritten"", ""text"": """"}, {""bbox"": [22, 744, 550, 779], ""type"": ""handwritten"", ""text"": """"}, {""bbox"": [19, 763, 540, 803], ""type"": ""handwritten"", ""text"": """"}, {""bbox"": [21, 788, 543, 846], ""type"": ""handwritten"", ""text"": """"}, {""bbox"": [19, 831, 555, 887], ""type"": ""handwritten"", ""text"": """"}, {""bbox"": [18, 860, 553, 921], ""type"": ""handwritten"", ""text"": """"}, {""bbox"": [18, 877, 543, 936], ""type"": ""handwritten"", ""text"": """"}, {""bbox"": [19, 910, 531, 968], ""type"": ""handwritten"", ""text"": """"}]"
dccde180-6dc4-4224-a441-aaecf30faf06.jpg,"[{""bbox"": [37, 293, 530, 373], ""type"": ""handwritten"", ""text"": """"}, {""bbox"": [38, 321, 401, 370], ""type"": ""handwritten"", ""text"": """"}, {""bbox"": [34, 365, 391, 408], ""type"": ""handwritten"", ""text"": """"}]"
9f6a6e8e-7baf-4144-b35d-62d69ac7f935.jpg,"[{""bbox"": [121, 192, 577, 229], ""type"": ""handwritten"", ""text"": """"}, {""bbox"": [36, 236, 520, 270], ""type"": ""handwritten"", ""text"": """"}, {""bbox"": [0, 276, 510, 316], ""type"": ""handwritten"", ""text"": """"}, {""bbox"": [9, 316, 526, 359], ""type"": ""handwritten"", ""text"": """"}, {""bbox"": [13, 355, 491, 393], ""type"": ""handwritten"", ""text"": """"}, {""bbox"": [22, 390, 480, 430], ""type"": ""handwritten"", ""text"": """"}, {""bbox"": [26, 426, 524, 463], ""type"": ""handwritten"", ""text"": """"}, {""bbox"": [32, 459, 518, 495], ""type"": ""handwritten"", ""text"": """"}, {""bbox"": [43, 491, 366, 524], ""type"": ""handwritten"", ""text"": """"}, {""bbox"": [73, 519, 498, 558], ""type"": ""handwritten"", ""text"": """"}, {""bbox"": [50, 545, 497, 590], ""type"": ""handwritten"", ""text"": """"}, {""bbox"": [46, 573, 464, 624], ""type"": ""handwritten"", ""text"": """"}, {""bbox"": [44, 606, 491, 661], ""type"": ""handwritten"", ""text"": """"}, {""bbox"": [38, 669, 467, 721], ""type"": ""handwritten"", ""text"": """"}, {""bbox"": [34, 701, 490, 760], ""type"": ""handwritten"", ""text"": """"}, {""bbox"": [31, 731, 472, 791], ""type"": ""handwritten"", ""text"": """"}, {""bbox"": [28, 759, 470, 824], ""type"": ""handwritten"", ""text"": """"}, {""bbox"": [22, 801, 463, 864], ""type"": ""handwritten"", ""text"": """"}]"
607c9477-058c-48ff-beca-330836b5ce60.jpg,"[{""bbox"": [150, 120, 396, 162], ""type"": ""handwritten"", ""text"": """"}, {""bbox"": [142, 156, 425, 191], ""type"": ""handwritten"", ""text"": """"}, {""bbox"": [137, 172, 537, 201], ""type"": ""handwritten"", ""text"": """"}, {""bbox"": [58, 209, 537, 254], ""type"": ""handwritten"", ""text"": """"}, {""bbox"": [51, 223, 549, 280], ""type"": ""handwritten"", ""text"": """"}, {""bbox"": [50, 243, 560, 305], ""type"": ""handwritten"", ""text"": """"}, {""bbox"": [76, 328, 553, 360], ""type"": ""handwritten"", ""text"": """"}, {""bbox"": [49, 391, 284, 424], ""type"": ""handwritten"", ""text"": """"}, {""bbox"": [278, 645, 517, 685], ""type"": ""handwritten"", ""text"": """"}, {""bbox"": [19, 680, 278, 720], ""type"": ""handwritten"", ""text"": """"}, {""bbox"": [283, 690, 569, 734], ""type"": ""handwritten"", ""text"": """"}, {""bbox"": [286, 703, 560, 750], ""type"": ""handwritten"", ""text"": """"}, {""bbox"": [16, 724, 271, 759], ""type"": ""handwritten"", ""text"": """"}, {""bbox"": [284, 726, 547, 761], ""type"": ""handwritten"", ""text"": """"}, {""bbox"": [16, 741, 278, 779], ""type"": ""handwritten"", ""text"": """"}, {""bbox"": [10, 780, 268, 813], ""type"": ""handwritten"", ""text"": """"}, {""bbox"": [530, 818, 558, 840], ""type"": ""annotation"", ""text"": """"}]"
555d4776-eb89-43fb-9090-f8b625d6c42b.jpg,"[{""bbox"": [87, 155, 520, 198], ""type"": ""handwritten"", ""text"": """"}, {""bbox"": [43, 189, 537, 237], ""type"": ""handwritten"", ""text"": """"}, {""bbox"": [43, 224, 520, 268], ""type"": ""handwritten"", ""text"": """"}, {""bbox"": [41, 260, 542, 303], ""type"": ""handwritten"", ""text"": """"}, {""bbox"": [37, 297, 549, 337], ""type"": ""handwritten"", ""text"": """"}, {""bbox"": [36, 333, 551, 381], ""type"": ""handwritten"", ""text"": """"}, {""bbox"": [36, 367, 549, 408], ""type"": ""handwritten"", ""text"": """"}, {""bbox"": [34, 402, 540, 442], ""type"": ""handwritten"", ""text"": """"}, {""bbox"": [34, 440, 547, 477], ""type"": ""handwritten"", ""text"": """"}, {""bbox"": [29, 475, 546, 510], ""type"": ""handwritten"", ""text"": """"}, {""bbox"": [29, 509, 526, 548], ""type"": ""handwritten"", ""text"": """"}, {""bbox"": [31, 546, 504, 585], ""type"": ""handwritten"", ""text"": """"}, {""bbox"": [32, 584, 537, 621], ""type"": ""handwritten"", ""text"": """"}, {""bbox"": [33, 620, 540, 657], ""type"": ""handwritten"", ""text"": """"}, {""bbox"": [32, 659, 546, 696], ""type"": ""handwritten"", ""text"": """"}, {""bbox"": [32, 694, 162, 728], ""type"": ""handwritten"", ""text"": """"}, {""bbox"": [52, 730, 524, 769], ""type"": ""handwritten"", ""text"": """"}, {""bbox"": [33, 768, 500, 811], ""type"": ""handwritten"", ""text"": """"}, {""bbox"": [31, 807, 549, 847], ""type"": ""handwritten"", ""text"": """"}, {""bbox"": [33, 842, 549, 887], ""type"": ""handwritten"", ""text"": """"}]"
028298e9-4d7f-4f77-ada6-f9f0ca7a305e.jpg,"[{""bbox"": [32, 55, 577, 99], ""type"": ""handwritten"", ""text"": """"}, {""bbox"": [31, 87, 537, 140], ""type"": ""handwritten"", ""text"": """"}, {""bbox"": [31, 115, 566, 170], ""type"": ""handwritten"", ""text"": """"}, {""bbox"": [31, 153, 569, 202], ""type"": ""handwritten"", ""text"": """"}, {""bbox"": [58, 187, 577, 228], ""type"": ""handwritten"", ""text"": """"}, {""bbox"": [29, 216, 575, 260], ""type"": ""handwritten"", ""text"": """"}, {""bbox"": [30, 250, 576, 296], ""type"": ""handwritten"", ""text"": """"}, {""bbox"": [28, 286, 576, 328], ""type"": ""handwritten"", ""text"": """"}, {""bbox"": [21, 325, 210, 361], ""type"": ""handwritten"", ""text"": """"}, {""bbox"": [32, 581, 568, 619], ""type"": ""handwritten"", ""text"": """"}, {""bbox"": [35, 616, 521, 653], ""type"": ""handwritten"", ""text"": """"}, {""bbox"": [33, 648, 576, 686], ""type"": ""handwritten"", ""text"": """"}, {""bbox"": [33, 680, 535, 718], ""type"": ""handwritten"", ""text"": """"}, {""bbox"": [34, 713, 577, 748], ""type"": ""handwritten"", ""text"": """"}, {""bbox"": [32, 745, 577, 786], ""type"": ""handwritten"", ""text"": """"}, {""bbox"": [32, 775, 302, 810], ""type"": ""handwritten"", ""text"": """"}, {""bbox"": [30, 804, 231, 845], ""type"": ""handwritten"", ""text"": """"}, {""bbox"": [250, 865, 540, 899], ""type"": ""handwritten"", ""text"": """"}]"
732aa69b-d029-41ff-9cc5-3b01080f92cf.jpg,"[{""bbox"": [143, 114, 236, 139], ""type"": ""handwritten"", ""text"": """"}, {""bbox"": [98, 141, 375, 172], ""type"": ""handwritten"", ""text"": """"}, {""bbox"": [77, 173, 518, 207], ""type"": ""handwritten"", ""text"": """"}, {""bbox"": [58, 201, 539, 237], ""type"": ""handwritten"", ""text"": """"}, {""bbox"": [59, 233, 524, 266], ""type"": ""handwritten"", ""text"": """"}, {""bbox"": [57, 261, 534, 296], ""type"": ""handwritten"", ""text"": """"}, {""bbox"": [58, 293, 556, 328], ""type"": ""handwritten"", ""text"": """"}, {""bbox"": [59, 322, 535, 356], ""type"": ""handwritten"", ""text"": """"}, {""bbox"": [57, 355, 281, 385], ""type"": ""handwritten"", ""text"": """"}, {""bbox"": [74, 383, 570, 416], ""type"": ""handwritten"", ""text"": """"}, {""bbox"": [56, 411, 516, 444], ""type"": ""handwritten"", ""text"": """"}, {""bbox"": [53, 442, 546, 474], ""type"": ""handwritten"", ""text"": """"}, {""bbox"": [52, 470, 554, 504], ""type"": ""handwritten"", ""text"": """"}, {""bbox"": [55, 499, 556, 532], ""type"": ""handwritten"", ""text"": """"}, {""bbox"": [54, 553, 541, 583], ""type"": ""handwritten"", ""text"": """"}, {""bbox"": [52, 581, 555, 614], ""type"": ""handwritten"", ""text"": """"}, {""bbox"": [52, 608, 489, 640], ""type"": ""handwritten"", ""text"": """"}, {""bbox"": [50, 635, 145, 667], ""type"": ""handwritten"", ""text"": """"}, {""bbox"": [68, 666, 547, 699], ""type"": ""handwritten"", ""text"": """"}, {""bbox"": [50, 696, 532, 730], ""type"": ""handwritten"", ""text"": """"}, {""bbox"": [47, 727, 559, 763], ""type"": ""handwritten"", ""text"": """"}, {""bbox"": [49, 756, 500, 791], ""type"": ""handwritten"", ""text"": """"}, {""bbox"": [51, 785, 544, 821], ""type"": ""handwritten"", ""text"": """"}, {""bbox"": [52, 817, 535, 852], ""type"": ""handwritten"", ""text"": """"}, {""bbox"": [49, 847, 505, 881], ""type"": ""handwritten"", ""text"": """"}, {""bbox"": [48, 905, 449, 945], ""type"": ""handwritten"", ""text"": """"}]"
f14bd99f-f4c6-4104-a8cb-7c7cc4885c9c.jpg,"[{""bbox"": [150, 203, 487, 236], ""type"": ""handwritten"", ""text"": """"}, {""bbox"": [97, 237, 516, 274], ""type"": ""handwritten"", ""text"": """"}, {""bbox"": [70, 274, 465, 310], ""type"": ""handwritten"", ""text"": """"}, {""bbox"": [55, 306, 505, 342], ""type"": ""handwritten"", ""text"": """"}, {""bbox"": [56, 343, 457, 379], ""type"": ""handwritten"", ""text"": """"}, {""bbox"": [58, 378, 505, 416], ""type"": ""handwritten"", ""text"": """"}, {""bbox"": [50, 407, 511, 453], ""type"": ""handwritten"", ""text"": """"}, {""bbox"": [54, 448, 520, 487], ""type"": ""handwritten"", ""text"": """"}, {""bbox"": [41, 482, 456, 518], ""type"": ""handwritten"", ""text"": """"}, {""bbox"": [51, 514, 174, 548], ""type"": ""handwritten"", ""text"": """"}, {""bbox"": [109, 547, 512, 586], ""type"": ""handwritten"", ""text"": """"}, {""bbox"": [50, 584, 487, 618], ""type"": ""handwritten"", ""text"": """"}, {""bbox"": [51, 616, 509, 653], ""type"": ""handwritten"", ""text"": """"}, {""bbox"": [48, 650, 501, 685], ""type"": ""handwritten"", ""text"": """"}, {""bbox"": [55, 683, 470, 720], ""type"": ""handwritten"", ""text"": """"}, {""bbox"": [57, 719, 505, 753], ""type"": ""handwritten"", ""text"": """"}, {""bbox"": [66, 749, 505, 788], ""type"": ""handwritten"", ""text"": """"}, {""bbox"": [42, 786, 501, 828], ""type"": ""handwritten"", ""text"": """"}]"
48b5044b-0ce6-4bb9-813a-8443a9b8b6a1.jpg,"[{""bbox"": [65, 192, 535, 238], ""type"": ""handwritten"", ""text"": """"}, {""bbox"": [67, 231, 520, 273], ""type"": ""handwritten"", ""text"": """"}, {""bbox"": [65, 267, 518, 306], ""type"": ""handwritten"", ""text"": """"}, {""bbox"": [68, 302, 516, 341], ""type"": ""handwritten"", ""text"": """"}, {""bbox"": [56, 337, 558, 380], ""type"": ""handwritten"", ""text"": """"}, {""bbox"": [47, 375, 561, 416], ""type"": ""handwritten"", ""text"": """"}, {""bbox"": [52, 412, 556, 453], ""type"": ""handwritten"", ""text"": """"}, {""bbox"": [50, 449, 559, 489], ""type"": ""handwritten"", ""text"": """"}, {""bbox"": [57, 483, 532, 521], ""type"": ""handwritten"", ""text"": """"}, {""bbox"": [48, 516, 489, 549], ""type"": ""handwritten"", ""text"": """"}, {""bbox"": [51, 551, 547, 587], ""type"": ""handwritten"", ""text"": """"}, {""bbox"": [54, 585, 541, 621], ""type"": ""handwritten"", ""text"": """"}, {""bbox"": [68, 619, 554, 655], ""type"": ""handwritten"", ""text"": """"}, {""bbox"": [64, 654, 554, 695], ""type"": ""handwritten"", ""text"": """"}, {""bbox"": [66, 690, 554, 731], ""type"": ""handwritten"", ""text"": """"}, {""bbox"": [67, 725, 504, 764], ""type"": ""handwritten"", ""text"": """"}, {""bbox"": [70, 756, 505, 798], ""type"": ""handwritten"", ""text"": """"}, {""bbox"": [76, 789, 529, 834], ""type"": ""handwritten"", ""text"": """"}, {""bbox"": [67, 826, 537, 862], ""type"": ""handwritten"", ""text"": """"}, {""bbox"": [66, 828, 290, 859], ""type"": ""handwritten"", ""text"": """"}]"
15c9fa9d-bd4c-42bb-a928-89ca886d0595.jpg,"[{""bbox"": [135, 178, 457, 214], ""type"": ""handwritten"", ""text"": """"}, {""bbox"": [91, 224, 476, 256], ""type"": ""handwritten"", ""text"": """"}, {""bbox"": [52, 250, 437, 279], ""type"": ""handwritten"", ""text"": """"}, {""bbox"": [54, 269, 466, 300], ""type"": ""handwritten"", ""text"": """"}, {""bbox"": [53, 290, 488, 326], ""type"": ""handwritten"", ""text"": """"}, {""bbox"": [53, 311, 484, 340], ""type"": ""handwritten"", ""text"": """"}, {""bbox"": [53, 336, 489, 363], ""type"": ""handwritten"", ""text"": """"}, {""bbox"": [54, 359, 470, 381], ""type"": ""handwritten"", ""text"": """"}, {""bbox"": [54, 378, 147, 398], ""type"": ""handwritten"", ""text"": """"}, {""bbox"": [85, 396, 519, 419], ""type"": ""handwritten"", ""text"": """"}, {""bbox"": [52, 417, 552, 442], ""type"": ""handwritten"", ""text"": """"}, {""bbox"": [52, 439, 488, 459], ""type"": ""handwritten"", ""text"": """"}, {""bbox"": [53, 457, 530, 480], ""type"": ""handwritten"", ""text"": """"}, {""bbox"": [55, 497, 521, 519], ""type"": ""handwritten"", ""text"": """"}, {""bbox"": [54, 519, 536, 542], ""type"": ""handwritten"", ""text"": """"}, {""bbox"": [53, 539, 521, 560], ""type"": ""handwritten"", ""text"": """"}, {""bbox"": [54, 553, 526, 580], ""type"": ""handwritten"", ""text"": """"}, {""bbox"": [90, 577, 536, 600], ""type"": ""handwritten"", ""text"": """"}, {""bbox"": [49, 599, 521, 621], ""type"": ""handwritten"", ""text"": """"}, {""bbox"": [46, 618, 530, 643], ""type"": ""handwritten"", ""text"": """"}, {""bbox"": [49, 641, 542, 663], ""type"": ""handwritten"", ""text"": """"}, {""bbox"": [45, 659, 521, 685], ""type"": ""handwritten"", ""text"": """"}, {""bbox"": [46, 682, 530, 707], ""type"": ""handwritten"", ""text"": """"}, {""bbox"": [40, 704, 556, 743], ""type"": ""handwritten"", ""text"": """"}, {""bbox"": [43, 725, 505, 752], ""type"": ""handwritten"", ""text"": """"}, {""bbox"": [39, 739, 530, 781], ""type"": ""handwritten"", ""text"": """"}, {""bbox"": [38, 766, 537, 804], ""type"": ""handwritten"", ""text"": """"}, {""bbox"": [37, 788, 547, 843], ""type"": ""handwritten"", ""text"": """"}, {""bbox"": [41, 789, 521, 820], ""type"": ""handwritten"", ""text"": """"}, {""bbox"": [38, 828, 129, 854], ""type"": ""handwritten"", ""text"": """"}, {""bbox"": [61, 853, 513, 899], ""type"": ""handwritten"", ""text"": """"}, {""bbox"": [42, 881, 544, 927], ""type"": ""handwritten"", ""text"": """"}]"
905fe63b-de06-4844-b5cf-d67f29821de4.jpg,"[{""bbox"": [158, 133, 394, 166], ""type"": ""handwritten"", ""text"": """"}, {""bbox"": [126, 174, 515, 208], ""type"": ""handwritten"", ""text"": """"}, {""bbox"": [60, 204, 522, 234], ""type"": ""handwritten"", ""text"": """"}, {""bbox"": [57, 229, 530, 255], ""type"": ""handwritten"", ""text"": """"}, {""bbox"": [55, 249, 527, 278], ""type"": ""handwritten"", ""text"": """"}, {""bbox"": [55, 272, 521, 297], ""type"": ""handwritten"", ""text"": """"}, {""bbox"": [50, 295, 545, 323], ""type"": ""handwritten"", ""text"": """"}, {""bbox"": [114, 320, 546, 346], ""type"": ""handwritten"", ""text"": """"}, {""bbox"": [58, 344, 537, 367], ""type"": ""handwritten"", ""text"": """"}, {""bbox"": [46, 359, 557, 388], ""type"": ""handwritten"", ""text"": """"}, {""bbox"": [47, 385, 563, 409], ""type"": ""handwritten"", ""text"": """"}, {""bbox"": [58, 405, 537, 430], ""type"": ""handwritten"", ""text"": """"}, {""bbox"": [49, 424, 566, 453], ""type"": ""handwritten"", ""text"": """"}, {""bbox"": [51, 449, 543, 474], ""type"": ""handwritten"", ""text"": """"}, {""bbox"": [49, 473, 543, 512], ""type"": ""handwritten"", ""text"": """"}, {""bbox"": [139, 490, 542, 525], ""type"": ""handwritten"", ""text"": """"}, {""bbox"": [89, 494, 537, 542], ""type"": ""handwritten"", ""text"": """"}, {""bbox"": [48, 513, 565, 556], ""type"": ""handwritten"", ""text"": """"}, {""bbox"": [51, 537, 568, 575], ""type"": ""handwritten"", ""text"": """"}, {""bbox"": [58, 566, 537, 590], ""type"": ""handwritten"", ""text"": """"}, {""bbox"": [46, 583, 566, 615], ""type"": ""handwritten"", ""text"": """"}, {""bbox"": [42, 609, 569, 645], ""type"": ""handwritten"", ""text"": """"}, {""bbox"": [58, 622, 537, 641], ""type"": ""handwritten"", ""text"": """"}, {""bbox"": [44, 640, 573, 663], ""type"": ""handwritten"", ""text"": """"}, {""bbox"": [73, 657, 553, 681], ""type"": ""handwritten"", ""text"": """"}, {""bbox"": [40, 680, 569, 700], ""type"": ""handwritten"", ""text"": """"}, {""bbox"": [36, 696, 563, 725], ""type"": ""handwritten"", ""text"": """"}, {""bbox"": [34, 739, 570, 762], ""type"": ""handwritten"", ""text"": """"}, {""bbox"": [73, 758, 553, 782], ""type"": ""handwritten"", ""text"": """"}, {""bbox"": [33, 777, 574, 807], ""type"": ""handwritten"", ""text"": """"}, {""bbox"": [134, 863, 169, 899], ""type"": ""annotation"", ""text"": """"}, {""bbox"": [424, 883, 496, 913], ""type"": ""annotation"", ""text"": """"}]"
305f4f1b-8ba5-4a9b-9450-0e1a5042eadc.jpg,"[{""bbox"": [120, 189, 234, 228], ""type"": ""handwritten"", ""text"": """"}, {""bbox"": [84, 229, 223, 273], ""type"": ""handwritten"", ""text"": """"}, {""bbox"": [52, 265, 254, 307], ""type"": ""handwritten"", ""text"": """"}, {""bbox"": [52, 297, 236, 333], ""type"": ""handwritten"", ""text"": """"}, {""bbox"": [279, 333, 526, 367], ""type"": ""handwritten"", ""text"": """"}, {""bbox"": [280, 366, 548, 399], ""type"": ""handwritten"", ""text"": """"}, {""bbox"": [279, 486, 552, 516], ""type"": ""handwritten"", ""text"": """"}, {""bbox"": [39, 521, 267, 555], ""type"": ""handwritten"", ""text"": """"}, {""bbox"": [27, 546, 561, 590], ""type"": ""handwritten"", ""text"": """"}, {""bbox"": [35, 583, 561, 621], ""type"": ""handwritten"", ""text"": """"}, {""bbox"": [36, 619, 526, 654], ""type"": ""handwritten"", ""text"": """"}, {""bbox"": [36, 651, 522, 685], ""type"": ""handwritten"", ""text"": """"}, {""bbox"": [35, 681, 558, 713], ""type"": ""handwritten"", ""text"": """"}, {""bbox"": [31, 708, 268, 742], ""type"": ""handwritten"", ""text"": """"}, {""bbox"": [33, 710, 550, 743], ""type"": ""handwritten"", ""text"": """"}, {""bbox"": [32, 735, 196, 764], ""type"": ""handwritten"", ""text"": """"}, {""bbox"": [64, 765, 546, 798], ""type"": ""handwritten"", ""text"": """"}, {""bbox"": [29, 793, 548, 827], ""type"": ""handwritten"", ""text"": """"}, {""bbox"": [30, 824, 548, 859], ""type"": ""handwritten"", ""text"": """"}, {""bbox"": [29, 856, 555, 891], ""type"": ""handwritten"", ""text"": """"}, {""bbox"": [30, 887, 567, 927], ""type"": ""handwritten"", ""text"": """"}, {""bbox"": [30, 923, 566, 967], ""type"": ""handwritten"", ""text"": """"}]"
437d82cf-a0c3-4620-8211-90f673f51ed2.jpg,"[{""bbox"": [25, 244, 561, 299], ""type"": ""handwritten"", ""text"": """"}, {""bbox"": [26, 279, 532, 335], ""type"": ""handwritten"", ""text"": """"}, {""bbox"": [28, 309, 565, 360], ""type"": ""handwritten"", ""text"": """"}, {""bbox"": [31, 344, 568, 390], ""type"": ""handwritten"", ""text"": """"}, {""bbox"": [33, 378, 557, 419], ""type"": ""handwritten"", ""text"": """"}, {""bbox"": [37, 410, 567, 454], ""type"": ""handwritten"", ""text"": """"}, {""bbox"": [0, 514, 546, 1052], ""type"": ""table"", ""text"": """"}]"
e515c8d8-423f-42c1-b997-c7a0a99841c3.jpg,"[{""bbox"": [97, 233, 492, 282], ""type"": ""handwritten"", ""text"": """"}, {""bbox"": [92, 262, 483, 323], ""type"": ""handwritten"", ""text"": """"}, {""bbox"": [88, 288, 440, 336], ""type"": ""handwritten"", ""text"": """"}, {""bbox"": [87, 298, 519, 355], ""type"": ""handwritten"", ""text"": """"}, {""bbox"": [87, 343, 442, 385], ""type"": ""handwritten"", ""text"": """"}, {""bbox"": [123, 371, 513, 405], ""type"": ""handwritten"", ""text"": """"}, {""bbox"": [85, 399, 511, 437], ""type"": ""handwritten"", ""text"": """"}, {""bbox"": [78, 430, 553, 462], ""type"": ""handwritten"", ""text"": """"}, {""bbox"": [80, 484, 568, 516], ""type"": ""handwritten"", ""text"": """"}, {""bbox"": [79, 510, 514, 541], ""type"": ""handwritten"", ""text"": """"}, {""bbox"": [77, 538, 456, 567], ""type"": ""handwritten"", ""text"": """"}, {""bbox"": [82, 564, 495, 593], ""type"": ""handwritten"", ""text"": """"}, {""bbox"": [84, 590, 537, 622], ""type"": ""handwritten"", ""text"": """"}, {""bbox"": [83, 618, 556, 650], ""type"": ""handwritten"", ""text"": """"}, {""bbox"": [83, 647, 573, 679], ""type"": ""handwritten"", ""text"": """"}, {""bbox"": [83, 673, 535, 704], ""type"": ""handwritten"", ""text"": """"}, {""bbox"": [83, 701, 569, 734], ""type"": ""handwritten"", ""text"": """"}, {""bbox"": [80, 728, 439, 758], ""type"": ""handwritten"", ""text"": """"}, {""bbox"": [81, 755, 518, 785], ""type"": ""handwritten"", ""text"": """"}, {""bbox"": [80, 784, 501, 816], ""type"": ""handwritten"", ""text"": """"}, {""bbox"": [78, 812, 501, 843], ""type"": ""handwritten"", ""text"": """"}, {""bbox"": [79, 840, 495, 878], ""type"": ""handwritten"", ""text"": """"}]"
767e5b52-5a16-42b7-ac64-d385d4660ef2.jpg,"[{""bbox"": [128, 218, 458, 247], ""type"": ""handwritten"", ""text"": """"}, {""bbox"": [98, 242, 520, 282], ""type"": ""handwritten"", ""text"": """"}, {""bbox"": [69, 289, 560, 336], ""type"": ""handwritten"", ""text"": """"}, {""bbox"": [70, 314, 558, 369], ""type"": ""handwritten"", ""text"": """"}, {""bbox"": [71, 315, 537, 348], ""type"": ""handwritten"", ""text"": """"}, {""bbox"": [69, 339, 557, 391], ""type"": ""handwritten"", ""text"": """"}, {""bbox"": [72, 368, 560, 428], ""type"": ""handwritten"", ""text"": """"}, {""bbox"": [76, 424, 453, 463], ""type"": ""handwritten"", ""text"": """"}, {""bbox"": [91, 448, 547, 485], ""type"": ""handwritten"", ""text"": """"}, {""bbox"": [71, 476, 505, 508], ""type"": ""handwritten"", ""text"": """"}, {""bbox"": [74, 500, 569, 533], ""type"": ""handwritten"", ""text"": """"}, {""bbox"": [73, 528, 521, 559], ""type"": ""handwritten"", ""text"": """"}, {""bbox"": [76, 555, 571, 586], ""type"": ""handwritten"", ""text"": """"}, {""bbox"": [77, 581, 564, 613], ""type"": ""handwritten"", ""text"": """"}, {""bbox"": [79, 609, 576, 642], ""type"": ""handwritten"", ""text"": """"}, {""bbox"": [83, 636, 521, 667], ""type"": ""handwritten"", ""text"": """"}, {""bbox"": [84, 663, 573, 696], ""type"": ""handwritten"", ""text"": """"}, {""bbox"": [86, 689, 553, 718], ""type"": ""handwritten"", ""text"": """"}, {""bbox"": [86, 715, 518, 743], ""type"": ""handwritten"", ""text"": """"}, {""bbox"": [86, 743, 566, 773], ""type"": ""handwritten"", ""text"": """"}, {""bbox"": [87, 771, 300, 799], ""type"": ""handwritten"", ""text"": """"}, {""bbox"": [127, 799, 569, 825], ""type"": ""handwritten"", ""text"": """"}, {""bbox"": [92, 824, 555, 855], ""type"": ""handwritten"", ""text"": """"}, {""bbox"": [91, 937, 577, 967], ""type"": ""handwritten"", ""text"": """"}, {""bbox"": [89, 963, 536, 992], ""type"": ""handwritten"", ""text"": """"}, {""bbox"": [87, 991, 561, 1024], ""type"": ""handwritten"", ""text"": """"}, {""bbox"": [86, 1019, 521, 1051], ""type"": ""handwritten"", ""text"": """"}, {""bbox"": [82, 1047, 577, 1087], ""type"": ""handwritten"", ""text"": """"}]"
eba13384-0d28-4bf2-8960-f17486a092d5.jpg,"[{""bbox"": [54, 275, 551, 332], ""type"": ""handwritten"", ""text"": """"}, {""bbox"": [52, 312, 528, 369], ""type"": ""handwritten"", ""text"": """"}, {""bbox"": [55, 341, 532, 394], ""type"": ""handwritten"", ""text"": """"}, {""bbox"": [55, 383, 218, 416], ""type"": ""handwritten"", ""text"": """"}, {""bbox"": [82, 405, 474, 441], ""type"": ""handwritten"", ""text"": """"}, {""bbox"": [50, 433, 513, 474], ""type"": ""handwritten"", ""text"": """"}, {""bbox"": [55, 460, 499, 498], ""type"": ""handwritten"", ""text"": """"}, {""bbox"": [56, 488, 552, 526], ""type"": ""handwritten"", ""text"": """"}, {""bbox"": [55, 520, 560, 557], ""type"": ""handwritten"", ""text"": """"}, {""bbox"": [58, 549, 402, 582], ""type"": ""handwritten"", ""text"": """"}, {""bbox"": [60, 575, 454, 609], ""type"": ""handwritten"", ""text"": """"}, {""bbox"": [58, 605, 199, 645], ""type"": ""handwritten"", ""text"": """"}, {""bbox"": [0, 665, 18, 684], ""type"": ""handwritten"", ""text"": """"}, {""bbox"": [1, 718, 47, 744], ""type"": ""handwritten"", ""text"": """"}]"
9d62d10c-3025-4b9e-b9e7-2687ad48ae89.jpg,"[{""bbox"": [60, 269, 434, 315], ""type"": ""handwritten"", ""text"": """"}, {""bbox"": [48, 279, 537, 340], ""type"": ""handwritten"", ""text"": """"}, {""bbox"": [36, 344, 511, 398], ""type"": ""handwritten"", ""text"": """"}, {""bbox"": [35, 382, 515, 426], ""type"": ""handwritten"", ""text"": """"}, {""bbox"": [35, 413, 530, 453], ""type"": ""handwritten"", ""text"": """"}, {""bbox"": [33, 444, 482, 480], ""type"": ""handwritten"", ""text"": """"}, {""bbox"": [37, 476, 410, 508], ""type"": ""handwritten"", ""text"": """"}, {""bbox"": [35, 501, 523, 536], ""type"": ""handwritten"", ""text"": """"}, {""bbox"": [38, 530, 489, 560], ""type"": ""handwritten"", ""text"": """"}, {""bbox"": [37, 556, 499, 587], ""type"": ""handwritten"", ""text"": """"}, {""bbox"": [102, 585, 472, 618], ""type"": ""handwritten"", ""text"": """"}, {""bbox"": [37, 614, 490, 648], ""type"": ""handwritten"", ""text"": """"}, {""bbox"": [38, 642, 535, 674], ""type"": ""handwritten"", ""text"": """"}, {""bbox"": [37, 670, 537, 704], ""type"": ""handwritten"", ""text"": """"}, {""bbox"": [38, 698, 541, 730], ""type"": ""handwritten"", ""text"": """"}, {""bbox"": [37, 725, 557, 758], ""type"": ""handwritten"", ""text"": """"}, {""bbox"": [38, 754, 473, 785], ""type"": ""handwritten"", ""text"": """"}, {""bbox"": [41, 784, 452, 815], ""type"": ""handwritten"", ""text"": """"}, {""bbox"": [38, 811, 541, 844], ""type"": ""handwritten"", ""text"": """"}, {""bbox"": [35, 841, 548, 876], ""type"": ""handwritten"", ""text"": """"}, {""bbox"": [32, 872, 546, 912], ""type"": ""handwritten"", ""text"": """"}]"
f6861ae8-6d76-4447-9d5a-8e44aba358f1.jpg,"[{""bbox"": [36, 92, 564, 137], ""type"": ""handwritten"", ""text"": """"}, {""bbox"": [271, 133, 547, 170], ""type"": ""handwritten"", ""text"": """"}, {""bbox"": [34, 134, 544, 171], ""type"": ""handwritten"", ""text"": """"}, {""bbox"": [34, 168, 564, 205], ""type"": ""handwritten"", ""text"": """"}, {""bbox"": [38, 203, 531, 238], ""type"": ""handwritten"", ""text"": """"}, {""bbox"": [38, 234, 538, 272], ""type"": ""handwritten"", ""text"": """"}, {""bbox"": [65, 338, 574, 372], ""type"": ""handwritten"", ""text"": """"}, {""bbox"": [44, 371, 561, 404], ""type"": ""handwritten"", ""text"": """"}, {""bbox"": [49, 428, 554, 460], ""type"": ""handwritten"", ""text"": """"}, {""bbox"": [47, 459, 564, 491], ""type"": ""handwritten"", ""text"": """"}, {""bbox"": [54, 488, 465, 519], ""type"": ""handwritten"", ""text"": """"}]"
a94167ad-158d-43ff-a302-ac46f8f9f9c7.jpg,"[{""bbox"": [161, 155, 392, 187], ""type"": ""handwritten"", ""text"": """"}, {""bbox"": [102, 177, 553, 220], ""type"": ""handwritten"", ""text"": """"}, {""bbox"": [61, 235, 536, 287], ""type"": ""handwritten"", ""text"": """"}, {""bbox"": [61, 253, 555, 305], ""type"": ""handwritten"", ""text"": """"}, {""bbox"": [65, 264, 550, 320], ""type"": ""handwritten"", ""text"": """"}, {""bbox"": [68, 278, 552, 339], ""type"": ""handwritten"", ""text"": """"}, {""bbox"": [68, 317, 218, 346], ""type"": ""handwritten"", ""text"": """"}, {""bbox"": [77, 317, 556, 370], ""type"": ""handwritten"", ""text"": """"}, {""bbox"": [110, 331, 552, 379], ""type"": ""handwritten"", ""text"": """"}, {""bbox"": [78, 338, 556, 399], ""type"": ""handwritten"", ""text"": """"}, {""bbox"": [59, 388, 557, 429], ""type"": ""handwritten"", ""text"": """"}, {""bbox"": [60, 414, 554, 455], ""type"": ""handwritten"", ""text"": """"}, {""bbox"": [62, 438, 540, 475], ""type"": ""handwritten"", ""text"": """"}, {""bbox"": [62, 465, 556, 519], ""type"": ""handwritten"", ""text"": """"}, {""bbox"": [61, 494, 537, 522], ""type"": ""handwritten"", ""text"": """"}, {""bbox"": [59, 521, 393, 545], ""type"": ""handwritten"", ""text"": """"}, {""bbox"": [59, 528, 550, 583], ""type"": ""handwritten"", ""text"": """"}, {""bbox"": [54, 559, 536, 619], ""type"": ""handwritten"", ""text"": """"}, {""bbox"": [55, 588, 521, 620], ""type"": ""handwritten"", ""text"": """"}, {""bbox"": [54, 589, 521, 640], ""type"": ""handwritten"", ""text"": """"}, {""bbox"": [48, 603, 558, 652], ""type"": ""handwritten"", ""text"": """"}, {""bbox"": [47, 637, 550, 673], ""type"": ""handwritten"", ""text"": """"}, {""bbox"": [47, 663, 557, 700], ""type"": ""handwritten"", ""text"": """"}, {""bbox"": [46, 688, 556, 726], ""type"": ""handwritten"", ""text"": """"}, {""bbox"": [48, 721, 552, 756], ""type"": ""handwritten"", ""text"": """"}, {""bbox"": [45, 752, 521, 784], ""type"": ""handwritten"", ""text"": """"}, {""bbox"": [45, 781, 549, 814], ""type"": ""handwritten"", ""text"": """"}, {""bbox"": [47, 811, 510, 844], ""type"": ""handwritten"", ""text"": """"}, {""bbox"": [40, 843, 515, 879], ""type"": ""handwritten"", ""text"": """"}]"
fbed49f9-9e72-4352-9b7e-d7f01ab3b81f.jpg,"[{""bbox"": [74, 175, 548, 217], ""type"": ""handwritten"", ""text"": """"}, {""bbox"": [51, 209, 541, 249], ""type"": ""handwritten"", ""text"": """"}, {""bbox"": [53, 243, 516, 283], ""type"": ""handwritten"", ""text"": """"}, {""bbox"": [61, 279, 538, 316], ""type"": ""handwritten"", ""text"": """"}, {""bbox"": [69, 314, 274, 347], ""type"": ""handwritten"", ""text"": """"}, {""bbox"": [80, 358, 201, 381], ""type"": ""handwritten"", ""text"": """"}, {""bbox"": [69, 722, 456, 758], ""type"": ""handwritten"", ""text"": """"}, {""bbox"": [80, 758, 482, 797], ""type"": ""handwritten"", ""text"": """"}, {""bbox"": [87, 794, 538, 841], ""type"": ""handwritten"", ""text"": """"}, {""bbox"": [174, 833, 277, 884], ""type"": ""handwritten"", ""text"": """"}]"
999d1ccb-4f0b-42b5-92fe-a0c29b0541a9.jpg,"[{""bbox"": [725, 15, 1446, 145], ""type"": ""handwritten"", ""text"": """"}, {""bbox"": [478, 176, 2592, 325], ""type"": ""handwritten"", ""text"": """"}, {""bbox"": [305, 312, 2738, 452], ""type"": ""handwritten"", ""text"": """"}, {""bbox"": [305, 437, 2503, 575], ""type"": ""handwritten"", ""text"": """"}, {""bbox"": [319, 551, 957, 678], ""type"": ""handwritten"", ""text"": """"}, {""bbox"": [481, 677, 2663, 832], ""type"": ""handwritten"", ""text"": """"}, {""bbox"": [351, 818, 2709, 956], ""type"": ""handwritten"", ""text"": """"}, {""bbox"": [349, 939, 2809, 1105], ""type"": ""handwritten"", ""text"": """"}, {""bbox"": [346, 1048, 2693, 1214], ""type"": ""handwritten"", ""text"": """"}, {""bbox"": [332, 1164, 2749, 1325], ""type"": ""handwritten"", ""text"": """"}, {""bbox"": [326, 1275, 2747, 1449], ""type"": ""handwritten"", ""text"": """"}, {""bbox"": [439, 1389, 2581, 1554], ""type"": ""handwritten"", ""text"": """"}, {""bbox"": [316, 1508, 2795, 1664], ""type"": ""handwritten"", ""text"": """"}, {""bbox"": [311, 1625, 2823, 1757], ""type"": ""handwritten"", ""text"": """"}, {""bbox"": [354, 1654, 2849, 1803], ""type"": ""handwritten"", ""text"": """"}, {""bbox"": [288, 1729, 2848, 1877], ""type"": ""handwritten"", ""text"": """"}, {""bbox"": [273, 1832, 1410, 1946], ""type"": ""handwritten"", ""text"": """"}, {""bbox"": [462, 1946, 2829, 2079], ""type"": ""handwritten"", ""text"": """"}, {""bbox"": [306, 2065, 2379, 2184], ""type"": ""handwritten"", ""text"": """"}, {""bbox"": [307, 2170, 2596, 2295], ""type"": ""handwritten"", ""text"": """"}, {""bbox"": [309, 2287, 2627, 2412], ""type"": ""handwritten"", ""text"": """"}, {""bbox"": [320, 2399, 2706, 2518], ""type"": ""handwritten"", ""text"": """"}, {""bbox"": [327, 2500, 2641, 2613], ""type"": ""handwritten"", ""text"": """"}, {""bbox"": [337, 2600, 1785, 2719], ""type"": ""handwritten"", ""text"": """"}, {""bbox"": [545, 2700, 2665, 2821], ""type"": ""handwritten"", ""text"": """"}, {""bbox"": [362, 2802, 2637, 2935], ""type"": ""handwritten"", ""text"": """"}, {""bbox"": [375, 2915, 2755, 3046], ""type"": ""handwritten"", ""text"": """"}, {""bbox"": [548, 3030, 2725, 3145], ""type"": ""handwritten"", ""text"": """"}, {""bbox"": [390, 3140, 2412, 3273], ""type"": ""handwritten"", ""text"": """"}, {""bbox"": [381, 3255, 2764, 3376], ""type"": ""handwritten"", ""text"": """"}, {""bbox"": [379, 3359, 2568, 3479], ""type"": ""handwritten"", ""text"": """"}, {""bbox"": [400, 3473, 2475, 3603], ""type"": ""handwritten"", ""text"": """"}, {""bbox"": [415, 3592, 2610, 3726], ""type"": ""handwritten"", ""text"": """"}, {""bbox"": [426, 3712, 1326, 3862], ""type"": ""handwritten"", ""text"": """"}]"
f757d160-e61a-4d01-b13b-efa11f1df4de.jpg,"[{""bbox"": [170, 176, 2920, 381], ""type"": ""handwritten"", ""text"": """"}, {""bbox"": [153, 369, 2940, 586], ""type"": ""handwritten"", ""text"": """"}, {""bbox"": [157, 591, 2900, 785], ""type"": ""handwritten"", ""text"": """"}, {""bbox"": [157, 770, 2699, 945], ""type"": ""handwritten"", ""text"": """"}, {""bbox"": [345, 980, 2882, 1187], ""type"": ""handwritten"", ""text"": """"}, {""bbox"": [148, 1164, 2927, 1362], ""type"": ""handwritten"", ""text"": """"}, {""bbox"": [118, 1373, 1188, 1539], ""type"": ""handwritten"", ""text"": """"}, {""bbox"": [264, 1555, 2784, 1734], ""type"": ""handwritten"", ""text"": """"}, {""bbox"": [161, 1752, 2921, 1960], ""type"": ""handwritten"", ""text"": """"}, {""bbox"": [156, 1951, 2852, 2123], ""type"": ""handwritten"", ""text"": """"}, {""bbox"": [160, 2131, 2775, 2330], ""type"": ""handwritten"", ""text"": """"}, {""bbox"": [150, 2327, 2779, 2527], ""type"": ""handwritten"", ""text"": """"}, {""bbox"": [145, 2513, 2757, 2734], ""type"": ""handwritten"", ""text"": """"}, {""bbox"": [133, 2775, 538, 2935], ""type"": ""handwritten"", ""text"": """"}, {""bbox"": [525, 2831, 2979, 3044], ""type"": ""handwritten"", ""text"": """"}, {""bbox"": [109, 3033, 2960, 3266], ""type"": ""handwritten"", ""text"": """"}, {""bbox"": [128, 3206, 2802, 3512], ""type"": ""handwritten"", ""text"": """"}, {""bbox"": [151, 3488, 1285, 3664], ""type"": ""handwritten"", ""text"": """"}]"
11d1616a-bad6-4f2c-8a1a-42dcc6f335c4.jpg,"[{""bbox"": [1193, 314, 1588, 449], ""type"": ""handwritten"", ""text"": """"}, {""bbox"": [167, 434, 2815, 587], ""type"": ""handwritten"", ""text"": """"}, {""bbox"": [38, 574, 2932, 710], ""type"": ""handwritten"", ""text"": """"}, {""bbox"": [35, 659, 674, 768], ""type"": ""handwritten"", ""text"": """"}, {""bbox"": [160, 760, 2939, 936], ""type"": ""handwritten"", ""text"": """"}, {""bbox"": [47, 885, 2927, 1069], ""type"": ""handwritten"", ""text"": """"}, {""bbox"": [56, 1025, 2933, 1194], ""type"": ""handwritten"", ""text"": """"}, {""bbox"": [42, 1120, 2191, 1325], ""type"": ""handwritten"", ""text"": """"}, {""bbox"": [108, 1258, 2902, 1476], ""type"": ""handwritten"", ""text"": """"}, {""bbox"": [52, 1327, 2941, 1578], ""type"": ""handwritten"", ""text"": """"}, {""bbox"": [74, 1524, 3000, 1698], ""type"": ""handwritten"", ""text"": """"}, {""bbox"": [138, 1644, 3000, 1836], ""type"": ""handwritten"", ""text"": """"}, {""bbox"": [50, 1762, 2899, 1974], ""type"": ""handwritten"", ""text"": """"}, {""bbox"": [56, 1870, 2905, 2084], ""type"": ""handwritten"", ""text"": """"}, {""bbox"": [71, 1976, 2964, 2150], ""type"": ""handwritten"", ""text"": """"}, {""bbox"": [183, 2093, 2976, 2259], ""type"": ""handwritten"", ""text"": """"}, {""bbox"": [63, 2232, 2622, 2393], ""type"": ""handwritten"", ""text"": """"}, {""bbox"": [155, 2359, 2902, 2551], ""type"": ""handwritten"", ""text"": """"}, {""bbox"": [79, 2451, 2853, 2679], ""type"": ""handwritten"", ""text"": """"}, {""bbox"": [82, 2498, 2872, 2804], ""type"": ""handwritten"", ""text"": """"}, {""bbox"": [89, 2620, 2972, 2819], ""type"": ""handwritten"", ""text"": """"}, {""bbox"": [77, 2714, 2947, 2943], ""type"": ""handwritten"", ""text"": """"}, {""bbox"": [93, 2826, 1042, 3007], ""type"": ""handwritten"", ""text"": """"}, {""bbox"": [128, 2938, 2974, 3233], ""type"": ""handwritten"", ""text"": """"}, {""bbox"": [77, 3120, 3000, 3466], ""type"": ""handwritten"", ""text"": """"}, {""bbox"": [78, 3220, 256, 3322], ""type"": ""handwritten"", ""text"": """"}]"
6c0e528e-f37f-4a88-932d-d36d870582c5.jpg,"[{""bbox"": [153, 78, 1020, 234], ""type"": ""handwritten"", ""text"": """"}, {""bbox"": [972, 354, 1362, 498], ""type"": ""handwritten"", ""text"": """"}, {""bbox"": [202, 512, 2778, 721], ""type"": ""handwritten"", ""text"": """"}, {""bbox"": [186, 685, 2560, 902], ""type"": ""handwritten"", ""text"": """"}, {""bbox"": [188, 897, 954, 1046], ""type"": ""handwritten"", ""text"": """"}, {""bbox"": [306, 1040, 2769, 1221], ""type"": ""handwritten"", ""text"": """"}, {""bbox"": [143, 1210, 2764, 1380], ""type"": ""handwritten"", ""text"": """"}, {""bbox"": [158, 1397, 2787, 1555], ""type"": ""handwritten"", ""text"": """"}, {""bbox"": [130, 1564, 2837, 1758], ""type"": ""handwritten"", ""text"": """"}, {""bbox"": [246, 1751, 2757, 1950], ""type"": ""handwritten"", ""text"": """"}, {""bbox"": [121, 1923, 2652, 2145], ""type"": ""handwritten"", ""text"": """"}, {""bbox"": [127, 2080, 2764, 2342], ""type"": ""handwritten"", ""text"": """"}, {""bbox"": [132, 2297, 1221, 2466], ""type"": ""handwritten"", ""text"": """"}, {""bbox"": [255, 2446, 2851, 2642], ""type"": ""handwritten"", ""text"": """"}, {""bbox"": [139, 2598, 2785, 2850], ""type"": ""handwritten"", ""text"": """"}, {""bbox"": [134, 2770, 2825, 2973], ""type"": ""handwritten"", ""text"": """"}, {""bbox"": [137, 2945, 2676, 3204], ""type"": ""handwritten"", ""text"": """"}, {""bbox"": [134, 3183, 794, 3338], ""type"": ""handwritten"", ""text"": """"}, {""bbox"": [262, 3308, 2761, 3482], ""type"": ""handwritten"", ""text"": """"}, {""bbox"": [151, 3454, 2341, 3625], ""type"": ""handwritten"", ""text"": """"}, {""bbox"": [277, 3592, 2792, 3775], ""type"": ""handwritten"", ""text"": """"}, {""bbox"": [270, 3602, 2834, 3882], ""type"": ""handwritten"", ""text"": """"}, {""bbox"": [168, 3727, 2870, 3942], ""type"": ""handwritten"", ""text"": """"}, {""bbox"": [180, 3852, 2779, 4000], ""type"": ""handwritten"", ""text"": """"}]"
80819b77-4801-4050-a586-272a1745f6bc.jpg,"[{""bbox"": [916, 30, 1550, 220], ""type"": ""handwritten"", ""text"": """"}, {""bbox"": [352, 234, 2937, 425], ""type"": ""handwritten"", ""text"": """"}, {""bbox"": [102, 394, 2879, 552], ""type"": ""handwritten"", ""text"": """"}, {""bbox"": [110, 556, 2949, 755], ""type"": ""handwritten"", ""text"": """"}, {""bbox"": [84, 748, 1298, 943], ""type"": ""handwritten"", ""text"": """"}, {""bbox"": [333, 972, 2987, 1183], ""type"": ""handwritten"", ""text"": """"}, {""bbox"": [66, 1168, 2980, 1382], ""type"": ""handwritten"", ""text"": """"}, {""bbox"": [79, 1375, 2982, 1588], ""type"": ""handwritten"", ""text"": """"}, {""bbox"": [93, 1587, 2901, 1792], ""type"": ""handwritten"", ""text"": """"}, {""bbox"": [72, 1788, 2906, 1988], ""type"": ""handwritten"", ""text"": """"}, {""bbox"": [94, 1986, 2891, 2161], ""type"": ""handwritten"", ""text"": """"}, {""bbox"": [80, 2177, 400, 2370], ""type"": ""handwritten"", ""text"": """"}, {""bbox"": [471, 2316, 2844, 2501], ""type"": ""handwritten"", ""text"": """"}, {""bbox"": [82, 2495, 2948, 2718], ""type"": ""handwritten"", ""text"": """"}, {""bbox"": [59, 2700, 2866, 2921], ""type"": ""handwritten"", ""text"": """"}, {""bbox"": [84, 2916, 2872, 3114], ""type"": ""handwritten"", ""text"": """"}, {""bbox"": [116, 3096, 2898, 3304], ""type"": ""handwritten"", ""text"": """"}, {""bbox"": [210, 3292, 2870, 3499], ""type"": ""handwritten"", ""text"": """"}, {""bbox"": [154, 3458, 2625, 3659], ""type"": ""handwritten"", ""text"": """"}]"
fd7bfd8d-ee6e-4c40-9a7a-e0077e6b0d3e.jpg,"[{""bbox"": [788, 1, 1660, 183], ""type"": ""handwritten"", ""text"": """"}, {""bbox"": [361, 171, 2370, 351], ""type"": ""handwritten"", ""text"": """"}, {""bbox"": [223, 357, 2609, 518], ""type"": ""handwritten"", ""text"": """"}, {""bbox"": [221, 497, 2627, 645], ""type"": ""handwritten"", ""text"": """"}, {""bbox"": [180, 629, 2628, 780], ""type"": ""handwritten"", ""text"": """"}, {""bbox"": [341, 775, 2701, 936], ""type"": ""handwritten"", ""text"": """"}, {""bbox"": [176, 912, 2761, 1062], ""type"": ""handwritten"", ""text"": """"}, {""bbox"": [160, 1053, 2668, 1200], ""type"": ""handwritten"", ""text"": """"}, {""bbox"": [157, 1177, 2694, 1324], ""type"": ""handwritten"", ""text"": """"}, {""bbox"": [146, 1306, 2770, 1456], ""type"": ""handwritten"", ""text"": """"}, {""bbox"": [131, 1438, 2738, 1584], ""type"": ""handwritten"", ""text"": """"}, {""bbox"": [125, 1559, 2043, 1693], ""type"": ""handwritten"", ""text"": """"}, {""bbox"": [340, 1671, 2726, 1831], ""type"": ""handwritten"", ""text"": """"}, {""bbox"": [149, 1807, 2675, 1945], ""type"": ""handwritten"", ""text"": """"}, {""bbox"": [159, 1927, 2418, 2040], ""type"": ""handwritten"", ""text"": """"}, {""bbox"": [153, 2025, 2747, 2158], ""type"": ""handwritten"", ""text"": """"}, {""bbox"": [141, 2148, 2774, 2289], ""type"": ""handwritten"", ""text"": """"}, {""bbox"": [134, 2275, 2685, 2414], ""type"": ""handwritten"", ""text"": """"}, {""bbox"": [132, 2392, 2720, 2537], ""type"": ""handwritten"", ""text"": """"}, {""bbox"": [126, 2520, 2326, 2655], ""type"": ""handwritten"", ""text"": """"}, {""bbox"": [114, 2641, 2480, 2778], ""type"": ""handwritten"", ""text"": """"}, {""bbox"": [115, 2764, 2478, 2894], ""type"": ""handwritten"", ""text"": """"}, {""bbox"": [115, 2878, 2393, 3003], ""type"": ""handwritten"", ""text"": """"}, {""bbox"": [119, 2985, 2656, 3120], ""type"": ""handwritten"", ""text"": """"}, {""bbox"": [118, 3103, 2555, 3242], ""type"": ""handwritten"", ""text"": """"}, {""bbox"": [252, 3245, 2490, 3392], ""type"": ""handwritten"", ""text"": """"}, {""bbox"": [131, 3378, 2521, 3520], ""type"": ""handwritten"", ""text"": """"}, {""bbox"": [121, 3504, 2639, 3643], ""type"": ""handwritten"", ""text"": """"}, {""bbox"": [113, 3627, 742, 3736], ""type"": ""handwritten"", ""text"": """"}, {""bbox"": [232, 3706, 2657, 3839], ""type"": ""handwritten"", ""text"": """"}, {""bbox"": [98, 3831, 2370, 3989], ""type"": ""handwritten"", ""text"": """"}]"
26c766e1-81f4-4b88-b03f-9ba1d71190e5.jpg,"[{""bbox"": [855, 66, 2277, 263], ""type"": ""annotation"", ""text"": """"}, {""bbox"": [856, 67, 2360, 263], ""type"": ""handwritten"", ""text"": """"}, {""bbox"": [136, 88, 639, 150], ""type"": ""printed"", ""text"": """"}, {""bbox"": [132, 186, 499, 257], ""type"": ""printed"", ""text"": """"}, {""bbox"": [676, 313, 2310, 395], ""type"": ""printed"", ""text"": """"}, {""bbox"": [566, 426, 2204, 497], ""type"": ""printed"", ""text"": """"}, {""bbox"": [626, 520, 2054, 601], ""type"": ""printed"", ""text"": """"}, {""bbox"": [627, 600, 2190, 707], ""type"": ""printed"", ""text"": """"}, {""bbox"": [670, 642, 2241, 755], ""type"": ""printed"", ""text"": """"}, {""bbox"": [616, 787, 1861, 869], ""type"": ""printed"", ""text"": """"}, {""bbox"": [615, 838, 2350, 930], ""type"": ""printed"", ""text"": """"}, {""bbox"": [609, 900, 2151, 982], ""type"": ""printed"", ""text"": """"}, {""bbox"": [590, 997, 1363, 1065], ""type"": ""printed"", ""text"": """"}, {""bbox"": [557, 1043, 1076, 1106], ""type"": ""printed"", ""text"": """"}, {""bbox"": [953, 1210, 1447, 1272], ""type"": ""printed"", ""text"": """"}, {""bbox"": [201, 1370, 587, 1647], ""type"": ""annotation"", ""text"": """"}, {""bbox"": [200, 1516, 580, 1652], ""type"": ""handwritten"", ""text"": """"}]"
26479da6-9ab4-46e7-b38a-bacbd3b9f094.jpg,"[{""bbox"": [245, 534, 526, 589], ""type"": ""printed"", ""text"": """"}, {""bbox"": [99, 588, 592, 662], ""type"": ""printed"", ""text"": """"}, {""bbox"": [1219, 656, 1810, 718], ""type"": ""printed"", ""text"": """"}, {""bbox"": [248, 727, 492, 789], ""type"": ""handwritten"", ""text"": """"}, {""bbox"": [1271, 759, 1986, 820], ""type"": ""printed"", ""text"": """"}, {""bbox"": [887, 1001, 2514, 1088], ""type"": ""printed"", ""text"": """"}, {""bbox"": [833, 1098, 2457, 1197], ""type"": ""printed"", ""text"": """"}, {""bbox"": [826, 1207, 2421, 1300], ""type"": ""printed"", ""text"": """"}, {""bbox"": [829, 1304, 2456, 1405], ""type"": ""printed"", ""text"": """"}, {""bbox"": [834, 1411, 2300, 1516], ""type"": ""printed"", ""text"": """"}, {""bbox"": [858, 1515, 2458, 1617], ""type"": ""printed"", ""text"": """"}, {""bbox"": [841, 1618, 2469, 1714], ""type"": ""printed"", ""text"": """"}, {""bbox"": [813, 1714, 2478, 1817], ""type"": ""printed"", ""text"": """"}, {""bbox"": [76, 1832, 602, 1896], ""type"": ""printed"", ""text"": """"}, {""bbox"": [810, 1834, 1818, 1921], ""type"": ""printed"", ""text"": """"}, {""bbox"": [958, 1998, 2186, 2075], ""type"": ""printed"", ""text"": """"}, {""bbox"": [84, 2020, 245, 2072], ""type"": ""printed"", ""text"": """"}, {""bbox"": [893, 2125, 1104, 2190], ""type"": ""handwritten"", ""text"": """"}, {""bbox"": [890, 2130, 1102, 2190], ""type"": ""printed"", ""text"": """"}, {""bbox"": [75, 2233, 530, 2293], ""type"": ""printed"", ""text"": """"}]"
35d3aafe-680d-495b-ac73-c02c3982d096.jpg,"[{""bbox"": [86, 34, 416, 114], ""type"": ""annotation"", ""text"": """"}, {""bbox"": [24, 79, 1097, 167], ""type"": ""handwritten"", ""text"": """"}, {""bbox"": [26, 148, 1105, 233], ""type"": ""handwritten"", ""text"": """"}, {""bbox"": [25, 207, 1109, 300], ""type"": ""handwritten"", ""text"": """"}, {""bbox"": [25, 276, 1104, 392], ""type"": ""handwritten"", ""text"": """"}, {""bbox"": [27, 329, 1105, 443], ""type"": ""handwritten"", ""text"": """"}, {""bbox"": [30, 391, 1106, 526], ""type"": ""handwritten"", ""text"": """"}, {""bbox"": [28, 450, 1104, 572], ""type"": ""handwritten"", ""text"": """"}, {""bbox"": [25, 525, 1112, 660], ""type"": ""handwritten"", ""text"": """"}, {""bbox"": [86, 588, 1107, 690], ""type"": ""handwritten"", ""text"": """"}, {""bbox"": [29, 651, 1103, 742], ""type"": ""handwritten"", ""text"": """"}, {""bbox"": [34, 699, 1093, 764], ""type"": ""handwritten"", ""text"": """"}, {""bbox"": [26, 724, 1083, 810], ""type"": ""handwritten"", ""text"": """"}, {""bbox"": [34, 793, 1079, 868], ""type"": ""handwritten"", ""text"": """"}, {""bbox"": [27, 847, 1088, 941], ""type"": ""handwritten"", ""text"": """"}, {""bbox"": [34, 911, 1102, 998], ""type"": ""handwritten"", ""text"": """"}, {""bbox"": [32, 977, 1103, 1074], ""type"": ""handwritten"", ""text"": """"}, {""bbox"": [33, 1058, 1098, 1131], ""type"": ""handwritten"", ""text"": """"}, {""bbox"": [40, 1097, 1099, 1154], ""type"": ""handwritten"", ""text"": """"}, {""bbox"": [30, 1115, 1101, 1193], ""type"": ""handwritten"", ""text"": """"}, {""bbox"": [29, 1176, 1086, 1250], ""type"": ""handwritten"", ""text"": """"}, {""bbox"": [28, 1238, 1108, 1312], ""type"": ""handwritten"", ""text"": """"}, {""bbox"": [24, 1305, 1111, 1377], ""type"": ""handwritten"", ""text"": """"}, {""bbox"": [29, 1369, 1095, 1439], ""type"": ""handwritten"", ""text"": """"}, {""bbox"": [24, 1435, 1101, 1499], ""type"": ""handwritten"", ""text"": """"}, {""bbox"": [27, 1492, 1109, 1557], ""type"": ""handwritten"", ""text"": """"}, {""bbox"": [27, 1548, 1108, 1610], ""type"": ""handwritten"", ""text"": """"}, {""bbox"": [24, 1602, 1109, 1660], ""type"": ""handwritten"", ""text"": """"}, {""bbox"": [15, 1650, 1111, 1699], ""type"": ""handwritten"", ""text"": """"}, {""bbox"": [14, 1665, 1111, 1718], ""type"": ""handwritten"", ""text"": """"}]"
1d4a28f7-d9f8-4bf1-9f62-5b9a62bd0d39.jpg,"[{""bbox"": [105, 20, 1540, 132], ""type"": ""handwritten"", ""text"": """"}, {""bbox"": [105, 104, 1501, 235], ""type"": ""handwritten"", ""text"": """"}, {""bbox"": [106, 183, 1482, 342], ""type"": ""handwritten"", ""text"": """"}, {""bbox"": [105, 254, 1533, 386], ""type"": ""handwritten"", ""text"": """"}, {""bbox"": [107, 340, 1533, 482], ""type"": ""handwritten"", ""text"": """"}, {""bbox"": [108, 423, 1532, 588], ""type"": ""handwritten"", ""text"": """"}, {""bbox"": [107, 495, 1533, 690], ""type"": ""handwritten"", ""text"": """"}, {""bbox"": [105, 573, 1530, 732], ""type"": ""handwritten"", ""text"": """"}, {""bbox"": [107, 658, 1525, 834], ""type"": ""handwritten"", ""text"": """"}, {""bbox"": [105, 724, 1531, 860], ""type"": ""handwritten"", ""text"": """"}, {""bbox"": [108, 828, 1531, 1020], ""type"": ""handwritten"", ""text"": """"}, {""bbox"": [107, 903, 1517, 1077], ""type"": ""handwritten"", ""text"": """"}, {""bbox"": [105, 974, 1481, 1094], ""type"": ""handwritten"", ""text"": """"}, {""bbox"": [81, 1064, 1491, 1182], ""type"": ""handwritten"", ""text"": """"}, {""bbox"": [105, 1138, 1510, 1295], ""type"": ""handwritten"", ""text"": """"}, {""bbox"": [91, 1221, 1491, 1404], ""type"": ""handwritten"", ""text"": """"}, {""bbox"": [104, 1288, 1533, 1427], ""type"": ""handwritten"", ""text"": """"}, {""bbox"": [625, 1407, 1424, 1630], ""type"": ""handwritten"", ""text"": """"}, {""bbox"": [91, 1411, 387, 1537], ""type"": ""handwritten"", ""text"": """"}, {""bbox"": [956, 1511, 1482, 1658], ""type"": ""handwritten"", ""text"": """"}, {""bbox"": [196, 1625, 1203, 1771], ""type"": ""handwritten"", ""text"": """"}, {""bbox"": [134, 1747, 1517, 1834], ""type"": ""handwritten"", ""text"": """"}, {""bbox"": [180, 1819, 1389, 1893], ""type"": ""handwritten"", ""text"": """"}]"
7e6a6ceb-632c-4862-8ca3-a06ed6f51891.jpg,"[{""bbox"": [427, 107, 652, 162], ""type"": ""printed"", ""text"": """"}, {""bbox"": [214, 159, 774, 215], ""type"": ""printed"", ""text"": """"}, {""bbox"": [334, 211, 707, 267], ""type"": ""printed"", ""text"": """"}, {""bbox"": [463, 274, 556, 316], ""type"": ""printed"", ""text"": """"}, {""bbox"": [892, 289, 2358, 387], ""type"": ""printed"", ""text"": """"}, {""bbox"": [156, 369, 738, 422], ""type"": ""printed"", ""text"": """"}, {""bbox"": [773, 400, 1976, 473], ""type"": ""printed"", ""text"": """"}, {""bbox"": [990, 515, 1484, 575], ""type"": ""printed"", ""text"": """"}, {""bbox"": [620, 606, 1945, 678], ""type"": ""printed"", ""text"": """"}, {""bbox"": [624, 678, 1332, 729], ""type"": ""printed"", ""text"": """"}, {""bbox"": [620, 735, 1109, 784], ""type"": ""printed"", ""text"": """"}, {""bbox"": [617, 783, 1109, 833], ""type"": ""printed"", ""text"": """"}, {""bbox"": [409, 848, 2290, 940], ""type"": ""printed"", ""text"": """"}, {""bbox"": [190, 931, 859, 1055], ""type"": ""handwritten"", ""text"": """"}, {""bbox"": [1649, 983, 1919, 1042], ""type"": ""handwritten"", ""text"": """"}]"
0eba8f38-64bb-4c0e-a28c-61572efb7b10.jpg,"[{""bbox"": [1756, 132, 1872, 271], ""type"": ""annotation"", ""text"": """"}, {""bbox"": [618, 267, 1162, 323], ""type"": ""printed"", ""text"": """"}, {""bbox"": [239, 290, 470, 434], ""type"": ""annotation"", ""text"": """"}, {""bbox"": [623, 470, 1574, 530], ""type"": ""printed"", ""text"": """"}, {""bbox"": [623, 470, 1574, 530], ""type"": ""handwritten"", ""text"": """"}, {""bbox"": [454, 549, 1698, 639], ""type"": ""handwritten"", ""text"": """"}, {""bbox"": [927, 656, 1673, 768], ""type"": ""handwritten"", ""text"": """"}, {""bbox"": [347, 821, 1844, 890], ""type"": ""printed"", ""text"": """"}, {""bbox"": [219, 921, 1837, 990], ""type"": ""printed"", ""text"": """"}, {""bbox"": [223, 1022, 1846, 1092], ""type"": ""printed"", ""text"": """"}, {""bbox"": [219, 1124, 1846, 1195], ""type"": ""printed"", ""text"": """"}, {""bbox"": [216, 1216, 551, 1289], ""type"": ""printed"", ""text"": """"}, {""bbox"": [518, 1332, 1027, 1388], ""type"": ""printed"", ""text"": """"}, {""bbox"": [322, 1433, 1442, 1496], ""type"": ""printed"", ""text"": """"}, {""bbox"": [323, 1530, 1920, 1596], ""type"": ""printed"", ""text"": """"}, {""bbox"": [321, 1629, 1426, 1693], ""type"": ""printed"", ""text"": """"}, {""bbox"": [938, 1832, 1939, 2109], ""type"": ""image"", ""text"": """"}, {""bbox"": [998, 1840, 1475, 1893], ""type"": ""printed"", ""text"": """"}, {""bbox"": [351, 2034, 832, 2099], ""type"": ""printed"", ""text"": """"}]"
331635e6-a19f-40e0-9898-d550f24170be.jpg,"[{""bbox"": [92, 155, 942, 222], ""type"": ""printed"", ""text"": """"}, {""bbox"": [2360, 176, 2556, 351], ""type"": ""annotation"", ""text"": """"}, {""bbox"": [94, 226, 946, 292], ""type"": ""printed"", ""text"": """"}, {""bbox"": [1407, 238, 2073, 298], ""type"": ""printed"", ""text"": """"}, {""bbox"": [413, 299, 626, 341], ""type"": ""printed"", ""text"": """"}, {""bbox"": [100, 344, 948, 407], ""type"": ""printed"", ""text"": """"}, {""bbox"": [726, 438, 2483, 508], ""type"": ""printed"", ""text"": """"}, {""bbox"": [1205, 541, 1467, 598], ""type"": ""printed"", ""text"": """"}, {""bbox"": [1049, 670, 1357, 722], ""type"": ""printed"", ""text"": """"}, {""bbox"": [672, 829, 2580, 906], ""type"": ""printed"", ""text"": """"}, {""bbox"": [1255, 840, 2571, 912], ""type"": ""printed"", ""text"": """"}, {""bbox"": [535, 1038, 2521, 1113], ""type"": ""printed"", ""text"": """"}, {""bbox"": [556, 1142, 2219, 1211], ""type"": ""printed"", ""text"": """"}, {""bbox"": [624, 1243, 2574, 1315], ""type"": ""printed"", ""text"": """"}, {""bbox"": [527, 1341, 2516, 1412], ""type"": ""printed"", ""text"": """"}, {""bbox"": [528, 1437, 1500, 1503], ""type"": ""printed"", ""text"": """"}, {""bbox"": [618, 1600, 2448, 1665], ""type"": ""printed"", ""text"": """"}, {""bbox"": [523, 1690, 1632, 1757], ""type"": ""printed"", ""text"": """"}, {""bbox"": [615, 1846, 2570, 1915], ""type"": ""printed"", ""text"": """"}, {""bbox"": [524, 1944, 1764, 2017], ""type"": ""printed"", ""text"": """"}, {""bbox"": [960, 2161, 1609, 2213], ""type"": ""printed"", ""text"": """"}, {""bbox"": [1058, 2310, 1539, 2365], ""type"": ""printed"", ""text"": """"}, {""bbox"": [1023, 2461, 1670, 2520], ""type"": ""printed"", ""text"": """"}, {""bbox"": [888, 2555, 1676, 2622], ""type"": ""handwritten"", ""text"": """"}]"
56d2fff8-7789-436a-bde0-66572f6198a7.jpg,"[{""bbox"": [892, 28, 1004, 74], ""type"": ""annotation"", ""text"": """"}, {""bbox"": [120, 77, 301, 116], ""type"": ""handwritten"", ""text"": """"}, {""bbox"": [71, 119, 407, 165], ""type"": ""handwritten"", ""text"": """"}, {""bbox"": [158, 157, 254, 197], ""type"": ""handwritten"", ""text"": """"}, {""bbox"": [584, 158, 1056, 228], ""type"": ""handwritten"", ""text"": """"}, {""bbox"": [64, 186, 424, 228], ""type"": ""handwritten"", ""text"": """"}, {""bbox"": [606, 222, 952, 266], ""type"": ""handwritten"", ""text"": """"}, {""bbox"": [65, 228, 412, 274], ""type"": ""handwritten"", ""text"": """"}, {""bbox"": [113, 264, 267, 295], ""type"": ""handwritten"", ""text"": """"}, {""bbox"": [76, 297, 409, 342], ""type"": ""handwritten"", ""text"": """"}, {""bbox"": [485, 326, 1119, 370], ""type"": ""handwritten"", ""text"": """"}, {""bbox"": [306, 364, 1122, 407], ""type"": ""handwritten"", ""text"": """"}, {""bbox"": [288, 406, 1104, 446], ""type"": ""handwritten"", ""text"": """"}, {""bbox"": [290, 439, 1099, 485], ""type"": ""handwritten"", ""text"": """"}, {""bbox"": [292, 482, 830, 519], ""type"": ""handwritten"", ""text"": """"}, {""bbox"": [289, 513, 1106, 559], ""type"": ""handwritten"", ""text"": """"}, {""bbox"": [296, 555, 421, 598], ""type"": ""handwritten"", ""text"": """"}, {""bbox"": [506, 613, 831, 667], ""type"": ""handwritten"", ""text"": """"}, {""bbox"": [506, 659, 904, 711], ""type"": ""handwritten"", ""text"": """"}, {""bbox"": [359, 724, 794, 783], ""type"": ""handwritten"", ""text"": """"}, {""bbox"": [547, 809, 840, 851], ""type"": ""handwritten"", ""text"": """"}, {""bbox"": [554, 846, 857, 887], ""type"": ""handwritten"", ""text"": """"}]"
03edb2e3-11b4-4b45-98c8-45ce1936cf83.jpg,"[{""bbox"": [1818, 125, 1912, 296], ""type"": ""annotation"", ""text"": """"}, {""bbox"": [364, 267, 2026, 409], ""type"": ""printed"", ""text"": """"}, {""bbox"": [379, 396, 2025, 502], ""type"": ""printed"", ""text"": """"}, {""bbox"": [365, 491, 2025, 604], ""type"": ""printed"", ""text"": """"}, {""bbox"": [363, 588, 2024, 702], ""type"": ""printed"", ""text"": """"}, {""bbox"": [363, 687, 2025, 799], ""type"": ""printed"", ""text"": """"}]"
134b0c22-9958-4f48-8349-f30862a83209.jpg,"[{""bbox"": [1202, 47, 1517, 129], ""type"": ""annotation"", ""text"": """"}, {""bbox"": [1384, 54, 1519, 132], ""type"": ""annotation"", ""text"": """"}, {""bbox"": [61, 66, 1396, 176], ""type"": ""handwritten"", ""text"": """"}, {""bbox"": [60, 168, 1487, 247], ""type"": ""handwritten"", ""text"": """"}, {""bbox"": [60, 238, 1490, 307], ""type"": ""handwritten"", ""text"": """"}, {""bbox"": [60, 301, 1490, 380], ""type"": ""handwritten"", ""text"": """"}, {""bbox"": [60, 372, 1491, 451], ""type"": ""handwritten"", ""text"": """"}, {""bbox"": [61, 447, 1491, 527], ""type"": ""handwritten"", ""text"": """"}, {""bbox"": [60, 520, 1491, 597], ""type"": ""handwritten"", ""text"": """"}, {""bbox"": [61, 595, 1490, 668], ""type"": ""handwritten"", ""text"": """"}, {""bbox"": [61, 660, 1485, 735], ""type"": ""handwritten"", ""text"": """"}, {""bbox"": [63, 733, 1472, 810], ""type"": ""handwritten"", ""text"": """"}, {""bbox"": [61, 800, 1408, 879], ""type"": ""handwritten"", ""text"": """"}, {""bbox"": [61, 874, 1443, 962], ""type"": ""handwritten"", ""text"": """"}, {""bbox"": [52, 951, 1440, 1033], ""type"": ""handwritten"", ""text"": """"}, {""bbox"": [56, 1030, 1441, 1112], ""type"": ""handwritten"", ""text"": """"}, {""bbox"": [62, 1107, 1446, 1186], ""type"": ""handwritten"", ""text"": """"}, {""bbox"": [55, 1186, 1437, 1266], ""type"": ""handwritten"", ""text"": """"}, {""bbox"": [62, 1266, 1490, 1348], ""type"": ""handwritten"", ""text"": """"}, {""bbox"": [61, 1341, 1491, 1430], ""type"": ""handwritten"", ""text"": """"}, {""bbox"": [58, 1421, 1271, 1504], ""type"": ""handwritten"", ""text"": """"}, {""bbox"": [70, 1498, 1489, 1589], ""type"": ""handwritten"", ""text"": """"}, {""bbox"": [60, 1581, 1485, 1661], ""type"": ""handwritten"", ""text"": """"}, {""bbox"": [60, 1653, 1490, 1740], ""type"": ""handwritten"", ""text"": """"}, {""bbox"": [61, 1746, 861, 1839], ""type"": ""handwritten"", ""text"": """"}]"
4f624032-aeb4-48f6-a773-7e82c872f981.jpg,"[{""bbox"": [2363, 238, 2551, 401], ""type"": ""annotation"", ""text"": """"}, {""bbox"": [1699, 423, 2189, 487], ""type"": ""annotation"", ""text"": """"}, {""bbox"": [676, 601, 798, 647], ""type"": ""printed"", ""text"": """"}, {""bbox"": [868, 801, 2412, 864], ""type"": ""printed"", ""text"": """"}, {""bbox"": [677, 905, 2413, 973], ""type"": ""printed"", ""text"": """"}, {""bbox"": [689, 999, 2390, 1072], ""type"": ""printed"", ""text"": """"}, {""bbox"": [685, 1123, 1050, 1179], ""type"": ""printed"", ""text"": """"}, {""bbox"": [866, 1227, 1639, 1281], ""type"": ""printed"", ""text"": """"}, {""bbox"": [808, 1315, 2413, 1383], ""type"": ""printed"", ""text"": """"}, {""bbox"": [688, 1426, 1551, 1488], ""type"": ""printed"", ""text"": """"}, {""bbox"": [981, 1532, 2291, 1595], ""type"": ""printed"", ""text"": """"}, {""bbox"": [690, 1629, 1868, 1697], ""type"": ""printed"", ""text"": """"}, {""bbox"": [811, 1733, 2391, 1802], ""type"": ""printed"", ""text"": """"}, {""bbox"": [689, 1851, 1247, 1911], ""type"": ""printed"", ""text"": """"}, {""bbox"": [818, 1954, 1750, 2013], ""type"": ""printed"", ""text"": """"}, {""bbox"": [820, 2049, 2367, 2116], ""type"": ""printed"", ""text"": """"}, {""bbox"": [690, 2161, 1094, 2228], ""type"": ""printed"", ""text"": """"}, {""bbox"": [879, 2282, 1775, 2334], ""type"": ""printed"", ""text"": """"}, {""bbox"": [884, 2382, 2051, 2439], ""type"": ""printed"", ""text"": """"}, {""bbox"": [885, 2481, 2373, 2546], ""type"": ""handwritten"", ""text"": """"}, {""bbox"": [885, 2481, 2373, 2546], ""type"": ""printed"", ""text"": """"}, {""bbox"": [715, 2564, 2407, 2660], ""type"": ""handwritten"", ""text"": """"}, {""bbox"": [882, 2659, 1369, 2715], ""type"": ""handwritten"", ""text"": """"}, {""bbox"": [1518, 2911, 2072, 2951], ""type"": ""printed"", ""text"": """"}, {""bbox"": [1555, 2972, 2492, 3332], ""type"": ""image"", ""text"": """"}, {""bbox"": [1532, 2991, 2252, 3075], ""type"": ""handwritten"", ""text"": """"}, {""bbox"": [1531, 2993, 2253, 3068], ""type"": ""printed"", ""text"": """"}]"
27ef34c2-c89a-4117-9e6a-b497c961735c.jpg,"[{""bbox"": [355, 147, 692, 200], ""type"": ""printed"", ""text"": """"}, {""bbox"": [2173, 158, 2312, 304], ""type"": ""annotation"", ""text"": """"}, {""bbox"": [216, 208, 835, 265], ""type"": ""printed"", ""text"": """"}, {""bbox"": [402, 278, 648, 322], ""type"": ""printed"", ""text"": """"}, {""bbox"": [369, 346, 685, 400], ""type"": ""handwritten"", ""text"": """"}, {""bbox"": [363, 347, 690, 401], ""type"": ""printed"", ""text"": """"}, {""bbox"": [194, 403, 865, 458], ""type"": ""printed"", ""text"": """"}, {""bbox"": [404, 468, 651, 522], ""type"": ""printed"", ""text"": """"}, {""bbox"": [206, 577, 934, 629], ""type"": ""printed"", ""text"": """"}, {""bbox"": [413, 675, 619, 717], ""type"": ""printed"", ""text"": """"}, {""bbox"": [443, 755, 608, 793], ""type"": ""printed"", ""text"": """"}, {""bbox"": [270, 800, 784, 834], ""type"": ""printed"", ""text"": """"}, {""bbox"": [1161, 825, 1222, 878], ""type"": ""handwritten"", ""text"": """"}, {""bbox"": [823, 979, 2066, 1035], ""type"": ""printed"", ""text"": """"}, {""bbox"": [1229, 1089, 1695, 1137], ""type"": ""printed"", ""text"": """"}, {""bbox"": [1012, 1368, 2303, 1429], ""type"": ""printed"", ""text"": """"}, {""bbox"": [833, 1465, 1867, 1535], ""type"": ""printed"", ""text"": """"}, {""bbox"": [376, 1572, 2369, 1642], ""type"": ""printed"", ""text"": """"}, {""bbox"": [377, 1677, 1029, 1741], ""type"": ""printed"", ""text"": """"}, {""bbox"": [1011, 1785, 2310, 1853], ""type"": ""printed"", ""text"": """"}, {""bbox"": [371, 1889, 2440, 1962], ""type"": ""printed"", ""text"": """"}, {""bbox"": [372, 1989, 2464, 2062], ""type"": ""printed"", ""text"": """"}, {""bbox"": [376, 2094, 1407, 2161], ""type"": ""printed"", ""text"": """"}, {""bbox"": [1028, 2310, 1464, 2373], ""type"": ""printed"", ""text"": """"}, {""bbox"": [1128, 2356, 1521, 2728], ""type"": ""image"", ""text"": """"}, {""bbox"": [147, 2445, 957, 2817], ""type"": ""image"", ""text"": """"}, {""bbox"": [482, 2689, 665, 2730], ""type"": ""handwritten"", ""text"": """"}, {""bbox"": [481, 2691, 667, 2730], ""type"": ""printed"", ""text"": """"}]"
068ff756-0ff6-43d4-b6c4-bce168837290.jpg,"[{""bbox"": [1357, 61, 1487, 159], ""type"": ""annotation"", ""text"": """"}, {""bbox"": [51, 73, 1380, 179], ""type"": ""handwritten"", ""text"": """"}, {""bbox"": [20, 170, 1433, 246], ""type"": ""handwritten"", ""text"": """"}, {""bbox"": [20, 235, 1439, 318], ""type"": ""handwritten"", ""text"": """"}, {""bbox"": [1332, 290, 1458, 364], ""type"": ""annotation"", ""text"": """"}, {""bbox"": [7, 313, 1440, 392], ""type"": ""handwritten"", ""text"": """"}, {""bbox"": [50, 388, 1484, 472], ""type"": ""handwritten"", ""text"": """"}, {""bbox"": [23, 463, 1424, 545], ""type"": ""handwritten"", ""text"": """"}, {""bbox"": [50, 540, 1448, 624], ""type"": ""handwritten"", ""text"": """"}, {""bbox"": [18, 615, 1440, 696], ""type"": ""handwritten"", ""text"": """"}, {""bbox"": [51, 689, 1482, 772], ""type"": ""handwritten"", ""text"": """"}, {""bbox"": [50, 764, 1468, 856], ""type"": ""handwritten"", ""text"": """"}, {""bbox"": [30, 846, 1439, 931], ""type"": ""handwritten"", ""text"": """"}, {""bbox"": [33, 925, 1391, 1024], ""type"": ""handwritten"", ""text"": """"}, {""bbox"": [50, 1016, 1461, 1113], ""type"": ""handwritten"", ""text"": """"}, {""bbox"": [50, 1106, 1479, 1193], ""type"": ""handwritten"", ""text"": """"}, {""bbox"": [34, 1182, 1441, 1272], ""type"": ""handwritten"", ""text"": """"}, {""bbox"": [34, 1268, 1439, 1359], ""type"": ""handwritten"", ""text"": """"}, {""bbox"": [38, 1345, 1420, 1443], ""type"": ""handwritten"", ""text"": """"}, {""bbox"": [45, 1436, 1401, 1532], ""type"": ""handwritten"", ""text"": """"}, {""bbox"": [50, 1527, 1465, 1625], ""type"": ""handwritten"", ""text"": """"}, {""bbox"": [44, 1612, 1441, 1707], ""type"": ""handwritten"", ""text"": """"}, {""bbox"": [45, 1707, 634, 1790], ""type"": ""handwritten"", ""text"": """"}, {""bbox"": [50, 1817, 1336, 1896], ""type"": ""handwritten"", ""text"": """"}]"
4a02ea8b-1756-4ed4-92e2-e72e642e9ed9.jpg,"[{""bbox"": [2062, 41, 2254, 207], ""type"": ""annotation"", ""text"": """"}, {""bbox"": [71, 78, 827, 249], ""type"": ""handwritten"", ""text"": """"}, {""bbox"": [1573, 201, 2097, 262], ""type"": ""printed"", ""text"": """"}, {""bbox"": [184, 418, 1330, 470], ""type"": ""printed"", ""text"": """"}, {""bbox"": [532, 528, 1015, 573], ""type"": ""printed"", ""text"": """"}, {""bbox"": [1022, 728, 2259, 784], ""type"": ""printed"", ""text"": """"}, {""bbox"": [100, 752, 588, 1227], ""type"": ""image"", ""text"": """"}, {""bbox"": [1357, 782, 2252, 834], ""type"": ""printed"", ""text"": """"}, {""bbox"": [903, 834, 2265, 884], ""type"": ""printed"", ""text"": """"}, {""bbox"": [902, 885, 2265, 936], ""type"": ""printed"", ""text"": """"}, {""bbox"": [903, 935, 2015, 994], ""type"": ""printed"", ""text"": """"}, {""bbox"": [1432, 1104, 1928, 1146], ""type"": ""printed"", ""text"": """"}, {""bbox"": [1490, 1204, 1983, 1252], ""type"": ""printed"", ""text"": """"}]"
2cd6b7b0-e0b1-4459-b39f-1dda4134fb57.jpg,"[{""bbox"": [1151, 110, 2386, 292], ""type"": ""handwritten"", ""text"": """"}, {""bbox"": [189, 284, 539, 345], ""type"": ""handwritten"", ""text"": """"}, {""bbox"": [189, 285, 539, 345], ""type"": ""printed"", ""text"": """"}, {""bbox"": [128, 387, 681, 453], ""type"": ""printed"", ""text"": """"}, {""bbox"": [129, 387, 682, 454], ""type"": ""handwritten"", ""text"": """"}, {""bbox"": [142, 473, 714, 594], ""type"": ""handwritten"", ""text"": """"}, {""bbox"": [1122, 652, 2401, 716], ""type"": ""printed"", ""text"": """"}, {""bbox"": [881, 752, 2424, 822], ""type"": ""printed"", ""text"": """"}, {""bbox"": [883, 858, 2379, 928], ""type"": ""printed"", ""text"": """"}, {""bbox"": [877, 960, 1401, 1037], ""type"": ""printed"", ""text"": """"}, {""bbox"": [1072, 1074, 2339, 1142], ""type"": ""printed"", ""text"": """"}, {""bbox"": [882, 1175, 2405, 1245], ""type"": ""printed"", ""text"": """"}, {""bbox"": [879, 1289, 1223, 1354], ""type"": ""printed"", ""text"": """"}, {""bbox"": [1629, 1450, 2195, 1656], ""type"": ""image"", ""text"": """"}, {""bbox"": [1076, 1457, 1323, 1511], ""type"": ""printed"", ""text"": """"}, {""bbox"": [893, 1503, 1640, 1567], ""type"": ""printed"", ""text"": """"}]"
8c457781-c5c3-4648-90d3-22c5c95d2abf.jpg,"[{""bbox"": [1943, 205, 2060, 346], ""type"": ""annotation"", ""text"": """"}, {""bbox"": [301, 252, 1310, 438], ""type"": ""handwritten"", ""text"": """"}, {""bbox"": [480, 571, 2195, 640], ""type"": ""printed"", ""text"": """"}, {""bbox"": [353, 667, 2231, 745], ""type"": ""printed"", ""text"": """"}, {""bbox"": [351, 770, 2202, 846], ""type"": ""printed"", ""text"": """"}, {""bbox"": [338, 869, 1567, 942], ""type"": ""printed"", ""text"": """"}, {""bbox"": [558, 982, 1670, 1044], ""type"": ""printed"", ""text"": """"}, {""bbox"": [1651, 1127, 2015, 1190], ""type"": ""printed"", ""text"": """"}, {""bbox"": [1652, 1127, 2015, 1191], ""type"": ""handwritten"", ""text"": """"}, {""bbox"": [1652, 1127, 2015, 1191], ""type"": ""annotation"", ""text"": """"}, {""bbox"": [1089, 1288, 1682, 1348], ""type"": ""printed"", ""text"": """"}]"
4fd37fb0-ca93-47fd-b836-5f2ca7d77a5d.jpg,"[{""bbox"": [101, 57, 300, 328], ""type"": ""annotation"", ""text"": """"}, {""bbox"": [976, 427, 1237, 498], ""type"": ""printed"", ""text"": """"}, {""bbox"": [557, 547, 1789, 604], ""type"": ""printed"", ""text"": """"}, {""bbox"": [556, 617, 1789, 672], ""type"": ""printed"", ""text"": """"}, {""bbox"": [398, 665, 938, 715], ""type"": ""printed"", ""text"": """"}, {""bbox"": [483, 712, 1088, 759], ""type"": ""printed"", ""text"": """"}, {""bbox"": [527, 766, 1807, 815], ""type"": ""printed"", ""text"": """"}, {""bbox"": [566, 805, 1082, 843], ""type"": ""printed"", ""text"": """"}, {""bbox"": [528, 843, 1810, 885], ""type"": ""printed"", ""text"": """"}, {""bbox"": [556, 876, 1789, 916], ""type"": ""printed"", ""text"": """"}, {""bbox"": [557, 946, 1789, 990], ""type"": ""printed"", ""text"": """"}, {""bbox"": [515, 1020, 1809, 1069], ""type"": ""printed"", ""text"": """"}, {""bbox"": [538, 1092, 1809, 1142], ""type"": ""printed"", ""text"": """"}, {""bbox"": [503, 1165, 1810, 1215], ""type"": ""printed"", ""text"": """"}, {""bbox"": [476, 1247, 1808, 1299], ""type"": ""printed"", ""text"": """"}, {""bbox"": [396, 1295, 863, 1333], ""type"": ""printed"", ""text"": """"}, {""bbox"": [471, 1339, 1807, 1387], ""type"": ""printed"", ""text"": """"}, {""bbox"": [556, 1384, 1789, 1432], ""type"": ""printed"", ""text"": """"}, {""bbox"": [390, 1428, 1808, 1475], ""type"": ""printed"", ""text"": """"}, {""bbox"": [393, 1472, 1095, 1517], ""type"": ""printed"", ""text"": """"}, {""bbox"": [485, 1515, 1808, 1567], ""type"": ""printed"", ""text"": """"}, {""bbox"": [390, 1566, 1807, 1614], ""type"": ""printed"", ""text"": """"}, {""bbox"": [556, 1605, 1789, 1652], ""type"": ""printed"", ""text"": """"}, {""bbox"": [391, 1650, 1431, 1699], ""type"": ""printed"", ""text"": """"}, {""bbox"": [556, 1696, 1789, 1747], ""type"": ""printed"", ""text"": """"}, {""bbox"": [384, 1747, 1807, 1793], ""type"": ""printed"", ""text"": """"}, {""bbox"": [467, 1836, 1808, 1882], ""type"": ""printed"", ""text"": """"}, {""bbox"": [556, 1881, 1789, 1928], ""type"": ""printed"", ""text"": """"}, {""bbox"": [392, 1924, 1808, 1973], ""type"": ""printed"", ""text"": """"}, {""bbox"": [443, 1976, 1808, 2023], ""type"": ""printed"", ""text"": """"}, {""bbox"": [558, 2013, 1788, 2059], ""type"": ""printed"", ""text"": """"}, {""bbox"": [395, 2058, 1624, 2104], ""type"": ""printed"", ""text"": """"}, {""bbox"": [474, 2101, 1655, 2149], ""type"": ""printed"", ""text"": """"}, {""bbox"": [390, 2145, 1161, 2197], ""type"": ""printed"", ""text"": """"}, {""bbox"": [556, 2195, 1789, 2242], ""type"": ""printed"", ""text"": """"}, {""bbox"": [401, 2243, 1808, 2287], ""type"": ""printed"", ""text"": """"}, {""bbox"": [388, 2329, 1807, 2377], ""type"": ""printed"", ""text"": """"}, {""bbox"": [767, 2401, 1808, 2446], ""type"": ""printed"", ""text"": """"}, {""bbox"": [676, 2450, 1798, 2493], ""type"": ""printed"", ""text"": """"}, {""bbox"": [924, 2513, 1805, 2557], ""type"": ""printed"", ""text"": """"}, {""bbox"": [557, 2618, 1789, 2664], ""type"": ""printed"", ""text"": """"}, {""bbox"": [445, 2680, 802, 2728], ""type"": ""handwritten"", ""text"": """"}, {""bbox"": [440, 2682, 805, 2728], ""type"": ""printed"", ""text"": """"}, {""bbox"": [438, 2727, 798, 2776], ""type"": ""handwritten"", ""text"": """"}]"
8f730993-8a0f-436f-b56a-e710851adad4.jpg,"[{""bbox"": [920, 55, 972, 85], ""type"": ""annotation"", ""text"": """"}, {""bbox"": [272, 111, 1101, 162], ""type"": ""handwritten"", ""text"": """"}, {""bbox"": [266, 172, 784, 213], ""type"": ""handwritten"", ""text"": """"}, {""bbox"": [224, 289, 1041, 339], ""type"": ""handwritten"", ""text"": """"}, {""bbox"": [160, 346, 1014, 401], ""type"": ""handwritten"", ""text"": """"}, {""bbox"": [161, 403, 1065, 459], ""type"": ""handwritten"", ""text"": """"}, {""bbox"": [168, 459, 1062, 515], ""type"": ""handwritten"", ""text"": """"}, {""bbox"": [167, 517, 1075, 572], ""type"": ""handwritten"", ""text"": """"}, {""bbox"": [165, 576, 1036, 632], ""type"": ""handwritten"", ""text"": """"}, {""bbox"": [161, 633, 1065, 689], ""type"": ""handwritten"", ""text"": """"}, {""bbox"": [156, 688, 1031, 750], ""type"": ""handwritten"", ""text"": """"}, {""bbox"": [160, 749, 1067, 803], ""type"": ""handwritten"", ""text"": """"}, {""bbox"": [159, 806, 1045, 866], ""type"": ""handwritten"", ""text"": """"}, {""bbox"": [165, 867, 1032, 924], ""type"": ""handwritten"", ""text"": """"}, {""bbox"": [169, 923, 1043, 976], ""type"": ""handwritten"", ""text"": """"}, {""bbox"": [169, 981, 1052, 1034], ""type"": ""handwritten"", ""text"": """"}, {""bbox"": [166, 1040, 1054, 1098], ""type"": ""handwritten"", ""text"": """"}, {""bbox"": [169, 1097, 1069, 1155], ""type"": ""handwritten"", ""text"": """"}, {""bbox"": [172, 1157, 1068, 1214], ""type"": ""handwritten"", ""text"": """"}, {""bbox"": [170, 1215, 1070, 1266], ""type"": ""handwritten"", ""text"": """"}, {""bbox"": [170, 1274, 1075, 1332], ""type"": ""handwritten"", ""text"": """"}, {""bbox"": [173, 1331, 1072, 1390], ""type"": ""handwritten"", ""text"": """"}, {""bbox"": [163, 1387, 1052, 1445], ""type"": ""handwritten"", ""text"": """"}, {""bbox"": [169, 1444, 1051, 1497], ""type"": ""handwritten"", ""text"": """"}, {""bbox"": [167, 1499, 1062, 1558], ""type"": ""handwritten"", ""text"": """"}, {""bbox"": [171, 1558, 1095, 1616], ""type"": ""handwritten"", ""text"": """"}, {""bbox"": [175, 1615, 1098, 1676], ""type"": ""handwritten"", ""text"": """"}, {""bbox"": [162, 1676, 1062, 1735], ""type"": ""handwritten"", ""text"": """"}]"
1b9c2bc8-98cf-46e8-8e05-70821257960b.jpg,"[{""bbox"": [854, 0, 1163, 74], ""type"": ""annotation"", ""text"": """"}, {""bbox"": [16, 55, 1201, 157], ""type"": ""handwritten"", ""text"": """"}, {""bbox"": [27, 135, 1192, 242], ""type"": ""handwritten"", ""text"": """"}, {""bbox"": [17, 226, 1199, 320], ""type"": ""handwritten"", ""text"": """"}, {""bbox"": [29, 303, 1199, 398], ""type"": ""handwritten"", ""text"": """"}, {""bbox"": [34, 384, 1192, 481], ""type"": ""handwritten"", ""text"": """"}, {""bbox"": [32, 462, 1189, 565], ""type"": ""handwritten"", ""text"": """"}, {""bbox"": [32, 545, 1200, 654], ""type"": ""handwritten"", ""text"": """"}, {""bbox"": [32, 629, 1218, 733], ""type"": ""handwritten"", ""text"": """"}, {""bbox"": [29, 718, 1217, 818], ""type"": ""handwritten"", ""text"": """"}, {""bbox"": [37, 804, 1225, 899], ""type"": ""handwritten"", ""text"": """"}, {""bbox"": [35, 894, 1209, 983], ""type"": ""handwritten"", ""text"": """"}, {""bbox"": [30, 970, 1200, 1085], ""type"": ""handwritten"", ""text"": """"}, {""bbox"": [29, 1049, 1227, 1179], ""type"": ""handwritten"", ""text"": """"}, {""bbox"": [23, 1128, 1145, 1232], ""type"": ""handwritten"", ""text"": """"}, {""bbox"": [18, 1215, 1236, 1320], ""type"": ""handwritten"", ""text"": """"}, {""bbox"": [33, 1309, 1243, 1394], ""type"": ""handwritten"", ""text"": """"}, {""bbox"": [33, 1386, 1252, 1485], ""type"": ""handwritten"", ""text"": """"}, {""bbox"": [29, 1472, 1196, 1555], ""type"": ""handwritten"", ""text"": """"}, {""bbox"": [28, 1546, 979, 1660], ""type"": ""handwritten"", ""text"": """"}, {""bbox"": [59, 1643, 1253, 1779], ""type"": ""handwritten"", ""text"": """"}]"
9b304475-d1b1-4b51-8eb1-31f06e0c968f.jpg,"[{""bbox"": [1422, 0, 1517, 96], ""type"": ""annotation"", ""text"": """"}, {""bbox"": [128, 10, 266, 76], ""type"": ""annotation"", ""text"": """"}, {""bbox"": [1216, 84, 1359, 175], ""type"": ""annotation"", ""text"": """"}, {""bbox"": [239, 221, 1468, 385], ""type"": ""handwritten"", ""text"": """"}, {""bbox"": [130, 388, 1538, 512], ""type"": ""handwritten"", ""text"": """"}, {""bbox"": [71, 493, 1492, 604], ""type"": ""handwritten"", ""text"": """"}, {""bbox"": [119, 583, 1501, 697], ""type"": ""handwritten"", ""text"": """"}, {""bbox"": [73, 672, 1419, 805], ""type"": ""handwritten"", ""text"": """"}, {""bbox"": [73, 747, 1484, 924], ""type"": ""handwritten"", ""text"": """"}, {""bbox"": [72, 907, 1491, 1112], ""type"": ""handwritten"", ""text"": """"}, {""bbox"": [71, 987, 1489, 1151], ""type"": ""handwritten"", ""text"": """"}, {""bbox"": [71, 1075, 1406, 1206], ""type"": ""handwritten"", ""text"": """"}, {""bbox"": [55, 1194, 562, 1327], ""type"": ""handwritten"", ""text"": """"}, {""bbox"": [379, 1250, 1413, 1399], ""type"": ""handwritten"", ""text"": """"}, {""bbox"": [992, 1363, 1377, 1506], ""type"": ""handwritten"", ""text"": """"}]"
e0e8c060-88c6-443d-90b3-79b1aa3da848.jpg,"[{""bbox"": [918, 46, 990, 81], ""type"": ""annotation"", ""text"": """"}, {""bbox"": [831, 106, 1057, 145], ""type"": ""handwritten"", ""text"": """"}, {""bbox"": [205, 164, 1051, 216], ""type"": ""handwritten"", ""text"": """"}, {""bbox"": [142, 222, 1064, 276], ""type"": ""handwritten"", ""text"": """"}, {""bbox"": [145, 277, 1055, 334], ""type"": ""handwritten"", ""text"": """"}, {""bbox"": [194, 392, 1052, 450], ""type"": ""handwritten"", ""text"": """"}, {""bbox"": [145, 457, 1054, 508], ""type"": ""handwritten"", ""text"": """"}, {""bbox"": [144, 516, 1061, 566], ""type"": ""handwritten"", ""text"": """"}, {""bbox"": [140, 567, 1025, 619], ""type"": ""handwritten"", ""text"": """"}, {""bbox"": [135, 627, 1080, 679], ""type"": ""handwritten"", ""text"": """"}, {""bbox"": [145, 685, 1036, 743], ""type"": ""handwritten"", ""text"": """"}, {""bbox"": [146, 745, 1040, 799], ""type"": ""handwritten"", ""text"": """"}, {""bbox"": [139, 803, 1029, 857], ""type"": ""handwritten"", ""text"": """"}, {""bbox"": [145, 858, 1053, 914], ""type"": ""handwritten"", ""text"": """"}, {""bbox"": [147, 919, 1026, 971], ""type"": ""handwritten"", ""text"": """"}, {""bbox"": [147, 974, 1034, 1031], ""type"": ""handwritten"", ""text"": """"}, {""bbox"": [145, 1035, 1089, 1088], ""type"": ""handwritten"", ""text"": """"}, {""bbox"": [148, 1088, 1087, 1147], ""type"": ""handwritten"", ""text"": """"}, {""bbox"": [149, 1152, 1080, 1208], ""type"": ""handwritten"", ""text"": """"}, {""bbox"": [147, 1212, 1047, 1271], ""type"": ""handwritten"", ""text"": """"}, {""bbox"": [139, 1269, 1079, 1324], ""type"": ""handwritten"", ""text"": """"}, {""bbox"": [147, 1326, 1083, 1381], ""type"": ""handwritten"", ""text"": """"}, {""bbox"": [148, 1385, 1073, 1437], ""type"": ""handwritten"", ""text"": """"}, {""bbox"": [150, 1437, 1057, 1492], ""type"": ""handwritten"", ""text"": """"}, {""bbox"": [149, 1497, 1074, 1553], ""type"": ""handwritten"", ""text"": """"}, {""bbox"": [146, 1556, 1015, 1613], ""type"": ""handwritten"", ""text"": """"}, {""bbox"": [151, 1616, 1011, 1667], ""type"": ""handwritten"", ""text"": """"}, {""bbox"": [149, 1674, 1047, 1727], ""type"": ""handwritten"", ""text"": """"}]"
65b3b7b6-9db2-4a89-bd82-30cc6842318e.jpg,"[{""bbox"": [1067, 79, 1172, 183], ""type"": ""annotation"", ""text"": """"}, {""bbox"": [28, 183, 1304, 277], ""type"": ""handwritten"", ""text"": """"}, {""bbox"": [33, 270, 1314, 361], ""type"": ""handwritten"", ""text"": """"}, {""bbox"": [39, 358, 1318, 461], ""type"": ""handwritten"", ""text"": """"}, {""bbox"": [48, 452, 1314, 554], ""type"": ""handwritten"", ""text"": """"}, {""bbox"": [46, 536, 1328, 645], ""type"": ""handwritten"", ""text"": """"}, {""bbox"": [61, 627, 1314, 729], ""type"": ""handwritten"", ""text"": """"}, {""bbox"": [51, 721, 1329, 826], ""type"": ""handwritten"", ""text"": """"}, {""bbox"": [56, 812, 1329, 909], ""type"": ""handwritten"", ""text"": """"}, {""bbox"": [59, 902, 1339, 1007], ""type"": ""handwritten"", ""text"": """"}, {""bbox"": [61, 990, 1336, 1100], ""type"": ""handwritten"", ""text"": """"}, {""bbox"": [52, 1082, 1346, 1185], ""type"": ""handwritten"", ""text"": """"}, {""bbox"": [60, 1168, 1350, 1290], ""type"": ""handwritten"", ""text"": """"}, {""bbox"": [62, 1255, 1344, 1398], ""type"": ""handwritten"", ""text"": """"}, {""bbox"": [61, 1346, 1344, 1506], ""type"": ""handwritten"", ""text"": """"}, {""bbox"": [56, 1429, 1356, 1562], ""type"": ""handwritten"", ""text"": """"}, {""bbox"": [46, 1512, 1355, 1674], ""type"": ""handwritten"", ""text"": """"}, {""bbox"": [66, 1607, 1357, 1778], ""type"": ""handwritten"", ""text"": """"}, {""bbox"": [73, 1710, 1363, 1838], ""type"": ""handwritten"", ""text"": """"}, {""bbox"": [76, 1800, 1362, 1906], ""type"": ""handwritten"", ""text"": """"}, {""bbox"": [74, 1891, 1354, 2026], ""type"": ""handwritten"", ""text"": """"}]"
0425cda8-0aef-4c01-a241-1c66e73a2153.jpg,"[{""bbox"": [1538, 98, 1698, 252], ""type"": ""annotation"", ""text"": """"}, {""bbox"": [286, 362, 1077, 473], ""type"": ""printed"", ""text"": """"}, {""bbox"": [553, 546, 1033, 590], ""type"": ""printed"", ""text"": """"}, {""bbox"": [555, 601, 1367, 653], ""type"": ""printed"", ""text"": """"}, {""bbox"": [285, 722, 630, 766], ""type"": ""printed"", ""text"": """"}, {""bbox"": [549, 773, 1364, 821], ""type"": ""printed"", ""text"": """"}, {""bbox"": [550, 817, 1368, 865], ""type"": ""printed"", ""text"": """"}, {""bbox"": [551, 861, 1282, 908], ""type"": ""printed"", ""text"": """"}, {""bbox"": [552, 907, 879, 956], ""type"": ""printed"", ""text"": """"}, {""bbox"": [284, 1012, 987, 1075], ""type"": ""printed"", ""text"": """"}, {""bbox"": [500, 1136, 1134, 1179], ""type"": ""printed"", ""text"": """"}, {""bbox"": [497, 1185, 1367, 1231], ""type"": ""printed"", ""text"": """"}, {""bbox"": [549, 1233, 1368, 1279], ""type"": ""printed"", ""text"": """"}, {""bbox"": [548, 1282, 1269, 1328], ""type"": ""printed"", ""text"": """"}, {""bbox"": [500, 1330, 1373, 1380], ""type"": ""printed"", ""text"": """"}, {""bbox"": [548, 1380, 1371, 1430], ""type"": ""printed"", ""text"": """"}, {""bbox"": [501, 1432, 819, 1476], ""type"": ""printed"", ""text"": """"}, {""bbox"": [501, 1481, 1183, 1529], ""type"": ""printed"", ""text"": """"}, {""bbox"": [629, 1577, 1031, 1623], ""type"": ""printed"", ""text"": """"}, {""bbox"": [577, 1620, 1089, 1668], ""type"": ""printed"", ""text"": """"}, {""bbox"": [493, 1686, 1163, 1729], ""type"": ""printed"", ""text"": """"}, {""bbox"": [290, 1733, 1366, 1782], ""type"": ""printed"", ""text"": """"}, {""bbox"": [319, 1788, 1344, 1835], ""type"": ""printed"", ""text"": """"}, {""bbox"": [738, 1832, 934, 1863], ""type"": ""printed"", ""text"": """"}, {""bbox"": [416, 1870, 1234, 1918], ""type"": ""printed"", ""text"": """"}, {""bbox"": [499, 1933, 1157, 1974], ""type"": ""printed"", ""text"": """"}, {""bbox"": [553, 1975, 1106, 2021], ""type"": ""printed"", ""text"": """"}, {""bbox"": [283, 2074, 1074, 2130], ""type"": ""handwritten"", ""text"": """"}, {""bbox"": [320, 2136, 1065, 2185], ""type"": ""handwritten"", ""text"": """"}, {""bbox"": [317, 2187, 1147, 2257], ""type"": ""handwritten"", ""text"": """"}, {""bbox"": [336, 2317, 1361, 2354], ""type"": ""printed"", ""text"": """"}, {""bbox"": [464, 2353, 1200, 2389], ""type"": ""printed"", ""text"": """"}]"
64722ae2-0be0-4440-8eb3-c8e5fadb12fd.jpg,"[{""bbox"": [65, 119, 917, 173], ""type"": ""handwritten"", ""text"": """"}, {""bbox"": [72, 184, 380, 214], ""type"": ""handwritten"", ""text"": """"}, {""bbox"": [294, 231, 865, 286], ""type"": ""handwritten"", ""text"": """"}, {""bbox"": [499, 302, 708, 348], ""type"": ""handwritten"", ""text"": """"}, {""bbox"": [320, 354, 669, 397], ""type"": ""handwritten"", ""text"": """"}, {""bbox"": [438, 407, 860, 458], ""type"": ""handwritten"", ""text"": """"}, {""bbox"": [293, 508, 648, 574], ""type"": ""handwritten"", ""text"": """"}, {""bbox"": [221, 566, 657, 632], ""type"": ""handwritten"", ""text"": """"}, {""bbox"": [292, 624, 664, 685], ""type"": ""handwritten"", ""text"": """"}]"
188c50b7-b537-42cf-b0bc-b336780d0710.jpg,"[{""bbox"": [2675, 164, 2792, 314], ""type"": ""annotation"", ""text"": """"}, {""bbox"": [259, 367, 1211, 633], ""type"": ""annotation"", ""text"": """"}, {""bbox"": [1306, 439, 1685, 503], ""type"": ""printed"", ""text"": """"}, {""bbox"": [360, 590, 583, 657], ""type"": ""printed"", ""text"": """"}, {""bbox"": [1975, 732, 2127, 776], ""type"": ""printed"", ""text"": """"}, {""bbox"": [155, 753, 787, 832], ""type"": ""printed"", ""text"": """"}, {""bbox"": [1019, 770, 1974, 840], ""type"": ""printed"", ""text"": """"}, {""bbox"": [1979, 832, 2212, 884], ""type"": ""printed"", ""text"": """"}, {""bbox"": [318, 868, 631, 919], ""type"": ""printed"", ""text"": """"}, {""bbox"": [902, 870, 1868, 943], ""type"": ""printed"", ""text"": """"}, {""bbox"": [210, 962, 735, 1021], ""type"": ""printed"", ""text"": """"}, {""bbox"": [844, 970, 1394, 1037], ""type"": ""printed"", ""text"": """"}, {""bbox"": [317, 1389, 1964, 1457], ""type"": ""printed"", ""text"": """"}, {""bbox"": [603, 1496, 1930, 1565], ""type"": ""printed"", ""text"": """"}, {""bbox"": [238, 1505, 569, 1810], ""type"": ""annotation"", ""text"": """"}, {""bbox"": [597, 1597, 1960, 1669], ""type"": ""printed"", ""text"": """"}, {""bbox"": [600, 1704, 1892, 1776], ""type"": ""printed"", ""text"": """"}, {""bbox"": [601, 1808, 1959, 1885], ""type"": ""printed"", ""text"": """"}, {""bbox"": [601, 1911, 1965, 1985], ""type"": ""printed"", ""text"": """"}, {""bbox"": [607, 2019, 1937, 2090], ""type"": ""printed"", ""text"": """"}, {""bbox"": [603, 2118, 1979, 2195], ""type"": ""printed"", ""text"": """"}, {""bbox"": [608, 2227, 1891, 2304], ""type"": ""printed"", ""text"": """"}, {""bbox"": [605, 2327, 1939, 2408], ""type"": ""printed"", ""text"": """"}, {""bbox"": [612, 2437, 1910, 2508], ""type"": ""printed"", ""text"": """"}, {""bbox"": [610, 2546, 1900, 2614], ""type"": ""printed"", ""text"": """"}, {""bbox"": [609, 2648, 1912, 2719], ""type"": ""printed"", ""text"": """"}]"
f80fca6e-954a-4de1-ac05-465b0b925fb8.jpg,"[{""bbox"": [2076, 118, 2167, 300], ""type"": ""annotation"", ""text"": """"}, {""bbox"": [663, 350, 1709, 437], ""type"": ""handwritten"", ""text"": """"}, {""bbox"": [265, 439, 2402, 552], ""type"": ""handwritten"", ""text"": """"}, {""bbox"": [250, 541, 2402, 646], ""type"": ""handwritten"", ""text"": """"}, {""bbox"": [252, 636, 2425, 736], ""type"": ""handwritten"", ""text"": """"}, {""bbox"": [212, 723, 2432, 838], ""type"": ""handwritten"", ""text"": """"}, {""bbox"": [232, 834, 2152, 946], ""type"": ""handwritten"", ""text"": """"}, {""bbox"": [395, 931, 2398, 1043], ""type"": ""handwritten"", ""text"": """"}, {""bbox"": [272, 1031, 2398, 1142], ""type"": ""handwritten"", ""text"": """"}, {""bbox"": [244, 1128, 2386, 1242], ""type"": ""handwritten"", ""text"": """"}, {""bbox"": [244, 1229, 2369, 1337], ""type"": ""handwritten"", ""text"": """"}, {""bbox"": [258, 1326, 2404, 1433], ""type"": ""handwritten"", ""text"": """"}, {""bbox"": [250, 1421, 2422, 1532], ""type"": ""handwritten"", ""text"": """"}, {""bbox"": [208, 1521, 2398, 1630], ""type"": ""handwritten"", ""text"": """"}, {""bbox"": [215, 1627, 2407, 1735], ""type"": ""handwritten"", ""text"": """"}, {""bbox"": [218, 1728, 2403, 1836], ""type"": ""handwritten"", ""text"": """"}, {""bbox"": [253, 1821, 2414, 1930], ""type"": ""handwritten"", ""text"": """"}, {""bbox"": [276, 1926, 1221, 2046], ""type"": ""handwritten"", ""text"": """"}, {""bbox"": [332, 2022, 2400, 2135], ""type"": ""handwritten"", ""text"": """"}, {""bbox"": [283, 2122, 2395, 2234], ""type"": ""handwritten"", ""text"": """"}, {""bbox"": [277, 2219, 2392, 2329], ""type"": ""handwritten"", ""text"": """"}, {""bbox"": [284, 2318, 2385, 2428], ""type"": ""handwritten"", ""text"": """"}, {""bbox"": [289, 2419, 2399, 2531], ""type"": ""handwritten"", ""text"": """"}, {""bbox"": [278, 2516, 2387, 2630], ""type"": ""handwritten"", ""text"": """"}, {""bbox"": [219, 2620, 2409, 2738], ""type"": ""handwritten"", ""text"": """"}, {""bbox"": [223, 2729, 1533, 2832], ""type"": ""handwritten"", ""text"": """"}, {""bbox"": [253, 2816, 2392, 2935], ""type"": ""handwritten"", ""text"": """"}, {""bbox"": [250, 2915, 2385, 3049], ""type"": ""handwritten"", ""text"": """"}]"
9d61eae3-3d2e-483e-9e77-a2d0941e2125.jpg,"[{""bbox"": [524, 140, 930, 190], ""type"": ""printed"", ""text"": """"}, {""bbox"": [1668, 143, 2051, 197], ""type"": ""printed"", ""text"": """"}, {""bbox"": [192, 194, 1157, 244], ""type"": ""printed"", ""text"": """"}, {""bbox"": [1448, 199, 2261, 248], ""type"": ""printed"", ""text"": """"}, {""bbox"": [2219, 215, 2435, 387], ""type"": ""annotation"", ""text"": """"}, {""bbox"": [641, 260, 730, 288], ""type"": ""printed"", ""text"": """"}, {""bbox"": [1809, 261, 1910, 294], ""type"": ""printed"", ""text"": """"}, {""bbox"": [423, 305, 936, 345], ""type"": ""printed"", ""text"": """"}, {""bbox"": [1575, 308, 2150, 350], ""type"": ""printed"", ""text"": """"}, {""bbox"": [589, 354, 752, 387], ""type"": ""printed"", ""text"": """"}, {""bbox"": [1768, 357, 1953, 393], ""type"": ""printed"", ""text"": """"}, {""bbox"": [237, 506, 613, 599], ""type"": ""handwritten"", ""text"": """"}, {""bbox"": [1390, 549, 1638, 588], ""type"": ""printed"", ""text"": """"}, {""bbox"": [1761, 549, 2291, 604], ""type"": ""printed"", ""text"": """"}, {""bbox"": [1384, 599, 1640, 642], ""type"": ""printed"", ""text"": """"}, {""bbox"": [192, 603, 659, 636], ""type"": ""printed"", ""text"": """"}, {""bbox"": [179, 700, 809, 740], ""type"": ""printed"", ""text"": """"}, {""bbox"": [1421, 837, 2131, 891], ""type"": ""printed"", ""text"": """"}, {""bbox"": [1675, 943, 2018, 1016], ""type"": ""printed"", ""text"": """"}, {""bbox"": [1088, 1183, 2412, 1245], ""type"": ""printed"", ""text"": """"}, {""bbox"": [857, 1282, 2405, 1348], ""type"": ""printed"", ""text"": """"}, {""bbox"": [851, 1478, 2369, 1543], ""type"": ""printed"", ""text"": """"}, {""bbox"": [857, 1578, 2297, 1645], ""type"": ""printed"", ""text"": """"}, {""bbox"": [852, 1678, 2441, 1749], ""type"": ""printed"", ""text"": """"}, {""bbox"": [850, 1772, 2444, 1844], ""type"": ""printed"", ""text"": """"}, {""bbox"": [847, 1873, 1215, 1939], ""type"": ""printed"", ""text"": """"}, {""bbox"": [1263, 2109, 2158, 2362], ""type"": ""image"", ""text"": """"}, {""bbox"": [441, 2726, 2308, 2791], ""type"": ""printed"", ""text"": """"}, {""bbox"": [654, 2821, 1419, 2882], ""type"": ""printed"", ""text"": """"}]"
a727ba9c-9beb-4f9e-81fd-67cf74fc5069.jpg,"[{""bbox"": [2176, 58, 2319, 253], ""type"": ""annotation"", ""text"": """"}, {""bbox"": [1250, 567, 2379, 666], ""type"": ""handwritten"", ""text"": """"}, {""bbox"": [1375, 666, 1877, 751], ""type"": ""handwritten"", ""text"": """"}, {""bbox"": [1355, 670, 2327, 754], ""type"": ""handwritten"", ""text"": """"}, {""bbox"": [829, 1109, 1558, 1167], ""type"": ""printed"", ""text"": """"}, {""bbox"": [796, 1256, 2092, 1322], ""type"": ""printed"", ""text"": """"}, {""bbox"": [322, 1453, 2172, 1523], ""type"": ""printed"", ""text"": """"}, {""bbox"": [314, 1533, 1729, 1626], ""type"": ""handwritten"", ""text"": """"}, {""bbox"": [469, 1656, 2203, 1716], ""type"": ""printed"", ""text"": """"}, {""bbox"": [327, 1754, 1497, 1817], ""type"": ""printed"", ""text"": """"}, {""bbox"": [477, 1855, 2079, 1914], ""type"": ""printed"", ""text"": """"}, {""bbox"": [962, 2253, 2028, 2308], ""type"": ""printed"", ""text"": """"}, {""bbox"": [661, 2358, 1387, 2409], ""type"": ""printed"", ""text"": """"}, {""bbox"": [1315, 2447, 2175, 2561], ""type"": ""handwritten"", ""text"": """"}, {""bbox"": [1333, 2547, 2034, 2864], ""type"": ""image"", ""text"": """"}, {""bbox"": [332, 2758, 812, 2822], ""type"": ""handwritten"", ""text"": """"}]"
26b25869-e0e6-486e-a7bd-ebe8433cc1ae.jpg,"[{""bbox"": [227, 100, 364, 141], ""type"": ""handwritten"", ""text"": """"}, {""bbox"": [863, 115, 1062, 146], ""type"": ""annotation"", ""text"": """"}, {""bbox"": [135, 168, 500, 209], ""type"": ""handwritten"", ""text"": """"}, {""bbox"": [230, 230, 357, 270], ""type"": ""handwritten"", ""text"": """"}, {""bbox"": [130, 284, 497, 332], ""type"": ""handwritten"", ""text"": """"}, {""bbox"": [556, 286, 960, 333], ""type"": ""handwritten"", ""text"": """"}, {""bbox"": [548, 337, 957, 389], ""type"": ""handwritten"", ""text"": """"}, {""bbox"": [239, 347, 305, 375], ""type"": ""handwritten"", ""text"": """"}, {""bbox"": [540, 400, 862, 445], ""type"": ""handwritten"", ""text"": """"}, {""bbox"": [203, 402, 353, 432], ""type"": ""handwritten"", ""text"": """"}, {""bbox"": [210, 573, 1027, 625], ""type"": ""handwritten"", ""text"": """"}, {""bbox"": [142, 631, 1011, 680], ""type"": ""handwritten"", ""text"": """"}, {""bbox"": [148, 691, 1051, 739], ""type"": ""handwritten"", ""text"": """"}, {""bbox"": [147, 747, 1041, 797], ""type"": ""handwritten"", ""text"": """"}, {""bbox"": [141, 807, 1042, 859], ""type"": ""handwritten"", ""text"": """"}, {""bbox"": [143, 863, 1037, 917], ""type"": ""handwritten"", ""text"": """"}, {""bbox"": [141, 923, 721, 973], ""type"": ""handwritten"", ""text"": """"}, {""bbox"": [204, 978, 1043, 1030], ""type"": ""handwritten"", ""text"": """"}, {""bbox"": [142, 1039, 1019, 1090], ""type"": ""handwritten"", ""text"": """"}, {""bbox"": [146, 1097, 1047, 1143], ""type"": ""handwritten"", ""text"": """"}, {""bbox"": [147, 1149, 692, 1201], ""type"": ""handwritten"", ""text"": """"}, {""bbox"": [296, 1212, 1020, 1267], ""type"": ""handwritten"", ""text"": """"}, {""bbox"": [324, 1268, 1007, 1325], ""type"": ""handwritten"", ""text"": """"}, {""bbox"": [414, 1366, 817, 1422], ""type"": ""handwritten"", ""text"": """"}, {""bbox"": [396, 1424, 876, 1485], ""type"": ""handwritten"", ""text"": """"}, {""bbox"": [467, 1483, 840, 1548], ""type"": ""handwritten"", ""text"": """"}]"
19b47e1f-1439-4c6d-84e3-762aae6ec1f1.jpg,"[{""bbox"": [747, 102, 993, 413], ""type"": ""image"", ""text"": """"}, {""bbox"": [247, 103, 579, 157], ""type"": ""printed"", ""text"": """"}, {""bbox"": [1155, 103, 1490, 157], ""type"": ""printed"", ""text"": """"}, {""bbox"": [996, 165, 1649, 223], ""type"": ""printed"", ""text"": """"}, {""bbox"": [82, 167, 738, 221], ""type"": ""printed"", ""text"": """"}, {""bbox"": [1253, 232, 1392, 278], ""type"": ""printed"", ""text"": """"}, {""bbox"": [341, 233, 481, 281], ""type"": ""printed"", ""text"": """"}, {""bbox"": [995, 307, 1633, 359], ""type"": ""printed"", ""text"": """"}, {""bbox"": [85, 309, 736, 357], ""type"": ""printed"", ""text"": """"}, {""bbox"": [243, 373, 575, 408], ""type"": ""printed"", ""text"": """"}, {""bbox"": [1156, 375, 1493, 410], ""type"": ""printed"", ""text"": """"}, {""bbox"": [880, 622, 1381, 681], ""type"": ""printed"", ""text"": """"}, {""bbox"": [469, 824, 1552, 891], ""type"": ""handwritten"", ""text"": """"}, {""bbox"": [477, 886, 1504, 977], ""type"": ""handwritten"", ""text"": """"}, {""bbox"": [1048, 1013, 1518, 1110], ""type"": ""handwritten"", ""text"": """"}, {""bbox"": [276, 1172, 1652, 1255], ""type"": ""printed"", ""text"": """"}, {""bbox"": [143, 1280, 1656, 1357], ""type"": ""printed"", ""text"": """"}, {""bbox"": [135, 1378, 1671, 1469], ""type"": ""printed"", ""text"": """"}, {""bbox"": [138, 1478, 1647, 1571], ""type"": ""printed"", ""text"": """"}, {""bbox"": [130, 1579, 629, 1653], ""type"": ""printed"", ""text"": """"}, {""bbox"": [394, 1699, 902, 1760], ""type"": ""printed"", ""text"": """"}, {""bbox"": [278, 1793, 1280, 1867], ""type"": ""printed"", ""text"": """"}, {""bbox"": [261, 1893, 1580, 1976], ""type"": ""printed"", ""text"": """"}, {""bbox"": [257, 1996, 1343, 2075], ""type"": ""printed"", ""text"": """"}, {""bbox"": [965, 2122, 1444, 2182], ""type"": ""printed"", ""text"": """"}, {""bbox"": [1136, 2203, 1715, 2527], ""type"": ""image"", ""text"": """"}, {""bbox"": [908, 2207, 1392, 2288], ""type"": ""handwritten"", ""text"": """"}, {""bbox"": [255, 2214, 876, 2285], ""type"": ""printed"", ""text"": """"}, {""bbox"": [535, 2321, 660, 2374], ""type"": ""annotation"", ""text"": """"}, {""bbox"": [535, 2321, 660, 2374], ""type"": ""handwritten"", ""text"": """"}]"
0aa00698-470c-4193-9b38-4dfa1fc11adb.jpg,"[{""bbox"": [1027, 7, 1120, 130], ""type"": ""annotation"", ""text"": """"}, {""bbox"": [349, 100, 1360, 206], ""type"": ""handwritten"", ""text"": """"}, {""bbox"": [98, 189, 1448, 286], ""type"": ""handwritten"", ""text"": """"}, {""bbox"": [84, 283, 1463, 364], ""type"": ""handwritten"", ""text"": """"}, {""bbox"": [82, 355, 1423, 435], ""type"": ""handwritten"", ""text"": """"}, {""bbox"": [85, 427, 1449, 514], ""type"": ""handwritten"", ""text"": """"}, {""bbox"": [86, 505, 1446, 585], ""type"": ""handwritten"", ""text"": """"}, {""bbox"": [87, 579, 1263, 648], ""type"": ""handwritten"", ""text"": """"}, {""bbox"": [162, 642, 1493, 719], ""type"": ""handwritten"", ""text"": """"}, {""bbox"": [86, 711, 1489, 800], ""type"": ""handwritten"", ""text"": """"}, {""bbox"": [84, 786, 1435, 865], ""type"": ""handwritten"", ""text"": """"}, {""bbox"": [82, 856, 1491, 933], ""type"": ""handwritten"", ""text"": """"}, {""bbox"": [78, 921, 1467, 1001], ""type"": ""handwritten"", ""text"": """"}, {""bbox"": [73, 995, 1451, 1076], ""type"": ""handwritten"", ""text"": """"}, {""bbox"": [72, 1071, 1467, 1149], ""type"": ""handwritten"", ""text"": """"}, {""bbox"": [68, 1139, 1502, 1217], ""type"": ""handwritten"", ""text"": """"}, {""bbox"": [62, 1215, 1512, 1298], ""type"": ""handwritten"", ""text"": """"}, {""bbox"": [67, 1289, 1491, 1370], ""type"": ""handwritten"", ""text"": """"}, {""bbox"": [63, 1361, 1484, 1443], ""type"": ""handwritten"", ""text"": """"}, {""bbox"": [62, 1434, 371, 1505], ""type"": ""handwritten"", ""text"": """"}, {""bbox"": [140, 1500, 1242, 1582], ""type"": ""handwritten"", ""text"": """"}, {""bbox"": [127, 1593, 1453, 1684], ""type"": ""handwritten"", ""text"": """"}, {""bbox"": [65, 1675, 1467, 1762], ""type"": ""handwritten"", ""text"": """"}, {""bbox"": [64, 1750, 1532, 1830], ""type"": ""handwritten"", ""text"": """"}, {""bbox"": [65, 1823, 1445, 1900], ""type"": ""handwritten"", ""text"": """"}, {""bbox"": [67, 1897, 1460, 1970], ""type"": ""handwritten"", ""text"": """"}, {""bbox"": [69, 1960, 1455, 2036], ""type"": ""handwritten"", ""text"": """"}, {""bbox"": [56, 2024, 1465, 2102], ""type"": ""handwritten"", ""text"": """"}, {""bbox"": [60, 2093, 1455, 2174], ""type"": ""handwritten"", ""text"": """"}, {""bbox"": [59, 2168, 1466, 2249], ""type"": ""handwritten"", ""text"": """"}, {""bbox"": [60, 2238, 1506, 2321], ""type"": ""handwritten"", ""text"": """"}, {""bbox"": [45, 2306, 1414, 2402], ""type"": ""handwritten"", ""text"": """"}]"
07018594-65ad-4879-b7ee-bf0bbcc609a6.jpg,"[{""bbox"": [1598, 57, 1750, 183], ""type"": ""annotation"", ""text"": """"}, {""bbox"": [70, 160, 1797, 251], ""type"": ""handwritten"", ""text"": """"}, {""bbox"": [64, 246, 1806, 324], ""type"": ""handwritten"", ""text"": """"}, {""bbox"": [312, 311, 1837, 370], ""type"": ""handwritten"", ""text"": """"}, {""bbox"": [61, 360, 1771, 446], ""type"": ""handwritten"", ""text"": """"}, {""bbox"": [65, 408, 693, 467], ""type"": ""handwritten"", ""text"": """"}, {""bbox"": [57, 430, 1777, 525], ""type"": ""handwritten"", ""text"": """"}, {""bbox"": [44, 515, 1801, 616], ""type"": ""handwritten"", ""text"": """"}, {""bbox"": [64, 610, 1787, 712], ""type"": ""handwritten"", ""text"": """"}, {""bbox"": [66, 703, 1339, 786], ""type"": ""handwritten"", ""text"": """"}, {""bbox"": [64, 780, 1795, 877], ""type"": ""handwritten"", ""text"": """"}, {""bbox"": [62, 870, 907, 970], ""type"": ""handwritten"", ""text"": """"}, {""bbox"": [60, 959, 1753, 1050], ""type"": ""handwritten"", ""text"": """"}, {""bbox"": [60, 1044, 1780, 1140], ""type"": ""handwritten"", ""text"": """"}, {""bbox"": [59, 1133, 1781, 1225], ""type"": ""handwritten"", ""text"": """"}, {""bbox"": [66, 1216, 1812, 1317], ""type"": ""handwritten"", ""text"": """"}, {""bbox"": [65, 1304, 1780, 1403], ""type"": ""handwritten"", ""text"": """"}, {""bbox"": [54, 1412, 572, 1497], ""type"": ""handwritten"", ""text"": """"}, {""bbox"": [65, 1478, 1786, 1578], ""type"": ""handwritten"", ""text"": """"}, {""bbox"": [66, 1568, 1773, 1662], ""type"": ""handwritten"", ""text"": """"}, {""bbox"": [68, 1658, 1725, 1753], ""type"": ""handwritten"", ""text"": """"}, {""bbox"": [80, 1743, 1780, 1840], ""type"": ""handwritten"", ""text"": """"}, {""bbox"": [78, 1840, 1194, 1930], ""type"": ""handwritten"", ""text"": """"}, {""bbox"": [43, 1992, 1811, 2092], ""type"": ""handwritten"", ""text"": """"}, {""bbox"": [72, 2083, 1792, 2173], ""type"": ""handwritten"", ""text"": """"}, {""bbox"": [80, 2171, 1811, 2261], ""type"": ""handwritten"", ""text"": """"}, {""bbox"": [85, 2254, 1798, 2350], ""type"": ""handwritten"", ""text"": """"}, {""bbox"": [83, 2349, 804, 2445], ""type"": ""handwritten"", ""text"": """"}]"
121aa35c-0b20-48d9-8a3f-d8bef3b9cbf6.jpg,"[{""bbox"": [2724, 206, 2839, 311], ""type"": ""annotation"", ""text"": """"}, {""bbox"": [2057, 215, 2803, 483], ""type"": ""annotation"", ""text"": """"}, {""bbox"": [1348, 595, 2302, 1165], ""type"": ""annotation"", ""text"": """"}, {""bbox"": [2348, 716, 2555, 856], ""type"": ""annotation"", ""text"": """"}, {""bbox"": [989, 1172, 1807, 1256], ""type"": ""printed"", ""text"": """"}, {""bbox"": [929, 1343, 1461, 1409], ""type"": ""printed"", ""text"": """"}, {""bbox"": [2336, 1411, 2759, 1474], ""type"": ""printed"", ""text"": """"}, {""bbox"": [1211, 1536, 2065, 1607], ""type"": ""printed"", ""text"": """"}, {""bbox"": [1157, 1715, 2315, 1793], ""type"": ""printed"", ""text"": """"}, {""bbox"": [2346, 1893, 2763, 1952], ""type"": ""printed"", ""text"": """"}, {""bbox"": [577, 1962, 1793, 3039], ""type"": ""annotation"", ""text"": """"}, {""bbox"": [2395, 2930, 2707, 2996], ""type"": ""printed"", ""text"": """"}, {""bbox"": [854, 3366, 1121, 3422], ""type"": ""printed"", ""text"": """"}, {""bbox"": [1216, 3437, 2098, 3568], ""type"": ""handwritten"", ""text"": """"}, {""bbox"": [284, 3669, 1029, 4470], ""type"": ""annotation"", ""text"": """"}, {""bbox"": [956, 3782, 2396, 3846], ""type"": ""printed"", ""text"": """"}, {""bbox"": [947, 3881, 1901, 3957], ""type"": ""printed"", ""text"": """"}, {""bbox"": [278, 3964, 2422, 4478], ""type"": ""annotation"", ""text"": """"}]"
1f6e5a65-089f-4135-a20a-c72aaa4747eb.jpg,"[{""bbox"": [586, 107, 839, 255], ""type"": ""handwritten"", ""text"": """"}, {""bbox"": [586, 107, 839, 255], ""type"": ""annotation"", ""text"": """"}, {""bbox"": [1557, 116, 1697, 295], ""type"": ""annotation"", ""text"": """"}, {""bbox"": [245, 314, 1581, 408], ""type"": ""handwritten"", ""text"": """"}, {""bbox"": [246, 400, 1581, 512], ""type"": ""handwritten"", ""text"": """"}, {""bbox"": [246, 483, 1581, 600], ""type"": ""handwritten"", ""text"": """"}, {""bbox"": [95, 554, 423, 664], ""type"": ""handwritten"", ""text"": """"}, {""bbox"": [282, 658, 1479, 812], ""type"": ""handwritten"", ""text"": """"}, {""bbox"": [1122, 812, 1698, 1080], ""type"": ""handwritten"", ""text"": """"}]"
8f883660-a534-4b7a-aca8-18b7fc97bf90.jpg,"[{""bbox"": [226, 118, 543, 171], ""type"": ""printed"", ""text"": """"}, {""bbox"": [754, 129, 994, 437], ""type"": ""image"", ""text"": """"}, {""bbox"": [1064, 177, 1656, 232], ""type"": ""printed"", ""text"": """"}, {""bbox"": [80, 183, 700, 234], ""type"": ""printed"", ""text"": """"}, {""bbox"": [1303, 243, 1417, 284], ""type"": ""printed"", ""text"": """"}, {""bbox"": [328, 245, 454, 289], ""type"": ""printed"", ""text"": """"}, {""bbox"": [1088, 297, 1640, 333], ""type"": ""printed"", ""text"": """"}, {""bbox"": [66, 303, 710, 345], ""type"": ""printed"", ""text"": """"}, {""bbox"": [1284, 348, 1426, 378], ""type"": ""printed"", ""text"": """"}, {""bbox"": [310, 353, 462, 387], ""type"": ""printed"", ""text"": """"}, {""bbox"": [1100, 392, 1605, 429], ""type"": ""printed"", ""text"": """"}, {""bbox"": [104, 397, 669, 433], ""type"": ""printed"", ""text"": """"}, {""bbox"": [1266, 442, 1454, 470], ""type"": ""printed"", ""text"": """"}, {""bbox"": [238, 444, 539, 476], ""type"": ""printed"", ""text"": """"}, {""bbox"": [319, 504, 1421, 553], ""type"": ""printed"", ""text"": """"}, {""bbox"": [1340, 597, 1602, 668], ""type"": ""annotation"", ""text"": """"}, {""bbox"": [324, 738, 1279, 803], ""type"": ""printed"", ""text"": """"}, {""bbox"": [445, 804, 954, 879], ""type"": ""handwritten"", ""text"": """"}, {""bbox"": [445, 824, 1714, 894], ""type"": ""printed"", ""text"": """"}, {""bbox"": [185, 943, 1680, 1007], ""type"": ""printed"", ""text"": """"}, {""bbox"": [104, 1043, 1713, 1118], ""type"": ""printed"", ""text"": """"}, {""bbox"": [108, 1148, 1634, 1221], ""type"": ""printed"", ""text"": """"}, {""bbox"": [96, 1249, 1583, 1318], ""type"": ""printed"", ""text"": """"}, {""bbox"": [96, 1352, 596, 1423], ""type"": ""printed"", ""text"": """"}, {""bbox"": [193, 1466, 703, 1525], ""type"": ""printed"", ""text"": """"}, {""bbox"": [103, 1567, 864, 1631], ""type"": ""printed"", ""text"": """"}, {""bbox"": [101, 1667, 1165, 1730], ""type"": ""printed"", ""text"": """"}, {""bbox"": [99, 1767, 1016, 1837], ""type"": ""printed"", ""text"": """"}, {""bbox"": [100, 1880, 634, 1942], ""type"": ""printed"", ""text"": """"}, {""bbox"": [740, 1973, 1204, 2034], ""type"": ""printed"", ""text"": """"}, {""bbox"": [571, 2213, 1590, 2418], ""type"": ""handwritten"", ""text"": """"}]"
1d50d7b6-f5a7-4b32-86c7-65c7e965f800.jpg,"[{""bbox"": [37, 37, 232, 119], ""type"": ""annotation"", ""text"": """"}, {""bbox"": [17, 110, 1100, 216], ""type"": ""handwritten"", ""text"": """"}, {""bbox"": [9, 213, 1090, 305], ""type"": ""handwritten"", ""text"": """"}, {""bbox"": [36, 302, 1099, 395], ""type"": ""handwritten"", ""text"": """"}, {""bbox"": [15, 390, 1093, 473], ""type"": ""handwritten"", ""text"": """"}, {""bbox"": [18, 469, 1106, 559], ""type"": ""handwritten"", ""text"": """"}, {""bbox"": [26, 558, 1092, 640], ""type"": ""handwritten"", ""text"": """"}, {""bbox"": [25, 635, 1097, 722], ""type"": ""handwritten"", ""text"": """"}, {""bbox"": [27, 715, 1084, 798], ""type"": ""handwritten"", ""text"": """"}, {""bbox"": [26, 794, 1086, 888], ""type"": ""handwritten"", ""text"": """"}, {""bbox"": [28, 882, 958, 963], ""type"": ""handwritten"", ""text"": """"}, {""bbox"": [32, 963, 1082, 1065], ""type"": ""handwritten"", ""text"": """"}, {""bbox"": [28, 1060, 1083, 1143], ""type"": ""handwritten"", ""text"": """"}, {""bbox"": [21, 1139, 1004, 1227], ""type"": ""handwritten"", ""text"": """"}, {""bbox"": [29, 1222, 1085, 1296], ""type"": ""handwritten"", ""text"": """"}, {""bbox"": [21, 1290, 1085, 1383], ""type"": ""handwritten"", ""text"": """"}, {""bbox"": [10, 1358, 1075, 1444], ""type"": ""handwritten"", ""text"": """"}, {""bbox"": [12, 1420, 1079, 1501], ""type"": ""handwritten"", ""text"": """"}, {""bbox"": [12, 1482, 1078, 1575], ""type"": ""handwritten"", ""text"": """"}, {""bbox"": [5, 1550, 1079, 1636], ""type"": ""handwritten"", ""text"": """"}, {""bbox"": [5, 1601, 693, 1677], ""type"": ""handwritten"", ""text"": """"}, {""bbox"": [55, 1669, 1078, 1769], ""type"": ""handwritten"", ""text"": """"}]"
45680c81-ad49-4bd5-90cf-fe5305d7300f.jpg,"[{""bbox"": [1393, 62, 1485, 127], ""type"": ""annotation"", ""text"": """"}, {""bbox"": [76, 74, 1267, 164], ""type"": ""handwritten"", ""text"": """"}, {""bbox"": [68, 160, 1413, 247], ""type"": ""handwritten"", ""text"": """"}, {""bbox"": [63, 238, 1416, 315], ""type"": ""handwritten"", ""text"": """"}, {""bbox"": [59, 312, 1437, 385], ""type"": ""handwritten"", ""text"": """"}, {""bbox"": [55, 380, 1440, 458], ""type"": ""handwritten"", ""text"": """"}, {""bbox"": [41, 452, 1394, 535], ""type"": ""handwritten"", ""text"": """"}, {""bbox"": [42, 527, 1388, 620], ""type"": ""handwritten"", ""text"": """"}, {""bbox"": [48, 614, 1437, 699], ""type"": ""handwritten"", ""text"": """"}, {""bbox"": [53, 698, 1426, 782], ""type"": ""handwritten"", ""text"": """"}, {""bbox"": [58, 775, 1485, 860], ""type"": ""handwritten"", ""text"": """"}, {""bbox"": [57, 852, 1484, 937], ""type"": ""handwritten"", ""text"": """"}, {""bbox"": [60, 929, 1407, 1015], ""type"": ""handwritten"", ""text"": """"}, {""bbox"": [73, 1002, 1479, 1098], ""type"": ""handwritten"", ""text"": """"}, {""bbox"": [65, 1087, 1478, 1176], ""type"": ""handwritten"", ""text"": """"}, {""bbox"": [67, 1164, 1438, 1257], ""type"": ""handwritten"", ""text"": """"}, {""bbox"": [60, 1247, 1406, 1346], ""type"": ""handwritten"", ""text"": """"}, {""bbox"": [72, 1336, 1472, 1432], ""type"": ""handwritten"", ""text"": """"}, {""bbox"": [65, 1423, 1432, 1514], ""type"": ""handwritten"", ""text"": """"}, {""bbox"": [67, 1510, 1374, 1596], ""type"": ""handwritten"", ""text"": """"}, {""bbox"": [72, 1588, 1465, 1681], ""type"": ""handwritten"", ""text"": """"}, {""bbox"": [95, 1672, 880, 1766], ""type"": ""handwritten"", ""text"": """"}, {""bbox"": [72, 1786, 761, 1871], ""type"": ""handwritten"", ""text"": """"}]"
630393d4-b357-4251-bb2f-6d6fb3499c3f.jpg,"[{""bbox"": [102, 3, 1757, 127], ""type"": ""handwritten"", ""text"": """"}, {""bbox"": [529, 138, 1016, 299], ""type"": ""handwritten"", ""text"": """"}, {""bbox"": [119, 290, 1735, 406], ""type"": ""handwritten"", ""text"": """"}, {""bbox"": [414, 450, 1121, 604], ""type"": ""handwritten"", ""text"": """"}, {""bbox"": [351, 958, 1109, 1037], ""type"": ""handwritten"", ""text"": """"}, {""bbox"": [277, 1132, 1219, 1195], ""type"": ""handwritten"", ""text"": """"}, {""bbox"": [685, 1244, 1128, 1357], ""type"": ""handwritten"", ""text"": """"}, {""bbox"": [615, 1342, 1022, 1432], ""type"": ""handwritten"", ""text"": """"}, {""bbox"": [264, 1415, 1376, 1487], ""type"": ""handwritten"", ""text"": """"}, {""bbox"": [268, 1468, 1300, 1545], ""type"": ""handwritten"", ""text"": """"}, {""bbox"": [345, 1552, 1435, 1713], ""type"": ""handwritten"", ""text"": """"}, {""bbox"": [745, 1672, 1451, 1764], ""type"": ""handwritten"", ""text"": """"}, {""bbox"": [345, 1695, 690, 2035], ""type"": ""image"", ""text"": """"}, {""bbox"": [756, 1752, 1366, 1817], ""type"": ""handwritten"", ""text"": """"}]"
04cf4a71-95e9-442b-8b09-ffbba912e1e9.jpg,"[{""bbox"": [250, 100, 432, 164], ""type"": ""printed"", ""text"": """"}, {""bbox"": [2201, 123, 2383, 290], ""type"": ""annotation"", ""text"": """"}, {""bbox"": [67, 209, 757, 272], ""type"": ""printed"", ""text"": """"}, {""bbox"": [67, 305, 657, 382], ""type"": ""printed"", ""text"": """"}, {""bbox"": [780, 339, 2275, 472], ""type"": ""printed"", ""text"": """"}, {""bbox"": [806, 508, 1237, 573], ""type"": ""printed"", ""text"": """"}, {""bbox"": [373, 563, 2391, 647], ""type"": ""printed"", ""text"": """"}, {""bbox"": [372, 654, 2391, 743], ""type"": ""printed"", ""text"": """"}, {""bbox"": [372, 768, 2392, 846], ""type"": ""printed"", ""text"": """"}, {""bbox"": [240, 878, 1405, 950], ""type"": ""printed"", ""text"": """"}, {""bbox"": [302, 1042, 2100, 1109], ""type"": ""printed"", ""text"": """"}, {""bbox"": [1515, 1253, 1899, 1304], ""type"": ""printed"", ""text"": """"}, {""bbox"": [927, 1361, 2049, 1420], ""type"": ""printed"", ""text"": """"}, {""bbox"": [1148, 1460, 1960, 1525], ""type"": ""printed"", ""text"": """"}]"
b95befcb-d245-4e81-afa6-6f3aedda8639.jpg,"[{""bbox"": [342, 183, 1020, 225], ""type"": ""printed"", ""text"": """"}, {""bbox"": [528, 217, 1244, 350], ""type"": ""handwritten"", ""text"": """"}, {""bbox"": [156, 474, 1158, 515], ""type"": ""printed"", ""text"": """"}, {""bbox"": [373, 558, 535, 587], ""type"": ""printed"", ""text"": """"}]"
1642dd31-e018-441a-97ee-3b9a619798ed.jpg,"[{""bbox"": [484, 79, 1988, 234], ""type"": ""printed"", ""text"": """"}, {""bbox"": [478, 179, 627, 231], ""type"": ""printed"", ""text"": """"}, {""bbox"": [746, 318, 2542, 390], ""type"": ""printed"", ""text"": """"}, {""bbox"": [598, 417, 2468, 493], ""type"": ""printed"", ""text"": """"}, {""bbox"": [593, 508, 2474, 587], ""type"": ""printed"", ""text"": """"}, {""bbox"": [596, 621, 1676, 688], ""type"": ""printed"", ""text"": """"}, {""bbox"": [819, 726, 2045, 786], ""type"": ""printed"", ""text"": """"}, {""bbox"": [887, 781, 1853, 841], ""type"": ""printed"", ""text"": """"}, {""bbox"": [820, 834, 1315, 890], ""type"": ""printed"", ""text"": """"}, {""bbox"": [820, 885, 1450, 946], ""type"": ""printed"", ""text"": """"}, {""bbox"": [1681, 981, 2276, 1043], ""type"": ""printed"", ""text"": """"}, {""bbox"": [448, 1084, 893, 1150], ""type"": ""handwritten"", ""text"": """"}, {""bbox"": [446, 1085, 892, 1149], ""type"": ""printed"", ""text"": """"}]"
371b0d30-9363-4656-b752-8976d42098cd.jpg,"[{""bbox"": [318, 40, 565, 205], ""type"": ""annotation"", ""text"": """"}, {""bbox"": [705, 44, 986, 216], ""type"": ""annotation"", ""text"": """"}, {""bbox"": [48, 171, 1000, 264], ""type"": ""handwritten"", ""text"": """"}, {""bbox"": [43, 256, 1030, 344], ""type"": ""handwritten"", ""text"": """"}, {""bbox"": [45, 337, 1027, 413], ""type"": ""handwritten"", ""text"": """"}, {""bbox"": [45, 407, 1039, 479], ""type"": ""handwritten"", ""text"": """"}, {""bbox"": [45, 470, 1036, 557], ""type"": ""handwritten"", ""text"": """"}, {""bbox"": [50, 549, 1036, 628], ""type"": ""handwritten"", ""text"": """"}, {""bbox"": [54, 624, 1045, 700], ""type"": ""handwritten"", ""text"": """"}, {""bbox"": [58, 693, 1036, 772], ""type"": ""handwritten"", ""text"": """"}, {""bbox"": [58, 765, 1040, 836], ""type"": ""handwritten"", ""text"": """"}, {""bbox"": [55, 830, 1042, 911], ""type"": ""handwritten"", ""text"": """"}, {""bbox"": [56, 907, 1053, 984], ""type"": ""handwritten"", ""text"": """"}, {""bbox"": [60, 976, 1055, 1068], ""type"": ""handwritten"", ""text"": """"}, {""bbox"": [68, 1057, 1054, 1135], ""type"": ""handwritten"", ""text"": """"}, {""bbox"": [68, 1120, 1061, 1214], ""type"": ""handwritten"", ""text"": """"}, {""bbox"": [65, 1198, 1050, 1289], ""type"": ""handwritten"", ""text"": """"}, {""bbox"": [71, 1274, 1053, 1359], ""type"": ""handwritten"", ""text"": """"}, {""bbox"": [72, 1343, 1071, 1453], ""type"": ""handwritten"", ""text"": """"}, {""bbox"": [55, 1480, 1084, 1570], ""type"": ""handwritten"", ""text"": """"}, {""bbox"": [54, 1527, 1085, 1612], ""type"": ""handwritten"", ""text"": """"}, {""bbox"": [55, 1575, 1043, 1667], ""type"": ""handwritten"", ""text"": """"}]"
0fd11bc7-a7c8-4767-9b72-26a4a9ce23a0.jpg,"[{""bbox"": [1547, 30, 1663, 155], ""type"": ""annotation"", ""text"": """"}, {""bbox"": [1150, 99, 1482, 153], ""type"": ""printed"", ""text"": """"}, {""bbox"": [742, 101, 984, 410], ""type"": ""image"", ""text"": """"}, {""bbox"": [239, 105, 570, 159], ""type"": ""printed"", ""text"": """"}, {""bbox"": [991, 162, 1643, 218], ""type"": ""printed"", ""text"": """"}, {""bbox"": [76, 170, 733, 226], ""type"": ""printed"", ""text"": """"}, {""bbox"": [1247, 227, 1385, 272], ""type"": ""printed"", ""text"": """"}, {""bbox"": [333, 236, 473, 282], ""type"": ""printed"", ""text"": """"}, {""bbox"": [990, 305, 1647, 355], ""type"": ""printed"", ""text"": """"}, {""bbox"": [104, 313, 732, 360], ""type"": ""printed"", ""text"": """"}, {""bbox"": [1151, 370, 1486, 406], ""type"": ""printed"", ""text"": """"}, {""bbox"": [240, 377, 570, 411], ""type"": ""printed"", ""text"": """"}, {""bbox"": [699, 629, 1653, 696], ""type"": ""handwritten"", ""text"": """"}, {""bbox"": [372, 698, 1674, 812], ""type"": ""handwritten"", ""text"": """"}, {""bbox"": [165, 1074, 1688, 1150], ""type"": ""printed"", ""text"": """"}, {""bbox"": [163, 1186, 1607, 1255], ""type"": ""printed"", ""text"": """"}, {""bbox"": [162, 1284, 1635, 1353], ""type"": ""printed"", ""text"": """"}, {""bbox"": [162, 1383, 635, 1452], ""type"": ""printed"", ""text"": """"}, {""bbox"": [329, 1498, 832, 1556], ""type"": ""printed"", ""text"": """"}, {""bbox"": [201, 1598, 1313, 1660], ""type"": ""printed"", ""text"": """"}, {""bbox"": [197, 1696, 1300, 1761], ""type"": ""printed"", ""text"": """"}, {""bbox"": [936, 1806, 1420, 1858], ""type"": ""printed"", ""text"": """"}, {""bbox"": [159, 1949, 572, 2020], ""type"": ""printed"", ""text"": """"}]"
c7f47b50-f77b-419f-9e95-029d0b5e106e.jpg,"[{""bbox"": [85, 376, 505, 449], ""type"": ""printed"", ""text"": """"}, {""bbox"": [8, 476, 992, 551], ""type"": ""printed"", ""text"": """"}, {""bbox"": [125, 630, 946, 704], ""type"": ""printed"", ""text"": """"}, {""bbox"": [645, 924, 2357, 1049], ""type"": ""handwritten"", ""text"": """"}, {""bbox"": [1549, 1101, 1917, 1161], ""type"": ""printed"", ""text"": """"}, {""bbox"": [415, 1336, 2303, 1426], ""type"": ""printed"", ""text"": """"}, {""bbox"": [351, 1593, 2250, 1676], ""type"": ""printed"", ""text"": """"}, {""bbox"": [354, 1751, 2249, 1831], ""type"": ""printed"", ""text"": """"}, {""bbox"": [278, 1959, 1057, 2029], ""type"": ""printed"", ""text"": """"}, {""bbox"": [1362, 2067, 1780, 2132], ""type"": ""printed"", ""text"": """"}, {""bbox"": [356, 2165, 952, 2239], ""type"": ""printed"", ""text"": """"}, {""bbox"": [279, 2265, 1144, 2339], ""type"": ""printed"", ""text"": """"}]"
7a57be4d-b57a-428b-b271-d142f87d9173.jpg,"[{""bbox"": [141, 152, 323, 213], ""type"": ""printed"", ""text"": """"}, {""bbox"": [2241, 236, 2456, 438], ""type"": ""annotation"", ""text"": """"}, {""bbox"": [21, 252, 678, 321], ""type"": ""printed"", ""text"": """"}, {""bbox"": [17, 358, 584, 424], ""type"": ""printed"", ""text"": """"}, {""bbox"": [913, 428, 2319, 542], ""type"": ""handwritten"", ""text"": """"}, {""bbox"": [14, 461, 598, 530], ""type"": ""printed"", ""text"": """"}, {""bbox"": [505, 629, 2195, 702], ""type"": ""printed"", ""text"": """"}, {""bbox"": [418, 941, 1128, 1010], ""type"": ""printed"", ""text"": """"}, {""bbox"": [1070, 1059, 2216, 1128], ""type"": ""printed"", ""text"": """"}, {""bbox"": [1042, 1165, 2128, 1235], ""type"": ""printed"", ""text"": """"}, {""bbox"": [1121, 1267, 2016, 1329], ""type"": ""printed"", ""text"": """"}, {""bbox"": [482, 1320, 2343, 1387], ""type"": ""printed"", ""text"": """"}, {""bbox"": [1440, 1436, 1820, 1485], ""type"": ""printed"", ""text"": """"}, {""bbox"": [1094, 1483, 1633, 1538], ""type"": ""printed"", ""text"": """"}, {""bbox"": [1284, 1541, 2002, 1601], ""type"": ""printed"", ""text"": """"}]"
a54bea3f-86b5-42f9-802d-46a818434a8c.jpg,"[{""bbox"": [83, 93, 889, 154], ""type"": ""printed"", ""text"": """"}, {""bbox"": [1497, 107, 2244, 179], ""type"": ""printed"", ""text"": """"}, {""bbox"": [46, 177, 888, 243], ""type"": ""printed"", ""text"": """"}, {""bbox"": [164, 252, 773, 307], ""type"": ""printed"", ""text"": """"}, {""bbox"": [1002, 260, 2250, 336], ""type"": ""printed"", ""text"": """"}, {""bbox"": [1009, 341, 1744, 445], ""type"": ""handwritten"", ""text"": """"}, {""bbox"": [185, 508, 443, 568], ""type"": ""printed"", ""text"": """"}, {""bbox"": [566, 668, 2320, 741], ""type"": ""printed"", ""text"": """"}, {""bbox"": [507, 765, 2280, 847], ""type"": ""printed"", ""text"": """"}, {""bbox"": [388, 868, 2168, 948], ""type"": ""printed"", ""text"": """"}, {""bbox"": [447, 968, 2228, 1060], ""type"": ""printed"", ""text"": """"}, {""bbox"": [893, 1134, 1450, 1194], ""type"": ""printed"", ""text"": """"}, {""bbox"": [257, 1332, 1493, 1407], ""type"": ""printed"", ""text"": """"}, {""bbox"": [447, 1434, 2224, 1512], ""type"": ""printed"", ""text"": """"}, {""bbox"": [371, 1496, 584, 1544], ""type"": ""printed"", ""text"": """"}, {""bbox"": [254, 1539, 1670, 1607], ""type"": ""printed"", ""text"": """"}, {""bbox"": [256, 1642, 883, 1714], ""type"": ""printed"", ""text"": """"}, {""bbox"": [968, 1710, 1568, 1759], ""type"": ""printed"", ""text"": """"}, {""bbox"": [1343, 1812, 1932, 1876], ""type"": ""printed"", ""text"": """"}]"
0c3a5c00-b135-48c0-9f46-a3d152c68e2e.jpg,"[{""bbox"": [1871, 216, 2084, 415], ""type"": ""annotation"", ""text"": """"}, {""bbox"": [620, 284, 924, 348], ""type"": ""printed"", ""text"": """"}, {""bbox"": [957, 335, 1860, 448], ""type"": ""handwritten"", ""text"": """"}, {""bbox"": [1178, 446, 1646, 512], ""type"": ""handwritten"", ""text"": """"}, {""bbox"": [494, 531, 1814, 586], ""type"": ""printed"", ""text"": """"}, {""bbox"": [417, 585, 1817, 636], ""type"": ""printed"", ""text"": """"}, {""bbox"": [409, 628, 1016, 671], ""type"": ""printed"", ""text"": """"}, {""bbox"": [493, 671, 1819, 722], ""type"": ""printed"", ""text"": """"}, {""bbox"": [556, 713, 1790, 761], ""type"": ""printed"", ""text"": """"}, {""bbox"": [412, 764, 1115, 808], ""type"": ""printed"", ""text"": """"}, {""bbox"": [506, 807, 1670, 852], ""type"": ""printed"", ""text"": """"}, {""bbox"": [516, 856, 1822, 904], ""type"": ""printed"", ""text"": """"}, {""bbox"": [588, 898, 1105, 936], ""type"": ""printed"", ""text"": """"}, {""bbox"": [524, 934, 1821, 977], ""type"": ""printed"", ""text"": """"}, {""bbox"": [561, 973, 1789, 1014], ""type"": ""printed"", ""text"": """"}, {""bbox"": [558, 1034, 1790, 1081], ""type"": ""printed"", ""text"": """"}, {""bbox"": [598, 1112, 1824, 1155], ""type"": ""printed"", ""text"": """"}, {""bbox"": [532, 1182, 1822, 1233], ""type"": ""printed"", ""text"": """"}, {""bbox"": [563, 1222, 1071, 1259], ""type"": ""printed"", ""text"": """"}, {""bbox"": [520, 1257, 1821, 1305], ""type"": ""printed"", ""text"": """"}, {""bbox"": [494, 1339, 1822, 1388], ""type"": ""printed"", ""text"": """"}, {""bbox"": [556, 1386, 1790, 1434], ""type"": ""printed"", ""text"": """"}, {""bbox"": [490, 1430, 1820, 1480], ""type"": ""printed"", ""text"": """"}, {""bbox"": [558, 1474, 1790, 1522], ""type"": ""printed"", ""text"": """"}, {""bbox"": [408, 1497, 1819, 1552], ""type"": ""printed"", ""text"": """"}, {""bbox"": [558, 1518, 1790, 1564], ""type"": ""printed"", ""text"": """"}, {""bbox"": [407, 1576, 2001, 1643], ""type"": ""printed"", ""text"": """"}, {""bbox"": [407, 1576, 2001, 1643], ""type"": ""handwritten"", ""text"": """"}, {""bbox"": [491, 1655, 1819, 1708], ""type"": ""printed"", ""text"": """"}, {""bbox"": [556, 1699, 1790, 1750], ""type"": ""printed"", ""text"": """"}, {""bbox"": [411, 1748, 1825, 1796], ""type"": ""printed"", ""text"": """"}, {""bbox"": [500, 1836, 1821, 1881], ""type"": ""printed"", ""text"": """"}, {""bbox"": [557, 1881, 1790, 1928], ""type"": ""printed"", ""text"": """"}, {""bbox"": [495, 1924, 1706, 1973], ""type"": ""printed"", ""text"": """"}, {""bbox"": [895, 1970, 1711, 2018], ""type"": ""printed"", ""text"": """"}, {""bbox"": [1061, 2025, 1717, 2071], ""type"": ""printed"", ""text"": """"}, {""bbox"": [499, 2079, 1584, 2126], ""type"": ""printed"", ""text"": """"}, {""bbox"": [1184, 2136, 1678, 2181], ""type"": ""printed"", ""text"": """"}, {""bbox"": [516, 2185, 1729, 2239], ""type"": ""printed"", ""text"": """"}, {""bbox"": [1292, 2238, 1713, 2285], ""type"": ""printed"", ""text"": """"}, {""bbox"": [568, 2295, 1450, 2343], ""type"": ""printed"", ""text"": """"}, {""bbox"": [570, 2342, 1441, 2390], ""type"": ""printed"", ""text"": """"}, {""bbox"": [570, 2388, 1382, 2434], ""type"": ""printed"", ""text"": """"}, {""bbox"": [561, 2433, 1326, 2477], ""type"": ""printed"", ""text"": """"}, {""bbox"": [501, 2504, 1161, 2549], ""type"": ""printed"", ""text"": """"}, {""bbox"": [505, 2576, 1033, 2616], ""type"": ""printed"", ""text"": """"}, {""bbox"": [556, 2648, 1790, 2691], ""type"": ""printed"", ""text"": """"}, {""bbox"": [556, 2681, 1790, 2721], ""type"": ""printed"", ""text"": """"}, {""bbox"": [414, 2751, 926, 2786], ""type"": ""printed"", ""text"": """"}, {""bbox"": [575, 2796, 684, 2828], ""type"": ""printed"", ""text"": """"}, {""bbox"": [574, 2842, 833, 2876], ""type"": ""printed"", ""text"": """"}, {""bbox"": [1227, 2844, 1358, 2875], ""type"": ""printed"", ""text"": """"}]"
a3a2c459-f895-4f74-825b-2cb11cc0c8c5.jpg,"[{""bbox"": [873, 411, 1086, 567], ""type"": ""annotation"", ""text"": """"}, {""bbox"": [1201, 561, 2692, 705], ""type"": ""printed"", ""text"": """"}, {""bbox"": [1200, 681, 2697, 804], ""type"": ""printed"", ""text"": """"}, {""bbox"": [1201, 778, 2696, 898], ""type"": ""printed"", ""text"": """"}, {""bbox"": [1196, 870, 2749, 1014], ""type"": ""printed"", ""text"": """"}, {""bbox"": [1198, 991, 2490, 1106], ""type"": ""printed"", ""text"": """"}, {""bbox"": [1342, 1097, 2688, 1210], ""type"": ""printed"", ""text"": """"}, {""bbox"": [1197, 1206, 2727, 1311], ""type"": ""printed"", ""text"": """"}, {""bbox"": [1200, 1303, 2620, 1417], ""type"": ""printed"", ""text"": """"}, {""bbox"": [1199, 1409, 2764, 1512], ""type"": ""printed"", ""text"": """"}, {""bbox"": [1199, 1518, 2731, 1615], ""type"": ""printed"", ""text"": """"}, {""bbox"": [1193, 1644, 1723, 1723], ""type"": ""printed"", ""text"": """"}, {""bbox"": [1345, 1739, 2581, 1822], ""type"": ""printed"", ""text"": """"}, {""bbox"": [1313, 1997, 2373, 2103], ""type"": ""printed"", ""text"": """"}, {""bbox"": [1662, 2864, 2008, 2921], ""type"": ""printed"", ""text"": """"}]"
7c4f5130-ca60-48c7-85e4-096c8de64ed2.jpg,"[{""bbox"": [942, 51, 1000, 83], ""type"": ""annotation"", ""text"": """"}, {""bbox"": [151, 113, 554, 154], ""type"": ""handwritten"", ""text"": """"}, {""bbox"": [813, 114, 1032, 144], ""type"": ""annotation"", ""text"": """"}, {""bbox"": [265, 227, 898, 273], ""type"": ""handwritten"", ""text"": """"}, {""bbox"": [438, 339, 618, 388], ""type"": ""handwritten"", ""text"": """"}, {""bbox"": [533, 466, 885, 497], ""type"": ""handwritten"", ""text"": """"}, {""bbox"": [527, 517, 903, 563], ""type"": ""handwritten"", ""text"": """"}, {""bbox"": [210, 632, 1051, 679], ""type"": ""handwritten"", ""text"": """"}, {""bbox"": [152, 695, 1037, 741], ""type"": ""handwritten"", ""text"": """"}, {""bbox"": [154, 748, 1036, 798], ""type"": ""handwritten"", ""text"": """"}, {""bbox"": [150, 808, 1039, 860], ""type"": ""handwritten"", ""text"": """"}, {""bbox"": [147, 868, 1049, 920], ""type"": ""handwritten"", ""text"": """"}, {""bbox"": [152, 923, 1050, 975], ""type"": ""handwritten"", ""text"": """"}, {""bbox"": [154, 979, 1061, 1031], ""type"": ""handwritten"", ""text"": """"}, {""bbox"": [153, 1040, 1041, 1087], ""type"": ""handwritten"", ""text"": """"}, {""bbox"": [153, 1099, 1039, 1148], ""type"": ""handwritten"", ""text"": """"}, {""bbox"": [152, 1156, 1062, 1210], ""type"": ""handwritten"", ""text"": """"}, {""bbox"": [152, 1214, 1043, 1269], ""type"": ""handwritten"", ""text"": """"}, {""bbox"": [154, 1273, 1054, 1325], ""type"": ""handwritten"", ""text"": """"}, {""bbox"": [153, 1331, 1080, 1383], ""type"": ""handwritten"", ""text"": """"}, {""bbox"": [154, 1387, 1058, 1441], ""type"": ""handwritten"", ""text"": """"}, {""bbox"": [147, 1447, 1015, 1499], ""type"": ""handwritten"", ""text"": """"}, {""bbox"": [148, 1503, 1038, 1552], ""type"": ""handwritten"", ""text"": """"}, {""bbox"": [153, 1564, 281, 1600], ""type"": ""handwritten"", ""text"": """"}, {""bbox"": [214, 1614, 1022, 1663], ""type"": ""handwritten"", ""text"": """"}, {""bbox"": [156, 1672, 1035, 1728], ""type"": ""handwritten"", ""text"": """"}]"
99680234-73e0-4696-a6b1-44f884eb9dec.jpg,"[{""bbox"": [132, 93, 1054, 219], ""type"": ""handwritten"", ""text"": """"}, {""bbox"": [134, 202, 1455, 315], ""type"": ""handwritten"", ""text"": """"}, {""bbox"": [87, 309, 401, 399], ""type"": ""handwritten"", ""text"": """"}, {""bbox"": [161, 375, 1468, 494], ""type"": ""handwritten"", ""text"": """"}, {""bbox"": [57, 469, 1416, 588], ""type"": ""handwritten"", ""text"": """"}, {""bbox"": [85, 566, 1477, 678], ""type"": ""handwritten"", ""text"": """"}, {""bbox"": [89, 658, 1387, 780], ""type"": ""handwritten"", ""text"": """"}, {""bbox"": [181, 772, 1396, 883], ""type"": ""handwritten"", ""text"": """"}, {""bbox"": [47, 860, 1390, 979], ""type"": ""handwritten"", ""text"": """"}, {""bbox"": [70, 945, 1430, 1070], ""type"": ""handwritten"", ""text"": """"}, {""bbox"": [95, 1054, 1444, 1161], ""type"": ""handwritten"", ""text"": """"}, {""bbox"": [86, 1139, 1375, 1253], ""type"": ""handwritten"", ""text"": """"}, {""bbox"": [86, 1236, 1500, 1345], ""type"": ""handwritten"", ""text"": """"}, {""bbox"": [91, 1332, 1388, 1442], ""type"": ""handwritten"", ""text"": """"}, {""bbox"": [66, 1426, 1045, 1583], ""type"": ""handwritten"", ""text"": """"}, {""bbox"": [544, 1531, 1174, 1679], ""type"": ""handwritten"", ""text"": """"}, {""bbox"": [490, 1678, 1406, 1860], ""type"": ""handwritten"", ""text"": """"}, {""bbox"": [710, 1873, 1101, 1981], ""type"": ""annotation"", ""text"": """"}, {""bbox"": [710, 1873, 1101, 1981], ""type"": ""handwritten"", ""text"": """"}, {""bbox"": [150, 1948, 573, 2054], ""type"": ""handwritten"", ""text"": """"}, {""bbox"": [86, 2066, 553, 2198], ""type"": ""handwritten"", ""text"": """"}]"
17fd976f-8a79-4d74-a066-61bdb02a3afb.jpg,"[{""bbox"": [830, 49, 994, 228], ""type"": ""annotation"", ""text"": """"}, {""bbox"": [239, 63, 492, 209], ""type"": ""annotation"", ""text"": """"}, {""bbox"": [75, 191, 950, 302], ""type"": ""handwritten"", ""text"": """"}, {""bbox"": [47, 285, 960, 378], ""type"": ""handwritten"", ""text"": """"}, {""bbox"": [52, 366, 962, 448], ""type"": ""handwritten"", ""text"": """"}, {""bbox"": [48, 429, 978, 513], ""type"": ""handwritten"", ""text"": """"}, {""bbox"": [68, 505, 975, 584], ""type"": ""handwritten"", ""text"": """"}, {""bbox"": [72, 579, 1006, 659], ""type"": ""handwritten"", ""text"": """"}, {""bbox"": [74, 650, 1005, 732], ""type"": ""handwritten"", ""text"": """"}, {""bbox"": [69, 721, 1017, 792], ""type"": ""handwritten"", ""text"": """"}, {""bbox"": [74, 783, 1017, 864], ""type"": ""handwritten"", ""text"": """"}, {""bbox"": [77, 863, 1012, 945], ""type"": ""handwritten"", ""text"": """"}, {""bbox"": [78, 932, 1007, 1021], ""type"": ""handwritten"", ""text"": """"}, {""bbox"": [90, 1005, 1027, 1091], ""type"": ""handwritten"", ""text"": """"}, {""bbox"": [75, 1077, 1025, 1163], ""type"": ""handwritten"", ""text"": """"}, {""bbox"": [71, 1149, 1020, 1237], ""type"": ""handwritten"", ""text"": """"}, {""bbox"": [77, 1229, 1023, 1314], ""type"": ""handwritten"", ""text"": """"}, {""bbox"": [83, 1303, 1015, 1419], ""type"": ""handwritten"", ""text"": """"}]"
a5e31da0-5af9-490a-9940-4eb01af25b76.jpg,"[{""bbox"": [35, 11, 1509, 106], ""type"": ""handwritten"", ""text"": """"}, {""bbox"": [40, 98, 1025, 180], ""type"": ""handwritten"", ""text"": """"}, {""bbox"": [120, 171, 1624, 250], ""type"": ""handwritten"", ""text"": """"}, {""bbox"": [39, 239, 1500, 326], ""type"": ""handwritten"", ""text"": """"}, {""bbox"": [38, 319, 1482, 400], ""type"": ""handwritten"", ""text"": """"}, {""bbox"": [37, 391, 1476, 478], ""type"": ""handwritten"", ""text"": """"}, {""bbox"": [1413, 465, 1467, 531], ""type"": ""annotation"", ""text"": """"}, {""bbox"": [40, 471, 709, 567], ""type"": ""handwritten"", ""text"": """"}, {""bbox"": [80, 544, 1598, 640], ""type"": ""handwritten"", ""text"": """"}, {""bbox"": [98, 630, 1583, 713], ""type"": ""handwritten"", ""text"": """"}, {""bbox"": [103, 702, 1582, 786], ""type"": ""handwritten"", ""text"": """"}, {""bbox"": [102, 779, 1582, 875], ""type"": ""handwritten"", ""text"": """"}, {""bbox"": [93, 868, 312, 952], ""type"": ""handwritten"", ""text"": """"}, {""bbox"": [168, 896, 1627, 994], ""type"": ""handwritten"", ""text"": """"}, {""bbox"": [32, 982, 1609, 1070], ""type"": ""handwritten"", ""text"": """"}, {""bbox"": [30, 1052, 1619, 1142], ""type"": ""handwritten"", ""text"": """"}, {""bbox"": [32, 1127, 1602, 1226], ""type"": ""handwritten"", ""text"": """"}, {""bbox"": [36, 1190, 1586, 1305], ""type"": ""handwritten"", ""text"": """"}, {""bbox"": [54, 1279, 1446, 1387], ""type"": ""handwritten"", ""text"": """"}, {""bbox"": [65, 1360, 1587, 1466], ""type"": ""handwritten"", ""text"": """"}, {""bbox"": [57, 1431, 1402, 1532], ""type"": ""handwritten"", ""text"": """"}, {""bbox"": [57, 1497, 1549, 1597], ""type"": ""handwritten"", ""text"": """"}, {""bbox"": [55, 1573, 1593, 1657], ""type"": ""handwritten"", ""text"": """"}, {""bbox"": [50, 1639, 1609, 1729], ""type"": ""handwritten"", ""text"": """"}, {""bbox"": [43, 1716, 1508, 1802], ""type"": ""handwritten"", ""text"": """"}, {""bbox"": [47, 1784, 1587, 1867], ""type"": ""handwritten"", ""text"": """"}, {""bbox"": [48, 1858, 1375, 1937], ""type"": ""handwritten"", ""text"": """"}, {""bbox"": [66, 1929, 505, 2036], ""type"": ""handwritten"", ""text"": """"}]"
fa4261aa-fe04-40d4-9204-94332941c598.jpg,"[{""bbox"": [105, 0, 1513, 92], ""type"": ""handwritten"", ""text"": """"}, {""bbox"": [81, 105, 506, 182], ""type"": ""handwritten"", ""text"": """"}, {""bbox"": [136, 156, 1602, 238], ""type"": ""handwritten"", ""text"": """"}, {""bbox"": [83, 236, 521, 309], ""type"": ""handwritten"", ""text"": """"}, {""bbox"": [94, 284, 1446, 373], ""type"": ""handwritten"", ""text"": """"}, {""bbox"": [90, 359, 1195, 446], ""type"": ""handwritten"", ""text"": """"}, {""bbox"": [77, 444, 1642, 532], ""type"": ""handwritten"", ""text"": """"}, {""bbox"": [81, 525, 1034, 606], ""type"": ""handwritten"", ""text"": """"}, {""bbox"": [53, 596, 1567, 692], ""type"": ""handwritten"", ""text"": """"}, {""bbox"": [88, 679, 385, 761], ""type"": ""handwritten"", ""text"": """"}, {""bbox"": [45, 755, 674, 843], ""type"": ""handwritten"", ""text"": """"}, {""bbox"": [32, 845, 1482, 925], ""type"": ""handwritten"", ""text"": """"}, {""bbox"": [49, 925, 499, 995], ""type"": ""handwritten"", ""text"": """"}, {""bbox"": [42, 979, 1577, 1073], ""type"": ""handwritten"", ""text"": """"}, {""bbox"": [55, 1063, 327, 1134], ""type"": ""handwritten"", ""text"": """"}, {""bbox"": [35, 1177, 775, 1301], ""type"": ""handwritten"", ""text"": """"}, {""bbox"": [162, 1293, 1535, 1364], ""type"": ""handwritten"", ""text"": """"}, {""bbox"": [69, 1355, 1569, 1427], ""type"": ""handwritten"", ""text"": """"}, {""bbox"": [72, 1418, 1543, 1493], ""type"": ""handwritten"", ""text"": """"}, {""bbox"": [67, 1492, 839, 1555], ""type"": ""handwritten"", ""text"": """"}, {""bbox"": [100, 1551, 928, 1618], ""type"": ""handwritten"", ""text"": """"}, {""bbox"": [88, 1608, 1640, 1690], ""type"": ""handwritten"", ""text"": """"}, {""bbox"": [80, 1673, 511, 1747], ""type"": ""handwritten"", ""text"": """"}, {""bbox"": [95, 1723, 1546, 1800], ""type"": ""handwritten"", ""text"": """"}, {""bbox"": [114, 1796, 1031, 1879], ""type"": ""handwritten"", ""text"": """"}, {""bbox"": [92, 2047, 366, 2105], ""type"": ""annotation"", ""text"": """"}, {""bbox"": [1078, 2152, 1241, 2248], ""type"": ""annotation"", ""text"": """"}]"
455e22e3-0ac0-492f-a969-35c5bdce3853.jpg,"[{""bbox"": [53, 73, 802, 335], ""type"": ""handwritten"", ""text"": """"}, {""bbox"": [326, 302, 5010, 557], ""type"": ""handwritten"", ""text"": """"}, {""bbox"": [342, 519, 5069, 898], ""type"": ""handwritten"", ""text"": """"}, {""bbox"": [390, 714, 2010, 958], ""type"": ""handwritten"", ""text"": """"}, {""bbox"": [20, 879, 5356, 1243], ""type"": ""handwritten"", ""text"": """"}, {""bbox"": [4141, 1171, 5455, 1478], ""type"": ""handwritten"", ""text"": """"}, {""bbox"": [0, 1362, 4806, 2295], ""type"": ""formula"", ""text"": """"}, {""bbox"": [67, 1378, 1405, 2311], ""type"": ""formula"", ""text"": """"}, {""bbox"": [70, 2434, 5470, 3001], ""type"": ""formula"", ""text"": """"}, {""bbox"": [83, 3133, 3705, 3695], ""type"": ""formula"", ""text"": """"}, {""bbox"": [90, 3788, 5459, 4360], ""type"": ""formula"", ""text"": """"}, {""bbox"": [50, 4331, 5419, 5183], ""type"": ""formula"", ""text"": """"}, {""bbox"": [3658, 4800, 5104, 5197], ""type"": ""formula"", ""text"": """"}, {""bbox"": [57, 5047, 5020, 5892], ""type"": ""formula"", ""text"": """"}, {""bbox"": [79, 5934, 644, 6408], ""type"": ""formula"", ""text"": """"}, {""bbox"": [62, 6478, 5400, 6813], ""type"": ""handwritten"", ""text"": """"}, {""bbox"": [68, 6782, 2027, 7096], ""type"": ""handwritten"", ""text"": """"}, {""bbox"": [18, 7190, 1341, 7468], ""type"": ""formula"", ""text"": """"}, {""bbox"": [2641, 7395, 3080, 7613], ""type"": ""handwritten"", ""text"": """"}, {""bbox"": [66, 7551, 2402, 7992], ""type"": ""formula"", ""text"": """"}, {""bbox"": [2524, 7665, 5470, 8278], ""type"": ""formula"", ""text"": """"}, {""bbox"": [49, 8057, 1316, 8528], ""type"": ""formula"", ""text"": """"}]"
bb140be9-a6d3-4eb8-8d79-7d83194b77c1.jpg,"[{""bbox"": [105, 51, 785, 591], ""type"": ""formula"", ""text"": """"}, {""bbox"": [3333, 220, 4653, 739], ""type"": ""image"", ""text"": """"}, {""bbox"": [19, 557, 2841, 865], ""type"": ""formula"", ""text"": """"}, {""bbox"": [7, 862, 873, 1139], ""type"": ""formula"", ""text"": """"}, {""bbox"": [80, 1147, 1099, 1401], ""type"": ""formula"", ""text"": """"}, {""bbox"": [179, 1413, 810, 1704], ""type"": ""formula"", ""text"": """"}, {""bbox"": [185, 1683, 806, 1924], ""type"": ""formula"", ""text"": """"}, {""bbox"": [65, 1940, 1040, 2562], ""type"": ""formula"", ""text"": """"}, {""bbox"": [131, 2519, 964, 3147], ""type"": ""formula"", ""text"": """"}, {""bbox"": [52, 3145, 2102, 3491], ""type"": ""formula"", ""text"": """"}, {""bbox"": [31, 3490, 1140, 4103], ""type"": ""formula"", ""text"": """"}, {""bbox"": [78, 4040, 2647, 4467], ""type"": ""formula"", ""text"": """"}, {""bbox"": [56, 6211, 652, 6408], ""type"": ""annotation"", ""text"": """"}]"
f1df90d1-a5c8-4ef4-8a37-568c1484bd3f.jpg,"[{""bbox"": [92, 40, 333, 84], ""type"": ""formula"", ""text"": """"}, {""bbox"": [120, 94, 537, 143], ""type"": ""formula"", ""text"": """"}, {""bbox"": [127, 165, 413, 214], ""type"": ""handwritten"", ""text"": """"}, {""bbox"": [126, 225, 303, 274], ""type"": ""formula"", ""text"": """"}, {""bbox"": [855, 262, 1018, 418], ""type"": ""annotation"", ""text"": """"}, {""bbox"": [126, 302, 357, 360], ""type"": ""formula"", ""text"": """"}, {""bbox"": [123, 369, 553, 438], ""type"": ""formula"", ""text"": """"}, {""bbox"": [222, 428, 296, 475], ""type"": ""annotation"", ""text"": """"}, {""bbox"": [127, 447, 363, 503], ""type"": ""handwritten"", ""text"": """"}, {""bbox"": [131, 513, 266, 562], ""type"": ""formula"", ""text"": """"}, {""bbox"": [140, 555, 661, 643], ""type"": ""formula"", ""text"": """"}, {""bbox"": [221, 637, 290, 677], ""type"": ""annotation"", ""text"": """"}, {""bbox"": [156, 649, 350, 703], ""type"": ""handwritten"", ""text"": """"}, {""bbox"": [156, 649, 350, 703], ""type"": ""formula"", ""text"": """"}, {""bbox"": [156, 710, 291, 758], ""type"": ""formula"", ""text"": """"}, {""bbox"": [160, 770, 452, 830], ""type"": ""formula"", ""text"": """"}, {""bbox"": [154, 839, 536, 902], ""type"": ""formula"", ""text"": """"}, {""bbox"": [159, 905, 485, 965], ""type"": ""handwritten"", ""text"": """"}, {""bbox"": [164, 972, 354, 1018], ""type"": ""formula"", ""text"": """"}, {""bbox"": [80, 1007, 752, 1100], ""type"": ""formula"", ""text"": """"}, {""bbox"": [656, 1014, 935, 1149], ""type"": ""annotation"", ""text"": """"}, {""bbox"": [159, 1092, 613, 1166], ""type"": ""handwritten"", ""text"": """"}, {""bbox"": [1011, 1155, 1117, 1260], ""type"": ""annotation"", ""text"": """"}, {""bbox"": [160, 1168, 297, 1223], ""type"": ""formula"", ""text"": """"}, {""bbox"": [118, 1234, 580, 1306], ""type"": ""handwritten"", ""text"": """"}, {""bbox"": [792, 1329, 1139, 1585], ""type"": ""annotation"", ""text"": """"}, {""bbox"": [787, 1339, 1486, 1597], ""type"": ""annotation"", ""text"": """"}, {""bbox"": [93, 1366, 632, 1438], ""type"": ""handwritten"", ""text"": """"}, {""bbox"": [176, 1447, 428, 1509], ""type"": ""formula"", ""text"": """"}, {""bbox"": [159, 1512, 550, 1576], ""type"": ""handwritten"", ""text"": """"}, {""bbox"": [160, 1573, 694, 1650], ""type"": ""formula"", ""text"": """"}]"
4beaadf9-1007-4233-99be-d72fa5f2e6fa.jpg,"[{""bbox"": [19, 8, 1608, 84], ""type"": ""handwritten"", ""text"": """"}, {""bbox"": [18, 58, 1594, 120], ""type"": ""handwritten"", ""text"": """"}, {""bbox"": [21, 103, 1639, 169], ""type"": ""handwritten"", ""text"": """"}, {""bbox"": [19, 189, 1645, 296], ""type"": ""handwritten"", ""text"": """"}, {""bbox"": [19, 258, 1513, 359], ""type"": ""handwritten"", ""text"": """"}, {""bbox"": [22, 311, 1610, 430], ""type"": ""handwritten"", ""text"": """"}, {""bbox"": [23, 365, 1626, 495], ""type"": ""handwritten"", ""text"": """"}, {""bbox"": [33, 423, 1649, 579], ""type"": ""handwritten"", ""text"": """"}, {""bbox"": [24, 494, 1624, 651], ""type"": ""handwritten"", ""text"": """"}, {""bbox"": [19, 554, 1627, 697], ""type"": ""handwritten"", ""text"": """"}, {""bbox"": [20, 630, 1582, 723], ""type"": ""handwritten"", ""text"": """"}, {""bbox"": [18, 655, 1630, 794], ""type"": ""handwritten"", ""text"": """"}, {""bbox"": [15, 711, 1515, 834], ""type"": ""handwritten"", ""text"": """"}, {""bbox"": [13, 753, 731, 810], ""type"": ""handwritten"", ""text"": """"}, {""bbox"": [18, 802, 1540, 873], ""type"": ""handwritten"", ""text"": """"}, {""bbox"": [18, 855, 1599, 931], ""type"": ""handwritten"", ""text"": """"}, {""bbox"": [19, 902, 1623, 1001], ""type"": ""handwritten"", ""text"": """"}, {""bbox"": [19, 945, 252, 998], ""type"": ""handwritten"", ""text"": """"}, {""bbox"": [15, 987, 1565, 1090], ""type"": ""handwritten"", ""text"": """"}, {""bbox"": [14, 1049, 1575, 1151], ""type"": ""handwritten"", ""text"": """"}, {""bbox"": [14, 1108, 1636, 1235], ""type"": ""handwritten"", ""text"": """"}, {""bbox"": [16, 1153, 429, 1222], ""type"": ""handwritten"", ""text"": """"}, {""bbox"": [25, 1213, 452, 1290], ""type"": ""handwritten"", ""text"": """"}, {""bbox"": [20, 1269, 1615, 1367], ""type"": ""handwritten"", ""text"": """"}, {""bbox"": [16, 1339, 1627, 1449], ""type"": ""handwritten"", ""text"": """"}, {""bbox"": [14, 1396, 1503, 1508], ""type"": ""handwritten"", ""text"": """"}, {""bbox"": [12, 1419, 1518, 1573], ""type"": ""handwritten"", ""text"": """"}, {""bbox"": [14, 1477, 1628, 1630], ""type"": ""handwritten"", ""text"": """"}, {""bbox"": [17, 1527, 1636, 1684], ""type"": ""handwritten"", ""text"": """"}, {""bbox"": [19, 1588, 1642, 1749], ""type"": ""handwritten"", ""text"": """"}, {""bbox"": [18, 1648, 1604, 1802], ""type"": ""handwritten"", ""text"": """"}, {""bbox"": [7, 1818, 1633, 1969], ""type"": ""handwritten"", ""text"": """"}, {""bbox"": [4, 1862, 768, 1958], ""type"": ""handwritten"", ""text"": """"}]"
d838b5f7-0346-4e74-9c26-243a4441ac00.jpg,"[{""bbox"": [97, 32, 1017, 122], ""type"": ""handwritten"", ""text"": """"}, {""bbox"": [88, 138, 885, 228], ""type"": ""handwritten"", ""text"": """"}, {""bbox"": [1042, 168, 1337, 382], ""type"": ""annotation"", ""text"": """"}, {""bbox"": [1036, 188, 1335, 521], ""type"": ""annotation"", ""text"": """"}, {""bbox"": [79, 238, 1012, 331], ""type"": ""handwritten"", ""text"": """"}, {""bbox"": [100, 339, 1013, 473], ""type"": ""formula"", ""text"": """"}, {""bbox"": [91, 519, 814, 635], ""type"": ""formula"", ""text"": """"}]"
085cede2-f64a-4ce5-b12a-89edde06ce9d.jpg,"[{""bbox"": [1516, 0, 1668, 79], ""type"": ""annotation"", ""text"": """"}, {""bbox"": [35, 177, 193, 265], ""type"": ""handwritten"", ""text"": """"}, {""bbox"": [43, 193, 1891, 324], ""type"": ""handwritten"", ""text"": """"}, {""bbox"": [44, 288, 1772, 390], ""type"": ""handwritten"", ""text"": """"}, {""bbox"": [48, 386, 1817, 472], ""type"": ""handwritten"", ""text"": """"}, {""bbox"": [52, 470, 437, 548], ""type"": ""handwritten"", ""text"": """"}, {""bbox"": [60, 535, 921, 619], ""type"": ""handwritten"", ""text"": """"}, {""bbox"": [64, 615, 438, 701], ""type"": ""handwritten"", ""text"": """"}, {""bbox"": [57, 677, 1557, 780], ""type"": ""handwritten"", ""text"": """"}, {""bbox"": [67, 781, 416, 867], ""type"": ""handwritten"", ""text"": """"}, {""bbox"": [59, 855, 238, 926], ""type"": ""handwritten"", ""text"": """"}, {""bbox"": [57, 863, 1649, 978], ""type"": ""handwritten"", ""text"": """"}, {""bbox"": [56, 956, 1110, 1051], ""type"": ""handwritten"", ""text"": """"}, {""bbox"": [62, 1043, 641, 1133], ""type"": ""handwritten"", ""text"": """"}, {""bbox"": [70, 1098, 1777, 1202], ""type"": ""handwritten"", ""text"": """"}, {""bbox"": [66, 1191, 858, 1281], ""type"": ""handwritten"", ""text"": """"}, {""bbox"": [69, 1264, 1508, 1358], ""type"": ""handwritten"", ""text"": """"}, {""bbox"": [68, 1343, 1842, 1465], ""type"": ""handwritten"", ""text"": """"}, {""bbox"": [65, 1427, 664, 1520], ""type"": ""handwritten"", ""text"": """"}, {""bbox"": [73, 1459, 1879, 1638], ""type"": ""handwritten"", ""text"": """"}, {""bbox"": [0, 1907, 1400, 2167], ""type"": ""handwritten"", ""text"": """"}, {""bbox"": [60, 2081, 583, 2212], ""type"": ""formula"", ""text"": """"}, {""bbox"": [0, 2095, 1837, 2411], ""type"": ""handwritten"", ""text"": """"}, {""bbox"": [66, 2239, 750, 2367], ""type"": ""handwritten"", ""text"": """"}, {""bbox"": [77, 2266, 608, 2405], ""type"": ""handwritten"", ""text"": """"}, {""bbox"": [89, 2317, 597, 2432], ""type"": ""handwritten"", ""text"": """"}, {""bbox"": [67, 2365, 677, 2471], ""type"": ""handwritten"", ""text"": """"}, {""bbox"": [0, 2505, 332, 2626], ""type"": ""handwritten"", ""text"": """"}]"
75d41fe1-2946-4e13-b966-f44cbc7818fc.jpg,"[{""bbox"": [8, 131, 682, 643], ""type"": ""table"", ""text"": """"}, {""bbox"": [51, 643, 586, 755], ""type"": ""formula"", ""text"": """"}, {""bbox"": [23, 713, 1487, 875], ""type"": ""handwritten"", ""text"": """"}, {""bbox"": [21, 863, 206, 933], ""type"": ""annotation"", ""text"": """"}, {""bbox"": [38, 924, 1829, 1369], ""type"": ""table"", ""text"": """"}, {""bbox"": [42, 1412, 1875, 1597], ""type"": ""formula"", ""text"": """"}, {""bbox"": [37, 1594, 678, 1732], ""type"": ""formula"", ""text"": """"}, {""bbox"": [40, 1723, 839, 1888], ""type"": ""formula"", ""text"": """"}, {""bbox"": [46, 1891, 1611, 1987], ""type"": ""formula"", ""text"": """"}, {""bbox"": [43, 1979, 1697, 2083], ""type"": ""formula"", ""text"": """"}, {""bbox"": [43, 2077, 1676, 2187], ""type"": ""formula"", ""text"": """"}, {""bbox"": [45, 2205, 536, 2308], ""type"": ""formula"", ""text"": """"}, {""bbox"": [47, 2292, 792, 2442], ""type"": ""formula"", ""text"": """"}, {""bbox"": [39, 2456, 215, 2535], ""type"": ""formula"", ""text"": """"}, {""bbox"": [44, 2558, 851, 2682], ""type"": ""formula"", ""text"": """"}, {""bbox"": [28, 2674, 1492, 2777], ""type"": ""formula"", ""text"": """"}]"
140b17cd-461e-4ee6-bf04-4b822997e247.jpg,"[{""bbox"": [23, 8, 291, 79], ""type"": ""handwritten"", ""text"": """"}, {""bbox"": [43, 82, 1481, 144], ""type"": ""handwritten"", ""text"": """"}, {""bbox"": [27, 145, 1566, 214], ""type"": ""handwritten"", ""text"": """"}, {""bbox"": [24, 206, 1537, 273], ""type"": ""handwritten"", ""text"": """"}, {""bbox"": [20, 266, 1564, 336], ""type"": ""handwritten"", ""text"": """"}, {""bbox"": [22, 315, 227, 368], ""type"": ""handwritten"", ""text"": """"}, {""bbox"": [32, 381, 294, 452], ""type"": ""handwritten"", ""text"": """"}, {""bbox"": [12, 450, 1198, 514], ""type"": ""formula"", ""text"": """"}, {""bbox"": [44, 530, 294, 608], ""type"": ""handwritten"", ""text"": """"}, {""bbox"": [954, 548, 1076, 602], ""type"": ""annotation"", ""text"": """"}, {""bbox"": [14, 608, 1488, 684], ""type"": ""handwritten"", ""text"": """"}, {""bbox"": [24, 680, 1599, 742], ""type"": ""handwritten"", ""text"": """"}, {""bbox"": [36, 732, 1608, 799], ""type"": ""handwritten"", ""text"": """"}, {""bbox"": [550, 790, 1427, 846], ""type"": ""handwritten"", ""text"": """"}, {""bbox"": [33, 792, 1492, 855], ""type"": ""handwritten"", ""text"": """"}, {""bbox"": [42, 850, 1528, 914], ""type"": ""handwritten"", ""text"": """"}, {""bbox"": [46, 906, 1622, 977], ""type"": ""handwritten"", ""text"": """"}, {""bbox"": [33, 967, 1514, 1043], ""type"": ""handwritten"", ""text"": """"}, {""bbox"": [31, 1029, 1469, 1098], ""type"": ""handwritten"", ""text"": """"}, {""bbox"": [23, 1087, 1534, 1155], ""type"": ""handwritten"", ""text"": """"}, {""bbox"": [24, 1144, 1430, 1214], ""type"": ""handwritten"", ""text"": """"}, {""bbox"": [22, 1213, 1518, 1280], ""type"": ""handwritten"", ""text"": """"}, {""bbox"": [24, 1274, 1450, 1340], ""type"": ""handwritten"", ""text"": """"}, {""bbox"": [20, 1328, 1541, 1398], ""type"": ""handwritten"", ""text"": """"}, {""bbox"": [20, 1388, 1524, 1457], ""type"": ""handwritten"", ""text"": """"}, {""bbox"": [27, 1451, 1503, 1521], ""type"": ""handwritten"", ""text"": """"}, {""bbox"": [27, 1512, 1492, 1580], ""type"": ""handwritten"", ""text"": """"}, {""bbox"": [29, 1568, 1435, 1646], ""type"": ""handwritten"", ""text"": """"}, {""bbox"": [28, 1630, 1579, 1719], ""type"": ""handwritten"", ""text"": """"}, {""bbox"": [32, 1699, 1322, 1784], ""type"": ""handwritten"", ""text"": """"}]"
1646ae0b-5f44-4cc3-84fa-5a14cf09be3e.jpg,"[{""bbox"": [98, 104, 621, 321], ""type"": ""image"", ""text"": """"}, {""bbox"": [92, 376, 755, 472], ""type"": ""handwritten"", ""text"": """"}, {""bbox"": [128, 553, 382, 641], ""type"": ""formula"", ""text"": """"}, {""bbox"": [122, 657, 413, 745], ""type"": ""formula"", ""text"": """"}, {""bbox"": [114, 762, 438, 856], ""type"": ""formula"", ""text"": """"}, {""bbox"": [113, 903, 868, 1063], ""type"": ""formula"", ""text"": """"}, {""bbox"": [98, 1094, 1325, 1242], ""type"": ""formula"", ""text"": """"}, {""bbox"": [87, 1367, 722, 1488], ""type"": ""formula"", ""text"": """"}, {""bbox"": [150, 1547, 712, 1653], ""type"": ""formula"", ""text"": """"}, {""bbox"": [150, 1707, 750, 1804], ""type"": ""formula"", ""text"": """"}, {""bbox"": [147, 1709, 1189, 1804], ""type"": ""formula"", ""text"": """"}, {""bbox"": [121, 1899, 1562, 1980], ""type"": ""handwritten"", ""text"": """"}, {""bbox"": [80, 2006, 1719, 2101], ""type"": ""handwritten"", ""text"": """"}, {""bbox"": [105, 2111, 1909, 2207], ""type"": ""handwritten"", ""text"": """"}, {""bbox"": [89, 2209, 1514, 2294], ""type"": ""handwritten"", ""text"": """"}, {""bbox"": [85, 2290, 1664, 2376], ""type"": ""handwritten"", ""text"": """"}, {""bbox"": [55, 2404, 966, 2497], ""type"": ""handwritten"", ""text"": """"}, {""bbox"": [1782, 2594, 1886, 2692], ""type"": ""annotation"", ""text"": """"}, {""bbox"": [58, 2633, 677, 2718], ""type"": ""handwritten"", ""text"": """"}]"
22cd3c93-0e4f-47f3-9607-2ea577f8f78c.jpg,"[{""bbox"": [92, 1, 1206, 88], ""type"": ""handwritten"", ""text"": """"}, {""bbox"": [85, 21, 785, 145], ""type"": ""handwritten"", ""text"": """"}, {""bbox"": [25, 70, 1033, 258], ""type"": ""handwritten"", ""text"": """"}, {""bbox"": [19, 125, 372, 244], ""type"": ""formula"", ""text"": """"}, {""bbox"": [19, 327, 865, 537], ""type"": ""formula"", ""text"": """"}, {""bbox"": [30, 483, 448, 596], ""type"": ""handwritten"", ""text"": """"}, {""bbox"": [41, 555, 1266, 792], ""type"": ""formula"", ""text"": """"}, {""bbox"": [41, 694, 213, 794], ""type"": ""formula"", ""text"": """"}, {""bbox"": [34, 781, 1155, 956], ""type"": ""formula"", ""text"": """"}, {""bbox"": [40, 931, 1328, 1062], ""type"": ""handwritten"", ""text"": """"}, {""bbox"": [43, 1039, 361, 1110], ""type"": ""handwritten"", ""text"": """"}, {""bbox"": [43, 1039, 361, 1110], ""type"": ""formula"", ""text"": """"}, {""bbox"": [44, 1102, 468, 1214], ""type"": ""handwritten"", ""text"": """"}, {""bbox"": [44, 1102, 468, 1214], ""type"": ""formula"", ""text"": """"}, {""bbox"": [56, 1206, 1013, 1286], ""type"": ""formula"", ""text"": """"}, {""bbox"": [50, 1278, 1242, 1352], ""type"": ""handwritten"", ""text"": """"}, {""bbox"": [42, 1340, 869, 1393], ""type"": ""handwritten"", ""text"": """"}, {""bbox"": [49, 1390, 853, 1448], ""type"": ""handwritten"", ""text"": """"}, {""bbox"": [49, 1390, 853, 1448], ""type"": ""formula"", ""text"": """"}, {""bbox"": [57, 1527, 1194, 1676], ""type"": ""formula"", ""text"": """"}, {""bbox"": [51, 1658, 1241, 1793], ""type"": ""formula"", ""text"": """"}, {""bbox"": [46, 1792, 426, 1885], ""type"": ""handwritten"", ""text"": """"}, {""bbox"": [46, 1866, 379, 1937], ""type"": ""handwritten"", ""text"": """"}, {""bbox"": [52, 1900, 1966, 2004], ""type"": ""handwritten"", ""text"": """"}, {""bbox"": [57, 1985, 653, 2045], ""type"": ""handwritten"", ""text"": """"}, {""bbox"": [50, 2169, 993, 2276], ""type"": ""formula"", ""text"": """"}, {""bbox"": [43, 2265, 1067, 2374], ""type"": ""formula"", ""text"": """"}, {""bbox"": [45, 2362, 970, 2477], ""type"": ""formula"", ""text"": """"}, {""bbox"": [50, 2470, 482, 2579], ""type"": ""formula"", ""text"": """"}, {""bbox"": [72, 2574, 563, 2697], ""type"": ""formula"", ""text"": """"}, {""bbox"": [51, 2680, 782, 2776], ""type"": ""handwritten"", ""text"": """"}]"
23a5880a-b005-4c52-bbde-7188f01e46fb.jpg,"[{""bbox"": [33, 5, 626, 77], ""type"": ""handwritten"", ""text"": """"}, {""bbox"": [67, 78, 1556, 169], ""type"": ""handwritten"", ""text"": """"}, {""bbox"": [66, 138, 1650, 269], ""type"": ""handwritten"", ""text"": """"}, {""bbox"": [62, 253, 1655, 394], ""type"": ""handwritten"", ""text"": """"}, {""bbox"": [60, 310, 556, 388], ""type"": ""handwritten"", ""text"": """"}, {""bbox"": [55, 359, 1656, 530], ""type"": ""handwritten"", ""text"": """"}, {""bbox"": [60, 432, 753, 532], ""type"": ""handwritten"", ""text"": """"}, {""bbox"": [60, 568, 733, 668], ""type"": ""handwritten"", ""text"": """"}, {""bbox"": [60, 602, 1573, 814], ""type"": ""handwritten"", ""text"": """"}, {""bbox"": [61, 697, 785, 796], ""type"": ""handwritten"", ""text"": """"}, {""bbox"": [57, 770, 1524, 948], ""type"": ""handwritten"", ""text"": """"}, {""bbox"": [58, 833, 1509, 972], ""type"": ""handwritten"", ""text"": """"}, {""bbox"": [61, 880, 322, 946], ""type"": ""handwritten"", ""text"": """"}, {""bbox"": [58, 934, 1656, 1085], ""type"": ""handwritten"", ""text"": """"}, {""bbox"": [57, 1007, 366, 1074], ""type"": ""handwritten"", ""text"": """"}, {""bbox"": [52, 1071, 1245, 1174], ""type"": ""handwritten"", ""text"": """"}, {""bbox"": [50, 1164, 238, 1227], ""type"": ""handwritten"", ""text"": """"}, {""bbox"": [55, 1236, 946, 1319], ""type"": ""handwritten"", ""text"": """"}, {""bbox"": [58, 1300, 1323, 1426], ""type"": ""handwritten"", ""text"": """"}, {""bbox"": [53, 1367, 1544, 1514], ""type"": ""handwritten"", ""text"": """"}, {""bbox"": [52, 1422, 539, 1507], ""type"": ""handwritten"", ""text"": """"}, {""bbox"": [52, 1474, 1567, 1635], ""type"": ""handwritten"", ""text"": """"}, {""bbox"": [51, 1561, 1169, 1687], ""type"": ""handwritten"", ""text"": """"}, {""bbox"": [53, 1611, 292, 1683], ""type"": ""handwritten"", ""text"": """"}, {""bbox"": [47, 1677, 679, 1765], ""type"": ""handwritten"", ""text"": """"}, {""bbox"": [51, 1736, 1119, 1873], ""type"": ""handwritten"", ""text"": """"}, {""bbox"": [54, 1817, 1105, 1994], ""type"": ""handwritten"", ""text"": """"}, {""bbox"": [57, 1880, 1598, 2021], ""type"": ""handwritten"", ""text"": """"}, {""bbox"": [48, 1931, 351, 2005], ""type"": ""handwritten"", ""text"": """"}, {""bbox"": [50, 1997, 439, 2070], ""type"": ""handwritten"", ""text"": """"}, {""bbox"": [57, 2057, 1088, 2174], ""type"": ""handwritten"", ""text"": """"}, {""bbox"": [61, 2120, 684, 2214], ""type"": ""handwritten"", ""text"": """"}, {""bbox"": [61, 2185, 1520, 2314], ""type"": ""handwritten"", ""text"": """"}]"
23a8e4cb-50b6-47ed-b754-4bb18e8cda29.jpg,"[{""bbox"": [37, 50, 1582, 419], ""type"": ""table"", ""text"": """"}, {""bbox"": [46, 479, 1565, 908], ""type"": ""table"", ""text"": """"}, {""bbox"": [23, 905, 751, 976], ""type"": ""handwritten"", ""text"": """"}, {""bbox"": [20, 966, 946, 1057], ""type"": ""handwritten"", ""text"": """"}, {""bbox"": [18, 1039, 870, 1142], ""type"": ""handwritten"", ""text"": """"}, {""bbox"": [17, 1155, 1135, 1271], ""type"": ""handwritten"", ""text"": """"}, {""bbox"": [25, 1250, 603, 1339], ""type"": ""handwritten"", ""text"": """"}, {""bbox"": [23, 1256, 1431, 1336], ""type"": ""handwritten"", ""text"": """"}, {""bbox"": [839, 1270, 1414, 1336], ""type"": ""handwritten"", ""text"": """"}, {""bbox"": [15, 1324, 717, 1397], ""type"": ""handwritten"", ""text"": """"}, {""bbox"": [849, 1325, 1592, 1396], ""type"": ""handwritten"", ""text"": """"}, {""bbox"": [850, 1381, 1591, 1457], ""type"": ""formula"", ""text"": """"}, {""bbox"": [17, 1392, 746, 1474], ""type"": ""formula"", ""text"": """"}, {""bbox"": [862, 1445, 1599, 1518], ""type"": ""formula"", ""text"": """"}, {""bbox"": [19, 1463, 751, 1544], ""type"": ""formula"", ""text"": """"}, {""bbox"": [863, 1509, 1646, 1585], ""type"": ""formula"", ""text"": """"}, {""bbox"": [18, 1535, 798, 1636], ""type"": ""formula"", ""text"": """"}, {""bbox"": [840, 1577, 1623, 1666], ""type"": ""formula"", ""text"": """"}, {""bbox"": [32, 1708, 1611, 1791], ""type"": ""handwritten"", ""text"": """"}, {""bbox"": [37, 1780, 1492, 1861], ""type"": ""handwritten"", ""text"": """"}, {""bbox"": [41, 1842, 1486, 1947], ""type"": ""handwritten"", ""text"": """"}, {""bbox"": [48, 1946, 286, 2015], ""type"": ""handwritten"", ""text"": """"}, {""bbox"": [1043, 1988, 1313, 2056], ""type"": ""annotation"", ""text"": """"}]"
07855b12-5b9f-43b6-ac01-036b879c0a7a.jpg,"[{""bbox"": [4, 86, 267, 188], ""type"": ""handwritten"", ""text"": """"}, {""bbox"": [9, 187, 396, 289], ""type"": ""handwritten"", ""text"": """"}, {""bbox"": [5, 287, 498, 384], ""type"": ""handwritten"", ""text"": """"}, {""bbox"": [8, 364, 1283, 482], ""type"": ""handwritten"", ""text"": """"}, {""bbox"": [9, 480, 281, 611], ""type"": ""formula"", ""text"": """"}, {""bbox"": [13, 615, 508, 726], ""type"": ""formula"", ""text"": """"}, {""bbox"": [5, 723, 1852, 844], ""type"": ""handwritten"", ""text"": """"}, {""bbox"": [1, 827, 1872, 924], ""type"": ""handwritten"", ""text"": """"}, {""bbox"": [3, 905, 1033, 1002], ""type"": ""handwritten"", ""text"": """"}, {""bbox"": [1252, 1086, 1563, 1183], ""type"": ""annotation"", ""text"": """"}, {""bbox"": [1741, 2596, 1832, 2714], ""type"": ""annotation"", ""text"": """"}]"
24f7d274-b6ce-4495-939f-9528a1fe42f4.jpg,"[{""bbox"": [214, 173, 316, 232], ""type"": ""handwritten"", ""text"": """"}, {""bbox"": [222, 323, 699, 578], ""type"": ""formula"", ""text"": """"}, {""bbox"": [199, 572, 1341, 758], ""type"": ""formula"", ""text"": """"}, {""bbox"": [191, 808, 1025, 967], ""type"": ""formula"", ""text"": """"}, {""bbox"": [260, 1176, 538, 1253], ""type"": ""formula"", ""text"": """"}, {""bbox"": [292, 1270, 1049, 1440], ""type"": ""formula"", ""text"": """"}, {""bbox"": [306, 1470, 1025, 1574], ""type"": ""formula"", ""text"": """"}, {""bbox"": [265, 1647, 1275, 1785], ""type"": ""formula"", ""text"": """"}, {""bbox"": [88, 1875, 1909, 2025], ""type"": ""handwritten"", ""text"": """"}, {""bbox"": [56, 2040, 1787, 2153], ""type"": ""handwritten"", ""text"": """"}, {""bbox"": [122, 2217, 791, 2303], ""type"": ""formula"", ""text"": """"}]"
12051900-9032-4631-bcfc-fce24e43e5d8.jpg,"[{""bbox"": [116, 210, 1084, 311], ""type"": ""handwritten"", ""text"": """"}, {""bbox"": [32, 284, 1613, 400], ""type"": ""handwritten"", ""text"": """"}, {""bbox"": [37, 358, 1541, 488], ""type"": ""handwritten"", ""text"": """"}, {""bbox"": [51, 465, 679, 554], ""type"": ""handwritten"", ""text"": """"}, {""bbox"": [94, 493, 1529, 623], ""type"": ""handwritten"", ""text"": """"}, {""bbox"": [96, 562, 1497, 706], ""type"": ""handwritten"", ""text"": """"}, {""bbox"": [100, 620, 1591, 780], ""type"": ""handwritten"", ""text"": """"}, {""bbox"": [1367, 1978, 1468, 2104], ""type"": ""annotation"", ""text"": """"}]"
11d27c9c-9ba2-49af-8155-b6457478e75b.jpg,"[{""bbox"": [0, 18, 689, 130], ""type"": ""handwritten"", ""text"": """"}, {""bbox"": [0, 18, 689, 130], ""type"": ""formula"", ""text"": """"}, {""bbox"": [17, 124, 861, 229], ""type"": ""handwritten"", ""text"": """"}, {""bbox"": [17, 124, 861, 229], ""type"": ""formula"", ""text"": """"}, {""bbox"": [915, 297, 1196, 372], ""type"": ""handwritten"", ""text"": """"}]"
d16b3f01-c26c-485c-ad8a-8df1058841c7.jpg,"[{""bbox"": [171, 50, 615, 157], ""type"": ""handwritten"", ""text"": """"}, {""bbox"": [93, 177, 920, 257], ""type"": ""handwritten"", ""text"": """"}, {""bbox"": [81, 252, 1522, 381], ""type"": ""handwritten"", ""text"": """"}, {""bbox"": [75, 366, 1463, 504], ""type"": ""handwritten"", ""text"": """"}, {""bbox"": [57, 454, 1482, 575], ""type"": ""handwritten"", ""text"": """"}, {""bbox"": [49, 541, 1581, 666], ""type"": ""handwritten"", ""text"": """"}, {""bbox"": [181, 757, 1162, 871], ""type"": ""handwritten"", ""text"": """"}, {""bbox"": [99, 846, 1577, 992], ""type"": ""handwritten"", ""text"": """"}, {""bbox"": [74, 947, 1499, 1096], ""type"": ""handwritten"", ""text"": """"}, {""bbox"": [71, 1028, 1538, 1168], ""type"": ""handwritten"", ""text"": """"}, {""bbox"": [128, 1359, 1198, 1498], ""type"": ""handwritten"", ""text"": """"}, {""bbox"": [108, 1472, 1546, 1616], ""type"": ""handwritten"", ""text"": """"}, {""bbox"": [118, 1571, 1644, 1724], ""type"": ""handwritten"", ""text"": """"}, {""bbox"": [116, 1644, 1513, 1850], ""type"": ""handwritten"", ""text"": """"}]"
658ab1b3-78f1-4f61-8e03-126556558f3e.jpg,"[{""bbox"": [51, 44, 294, 102], ""type"": ""handwritten"", ""text"": """"}, {""bbox"": [22, 88, 326, 148], ""type"": ""handwritten"", ""text"": """"}, {""bbox"": [6, 117, 279, 197], ""type"": ""handwritten"", ""text"": """"}, {""bbox"": [8, 188, 303, 262], ""type"": ""handwritten"", ""text"": """"}, {""bbox"": [12, 236, 252, 301], ""type"": ""handwritten"", ""text"": """"}, {""bbox"": [11, 382, 209, 476], ""type"": ""formula"", ""text"": """"}, {""bbox"": [11, 382, 209, 476], ""type"": ""handwritten"", ""text"": """"}, {""bbox"": [49, 561, 91, 614], ""type"": ""handwritten"", ""text"": """"}, {""bbox"": [47, 628, 110, 704], ""type"": ""handwritten"", ""text"": """"}, {""bbox"": [125, 632, 786, 745], ""type"": ""formula"", ""text"": """"}, {""bbox"": [1322, 632, 1421, 763], ""type"": ""annotation"", ""text"": """"}, {""bbox"": [173, 752, 966, 869], ""type"": ""formula"", ""text"": """"}, {""bbox"": [177, 868, 1193, 988], ""type"": ""formula"", ""text"": """"}, {""bbox"": [193, 1018, 836, 1138], ""type"": ""formula"", ""text"": """"}, {""bbox"": [206, 1139, 853, 1242], ""type"": ""formula"", ""text"": """"}, {""bbox"": [225, 1246, 1532, 1345], ""type"": ""formula"", ""text"": """"}]"
26112b81-a0b5-4337-924a-a527fec99c42.jpg,"[{""bbox"": [59, 7, 1466, 76], ""type"": ""handwritten"", ""text"": """"}, {""bbox"": [67, 68, 1640, 132], ""type"": ""handwritten"", ""text"": """"}, {""bbox"": [26, 122, 1639, 184], ""type"": ""handwritten"", ""text"": """"}, {""bbox"": [29, 175, 1136, 235], ""type"": ""handwritten"", ""text"": """"}, {""bbox"": [34, 228, 1579, 299], ""type"": ""handwritten"", ""text"": """"}, {""bbox"": [32, 290, 1398, 359], ""type"": ""handwritten"", ""text"": """"}, {""bbox"": [33, 351, 1636, 413], ""type"": ""handwritten"", ""text"": """"}, {""bbox"": [21, 404, 1643, 467], ""type"": ""handwritten"", ""text"": """"}, {""bbox"": [27, 460, 1485, 529], ""type"": ""handwritten"", ""text"": """"}, {""bbox"": [19, 521, 1624, 587], ""type"": ""handwritten"", ""text"": """"}, {""bbox"": [16, 577, 1614, 646], ""type"": ""handwritten"", ""text"": """"}, {""bbox"": [16, 633, 775, 714], ""type"": ""handwritten"", ""text"": """"}]"
3a04e16a-c8d5-4a58-a5a8-b8774ffc32be.jpg,"[{""bbox"": [120, 185, 649, 396], ""type"": ""image"", ""text"": """"}, {""bbox"": [45, 458, 256, 535], ""type"": ""handwritten"", ""text"": """"}, {""bbox"": [55, 458, 1405, 646], ""type"": ""formula"", ""text"": """"}, {""bbox"": [58, 626, 779, 737], ""type"": ""handwritten"", ""text"": """"}, {""bbox"": [51, 727, 1618, 849], ""type"": ""formula"", ""text"": """"}, {""bbox"": [53, 842, 947, 940], ""type"": ""handwritten"", ""text"": """"}, {""bbox"": [71, 929, 1599, 1049], ""type"": ""handwritten"", ""text"": """"}, {""bbox"": [54, 1068, 245, 1143], ""type"": ""handwritten"", ""text"": """"}, {""bbox"": [48, 1135, 865, 1228], ""type"": ""formula"", ""text"": """"}, {""bbox"": [33, 1233, 1810, 1420], ""type"": ""formula"", ""text"": """"}, {""bbox"": [35, 1413, 1367, 1574], ""type"": ""formula"", ""text"": """"}, {""bbox"": [30, 1604, 244, 1689], ""type"": ""formula"", ""text"": """"}, {""bbox"": [30, 1604, 244, 1689], ""type"": ""handwritten"", ""text"": """"}, {""bbox"": [40, 1698, 209, 1773], ""type"": ""formula"", ""text"": """"}, {""bbox"": [39, 1761, 1305, 1920], ""type"": ""formula"", ""text"": """"}, {""bbox"": [44, 1929, 797, 2039], ""type"": ""formula"", ""text"": """"}, {""bbox"": [39, 2038, 360, 2132], ""type"": ""formula"", ""text"": """"}, {""bbox"": [39, 2158, 1647, 2331], ""type"": ""formula"", ""text"": """"}, {""bbox"": [34, 2341, 1539, 2464], ""type"": ""handwritten"", ""text"": """"}, {""bbox"": [19, 2665, 386, 2776], ""type"": ""annotation"", ""text"": """"}]"
5e1e1311-7f17-44d7-bc83-59e46351864e.jpg,"[{""bbox"": [16, 27, 1330, 102], ""type"": ""handwritten"", ""text"": """"}, {""bbox"": [32, 104, 1616, 194], ""type"": ""formula"", ""text"": """"}, {""bbox"": [32, 104, 1616, 194], ""type"": ""handwritten"", ""text"": """"}, {""bbox"": [1264, 185, 1460, 311], ""type"": ""annotation"", ""text"": """"}, {""bbox"": [984, 199, 1243, 292], ""type"": ""annotation"", ""text"": """"}, {""bbox"": [28, 260, 1654, 366], ""type"": ""handwritten"", ""text"": """"}, {""bbox"": [18, 352, 1654, 466], ""type"": ""handwritten"", ""text"": """"}, {""bbox"": [18, 352, 1654, 466], ""type"": ""formula"", ""text"": """"}, {""bbox"": [27, 428, 531, 494], ""type"": ""handwritten"", ""text"": """"}, {""bbox"": [17, 485, 1651, 573], ""type"": ""handwritten"", ""text"": """"}, {""bbox"": [28, 555, 218, 606], ""type"": ""handwritten"", ""text"": """"}, {""bbox"": [19, 592, 1595, 690], ""type"": ""handwritten"", ""text"": """"}, {""bbox"": [19, 681, 1628, 800], ""type"": ""handwritten"", ""text"": """"}, {""bbox"": [209, 763, 491, 915], ""type"": ""annotation"", ""text"": """"}, {""bbox"": [33, 771, 165, 822], ""type"": ""handwritten"", ""text"": """"}, {""bbox"": [18, 886, 1650, 983], ""type"": ""handwritten"", ""text"": """"}, {""bbox"": [16, 970, 1617, 1041], ""type"": ""handwritten"", ""text"": """"}, {""bbox"": [24, 1030, 1327, 1098], ""type"": ""handwritten"", ""text"": """"}, {""bbox"": [1412, 1066, 1614, 1231], ""type"": ""annotation"", ""text"": """"}, {""bbox"": [31, 1105, 888, 1187], ""type"": ""formula"", ""text"": """"}, {""bbox"": [30, 1196, 1259, 1284], ""type"": ""formula"", ""text"": """"}, {""bbox"": [39, 1287, 1648, 1393], ""type"": ""formula"", ""text"": """"}, {""bbox"": [33, 1373, 1644, 1499], ""type"": ""formula"", ""text"": """"}, {""bbox"": [45, 1458, 437, 1527], ""type"": ""formula"", ""text"": """"}, {""bbox"": [46, 1526, 1646, 1612], ""type"": ""handwritten"", ""text"": """"}, {""bbox"": [41, 1621, 1174, 1690], ""type"": ""handwritten"", ""text"": """"}, {""bbox"": [49, 1709, 764, 1793], ""type"": ""handwritten"", ""text"": """"}, {""bbox"": [53, 1791, 894, 1888], ""type"": ""formula"", ""text"": """"}, {""bbox"": [901, 1841, 1016, 1967], ""type"": ""annotation"", ""text"": """"}, {""bbox"": [31, 1892, 680, 1969], ""type"": ""handwritten"", ""text"": """"}, {""bbox"": [60, 1976, 610, 2076], ""type"": ""formula"", ""text"": """"}]"
0b7cdc2a-76d6-4db5-933b-d677aaf54448.jpg,"[{""bbox"": [135, 83, 316, 138], ""type"": ""handwritten"", ""text"": """"}, {""bbox"": [138, 129, 1649, 195], ""type"": ""handwritten"", ""text"": """"}, {""bbox"": [599, 182, 1539, 237], ""type"": ""handwritten"", ""text"": """"}, {""bbox"": [603, 231, 1512, 290], ""type"": ""handwritten"", ""text"": """"}, {""bbox"": [133, 292, 1557, 353], ""type"": ""handwritten"", ""text"": """"}, {""bbox"": [475, 356, 1486, 413], ""type"": ""handwritten"", ""text"": """"}, {""bbox"": [485, 408, 1607, 461], ""type"": ""handwritten"", ""text"": """"}, {""bbox"": [144, 459, 1504, 519], ""type"": ""handwritten"", ""text"": """"}, {""bbox"": [547, 514, 1507, 566], ""type"": ""handwritten"", ""text"": """"}, {""bbox"": [667, 555, 1543, 602], ""type"": ""handwritten"", ""text"": """"}, {""bbox"": [574, 600, 1257, 651], ""type"": ""handwritten"", ""text"": """"}, {""bbox"": [162, 662, 1645, 722], ""type"": ""handwritten"", ""text"": """"}, {""bbox"": [392, 718, 1563, 779], ""type"": ""handwritten"", ""text"": """"}, {""bbox"": [395, 772, 1649, 833], ""type"": ""handwritten"", ""text"": """"}, {""bbox"": [397, 825, 666, 872], ""type"": ""handwritten"", ""text"": """"}, {""bbox"": [1367, 837, 1472, 916], ""type"": ""annotation"", ""text"": """"}]"
c4e15ad4-9be3-4086-98f1-cd26527f1a46.jpg,"[{""bbox"": [47, 27, 507, 208], ""type"": ""image"", ""text"": """"}, {""bbox"": [1231, 179, 1339, 281], ""type"": ""annotation"", ""text"": """"}, {""bbox"": [67, 219, 303, 338], ""type"": ""handwritten"", ""text"": """"}, {""bbox"": [63, 319, 1614, 430], ""type"": ""handwritten"", ""text"": """"}, {""bbox"": [60, 403, 1597, 509], ""type"": ""handwritten"", ""text"": """"}, {""bbox"": [45, 484, 1567, 593], ""type"": ""handwritten"", ""text"": """"}, {""bbox"": [56, 554, 1544, 689], ""type"": ""handwritten"", ""text"": """"}, {""bbox"": [38, 720, 1189, 872], ""type"": ""handwritten"", ""text"": """"}, {""bbox"": [94, 805, 352, 905], ""type"": ""handwritten"", ""text"": """"}, {""bbox"": [298, 969, 548, 1167], ""type"": ""annotation"", ""text"": """"}, {""bbox"": [42, 972, 147, 1042], ""type"": ""handwritten"", ""text"": """"}, {""bbox"": [40, 1049, 155, 1116], ""type"": ""handwritten"", ""text"": """"}, {""bbox"": [42, 1123, 152, 1190], ""type"": ""handwritten"", ""text"": """"}, {""bbox"": [39, 1201, 178, 1261], ""type"": ""handwritten"", ""text"": """"}, {""bbox"": [102, 1280, 349, 1384], ""type"": ""handwritten"", ""text"": """"}, {""bbox"": [1255, 1285, 1418, 1405], ""type"": ""annotation"", ""text"": """"}, {""bbox"": [113, 1364, 1616, 1484], ""type"": ""handwritten"", ""text"": """"}, {""bbox"": [29, 1441, 1599, 1578], ""type"": ""handwritten"", ""text"": """"}, {""bbox"": [43, 1535, 1600, 1670], ""type"": ""handwritten"", ""text"": """"}, {""bbox"": [24, 1610, 1591, 1745], ""type"": ""handwritten"", ""text"": """"}, {""bbox"": [26, 1708, 1596, 1830], ""type"": ""handwritten"", ""text"": """"}, {""bbox"": [34, 1790, 323, 1886], ""type"": ""handwritten"", ""text"": """"}, {""bbox"": [108, 1863, 1641, 1973], ""type"": ""handwritten"", ""text"": """"}, {""bbox"": [19, 1951, 1637, 2057], ""type"": ""handwritten"", ""text"": """"}, {""bbox"": [26, 2030, 1605, 2144], ""type"": ""handwritten"", ""text"": """"}, {""bbox"": [33, 2117, 1641, 2230], ""type"": ""handwritten"", ""text"": """"}, {""bbox"": [35, 2201, 1591, 2335], ""type"": ""handwritten"", ""text"": """"}]"
ceef6cbf-ec28-4199-9da5-4203d32240ff.jpg,"[{""bbox"": [37, 19, 240, 116], ""type"": ""handwritten"", ""text"": """"}, {""bbox"": [43, 91, 1618, 189], ""type"": ""handwritten"", ""text"": """"}, {""bbox"": [40, 177, 1503, 270], ""type"": ""handwritten"", ""text"": """"}, {""bbox"": [36, 255, 1597, 338], ""type"": ""handwritten"", ""text"": """"}, {""bbox"": [30, 322, 1593, 402], ""type"": ""handwritten"", ""text"": """"}, {""bbox"": [30, 389, 1613, 470], ""type"": ""handwritten"", ""text"": """"}, {""bbox"": [26, 455, 1608, 541], ""type"": ""handwritten"", ""text"": """"}, {""bbox"": [31, 529, 1618, 612], ""type"": ""handwritten"", ""text"": """"}, {""bbox"": [27, 603, 1618, 675], ""type"": ""handwritten"", ""text"": """"}, {""bbox"": [25, 670, 1602, 746], ""type"": ""handwritten"", ""text"": """"}, {""bbox"": [33, 733, 1626, 814], ""type"": ""handwritten"", ""text"": """"}, {""bbox"": [32, 803, 1626, 882], ""type"": ""handwritten"", ""text"": """"}, {""bbox"": [33, 870, 1616, 953], ""type"": ""handwritten"", ""text"": """"}, {""bbox"": [29, 944, 1631, 1019], ""type"": ""handwritten"", ""text"": """"}, {""bbox"": [34, 1012, 1557, 1096], ""type"": ""handwritten"", ""text"": """"}, {""bbox"": [26, 1082, 1616, 1164], ""type"": ""handwritten"", ""text"": """"}, {""bbox"": [24, 1154, 1537, 1245], ""type"": ""handwritten"", ""text"": """"}, {""bbox"": [19, 1233, 994, 1332], ""type"": ""handwritten"", ""text"": """"}, {""bbox"": [99, 1353, 555, 1430], ""type"": ""annotation"", ""text"": """"}]"
4550bab7-a843-4cf1-ba33-b175583e42ab.jpg,"[{""bbox"": [240, 239, 1659, 887], ""type"": ""image"", ""text"": """"}, {""bbox"": [74, 921, 2052, 1405], ""type"": ""formula"", ""text"": """"}, {""bbox"": [172, 1440, 1761, 1874], ""type"": ""formula"", ""text"": """"}, {""bbox"": [125, 1805, 1121, 2157], ""type"": ""formula"", ""text"": """"}, {""bbox"": [107, 2160, 1177, 2469], ""type"": ""formula"", ""text"": """"}, {""bbox"": [155, 2486, 3697, 2834], ""type"": ""formula"", ""text"": """"}, {""bbox"": [181, 2812, 1588, 3064], ""type"": ""handwritten"", ""text"": """"}, {""bbox"": [79, 3068, 3609, 3375], ""type"": ""handwritten"", ""text"": """"}, {""bbox"": [65, 3419, 1979, 3662], ""type"": ""formula"", ""text"": """"}, {""bbox"": [106, 3629, 664, 3839], ""type"": ""formula"", ""text"": """"}, {""bbox"": [95, 4114, 5051, 4444], ""type"": ""formula"", ""text"": """"}, {""bbox"": [94, 4438, 3159, 4711], ""type"": ""formula"", ""text"": """"}, {""bbox"": [112, 4649, 1225, 4873], ""type"": ""handwritten"", ""text"": """"}, {""bbox"": [84, 4908, 1794, 5136], ""type"": ""handwritten"", ""text"": """"}, {""bbox"": [84, 5072, 5173, 5386], ""type"": ""handwritten"", ""text"": """"}, {""bbox"": [69, 5375, 1451, 5581], ""type"": ""handwritten"", ""text"": """"}, {""bbox"": [64, 5600, 1552, 5853], ""type"": ""handwritten"", ""text"": """"}, {""bbox"": [4769, 7820, 4983, 8037], ""type"": ""annotation"", ""text"": """"}]"
9c501e68-52e7-4f47-84a3-551a59f5db09.jpg,"[{""bbox"": [29, 3, 626, 100], ""type"": ""handwritten"", ""text"": """"}, {""bbox"": [18, 51, 1610, 206], ""type"": ""handwritten"", ""text"": """"}, {""bbox"": [13, 164, 264, 248], ""type"": ""handwritten"", ""text"": """"}, {""bbox"": [34, 233, 589, 340], ""type"": ""handwritten"", ""text"": """"}, {""bbox"": [19, 288, 1611, 415], ""type"": ""handwritten"", ""text"": """"}, {""bbox"": [23, 391, 595, 503], ""type"": ""handwritten"", ""text"": """"}, {""bbox"": [17, 473, 905, 585], ""type"": ""handwritten"", ""text"": """"}, {""bbox"": [1207, 543, 1308, 622], ""type"": ""annotation"", ""text"": """"}, {""bbox"": [16, 566, 705, 669], ""type"": ""handwritten"", ""text"": """"}, {""bbox"": [13, 644, 575, 733], ""type"": ""handwritten"", ""text"": """"}, {""bbox"": [22, 696, 1526, 793], ""type"": ""handwritten"", ""text"": """"}, {""bbox"": [16, 783, 474, 862], ""type"": ""handwritten"", ""text"": """"}, {""bbox"": [18, 850, 1526, 931], ""type"": ""handwritten"", ""text"": """"}, {""bbox"": [28, 912, 1591, 1026], ""type"": ""handwritten"", ""text"": """"}, {""bbox"": [17, 1007, 139, 1077], ""type"": ""handwritten"", ""text"": """"}, {""bbox"": [16, 1076, 144, 1152], ""type"": ""handwritten"", ""text"": """"}, {""bbox"": [16, 1154, 262, 1233], ""type"": ""handwritten"", ""text"": """"}, {""bbox"": [16, 1223, 165, 1306], ""type"": ""handwritten"", ""text"": """"}, {""bbox"": [29, 1281, 1637, 1380], ""type"": ""handwritten"", ""text"": """"}, {""bbox"": [32, 1362, 1616, 1451], ""type"": ""handwritten"", ""text"": """"}, {""bbox"": [32, 1443, 668, 1521], ""type"": ""handwritten"", ""text"": """"}, {""bbox"": [49, 1490, 1563, 1591], ""type"": ""handwritten"", ""text"": """"}, {""bbox"": [31, 1571, 1625, 1668], ""type"": ""handwritten"", ""text"": """"}, {""bbox"": [23, 1661, 387, 1749], ""type"": ""handwritten"", ""text"": """"}, {""bbox"": [37, 1720, 1646, 1828], ""type"": ""handwritten"", ""text"": """"}, {""bbox"": [35, 1801, 1517, 1899], ""type"": ""handwritten"", ""text"": """"}, {""bbox"": [32, 1866, 1621, 1958], ""type"": ""handwritten"", ""text"": """"}, {""bbox"": [37, 1948, 418, 2038], ""type"": ""handwritten"", ""text"": """"}, {""bbox"": [44, 2005, 1651, 2097], ""type"": ""handwritten"", ""text"": """"}, {""bbox"": [38, 2083, 1550, 2174], ""type"": ""handwritten"", ""text"": """"}, {""bbox"": [33, 2154, 1614, 2252], ""type"": ""handwritten"", ""text"": """"}, {""bbox"": [44, 2244, 658, 2333], ""type"": ""handwritten"", ""text"": """"}]"
43d640f2-5e17-4019-89e3-e4fdec84fd30.jpg,"[{""bbox"": [37, 35, 1490, 190], ""type"": ""handwritten"", ""text"": """"}, {""bbox"": [37, 160, 1161, 258], ""type"": ""handwritten"", ""text"": """"}, {""bbox"": [1378, 201, 1540, 353], ""type"": ""annotation"", ""text"": """"}, {""bbox"": [60, 245, 801, 339], ""type"": ""handwritten"", ""text"": """"}, {""bbox"": [239, 437, 419, 497], ""type"": ""handwritten"", ""text"": """"}, {""bbox"": [52, 514, 695, 585], ""type"": ""handwritten"", ""text"": """"}, {""bbox"": [105, 563, 1024, 665], ""type"": ""formula"", ""text"": """"}, {""bbox"": [1247, 578, 1386, 770], ""type"": ""annotation"", ""text"": """"}, {""bbox"": [104, 689, 357, 750], ""type"": ""handwritten"", ""text"": """"}, {""bbox"": [111, 733, 946, 832], ""type"": ""formula"", ""text"": """"}, {""bbox"": [117, 819, 524, 887], ""type"": ""formula"", ""text"": """"}, {""bbox"": [122, 874, 664, 947], ""type"": ""handwritten"", ""text"": """"}, {""bbox"": [122, 874, 664, 947], ""type"": ""formula"", ""text"": """"}, {""bbox"": [114, 950, 540, 1021], ""type"": ""formula"", ""text"": """"}]"
612f55d0-2d4e-4609-abc3-067c85459e44.jpg,"[{""bbox"": [113, 18, 462, 88], ""type"": ""handwritten"", ""text"": """"}, {""bbox"": [120, 91, 1655, 181], ""type"": ""handwritten"", ""text"": """"}, {""bbox"": [122, 169, 1408, 252], ""type"": ""handwritten"", ""text"": """"}, {""bbox"": [118, 250, 731, 336], ""type"": ""handwritten"", ""text"": """"}, {""bbox"": [122, 314, 1299, 421], ""type"": ""handwritten"", ""text"": """"}, {""bbox"": [125, 374, 1626, 489], ""type"": ""handwritten"", ""text"": """"}, {""bbox"": [124, 455, 1372, 545], ""type"": ""handwritten"", ""text"": """"}, {""bbox"": [131, 525, 1656, 615], ""type"": ""handwritten"", ""text"": """"}, {""bbox"": [131, 611, 981, 692], ""type"": ""handwritten"", ""text"": """"}, {""bbox"": [122, 676, 1655, 770], ""type"": ""handwritten"", ""text"": """"}, {""bbox"": [126, 758, 1655, 840], ""type"": ""handwritten"", ""text"": """"}, {""bbox"": [132, 829, 1656, 907], ""type"": ""handwritten"", ""text"": """"}, {""bbox"": [136, 902, 1200, 979], ""type"": ""handwritten"", ""text"": """"}, {""bbox"": [144, 965, 1652, 1041], ""type"": ""handwritten"", ""text"": """"}, {""bbox"": [138, 1030, 1455, 1103], ""type"": ""handwritten"", ""text"": """"}, {""bbox"": [157, 1101, 485, 1169], ""type"": ""handwritten"", ""text"": """"}, {""bbox"": [134, 1162, 791, 1240], ""type"": ""handwritten"", ""text"": """"}, {""bbox"": [134, 1196, 1656, 1309], ""type"": ""handwritten"", ""text"": """"}, {""bbox"": [144, 1308, 540, 1374], ""type"": ""handwritten"", ""text"": """"}, {""bbox"": [143, 1338, 1656, 1437], ""type"": ""handwritten"", ""text"": """"}, {""bbox"": [149, 1428, 707, 1495], ""type"": ""handwritten"", ""text"": """"}, {""bbox"": [142, 1469, 1513, 1571], ""type"": ""handwritten"", ""text"": """"}, {""bbox"": [135, 1564, 834, 1638], ""type"": ""handwritten"", ""text"": """"}, {""bbox"": [141, 1613, 1656, 1712], ""type"": ""handwritten"", ""text"": """"}, {""bbox"": [136, 1710, 448, 1777], ""type"": ""handwritten"", ""text"": """"}, {""bbox"": [137, 1718, 1656, 1897], ""type"": ""handwritten"", ""text"": """"}, {""bbox"": [149, 1840, 377, 1918], ""type"": ""handwritten"", ""text"": """"}, {""bbox"": [326, 1893, 899, 1966], ""type"": ""handwritten"", ""text"": """"}, {""bbox"": [137, 1946, 1656, 2037], ""type"": ""handwritten"", ""text"": """"}, {""bbox"": [137, 2041, 333, 2103], ""type"": ""handwritten"", ""text"": """"}, {""bbox"": [162, 2047, 1656, 2160], ""type"": ""handwritten"", ""text"": """"}, {""bbox"": [158, 2153, 366, 2216], ""type"": ""handwritten"", ""text"": """"}, {""bbox"": [163, 2171, 1656, 2271], ""type"": ""handwritten"", ""text"": """"}, {""bbox"": [155, 2275, 305, 2339], ""type"": ""handwritten"", ""text"": """"}]"
224b1921-dc40-427b-a87d-44816cc96bab.jpg,"[{""bbox"": [14, 29, 98, 93], ""type"": ""handwritten"", ""text"": """"}, {""bbox"": [590, 90, 763, 241], ""type"": ""annotation"", ""text"": """"}, {""bbox"": [10, 94, 361, 156], ""type"": ""handwritten"", ""text"": """"}, {""bbox"": [6, 147, 295, 207], ""type"": ""formula"", ""text"": """"}, {""bbox"": [244, 236, 494, 366], ""type"": ""annotation"", ""text"": """"}, {""bbox"": [6, 253, 157, 295], ""type"": ""handwritten"", ""text"": """"}, {""bbox"": [5, 301, 163, 351], ""type"": ""formula"", ""text"": """"}, {""bbox"": [5, 301, 163, 351], ""type"": ""handwritten"", ""text"": """"}, {""bbox"": [10, 365, 74, 429], ""type"": ""handwritten"", ""text"": """"}, {""bbox"": [18, 399, 1610, 488], ""type"": ""handwritten"", ""text"": """"}, {""bbox"": [699, 464, 982, 712], ""type"": ""annotation"", ""text"": """"}, {""bbox"": [27, 509, 189, 554], ""type"": ""handwritten"", ""text"": """"}, {""bbox"": [24, 576, 283, 657], ""type"": ""handwritten"", ""text"": """"}, {""bbox"": [21, 656, 669, 722], ""type"": ""formula"", ""text"": """"}, {""bbox"": [10, 725, 568, 795], ""type"": ""formula"", ""text"": """"}, {""bbox"": [9, 790, 724, 864], ""type"": ""formula"", ""text"": """"}]"
66b9b5aa-1b36-4adc-9312-6c36328421c0.jpg,"[{""bbox"": [17, 10, 627, 88], ""type"": ""handwritten"", ""text"": """"}, {""bbox"": [14, 78, 1566, 150], ""type"": ""handwritten"", ""text"": """"}, {""bbox"": [4, 140, 1565, 219], ""type"": ""handwritten"", ""text"": """"}, {""bbox"": [5, 183, 1533, 295], ""type"": ""handwritten"", ""text"": """"}, {""bbox"": [1, 233, 405, 319], ""type"": ""handwritten"", ""text"": """"}, {""bbox"": [6, 288, 1507, 469], ""type"": ""handwritten"", ""text"": """"}, {""bbox"": [3, 429, 1607, 589], ""type"": ""handwritten"", ""text"": """"}, {""bbox"": [4, 479, 1606, 636], ""type"": ""handwritten"", ""text"": """"}, {""bbox"": [2, 537, 1593, 695], ""type"": ""handwritten"", ""text"": """"}, {""bbox"": [4, 593, 1599, 744], ""type"": ""handwritten"", ""text"": """"}, {""bbox"": [13, 648, 1607, 820], ""type"": ""handwritten"", ""text"": """"}, {""bbox"": [18, 703, 1613, 880], ""type"": ""handwritten"", ""text"": """"}, {""bbox"": [11, 739, 1616, 947], ""type"": ""handwritten"", ""text"": """"}, {""bbox"": [8, 798, 1614, 1002], ""type"": ""handwritten"", ""text"": """"}, {""bbox"": [0, 944, 1572, 1096], ""type"": ""handwritten"", ""text"": """"}, {""bbox"": [79, 1058, 1597, 1239], ""type"": ""handwritten"", ""text"": """"}, {""bbox"": [7, 1170, 1606, 1342], ""type"": ""handwritten"", ""text"": """"}, {""bbox"": [9, 1225, 1606, 1411], ""type"": ""handwritten"", ""text"": """"}, {""bbox"": [5, 1410, 816, 1541], ""type"": ""handwritten"", ""text"": """"}, {""bbox"": [40, 2167, 364, 2264], ""type"": ""annotation"", ""text"": """"}]"
1f0c78f3-41af-49bc-85fc-4640533cb6f8.jpg,"[{""bbox"": [288, 0, 631, 192], ""type"": ""handwritten"", ""text"": """"}, {""bbox"": [276, 208, 925, 352], ""type"": ""formula"", ""text"": """"}, {""bbox"": [3335, 217, 4637, 703], ""type"": ""image"", ""text"": """"}, {""bbox"": [283, 386, 1699, 605], ""type"": ""handwritten"", ""text"": """"}, {""bbox"": [273, 556, 722, 734], ""type"": ""handwritten"", ""text"": """"}, {""bbox"": [291, 761, 2169, 951], ""type"": ""formula"", ""text"": """"}, {""bbox"": [261, 965, 1233, 1258], ""type"": ""formula"", ""text"": """"}, {""bbox"": [298, 1297, 857, 1502], ""type"": ""handwritten"", ""text"": """"}, {""bbox"": [294, 1500, 1053, 1691], ""type"": ""handwritten"", ""text"": """"}, {""bbox"": [291, 1689, 905, 1845], ""type"": ""formula"", ""text"": """"}, {""bbox"": [295, 1872, 715, 2021], ""type"": ""formula"", ""text"": """"}, {""bbox"": [295, 1872, 715, 2021], ""type"": ""handwritten"", ""text"": """"}, {""bbox"": [297, 2031, 1121, 2209], ""type"": ""formula"", ""text"": """"}, {""bbox"": [290, 2210, 922, 2398], ""type"": ""formula"", ""text"": """"}, {""bbox"": [308, 2568, 734, 2715], ""type"": ""handwritten"", ""text"": """"}, {""bbox"": [307, 2677, 1602, 2896], ""type"": ""handwritten"", ""text"": """"}, {""bbox"": [310, 2882, 1786, 3100], ""type"": ""handwritten"", ""text"": """"}, {""bbox"": [289, 3091, 1392, 3374], ""type"": ""formula"", ""text"": """"}, {""bbox"": [542, 3399, 1145, 3623], ""type"": ""handwritten"", ""text"": """"}, {""bbox"": [269, 3641, 754, 3788], ""type"": ""handwritten"", ""text"": """"}, {""bbox"": [266, 3679, 2800, 3977], ""type"": ""formula"", ""text"": """"}, {""bbox"": [268, 4005, 714, 4143], ""type"": ""handwritten"", ""text"": """"}, {""bbox"": [267, 4149, 697, 4348], ""type"": ""handwritten"", ""text"": """"}, {""bbox"": [261, 4356, 1447, 4537], ""type"": ""formula"", ""text"": """"}, {""bbox"": [512, 4527, 1145, 4731], ""type"": ""handwritten"", ""text"": """"}, {""bbox"": [254, 4718, 1086, 4887], ""type"": ""formula"", ""text"": """"}, {""bbox"": [233, 4866, 1989, 5136], ""type"": ""formula"", ""text"": """"}, {""bbox"": [244, 5161, 1082, 5350], ""type"": ""handwritten"", ""text"": """"}, {""bbox"": [241, 5348, 1313, 5532], ""type"": ""handwritten"", ""text"": """"}, {""bbox"": [234, 5497, 2562, 5729], ""type"": ""formula"", ""text"": """"}, {""bbox"": [447, 5735, 1520, 5954], ""type"": ""handwritten"", ""text"": """"}, {""bbox"": [239, 5953, 1026, 6133], ""type"": ""formula"", ""text"": """"}, {""bbox"": [240, 6148, 793, 6306], ""type"": ""formula"", ""text"": """"}, {""bbox"": [240, 6148, 793, 6306], ""type"": ""handwritten"", ""text"": """"}, {""bbox"": [248, 6317, 2172, 6557], ""type"": ""handwritten"", ""text"": """"}]"
046af991-93eb-4357-9638-7748c7a5c413.jpg,"[{""bbox"": [79, 17, 1641, 137], ""type"": ""handwritten"", ""text"": """"}, {""bbox"": [79, 88, 1653, 220], ""type"": ""handwritten"", ""text"": """"}, {""bbox"": [83, 187, 1624, 310], ""type"": ""handwritten"", ""text"": """"}, {""bbox"": [73, 257, 1528, 375], ""type"": ""handwritten"", ""text"": """"}, {""bbox"": [65, 338, 1488, 449], ""type"": ""handwritten"", ""text"": """"}, {""bbox"": [67, 421, 1640, 551], ""type"": ""handwritten"", ""text"": """"}, {""bbox"": [75, 487, 1512, 633], ""type"": ""handwritten"", ""text"": """"}, {""bbox"": [84, 559, 1644, 690], ""type"": ""handwritten"", ""text"": """"}, {""bbox"": [91, 613, 1563, 753], ""type"": ""handwritten"", ""text"": """"}, {""bbox"": [88, 653, 1532, 806], ""type"": ""handwritten"", ""text"": """"}, {""bbox"": [82, 724, 1609, 841], ""type"": ""handwritten"", ""text"": """"}, {""bbox"": [78, 854, 390, 940], ""type"": ""handwritten"", ""text"": """"}, {""bbox"": [79, 1024, 177, 1082], ""type"": ""handwritten"", ""text"": """"}, {""bbox"": [78, 1094, 173, 1156], ""type"": ""handwritten"", ""text"": """"}, {""bbox"": [79, 1161, 171, 1216], ""type"": ""handwritten"", ""text"": """"}, {""bbox"": [77, 1306, 397, 1392], ""type"": ""handwritten"", ""text"": """"}, {""bbox"": [1373, 1311, 1476, 1370], ""type"": ""annotation"", ""text"": """"}, {""bbox"": [79, 1379, 1575, 1463], ""type"": ""handwritten"", ""text"": """"}, {""bbox"": [103, 1451, 1595, 1528], ""type"": ""handwritten"", ""text"": """"}, {""bbox"": [96, 1516, 239, 1562], ""type"": ""handwritten"", ""text"": """"}, {""bbox"": [79, 1551, 1594, 1648], ""type"": ""handwritten"", ""text"": """"}, {""bbox"": [95, 1624, 1481, 1729], ""type"": ""handwritten"", ""text"": """"}, {""bbox"": [94, 1678, 1617, 1783], ""type"": ""handwritten"", ""text"": """"}, {""bbox"": [69, 1742, 1633, 1856], ""type"": ""handwritten"", ""text"": """"}, {""bbox"": [89, 1803, 1648, 1913], ""type"": ""handwritten"", ""text"": """"}, {""bbox"": [88, 1850, 1654, 1973], ""type"": ""handwritten"", ""text"": """"}, {""bbox"": [86, 1911, 1653, 2036], ""type"": ""handwritten"", ""text"": """"}, {""bbox"": [75, 1962, 1656, 2101], ""type"": ""handwritten"", ""text"": """"}, {""bbox"": [86, 2020, 1656, 2149], ""type"": ""handwritten"", ""text"": """"}, {""bbox"": [91, 2090, 1648, 2203], ""type"": ""handwritten"", ""text"": """"}, {""bbox"": [98, 2160, 1652, 2260], ""type"": ""handwritten"", ""text"": """"}, {""bbox"": [100, 2239, 1653, 2331], ""type"": ""handwritten"", ""text"": """"}]"
99909bbb-7c5c-4876-bd37-17a0cf4db3e3.jpg,"[{""bbox"": [742, 369, 2045, 967], ""type"": ""table"", ""text"": """"}, {""bbox"": [742, 369, 2045, 967], ""type"": ""formula"", ""text"": """"}, {""bbox"": [1094, 940, 2013, 1154], ""type"": ""handwritten"", ""text"": """"}, {""bbox"": [1125, 1182, 1997, 1393], ""type"": ""handwritten"", ""text"": """"}, {""bbox"": [1125, 1182, 1997, 1393], ""type"": ""formula"", ""text"": """"}, {""bbox"": [844, 1448, 3779, 1755], ""type"": ""handwritten"", ""text"": """"}, {""bbox"": [2357, 1769, 3719, 2005], ""type"": ""formula"", ""text"": """"}, {""bbox"": [2081, 2522, 3440, 2800], ""type"": ""formula"", ""text"": """"}, {""bbox"": [848, 2883, 4124, 3329], ""type"": ""handwritten"", ""text"": """"}, {""bbox"": [2493, 3612, 3605, 3938], ""type"": ""annotation"", ""text"": """"}]"
08072687-8a58-407d-9dff-8086728d04f6.jpg,"[{""bbox"": [27, 30, 319, 96], ""type"": ""handwritten"", ""text"": """"}, {""bbox"": [39, 61, 1543, 165], ""type"": ""formula"", ""text"": """"}, {""bbox"": [33, 162, 677, 243], ""type"": ""formula"", ""text"": """"}, {""bbox"": [3, 238, 1370, 334], ""type"": ""formula"", ""text"": """"}, {""bbox"": [26, 310, 1617, 429], ""type"": ""formula"", ""text"": """"}, {""bbox"": [7, 418, 1599, 569], ""type"": ""handwritten"", ""text"": """"}, {""bbox"": [13, 487, 1579, 600], ""type"": ""handwritten"", ""text"": """"}, {""bbox"": [38, 599, 699, 707], ""type"": ""formula"", ""text"": """"}]"
7e8eb75e-9a97-406d-afdf-64579f381bb9.jpg,"[{""bbox"": [19, 44, 945, 141], ""type"": ""handwritten"", ""text"": """"}, {""bbox"": [1020, 98, 1548, 151], ""type"": ""handwritten"", ""text"": """"}, {""bbox"": [90, 132, 742, 220], ""type"": ""handwritten"", ""text"": """"}, {""bbox"": [982, 137, 1642, 211], ""type"": ""handwritten"", ""text"": """"}, {""bbox"": [978, 206, 1598, 283], ""type"": ""handwritten"", ""text"": """"}, {""bbox"": [86, 212, 638, 287], ""type"": ""handwritten"", ""text"": """"}, {""bbox"": [973, 280, 1641, 358], ""type"": ""handwritten"", ""text"": """"}, {""bbox"": [21, 282, 791, 362], ""type"": ""handwritten"", ""text"": """"}, {""bbox"": [814, 308, 961, 454], ""type"": ""annotation"", ""text"": """"}, {""bbox"": [971, 361, 1455, 441], ""type"": ""handwritten"", ""text"": """"}, {""bbox"": [26, 362, 528, 444], ""type"": ""handwritten"", ""text"": """"}, {""bbox"": [968, 438, 1476, 530], ""type"": ""formula"", ""text"": """"}, {""bbox"": [26, 443, 419, 532], ""type"": ""formula"", ""text"": """"}, {""bbox"": [971, 541, 1669, 625], ""type"": ""handwritten"", ""text"": """"}, {""bbox"": [34, 559, 860, 660], ""type"": ""handwritten"", ""text"": """"}, {""bbox"": [960, 616, 1582, 684], ""type"": ""handwritten"", ""text"": """"}, {""bbox"": [30, 637, 642, 737], ""type"": ""handwritten"", ""text"": """"}, {""bbox"": [956, 687, 1590, 768], ""type"": ""handwritten"", ""text"": """"}, {""bbox"": [26, 716, 806, 822], ""type"": ""handwritten"", ""text"": """"}, {""bbox"": [952, 764, 1454, 834], ""type"": ""handwritten"", ""text"": """"}, {""bbox"": [29, 801, 563, 906], ""type"": ""handwritten"", ""text"": """"}, {""bbox"": [40, 877, 438, 975], ""type"": ""formula"", ""text"": """"}, {""bbox"": [29, 967, 1305, 1093], ""type"": ""handwritten"", ""text"": """"}, {""bbox"": [1409, 1014, 1580, 1125], ""type"": ""annotation"", ""text"": """"}, {""bbox"": [116, 1072, 543, 1163], ""type"": ""formula"", ""text"": """"}, {""bbox"": [798, 1089, 1328, 1177], ""type"": ""formula"", ""text"": """"}, {""bbox"": [34, 1164, 740, 1264], ""type"": ""handwritten"", ""text"": """"}, {""bbox"": [880, 1202, 1580, 1268], ""type"": ""handwritten"", ""text"": """"}, {""bbox"": [111, 1260, 795, 1354], ""type"": ""formula"", ""text"": """"}, {""bbox"": [877, 1281, 1613, 1380], ""type"": ""handwritten"", ""text"": """"}, {""bbox"": [68, 1354, 757, 1442], ""type"": ""handwritten"", ""text"": """"}, {""bbox"": [873, 1369, 1229, 1448], ""type"": ""formula"", ""text"": """"}, {""bbox"": [65, 1429, 642, 1505], ""type"": ""formula"", ""text"": """"}, {""bbox"": [1165, 1473, 1312, 1604], ""type"": ""annotation"", ""text"": """"}, {""bbox"": [71, 1505, 902, 1589], ""type"": ""handwritten"", ""text"": """"}, {""bbox"": [66, 1576, 968, 1662], ""type"": ""formula"", ""text"": """"}, {""bbox"": [59, 1656, 313, 1758], ""type"": ""handwritten"", ""text"": """"}, {""bbox"": [142, 1751, 571, 1822], ""type"": ""handwritten"", ""text"": """"}, {""bbox"": [144, 1818, 489, 1888], ""type"": ""handwritten"", ""text"": """"}, {""bbox"": [872, 1856, 1126, 1980], ""type"": ""annotation"", ""text"": """"}, {""bbox"": [136, 1887, 585, 1968], ""type"": ""handwritten"", ""text"": """"}, {""bbox"": [145, 1956, 301, 2024], ""type"": ""handwritten"", ""text"": """"}, {""bbox"": [1372, 1963, 1529, 2101], ""type"": ""annotation"", ""text"": """"}, {""bbox"": [659, 1978, 1197, 2049], ""type"": ""formula"", ""text"": """"}, {""bbox"": [149, 2027, 577, 2102], ""type"": ""handwritten"", ""text"": """"}, {""bbox"": [655, 2047, 1341, 2110], ""type"": ""handwritten"", ""text"": """"}, {""bbox"": [655, 2047, 1341, 2110], ""type"": ""formula"", ""text"": """"}, {""bbox"": [142, 2092, 631, 2163], ""type"": ""formula"", ""text"": """"}, {""bbox"": [651, 2096, 1364, 2191], ""type"": ""handwritten"", ""text"": """"}, {""bbox"": [644, 2166, 1272, 2265], ""type"": ""formula"", ""text"": """"}, {""bbox"": [147, 2179, 511, 2239], ""type"": ""handwritten"", ""text"": """"}, {""bbox"": [645, 2233, 1101, 2329], ""type"": ""handwritten"", ""text"": """"}]"
6715d395-b045-4401-8e97-03b97582a825.jpg,"[{""bbox"": [74, 63, 234, 150], ""type"": ""annotation"", ""text"": """"}, {""bbox"": [66, 109, 1916, 643], ""type"": ""table"", ""text"": """"}, {""bbox"": [142, 686, 1269, 806], ""type"": ""formula"", ""text"": """"}, {""bbox"": [162, 807, 1470, 956], ""type"": ""formula"", ""text"": """"}, {""bbox"": [144, 944, 1855, 1092], ""type"": ""handwritten"", ""text"": """"}, {""bbox"": [146, 1079, 707, 1157], ""type"": ""handwritten"", ""text"": """"}, {""bbox"": [109, 1153, 1011, 2067], ""type"": ""table"", ""text"": """"}, {""bbox"": [92, 1158, 1023, 1260], ""type"": ""handwritten"", ""text"": """"}, {""bbox"": [1272, 2043, 1907, 2174], ""type"": ""handwritten"", ""text"": """"}, {""bbox"": [40, 2090, 753, 2230], ""type"": ""formula"", ""text"": """"}, {""bbox"": [54, 2225, 1456, 2331], ""type"": ""formula"", ""text"": """"}, {""bbox"": [51, 2330, 708, 2468], ""type"": ""formula"", ""text"": """"}, {""bbox"": [744, 2337, 1546, 2449], ""type"": ""formula"", ""text"": """"}, {""bbox"": [747, 2445, 1524, 2581], ""type"": ""formula"", ""text"": """"}, {""bbox"": [51, 2457, 719, 2574], ""type"": ""formula"", ""text"": """"}, {""bbox"": [48, 2568, 672, 2669], ""type"": ""formula"", ""text"": """"}, {""bbox"": [749, 2577, 1512, 2690], ""type"": ""formula"", ""text"": """"}, {""bbox"": [1787, 2624, 1918, 2739], ""type"": ""annotation"", ""text"": """"}, {""bbox"": [52, 2663, 642, 2778], ""type"": ""formula"", ""text"": """"}]"
151eddb2-dedf-4ab3-a536-a47483708b8b.jpg,"[{""bbox"": [1150, 9, 1285, 193], ""type"": ""handwritten"", ""text"": """"}, {""bbox"": [261, 220, 1694, 494], ""type"": ""formula"", ""text"": """"}, {""bbox"": [274, 494, 1963, 734], ""type"": ""formula"", ""text"": """"}, {""bbox"": [284, 764, 1229, 984], ""type"": ""formula"", ""text"": """"}, {""bbox"": [3218, 954, 4668, 1311], ""type"": ""formula"", ""text"": """"}, {""bbox"": [253, 961, 1070, 1180], ""type"": ""formula"", ""text"": """"}, {""bbox"": [218, 1181, 1303, 1440], ""type"": ""formula"", ""text"": """"}, {""bbox"": [3299, 1283, 4675, 1592], ""type"": ""formula"", ""text"": """"}, {""bbox"": [230, 1404, 1081, 1665], ""type"": ""formula"", ""text"": """"}, {""bbox"": [4117, 1590, 4602, 1910], ""type"": ""handwritten"", ""text"": """"}, {""bbox"": [227, 1656, 904, 1911], ""type"": ""formula"", ""text"": """"}, {""bbox"": [229, 1895, 813, 2105], ""type"": ""formula"", ""text"": """"}, {""bbox"": [3636, 1920, 4666, 2277], ""type"": ""formula"", ""text"": """"}, {""bbox"": [224, 2120, 1464, 2364], ""type"": ""formula"", ""text"": """"}, {""bbox"": [4154, 2251, 4664, 2520], ""type"": ""formula"", ""text"": """"}, {""bbox"": [353, 2380, 1675, 2629], ""type"": ""formula"", ""text"": """"}, {""bbox"": [4110, 2551, 4661, 2837], ""type"": ""formula"", ""text"": """"}, {""bbox"": [251, 2652, 3683, 2892], ""type"": ""handwritten"", ""text"": """"}, {""bbox"": [4177, 2834, 4667, 3064], ""type"": ""formula"", ""text"": """"}, {""bbox"": [219, 2860, 1277, 3042], ""type"": ""formula"", ""text"": """"}, {""bbox"": [3260, 3088, 4646, 3376], ""type"": ""formula"", ""text"": """"}, {""bbox"": [3260, 3088, 4646, 3376], ""type"": ""handwritten"", ""text"": """"}, {""bbox"": [393, 3113, 734, 3266], ""type"": ""formula"", ""text"": """"}, {""bbox"": [335, 3318, 1110, 3501], ""type"": ""formula"", ""text"": """"}, {""bbox"": [3878, 3446, 4472, 3802], ""type"": ""formula"", ""text"": """"}, {""bbox"": [364, 3518, 861, 3728], ""type"": ""formula"", ""text"": """"}, {""bbox"": [268, 3727, 1221, 3955], ""type"": ""formula"", ""text"": """"}, {""bbox"": [3625, 3869, 4560, 4033], ""type"": ""formula"", ""text"": """"}, {""bbox"": [242, 3995, 1127, 4235], ""type"": ""handwritten"", ""text"": """"}, {""bbox"": [2984, 4253, 4545, 4434], ""type"": ""handwritten"", ""text"": """"}, {""bbox"": [211, 4259, 986, 4468], ""type"": ""formula"", ""text"": """"}, {""bbox"": [3273, 4473, 4458, 4793], ""type"": ""formula"", ""text"": """"}, {""bbox"": [3273, 4473, 4458, 4793], ""type"": ""table"", ""text"": """"}, {""bbox"": [207, 4489, 2527, 4736], ""type"": ""handwritten"", ""text"": """"}, {""bbox"": [204, 4735, 1921, 4955], ""type"": ""handwritten"", ""text"": """"}, {""bbox"": [3606, 4823, 4480, 5004], ""type"": ""formula"", ""text"": """"}, {""bbox"": [189, 4922, 1693, 5136], ""type"": ""formula"", ""text"": """"}, {""bbox"": [3151, 4992, 4494, 5168], ""type"": ""formula"", ""text"": """"}, {""bbox"": [327, 5142, 1162, 5400], ""type"": ""formula"", ""text"": """"}, {""bbox"": [3452, 5184, 4482, 5370], ""type"": ""formula"", ""text"": """"}, {""bbox"": [303, 5364, 1720, 5672], ""type"": ""formula"", ""text"": """"}, {""bbox"": [3611, 5391, 4489, 5553], ""type"": ""formula"", ""text"": """"}, {""bbox"": [3611, 5391, 4489, 5553], ""type"": ""handwritten"", ""text"": """"}, {""bbox"": [2884, 5581, 4518, 5927], ""type"": ""formula"", ""text"": """"}, {""bbox"": [281, 5615, 1341, 5910], ""type"": ""formula"", ""text"": """"}, {""bbox"": [277, 5888, 1447, 6169], ""type"": ""formula"", ""text"": """"}, {""bbox"": [265, 6148, 1151, 6430], ""type"": ""formula"", ""text"": """"}, {""bbox"": [3173, 6253, 4474, 6524], ""type"": ""formula"", ""text"": """"}, {""bbox"": [265, 6418, 910, 6630], ""type"": ""formula"", ""text"": """"}, {""bbox"": [3882, 6532, 4483, 6665], ""type"": ""formula"", ""text"": """"}, {""bbox"": [242, 6632, 699, 6808], ""type"": ""formula"", ""text"": """"}, {""bbox"": [3203, 6645, 4398, 6923], ""type"": ""formula"", ""text"": """"}, {""bbox"": [225, 6790, 1360, 7004], ""type"": ""handwritten"", ""text"": """"}]"
f226ebaf-5816-4af8-9cc8-0dc76b195291.jpg,"[{""bbox"": [215, 35, 416, 126], ""type"": ""handwritten"", ""text"": """"}, {""bbox"": [217, 132, 1345, 243], ""type"": ""handwritten"", ""text"": """"}, {""bbox"": [73, 216, 1518, 320], ""type"": ""handwritten"", ""text"": """"}, {""bbox"": [70, 295, 1620, 411], ""type"": ""handwritten"", ""text"": """"}, {""bbox"": [67, 392, 1528, 507], ""type"": ""handwritten"", ""text"": """"}, {""bbox"": [65, 483, 1535, 586], ""type"": ""handwritten"", ""text"": """"}, {""bbox"": [62, 541, 1614, 690], ""type"": ""handwritten"", ""text"": """"}, {""bbox"": [64, 647, 1462, 813], ""type"": ""handwritten"", ""text"": """"}, {""bbox"": [61, 715, 1465, 824], ""type"": ""handwritten"", ""text"": """"}, {""bbox"": [55, 783, 1634, 876], ""type"": ""handwritten"", ""text"": """"}, {""bbox"": [53, 855, 1437, 934], ""type"": ""handwritten"", ""text"": """"}, {""bbox"": [53, 923, 1466, 1005], ""type"": ""handwritten"", ""text"": """"}, {""bbox"": [52, 992, 1554, 1073], ""type"": ""handwritten"", ""text"": """"}, {""bbox"": [46, 1061, 1443, 1143], ""type"": ""handwritten"", ""text"": """"}, {""bbox"": [32, 1128, 1526, 1232], ""type"": ""handwritten"", ""text"": """"}, {""bbox"": [41, 1189, 1555, 1288], ""type"": ""handwritten"", ""text"": """"}, {""bbox"": [40, 1264, 1440, 1386], ""type"": ""handwritten"", ""text"": """"}, {""bbox"": [46, 1321, 1490, 1440], ""type"": ""handwritten"", ""text"": """"}, {""bbox"": [51, 1399, 1621, 1553], ""type"": ""handwritten"", ""text"": """"}, {""bbox"": [49, 1476, 1632, 1639], ""type"": ""handwritten"", ""text"": """"}, {""bbox"": [42, 1545, 1524, 1695], ""type"": ""handwritten"", ""text"": """"}, {""bbox"": [53, 1603, 1506, 1737], ""type"": ""handwritten"", ""text"": """"}, {""bbox"": [52, 1670, 1500, 1795], ""type"": ""handwritten"", ""text"": """"}, {""bbox"": [55, 1711, 1553, 1862], ""type"": ""handwritten"", ""text"": """"}, {""bbox"": [145, 1767, 1577, 1882], ""type"": ""handwritten"", ""text"": """"}, {""bbox"": [54, 1824, 1546, 1945], ""type"": ""handwritten"", ""text"": """"}, {""bbox"": [45, 1886, 1609, 2012], ""type"": ""handwritten"", ""text"": """"}, {""bbox"": [45, 1979, 1507, 2072], ""type"": ""handwritten"", ""text"": """"}, {""bbox"": [39, 2057, 1513, 2160], ""type"": ""handwritten"", ""text"": """"}, {""bbox"": [39, 2117, 776, 2219], ""type"": ""handwritten"", ""text"": """"}]"
3750514a-eb49-460f-8b56-64b3cea0443f.jpg,"[{""bbox"": [24, 19, 1249, 85], ""type"": ""handwritten"", ""text"": """"}, {""bbox"": [316, 31, 1193, 87], ""type"": ""handwritten"", ""text"": """"}, {""bbox"": [25, 79, 1268, 134], ""type"": ""handwritten"", ""text"": """"}, {""bbox"": [18, 132, 1450, 194], ""type"": ""handwritten"", ""text"": """"}, {""bbox"": [17, 186, 1356, 251], ""type"": ""handwritten"", ""text"": """"}, {""bbox"": [17, 241, 1311, 310], ""type"": ""handwritten"", ""text"": """"}, {""bbox"": [15, 296, 1610, 372], ""type"": ""handwritten"", ""text"": """"}, {""bbox"": [14, 354, 1600, 430], ""type"": ""handwritten"", ""text"": """"}, {""bbox"": [14, 429, 258, 484], ""type"": ""handwritten"", ""text"": """"}, {""bbox"": [24, 481, 896, 544], ""type"": ""handwritten"", ""text"": """"}, {""bbox"": [1399, 498, 1510, 561], ""type"": ""annotation"", ""text"": """"}, {""bbox"": [26, 527, 1089, 594], ""type"": ""handwritten"", ""text"": """"}, {""bbox"": [22, 588, 1168, 652], ""type"": ""handwritten"", ""text"": """"}, {""bbox"": [16, 646, 1496, 713], ""type"": ""handwritten"", ""text"": """"}, {""bbox"": [18, 705, 1158, 767], ""type"": ""handwritten"", ""text"": """"}, {""bbox"": [27, 761, 1125, 824], ""type"": ""handwritten"", ""text"": """"}, {""bbox"": [25, 825, 180, 883], ""type"": ""handwritten"", ""text"": """"}, {""bbox"": [17, 855, 1590, 932], ""type"": ""handwritten"", ""text"": """"}, {""bbox"": [17, 923, 1582, 1012], ""type"": ""handwritten"", ""text"": """"}, {""bbox"": [16, 1003, 1526, 1079], ""type"": ""handwritten"", ""text"": """"}, {""bbox"": [21, 1063, 278, 1132], ""type"": ""handwritten"", ""text"": """"}, {""bbox"": [11, 1130, 93, 1179], ""type"": ""handwritten"", ""text"": """"}, {""bbox"": [16, 1179, 97, 1225], ""type"": ""handwritten"", ""text"": """"}, {""bbox"": [19, 1226, 87, 1280], ""type"": ""handwritten"", ""text"": """"}, {""bbox"": [14, 1285, 85, 1345], ""type"": ""handwritten"", ""text"": """"}, {""bbox"": [17, 1401, 104, 1466], ""type"": ""handwritten"", ""text"": """"}, {""bbox"": [552, 1432, 652, 1509], ""type"": ""annotation"", ""text"": """"}, {""bbox"": [19, 1469, 109, 1537], ""type"": ""handwritten"", ""text"": """"}, {""bbox"": [20, 1543, 106, 1608], ""type"": ""handwritten"", ""text"": """"}, {""bbox"": [18, 1608, 107, 1677], ""type"": ""handwritten"", ""text"": """"}, {""bbox"": [18, 1674, 117, 1745], ""type"": ""handwritten"", ""text"": """"}, {""bbox"": [1348, 1742, 1449, 1806], ""type"": ""annotation"", ""text"": """"}, {""bbox"": [16, 1743, 243, 1800], ""type"": ""handwritten"", ""text"": """"}, {""bbox"": [7, 1794, 1640, 1876], ""type"": ""handwritten"", ""text"": """"}, {""bbox"": [15, 1846, 232, 1890], ""type"": ""handwritten"", ""text"": """"}, {""bbox"": [4, 1889, 1326, 1959], ""type"": ""handwritten"", ""text"": """"}, {""bbox"": [8, 1977, 1585, 2079], ""type"": ""handwritten"", ""text"": """"}, {""bbox"": [12, 2063, 1647, 2165], ""type"": ""handwritten"", ""text"": """"}, {""bbox"": [11, 2138, 378, 2219], ""type"": ""handwritten"", ""text"": """"}]"
0b090a2b-d45b-4ffe-a338-8e6c276b6ab6.jpg,"[{""bbox"": [104, 26, 554, 213], ""type"": ""image"", ""text"": """"}, {""bbox"": [125, 333, 649, 463], ""type"": ""handwritten"", ""text"": """"}, {""bbox"": [280, 465, 588, 542], ""type"": ""handwritten"", ""text"": """"}, {""bbox"": [1058, 514, 1213, 656], ""type"": ""annotation"", ""text"": """"}, {""bbox"": [286, 526, 804, 628], ""type"": ""handwritten"", ""text"": """"}, {""bbox"": [283, 619, 952, 695], ""type"": ""handwritten"", ""text"": """"}, {""bbox"": [222, 747, 557, 840], ""type"": ""handwritten"", ""text"": """"}, {""bbox"": [215, 830, 733, 911], ""type"": ""handwritten"", ""text"": """"}, {""bbox"": [210, 900, 812, 985], ""type"": ""handwritten"", ""text"": """"}, {""bbox"": [33, 1043, 307, 1124], ""type"": ""handwritten"", ""text"": """"}, {""bbox"": [656, 1099, 1638, 1269], ""type"": ""handwritten"", ""text"": """"}, {""bbox"": [98, 1127, 577, 1221], ""type"": ""handwritten"", ""text"": """"}, {""bbox"": [639, 1185, 1102, 1295], ""type"": ""formula"", ""text"": """"}, {""bbox"": [98, 1204, 615, 1307], ""type"": ""handwritten"", ""text"": """"}, {""bbox"": [633, 1273, 1159, 1367], ""type"": ""formula"", ""text"": """"}, {""bbox"": [612, 1342, 1053, 1431], ""type"": ""formula"", ""text"": """"}, {""bbox"": [619, 1416, 1507, 1550], ""type"": ""formula"", ""text"": """"}, {""bbox"": [1335, 1513, 1535, 1694], ""type"": ""annotation"", ""text"": """"}, {""bbox"": [612, 1521, 1024, 1604], ""type"": ""formula"", ""text"": """"}, {""bbox"": [611, 1602, 1194, 1710], ""type"": ""formula"", ""text"": """"}, {""bbox"": [611, 1602, 1194, 1710], ""type"": ""handwritten"", ""text"": """"}, {""bbox"": [7, 1634, 589, 1788], ""type"": ""handwritten"", ""text"": """"}, {""bbox"": [607, 1708, 1098, 1803], ""type"": ""handwritten"", ""text"": """"}, {""bbox"": [20, 1841, 532, 1972], ""type"": ""formula"", ""text"": """"}, {""bbox"": [5, 1903, 599, 2026], ""type"": ""formula"", ""text"": """"}, {""bbox"": [588, 1903, 823, 2098], ""type"": ""annotation"", ""text"": """"}, {""bbox"": [1001, 1907, 1061, 2005], ""type"": ""annotation"", ""text"": """"}, {""bbox"": [13, 1978, 600, 2089], ""type"": ""formula"", ""text"": """"}, {""bbox"": [1072, 2176, 1208, 2306], ""type"": ""annotation"", ""text"": """"}, {""bbox"": [14, 2190, 783, 2296], ""type"": ""formula"", ""text"": """"}]"
0e0c130a-605d-4a1d-8b04-0ba81f744790.jpg,"[{""bbox"": [501, 672, 4609, 1067], ""type"": ""formula"", ""text"": """"}, {""bbox"": [1207, 1099, 1818, 1351], ""type"": ""formula"", ""text"": """"}, {""bbox"": [1500, 1433, 4532, 1689], ""type"": ""formula"", ""text"": """"}, {""bbox"": [1822, 1805, 3533, 2071], ""type"": ""formula"", ""text"": """"}, {""bbox"": [529, 3064, 873, 3358], ""type"": ""handwritten"", ""text"": """"}, {""bbox"": [427, 3571, 925, 3973], ""type"": ""handwritten"", ""text"": """"}, {""bbox"": [459, 4184, 822, 4493], ""type"": ""handwritten"", ""text"": """"}, {""bbox"": [467, 4823, 798, 5188], ""type"": ""handwritten"", ""text"": """"}, {""bbox"": [487, 5373, 872, 5738], ""type"": ""handwritten"", ""text"": """"}, {""bbox"": [486, 5980, 823, 6303], ""type"": ""handwritten"", ""text"": """"}]"
c64acc82-2a8e-49ad-a055-0ad21f1f75cd.jpg,"[{""bbox"": [219, 14, 1507, 115], ""type"": ""handwritten"", ""text"": """"}, {""bbox"": [182, 15, 1523, 194], ""type"": ""handwritten"", ""text"": """"}, {""bbox"": [1546, 67, 1638, 218], ""type"": ""annotation"", ""text"": """"}, {""bbox"": [30, 76, 1533, 205], ""type"": ""handwritten"", ""text"": """"}, {""bbox"": [88, 163, 1517, 308], ""type"": ""handwritten"", ""text"": """"}, {""bbox"": [10, 325, 332, 411], ""type"": ""handwritten"", ""text"": """"}, {""bbox"": [563, 391, 1284, 550], ""type"": ""formula"", ""text"": """"}, {""bbox"": [54, 412, 557, 511], ""type"": ""formula"", ""text"": """"}, {""bbox"": [1392, 492, 1546, 622], ""type"": ""annotation"", ""text"": """"}, {""bbox"": [54, 506, 550, 602], ""type"": ""formula"", ""text"": """"}, {""bbox"": [575, 541, 1323, 688], ""type"": ""formula"", ""text"": """"}, {""bbox"": [10, 587, 446, 707], ""type"": ""formula"", ""text"": """"}, {""bbox"": [571, 660, 1316, 788], ""type"": ""formula"", ""text"": """"}, {""bbox"": [571, 660, 1316, 788], ""type"": ""handwritten"", ""text"": """"}, {""bbox"": [575, 770, 1316, 873], ""type"": ""formula"", ""text"": """"}, {""bbox"": [559, 835, 1336, 954], ""type"": ""formula"", ""text"": """"}, {""bbox"": [556, 920, 1479, 1028], ""type"": ""handwritten"", ""text"": """"}, {""bbox"": [556, 1001, 1095, 1080], ""type"": ""handwritten"", ""text"": """"}, {""bbox"": [35, 1046, 1643, 1187], ""type"": ""formula"", ""text"": """"}, {""bbox"": [28, 1154, 268, 1224], ""type"": ""formula"", ""text"": """"}, {""bbox"": [91, 1207, 1639, 1355], ""type"": ""formula"", ""text"": """"}, {""bbox"": [47, 1338, 724, 1462], ""type"": ""formula"", ""text"": """"}, {""bbox"": [1458, 1351, 1632, 1489], ""type"": ""annotation"", ""text"": """"}, {""bbox"": [50, 1457, 1031, 1565], ""type"": ""formula"", ""text"": """"}, {""bbox"": [27, 1590, 1519, 1705], ""type"": ""formula"", ""text"": """"}, {""bbox"": [91, 1722, 1210, 1840], ""type"": ""formula"", ""text"": """"}]"
6bb9e272-5066-4753-98fb-e81a817ce158.jpg,"[{""bbox"": [420, 0, 635, 26], ""type"": ""handwritten"", ""text"": """"}, {""bbox"": [44, 15, 1604, 79], ""type"": ""handwritten"", ""text"": """"}, {""bbox"": [44, 72, 1624, 144], ""type"": ""handwritten"", ""text"": """"}, {""bbox"": [43, 135, 1627, 209], ""type"": ""handwritten"", ""text"": """"}, {""bbox"": [40, 206, 1636, 277], ""type"": ""handwritten"", ""text"": """"}, {""bbox"": [41, 266, 1590, 337], ""type"": ""handwritten"", ""text"": """"}, {""bbox"": [97, 336, 1640, 405], ""type"": ""handwritten"", ""text"": """"}, {""bbox"": [17, 397, 1642, 467], ""type"": ""handwritten"", ""text"": """"}, {""bbox"": [18, 456, 1592, 527], ""type"": ""handwritten"", ""text"": """"}, {""bbox"": [15, 517, 167, 578], ""type"": ""handwritten"", ""text"": """"}, {""bbox"": [110, 565, 1076, 954], ""type"": ""table"", ""text"": """"}, {""bbox"": [1001, 870, 1098, 943], ""type"": ""annotation"", ""text"": """"}, {""bbox"": [62, 982, 328, 1062], ""type"": ""handwritten"", ""text"": """"}, {""bbox"": [170, 1039, 1646, 1107], ""type"": ""handwritten"", ""text"": """"}, {""bbox"": [42, 1099, 1618, 1168], ""type"": ""handwritten"", ""text"": """"}, {""bbox"": [45, 1159, 560, 1225], ""type"": ""handwritten"", ""text"": """"}, {""bbox"": [171, 1215, 1606, 1290], ""type"": ""handwritten"", ""text"": """"}, {""bbox"": [50, 1280, 1623, 1356], ""type"": ""handwritten"", ""text"": """"}, {""bbox"": [50, 1337, 1620, 1407], ""type"": ""handwritten"", ""text"": """"}, {""bbox"": [55, 1352, 300, 1406], ""type"": ""handwritten"", ""text"": """"}, {""bbox"": [161, 1405, 1636, 1479], ""type"": ""handwritten"", ""text"": """"}, {""bbox"": [50, 1470, 1598, 1541], ""type"": ""handwritten"", ""text"": """"}, {""bbox"": [53, 1533, 1127, 1604], ""type"": ""handwritten"", ""text"": """"}, {""bbox"": [165, 1602, 1612, 1680], ""type"": ""handwritten"", ""text"": """"}, {""bbox"": [59, 1669, 1587, 1741], ""type"": ""handwritten"", ""text"": """"}, {""bbox"": [62, 1730, 768, 1797], ""type"": ""handwritten"", ""text"": """"}, {""bbox"": [1136, 1748, 1239, 1834], ""type"": ""annotation"", ""text"": """"}, {""bbox"": [1049, 2006, 1386, 2094], ""type"": ""annotation"", ""text"": """"}]"
1bf0c1cd-effe-49cb-899c-0b1af6dccff4.jpg,"[{""bbox"": [57, 35, 865, 294], ""type"": ""formula"", ""text"": """"}, {""bbox"": [185, 361, 2049, 576], ""type"": ""formula"", ""text"": """"}, {""bbox"": [7, 668, 460, 858], ""type"": ""handwritten"", ""text"": """"}, {""bbox"": [7, 944, 612, 1146], ""type"": ""handwritten"", ""text"": """"}, {""bbox"": [14, 1265, 988, 1551], ""type"": ""formula"", ""text"": """"}, {""bbox"": [173, 1590, 1140, 1804], ""type"": ""formula"", ""text"": """"}, {""bbox"": [176, 1824, 861, 2026], ""type"": ""formula"", ""text"": """"}, {""bbox"": [37, 2158, 1907, 2360], ""type"": ""handwritten"", ""text"": """"}, {""bbox"": [314, 2419, 1958, 2614], ""type"": ""handwritten"", ""text"": """"}, {""bbox"": [334, 2624, 1956, 2810], ""type"": ""handwritten"", ""text"": """"}, {""bbox"": [39, 2927, 919, 3121], ""type"": ""handwritten"", ""text"": """"}, {""bbox"": [2, 3200, 547, 3366], ""type"": ""handwritten"", ""text"": """"}, {""bbox"": [0, 3456, 741, 3645], ""type"": ""handwritten"", ""text"": """"}, {""bbox"": [2236, 5584, 2847, 5753], ""type"": ""annotation"", ""text"": """"}]"
20bfbef3-798c-4b69-ace9-dc8850e8dbc3.jpg,"[{""bbox"": [130, 22, 731, 97], ""type"": ""handwritten"", ""text"": """"}, {""bbox"": [130, 105, 750, 179], ""type"": ""formula"", ""text"": """"}, {""bbox"": [123, 185, 825, 267], ""type"": ""handwritten"", ""text"": """"}, {""bbox"": [118, 268, 1009, 351], ""type"": ""formula"", ""text"": """"}, {""bbox"": [118, 268, 1009, 351], ""type"": ""handwritten"", ""text"": """"}, {""bbox"": [1352, 330, 1510, 454], ""type"": ""annotation"", ""text"": """"}, {""bbox"": [99, 353, 977, 437], ""type"": ""handwritten"", ""text"": """"}, {""bbox"": [948, 385, 1502, 1054], ""type"": ""annotation"", ""text"": """"}, {""bbox"": [952, 403, 1274, 655], ""type"": ""annotation"", ""text"": """"}, {""bbox"": [91, 433, 654, 513], ""type"": ""handwritten"", ""text"": """"}, {""bbox"": [100, 492, 910, 593], ""type"": ""formula"", ""text"": """"}, {""bbox"": [104, 588, 685, 663], ""type"": ""handwritten"", ""text"": """"}, {""bbox"": [93, 663, 886, 740], ""type"": ""formula"", ""text"": """"}, {""bbox"": [1160, 727, 1527, 1024], ""type"": ""annotation"", ""text"": """"}, {""bbox"": [91, 737, 667, 800], ""type"": ""handwritten"", ""text"": """"}, {""bbox"": [92, 812, 815, 879], ""type"": ""formula"", ""text"": """"}, {""bbox"": [88, 885, 670, 957], ""type"": ""handwritten"", ""text"": """"}, {""bbox"": [945, 942, 1134, 1069], ""type"": ""annotation"", ""text"": """"}, {""bbox"": [92, 948, 932, 1041], ""type"": ""formula"", ""text"": """"}, {""bbox"": [95, 1039, 571, 1100], ""type"": ""handwritten"", ""text"": """"}, {""bbox"": [97, 1099, 719, 1162], ""type"": ""formula"", ""text"": """"}]"
306a30ef-da46-49d0-b8b3-8ffb24871d90.jpg,"[{""bbox"": [28, 23, 337, 121], ""type"": ""handwritten"", ""text"": """"}, {""bbox"": [17, 107, 1601, 205], ""type"": ""handwritten"", ""text"": """"}, {""bbox"": [12, 198, 601, 271], ""type"": ""handwritten"", ""text"": """"}, {""bbox"": [16, 263, 1602, 364], ""type"": ""handwritten"", ""text"": """"}, {""bbox"": [15, 355, 1553, 440], ""type"": ""handwritten"", ""text"": """"}, {""bbox"": [21, 436, 1454, 527], ""type"": ""handwritten"", ""text"": """"}, {""bbox"": [28, 516, 1605, 601], ""type"": ""handwritten"", ""text"": """"}, {""bbox"": [25, 590, 1612, 681], ""type"": ""handwritten"", ""text"": """"}, {""bbox"": [19, 688, 1586, 784], ""type"": ""handwritten"", ""text"": """"}, {""bbox"": [19, 777, 1625, 863], ""type"": ""handwritten"", ""text"": """"}, {""bbox"": [20, 853, 1501, 950], ""type"": ""handwritten"", ""text"": """"}, {""bbox"": [26, 973, 302, 1067], ""type"": ""handwritten"", ""text"": """"}, {""bbox"": [19, 1051, 1553, 1140], ""type"": ""handwritten"", ""text"": """"}, {""bbox"": [21, 1130, 1591, 1214], ""type"": ""handwritten"", ""text"": """"}, {""bbox"": [22, 1205, 1545, 1296], ""type"": ""handwritten"", ""text"": """"}, {""bbox"": [21, 1287, 1558, 1368], ""type"": ""handwritten"", ""text"": """"}, {""bbox"": [21, 1358, 1276, 1449], ""type"": ""handwritten"", ""text"": """"}, {""bbox"": [22, 1445, 1632, 1546], ""type"": ""handwritten"", ""text"": """"}, {""bbox"": [67, 1536, 595, 1609], ""type"": ""handwritten"", ""text"": """"}, {""bbox"": [280, 1648, 651, 1725], ""type"": ""annotation"", ""text"": """"}]"
4f6c66bf-dbae-4a85-815d-20616f72fb0f.jpg,"[{""bbox"": [25, 19, 1570, 101], ""type"": ""handwritten"", ""text"": """"}, {""bbox"": [42, 91, 903, 158], ""type"": ""handwritten"", ""text"": """"}, {""bbox"": [71, 151, 1076, 225], ""type"": ""handwritten"", ""text"": """"}, {""bbox"": [98, 213, 1603, 304], ""type"": ""handwritten"", ""text"": """"}, {""bbox"": [63, 263, 1049, 362], ""type"": ""handwritten"", ""text"": """"}, {""bbox"": [58, 340, 550, 398], ""type"": ""handwritten"", ""text"": """"}, {""bbox"": [108, 398, 1560, 503], ""type"": ""handwritten"", ""text"": """"}, {""bbox"": [41, 469, 359, 535], ""type"": ""handwritten"", ""text"": """"}, {""bbox"": [46, 527, 1029, 653], ""type"": ""handwritten"", ""text"": """"}, {""bbox"": [39, 606, 1639, 776], ""type"": ""handwritten"", ""text"": """"}, {""bbox"": [47, 755, 1600, 929], ""type"": ""handwritten"", ""text"": """"}, {""bbox"": [43, 813, 210, 890], ""type"": ""handwritten"", ""text"": """"}, {""bbox"": [32, 888, 1010, 1010], ""type"": ""handwritten"", ""text"": """"}, {""bbox"": [46, 938, 1652, 1134], ""type"": ""handwritten"", ""text"": """"}, {""bbox"": [50, 1029, 993, 1153], ""type"": ""handwritten"", ""text"": """"}, {""bbox"": [36, 1124, 416, 1201], ""type"": ""handwritten"", ""text"": """"}, {""bbox"": [29, 1210, 151, 1272], ""type"": ""handwritten"", ""text"": """"}, {""bbox"": [27, 1276, 132, 1336], ""type"": ""handwritten"", ""text"": """"}, {""bbox"": [25, 1342, 133, 1415], ""type"": ""handwritten"", ""text"": """"}, {""bbox"": [26, 1427, 492, 1512], ""type"": ""handwritten"", ""text"": """"}, {""bbox"": [118, 1503, 391, 1581], ""type"": ""handwritten"", ""text"": """"}, {""bbox"": [42, 1546, 1351, 1648], ""type"": ""handwritten"", ""text"": """"}, {""bbox"": [23, 1633, 1640, 1715], ""type"": ""handwritten"", ""text"": """"}, {""bbox"": [1205, 1694, 1542, 1837], ""type"": ""annotation"", ""text"": """"}, {""bbox"": [1198, 1699, 1554, 1930], ""type"": ""annotation"", ""text"": """"}, {""bbox"": [27, 1764, 1136, 1889], ""type"": ""handwritten"", ""text"": """"}, {""bbox"": [35, 1956, 745, 2026], ""type"": ""handwritten"", ""text"": """"}, {""bbox"": [45, 2020, 1306, 2096], ""type"": ""handwritten"", ""text"": """"}, {""bbox"": [34, 2096, 967, 2186], ""type"": ""handwritten"", ""text"": """"}]"
097e615e-6a67-4dfc-8a8d-8e8ebb809fcc.jpg,"[{""bbox"": [110, 5, 420, 79], ""type"": ""handwritten"", ""text"": """"}, {""bbox"": [110, 5, 420, 79], ""type"": ""formula"", ""text"": """"}, {""bbox"": [1035, 11, 1545, 304], ""type"": ""annotation"", ""text"": """"}, {""bbox"": [116, 70, 1014, 149], ""type"": ""formula"", ""text"": """"}, {""bbox"": [1322, 119, 1518, 284], ""type"": ""annotation"", ""text"": """"}, {""bbox"": [128, 147, 380, 206], ""type"": ""formula"", ""text"": """"}, {""bbox"": [132, 201, 860, 288], ""type"": ""handwritten"", ""text"": """"}, {""bbox"": [148, 281, 403, 353], ""type"": ""formula"", ""text"": """"}, {""bbox"": [1043, 295, 1618, 600], ""type"": ""annotation"", ""text"": """"}, {""bbox"": [176, 347, 729, 425], ""type"": ""formula"", ""text"": """"}, {""bbox"": [47, 456, 570, 543], ""type"": ""formula"", ""text"": """"}, {""bbox"": [131, 538, 657, 615], ""type"": ""formula"", ""text"": """"}, {""bbox"": [146, 608, 1137, 688], ""type"": ""formula"", ""text"": """"}, {""bbox"": [154, 686, 943, 756], ""type"": ""formula"", ""text"": """"}, {""bbox"": [166, 751, 669, 820], ""type"": ""formula"", ""text"": """"}, {""bbox"": [1117, 847, 1274, 998], ""type"": ""annotation"", ""text"": """"}, {""bbox"": [171, 873, 915, 968], ""type"": ""handwritten"", ""text"": """"}, {""bbox"": [171, 958, 234, 1017], ""type"": ""handwritten"", ""text"": """"}, {""bbox"": [181, 1027, 768, 1162], ""type"": ""formula"", ""text"": """"}, {""bbox"": [988, 1160, 1430, 1217], ""type"": ""handwritten"", ""text"": """"}, {""bbox"": [56, 1164, 698, 1250], ""type"": ""handwritten"", ""text"": """"}, {""bbox"": [1424, 1166, 1600, 1327], ""type"": ""annotation"", ""text"": """"}, {""bbox"": [971, 1227, 1379, 1399], ""type"": ""formula"", ""text"": """"}, {""bbox"": [147, 1262, 703, 1413], ""type"": ""formula"", ""text"": """"}]"
a914f701-50a1-48ed-9cbe-30cb0dbbb4a8.jpg,"[{""bbox"": [42, 66, 123, 118], ""type"": ""annotation"", ""text"": """"}, {""bbox"": [37, 124, 1740, 549], ""type"": ""table"", ""text"": """"}, {""bbox"": [69, 737, 160, 799], ""type"": ""annotation"", ""text"": """"}, {""bbox"": [42, 839, 1190, 1251], ""type"": ""table"", ""text"": """"}, {""bbox"": [68, 1311, 457, 1402], ""type"": ""formula"", ""text"": """"}, {""bbox"": [49, 1566, 501, 1664], ""type"": ""formula"", ""text"": """"}, {""bbox"": [47, 1690, 1655, 1784], ""type"": ""formula"", ""text"": """"}, {""bbox"": [1258, 2043, 1490, 2097], ""type"": ""annotation"", ""text"": """"}]"
748081fc-fc3c-4fe5-ba1e-07777007a2b4.jpg,"[{""bbox"": [20, 55, 1546, 237], ""type"": ""formula"", ""text"": """"}, {""bbox"": [18, 158, 1477, 336], ""type"": ""handwritten"", ""text"": """"}, {""bbox"": [81, 247, 1243, 378], ""type"": ""handwritten"", ""text"": """"}, {""bbox"": [95, 339, 734, 470], ""type"": ""formula"", ""text"": """"}, {""bbox"": [86, 424, 709, 548], ""type"": ""formula"", ""text"": """"}, {""bbox"": [138, 537, 565, 641], ""type"": ""formula"", ""text"": """"}, {""bbox"": [142, 638, 452, 738], ""type"": ""formula"", ""text"": """"}, {""bbox"": [143, 684, 1161, 833], ""type"": ""formula"", ""text"": """"}, {""bbox"": [55, 843, 243, 926], ""type"": ""handwritten"", ""text"": """"}, {""bbox"": [40, 853, 1523, 1029], ""type"": ""formula"", ""text"": """"}, {""bbox"": [56, 996, 1257, 1146], ""type"": ""handwritten"", ""text"": """"}, {""bbox"": [64, 1108, 623, 1238], ""type"": ""formula"", ""text"": """"}, {""bbox"": [61, 1206, 533, 1312], ""type"": ""formula"", ""text"": """"}, {""bbox"": [51, 1367, 1025, 1577], ""type"": ""formula"", ""text"": """"}, {""bbox"": [52, 1526, 1647, 1719], ""type"": ""formula"", ""text"": """"}, {""bbox"": [58, 1543, 239, 1615], ""type"": ""handwritten"", ""text"": """"}, {""bbox"": [76, 1688, 1271, 1842], ""type"": ""handwritten"", ""text"": """"}, {""bbox"": [75, 1798, 634, 1931], ""type"": ""formula"", ""text"": """"}, {""bbox"": [5, 1898, 502, 2018], ""type"": ""formula"", ""text"": """"}, {""bbox"": [77, 1985, 497, 2089], ""type"": ""formula"", ""text"": """"}, {""bbox"": [71, 2073, 473, 2166], ""type"": ""formula"", ""text"": """"}, {""bbox"": [1440, 2153, 1536, 2277], ""type"": ""annotation"", ""text"": """"}, {""bbox"": [31, 2166, 416, 2252], ""type"": ""formula"", ""text"": """"}, {""bbox"": [108, 2244, 389, 2335], ""type"": ""formula"", ""text"": """"}]"
f76d6d95-5396-4857-9321-ab3c1844f474.jpg,"[{""bbox"": [1078, 41, 1273, 202], ""type"": ""annotation"", ""text"": """"}, {""bbox"": [1331, 77, 1474, 175], ""type"": ""annotation"", ""text"": """"}, {""bbox"": [69, 121, 994, 196], ""type"": ""handwritten"", ""text"": """"}, {""bbox"": [918, 138, 1041, 198], ""type"": ""annotation"", ""text"": """"}, {""bbox"": [64, 197, 1046, 257], ""type"": ""handwritten"", ""text"": """"}, {""bbox"": [1102, 203, 1202, 265], ""type"": ""annotation"", ""text"": """"}, {""bbox"": [63, 252, 1270, 319], ""type"": ""handwritten"", ""text"": """"}, {""bbox"": [63, 252, 1270, 319], ""type"": ""formula"", ""text"": """"}, {""bbox"": [68, 328, 1472, 391], ""type"": ""handwritten"", ""text"": """"}, {""bbox"": [63, 432, 1522, 489], ""type"": ""handwritten"", ""text"": """"}, {""bbox"": [1150, 482, 1323, 635], ""type"": ""annotation"", ""text"": """"}, {""bbox"": [157, 490, 1024, 542], ""type"": ""handwritten"", ""text"": """"}, {""bbox"": [150, 606, 1150, 661], ""type"": ""formula"", ""text"": """"}, {""bbox"": [143, 658, 1560, 720], ""type"": ""formula"", ""text"": """"}, {""bbox"": [142, 715, 1557, 774], ""type"": ""formula"", ""text"": """"}, {""bbox"": [59, 776, 698, 838], ""type"": ""handwritten"", ""text"": """"}, {""bbox"": [1181, 811, 1463, 998], ""type"": ""annotation"", ""text"": """"}, {""bbox"": [1338, 817, 1458, 914], ""type"": ""annotation"", ""text"": """"}, {""bbox"": [258, 851, 879, 913], ""type"": ""formula"", ""text"": """"}, {""bbox"": [1183, 851, 1340, 1055], ""type"": ""annotation"", ""text"": """"}, {""bbox"": [205, 929, 893, 987], ""type"": ""handwritten"", ""text"": """"}, {""bbox"": [952, 934, 996, 980], ""type"": ""annotation"", ""text"": """"}, {""bbox"": [426, 986, 645, 1040], ""type"": ""handwritten"", ""text"": """"}, {""bbox"": [266, 1039, 755, 1186], ""type"": ""formula"", ""text"": """"}]"
010c6dad-2f5d-4e4c-802b-f978a7e1998b.jpg,"[{""bbox"": [543, 111, 3897, 505], ""type"": ""formula"", ""text"": """"}, {""bbox"": [1656, 442, 2452, 697], ""type"": ""formula"", ""text"": """"}, {""bbox"": [1157, 654, 2973, 989], ""type"": ""formula"", ""text"": """"}, {""bbox"": [1303, 943, 2431, 1206], ""type"": ""formula"", ""text"": """"}, {""bbox"": [1129, 1197, 3984, 1500], ""type"": ""formula"", ""text"": """"}, {""bbox"": [1088, 1508, 4497, 1812], ""type"": ""formula"", ""text"": """"}, {""bbox"": [913, 1772, 3669, 2063], ""type"": ""formula"", ""text"": """"}, {""bbox"": [1069, 2049, 3392, 2317], ""type"": ""formula"", ""text"": """"}, {""bbox"": [1222, 2314, 3843, 2632], ""type"": ""formula"", ""text"": """"}, {""bbox"": [1222, 2314, 3843, 2632], ""type"": ""handwritten"", ""text"": """"}, {""bbox"": [1498, 2647, 3108, 2912], ""type"": ""formula"", ""text"": """"}, {""bbox"": [379, 2960, 2522, 3651], ""type"": ""formula"", ""text"": """"}, {""bbox"": [704, 3672, 2823, 4058], ""type"": ""formula"", ""text"": """"}, {""bbox"": [814, 4005, 2968, 4346], ""type"": ""formula"", ""text"": """"}, {""bbox"": [628, 4285, 3587, 4793], ""type"": ""formula"", ""text"": """"}, {""bbox"": [944, 4790, 2647, 5175], ""type"": ""formula"", ""text"": """"}, {""bbox"": [972, 5188, 3636, 5509], ""type"": ""formula"", ""text"": """"}, {""bbox"": [1732, 5493, 2708, 5711], ""type"": ""handwritten"", ""text"": """"}, {""bbox"": [340, 5517, 1833, 6122], ""type"": ""formula"", ""text"": """"}, {""bbox"": [2320, 6004, 5849, 6430], ""type"": ""formula"", ""text"": """"}, {""bbox"": [918, 6108, 2047, 6469], ""type"": ""formula"", ""text"": """"}, {""bbox"": [879, 6480, 3801, 6832], ""type"": ""formula"", ""text"": """"}, {""bbox"": [733, 6846, 3583, 7209], ""type"": ""formula"", ""text"": """"}, {""bbox"": [916, 7271, 2468, 7636], ""type"": ""formula"", ""text"": """"}, {""bbox"": [2868, 7455, 3867, 7715], ""type"": ""formula"", ""text"": """"}, {""bbox"": [913, 7632, 2641, 7987], ""type"": ""formula"", ""text"": """"}, {""bbox"": [417, 8025, 2860, 8380], ""type"": ""formula"", ""text"": """"}, {""bbox"": [1008, 8363, 2427, 8640], ""type"": ""formula"", ""text"": """"}, {""bbox"": [1083, 8612, 2840, 8882], ""type"": ""formula"", ""text"": """"}, {""bbox"": [1135, 8844, 2754, 9119], ""type"": ""formula"", ""text"": """"}, {""bbox"": [1189, 9079, 4913, 9338], ""type"": ""formula"", ""text"": """"}]"
b85a53be-d739-41ce-91ab-b73ce7e06710.jpg,"[{""bbox"": [112, 48, 745, 149], ""type"": ""handwritten"", ""text"": """"}, {""bbox"": [120, 153, 764, 258], ""type"": ""handwritten"", ""text"": """"}, {""bbox"": [114, 253, 828, 383], ""type"": ""handwritten"", ""text"": """"}, {""bbox"": [110, 431, 1503, 573], ""type"": ""handwritten"", ""text"": """"}, {""bbox"": [142, 538, 1613, 685], ""type"": ""handwritten"", ""text"": """"}, {""bbox"": [147, 640, 642, 721], ""type"": ""handwritten"", ""text"": """"}, {""bbox"": [141, 744, 814, 849], ""type"": ""formula"", ""text"": """"}, {""bbox"": [141, 744, 814, 849], ""type"": ""handwritten"", ""text"": """"}, {""bbox"": [140, 933, 1116, 1055], ""type"": ""handwritten"", ""text"": """"}, {""bbox"": [1190, 981, 1348, 1120], ""type"": ""annotation"", ""text"": """"}, {""bbox"": [138, 1034, 1146, 1194], ""type"": ""handwritten"", ""text"": """"}, {""bbox"": [119, 1211, 1486, 1427], ""type"": ""handwritten"", ""text"": """"}, {""bbox"": [132, 1344, 1548, 1526], ""type"": ""handwritten"", ""text"": """"}, {""bbox"": [138, 1532, 509, 1614], ""type"": ""handwritten"", ""text"": """"}, {""bbox"": [117, 1644, 729, 1762], ""type"": ""handwritten"", ""text"": """"}, {""bbox"": [117, 1644, 279, 1746], ""type"": ""handwritten"", ""text"": """"}, {""bbox"": [422, 1683, 726, 1764], ""type"": ""handwritten"", ""text"": """"}, {""bbox"": [407, 1793, 740, 1879], ""type"": ""formula"", ""text"": """"}, {""bbox"": [1045, 1817, 1212, 1965], ""type"": ""annotation"", ""text"": """"}, {""bbox"": [406, 1886, 757, 1976], ""type"": ""formula"", ""text"": """"}, {""bbox"": [404, 1982, 738, 2070], ""type"": ""formula"", ""text"": """"}]"
3f40ba84-b3ae-4b3a-87db-707257a4993a.jpg,"[{""bbox"": [66, 20, 516, 97], ""type"": ""handwritten"", ""text"": """"}, {""bbox"": [71, 91, 1542, 185], ""type"": ""handwritten"", ""text"": """"}, {""bbox"": [51, 139, 1635, 263], ""type"": ""handwritten"", ""text"": """"}, {""bbox"": [55, 226, 1034, 312], ""type"": ""handwritten"", ""text"": """"}, {""bbox"": [89, 288, 447, 361], ""type"": ""handwritten"", ""text"": """"}, {""bbox"": [47, 344, 1388, 435], ""type"": ""handwritten"", ""text"": """"}, {""bbox"": [50, 410, 1640, 506], ""type"": ""handwritten"", ""text"": """"}, {""bbox"": [51, 487, 1651, 614], ""type"": ""handwritten"", ""text"": """"}, {""bbox"": [49, 553, 1655, 672], ""type"": ""handwritten"", ""text"": """"}, {""bbox"": [50, 605, 1080, 693], ""type"": ""handwritten"", ""text"": """"}, {""bbox"": [38, 661, 503, 724], ""type"": ""handwritten"", ""text"": """"}, {""bbox"": [43, 701, 381, 763], ""type"": ""handwritten"", ""text"": """"}, {""bbox"": [54, 753, 352, 822], ""type"": ""handwritten"", ""text"": """"}, {""bbox"": [33, 808, 651, 886], ""type"": ""handwritten"", ""text"": """"}, {""bbox"": [46, 871, 1586, 968], ""type"": ""handwritten"", ""text"": """"}, {""bbox"": [48, 930, 1607, 1045], ""type"": ""handwritten"", ""text"": """"}, {""bbox"": [45, 955, 1602, 1092], ""type"": ""handwritten"", ""text"": """"}, {""bbox"": [43, 1027, 1539, 1128], ""type"": ""handwritten"", ""text"": """"}, {""bbox"": [43, 1071, 1631, 1173], ""type"": ""handwritten"", ""text"": """"}, {""bbox"": [38, 1130, 1589, 1229], ""type"": ""handwritten"", ""text"": """"}, {""bbox"": [33, 1187, 841, 1265], ""type"": ""handwritten"", ""text"": """"}]"
1deb4fbf-10bd-489e-b3f3-6b0597a67499.jpg,"[{""bbox"": [12, 4, 230, 73], ""type"": ""handwritten"", ""text"": """"}, {""bbox"": [28, 74, 1627, 137], ""type"": ""handwritten"", ""text"": """"}, {""bbox"": [27, 126, 1628, 191], ""type"": ""handwritten"", ""text"": """"}, {""bbox"": [27, 183, 1622, 246], ""type"": ""handwritten"", ""text"": """"}, {""bbox"": [39, 237, 1011, 295], ""type"": ""handwritten"", ""text"": """"}, {""bbox"": [29, 292, 1636, 358], ""type"": ""handwritten"", ""text"": """"}, {""bbox"": [33, 346, 1101, 403], ""type"": ""handwritten"", ""text"": """"}, {""bbox"": [33, 398, 1625, 473], ""type"": ""handwritten"", ""text"": """"}, {""bbox"": [32, 456, 1622, 529], ""type"": ""handwritten"", ""text"": """"}, {""bbox"": [37, 476, 253, 525], ""type"": ""handwritten"", ""text"": """"}, {""bbox"": [26, 538, 1607, 609], ""type"": ""handwritten"", ""text"": """"}, {""bbox"": [32, 601, 1608, 665], ""type"": ""handwritten"", ""text"": """"}, {""bbox"": [33, 656, 1323, 718], ""type"": ""handwritten"", ""text"": """"}, {""bbox"": [19, 720, 256, 798], ""type"": ""handwritten"", ""text"": """"}, {""bbox"": [27, 866, 410, 922], ""type"": ""handwritten"", ""text"": """"}, {""bbox"": [63, 997, 1574, 1079], ""type"": ""handwritten"", ""text"": """"}, {""bbox"": [1303, 1111, 1497, 1158], ""type"": ""handwritten"", ""text"": """"}, {""bbox"": [900, 1119, 1010, 1167], ""type"": ""handwritten"", ""text"": """"}, {""bbox"": [440, 1128, 598, 1173], ""type"": ""handwritten"", ""text"": """"}, {""bbox"": [94, 1155, 243, 1218], ""type"": ""handwritten"", ""text"": """"}, {""bbox"": [1281, 1156, 1519, 1214], ""type"": ""handwritten"", ""text"": """"}, {""bbox"": [849, 1165, 1120, 1221], ""type"": ""handwritten"", ""text"": """"}, {""bbox"": [434, 1173, 673, 1236], ""type"": ""handwritten"", ""text"": """"}, {""bbox"": [52, 1210, 288, 1268], ""type"": ""handwritten"", ""text"": """"}, {""bbox"": [1278, 1210, 1625, 1260], ""type"": ""handwritten"", ""text"": """"}, {""bbox"": [844, 1217, 1181, 1273], ""type"": ""handwritten"", ""text"": """"}, {""bbox"": [411, 1228, 733, 1289], ""type"": ""handwritten"", ""text"": """"}, {""bbox"": [1274, 1255, 1628, 1301], ""type"": ""handwritten"", ""text"": """"}, {""bbox"": [851, 1271, 1190, 1314], ""type"": ""handwritten"", ""text"": """"}, {""bbox"": [417, 1282, 740, 1338], ""type"": ""handwritten"", ""text"": """"}, {""bbox"": [42, 1284, 302, 1331], ""type"": ""handwritten"", ""text"": """"}, {""bbox"": [849, 1308, 1203, 1351], ""type"": ""handwritten"", ""text"": """"}, {""bbox"": [419, 1330, 742, 1378], ""type"": ""handwritten"", ""text"": """"}, {""bbox"": [37, 1332, 301, 1383], ""type"": ""handwritten"", ""text"": """"}, {""bbox"": [1274, 1339, 1601, 1389], ""type"": ""handwritten"", ""text"": """"}, {""bbox"": [852, 1347, 1216, 1394], ""type"": ""handwritten"", ""text"": """"}, {""bbox"": [414, 1377, 716, 1423], ""type"": ""handwritten"", ""text"": """"}, {""bbox"": [32, 1379, 308, 1430], ""type"": ""handwritten"", ""text"": """"}, {""bbox"": [1273, 1387, 1630, 1435], ""type"": ""handwritten"", ""text"": """"}, {""bbox"": [848, 1392, 1226, 1434], ""type"": ""handwritten"", ""text"": """"}, {""bbox"": [31, 1426, 339, 1474], ""type"": ""handwritten"", ""text"": """"}, {""bbox"": [412, 1427, 763, 1477], ""type"": ""handwritten"", ""text"": """"}, {""bbox"": [852, 1433, 1186, 1476], ""type"": ""handwritten"", ""text"": """"}, {""bbox"": [1273, 1434, 1626, 1488], ""type"": ""handwritten"", ""text"": """"}, {""bbox"": [24, 1468, 335, 1517], ""type"": ""handwritten"", ""text"": """"}, {""bbox"": [413, 1472, 767, 1532], ""type"": ""handwritten"", ""text"": """"}, {""bbox"": [846, 1474, 1222, 1521], ""type"": ""handwritten"", ""text"": """"}, {""bbox"": [1277, 1484, 1604, 1540], ""type"": ""handwritten"", ""text"": """"}, {""bbox"": [25, 1512, 327, 1557], ""type"": ""handwritten"", ""text"": """"}, {""bbox"": [851, 1523, 1163, 1565], ""type"": ""handwritten"", ""text"": """"}, {""bbox"": [414, 1524, 761, 1585], ""type"": ""handwritten"", ""text"": """"}, {""bbox"": [1293, 1533, 1637, 1583], ""type"": ""handwritten"", ""text"": """"}, {""bbox"": [21, 1554, 352, 1598], ""type"": ""handwritten"", ""text"": """"}, {""bbox"": [850, 1563, 1254, 1612], ""type"": ""handwritten"", ""text"": """"}, {""bbox"": [413, 1576, 740, 1631], ""type"": ""handwritten"", ""text"": """"}, {""bbox"": [1304, 1580, 1631, 1627], ""type"": ""handwritten"", ""text"": """"}, {""bbox"": [22, 1592, 340, 1634], ""type"": ""handwritten"", ""text"": """"}, {""bbox"": [848, 1611, 1277, 1658], ""type"": ""handwritten"", ""text"": """"}, {""bbox"": [1316, 1625, 1602, 1670], ""type"": ""handwritten"", ""text"": """"}, {""bbox"": [409, 1626, 717, 1676], ""type"": ""handwritten"", ""text"": """"}, {""bbox"": [21, 1628, 354, 1670], ""type"": ""handwritten"", ""text"": """"}, {""bbox"": [848, 1655, 1211, 1700], ""type"": ""handwritten"", ""text"": """"}, {""bbox"": [20, 1667, 347, 1714], ""type"": ""handwritten"", ""text"": """"}, {""bbox"": [417, 1673, 701, 1720], ""type"": ""handwritten"", ""text"": """"}, {""bbox"": [850, 1695, 1290, 1745], ""type"": ""handwritten"", ""text"": """"}, {""bbox"": [23, 1710, 304, 1751], ""type"": ""handwritten"", ""text"": """"}, {""bbox"": [1328, 1719, 1639, 1770], ""type"": ""handwritten"", ""text"": """"}, {""bbox"": [427, 1721, 718, 1775], ""type"": ""handwritten"", ""text"": """"}, {""bbox"": [23, 1747, 342, 1793], ""type"": ""handwritten"", ""text"": """"}, {""bbox"": [1329, 1767, 1596, 1815], ""type"": ""handwritten"", ""text"": """"}, {""bbox"": [425, 1771, 769, 1826], ""type"": ""handwritten"", ""text"": """"}, {""bbox"": [20, 1790, 326, 1841], ""type"": ""handwritten"", ""text"": """"}, {""bbox"": [1337, 1810, 1643, 1867], ""type"": ""handwritten"", ""text"": """"}, {""bbox"": [19, 1837, 320, 1887], ""type"": ""handwritten"", ""text"": """"}, {""bbox"": [18, 1884, 344, 1936], ""type"": ""handwritten"", ""text"": """"}, {""bbox"": [14, 1930, 313, 1979], ""type"": ""handwritten"", ""text"": """"}]"
84fa6920-a410-4191-9e3a-c59eb8a410b5.jpg,"[{""bbox"": [12, 8, 1630, 657], ""type"": ""table"", ""text"": """"}, {""bbox"": [149, 660, 1656, 757], ""type"": ""handwritten"", ""text"": """"}, {""bbox"": [57, 743, 1652, 847], ""type"": ""handwritten"", ""text"": """"}, {""bbox"": [156, 894, 1656, 1006], ""type"": ""handwritten"", ""text"": """"}, {""bbox"": [146, 993, 1655, 1100], ""type"": ""handwritten"", ""text"": """"}, {""bbox"": [154, 1089, 1647, 1197], ""type"": ""handwritten"", ""text"": """"}, {""bbox"": [84, 1183, 1420, 1291], ""type"": ""handwritten"", ""text"": """"}]"
a335c475-4299-4ffc-80ed-e032fd0148e3.jpg,"[{""bbox"": [1289, 0, 1460, 114], ""type"": ""annotation"", ""text"": """"}, {""bbox"": [1, 1, 1240, 60], ""type"": ""handwritten"", ""text"": """"}, {""bbox"": [860, 48, 1092, 222], ""type"": ""annotation"", ""text"": """"}, {""bbox"": [3, 66, 652, 122], ""type"": ""handwritten"", ""text"": """"}, {""bbox"": [2, 122, 680, 187], ""type"": ""formula"", ""text"": """"}, {""bbox"": [407, 210, 703, 281], ""type"": ""handwritten"", ""text"": """"}, {""bbox"": [5, 214, 222, 268], ""type"": ""handwritten"", ""text"": """"}, {""bbox"": [673, 217, 838, 356], ""type"": ""annotation"", ""text"": """"}, {""bbox"": [403, 275, 671, 353], ""type"": ""formula"", ""text"": """"}, {""bbox"": [6, 281, 366, 338], ""type"": ""formula"", ""text"": """"}, {""bbox"": [1075, 325, 1242, 473], ""type"": ""annotation"", ""text"": """"}, {""bbox"": [397, 338, 1059, 427], ""type"": ""formula"", ""text"": """"}, {""bbox"": [7, 343, 219, 395], ""type"": ""formula"", ""text"": """"}, {""bbox"": [14, 421, 187, 485], ""type"": ""formula"", ""text"": """"}, {""bbox"": [394, 422, 755, 481], ""type"": ""formula"", ""text"": """"}, {""bbox"": [397, 463, 916, 540], ""type"": ""formula"", ""text"": """"}, {""bbox"": [394, 527, 925, 607], ""type"": ""formula"", ""text"": """"}, {""bbox"": [390, 601, 742, 663], ""type"": ""handwritten"", ""text"": """"}, {""bbox"": [37, 720, 423, 860], ""type"": ""annotation"", ""text"": """"}]"
c0eae450-5878-4897-bc4d-f9ddd92d4f34.jpg,"[{""bbox"": [28, 115, 2931, 593], ""type"": ""formula"", ""text"": """"}, {""bbox"": [3, 163, 491, 446], ""type"": ""handwritten"", ""text"": """"}, {""bbox"": [3386, 268, 4808, 831], ""type"": ""image"", ""text"": """"}, {""bbox"": [248, 563, 1406, 800], ""type"": ""handwritten"", ""text"": """"}, {""bbox"": [135, 835, 2842, 1255], ""type"": ""formula"", ""text"": """"}, {""bbox"": [257, 1583, 1309, 1903], ""type"": ""handwritten"", ""text"": """"}, {""bbox"": [265, 1932, 1292, 2176], ""type"": ""handwritten"", ""text"": """"}, {""bbox"": [581, 2176, 1807, 2830], ""type"": ""formula"", ""text"": """"}, {""bbox"": [2136, 2228, 5242, 2735], ""type"": ""formula"", ""text"": """"}, {""bbox"": [299, 2793, 2613, 3275], ""type"": ""formula"", ""text"": """"}, {""bbox"": [287, 3252, 3220, 3834], ""type"": ""formula"", ""text"": """"}, {""bbox"": [892, 3824, 5081, 4109], ""type"": ""handwritten"", ""text"": """"}, {""bbox"": [862, 4130, 2013, 4358], ""type"": ""formula"", ""text"": """"}, {""bbox"": [280, 4478, 1830, 4752], ""type"": ""formula"", ""text"": """"}, {""bbox"": [753, 4808, 3466, 5109], ""type"": ""formula"", ""text"": """"}, {""bbox"": [770, 5115, 4468, 5392], ""type"": ""formula"", ""text"": """"}, {""bbox"": [352, 6342, 2080, 6669], ""type"": ""handwritten"", ""text"": """"}, {""bbox"": [352, 6342, 2080, 6669], ""type"": ""annotation"", ""text"": """"}]"
997b08cc-ead0-4b6a-8f19-ab52789a9244.jpg,"[{""bbox"": [28, 0, 715, 88], ""type"": ""handwritten"", ""text"": """"}, {""bbox"": [29, 77, 695, 155], ""type"": ""handwritten"", ""text"": """"}, {""bbox"": [40, 148, 355, 224], ""type"": ""handwritten"", ""text"": """"}, {""bbox"": [28, 199, 1604, 284], ""type"": ""handwritten"", ""text"": """"}, {""bbox"": [19, 265, 1462, 345], ""type"": ""handwritten"", ""text"": """"}, {""bbox"": [17, 322, 1566, 394], ""type"": ""handwritten"", ""text"": """"}, {""bbox"": [16, 379, 1445, 454], ""type"": ""handwritten"", ""text"": """"}, {""bbox"": [15, 441, 1614, 509], ""type"": ""handwritten"", ""text"": """"}, {""bbox"": [16, 545, 1521, 616], ""type"": ""handwritten"", ""text"": """"}, {""bbox"": [22, 601, 784, 675], ""type"": ""handwritten"", ""text"": """"}, {""bbox"": [28, 661, 347, 727], ""type"": ""handwritten"", ""text"": """"}, {""bbox"": [28, 721, 918, 787], ""type"": ""handwritten"", ""text"": """"}, {""bbox"": [28, 779, 727, 858], ""type"": ""handwritten"", ""text"": """"}, {""bbox"": [1001, 939, 1266, 1054], ""type"": ""handwritten"", ""text"": """"}, {""bbox"": [452, 966, 888, 1049], ""type"": ""handwritten"", ""text"": """"}, {""bbox"": [915, 1057, 1529, 1134], ""type"": ""handwritten"", ""text"": """"}, {""bbox"": [95, 1188, 1560, 1287], ""type"": ""handwritten"", ""text"": """"}, {""bbox"": [23, 1275, 306, 1359], ""type"": ""handwritten"", ""text"": """"}, {""bbox"": [18, 1339, 873, 1407], ""type"": ""handwritten"", ""text"": """"}, {""bbox"": [19, 1395, 719, 1455], ""type"": ""handwritten"", ""text"": """"}, {""bbox"": [16, 1443, 879, 1525], ""type"": ""handwritten"", ""text"": """"}, {""bbox"": [12, 1505, 451, 1575], ""type"": ""handwritten"", ""text"": """"}, {""bbox"": [19, 1557, 237, 1629], ""type"": ""handwritten"", ""text"": """"}, {""bbox"": [15, 1621, 998, 1692], ""type"": ""handwritten"", ""text"": """"}, {""bbox"": [18, 1678, 1295, 1759], ""type"": ""handwritten"", ""text"": """"}, {""bbox"": [16, 1740, 540, 1803], ""type"": ""handwritten"", ""text"": """"}, {""bbox"": [21, 1794, 859, 1888], ""type"": ""handwritten"", ""text"": """"}, {""bbox"": [1052, 1845, 1560, 1996], ""type"": ""annotation"", ""text"": """"}, {""bbox"": [1052, 1845, 1560, 1996], ""type"": ""handwritten"", ""text"": """"}]"
80d0aed6-6f29-45f8-aa4c-7a7a8b94cb0f.jpg,"[{""bbox"": [17, 0, 379, 71], ""type"": ""handwritten"", ""text"": """"}, {""bbox"": [83, 73, 1611, 217], ""type"": ""handwritten"", ""text"": """"}, {""bbox"": [30, 258, 1637, 415], ""type"": ""handwritten"", ""text"": """"}, {""bbox"": [36, 302, 1646, 459], ""type"": ""handwritten"", ""text"": """"}, {""bbox"": [86, 360, 1635, 505], ""type"": ""handwritten"", ""text"": """"}, {""bbox"": [31, 413, 1655, 572], ""type"": ""handwritten"", ""text"": """"}, {""bbox"": [19, 513, 1144, 654], ""type"": ""handwritten"", ""text"": """"}, {""bbox"": [26, 554, 1651, 710], ""type"": ""handwritten"", ""text"": """"}, {""bbox"": [25, 590, 1649, 768], ""type"": ""handwritten"", ""text"": """"}, {""bbox"": [42, 653, 1656, 812], ""type"": ""handwritten"", ""text"": """"}, {""bbox"": [38, 707, 1656, 869], ""type"": ""handwritten"", ""text"": """"}, {""bbox"": [23, 756, 1651, 951], ""type"": ""handwritten"", ""text"": """"}, {""bbox"": [27, 860, 1649, 1070], ""type"": ""handwritten"", ""text"": """"}, {""bbox"": [27, 918, 1649, 1125], ""type"": ""handwritten"", ""text"": """"}, {""bbox"": [38, 988, 1654, 1163], ""type"": ""handwritten"", ""text"": """"}, {""bbox"": [26, 1040, 1623, 1241], ""type"": ""handwritten"", ""text"": """"}, {""bbox"": [38, 1126, 1643, 1289], ""type"": ""handwritten"", ""text"": """"}, {""bbox"": [24, 1180, 1646, 1344], ""type"": ""handwritten"", ""text"": """"}, {""bbox"": [21, 1218, 1652, 1420], ""type"": ""handwritten"", ""text"": """"}, {""bbox"": [10, 1312, 1641, 1541], ""type"": ""handwritten"", ""text"": """"}, {""bbox"": [37, 1460, 1656, 1625], ""type"": ""handwritten"", ""text"": """"}, {""bbox"": [18, 1521, 1656, 1687], ""type"": ""handwritten"", ""text"": """"}, {""bbox"": [10, 1564, 1643, 1752], ""type"": ""handwritten"", ""text"": """"}, {""bbox"": [21, 1718, 1641, 1865], ""type"": ""handwritten"", ""text"": """"}, {""bbox"": [19, 1765, 1638, 1914], ""type"": ""handwritten"", ""text"": """"}, {""bbox"": [20, 1819, 1641, 1968], ""type"": ""handwritten"", ""text"": """"}, {""bbox"": [23, 1906, 498, 1979], ""type"": ""handwritten"", ""text"": """"}, {""bbox"": [22, 1939, 1653, 2029], ""type"": ""handwritten"", ""text"": """"}, {""bbox"": [22, 1995, 1654, 2075], ""type"": ""handwritten"", ""text"": """"}, {""bbox"": [21, 2030, 1653, 2127], ""type"": ""handwritten"", ""text"": """"}, {""bbox"": [22, 2088, 1641, 2188], ""type"": ""handwritten"", ""text"": """"}, {""bbox"": [1490, 2219, 1579, 2296], ""type"": ""annotation"", ""text"": """"}]"
0a331d40-206e-4185-bd31-51e369f07578.jpg,"[{""bbox"": [69, 117, 344, 185], ""type"": ""handwritten"", ""text"": """"}, {""bbox"": [73, 198, 765, 417], ""type"": ""table"", ""text"": """"}, {""bbox"": [66, 427, 890, 515], ""type"": ""formula"", ""text"": """"}, {""bbox"": [990, 505, 1595, 572], ""type"": ""formula"", ""text"": """"}, {""bbox"": [68, 565, 312, 637], ""type"": ""handwritten"", ""text"": """"}, {""bbox"": [72, 625, 1177, 713], ""type"": ""formula"", ""text"": """"}, {""bbox"": [70, 726, 1004, 862], ""type"": ""formula"", ""text"": """"}, {""bbox"": [55, 890, 1836, 969], ""type"": ""handwritten"", ""text"": """"}, {""bbox"": [48, 968, 1800, 1046], ""type"": ""handwritten"", ""text"": """"}, {""bbox"": [42, 1054, 486, 1108], ""type"": ""handwritten"", ""text"": """"}, {""bbox"": [60, 1221, 288, 1273], ""type"": ""annotation"", ""text"": """"}]"
e9fa0cd8-b978-4dd4-bd09-44743b29fb40.jpg,"[{""bbox"": [22, 10, 271, 95], ""type"": ""handwritten"", ""text"": """"}, {""bbox"": [20, 87, 636, 168], ""type"": ""handwritten"", ""text"": """"}, {""bbox"": [17, 125, 1036, 271], ""type"": ""handwritten"", ""text"": """"}, {""bbox"": [13, 170, 1049, 349], ""type"": ""handwritten"", ""text"": """"}, {""bbox"": [15, 231, 1636, 418], ""type"": ""handwritten"", ""text"": """"}, {""bbox"": [16, 250, 628, 352], ""type"": ""handwritten"", ""text"": """"}, {""bbox"": [20, 280, 1633, 472], ""type"": ""handwritten"", ""text"": """"}, {""bbox"": [20, 331, 1640, 530], ""type"": ""handwritten"", ""text"": """"}, {""bbox"": [16, 410, 1652, 671], ""type"": ""handwritten"", ""text"": """"}, {""bbox"": [1018, 539, 1204, 664], ""type"": ""annotation"", ""text"": """"}, {""bbox"": [30, 565, 476, 646], ""type"": ""handwritten"", ""text"": """"}]"
185edf0e-7bd8-4e62-8839-0e8d095c4c7c.jpg,"[{""bbox"": [224, 0, 328, 20], ""type"": ""handwritten"", ""text"": """"}, {""bbox"": [53, 20, 356, 75], ""type"": ""formula"", ""text"": """"}, {""bbox"": [917, 74, 1345, 461], ""type"": ""annotation"", ""text"": """"}, {""bbox"": [43, 91, 437, 144], ""type"": ""handwritten"", ""text"": """"}, {""bbox"": [40, 161, 695, 219], ""type"": ""handwritten"", ""text"": """"}, {""bbox"": [11, 266, 203, 322], ""type"": ""handwritten"", ""text"": """"}, {""bbox"": [42, 322, 321, 374], ""type"": ""formula"", ""text"": """"}, {""bbox"": [37, 381, 267, 429], ""type"": ""formula"", ""text"": """"}, {""bbox"": [1156, 383, 1325, 506], ""type"": ""annotation"", ""text"": """"}, {""bbox"": [34, 436, 407, 514], ""type"": ""formula"", ""text"": """"}, {""bbox"": [41, 536, 452, 586], ""type"": ""handwritten"", ""text"": """"}, {""bbox"": [43, 606, 1049, 668], ""type"": ""handwritten"", ""text"": """"}, {""bbox"": [42, 707, 266, 760], ""type"": ""handwritten"", ""text"": """"}, {""bbox"": [79, 758, 343, 815], ""type"": ""handwritten"", ""text"": """"}, {""bbox"": [79, 758, 343, 815], ""type"": ""formula"", ""text"": """"}, {""bbox"": [1159, 816, 1274, 959], ""type"": ""annotation"", ""text"": """"}, {""bbox"": [134, 818, 265, 858], ""type"": ""handwritten"", ""text"": """"}, {""bbox"": [59, 852, 582, 919], ""type"": ""formula"", ""text"": """"}, {""bbox"": [65, 927, 438, 983], ""type"": ""handwritten"", ""text"": """"}, {""bbox"": [63, 958, 1049, 1046], ""type"": ""handwritten"", ""text"": """"}, {""bbox"": [40, 1061, 248, 1113], ""type"": ""handwritten"", ""text"": """"}, {""bbox"": [69, 1107, 328, 1162], ""type"": ""formula"", ""text"": """"}, {""bbox"": [133, 1171, 244, 1214], ""type"": ""handwritten"", ""text"": """"}, {""bbox"": [56, 1208, 664, 1282], ""type"": ""formula"", ""text"": """"}, {""bbox"": [68, 1278, 445, 1342], ""type"": ""handwritten"", ""text"": """"}, {""bbox"": [67, 1323, 1113, 1396], ""type"": ""handwritten"", ""text"": """"}, {""bbox"": [51, 1418, 261, 1472], ""type"": ""handwritten"", ""text"": """"}, {""bbox"": [69, 1473, 465, 1535], ""type"": ""formula"", ""text"": """"}, {""bbox"": [174, 1542, 306, 1586], ""type"": ""handwritten"", ""text"": """"}, {""bbox"": [64, 1576, 643, 1646], ""type"": ""formula"", ""text"": """"}, {""bbox"": [66, 1647, 466, 1710], ""type"": ""handwritten"", ""text"": """"}, {""bbox"": [70, 1711, 811, 1771], ""type"": ""handwritten"", ""text"": """"}, {""bbox"": [53, 1847, 92, 1891], ""type"": ""handwritten"", ""text"": """"}, {""bbox"": [92, 1908, 1634, 1967], ""type"": ""handwritten"", ""text"": """"}, {""bbox"": [907, 1970, 1146, 2172], ""type"": ""annotation"", ""text"": """"}, {""bbox"": [73, 1973, 721, 2027], ""type"": ""formula"", ""text"": """"}, {""bbox"": [69, 2037, 635, 2097], ""type"": ""formula"", ""text"": """"}, {""bbox"": [69, 2037, 635, 2097], ""type"": ""handwritten"", ""text"": """"}, {""bbox"": [65, 2098, 871, 2166], ""type"": ""formula"", ""text"": """"}, {""bbox"": [1297, 2109, 1651, 2292], ""type"": ""annotation"", ""text"": """"}, {""bbox"": [62, 2171, 643, 2228], ""type"": ""formula"", ""text"": """"}, {""bbox"": [863, 2204, 1208, 2260], ""type"": ""handwritten"", ""text"": """"}, {""bbox"": [73, 2239, 420, 2288], ""type"": ""handwritten"", ""text"": """"}, {""bbox"": [127, 2282, 490, 2332], ""type"": ""formula"", ""text"": """"}]"
535fc980-8fc5-49f9-8332-ddbdec5132ae.jpg,"[{""bbox"": [85, 0, 1514, 210], ""type"": ""handwritten"", ""text"": """"}, {""bbox"": [76, 181, 2975, 445], ""type"": ""formula"", ""text"": """"}, {""bbox"": [75, 396, 1256, 612], ""type"": ""formula"", ""text"": """"}, {""bbox"": [28, 561, 4784, 1009], ""type"": ""formula"", ""text"": """"}, {""bbox"": [32, 815, 440, 1020], ""type"": ""formula"", ""text"": """"}, {""bbox"": [13, 1024, 1486, 1322], ""type"": ""formula"", ""text"": """"}, {""bbox"": [0, 1294, 3341, 1672], ""type"": ""formula"", ""text"": """"}, {""bbox"": [68, 1572, 1493, 1917], ""type"": ""handwritten"", ""text"": """"}, {""bbox"": [95, 1882, 1707, 2166], ""type"": ""handwritten"", ""text"": """"}, {""bbox"": [58, 2105, 4102, 2715], ""type"": ""formula"", ""text"": """"}, {""bbox"": [2184, 2554, 3689, 2879], ""type"": ""handwritten"", ""text"": """"}, {""bbox"": [133, 2910, 1539, 3211], ""type"": ""handwritten"", ""text"": """"}, {""bbox"": [126, 3179, 1555, 3424], ""type"": ""handwritten"", ""text"": """"}, {""bbox"": [102, 3491, 1568, 3785], ""type"": ""handwritten"", ""text"": """"}, {""bbox"": [70, 3950, 3803, 4369], ""type"": ""handwritten"", ""text"": """"}, {""bbox"": [89, 4407, 1492, 4677], ""type"": ""handwritten"", ""text"": """"}, {""bbox"": [115, 4664, 2796, 5322], ""type"": ""formula"", ""text"": """"}, {""bbox"": [212, 5347, 1634, 5645], ""type"": ""handwritten"", ""text"": """"}, {""bbox"": [194, 5683, 1682, 6006], ""type"": ""handwritten"", ""text"": """"}, {""bbox"": [158, 5975, 1987, 6251], ""type"": ""handwritten"", ""text"": """"}, {""bbox"": [4757, 7473, 5158, 7912], ""type"": ""annotation"", ""text"": """"}, {""bbox"": [2381, 7917, 3390, 8190], ""type"": ""annotation"", ""text"": """"}]"
24f70abb-c16d-4368-ab50-8892d269512e.jpg,"[{""bbox"": [5, 0, 1547, 82], ""type"": ""handwritten"", ""text"": """"}, {""bbox"": [10, 65, 1503, 149], ""type"": ""handwritten"", ""text"": """"}, {""bbox"": [20, 153, 478, 222], ""type"": ""handwritten"", ""text"": """"}, {""bbox"": [6, 227, 1497, 305], ""type"": ""handwritten"", ""text"": """"}, {""bbox"": [468, 290, 911, 702], ""type"": ""annotation"", ""text"": """"}, {""bbox"": [13, 307, 517, 368], ""type"": ""handwritten"", ""text"": """"}]"
75e7ac0c-01e1-4392-b287-5e05e0b2c5bb.jpg,"[{""bbox"": [29, 0, 1644, 83], ""type"": ""handwritten"", ""text"": """"}, {""bbox"": [1034, 63, 1211, 179], ""type"": ""annotation"", ""text"": """"}, {""bbox"": [24, 64, 1042, 151], ""type"": ""handwritten"", ""text"": """"}, {""bbox"": [1030, 104, 1071, 172], ""type"": ""annotation"", ""text"": """"}, {""bbox"": [22, 135, 865, 247], ""type"": ""handwritten"", ""text"": """"}, {""bbox"": [12, 234, 1517, 333], ""type"": ""handwritten"", ""text"": """"}, {""bbox"": [22, 316, 935, 425], ""type"": ""handwritten"", ""text"": """"}, {""bbox"": [1329, 332, 1457, 460], ""type"": ""annotation"", ""text"": """"}, {""bbox"": [868, 342, 1459, 596], ""type"": ""annotation"", ""text"": """"}, {""bbox"": [675, 355, 748, 435], ""type"": ""annotation"", ""text"": """"}, {""bbox"": [31, 538, 333, 625], ""type"": ""formula"", ""text"": """"}, {""bbox"": [36, 658, 208, 722], ""type"": ""handwritten"", ""text"": """"}, {""bbox"": [22, 763, 819, 842], ""type"": ""handwritten"", ""text"": """"}, {""bbox"": [1018, 832, 1523, 1173], ""type"": ""annotation"", ""text"": """"}, {""bbox"": [63, 833, 1002, 969], ""type"": ""formula"", ""text"": """"}, {""bbox"": [1273, 836, 1522, 1149], ""type"": ""annotation"", ""text"": """"}, {""bbox"": [839, 898, 1210, 1219], ""type"": ""annotation"", ""text"": """"}, {""bbox"": [150, 957, 345, 1032], ""type"": ""formula"", ""text"": """"}, {""bbox"": [23, 1045, 425, 1136], ""type"": ""formula"", ""text"": """"}, {""bbox"": [56, 1129, 497, 1215], ""type"": ""formula"", ""text"": """"}, {""bbox"": [46, 1208, 687, 1304], ""type"": ""formula"", ""text"": """"}, {""bbox"": [47, 1301, 682, 1392], ""type"": ""formula"", ""text"": """"}, {""bbox"": [47, 1408, 576, 1501], ""type"": ""formula"", ""text"": """"}, {""bbox"": [34, 1430, 1583, 1625], ""type"": ""handwritten"", ""text"": """"}, {""bbox"": [53, 1589, 380, 1652], ""type"": ""handwritten"", ""text"": """"}, {""bbox"": [36, 2029, 1607, 2111], ""type"": ""handwritten"", ""text"": """"}]"
40268017-c323-478e-9887-7d204b8b5ee2.jpg,"[{""bbox"": [81, 0, 1613, 66], ""type"": ""handwritten"", ""text"": """"}, {""bbox"": [63, 57, 1644, 120], ""type"": ""handwritten"", ""text"": """"}, {""bbox"": [47, 110, 1622, 172], ""type"": ""handwritten"", ""text"": """"}, {""bbox"": [47, 155, 647, 232], ""type"": ""handwritten"", ""text"": """"}, {""bbox"": [40, 237, 1623, 313], ""type"": ""handwritten"", ""text"": """"}, {""bbox"": [46, 304, 1587, 375], ""type"": ""handwritten"", ""text"": """"}, {""bbox"": [41, 368, 1030, 437], ""type"": ""handwritten"", ""text"": """"}, {""bbox"": [120, 431, 767, 496], ""type"": ""handwritten"", ""text"": """"}, {""bbox"": [116, 488, 1521, 554], ""type"": ""handwritten"", ""text"": """"}, {""bbox"": [118, 545, 1618, 606], ""type"": ""handwritten"", ""text"": """"}, {""bbox"": [114, 595, 1647, 669], ""type"": ""handwritten"", ""text"": """"}, {""bbox"": [39, 637, 626, 692], ""type"": ""handwritten"", ""text"": """"}, {""bbox"": [121, 679, 1636, 752], ""type"": ""handwritten"", ""text"": """"}, {""bbox"": [40, 746, 1644, 819], ""type"": ""handwritten"", ""text"": """"}, {""bbox"": [35, 809, 1564, 880], ""type"": ""handwritten"", ""text"": """"}, {""bbox"": [49, 874, 703, 944], ""type"": ""handwritten"", ""text"": """"}, {""bbox"": [119, 931, 1626, 1012], ""type"": ""handwritten"", ""text"": """"}, {""bbox"": [51, 1016, 98, 1068], ""type"": ""handwritten"", ""text"": """"}, {""bbox"": [49, 1066, 199, 1121], ""type"": ""handwritten"", ""text"": """"}, {""bbox"": [50, 1133, 195, 1186], ""type"": ""handwritten"", ""text"": """"}, {""bbox"": [48, 1192, 197, 1255], ""type"": ""handwritten"", ""text"": """"}, {""bbox"": [47, 1261, 197, 1315], ""type"": ""handwritten"", ""text"": """"}, {""bbox"": [46, 1313, 188, 1376], ""type"": ""handwritten"", ""text"": """"}, {""bbox"": [188, 1523, 417, 1585], ""type"": ""annotation"", ""text"": """"}]"
b1e5056d-1acd-410d-b68f-b74a0358d61b.jpg,"[{""bbox"": [47, 0, 682, 91], ""type"": ""handwritten"", ""text"": """"}, {""bbox"": [30, 276, 780, 375], ""type"": ""handwritten"", ""text"": """"}, {""bbox"": [78, 370, 1583, 452], ""type"": ""handwritten"", ""text"": """"}, {""bbox"": [77, 435, 1234, 513], ""type"": ""handwritten"", ""text"": """"}, {""bbox"": [98, 495, 894, 578], ""type"": ""handwritten"", ""text"": """"}, {""bbox"": [1323, 526, 1428, 596], ""type"": ""annotation"", ""text"": """"}, {""bbox"": [113, 551, 1548, 656], ""type"": ""handwritten"", ""text"": """"}, {""bbox"": [108, 603, 1539, 719], ""type"": ""handwritten"", ""text"": """"}, {""bbox"": [43, 711, 1458, 854], ""type"": ""handwritten"", ""text"": """"}, {""bbox"": [113, 786, 1514, 929], ""type"": ""handwritten"", ""text"": """"}, {""bbox"": [110, 830, 1514, 975], ""type"": ""handwritten"", ""text"": """"}, {""bbox"": [141, 868, 302, 933], ""type"": ""handwritten"", ""text"": """"}, {""bbox"": [44, 945, 1610, 1092], ""type"": ""handwritten"", ""text"": """"}, {""bbox"": [88, 1038, 1509, 1183], ""type"": ""handwritten"", ""text"": """"}, {""bbox"": [62, 1126, 355, 1207], ""type"": ""handwritten"", ""text"": """"}, {""bbox"": [1434, 1128, 1532, 1195], ""type"": ""annotation"", ""text"": """"}, {""bbox"": [57, 1192, 254, 1267], ""type"": ""handwritten"", ""text"": """"}, {""bbox"": [467, 1228, 1005, 1302], ""type"": ""formula"", ""text"": """"}, {""bbox"": [63, 1264, 357, 1346], ""type"": ""formula"", ""text"": """"}, {""bbox"": [487, 1294, 942, 1369], ""type"": ""formula"", ""text"": """"}, {""bbox"": [70, 1336, 294, 1425], ""type"": ""formula"", ""text"": """"}, {""bbox"": [957, 1347, 1656, 1830], ""type"": ""graph"", ""text"": """"}, {""bbox"": [541, 1353, 876, 1428], ""type"": ""formula"", ""text"": """"}, {""bbox"": [501, 1419, 852, 1507], ""type"": ""formula"", ""text"": """"}, {""bbox"": [46, 1446, 190, 1523], ""type"": ""formula"", ""text"": """"}, {""bbox"": [504, 1504, 1020, 1622], ""type"": ""formula"", ""text"": """"}, {""bbox"": [1282, 1855, 1409, 1958], ""type"": ""annotation"", ""text"": """"}]"
0414761c-70d3-48f4-ad2d-23b965d67685.jpg,"[{""bbox"": [39, 16, 942, 145], ""type"": ""formula"", ""text"": """"}, {""bbox"": [260, 108, 646, 215], ""type"": ""formula"", ""text"": """"}, {""bbox"": [440, 201, 743, 264], ""type"": ""handwritten"", ""text"": """"}, {""bbox"": [69, 234, 400, 309], ""type"": ""formula"", ""text"": """"}, {""bbox"": [45, 316, 445, 394], ""type"": ""handwritten"", ""text"": """"}, {""bbox"": [36, 405, 657, 498], ""type"": ""formula"", ""text"": """"}, {""bbox"": [802, 416, 1190, 797], ""type"": ""annotation"", ""text"": """"}, {""bbox"": [39, 500, 549, 600], ""type"": ""handwritten"", ""text"": """"}, {""bbox"": [38, 591, 714, 717], ""type"": ""formula"", ""text"": """"}, {""bbox"": [34, 712, 478, 829], ""type"": ""formula"", ""text"": """"}, {""bbox"": [35, 821, 824, 936], ""type"": ""formula"", ""text"": """"}, {""bbox"": [16, 955, 685, 1086], ""type"": ""formula"", ""text"": """"}, {""bbox"": [43, 1088, 1443, 1192], ""type"": ""handwritten"", ""text"": """"}, {""bbox"": [1046, 1172, 1206, 1312], ""type"": ""annotation"", ""text"": """"}, {""bbox"": [69, 1174, 437, 1261], ""type"": ""handwritten"", ""text"": """"}, {""bbox"": [978, 1179, 1633, 1493], ""type"": ""annotation"", ""text"": """"}, {""bbox"": [1257, 1182, 1631, 1488], ""type"": ""annotation"", ""text"": """"}, {""bbox"": [48, 1272, 485, 1338], ""type"": ""handwritten"", ""text"": """"}, {""bbox"": [32, 1336, 624, 1439], ""type"": ""formula"", ""text"": """"}, {""bbox"": [927, 1340, 1281, 1421], ""type"": ""handwritten"", ""text"": """"}, {""bbox"": [1284, 1390, 1328, 1432], ""type"": ""annotation"", ""text"": """"}, {""bbox"": [53, 1469, 1296, 1574], ""type"": ""handwritten"", ""text"": """"}, {""bbox"": [122, 1569, 1326, 1676], ""type"": ""handwritten"", ""text"": """"}, {""bbox"": [117, 1656, 1576, 1769], ""type"": ""handwritten"", ""text"": """"}, {""bbox"": [111, 1749, 1511, 1848], ""type"": ""handwritten"", ""text"": """"}, {""bbox"": [981, 1821, 1341, 1901], ""type"": ""handwritten"", ""text"": """"}, {""bbox"": [511, 1944, 755, 2126], ""type"": ""annotation"", ""text"": """"}, {""bbox"": [1098, 1980, 1646, 2065], ""type"": ""handwritten"", ""text"": """"}, {""bbox"": [841, 2029, 1020, 2149], ""type"": ""annotation"", ""text"": """"}]"
02d9ea31-d60e-40b3-9197-6bbea1d816dc.jpg,"[{""bbox"": [19, 13, 1360, 78], ""type"": ""handwritten"", ""text"": """"}, {""bbox"": [21, 78, 753, 144], ""type"": ""handwritten"", ""text"": """"}, {""bbox"": [35, 140, 788, 211], ""type"": ""handwritten"", ""text"": """"}, {""bbox"": [20, 255, 1243, 347], ""type"": ""handwritten"", ""text"": """"}, {""bbox"": [48, 335, 1416, 428], ""type"": ""handwritten"", ""text"": """"}, {""bbox"": [15, 407, 1528, 498], ""type"": ""handwritten"", ""text"": """"}, {""bbox"": [19, 468, 1450, 565], ""type"": ""handwritten"", ""text"": """"}, {""bbox"": [21, 526, 334, 595], ""type"": ""handwritten"", ""text"": """"}, {""bbox"": [42, 721, 208, 787], ""type"": ""handwritten"", ""text"": """"}, {""bbox"": [29, 787, 151, 839], ""type"": ""handwritten"", ""text"": """"}, {""bbox"": [21, 843, 269, 900], ""type"": ""handwritten"", ""text"": """"}, {""bbox"": [18, 895, 118, 948], ""type"": ""handwritten"", ""text"": """"}, {""bbox"": [16, 951, 123, 1005], ""type"": ""handwritten"", ""text"": """"}, {""bbox"": [17, 1011, 118, 1070], ""type"": ""handwritten"", ""text"": """"}, {""bbox"": [12, 1077, 114, 1139], ""type"": ""handwritten"", ""text"": """"}, {""bbox"": [13, 1146, 111, 1214], ""type"": ""handwritten"", ""text"": """"}, {""bbox"": [15, 1218, 117, 1277], ""type"": ""handwritten"", ""text"": """"}, {""bbox"": [8, 1348, 120, 1411], ""type"": ""handwritten"", ""text"": """"}]"
057f608d-67ad-42b4-b6bb-7cb75acb1317.jpg,"[{""bbox"": [99, 0, 1625, 86], ""type"": ""formula"", ""text"": """"}, {""bbox"": [80, 79, 485, 147], ""type"": ""handwritten"", ""text"": """"}, {""bbox"": [35, 136, 1233, 234], ""type"": ""formula"", ""text"": """"}, {""bbox"": [53, 238, 781, 321], ""type"": ""formula"", ""text"": """"}, {""bbox"": [109, 307, 1108, 383], ""type"": ""handwritten"", ""text"": """"}, {""bbox"": [91, 374, 616, 438], ""type"": ""formula"", ""text"": """"}, {""bbox"": [41, 402, 1576, 513], ""type"": ""handwritten"", ""text"": """"}, {""bbox"": [24, 471, 1506, 601], ""type"": ""handwritten"", ""text"": """"}, {""bbox"": [1024, 712, 1338, 780], ""type"": ""annotation"", ""text"": """"}]"
0bfb347f-9b53-4c8d-b971-e7ddc2fe4ea9.jpg,"[{""bbox"": [113, 186, 475, 211], ""type"": ""printed"", ""text"": """"}, {""bbox"": [31, 229, 500, 307], ""type"": ""handwritten"", ""text"": """"}, {""bbox"": [40, 348, 168, 398], ""type"": ""handwritten"", ""text"": """"}, {""bbox"": [35, 406, 162, 459], ""type"": ""handwritten"", ""text"": """"}, {""bbox"": [27, 464, 156, 517], ""type"": ""handwritten"", ""text"": """"}, {""bbox"": [22, 590, 154, 646], ""type"": ""handwritten"", ""text"": """"}, {""bbox"": [14, 660, 148, 719], ""type"": ""handwritten"", ""text"": """"}, {""bbox"": [9, 725, 147, 781], ""type"": ""formula"", ""text"": """"}, {""bbox"": [9, 786, 147, 839], ""type"": ""handwritten"", ""text"": """"}, {""bbox"": [14, 853, 176, 913], ""type"": ""formula"", ""text"": """"}, {""bbox"": [17, 930, 1650, 1044], ""type"": ""handwritten"", ""text"": """"}, {""bbox"": [19, 951, 1642, 1098], ""type"": ""handwritten"", ""text"": """"}, {""bbox"": [37, 1022, 1644, 1163], ""type"": ""handwritten"", ""text"": """"}, {""bbox"": [42, 1068, 1650, 1205], ""type"": ""handwritten"", ""text"": """"}, {""bbox"": [15, 1119, 1647, 1244], ""type"": ""handwritten"", ""text"": """"}, {""bbox"": [12, 1280, 465, 1359], ""type"": ""handwritten"", ""text"": """"}, {""bbox"": [14, 1295, 1524, 1409], ""type"": ""handwritten"", ""text"": """"}, {""bbox"": [12, 1378, 1523, 1472], ""type"": ""handwritten"", ""text"": """"}, {""bbox"": [15, 1455, 1535, 1763], ""type"": ""table"", ""text"": """"}, {""bbox"": [16, 1757, 1582, 1838], ""type"": ""handwritten"", ""text"": """"}, {""bbox"": [18, 1786, 1616, 1908], ""type"": ""handwritten"", ""text"": """"}, {""bbox"": [21, 1952, 679, 2031], ""type"": ""formula"", ""text"": """"}, {""bbox"": [27, 2029, 1474, 2119], ""type"": ""formula"", ""text"": """"}, {""bbox"": [21, 2130, 1518, 2220], ""type"": ""formula"", ""text"": """"}, {""bbox"": [1476, 2226, 1557, 2299], ""type"": ""annotation"", ""text"": """"}]"
0836598e-1ee3-4093-ac54-71eeea855f7b.jpg,"[{""bbox"": [87, 237, 612, 451], ""type"": ""image"", ""text"": """"}, {""bbox"": [352, 506, 1167, 587], ""type"": ""handwritten"", ""text"": """"}, {""bbox"": [368, 586, 1205, 684], ""type"": ""formula"", ""text"": """"}, {""bbox"": [368, 586, 1205, 684], ""type"": ""handwritten"", ""text"": """"}, {""bbox"": [364, 697, 1182, 792], ""type"": ""formula"", ""text"": """"}, {""bbox"": [364, 697, 1182, 792], ""type"": ""handwritten"", ""text"": """"}, {""bbox"": [373, 794, 1175, 896], ""type"": ""formula"", ""text"": """"}, {""bbox"": [362, 969, 1128, 1093], ""type"": ""formula"", ""text"": """"}, {""bbox"": [311, 1138, 1085, 1254], ""type"": ""formula"", ""text"": """"}, {""bbox"": [294, 1289, 1098, 1405], ""type"": ""formula"", ""text"": """"}, {""bbox"": [288, 1427, 1080, 1547], ""type"": ""formula"", ""text"": """"}, {""bbox"": [288, 1427, 1080, 1547], ""type"": ""handwritten"", ""text"": """"}, {""bbox"": [280, 1552, 1082, 1677], ""type"": ""formula"", ""text"": """"}, {""bbox"": [292, 1678, 1012, 1785], ""type"": ""formula"", ""text"": """"}, {""bbox"": [261, 2050, 1384, 2141], ""type"": ""handwritten"", ""text"": """"}, {""bbox"": [129, 2094, 239, 2149], ""type"": ""annotation"", ""text"": """"}, {""bbox"": [342, 2154, 608, 2221], ""type"": ""formula"", ""text"": """"}, {""bbox"": [325, 2210, 868, 2295], ""type"": ""formula"", ""text"": """"}, {""bbox"": [275, 2286, 1640, 2438], ""type"": ""formula"", ""text"": """"}, {""bbox"": [241, 2444, 1640, 2541], ""type"": ""handwritten"", ""text"": """"}, {""bbox"": [464, 2540, 733, 2603], ""type"": ""handwritten"", ""text"": """"}, {""bbox"": [145, 2665, 755, 2744], ""type"": ""handwritten"", ""text"": """"}]"
736e2ec6-97ae-4524-8c06-3a1165b7e00b.jpg,"[{""bbox"": [46, 0, 1399, 100], ""type"": ""handwritten"", ""text"": """"}, {""bbox"": [19, 210, 1611, 309], ""type"": ""handwritten"", ""text"": """"}, {""bbox"": [15, 295, 1605, 413], ""type"": ""handwritten"", ""text"": """"}, {""bbox"": [12, 360, 282, 428], ""type"": ""handwritten"", ""text"": """"}, {""bbox"": [40, 446, 671, 529], ""type"": ""handwritten"", ""text"": """"}, {""bbox"": [1347, 464, 1503, 589], ""type"": ""annotation"", ""text"": """"}, {""bbox"": [113, 541, 882, 629], ""type"": ""formula"", ""text"": """"}, {""bbox"": [1078, 588, 1414, 798], ""type"": ""annotation"", ""text"": """"}, {""bbox"": [37, 618, 879, 703], ""type"": ""handwritten"", ""text"": """"}, {""bbox"": [89, 692, 1049, 774], ""type"": ""formula"", ""text"": """"}, {""bbox"": [31, 773, 1189, 864], ""type"": ""handwritten"", ""text"": """"}, {""bbox"": [98, 857, 1353, 934], ""type"": ""handwritten"", ""text"": """"}, {""bbox"": [98, 857, 1353, 934], ""type"": ""formula"", ""text"": """"}, {""bbox"": [814, 922, 1025, 973], ""type"": ""handwritten"", ""text"": """"}, {""bbox"": [28, 933, 1463, 1023], ""type"": ""handwritten"", ""text"": """"}, {""bbox"": [42, 1016, 1506, 1108], ""type"": ""handwritten"", ""text"": """"}, {""bbox"": [42, 1016, 1506, 1108], ""type"": ""formula"", ""text"": """"}, {""bbox"": [42, 1107, 1639, 1194], ""type"": ""handwritten"", ""text"": """"}, {""bbox"": [848, 1178, 1386, 1656], ""type"": ""annotation"", ""text"": """"}, {""bbox"": [29, 1205, 869, 1299], ""type"": ""handwritten"", ""text"": """"}, {""bbox"": [1395, 1247, 1546, 1390], ""type"": ""annotation"", ""text"": """"}, {""bbox"": [100, 1306, 649, 1381], ""type"": ""handwritten"", ""text"": """"}, {""bbox"": [871, 1373, 1127, 1652], ""type"": ""annotation"", ""text"": """"}, {""bbox"": [122, 1375, 829, 1455], ""type"": ""formula"", ""text"": """"}, {""bbox"": [1142, 1390, 1387, 1604], ""type"": ""annotation"", ""text"": """"}, {""bbox"": [125, 1463, 848, 1548], ""type"": ""handwritten"", ""text"": """"}, {""bbox"": [40, 1639, 1572, 1735], ""type"": ""handwritten"", ""text"": """"}, {""bbox"": [53, 1721, 642, 1825], ""type"": ""handwritten"", ""text"": """"}]"
1a7d3f8a-9f10-4918-a768-9b5c04caf859.jpg,"[{""bbox"": [30, 0, 1621, 71], ""type"": ""handwritten"", ""text"": """"}, {""bbox"": [58, 45, 1227, 139], ""type"": ""handwritten"", ""text"": """"}, {""bbox"": [14, 143, 327, 245], ""type"": ""handwritten"", ""text"": """"}, {""bbox"": [354, 145, 512, 225], ""type"": ""annotation"", ""text"": """"}, {""bbox"": [30, 232, 195, 291], ""type"": ""handwritten"", ""text"": """"}, {""bbox"": [16, 548, 251, 643], ""type"": ""handwritten"", ""text"": """"}, {""bbox"": [22, 592, 785, 701], ""type"": ""handwritten"", ""text"": """"}, {""bbox"": [12, 679, 693, 768], ""type"": ""handwritten"", ""text"": """"}, {""bbox"": [12, 760, 971, 868], ""type"": ""handwritten"", ""text"": """"}, {""bbox"": [1078, 771, 1379, 878], ""type"": ""handwritten"", ""text"": """"}, {""bbox"": [21, 870, 227, 951], ""type"": ""handwritten"", ""text"": """"}, {""bbox"": [1060, 875, 1631, 982], ""type"": ""formula"", ""text"": """"}, {""bbox"": [18, 935, 877, 1066], ""type"": ""formula"", ""text"": """"}, {""bbox"": [998, 987, 1625, 1092], ""type"": ""formula"", ""text"": """"}, {""bbox"": [14, 1056, 759, 1165], ""type"": ""formula"", ""text"": """"}, {""bbox"": [979, 1087, 1619, 1188], ""type"": ""formula"", ""text"": """"}, {""bbox"": [9, 1159, 668, 1267], ""type"": ""formula"", ""text"": """"}, {""bbox"": [244, 1267, 299, 1337], ""type"": ""annotation"", ""text"": """"}, {""bbox"": [18, 1274, 233, 1345], ""type"": ""handwritten"", ""text"": """"}, {""bbox"": [15, 1322, 638, 1428], ""type"": ""formula"", ""text"": """"}, {""bbox"": [13, 1419, 716, 1528], ""type"": ""formula"", ""text"": """"}, {""bbox"": [13, 1419, 716, 1528], ""type"": ""handwritten"", ""text"": """"}, {""bbox"": [13, 1514, 806, 1627], ""type"": ""handwritten"", ""text"": """"}, {""bbox"": [13, 1514, 806, 1627], ""type"": ""formula"", ""text"": """"}, {""bbox"": [10, 1613, 1576, 1753], ""type"": ""handwritten"", ""text"": """"}, {""bbox"": [20, 1628, 267, 1709], ""type"": ""handwritten"", ""text"": """"}, {""bbox"": [15, 1683, 1606, 1890], ""type"": ""handwritten"", ""text"": """"}, {""bbox"": [18, 1789, 1648, 2008], ""type"": ""handwritten"", ""text"": """"}, {""bbox"": [22, 1812, 300, 1887], ""type"": ""handwritten"", ""text"": """"}, {""bbox"": [18, 1884, 1594, 2042], ""type"": ""handwritten"", ""text"": """"}, {""bbox"": [16, 1939, 1571, 2091], ""type"": ""handwritten"", ""text"": """"}, {""bbox"": [793, 2052, 1081, 2158], ""type"": ""annotation"", ""text"": """"}, {""bbox"": [571, 2265, 825, 2330], ""type"": ""annotation"", ""text"": """"}]"
bcbfd26a-8581-46fd-bfd3-a98d895bc597.jpg,"[{""bbox"": [73, 90, 496, 250], ""type"": ""formula"", ""text"": """"}, {""bbox"": [155, 269, 1274, 441], ""type"": ""formula"", ""text"": """"}, {""bbox"": [142, 470, 1101, 624], ""type"": ""formula"", ""text"": """"}, {""bbox"": [108, 611, 1230, 762], ""type"": ""formula"", ""text"": """"}, {""bbox"": [111, 749, 1340, 903], ""type"": ""formula"", ""text"": """"}, {""bbox"": [149, 897, 740, 1031], ""type"": ""formula"", ""text"": """"}, {""bbox"": [164, 1141, 1331, 1231], ""type"": ""handwritten"", ""text"": """"}, {""bbox"": [53, 1209, 738, 1399], ""type"": ""formula"", ""text"": """"}, {""bbox"": [841, 1254, 1831, 1363], ""type"": ""handwritten"", ""text"": """"}, {""bbox"": [857, 1351, 1748, 1424], ""type"": ""formula"", ""text"": """"}, {""bbox"": [105, 1415, 1828, 1588], ""type"": ""handwritten"", ""text"": """"}, {""bbox"": [117, 1419, 549, 1568], ""type"": ""formula"", ""text"": """"}, {""bbox"": [673, 1539, 1959, 1622], ""type"": ""handwritten"", ""text"": """"}, {""bbox"": [47, 1601, 546, 1710], ""type"": ""handwritten"", ""text"": """"}, {""bbox"": [135, 1689, 567, 1778], ""type"": ""handwritten"", ""text"": """"}, {""bbox"": [117, 1753, 494, 1830], ""type"": ""handwritten"", ""text"": """"}, {""bbox"": [42, 1877, 983, 2011], ""type"": ""formula"", ""text"": """"}, {""bbox"": [146, 2004, 526, 2106], ""type"": ""formula"", ""text"": """"}, {""bbox"": [681, 2072, 1371, 2269], ""type"": ""formula"", ""text"": """"}, {""bbox"": [139, 2098, 563, 2184], ""type"": ""formula"", ""text"": """"}, {""bbox"": [739, 2258, 1201, 2414], ""type"": ""formula"", ""text"": """"}, {""bbox"": [790, 2423, 1312, 2562], ""type"": ""formula"", ""text"": """"}]"
42561928-976b-4afd-8b5d-dbb9bdf5353d.jpg,"[{""bbox"": [1807, 44, 3284, 765], ""type"": ""formula"", ""text"": """"}, {""bbox"": [228, 561, 1512, 1035], ""type"": ""formula"", ""text"": """"}, {""bbox"": [171, 1086, 640, 1308], ""type"": ""formula"", ""text"": """"}, {""bbox"": [138, 1341, 689, 1575], ""type"": ""formula"", ""text"": """"}, {""bbox"": [135, 1589, 684, 1921], ""type"": ""formula"", ""text"": """"}, {""bbox"": [129, 1922, 817, 2177], ""type"": ""formula"", ""text"": """"}, {""bbox"": [101, 2236, 902, 2577], ""type"": ""formula"", ""text"": """"}, {""bbox"": [99, 2591, 905, 2919], ""type"": ""formula"", ""text"": """"}, {""bbox"": [78, 2907, 966, 3243], ""type"": ""formula"", ""text"": """"}, {""bbox"": [1349, 2948, 2527, 3280], ""type"": ""formula"", ""text"": """"}, {""bbox"": [106, 3419, 1866, 3705], ""type"": ""formula"", ""text"": """"}, {""bbox"": [532, 3724, 2835, 4035], ""type"": ""formula"", ""text"": """"}, {""bbox"": [414, 4060, 2436, 4416], ""type"": ""formula"", ""text"": """"}, {""bbox"": [439, 4407, 2277, 4641], ""type"": ""formula"", ""text"": """"}, {""bbox"": [112, 4782, 2560, 5094], ""type"": ""formula"", ""text"": """"}, {""bbox"": [458, 5110, 2510, 5455], ""type"": ""formula"", ""text"": """"}, {""bbox"": [272, 5465, 3287, 5827], ""type"": ""formula"", ""text"": """"}, {""bbox"": [345, 5889, 3612, 6188], ""type"": ""formula"", ""text"": """"}, {""bbox"": [324, 6159, 3609, 6437], ""type"": ""formula"", ""text"": """"}, {""bbox"": [1250, 6508, 2304, 6713], ""type"": ""formula"", ""text"": """"}, {""bbox"": [62, 6783, 1437, 7316], ""type"": ""formula"", ""text"": """"}, {""bbox"": [1870, 6817, 2710, 7238], ""type"": ""formula"", ""text"": """"}, {""bbox"": [221, 7317, 732, 7536], ""type"": ""formula"", ""text"": """"}, {""bbox"": [223, 7528, 727, 7750], ""type"": ""formula"", ""text"": """"}, {""bbox"": [205, 7757, 805, 8071], ""type"": ""formula"", ""text"": """"}, {""bbox"": [25, 8187, 176, 8389], ""type"": ""handwritten"", ""text"": """"}]"
f42fd8d9-a3a6-477b-8c86-5046ebcf9504.jpg,"[{""bbox"": [14, 19, 1460, 179], ""type"": ""formula"", ""text"": """"}, {""bbox"": [14, 187, 783, 326], ""type"": ""formula"", ""text"": """"}, {""bbox"": [6, 341, 434, 455], ""type"": ""handwritten"", ""text"": """"}, {""bbox"": [5, 461, 1709, 701], ""type"": ""table"", ""text"": """"}, {""bbox"": [31, 738, 467, 816], ""type"": ""formula"", ""text"": """"}, {""bbox"": [25, 821, 442, 895], ""type"": ""formula"", ""text"": """"}, {""bbox"": [23, 913, 435, 991], ""type"": ""formula"", ""text"": """"}, {""bbox"": [20, 967, 1920, 1080], ""type"": ""handwritten"", ""text"": """"}, {""bbox"": [24, 1078, 1167, 1186], ""type"": ""handwritten"", ""text"": """"}, {""bbox"": [35, 1191, 336, 1275], ""type"": ""handwritten"", ""text"": """"}, {""bbox"": [32, 1251, 1548, 1364], ""type"": ""formula"", ""text"": """"}, {""bbox"": [33, 1335, 1923, 1487], ""type"": ""handwritten"", ""text"": """"}, {""bbox"": [73, 1456, 873, 1562], ""type"": ""handwritten"", ""text"": """"}, {""bbox"": [37, 1583, 486, 1683], ""type"": ""handwritten"", ""text"": """"}, {""bbox"": [57, 1693, 1893, 1788], ""type"": ""handwritten"", ""text"": """"}, {""bbox"": [68, 1796, 1915, 1895], ""type"": ""handwritten"", ""text"": """"}, {""bbox"": [53, 1897, 548, 2002], ""type"": ""formula"", ""text"": """"}, {""bbox"": [53, 2005, 991, 2159], ""type"": ""formula"", ""text"": """"}, {""bbox"": [50, 2146, 1931, 2261], ""type"": ""handwritten"", ""text"": """"}, {""bbox"": [56, 2239, 850, 2326], ""type"": ""handwritten"", ""text"": """"}, {""bbox"": [47, 2315, 539, 2409], ""type"": ""handwritten"", ""text"": """"}, {""bbox"": [62, 2418, 295, 2472], ""type"": ""formula"", ""text"": """"}, {""bbox"": [63, 2475, 315, 2536], ""type"": ""formula"", ""text"": """"}, {""bbox"": [67, 2549, 459, 2620], ""type"": ""formula"", ""text"": """"}, {""bbox"": [64, 2620, 386, 2680], ""type"": ""formula"", ""text"": """"}, {""bbox"": [58, 2679, 200, 2748], ""type"": ""formula"", ""text"": """"}]"
266c3214-adc6-4caa-95cb-dca7eea5c6bd.jpg,"[{""bbox"": [4831, 12, 5032, 206], ""type"": ""annotation"", ""text"": """"}, {""bbox"": [0, 250, 3237, 806], ""type"": ""formula"", ""text"": """"}, {""bbox"": [3548, 311, 5046, 950], ""type"": ""image"", ""text"": """"}, {""bbox"": [1, 837, 3438, 1395], ""type"": ""formula"", ""text"": """"}, {""bbox"": [3, 1630, 4559, 1973], ""type"": ""formula"", ""text"": """"}, {""bbox"": [2, 2259, 3037, 2603], ""type"": ""formula"", ""text"": """"}, {""bbox"": [53, 2899, 3812, 3876], ""type"": ""formula"", ""text"": """"}, {""bbox"": [0, 3944, 651, 4173], ""type"": ""handwritten"", ""text"": """"}, {""bbox"": [0, 4212, 3100, 4563], ""type"": ""handwritten"", ""text"": """"}, {""bbox"": [1269, 5208, 4714, 5561], ""type"": ""formula"", ""text"": """"}, {""bbox"": [51, 5633, 1229, 5890], ""type"": ""formula"", ""text"": """"}, {""bbox"": [0, 6017, 501, 6238], ""type"": ""handwritten"", ""text"": """"}, {""bbox"": [10, 6147, 5306, 6594], ""type"": ""formula"", ""text"": """"}, {""bbox"": [36, 6650, 1154, 6936], ""type"": ""handwritten"", ""text"": """"}, {""bbox"": [36, 6650, 1154, 6936], ""type"": ""annotation"", ""text"": """"}, {""bbox"": [37, 6980, 254, 7148], ""type"": ""handwritten"", ""text"": """"}, {""bbox"": [108, 7139, 1760, 7805], ""type"": ""formula"", ""text"": """"}]"
d6b2b7b5-6e5f-4894-bb41-9e04b2e83004.jpg,"[{""bbox"": [139, 82, 584, 261], ""type"": ""image"", ""text"": """"}, {""bbox"": [979, 115, 1337, 401], ""type"": ""annotation"", ""text"": """"}, {""bbox"": [54, 147, 166, 415], ""type"": ""annotation"", ""text"": """"}, {""bbox"": [141, 309, 1105, 437], ""type"": ""formula"", ""text"": """"}, {""bbox"": [130, 401, 1633, 557], ""type"": ""handwritten"", ""text"": """"}, {""bbox"": [81, 510, 395, 579], ""type"": ""handwritten"", ""text"": """"}, {""bbox"": [83, 601, 1247, 724], ""type"": ""formula"", ""text"": """"}, {""bbox"": [1334, 640, 1540, 785], ""type"": ""annotation"", ""text"": """"}, {""bbox"": [92, 699, 1297, 828], ""type"": ""handwritten"", ""text"": """"}, {""bbox"": [96, 815, 1192, 942], ""type"": ""formula"", ""text"": """"}, {""bbox"": [94, 928, 1306, 1079], ""type"": ""formula"", ""text"": """"}, {""bbox"": [38, 1109, 1563, 1234], ""type"": ""handwritten"", ""text"": """"}, {""bbox"": [19, 1209, 1600, 1332], ""type"": ""handwritten"", ""text"": """"}, {""bbox"": [17, 1293, 714, 1372], ""type"": ""handwritten"", ""text"": """"}, {""bbox"": [1209, 1345, 1503, 1600], ""type"": ""annotation"", ""text"": """"}, {""bbox"": [1197, 1351, 1602, 1748], ""type"": ""annotation"", ""text"": """"}, {""bbox"": [16, 1392, 1215, 1529], ""type"": ""formula"", ""text"": """"}, {""bbox"": [27, 1488, 874, 1601], ""type"": ""formula"", ""text"": """"}, {""bbox"": [55, 1576, 1341, 1731], ""type"": ""formula"", ""text"": """"}, {""bbox"": [45, 1661, 1204, 1819], ""type"": ""formula"", ""text"": """"}, {""bbox"": [1246, 1688, 1614, 1925], ""type"": ""annotation"", ""text"": """"}, {""bbox"": [54, 1762, 1212, 1917], ""type"": ""formula"", ""text"": """"}, {""bbox"": [50, 1921, 1589, 2049], ""type"": ""handwritten"", ""text"": """"}, {""bbox"": [10, 2013, 1445, 2141], ""type"": ""handwritten"", ""text"": """"}]"
d1d018f2-566b-49a4-b2e2-de017047a509.jpg,"[{""bbox"": [18, 0, 1618, 70], ""type"": ""handwritten"", ""text"": """"}, {""bbox"": [21, 50, 1634, 128], ""type"": ""handwritten"", ""text"": """"}, {""bbox"": [22, 114, 1630, 196], ""type"": ""handwritten"", ""text"": """"}, {""bbox"": [42, 321, 1580, 435], ""type"": ""handwritten"", ""text"": """"}, {""bbox"": [40, 403, 1624, 519], ""type"": ""handwritten"", ""text"": """"}, {""bbox"": [46, 480, 1620, 624], ""type"": ""handwritten"", ""text"": """"}, {""bbox"": [37, 540, 1624, 686], ""type"": ""handwritten"", ""text"": """"}, {""bbox"": [36, 600, 1633, 767], ""type"": ""handwritten"", ""text"": """"}, {""bbox"": [39, 667, 1656, 817], ""type"": ""handwritten"", ""text"": """"}, {""bbox"": [45, 738, 1652, 911], ""type"": ""handwritten"", ""text"": """"}, {""bbox"": [40, 876, 348, 950], ""type"": ""handwritten"", ""text"": """"}, {""bbox"": [56, 891, 1614, 1029], ""type"": ""handwritten"", ""text"": """"}, {""bbox"": [53, 989, 1624, 1096], ""type"": ""handwritten"", ""text"": """"}, {""bbox"": [57, 1067, 1645, 1158], ""type"": ""handwritten"", ""text"": """"}, {""bbox"": [56, 1145, 1562, 1230], ""type"": ""handwritten"", ""text"": """"}, {""bbox"": [62, 1219, 257, 1301], ""type"": ""handwritten"", ""text"": """"}, {""bbox"": [126, 1425, 284, 1483], ""type"": ""handwritten"", ""text"": """"}, {""bbox"": [123, 1484, 273, 1537], ""type"": ""handwritten"", ""text"": """"}, {""bbox"": [120, 1531, 274, 1588], ""type"": ""handwritten"", ""text"": """"}, {""bbox"": [123, 1626, 285, 1686], ""type"": ""handwritten"", ""text"": """"}, {""bbox"": [123, 1626, 285, 1686], ""type"": ""formula"", ""text"": """"}, {""bbox"": [90, 1851, 354, 1921], ""type"": ""annotation"", ""text"": """"}]"
8772d631-a32a-4004-b46b-64fec1300d83.jpg,"[{""bbox"": [43, 19, 1581, 116], ""type"": ""handwritten"", ""text"": """"}, {""bbox"": [37, 111, 1601, 215], ""type"": ""handwritten"", ""text"": """"}, {""bbox"": [23, 206, 837, 296], ""type"": ""handwritten"", ""text"": """"}, {""bbox"": [56, 291, 1647, 430], ""type"": ""handwritten"", ""text"": """"}, {""bbox"": [132, 396, 670, 482], ""type"": ""handwritten"", ""text"": """"}, {""bbox"": [47, 475, 1642, 616], ""type"": ""handwritten"", ""text"": """"}, {""bbox"": [48, 558, 1638, 691], ""type"": ""handwritten"", ""text"": """"}, {""bbox"": [49, 605, 1645, 767], ""type"": ""handwritten"", ""text"": """"}, {""bbox"": [42, 710, 1167, 834], ""type"": ""handwritten"", ""text"": """"}, {""bbox"": [35, 781, 1636, 931], ""type"": ""handwritten"", ""text"": """"}, {""bbox"": [29, 867, 1624, 1027], ""type"": ""handwritten"", ""text"": """"}, {""bbox"": [29, 949, 1613, 1110], ""type"": ""handwritten"", ""text"": """"}, {""bbox"": [27, 1053, 1624, 1201], ""type"": ""handwritten"", ""text"": """"}, {""bbox"": [21, 1137, 659, 1238], ""type"": ""handwritten"", ""text"": """"}, {""bbox"": [15, 1223, 269, 1318], ""type"": ""handwritten"", ""text"": """"}, {""bbox"": [1255, 1278, 1363, 1350], ""type"": ""annotation"", ""text"": """"}, {""bbox"": [27, 1312, 1597, 1415], ""type"": ""handwritten"", ""text"": """"}, {""bbox"": [23, 1401, 1629, 1490], ""type"": ""handwritten"", ""text"": """"}, {""bbox"": [25, 1477, 1579, 1556], ""type"": ""handwritten"", ""text"": """"}, {""bbox"": [26, 1544, 1574, 1642], ""type"": ""handwritten"", ""text"": """"}, {""bbox"": [31, 1625, 1530, 1718], ""type"": ""handwritten"", ""text"": """"}, {""bbox"": [23, 1693, 712, 1771], ""type"": ""handwritten"", ""text"": """"}, {""bbox"": [31, 1762, 1368, 1839], ""type"": ""handwritten"", ""text"": """"}, {""bbox"": [34, 1826, 1442, 1899], ""type"": ""handwritten"", ""text"": """"}, {""bbox"": [33, 1890, 1047, 1962], ""type"": ""handwritten"", ""text"": """"}, {""bbox"": [30, 1953, 1560, 2038], ""type"": ""handwritten"", ""text"": """"}, {""bbox"": [1301, 2020, 1575, 2093], ""type"": ""handwritten"", ""text"": """"}, {""bbox"": [19, 2063, 1498, 2192], ""type"": ""handwritten"", ""text"": """"}, {""bbox"": [18, 2134, 1323, 2238], ""type"": ""handwritten"", ""text"": """"}, {""bbox"": [19, 2194, 1463, 2314], ""type"": ""handwritten"", ""text"": """"}]"
733c1258-753a-5574-a8bd-1bed77aa09e4.jpg,"[{""bbox"": [1587, 0, 2812, 92], ""type"": ""handwritten"", ""text"": """"}, {""bbox"": [535, 27, 2360, 271], ""type"": ""handwritten"", ""text"": """"}, {""bbox"": [319, 114, 450, 234], ""type"": ""handwritten"", ""text"": """"}, {""bbox"": [507, 224, 2138, 477], ""type"": ""handwritten"", ""text"": """"}, {""bbox"": [522, 433, 2169, 669], ""type"": ""handwritten"", ""text"": """"}, {""bbox"": [532, 639, 2009, 849], ""type"": ""handwritten"", ""text"": """"}, {""bbox"": [505, 817, 2172, 1063], ""type"": ""handwritten"", ""text"": """"}, {""bbox"": [501, 981, 1208, 1174], ""type"": ""handwritten"", ""text"": """"}, {""bbox"": [524, 1191, 1458, 1360], ""type"": ""handwritten"", ""text"": """"}, {""bbox"": [1, 1336, 216, 1504], ""type"": ""handwritten"", ""text"": """"}, {""bbox"": [556, 1353, 1092, 1538], ""type"": ""handwritten"", ""text"": """"}, {""bbox"": [593, 1549, 1236, 1716], ""type"": ""handwritten"", ""text"": """"}, {""bbox"": [608, 1718, 1429, 1960], ""type"": ""handwritten"", ""text"": """"}, {""bbox"": [381, 1922, 1727, 2144], ""type"": ""handwritten"", ""text"": """"}, {""bbox"": [396, 2105, 1730, 2310], ""type"": ""handwritten"", ""text"": """"}, {""bbox"": [401, 2265, 1454, 2446], ""type"": ""handwritten"", ""text"": """"}, {""bbox"": [414, 2429, 1240, 2659], ""type"": ""handwritten"", ""text"": """"}, {""bbox"": [438, 2615, 1597, 2845], ""type"": ""handwritten"", ""text"": """"}, {""bbox"": [0, 2619, 192, 2813], ""type"": ""handwritten"", ""text"": """"}, {""bbox"": [471, 2818, 1809, 3031], ""type"": ""handwritten"", ""text"": """"}, {""bbox"": [410, 3004, 1303, 3143], ""type"": ""handwritten"", ""text"": """"}, {""bbox"": [399, 3135, 1333, 3350], ""type"": ""handwritten"", ""text"": """"}, {""bbox"": [385, 3319, 1567, 3502], ""type"": ""handwritten"", ""text"": """"}, {""bbox"": [395, 3503, 1423, 3649], ""type"": ""handwritten"", ""text"": """"}, {""bbox"": [390, 3678, 1727, 3871], ""type"": ""handwritten"", ""text"": """"}]"
97183784-6690-5788-8ff1-656dd9cf9d25.jpg,"[{""bbox"": [428, 451, 1648, 607], ""type"": ""handwritten"", ""text"": """"}, {""bbox"": [195, 569, 898, 671], ""type"": ""handwritten"", ""text"": """"}, {""bbox"": [0, 649, 144, 770], ""type"": ""handwritten"", ""text"": """"}, {""bbox"": [188, 661, 1459, 777], ""type"": ""handwritten"", ""text"": """"}, {""bbox"": [176, 750, 1663, 883], ""type"": ""handwritten"", ""text"": """"}, {""bbox"": [159, 855, 442, 980], ""type"": ""handwritten"", ""text"": """"}, {""bbox"": [0, 857, 134, 963], ""type"": ""handwritten"", ""text"": """"}, {""bbox"": [167, 941, 1817, 1093], ""type"": ""handwritten"", ""text"": """"}, {""bbox"": [0, 967, 131, 1071], ""type"": ""handwritten"", ""text"": """"}, {""bbox"": [194, 1072, 1029, 1158], ""type"": ""handwritten"", ""text"": """"}, {""bbox"": [177, 1154, 1635, 1274], ""type"": ""handwritten"", ""text"": """"}, {""bbox"": [155, 1274, 1175, 1391], ""type"": ""handwritten"", ""text"": """"}, {""bbox"": [162, 1379, 1630, 1512], ""type"": ""handwritten"", ""text"": """"}, {""bbox"": [157, 1498, 805, 1603], ""type"": ""handwritten"", ""text"": """"}, {""bbox"": [162, 1592, 1539, 1713], ""type"": ""handwritten"", ""text"": """"}, {""bbox"": [168, 1694, 1557, 1827], ""type"": ""handwritten"", ""text"": """"}, {""bbox"": [173, 1798, 1557, 1928], ""type"": ""handwritten"", ""text"": """"}, {""bbox"": [168, 1918, 1519, 2052], ""type"": ""handwritten"", ""text"": """"}, {""bbox"": [168, 2040, 1200, 2167], ""type"": ""handwritten"", ""text"": """"}, {""bbox"": [252, 2195, 890, 2335], ""type"": ""handwritten"", ""text"": """"}, {""bbox"": [127, 2320, 1832, 2445], ""type"": ""handwritten"", ""text"": """"}, {""bbox"": [128, 2426, 1825, 2572], ""type"": ""handwritten"", ""text"": """"}, {""bbox"": [1529, 2852, 1836, 3258], ""type"": ""image"", ""text"": """"}]"
07d8b7fe-beb0-58c8-8fd8-71b863a62225.jpg,"[{""bbox"": [5, 1, 693, 125], ""type"": ""printed"", ""text"": """"}, {""bbox"": [880, 1, 1929, 112], ""type"": ""printed"", ""text"": """"}, {""bbox"": [5, 50, 691, 163], ""type"": ""printed"", ""text"": """"}, {""bbox"": [903, 56, 1962, 190], ""type"": ""printed"", ""text"": """"}, {""bbox"": [0, 109, 702, 225], ""type"": ""printed"", ""text"": """"}, {""bbox"": [913, 138, 1397, 204], ""type"": ""printed"", ""text"": """"}, {""bbox"": [1884, 218, 1958, 272], ""type"": ""annotation"", ""text"": """"}, {""bbox"": [296, 742, 1955, 932], ""type"": ""handwritten"", ""text"": """"}, {""bbox"": [281, 837, 1994, 1044], ""type"": ""handwritten"", ""text"": """"}, {""bbox"": [281, 1000, 1788, 1186], ""type"": ""handwritten"", ""text"": """"}, {""bbox"": [289, 1125, 1992, 1290], ""type"": ""handwritten"", ""text"": """"}, {""bbox"": [0, 1201, 230, 1326], ""type"": ""handwritten"", ""text"": """"}, {""bbox"": [292, 1232, 1982, 1416], ""type"": ""handwritten"", ""text"": """"}, {""bbox"": [0, 1332, 209, 1440], ""type"": ""handwritten"", ""text"": """"}, {""bbox"": [286, 1392, 1819, 1533], ""type"": ""handwritten"", ""text"": """"}, {""bbox"": [1, 1567, 98, 1712], ""type"": ""handwritten"", ""text"": """"}, {""bbox"": [1, 1925, 267, 2085], ""type"": ""handwritten"", ""text"": """"}, {""bbox"": [0, 2695, 204, 2828], ""type"": ""handwritten"", ""text"": """"}, {""bbox"": [0, 2837, 195, 2953], ""type"": ""handwritten"", ""text"": """"}]"
9ab6fe9c-604f-5a8f-9122-44fac3a19733.jpg,"[{""bbox"": [578, 240, 1887, 422], ""type"": ""handwritten"", ""text"": """"}, {""bbox"": [571, 398, 1872, 518], ""type"": ""handwritten"", ""text"": """"}, {""bbox"": [166, 475, 2792, 627], ""type"": ""handwritten"", ""text"": """"}, {""bbox"": [144, 663, 2621, 840], ""type"": ""handwritten"", ""text"": """"}, {""bbox"": [179, 832, 2961, 1002], ""type"": ""handwritten"", ""text"": """"}, {""bbox"": [235, 1012, 2756, 1176], ""type"": ""handwritten"", ""text"": """"}, {""bbox"": [882, 1196, 2417, 1361], ""type"": ""handwritten"", ""text"": """"}, {""bbox"": [136, 1390, 2178, 1558], ""type"": ""handwritten"", ""text"": """"}, {""bbox"": [118, 1571, 1738, 1716], ""type"": ""handwritten"", ""text"": """"}, {""bbox"": [160, 1758, 2179, 1935], ""type"": ""handwritten"", ""text"": """"}, {""bbox"": [205, 1922, 2943, 2119], ""type"": ""handwritten"", ""text"": """"}, {""bbox"": [199, 2106, 2682, 2309], ""type"": ""handwritten"", ""text"": """"}, {""bbox"": [202, 2304, 1940, 2451], ""type"": ""handwritten"", ""text"": """"}, {""bbox"": [180, 2460, 1973, 2631], ""type"": ""handwritten"", ""text"": """"}, {""bbox"": [182, 2646, 2627, 2801], ""type"": ""handwritten"", ""text"": """"}, {""bbox"": [115, 2823, 3092, 2996], ""type"": ""handwritten"", ""text"": """"}, {""bbox"": [146, 3003, 2769, 3182], ""type"": ""handwritten"", ""text"": """"}, {""bbox"": [168, 3190, 3100, 3374], ""type"": ""handwritten"", ""text"": """"}, {""bbox"": [180, 3383, 2515, 3560], ""type"": ""handwritten"", ""text"": """"}, {""bbox"": [202, 3554, 2539, 3761], ""type"": ""handwritten"", ""text"": """"}, {""bbox"": [197, 3751, 2516, 3926], ""type"": ""handwritten"", ""text"": """"}]"
d28943b8-f79d-5fe2-99f4-9f427c6e34ff.jpg,"[{""bbox"": [176, 115, 1678, 214], ""type"": ""handwritten"", ""text"": """"}, {""bbox"": [227, 236, 1729, 351], ""type"": ""handwritten"", ""text"": """"}, {""bbox"": [163, 362, 370, 439], ""type"": ""handwritten"", ""text"": """"}, {""bbox"": [128, 484, 1626, 606], ""type"": ""handwritten"", ""text"": """"}, {""bbox"": [99, 597, 1417, 702], ""type"": ""handwritten"", ""text"": """"}, {""bbox"": [114, 719, 1281, 817], ""type"": ""handwritten"", ""text"": """"}, {""bbox"": [97, 846, 443, 945], ""type"": ""handwritten"", ""text"": """"}, {""bbox"": [106, 949, 543, 1036], ""type"": ""handwritten"", ""text"": """"}]"
4574b0a5-fb06-5a4e-a0b2-6b3fe582b9bd.jpg,"[{""bbox"": [1037, 160, 2612, 355], ""type"": ""handwritten"", ""text"": """"}, {""bbox"": [1389, 330, 2598, 532], ""type"": ""handwritten"", ""text"": """"}, {""bbox"": [1683, 510, 2003, 681], ""type"": ""handwritten"", ""text"": """"}, {""bbox"": [259, 679, 2528, 949], ""type"": ""handwritten"", ""text"": """"}, {""bbox"": [108, 918, 2469, 1166], ""type"": ""handwritten"", ""text"": """"}, {""bbox"": [291, 1130, 2154, 1472], ""type"": ""handwritten"", ""text"": """"}, {""bbox"": [295, 1131, 2143, 1471], ""type"": ""formula"", ""text"": """"}, {""bbox"": [246, 1483, 2797, 1726], ""type"": ""formula"", ""text"": """"}, {""bbox"": [277, 1714, 1285, 1968], ""type"": ""formula"", ""text"": """"}, {""bbox"": [1338, 1882, 1603, 2062], ""type"": ""handwritten"", ""text"": """"}, {""bbox"": [386, 2070, 2788, 2288], ""type"": ""handwritten"", ""text"": """"}, {""bbox"": [211, 2273, 2613, 2505], ""type"": ""handwritten"", ""text"": """"}, {""bbox"": [215, 2512, 850, 2660], ""type"": ""formula"", ""text"": """"}, {""bbox"": [1255, 2701, 1600, 2912], ""type"": ""handwritten"", ""text"": """"}, {""bbox"": [115, 2850, 1234, 3697], ""type"": ""graph"", ""text"": """"}, {""bbox"": [1076, 2888, 2309, 3147], ""type"": ""handwritten"", ""text"": """"}, {""bbox"": [917, 3088, 2036, 3328], ""type"": ""handwritten"", ""text"": """"}, {""bbox"": [1411, 3311, 2252, 3590], ""type"": ""formula"", ""text"": """"}, {""bbox"": [207, 3642, 2819, 3931], ""type"": ""handwritten"", ""text"": """"}]"
500996ab-a1ee-55ac-b830-a417bf57a3d2.jpg,"[{""bbox"": [311, 40, 1109, 168], ""type"": ""handwritten"", ""text"": """"}, {""bbox"": [124, 142, 976, 284], ""type"": ""handwritten"", ""text"": """"}, {""bbox"": [121, 196, 1494, 377], ""type"": ""handwritten"", ""text"": """"}, {""bbox"": [56, 345, 1614, 494], ""type"": ""handwritten"", ""text"": """"}, {""bbox"": [1785, 470, 1836, 539], ""type"": ""handwritten"", ""text"": """"}, {""bbox"": [43, 506, 572, 605], ""type"": ""handwritten"", ""text"": """"}, {""bbox"": [85, 614, 256, 718], ""type"": ""handwritten"", ""text"": """"}, {""bbox"": [91, 704, 1680, 860], ""type"": ""handwritten"", ""text"": """"}, {""bbox"": [67, 835, 1641, 996], ""type"": ""handwritten"", ""text"": """"}, {""bbox"": [95, 967, 1686, 1113], ""type"": ""handwritten"", ""text"": """"}, {""bbox"": [71, 1105, 298, 1213], ""type"": ""handwritten"", ""text"": """"}, {""bbox"": [80, 1209, 997, 1331], ""type"": ""handwritten"", ""text"": """"}, {""bbox"": [75, 1331, 635, 1463], ""type"": ""handwritten"", ""text"": """"}, {""bbox"": [81, 1451, 1566, 1583], ""type"": ""handwritten"", ""text"": """"}, {""bbox"": [83, 1579, 1660, 1711], ""type"": ""handwritten"", ""text"": """"}, {""bbox"": [78, 1701, 1018, 1840], ""type"": ""handwritten"", ""text"": """"}, {""bbox"": [88, 1882, 737, 2034], ""type"": ""handwritten"", ""text"": """"}, {""bbox"": [89, 2013, 1002, 2139], ""type"": ""handwritten"", ""text"": """"}, {""bbox"": [89, 2138, 627, 2253], ""type"": ""formula"", ""text"": """"}, {""bbox"": [89, 2365, 1636, 2447], ""type"": ""handwritten"", ""text"": """"}, {""bbox"": [105, 2433, 863, 2516], ""type"": ""handwritten"", ""text"": """"}]"
ab4a0f63-eb5a-5d60-bc2c-f3e482375cf1.jpg,"[{""bbox"": [367, 293, 1455, 530], ""type"": ""formula"", ""text"": """"}, {""bbox"": [364, 515, 1387, 883], ""type"": ""table"", ""text"": """"}, {""bbox"": [1272, 1587, 1635, 1776], ""type"": ""annotation"", ""text"": """"}, {""bbox"": [426, 1814, 2328, 2045], ""type"": ""handwritten"", ""text"": """"}, {""bbox"": [530, 1949, 1615, 2175], ""type"": ""handwritten"", ""text"": """"}, {""bbox"": [638, 2167, 2054, 2496], ""type"": ""table"", ""text"": """"}, {""bbox"": [652, 2507, 2190, 2720], ""type"": ""handwritten"", ""text"": """"}, {""bbox"": [654, 2663, 1199, 2942], ""type"": ""table"", ""text"": """"}]"
060d7b29-7c95-55ee-bc57-346ea5c41c10.jpg,"[{""bbox"": [383, 79, 2791, 328], ""type"": ""handwritten"", ""text"": """"}, {""bbox"": [473, 318, 3163, 571], ""type"": ""handwritten"", ""text"": """"}, {""bbox"": [542, 533, 1829, 715], ""type"": ""handwritten"", ""text"": """"}, {""bbox"": [494, 743, 2343, 985], ""type"": ""handwritten"", ""text"": """"}, {""bbox"": [503, 956, 2921, 1177], ""type"": ""handwritten"", ""text"": """"}, {""bbox"": [395, 1191, 2813, 1411], ""type"": ""handwritten"", ""text"": """"}, {""bbox"": [327, 1405, 3167, 1614], ""type"": ""handwritten"", ""text"": """"}, {""bbox"": [355, 1599, 3277, 1833], ""type"": ""handwritten"", ""text"": """"}, {""bbox"": [308, 1820, 3225, 2074], ""type"": ""handwritten"", ""text"": """"}, {""bbox"": [310, 2059, 3065, 2304], ""type"": ""handwritten"", ""text"": """"}]"
5e1ac17d-4acd-5f47-b40b-d829cf1af6a4.jpg,"[{""bbox"": [3858, 23, 4093, 168], ""type"": ""handwritten"", ""text"": """"}, {""bbox"": [315, 33, 664, 219], ""type"": ""handwritten"", ""text"": """"}, {""bbox"": [3939, 189, 4096, 354], ""type"": ""handwritten"", ""text"": """"}, {""bbox"": [311, 234, 715, 412], ""type"": ""handwritten"", ""text"": """"}, {""bbox"": [3945, 364, 4096, 557], ""type"": ""handwritten"", ""text"": """"}, {""bbox"": [310, 414, 747, 631], ""type"": ""handwritten"", ""text"": """"}, {""bbox"": [310, 639, 733, 863], ""type"": ""handwritten"", ""text"": """"}, {""bbox"": [311, 851, 724, 1056], ""type"": ""handwritten"", ""text"": """"}, {""bbox"": [305, 1083, 656, 1291], ""type"": ""handwritten"", ""text"": """"}, {""bbox"": [300, 1311, 886, 1510], ""type"": ""handwritten"", ""text"": """"}, {""bbox"": [522, 1535, 866, 1708], ""type"": ""handwritten"", ""text"": """"}, {""bbox"": [515, 1773, 859, 1969], ""type"": ""handwritten"", ""text"": """"}, {""bbox"": [484, 2003, 819, 2198], ""type"": ""handwritten"", ""text"": """"}, {""bbox"": [255, 2196, 1400, 2502], ""type"": ""handwritten"", ""text"": """"}, {""bbox"": [251, 2437, 1241, 2746], ""type"": ""handwritten"", ""text"": """"}, {""bbox"": [579, 2673, 1253, 2941], ""type"": ""handwritten"", ""text"": """"}, {""bbox"": [553, 2924, 1167, 3072], ""type"": ""handwritten"", ""text"": """"}]"
4c5d63d9-1110-531c-b2fa-e93b9bba4121.jpg,"[{""bbox"": [918, 53, 2131, 263], ""type"": ""handwritten"", ""text"": """"}, {""bbox"": [1044, 249, 2100, 444], ""type"": ""handwritten"", ""text"": """"}, {""bbox"": [1359, 423, 1922, 632], ""type"": ""handwritten"", ""text"": """"}, {""bbox"": [471, 598, 3034, 821], ""type"": ""handwritten"", ""text"": """"}]"
1fea3754-fb07-56c3-a574-82c82a7a3ff4.jpg,"[{""bbox"": [345, 614, 2413, 924], ""type"": ""formula"", ""text"": """"}, {""bbox"": [435, 846, 2333, 1179], ""type"": ""formula"", ""text"": """"}, {""bbox"": [445, 1194, 2369, 1508], ""type"": ""formula"", ""text"": """"}]"
b96aeccd-7ec1-5b35-b362-c0ab85db07dc.jpg,"[{""bbox"": [1152, 282, 1771, 558], ""type"": ""handwritten"", ""text"": """"}, {""bbox"": [147, 502, 514, 737], ""type"": ""handwritten"", ""text"": """"}, {""bbox"": [1093, 733, 2920, 950], ""type"": ""formula"", ""text"": """"}, {""bbox"": [108, 766, 993, 952], ""type"": ""formula"", ""text"": """"}, {""bbox"": [132, 950, 669, 1151], ""type"": ""formula"", ""text"": """"}, {""bbox"": [1096, 960, 2449, 1152], ""type"": ""formula"", ""text"": """"}, {""bbox"": [139, 1152, 705, 1335], ""type"": ""formula"", ""text"": """"}, {""bbox"": [1163, 1173, 2885, 1342], ""type"": ""handwritten"", ""text"": """"}, {""bbox"": [1088, 1337, 2918, 1557], ""type"": ""formula"", ""text"": """"}, {""bbox"": [159, 1342, 1031, 1625], ""type"": ""formula"", ""text"": """"}, {""bbox"": [162, 1590, 880, 1834], ""type"": ""formula"", ""text"": """"}, {""bbox"": [238, 1845, 514, 2044], ""type"": ""formula"", ""text"": """"}, {""bbox"": [1190, 2036, 1730, 2262], ""type"": ""handwritten"", ""text"": """"}, {""bbox"": [1090, 2245, 1880, 2456], ""type"": ""handwritten"", ""text"": """"}, {""bbox"": [273, 2258, 715, 2451], ""type"": ""handwritten"", ""text"": """"}, {""bbox"": [1096, 2439, 2926, 2636], ""type"": ""formula"", ""text"": """"}, {""bbox"": [215, 2452, 957, 2668], ""type"": ""formula"", ""text"": """"}, {""bbox"": [1233, 2608, 2920, 2866], ""type"": ""handwritten"", ""text"": """"}, {""bbox"": [209, 2646, 968, 2917], ""type"": ""formula"", ""text"": """"}, {""bbox"": [209, 2646, 968, 2917], ""type"": ""handwritten"", ""text"": """"}, {""bbox"": [258, 2861, 521, 3047], ""type"": ""handwritten"", ""text"": """"}, {""bbox"": [258, 2861, 521, 3047], ""type"": ""formula"", ""text"": """"}]"
92107779-a9bb-59ef-80f0-e0b074acbbc5.jpg,"[{""bbox"": [455, 0, 1711, 141], ""type"": ""handwritten"", ""text"": """"}, {""bbox"": [563, 380, 3618, 700], ""type"": ""handwritten"", ""text"": """"}, {""bbox"": [412, 628, 2482, 916], ""type"": ""handwritten"", ""text"": """"}, {""bbox"": [562, 765, 3618, 1148], ""type"": ""handwritten"", ""text"": """"}, {""bbox"": [562, 991, 3618, 1301], ""type"": ""handwritten"", ""text"": """"}, {""bbox"": [562, 1211, 3618, 1505], ""type"": ""handwritten"", ""text"": """"}, {""bbox"": [416, 1496, 716, 1676], ""type"": ""handwritten"", ""text"": """"}, {""bbox"": [461, 1611, 3394, 1906], ""type"": ""handwritten"", ""text"": """"}, {""bbox"": [664, 1813, 3722, 2155], ""type"": ""handwritten"", ""text"": """"}, {""bbox"": [397, 2140, 1616, 2380], ""type"": ""handwritten"", ""text"": """"}, {""bbox"": [664, 2224, 3722, 2656], ""type"": ""handwritten"", ""text"": """"}, {""bbox"": [366, 2586, 679, 2821], ""type"": ""annotation"", ""text"": """"}, {""bbox"": [366, 2586, 679, 2821], ""type"": ""handwritten"", ""text"": """"}]"
defa144a-9bd4-56f5-b951-c23607449449.jpg,"[{""bbox"": [868, 154, 3922, 3060], ""type"": ""table"", ""text"": """"}]"
052068c9-4ed7-5f3a-8951-c37a606a5af7.jpg,"[{""bbox"": [848, 59, 2181, 329], ""type"": ""handwritten"", ""text"": """"}, {""bbox"": [554, 287, 2044, 556], ""type"": ""handwritten"", ""text"": """"}, {""bbox"": [315, 502, 2182, 808], ""type"": ""handwritten"", ""text"": """"}, {""bbox"": [179, 716, 2188, 1529], ""type"": ""table"", ""text"": """"}, {""bbox"": [203, 727, 678, 1011], ""type"": ""handwritten"", ""text"": """"}, {""bbox"": [933, 770, 1363, 1025], ""type"": ""handwritten"", ""text"": """"}, {""bbox"": [1572, 815, 1906, 1068], ""type"": ""handwritten"", ""text"": """"}, {""bbox"": [169, 979, 587, 1238], ""type"": ""handwritten"", ""text"": """"}, {""bbox"": [916, 1003, 1349, 1283], ""type"": ""handwritten"", ""text"": """"}, {""bbox"": [1593, 1046, 1959, 1265], ""type"": ""handwritten"", ""text"": """"}, {""bbox"": [176, 1204, 579, 1470], ""type"": ""handwritten"", ""text"": """"}, {""bbox"": [1590, 1269, 1954, 1523], ""type"": ""handwritten"", ""text"": """"}, {""bbox"": [866, 1281, 1276, 1510], ""type"": ""handwritten"", ""text"": """"}]"
65fd757d-857d-53dc-8c51-f875a2553497.jpg,"[{""bbox"": [1130, 204, 2119, 486], ""type"": ""handwritten"", ""text"": """"}, {""bbox"": [1190, 433, 2356, 700], ""type"": ""handwritten"", ""text"": """"}, {""bbox"": [1571, 651, 1884, 847], ""type"": ""annotation"", ""text"": """"}, {""bbox"": [195, 880, 1248, 1241], ""type"": ""table"", ""text"": """"}, {""bbox"": [1512, 889, 2288, 1256], ""type"": ""table"", ""text"": """"}, {""bbox"": [182, 1378, 1566, 1579], ""type"": ""formula"", ""text"": """"}, {""bbox"": [1245, 1730, 1541, 1910], ""type"": ""annotation"", ""text"": """"}, {""bbox"": [174, 1949, 1291, 2114], ""type"": ""handwritten"", ""text"": """"}, {""bbox"": [167, 2125, 1718, 2551], ""type"": ""table"", ""text"": """"}]"
5eabbc4e-1439-5f92-ab93-bc5416357737.jpg,"[{""bbox"": [552, 261, 3519, 541], ""type"": ""handwritten"", ""text"": """"}, {""bbox"": [552, 510, 3546, 740], ""type"": ""handwritten"", ""text"": """"}, {""bbox"": [452, 716, 3314, 949], ""type"": ""handwritten"", ""text"": """"}, {""bbox"": [453, 905, 3322, 1196], ""type"": ""handwritten"", ""text"": """"}, {""bbox"": [479, 1149, 3443, 1398], ""type"": ""handwritten"", ""text"": """"}, {""bbox"": [551, 1507, 3548, 1882], ""type"": ""handwritten"", ""text"": """"}]"
14fce619-19e9-569d-89ff-6a48c7a4f22b.jpg,"[{""bbox"": [237, 33, 1540, 156], ""type"": ""handwritten"", ""text"": """"}, {""bbox"": [663, 157, 1100, 241], ""type"": ""handwritten"", ""text"": """"}, {""bbox"": [259, 242, 1503, 339], ""type"": ""handwritten"", ""text"": """"}, {""bbox"": [248, 331, 1487, 452], ""type"": ""handwritten"", ""text"": """"}, {""bbox"": [205, 444, 1593, 545], ""type"": ""handwritten"", ""text"": """"}, {""bbox"": [210, 546, 1601, 635], ""type"": ""handwritten"", ""text"": """"}, {""bbox"": [214, 652, 1575, 735], ""type"": ""handwritten"", ""text"": """"}, {""bbox"": [709, 753, 1093, 833], ""type"": ""handwritten"", ""text"": """"}, {""bbox"": [293, 851, 1683, 941], ""type"": ""handwritten"", ""text"": """"}, {""bbox"": [225, 963, 1686, 1054], ""type"": ""handwritten"", ""text"": """"}, {""bbox"": [212, 1069, 1685, 1164], ""type"": ""handwritten"", ""text"": """"}, {""bbox"": [209, 1171, 1684, 1265], ""type"": ""handwritten"", ""text"": """"}, {""bbox"": [210, 1279, 1574, 1401], ""type"": ""handwritten"", ""text"": """"}, {""bbox"": [209, 1403, 1042, 1515], ""type"": ""handwritten"", ""text"": """"}, {""bbox"": [283, 1500, 1666, 1611], ""type"": ""handwritten"", ""text"": """"}, {""bbox"": [198, 1618, 1685, 1738], ""type"": ""handwritten"", ""text"": """"}, {""bbox"": [192, 1725, 1687, 1852], ""type"": ""handwritten"", ""text"": """"}, {""bbox"": [741, 1854, 1302, 1956], ""type"": ""handwritten"", ""text"": """"}, {""bbox"": [235, 1992, 576, 2074], ""type"": ""handwritten"", ""text"": """"}, {""bbox"": [237, 2107, 666, 2207], ""type"": ""formula"", ""text"": """"}]"
dd95254a-5099-5b24-807f-3166bff736af.jpg,"[{""bbox"": [163, 938, 2545, 1175], ""type"": ""handwritten"", ""text"": """"}, {""bbox"": [158, 1156, 2594, 1355], ""type"": ""handwritten"", ""text"": """"}, {""bbox"": [130, 1323, 2489, 1524], ""type"": ""handwritten"", ""text"": """"}, {""bbox"": [125, 1485, 2721, 1716], ""type"": ""handwritten"", ""text"": """"}, {""bbox"": [131, 1670, 2736, 1905], ""type"": ""handwritten"", ""text"": """"}, {""bbox"": [118, 1858, 1896, 2056], ""type"": ""handwritten"", ""text"": """"}, {""bbox"": [2548, 2545, 3023, 3998], ""type"": ""image"", ""text"": """"}]"
f88baa22-9e53-545a-af6c-d6c49ba35657.jpg,"[{""bbox"": [3445, 0, 4032, 131], ""type"": ""handwritten"", ""text"": """"}, {""bbox"": [3467, 145, 4032, 279], ""type"": ""handwritten"", ""text"": """"}, {""bbox"": [3479, 290, 4032, 441], ""type"": ""handwritten"", ""text"": """"}, {""bbox"": [1527, 384, 2334, 504], ""type"": ""handwritten"", ""text"": """"}, {""bbox"": [3452, 463, 4030, 592], ""type"": ""handwritten"", ""text"": """"}, {""bbox"": [1331, 503, 2422, 672], ""type"": ""handwritten"", ""text"": """"}, {""bbox"": [3452, 635, 4032, 768], ""type"": ""handwritten"", ""text"": """"}, {""bbox"": [1865, 678, 2293, 859], ""type"": ""handwritten"", ""text"": """"}, {""bbox"": [3458, 784, 4032, 936], ""type"": ""handwritten"", ""text"": """"}, {""bbox"": [535, 884, 3325, 1060], ""type"": ""handwritten"", ""text"": """"}, {""bbox"": [3473, 960, 4031, 1098], ""type"": ""handwritten"", ""text"": """"}, {""bbox"": [450, 1065, 3362, 1247], ""type"": ""handwritten"", ""text"": """"}, {""bbox"": [466, 1232, 3349, 1431], ""type"": ""handwritten"", ""text"": """"}, {""bbox"": [391, 1431, 3374, 1603], ""type"": ""handwritten"", ""text"": """"}, {""bbox"": [376, 1638, 1193, 1764], ""type"": ""handwritten"", ""text"": """"}, {""bbox"": [352, 1791, 3194, 1974], ""type"": ""handwritten"", ""text"": """"}, {""bbox"": [1640, 1989, 2116, 2156], ""type"": ""handwritten"", ""text"": """"}, {""bbox"": [459, 2165, 3174, 2352], ""type"": ""handwritten"", ""text"": """"}, {""bbox"": [284, 2348, 2931, 2553], ""type"": ""handwritten"", ""text"": """"}]"
1e6f8da7-84bf-516e-a4a7-d1cea06b6526.jpg,"[{""bbox"": [89, 62, 435, 137], ""type"": ""handwritten"", ""text"": """"}, {""bbox"": [103, 151, 425, 251], ""type"": ""handwritten"", ""text"": """"}, {""bbox"": [93, 270, 343, 349], ""type"": ""handwritten"", ""text"": """"}, {""bbox"": [169, 374, 649, 493], ""type"": ""handwritten"", ""text"": """"}, {""bbox"": [90, 497, 368, 587], ""type"": ""handwritten"", ""text"": """"}, {""bbox"": [85, 612, 359, 707], ""type"": ""handwritten"", ""text"": """"}, {""bbox"": [98, 722, 410, 815], ""type"": ""handwritten"", ""text"": """"}, {""bbox"": [190, 805, 1685, 944], ""type"": ""handwritten"", ""text"": """"}, {""bbox"": [93, 934, 1437, 1060], ""type"": ""handwritten"", ""text"": """"}, {""bbox"": [193, 1063, 1249, 1161], ""type"": ""handwritten"", ""text"": """"}, {""bbox"": [89, 1194, 588, 1329], ""type"": ""handwritten"", ""text"": """"}, {""bbox"": [91, 1337, 597, 1440], ""type"": ""handwritten"", ""text"": """"}, {""bbox"": [106, 1447, 681, 1564], ""type"": ""handwritten"", ""text"": """"}, {""bbox"": [93, 1577, 638, 1683], ""type"": ""handwritten"", ""text"": """"}, {""bbox"": [256, 1692, 1124, 1818], ""type"": ""handwritten"", ""text"": """"}, {""bbox"": [91, 1798, 1490, 1947], ""type"": ""handwritten"", ""text"": """"}, {""bbox"": [102, 1934, 1208, 2093], ""type"": ""handwritten"", ""text"": """"}, {""bbox"": [1281, 2036, 1549, 2155], ""type"": ""annotation"", ""text"": """"}, {""bbox"": [113, 2071, 1185, 2225], ""type"": ""handwritten"", ""text"": """"}, {""bbox"": [140, 2218, 1313, 2367], ""type"": ""handwritten"", ""text"": """"}]"
99c408e3-b079-5abc-b98e-c2e35de1c25d.jpg,"[{""bbox"": [967, 0, 1936, 140], ""type"": ""handwritten"", ""text"": """"}, {""bbox"": [999, 140, 2133, 378], ""type"": ""handwritten"", ""text"": """"}, {""bbox"": [739, 379, 1895, 572], ""type"": ""handwritten"", ""text"": """"}, {""bbox"": [46, 621, 1066, 783], ""type"": ""handwritten"", ""text"": """"}, {""bbox"": [18, 862, 1651, 1004], ""type"": ""handwritten"", ""text"": """"}, {""bbox"": [32, 1067, 2134, 1252], ""type"": ""handwritten"", ""text"": """"}, {""bbox"": [76, 1261, 2811, 1454], ""type"": ""handwritten"", ""text"": """"}, {""bbox"": [1340, 1493, 1920, 1682], ""type"": ""handwritten"", ""text"": """"}, {""bbox"": [1357, 1702, 2032, 1865], ""type"": ""handwritten"", ""text"": """"}, {""bbox"": [109, 1890, 3006, 2087], ""type"": ""handwritten"", ""text"": """"}, {""bbox"": [123, 2094, 2033, 2279], ""type"": ""handwritten"", ""text"": """"}, {""bbox"": [139, 2287, 3007, 2489], ""type"": ""handwritten"", ""text"": """"}, {""bbox"": [130, 2491, 2994, 2685], ""type"": ""handwritten"", ""text"": """"}, {""bbox"": [151, 2680, 2986, 2885], ""type"": ""handwritten"", ""text"": """"}, {""bbox"": [166, 2878, 2750, 3080], ""type"": ""handwritten"", ""text"": """"}, {""bbox"": [164, 3061, 2657, 3266], ""type"": ""handwritten"", ""text"": """"}, {""bbox"": [209, 3238, 3010, 3453], ""type"": ""handwritten"", ""text"": """"}, {""bbox"": [211, 3432, 2967, 3658], ""type"": ""handwritten"", ""text"": """"}, {""bbox"": [255, 3664, 1514, 3821], ""type"": ""handwritten"", ""text"": """"}]"
edd41178-78ed-5e89-bf38-d152db0b3e59.jpg,"[{""bbox"": [225, 267, 2548, 436], ""type"": ""handwritten"", ""text"": """"}, {""bbox"": [229, 430, 2531, 623], ""type"": ""handwritten"", ""text"": """"}, {""bbox"": [341, 612, 2573, 770], ""type"": ""handwritten"", ""text"": """"}, {""bbox"": [257, 776, 2521, 943], ""type"": ""handwritten"", ""text"": """"}, {""bbox"": [244, 948, 2430, 1117], ""type"": ""handwritten"", ""text"": """"}, {""bbox"": [250, 1110, 2513, 1276], ""type"": ""handwritten"", ""text"": """"}, {""bbox"": [253, 1279, 2522, 1456], ""type"": ""handwritten"", ""text"": """"}, {""bbox"": [255, 1475, 2343, 1633], ""type"": ""handwritten"", ""text"": """"}, {""bbox"": [256, 1645, 1313, 1804], ""type"": ""handwritten"", ""text"": """"}, {""bbox"": [379, 1808, 2517, 1956], ""type"": ""handwritten"", ""text"": """"}, {""bbox"": [252, 1971, 2575, 2160], ""type"": ""handwritten"", ""text"": """"}, {""bbox"": [266, 2157, 2476, 2334], ""type"": ""handwritten"", ""text"": """"}, {""bbox"": [285, 2320, 2429, 2507], ""type"": ""handwritten"", ""text"": """"}, {""bbox"": [268, 2498, 2525, 2682], ""type"": ""handwritten"", ""text"": """"}, {""bbox"": [275, 2680, 2706, 2857], ""type"": ""handwritten"", ""text"": """"}, {""bbox"": [264, 2874, 1961, 3067], ""type"": ""handwritten"", ""text"": """"}]"
722f3510-1231-5e82-8803-a5bd9658337f.jpg,"[{""bbox"": [294, 284, 1749, 458], ""type"": ""handwritten"", ""text"": """"}, {""bbox"": [304, 424, 1758, 562], ""type"": ""handwritten"", ""text"": """"}, {""bbox"": [343, 531, 830, 639], ""type"": ""handwritten"", ""text"": """"}, {""bbox"": [712, 619, 1562, 777], ""type"": ""handwritten"", ""text"": """"}, {""bbox"": [274, 714, 1619, 907], ""type"": ""handwritten"", ""text"": """"}, {""bbox"": [285, 879, 1691, 1028], ""type"": ""handwritten"", ""text"": """"}, {""bbox"": [284, 1014, 1713, 1140], ""type"": ""handwritten"", ""text"": """"}, {""bbox"": [286, 1149, 1711, 1320], ""type"": ""handwritten"", ""text"": """"}, {""bbox"": [239, 1291, 1798, 1439], ""type"": ""handwritten"", ""text"": """"}, {""bbox"": [232, 1411, 1531, 1559], ""type"": ""handwritten"", ""text"": """"}, {""bbox"": [650, 1525, 1110, 1668], ""type"": ""handwritten"", ""text"": """"}, {""bbox"": [259, 1625, 1770, 1796], ""type"": ""handwritten"", ""text"": """"}, {""bbox"": [272, 1778, 1159, 1917], ""type"": ""handwritten"", ""text"": """"}, {""bbox"": [263, 1894, 1278, 2016], ""type"": ""handwritten"", ""text"": """"}, {""bbox"": [265, 2049, 1031, 2170], ""type"": ""handwritten"", ""text"": """"}, {""bbox"": [279, 2174, 882, 2272], ""type"": ""handwritten"", ""text"": """"}, {""bbox"": [265, 2283, 1562, 2443], ""type"": ""handwritten"", ""text"": """"}, {""bbox"": [254, 2417, 1712, 2551], ""type"": ""handwritten"", ""text"": """"}, {""bbox"": [255, 2554, 742, 2694], ""type"": ""handwritten"", ""text"": """"}]"
fed1ee07-03b4-5220-833f-a1e0e0ea8eed.jpg,"[{""bbox"": [352, 320, 714, 524], ""type"": ""handwritten"", ""text"": """"}, {""bbox"": [355, 553, 677, 803], ""type"": ""handwritten"", ""text"": """"}, {""bbox"": [345, 849, 688, 1040], ""type"": ""handwritten"", ""text"": """"}, {""bbox"": [324, 1095, 657, 1333], ""type"": ""handwritten"", ""text"": """"}, {""bbox"": [313, 1374, 695, 1599], ""type"": ""handwritten"", ""text"": """"}, {""bbox"": [321, 1698, 3227, 1950], ""type"": ""handwritten"", ""text"": """"}, {""bbox"": [507, 2000, 1261, 2137], ""type"": ""handwritten"", ""text"": """"}, {""bbox"": [483, 2255, 2303, 2451], ""type"": ""handwritten"", ""text"": """"}, {""bbox"": [452, 2512, 2223, 2733], ""type"": ""handwritten"", ""text"": """"}, {""bbox"": [542, 2733, 2498, 3021], ""type"": ""handwritten"", ""text"": """"}]"
50df26eb-ecf7-5008-8003-615329dda2cd.jpg,"[{""bbox"": [537, 195, 1267, 318], ""type"": ""handwritten"", ""text"": """"}, {""bbox"": [417, 301, 1274, 438], ""type"": ""handwritten"", ""text"": """"}, {""bbox"": [256, 420, 686, 544], ""type"": ""handwritten"", ""text"": """"}, {""bbox"": [241, 544, 384, 676], ""type"": ""handwritten"", ""text"": """"}, {""bbox"": [233, 660, 428, 774], ""type"": ""handwritten"", ""text"": """"}, {""bbox"": [227, 755, 455, 891], ""type"": ""handwritten"", ""text"": """"}, {""bbox"": [222, 883, 405, 1016], ""type"": ""handwritten"", ""text"": """"}, {""bbox"": [215, 1004, 399, 1132], ""type"": ""handwritten"", ""text"": """"}, {""bbox"": [207, 1126, 363, 1255], ""type"": ""handwritten"", ""text"": """"}, {""bbox"": [208, 1251, 492, 1362], ""type"": ""handwritten"", ""text"": """"}, {""bbox"": [318, 1358, 535, 1492], ""type"": ""handwritten"", ""text"": """"}, {""bbox"": [318, 1473, 540, 1601], ""type"": ""handwritten"", ""text"": """"}, {""bbox"": [312, 1578, 541, 1711], ""type"": ""handwritten"", ""text"": """"}, {""bbox"": [202, 1707, 1601, 1835], ""type"": ""handwritten"", ""text"": """"}, {""bbox"": [1157, 1817, 1540, 1870], ""type"": ""handwritten"", ""text"": """"}, {""bbox"": [219, 1823, 1723, 1962], ""type"": ""handwritten"", ""text"": """"}, {""bbox"": [193, 1944, 1798, 2091], ""type"": ""handwritten"", ""text"": """"}, {""bbox"": [189, 2082, 1283, 2209], ""type"": ""handwritten"", ""text"": """"}, {""bbox"": [180, 2186, 1788, 2328], ""type"": ""handwritten"", ""text"": """"}, {""bbox"": [201, 2315, 1582, 2467], ""type"": ""handwritten"", ""text"": """"}]"
b5209011-6e43-5ee6-893b-ce6869ee3a88.jpg,"[{""bbox"": [1413, 325, 2617, 604], ""type"": ""handwritten"", ""text"": """"}, {""bbox"": [1641, 555, 2907, 867], ""type"": ""handwritten"", ""text"": """"}, {""bbox"": [552, 775, 3543, 1109], ""type"": ""handwritten"", ""text"": """"}, {""bbox"": [195, 1053, 2112, 1330], ""type"": ""handwritten"", ""text"": """"}, {""bbox"": [162, 1287, 2492, 1596], ""type"": ""handwritten"", ""text"": """"}, {""bbox"": [1630, 1588, 2611, 1746], ""type"": ""handwritten"", ""text"": """"}, {""bbox"": [197, 1596, 1639, 2681], ""type"": ""image"", ""text"": """"}, {""bbox"": [1618, 1717, 2732, 1864], ""type"": ""handwritten"", ""text"": """"}, {""bbox"": [1627, 1840, 2795, 1981], ""type"": ""handwritten"", ""text"": """"}, {""bbox"": [1633, 1952, 2901, 2082], ""type"": ""handwritten"", ""text"": """"}, {""bbox"": [1645, 2056, 2889, 2199], ""type"": ""handwritten"", ""text"": """"}, {""bbox"": [1636, 2176, 2704, 2325], ""type"": ""handwritten"", ""text"": """"}, {""bbox"": [1640, 2291, 2897, 2546], ""type"": ""handwritten"", ""text"": """"}]"
c3442eb5-e4fe-5eb1-9d7b-cbb1c703a991.jpg,"[{""bbox"": [557, 47, 3575, 368], ""type"": ""handwritten"", ""text"": """"}, {""bbox"": [0, 156, 196, 325], ""type"": ""handwritten"", ""text"": """"}, {""bbox"": [3977, 265, 4032, 385], ""type"": ""handwritten"", ""text"": """"}, {""bbox"": [556, 355, 3559, 610], ""type"": ""handwritten"", ""text"": """"}, {""bbox"": [455, 606, 3475, 890], ""type"": ""handwritten"", ""text"": """"}, {""bbox"": [317, 880, 3129, 1190], ""type"": ""handwritten"", ""text"": """"}, {""bbox"": [456, 1154, 3474, 1447], ""type"": ""handwritten"", ""text"": """"}, {""bbox"": [458, 1404, 3474, 1742], ""type"": ""handwritten"", ""text"": """"}, {""bbox"": [409, 1650, 750, 1970], ""type"": ""handwritten"", ""text"": """"}, {""bbox"": [470, 1890, 3477, 2249], ""type"": ""handwritten"", ""text"": """"}, {""bbox"": [437, 2211, 918, 2452], ""type"": ""handwritten"", ""text"": """"}, {""bbox"": [465, 2383, 3476, 2772], ""type"": ""handwritten"", ""text"": """"}]"
c37cf07d-205a-5e6c-973b-8604785ab9ec.jpg,"[{""bbox"": [387, 221, 1369, 430], ""type"": ""handwritten"", ""text"": """"}, {""bbox"": [365, 375, 2188, 607], ""type"": ""handwritten"", ""text"": """"}, {""bbox"": [371, 585, 2695, 776], ""type"": ""handwritten"", ""text"": """"}, {""bbox"": [363, 775, 1984, 978], ""type"": ""handwritten"", ""text"": """"}, {""bbox"": [358, 970, 2598, 1152], ""type"": ""handwritten"", ""text"": """"}, {""bbox"": [338, 1147, 2655, 1317], ""type"": ""handwritten"", ""text"": """"}, {""bbox"": [327, 1336, 1363, 1511], ""type"": ""handwritten"", ""text"": """"}, {""bbox"": [333, 1487, 2618, 1683], ""type"": ""handwritten"", ""text"": """"}, {""bbox"": [308, 1688, 2647, 1857], ""type"": ""handwritten"", ""text"": """"}, {""bbox"": [281, 1879, 2647, 2037], ""type"": ""handwritten"", ""text"": """"}, {""bbox"": [300, 2062, 2219, 2212], ""type"": ""handwritten"", ""text"": """"}, {""bbox"": [312, 2247, 971, 2380], ""type"": ""handwritten"", ""text"": """"}, {""bbox"": [270, 2404, 2653, 2592], ""type"": ""handwritten"", ""text"": """"}, {""bbox"": [345, 2584, 2329, 2750], ""type"": ""handwritten"", ""text"": """"}, {""bbox"": [337, 2780, 2619, 2935], ""type"": ""handwritten"", ""text"": """"}, {""bbox"": [372, 2943, 2473, 3118], ""type"": ""handwritten"", ""text"": """"}, {""bbox"": [295, 3093, 2721, 3299], ""type"": ""handwritten"", ""text"": """"}, {""bbox"": [359, 3292, 2365, 3474], ""type"": ""handwritten"", ""text"": """"}, {""bbox"": [292, 3457, 2585, 3659], ""type"": ""handwritten"", ""text"": """"}, {""bbox"": [284, 3624, 2364, 3820], ""type"": ""handwritten"", ""text"": """"}]"
15b01904-3e29-5816-abc2-574e00458aea.jpg,"[{""bbox"": [606, 1385, 1241, 1513], ""type"": ""handwritten"", ""text"": """"}, {""bbox"": [563, 1515, 1295, 1678], ""type"": ""handwritten"", ""text"": """"}, {""bbox"": [176, 1589, 2887, 1903], ""type"": ""handwritten"", ""text"": """"}, {""bbox"": [226, 1721, 2895, 1990], ""type"": ""handwritten"", ""text"": """"}, {""bbox"": [217, 1783, 2918, 2097], ""type"": ""handwritten"", ""text"": """"}, {""bbox"": [203, 1884, 2927, 2202], ""type"": ""handwritten"", ""text"": """"}, {""bbox"": [167, 2040, 2924, 2288], ""type"": ""handwritten"", ""text"": """"}, {""bbox"": [146, 2201, 2944, 2432], ""type"": ""handwritten"", ""text"": """"}, {""bbox"": [130, 2368, 2973, 2571], ""type"": ""handwritten"", ""text"": """"}, {""bbox"": [170, 2530, 2819, 2761], ""type"": ""handwritten"", ""text"": """"}]"
1857446a-5a5e-53df-9bea-8d439f766b2a.jpg,"[{""bbox"": [438, 109, 789, 325], ""type"": ""handwritten"", ""text"": """"}, {""bbox"": [479, 329, 837, 587], ""type"": ""handwritten"", ""text"": """"}, {""bbox"": [448, 593, 822, 830], ""type"": ""handwritten"", ""text"": """"}, {""bbox"": [450, 863, 853, 1126], ""type"": ""handwritten"", ""text"": """"}, {""bbox"": [488, 1132, 859, 1362], ""type"": ""handwritten"", ""text"": """"}, {""bbox"": [490, 1366, 842, 1636], ""type"": ""handwritten"", ""text"": """"}, {""bbox"": [492, 1630, 867, 1899], ""type"": ""handwritten"", ""text"": """"}, {""bbox"": [523, 1887, 926, 2134], ""type"": ""handwritten"", ""text"": """"}, {""bbox"": [544, 2134, 947, 2396], ""type"": ""handwritten"", ""text"": """"}, {""bbox"": [532, 2361, 1049, 2638], ""type"": ""handwritten"", ""text"": """"}, {""bbox"": [529, 2621, 911, 2912], ""type"": ""handwritten"", ""text"": """"}, {""bbox"": [560, 2903, 983, 3140], ""type"": ""handwritten"", ""text"": """"}, {""bbox"": [551, 3147, 993, 3399], ""type"": ""handwritten"", ""text"": """"}, {""bbox"": [559, 3380, 1090, 3638], ""type"": ""handwritten"", ""text"": """"}, {""bbox"": [597, 3622, 1042, 3868], ""type"": ""handwritten"", ""text"": """"}]"
ebcb201e-e897-53c7-b5f7-5024a33ed378.jpg,"[{""bbox"": [69, 0, 1855, 49], ""type"": ""handwritten"", ""text"": """"}, {""bbox"": [31, 68, 1850, 172], ""type"": ""handwritten"", ""text"": """"}, {""bbox"": [21, 194, 1816, 313], ""type"": ""handwritten"", ""text"": """"}, {""bbox"": [18, 333, 667, 407], ""type"": ""handwritten"", ""text"": """"}, {""bbox"": [73, 457, 1927, 591], ""type"": ""handwritten"", ""text"": """"}, {""bbox"": [6, 596, 622, 727], ""type"": ""handwritten"", ""text"": """"}, {""bbox"": [10, 722, 1905, 857], ""type"": ""handwritten"", ""text"": """"}, {""bbox"": [23, 873, 1715, 978], ""type"": ""handwritten"", ""text"": """"}, {""bbox"": [37, 998, 1318, 1114], ""type"": ""handwritten"", ""text"": """"}, {""bbox"": [29, 1131, 710, 1245], ""type"": ""handwritten"", ""text"": """"}, {""bbox"": [26, 1260, 670, 1369], ""type"": ""handwritten"", ""text"": """"}, {""bbox"": [27, 1386, 891, 1505], ""type"": ""handwritten"", ""text"": """"}, {""bbox"": [58, 1520, 821, 1633], ""type"": ""handwritten"", ""text"": """"}, {""bbox"": [32, 1658, 444, 1729], ""type"": ""handwritten"", ""text"": """"}, {""bbox"": [47, 1784, 1225, 1900], ""type"": ""handwritten"", ""text"": """"}, {""bbox"": [40, 1911, 1143, 2011], ""type"": ""handwritten"", ""text"": """"}, {""bbox"": [16, 2028, 1779, 2165], ""type"": ""handwritten"", ""text"": """"}, {""bbox"": [110, 2177, 702, 2273], ""type"": ""handwritten"", ""text"": """"}, {""bbox"": [56, 2294, 1629, 2409], ""type"": ""handwritten"", ""text"": """"}, {""bbox"": [29, 2419, 1735, 2539], ""type"": ""handwritten"", ""text"": """"}, {""bbox"": [108, 2547, 732, 2652], ""type"": ""handwritten"", ""text"": """"}]"
435e94ff-044c-52de-b6ba-bdac4f209b67.jpg,"[{""bbox"": [1125, 212, 2539, 396], ""type"": ""handwritten"", ""text"": """"}, {""bbox"": [1470, 354, 2482, 522], ""type"": ""handwritten"", ""text"": """"}, {""bbox"": [274, 512, 2639, 696], ""type"": ""handwritten"", ""text"": """"}, {""bbox"": [0, 523, 162, 708], ""type"": ""handwritten"", ""text"": """"}, {""bbox"": [232, 658, 2712, 836], ""type"": ""handwritten"", ""text"": """"}, {""bbox"": [251, 805, 2494, 1002], ""type"": ""handwritten"", ""text"": """"}, {""bbox"": [234, 977, 2419, 1134], ""type"": ""handwritten"", ""text"": """"}, {""bbox"": [245, 1111, 2562, 1289], ""type"": ""handwritten"", ""text"": """"}, {""bbox"": [1, 1133, 154, 1302], ""type"": ""handwritten"", ""text"": """"}, {""bbox"": [330, 1268, 2593, 1430], ""type"": ""handwritten"", ""text"": """"}, {""bbox"": [274, 1412, 2775, 1580], ""type"": ""handwritten"", ""text"": """"}, {""bbox"": [274, 1566, 948, 1762], ""type"": ""handwritten"", ""text"": """"}, {""bbox"": [0, 1715, 158, 1865], ""type"": ""handwritten"", ""text"": """"}, {""bbox"": [275, 1757, 405, 1844], ""type"": ""handwritten"", ""text"": """"}, {""bbox"": [0, 1855, 216, 1998], ""type"": ""handwritten"", ""text"": """"}, {""bbox"": [568, 1948, 2506, 2139], ""type"": ""handwritten"", ""text"": """"}, {""bbox"": [788, 2092, 1954, 2266], ""type"": ""handwritten"", ""text"": """"}, {""bbox"": [314, 2231, 2759, 2421], ""type"": ""handwritten"", ""text"": """"}, {""bbox"": [319, 2379, 2643, 2575], ""type"": ""handwritten"", ""text"": """"}, {""bbox"": [267, 2560, 1271, 2717], ""type"": ""handwritten"", ""text"": """"}, {""bbox"": [340, 2630, 2047, 2829], ""type"": ""handwritten"", ""text"": """"}, {""bbox"": [324, 2795, 2728, 2992], ""type"": ""handwritten"", ""text"": """"}, {""bbox"": [316, 2960, 1076, 3124], ""type"": ""handwritten"", ""text"": """"}, {""bbox"": [0, 2984, 266, 3197], ""type"": ""handwritten"", ""text"": """"}, {""bbox"": [336, 3073, 2528, 3246], ""type"": ""handwritten"", ""text"": """"}, {""bbox"": [295, 3222, 2540, 3389], ""type"": ""handwritten"", ""text"": """"}, {""bbox"": [1, 3262, 146, 3413], ""type"": ""handwritten"", ""text"": """"}, {""bbox"": [414, 3370, 2659, 3556], ""type"": ""handwritten"", ""text"": """"}]"
5afe97d9-b028-57d3-8d90-5bf34a9dd2aa.jpg,"[{""bbox"": [516, 0, 1085, 89], ""type"": ""handwritten"", ""text"": """"}, {""bbox"": [494, 56, 864, 138], ""type"": ""handwritten"", ""text"": """"}, {""bbox"": [514, 119, 1445, 237], ""type"": ""handwritten"", ""text"": """"}, {""bbox"": [598, 180, 829, 263], ""type"": ""handwritten"", ""text"": """"}, {""bbox"": [63, 206, 251, 282], ""type"": ""handwritten"", ""text"": """"}, {""bbox"": [520, 239, 797, 324], ""type"": ""handwritten"", ""text"": """"}, {""bbox"": [20, 320, 313, 431], ""type"": ""formula"", ""text"": """"}, {""bbox"": [520, 346, 899, 432], ""type"": ""formula"", ""text"": """"}, {""bbox"": [24, 448, 348, 549], ""type"": ""formula"", ""text"": """"}, {""bbox"": [518, 454, 986, 571], ""type"": ""formula"", ""text"": """"}, {""bbox"": [518, 573, 1767, 699], ""type"": ""formula"", ""text"": """"}, {""bbox"": [16, 575, 476, 655], ""type"": ""formula"", ""text"": """"}, {""bbox"": [88, 688, 207, 768], ""type"": ""formula"", ""text"": """"}, {""bbox"": [503, 714, 1032, 818], ""type"": ""handwritten"", ""text"": """"}, {""bbox"": [807, 859, 1049, 941], ""type"": ""handwritten"", ""text"": """"}, {""bbox"": [571, 971, 880, 1062], ""type"": ""handwritten"", ""text"": """"}, {""bbox"": [18, 1086, 281, 1191], ""type"": ""formula"", ""text"": """"}, {""bbox"": [583, 1090, 915, 1178], ""type"": ""formula"", ""text"": """"}, {""bbox"": [582, 1192, 1502, 1299], ""type"": ""formula"", ""text"": """"}, {""bbox"": [24, 1206, 548, 1304], ""type"": ""formula"", ""text"": """"}, {""bbox"": [582, 1339, 1275, 1423], ""type"": ""formula"", ""text"": """"}, {""bbox"": [18, 1345, 292, 1455], ""type"": ""formula"", ""text"": """"}, {""bbox"": [66, 1472, 221, 1557], ""type"": ""formula"", ""text"": """"}, {""bbox"": [593, 1477, 1049, 1571], ""type"": ""handwritten"", ""text"": """"}, {""bbox"": [759, 1622, 1016, 1700], ""type"": ""handwritten"", ""text"": """"}, {""bbox"": [379, 1756, 741, 1837], ""type"": ""handwritten"", ""text"": """"}, {""bbox"": [45, 1757, 742, 1838], ""type"": ""handwritten"", ""text"": """"}, {""bbox"": [389, 1884, 731, 1982], ""type"": ""formula"", ""text"": """"}, {""bbox"": [23, 1904, 227, 1977], ""type"": ""formula"", ""text"": """"}, {""bbox"": [373, 1997, 772, 2116], ""type"": ""formula"", ""text"": """"}, {""bbox"": [17, 2134, 706, 2295], ""type"": ""formula"", ""text"": """"}, {""bbox"": [41, 2313, 379, 2421], ""type"": ""formula"", ""text"": """"}, {""bbox"": [47, 2337, 1456, 2578], ""type"": ""formula"", ""text"": """"}, {""bbox"": [51, 2380, 874, 2581], ""type"": ""formula"", ""text"": """"}]"
555fde63-5903-5962-8976-d76559248573.jpg,"[{""bbox"": [1004, 71, 1963, 272], ""type"": ""handwritten"", ""text"": """"}, {""bbox"": [1082, 244, 1858, 382], ""type"": ""handwritten"", ""text"": """"}, {""bbox"": [1331, 396, 1624, 525], ""type"": ""handwritten"", ""text"": """"}, {""bbox"": [217, 499, 1275, 764], ""type"": ""formula"", ""text"": """"}, {""bbox"": [232, 787, 794, 922], ""type"": ""formula"", ""text"": """"}, {""bbox"": [238, 927, 831, 1106], ""type"": ""formula"", ""text"": """"}, {""bbox"": [1291, 1124, 1607, 1331], ""type"": ""handwritten"", ""text"": """"}, {""bbox"": [182, 1353, 1525, 1670], ""type"": ""formula"", ""text"": """"}, {""bbox"": [50, 1615, 1296, 2411], ""type"": ""graph"", ""text"": """"}, {""bbox"": [1184, 2359, 1554, 2518], ""type"": ""handwritten"", ""text"": """"}, {""bbox"": [135, 2532, 1867, 2737], ""type"": ""formula"", ""text"": """"}, {""bbox"": [121, 2755, 1381, 2956], ""type"": ""handwritten"", ""text"": """"}, {""bbox"": [133, 2959, 1830, 3157], ""type"": ""handwritten"", ""text"": """"}, {""bbox"": [133, 2959, 1830, 3157], ""type"": ""formula"", ""text"": """"}, {""bbox"": [112, 3180, 954, 3329], ""type"": ""formula"", ""text"": """"}, {""bbox"": [130, 3403, 844, 3580], ""type"": ""handwritten"", ""text"": """"}]"
c75a79da-ba0b-5e6f-9d0f-1732e1910456.jpg,"[{""bbox"": [106, 79, 1140, 188], ""type"": ""handwritten"", ""text"": """"}, {""bbox"": [205, 191, 929, 286], ""type"": ""formula"", ""text"": """"}, {""bbox"": [197, 295, 1120, 438], ""type"": ""formula"", ""text"": """"}, {""bbox"": [257, 448, 1091, 558], ""type"": ""formula"", ""text"": """"}, {""bbox"": [251, 583, 1206, 698], ""type"": ""formula"", ""text"": """"}, {""bbox"": [263, 724, 702, 827], ""type"": ""formula"", ""text"": """"}, {""bbox"": [385, 843, 595, 949], ""type"": ""formula"", ""text"": """"}, {""bbox"": [308, 1012, 921, 1104], ""type"": ""formula"", ""text"": """"}, {""bbox"": [133, 1129, 1380, 1249], ""type"": ""handwritten"", ""text"": """"}, {""bbox"": [171, 1253, 911, 1350], ""type"": ""formula"", ""text"": """"}, {""bbox"": [1071, 1254, 1959, 1353], ""type"": ""formula"", ""text"": """"}, {""bbox"": [1272, 1373, 1584, 1470], ""type"": ""formula"", ""text"": """"}, {""bbox"": [276, 1380, 546, 1470], ""type"": ""formula"", ""text"": """"}, {""bbox"": [1358, 1469, 1563, 1541], ""type"": ""formula"", ""text"": """"}, {""bbox"": [338, 1470, 519, 1536], ""type"": ""formula"", ""text"": """"}, {""bbox"": [151, 1587, 780, 1719], ""type"": ""handwritten"", ""text"": """"}]"
cab9e50b-4442-5006-86b3-9fa616fbc1bd.jpg,"[{""bbox"": [603, 180, 1030, 341], ""type"": ""handwritten"", ""text"": """"}, {""bbox"": [603, 419, 1045, 656], ""type"": ""handwritten"", ""text"": """"}, {""bbox"": [617, 760, 1046, 961], ""type"": ""handwritten"", ""text"": """"}, {""bbox"": [601, 1031, 1062, 1261], ""type"": ""handwritten"", ""text"": """"}, {""bbox"": [644, 1320, 1071, 1578], ""type"": ""handwritten"", ""text"": """"}, {""bbox"": [637, 1724, 1086, 1909], ""type"": ""handwritten"", ""text"": """"}, {""bbox"": [649, 2025, 1102, 2218], ""type"": ""handwritten"", ""text"": """"}, {""bbox"": [669, 2337, 1103, 2528], ""type"": ""handwritten"", ""text"": """"}, {""bbox"": [679, 2571, 1537, 2869], ""type"": ""handwritten"", ""text"": """"}, {""bbox"": [680, 2919, 1132, 3155], ""type"": ""handwritten"", ""text"": """"}, {""bbox"": [683, 3294, 1141, 3492], ""type"": ""handwritten"", ""text"": """"}, {""bbox"": [699, 3601, 1167, 3808], ""type"": ""handwritten"", ""text"": """"}]"
cab6a855-d6ae-5d1c-a6f2-814bfb4c8c64.jpg,"[{""bbox"": [457, 518, 3475, 789], ""type"": ""handwritten"", ""text"": """"}, {""bbox"": [457, 713, 3476, 1010], ""type"": ""handwritten"", ""text"": """"}, {""bbox"": [458, 927, 3476, 1360], ""type"": ""handwritten"", ""text"": """"}, {""bbox"": [457, 1126, 3473, 1578], ""type"": ""handwritten"", ""text"": """"}, {""bbox"": [354, 1317, 3376, 1719], ""type"": ""handwritten"", ""text"": """"}]"
172ded73-72b7-50cd-ac5f-1fb6e90a9496.jpg,"[{""bbox"": [278, 1052, 2025, 1167], ""type"": ""printed"", ""text"": """"}, {""bbox"": [429, 1181, 1940, 1263], ""type"": ""printed"", ""text"": """"}, {""bbox"": [271, 1184, 1992, 1325], ""type"": ""printed"", ""text"": """"}, {""bbox"": [2809, 1217, 3024, 1270], ""type"": ""printed"", ""text"": """"}, {""bbox"": [253, 1235, 1660, 1317], ""type"": ""printed"", ""text"": """"}, {""bbox"": [2247, 1277, 3022, 1341], ""type"": ""printed"", ""text"": """"}, {""bbox"": [1001, 1429, 1368, 1569], ""type"": ""handwritten"", ""text"": """"}, {""bbox"": [438, 1531, 1931, 1679], ""type"": ""handwritten"", ""text"": """"}, {""bbox"": [430, 1658, 2414, 1813], ""type"": ""handwritten"", ""text"": """"}, {""bbox"": [428, 1778, 2335, 1908], ""type"": ""handwritten"", ""text"": """"}, {""bbox"": [425, 1894, 2371, 2039], ""type"": ""handwritten"", ""text"": """"}, {""bbox"": [395, 2113, 2436, 2277], ""type"": ""handwritten"", ""text"": """"}, {""bbox"": [379, 2283, 905, 2411], ""type"": ""handwritten"", ""text"": """"}, {""bbox"": [371, 2366, 2439, 2525], ""type"": ""handwritten"", ""text"": """"}, {""bbox"": [363, 2517, 2449, 2679], ""type"": ""handwritten"", ""text"": """"}]"
83fb89dc-812a-5be8-9405-7847a23e46dc.jpg,"[{""bbox"": [338, 207, 2366, 628], ""type"": ""handwritten"", ""text"": """"}, {""bbox"": [342, 212, 1326, 561], ""type"": ""handwritten"", ""text"": """"}, {""bbox"": [399, 590, 1338, 836], ""type"": ""formula"", ""text"": """"}, {""bbox"": [1455, 630, 1960, 882], ""type"": ""formula"", ""text"": """"}, {""bbox"": [402, 880, 1339, 1120], ""type"": ""formula"", ""text"": """"}, {""bbox"": [1497, 905, 3508, 1285], ""type"": ""formula"", ""text"": """"}, {""bbox"": [340, 1097, 1323, 1397], ""type"": ""formula"", ""text"": """"}, {""bbox"": [1522, 1254, 2211, 1615], ""type"": ""handwritten"", ""text"": """"}, {""bbox"": [1524, 1256, 2840, 1627], ""type"": ""handwritten"", ""text"": """"}]"
f4d6f199-7aee-5419-9a23-131957acc3a6.jpg,"[{""bbox"": [536, 47, 986, 128], ""type"": ""handwritten"", ""text"": """"}, {""bbox"": [499, 148, 1037, 251], ""type"": ""handwritten"", ""text"": """"}, {""bbox"": [423, 262, 1522, 375], ""type"": ""handwritten"", ""text"": """"}, {""bbox"": [177, 369, 1643, 474], ""type"": ""handwritten"", ""text"": """"}, {""bbox"": [123, 480, 1669, 588], ""type"": ""handwritten"", ""text"": """"}, {""bbox"": [134, 584, 1053, 688], ""type"": ""handwritten"", ""text"": """"}, {""bbox"": [247, 694, 1649, 800], ""type"": ""handwritten"", ""text"": """"}, {""bbox"": [202, 804, 634, 902], ""type"": ""formula"", ""text"": """"}, {""bbox"": [156, 930, 1178, 1011], ""type"": ""handwritten"", ""text"": """"}, {""bbox"": [150, 1045, 1084, 1123], ""type"": ""handwritten"", ""text"": """"}, {""bbox"": [147, 1138, 1013, 1255], ""type"": ""handwritten"", ""text"": """"}, {""bbox"": [668, 1284, 921, 1367], ""type"": ""handwritten"", ""text"": """"}, {""bbox"": [110, 1392, 775, 1485], ""type"": ""formula"", ""text"": """"}, {""bbox"": [124, 1515, 876, 1607], ""type"": ""handwritten"", ""text"": """"}, {""bbox"": [124, 1515, 876, 1607], ""type"": ""formula"", ""text"": """"}, {""bbox"": [190, 1764, 1024, 1927], ""type"": ""formula"", ""text"": """"}, {""bbox"": [118, 2026, 473, 2120], ""type"": ""formula"", ""text"": """"}, {""bbox"": [186, 2120, 1456, 2257], ""type"": ""handwritten"", ""text"": """"}]"
c16ac84e-1a17-54a2-a5db-3421e9870ad1.jpg,"[{""bbox"": [874, 217, 1944, 370], ""type"": ""handwritten"", ""text"": """"}, {""bbox"": [0, 252, 256, 384], ""type"": ""handwritten"", ""text"": """"}, {""bbox"": [1183, 389, 1547, 525], ""type"": ""handwritten"", ""text"": """"}, {""bbox"": [315, 530, 2430, 763], ""type"": ""formula"", ""text"": """"}, {""bbox"": [313, 748, 1324, 957], ""type"": ""formula"", ""text"": """"}, {""bbox"": [307, 979, 2471, 1209], ""type"": ""formula"", ""text"": """"}, {""bbox"": [326, 1252, 1411, 1479], ""type"": ""formula"", ""text"": """"}, {""bbox"": [326, 1541, 2764, 1738], ""type"": ""formula"", ""text"": """"}, {""bbox"": [306, 1829, 1251, 2065], ""type"": ""formula"", ""text"": """"}, {""bbox"": [324, 2084, 2747, 2279], ""type"": ""formula"", ""text"": """"}, {""bbox"": [328, 2314, 1342, 2573], ""type"": ""formula"", ""text"": """"}, {""bbox"": [1210, 2551, 1510, 2718], ""type"": ""handwritten"", ""text"": """"}, {""bbox"": [323, 2750, 2507, 2924], ""type"": ""formula"", ""text"": """"}, {""bbox"": [314, 2947, 838, 3101], ""type"": ""formula"", ""text"": """"}, {""bbox"": [308, 3215, 1467, 3391], ""type"": ""formula"", ""text"": """"}, {""bbox"": [306, 3404, 2078, 3611], ""type"": ""formula"", ""text"": """"}, {""bbox"": [297, 3640, 1254, 3784], ""type"": ""formula"", ""text"": """"}, {""bbox"": [318, 3790, 1071, 3922], ""type"": ""handwritten"", ""text"": """"}, {""bbox"": [318, 3790, 1071, 3922], ""type"": ""formula"", ""text"": """"}]"
6440b626-9bee-5f44-9dac-951de7044424.jpg,"[{""bbox"": [143, 171, 1350, 372], ""type"": ""formula"", ""text"": """"}, {""bbox"": [226, 344, 1615, 565], ""type"": ""handwritten"", ""text"": """"}, {""bbox"": [493, 540, 1310, 735], ""type"": ""handwritten"", ""text"": """"}, {""bbox"": [493, 540, 1310, 735], ""type"": ""formula"", ""text"": """"}, {""bbox"": [390, 739, 1796, 954], ""type"": ""formula"", ""text"": """"}, {""bbox"": [263, 943, 1287, 1263], ""type"": ""formula"", ""text"": """"}, {""bbox"": [460, 1237, 2756, 1494], ""type"": ""formula"", ""text"": """"}, {""bbox"": [2444, 1366, 2780, 1518], ""type"": ""formula"", ""text"": """"}, {""bbox"": [193, 1417, 1592, 1642], ""type"": ""formula"", ""text"": """"}, {""bbox"": [301, 1633, 1601, 1830], ""type"": ""handwritten"", ""text"": """"}, {""bbox"": [408, 1815, 1404, 2025], ""type"": ""formula"", ""text"": """"}, {""bbox"": [414, 2004, 1151, 2210], ""type"": ""formula"", ""text"": """"}, {""bbox"": [409, 2166, 1098, 2395], ""type"": ""formula"", ""text"": """"}, {""bbox"": [239, 2374, 1411, 2600], ""type"": ""handwritten"", ""text"": """"}, {""bbox"": [1095, 2584, 1623, 2768], ""type"": ""formula"", ""text"": """"}, {""bbox"": [440, 2623, 893, 2778], ""type"": ""formula"", ""text"": """"}, {""bbox"": [1193, 2786, 1565, 2945], ""type"": ""formula"", ""text"": """"}, {""bbox"": [448, 2807, 936, 2955], ""type"": ""formula"", ""text"": """"}, {""bbox"": [260, 2958, 1447, 3179], ""type"": ""formula"", ""text"": """"}, {""bbox"": [304, 3150, 1578, 3357], ""type"": ""handwritten"", ""text"": """"}, {""bbox"": [349, 3346, 1254, 3525], ""type"": ""formula"", ""text"": """"}, {""bbox"": [1702, 3482, 2699, 3701], ""type"": ""formula"", ""text"": """"}, {""bbox"": [1702, 3482, 2699, 3701], ""type"": ""handwritten"", ""text"": """"}, {""bbox"": [366, 3521, 1078, 3707], ""type"": ""formula"", ""text"": """"}, {""bbox"": [382, 3696, 1416, 3900], ""type"": ""formula"", ""text"": """"}, {""bbox"": [2281, 3708, 2764, 3896], ""type"": ""formula"", ""text"": """"}, {""bbox"": [1584, 3721, 2130, 3902], ""type"": ""formula"", ""text"": """"}]"
8fe7dd6d-ec76-538a-a07a-1d30573dbec0.jpg,"[{""bbox"": [216, 397, 2607, 643], ""type"": ""handwritten"", ""text"": """"}, {""bbox"": [221, 574, 2516, 785], ""type"": ""handwritten"", ""text"": """"}, {""bbox"": [227, 738, 2587, 957], ""type"": ""handwritten"", ""text"": """"}, {""bbox"": [226, 903, 2631, 1131], ""type"": ""handwritten"", ""text"": """"}, {""bbox"": [230, 1070, 2567, 1283], ""type"": ""handwritten"", ""text"": """"}, {""bbox"": [2630, 1316, 2945, 1524], ""type"": ""handwritten"", ""text"": """"}, {""bbox"": [122, 1395, 2593, 1624], ""type"": ""handwritten"", ""text"": """"}, {""bbox"": [41, 1587, 2530, 1803], ""type"": ""handwritten"", ""text"": """"}, {""bbox"": [162, 1773, 1733, 1955], ""type"": ""handwritten"", ""text"": """"}, {""bbox"": [59, 1936, 2505, 2156], ""type"": ""handwritten"", ""text"": """"}, {""bbox"": [128, 2132, 2275, 2322], ""type"": ""handwritten"", ""text"": """"}, {""bbox"": [140, 2314, 2443, 2505], ""type"": ""handwritten"", ""text"": """"}, {""bbox"": [59, 2491, 2141, 2680], ""type"": ""handwritten"", ""text"": """"}, {""bbox"": [125, 2678, 2666, 2862], ""type"": ""handwritten"", ""text"": """"}, {""bbox"": [78, 2864, 2728, 3062], ""type"": ""handwritten"", ""text"": """"}, {""bbox"": [50, 3054, 2530, 3263], ""type"": ""handwritten"", ""text"": """"}, {""bbox"": [109, 3246, 3018, 3479], ""type"": ""handwritten"", ""text"": """"}, {""bbox"": [66, 3437, 657, 3627], ""type"": ""annotation"", ""text"": """"}]"
728d28d0-1c0a-53eb-8cd1-5d2123cf0a90.jpg,"[{""bbox"": [48, 251, 112, 283], ""type"": ""handwritten"", ""text"": """"}, {""bbox"": [46, 292, 110, 326], ""type"": ""handwritten"", ""text"": """"}, {""bbox"": [49, 332, 113, 371], ""type"": ""handwritten"", ""text"": """"}, {""bbox"": [47, 365, 490, 417], ""type"": ""handwritten"", ""text"": """"}, {""bbox"": [47, 365, 490, 417], ""type"": ""formula"", ""text"": """"}, {""bbox"": [51, 421, 184, 456], ""type"": ""handwritten"", ""text"": """"}, {""bbox"": [50, 460, 344, 503], ""type"": ""handwritten"", ""text"": """"}, {""bbox"": [50, 505, 401, 545], ""type"": ""formula"", ""text"": """"}, {""bbox"": [50, 554, 245, 588], ""type"": ""formula"", ""text"": """"}, {""bbox"": [56, 594, 346, 632], ""type"": ""handwritten"", ""text"": """"}, {""bbox"": [39, 643, 246, 688], ""type"": ""handwritten"", ""text"": """"}, {""bbox"": [46, 734, 675, 782], ""type"": ""handwritten"", ""text"": """"}, {""bbox"": [47, 780, 541, 827], ""type"": ""handwritten"", ""text"": """"}, {""bbox"": [48, 824, 608, 875], ""type"": ""formula"", ""text"": """"}, {""bbox"": [34, 891, 67, 932], ""type"": ""handwritten"", ""text"": """"}, {""bbox"": [47, 931, 173, 970], ""type"": ""handwritten"", ""text"": """"}, {""bbox"": [26, 989, 249, 1029], ""type"": ""formula"", ""text"": """"}, {""bbox"": [26, 1035, 368, 1082], ""type"": ""formula"", ""text"": """"}, {""bbox"": [18, 1096, 226, 1139], ""type"": ""formula"", ""text"": """"}, {""bbox"": [17, 1139, 318, 1191], ""type"": ""handwritten"", ""text"": """"}]"
eed1b246-adc9-5e9a-9ff8-f4d5122c5552.jpg,"[{""bbox"": [970, 147, 1727, 306], ""type"": ""handwritten"", ""text"": """"}, {""bbox"": [929, 298, 1965, 462], ""type"": ""handwritten"", ""text"": """"}, {""bbox"": [1339, 444, 1878, 600], ""type"": ""handwritten"", ""text"": """"}, {""bbox"": [338, 567, 2905, 744], ""type"": ""handwritten"", ""text"": """"}, {""bbox"": [215, 723, 2907, 886], ""type"": ""handwritten"", ""text"": """"}, {""bbox"": [189, 867, 2855, 1049], ""type"": ""handwritten"", ""text"": """"}, {""bbox"": [201, 1026, 2909, 1193], ""type"": ""handwritten"", ""text"": """"}, {""bbox"": [194, 1167, 2942, 1330], ""type"": ""handwritten"", ""text"": """"}, {""bbox"": [197, 1309, 2808, 1481], ""type"": ""handwritten"", ""text"": """"}, {""bbox"": [191, 1462, 2942, 1646], ""type"": ""handwritten"", ""text"": """"}, {""bbox"": [162, 1632, 2915, 1797], ""type"": ""handwritten"", ""text"": """"}, {""bbox"": [150, 1778, 2786, 1955], ""type"": ""handwritten"", ""text"": """"}, {""bbox"": [180, 1933, 2980, 2122], ""type"": ""handwritten"", ""text"": """"}, {""bbox"": [116, 2097, 2986, 2275], ""type"": ""handwritten"", ""text"": """"}, {""bbox"": [95, 2256, 2953, 2438], ""type"": ""handwritten"", ""text"": """"}, {""bbox"": [115, 2412, 2440, 2590], ""type"": ""handwritten"", ""text"": """"}, {""bbox"": [212, 2568, 3023, 2787], ""type"": ""handwritten"", ""text"": """"}, {""bbox"": [100, 2768, 3052, 2967], ""type"": ""handwritten"", ""text"": """"}, {""bbox"": [95, 2946, 3088, 3137], ""type"": ""handwritten"", ""text"": """"}, {""bbox"": [62, 3113, 3013, 3305], ""type"": ""handwritten"", ""text"": """"}, {""bbox"": [146, 3289, 3044, 3514], ""type"": ""handwritten"", ""text"": """"}, {""bbox"": [59, 3502, 1205, 3714], ""type"": ""handwritten"", ""text"": """"}]"
2a8a7785-2a06-5b1c-92af-35397c96bdd0.jpg,"[{""bbox"": [402, 384, 3005, 593], ""type"": ""handwritten"", ""text"": """"}, {""bbox"": [422, 580, 2701, 764], ""type"": ""handwritten"", ""text"": """"}, {""bbox"": [296, 759, 2939, 936], ""type"": ""handwritten"", ""text"": """"}, {""bbox"": [290, 925, 2728, 1112], ""type"": ""handwritten"", ""text"": """"}, {""bbox"": [305, 1104, 2950, 1284], ""type"": ""handwritten"", ""text"": """"}, {""bbox"": [260, 1286, 2767, 1484], ""type"": ""handwritten"", ""text"": """"}, {""bbox"": [258, 1468, 3121, 1658], ""type"": ""handwritten"", ""text"": """"}, {""bbox"": [253, 1641, 3123, 1853], ""type"": ""handwritten"", ""text"": """"}, {""bbox"": [242, 1835, 2832, 2039], ""type"": ""handwritten"", ""text"": """"}, {""bbox"": [276, 2027, 3186, 2224], ""type"": ""handwritten"", ""text"": """"}, {""bbox"": [232, 2208, 2885, 2415], ""type"": ""handwritten"", ""text"": """"}, {""bbox"": [216, 2398, 2657, 2604], ""type"": ""handwritten"", ""text"": """"}, {""bbox"": [175, 2616, 2613, 2816], ""type"": ""handwritten"", ""text"": """"}, {""bbox"": [204, 2812, 3115, 3041], ""type"": ""handwritten"", ""text"": """"}, {""bbox"": [218, 3026, 3110, 3260], ""type"": ""handwritten"", ""text"": """"}, {""bbox"": [203, 3246, 3201, 3492], ""type"": ""handwritten"", ""text"": """"}, {""bbox"": [199, 3462, 3306, 3697], ""type"": ""handwritten"", ""text"": """"}, {""bbox"": [170, 3674, 3316, 3926], ""type"": ""handwritten"", ""text"": """"}, {""bbox"": [158, 3905, 3260, 4184], ""type"": ""handwritten"", ""text"": """"}, {""bbox"": [113, 4169, 3021, 4412], ""type"": ""handwritten"", ""text"": """"}]"
fbc3669d-f293-51de-9719-8101fde850a9.jpg,"[{""bbox"": [914, 208, 1696, 428], ""type"": ""handwritten"", ""text"": """"}, {""bbox"": [741, 384, 1524, 600], ""type"": ""handwritten"", ""text"": """"}, {""bbox"": [335, 554, 2606, 802], ""type"": ""handwritten"", ""text"": """"}, {""bbox"": [181, 748, 2744, 1001], ""type"": ""handwritten"", ""text"": """"}, {""bbox"": [191, 950, 651, 1164], ""type"": ""handwritten"", ""text"": """"}, {""bbox"": [912, 1147, 2045, 1368], ""type"": ""handwritten"", ""text"": """"}, {""bbox"": [149, 1305, 1281, 1583], ""type"": ""handwritten"", ""text"": """"}, {""bbox"": [161, 1560, 1406, 1775], ""type"": ""handwritten"", ""text"": """"}, {""bbox"": [156, 1775, 1222, 1977], ""type"": ""handwritten"", ""text"": """"}, {""bbox"": [146, 1927, 1097, 2164], ""type"": ""handwritten"", ""text"": """"}, {""bbox"": [142, 2168, 1135, 2383], ""type"": ""handwritten"", ""text"": """"}, {""bbox"": [867, 2337, 1718, 2570], ""type"": ""handwritten"", ""text"": """"}, {""bbox"": [148, 2581, 984, 2742], ""type"": ""handwritten"", ""text"": """"}, {""bbox"": [128, 2831, 919, 3025], ""type"": ""handwritten"", ""text"": """"}, {""bbox"": [152, 2993, 1050, 3231], ""type"": ""handwritten"", ""text"": """"}, {""bbox"": [151, 3244, 1050, 3385], ""type"": ""handwritten"", ""text"": """"}]"
b706c539-06b2-5ac9-82cd-ca5b9396ee04.jpg,"[{""bbox"": [555, 84, 3573, 353], ""type"": ""handwritten"", ""text"": """"}, {""bbox"": [454, 428, 954, 560], ""type"": ""handwritten"", ""text"": """"}, {""bbox"": [384, 574, 2344, 851], ""type"": ""handwritten"", ""text"": """"}, {""bbox"": [458, 828, 3348, 1081], ""type"": ""handwritten"", ""text"": """"}, {""bbox"": [1, 841, 194, 1004], ""type"": ""handwritten"", ""text"": """"}, {""bbox"": [481, 1054, 3404, 1332], ""type"": ""handwritten"", ""text"": """"}, {""bbox"": [487, 1306, 1543, 1580], ""type"": ""handwritten"", ""text"": """"}, {""bbox"": [456, 1522, 3442, 1796], ""type"": ""handwritten"", ""text"": """"}, {""bbox"": [555, 1766, 3573, 2038], ""type"": ""handwritten"", ""text"": """"}, {""bbox"": [556, 2022, 3528, 2262], ""type"": ""handwritten"", ""text"": """"}, {""bbox"": [656, 2240, 3677, 2534], ""type"": ""handwritten"", ""text"": """"}, {""bbox"": [1, 2303, 194, 2456], ""type"": ""handwritten"", ""text"": """"}]"
e69f5074-9919-5692-84c0-dece835711cf.jpg,"[{""bbox"": [270, 1805, 1284, 1924], ""type"": ""handwritten"", ""text"": """"}, {""bbox"": [267, 1932, 2113, 2048], ""type"": ""handwritten"", ""text"": """"}, {""bbox"": [606, 2049, 2437, 2171], ""type"": ""handwritten"", ""text"": """"}, {""bbox"": [248, 2190, 1980, 2301], ""type"": ""handwritten"", ""text"": """"}, {""bbox"": [240, 2338, 1327, 2436], ""type"": ""handwritten"", ""text"": """"}, {""bbox"": [646, 2452, 2510, 2579], ""type"": ""handwritten"", ""text"": """"}, {""bbox"": [643, 2592, 2196, 2712], ""type"": ""handwritten"", ""text"": """"}, {""bbox"": [645, 2735, 1748, 2869], ""type"": ""handwritten"", ""text"": """"}, {""bbox"": [219, 2857, 2594, 2998], ""type"": ""handwritten"", ""text"": """"}, {""bbox"": [615, 3004, 2513, 3146], ""type"": ""handwritten"", ""text"": """"}]"
ef80bd7e-eca7-5bab-9d19-d417a099de80.jpg,"[{""bbox"": [785, 479, 2191, 644], ""type"": ""handwritten"", ""text"": """"}, {""bbox"": [574, 622, 1979, 771], ""type"": ""handwritten"", ""text"": """"}, {""bbox"": [598, 747, 2543, 924], ""type"": ""handwritten"", ""text"": """"}, {""bbox"": [0, 816, 377, 950], ""type"": ""handwritten"", ""text"": """"}, {""bbox"": [602, 920, 2034, 1075], ""type"": ""handwritten"", ""text"": """"}, {""bbox"": [0, 989, 248, 1128], ""type"": ""handwritten"", ""text"": """"}, {""bbox"": [484, 1057, 2545, 1230], ""type"": ""handwritten"", ""text"": """"}, {""bbox"": [0, 1131, 324, 1276], ""type"": ""handwritten"", ""text"": """"}, {""bbox"": [429, 1215, 2647, 1432], ""type"": ""handwritten"", ""text"": """"}, {""bbox"": [0, 1288, 402, 1426], ""type"": ""handwritten"", ""text"": """"}, {""bbox"": [450, 1355, 2585, 1522], ""type"": ""handwritten"", ""text"": """"}, {""bbox"": [0, 1435, 400, 1571], ""type"": ""handwritten"", ""text"": """"}, {""bbox"": [0, 1586, 261, 1735], ""type"": ""handwritten"", ""text"": """"}, {""bbox"": [474, 1586, 865, 1708], ""type"": ""handwritten"", ""text"": """"}, {""bbox"": [921, 1715, 1495, 1860], ""type"": ""handwritten"", ""text"": """"}, {""bbox"": [488, 1863, 2569, 2006], ""type"": ""handwritten"", ""text"": """"}, {""bbox"": [0, 1904, 379, 2042], ""type"": ""handwritten"", ""text"": """"}, {""bbox"": [464, 2024, 2461, 2167], ""type"": ""handwritten"", ""text"": """"}, {""bbox"": [1, 2075, 321, 2188], ""type"": ""handwritten"", ""text"": """"}, {""bbox"": [581, 2180, 1412, 2319], ""type"": ""handwritten"", ""text"": """"}, {""bbox"": [0, 2232, 302, 2390], ""type"": ""handwritten"", ""text"": """"}, {""bbox"": [504, 2346, 1125, 2505], ""type"": ""handwritten"", ""text"": """"}, {""bbox"": [491, 2501, 1289, 2669], ""type"": ""handwritten"", ""text"": """"}, {""bbox"": [496, 2678, 2168, 2817], ""type"": ""handwritten"", ""text"": """"}, {""bbox"": [438, 2824, 2558, 2987], ""type"": ""handwritten"", ""text"": """"}, {""bbox"": [496, 2997, 2493, 3163], ""type"": ""handwritten"", ""text"": """"}, {""bbox"": [452, 3162, 2756, 3338], ""type"": ""handwritten"", ""text"": """"}, {""bbox"": [444, 3326, 2535, 3518], ""type"": ""handwritten"", ""text"": """"}, {""bbox"": [439, 3504, 1999, 3669], ""type"": ""handwritten"", ""text"": """"}]"
251ddee6-e8e2-58a3-91c2-eb4970a2648d.jpg,"[{""bbox"": [1004, 726, 1352, 893], ""type"": ""handwritten"", ""text"": """"}, {""bbox"": [383, 833, 2427, 1051], ""type"": ""formula"", ""text"": """"}, {""bbox"": [456, 1184, 1096, 1353], ""type"": ""handwritten"", ""text"": """"}, {""bbox"": [0, 1189, 357, 1356], ""type"": ""handwritten"", ""text"": """"}, {""bbox"": [1102, 1296, 1551, 1429], ""type"": ""annotation"", ""text"": """"}, {""bbox"": [1177, 1425, 2708, 1709], ""type"": ""formula"", ""text"": """"}, {""bbox"": [415, 1904, 1283, 2110], ""type"": ""handwritten"", ""text"": """"}, {""bbox"": [449, 2272, 2645, 2467], ""type"": ""handwritten"", ""text"": """"}, {""bbox"": [418, 2476, 1042, 2603], ""type"": ""formula"", ""text"": """"}, {""bbox"": [470, 2594, 1270, 2771], ""type"": ""handwritten"", ""text"": """"}, {""bbox"": [462, 2758, 1287, 2926], ""type"": ""handwritten"", ""text"": """"}, {""bbox"": [973, 2858, 2281, 3032], ""type"": ""handwritten"", ""text"": """"}, {""bbox"": [1, 3176, 218, 3323], ""type"": ""handwritten"", ""text"": """"}, {""bbox"": [438, 3384, 2813, 3537], ""type"": ""formula"", ""text"": """"}, {""bbox"": [601, 3589, 1321, 3687], ""type"": ""handwritten"", ""text"": """"}]"
c0028a37-c5ac-55d5-abd4-011442eae20a.jpg,"[{""bbox"": [644, 89, 834, 220], ""type"": ""handwritten"", ""text"": """"}, {""bbox"": [643, 242, 850, 436], ""type"": ""handwritten"", ""text"": """"}, {""bbox"": [648, 454, 846, 614], ""type"": ""handwritten"", ""text"": """"}, {""bbox"": [643, 672, 849, 818], ""type"": ""handwritten"", ""text"": """"}, {""bbox"": [647, 869, 891, 1024], ""type"": ""handwritten"", ""text"": """"}, {""bbox"": [647, 1040, 889, 1205], ""type"": ""handwritten"", ""text"": """"}, {""bbox"": [654, 1255, 882, 1394], ""type"": ""handwritten"", ""text"": """"}, {""bbox"": [651, 1428, 1125, 1603], ""type"": ""handwritten"", ""text"": """"}, {""bbox"": [656, 1653, 954, 1811], ""type"": ""handwritten"", ""text"": """"}, {""bbox"": [659, 1817, 946, 1979], ""type"": ""handwritten"", ""text"": """"}, {""bbox"": [662, 1983, 892, 2182], ""type"": ""handwritten"", ""text"": """"}, {""bbox"": [663, 2187, 866, 2384], ""type"": ""handwritten"", ""text"": """"}, {""bbox"": [664, 2418, 895, 2575], ""type"": ""handwritten"", ""text"": """"}, {""bbox"": [654, 2583, 892, 2763], ""type"": ""handwritten"", ""text"": """"}, {""bbox"": [661, 2812, 904, 2988], ""type"": ""handwritten"", ""text"": """"}, {""bbox"": [666, 3027, 904, 3164], ""type"": ""handwritten"", ""text"": """"}, {""bbox"": [667, 3176, 919, 3351], ""type"": ""handwritten"", ""text"": """"}, {""bbox"": [689, 3365, 1408, 3568], ""type"": ""handwritten"", ""text"": """"}, {""bbox"": [674, 3550, 953, 3733], ""type"": ""handwritten"", ""text"": """"}, {""bbox"": [677, 3770, 942, 3918], ""type"": ""handwritten"", ""text"": """"}]"
49d70be4-af77-558b-af69-8ea6386d95fb.jpg,"[{""bbox"": [131, 0, 418, 234], ""type"": ""annotation"", ""text"": """"}, {""bbox"": [1103, 421, 2585, 763], ""type"": ""handwritten"", ""text"": """"}, {""bbox"": [1068, 703, 2622, 1022], ""type"": ""handwritten"", ""text"": """"}, {""bbox"": [258, 970, 3324, 1273], ""type"": ""handwritten"", ""text"": """"}, {""bbox"": [258, 1236, 3283, 1499], ""type"": ""handwritten"", ""text"": """"}, {""bbox"": [258, 1453, 3323, 1730], ""type"": ""handwritten"", ""text"": """"}, {""bbox"": [257, 1698, 3327, 1991], ""type"": ""handwritten"", ""text"": """"}, {""bbox"": [257, 1934, 3327, 2254], ""type"": ""handwritten"", ""text"": """"}, {""bbox"": [359, 2145, 3429, 2499], ""type"": ""handwritten"", ""text"": """"}]"
f0070b31-c35d-56ca-8176-27b8d3c7247c.jpg,"[{""bbox"": [333, 72, 2939, 316], ""type"": ""handwritten"", ""text"": """"}, {""bbox"": [348, 251, 3201, 546], ""type"": ""handwritten"", ""text"": """"}, {""bbox"": [341, 442, 3082, 784], ""type"": ""handwritten"", ""text"": """"}, {""bbox"": [0, 581, 60, 745], ""type"": ""handwritten"", ""text"": """"}, {""bbox"": [298, 615, 2967, 917], ""type"": ""handwritten"", ""text"": """"}, {""bbox"": [1, 819, 186, 994], ""type"": ""handwritten"", ""text"": """"}, {""bbox"": [304, 833, 3250, 1110], ""type"": ""handwritten"", ""text"": """"}, {""bbox"": [290, 1033, 3300, 1333], ""type"": ""handwritten"", ""text"": """"}, {""bbox"": [0, 1228, 147, 1444], ""type"": ""handwritten"", ""text"": """"}, {""bbox"": [297, 1280, 3141, 1522], ""type"": ""handwritten"", ""text"": """"}, {""bbox"": [277, 1494, 2603, 1720], ""type"": ""handwritten"", ""text"": """"}, {""bbox"": [306, 1708, 2529, 1930], ""type"": ""handwritten"", ""text"": """"}, {""bbox"": [515, 1898, 3451, 2162], ""type"": ""handwritten"", ""text"": """"}, {""bbox"": [258, 2151, 3098, 2362], ""type"": ""handwritten"", ""text"": """"}, {""bbox"": [248, 2347, 3082, 2587], ""type"": ""handwritten"", ""text"": """"}, {""bbox"": [256, 2559, 3403, 2845], ""type"": ""handwritten"", ""text"": """"}, {""bbox"": [254, 2789, 3011, 3103], ""type"": ""handwritten"", ""text"": """"}, {""bbox"": [229, 3021, 3208, 3334], ""type"": ""handwritten"", ""text"": """"}, {""bbox"": [207, 3251, 3232, 3564], ""type"": ""handwritten"", ""text"": """"}, {""bbox"": [192, 3476, 3339, 3802], ""type"": ""handwritten"", ""text"": """"}, {""bbox"": [158, 3727, 3199, 4218], ""type"": ""handwritten"", ""text"": """"}, {""bbox"": [175, 3902, 3424, 4370], ""type"": ""handwritten"", ""text"": """"}, {""bbox"": [141, 4328, 1044, 4603], ""type"": ""handwritten"", ""text"": """"}]"
a6f4e8f6-f124-5d87-8bd6-c29267fa2a37.jpg,"[{""bbox"": [774, 76, 2344, 315], ""type"": ""handwritten"", ""text"": """"}, {""bbox"": [171, 413, 2627, 1027], ""type"": ""formula"", ""text"": """"}, {""bbox"": [200, 1483, 2527, 1656], ""type"": ""formula"", ""text"": """"}, {""bbox"": [176, 1648, 2717, 1824], ""type"": ""formula"", ""text"": """"}, {""bbox"": [201, 1984, 2785, 2167], ""type"": ""formula"", ""text"": """"}, {""bbox"": [203, 2170, 2238, 2357], ""type"": ""formula"", ""text"": """"}, {""bbox"": [910, 2516, 2607, 2704], ""type"": ""handwritten"", ""text"": """"}, {""bbox"": [205, 2700, 3019, 2911], ""type"": ""handwritten"", ""text"": """"}, {""bbox"": [205, 2700, 3019, 2911], ""type"": ""formula"", ""text"": """"}, {""bbox"": [156, 2902, 3020, 3116], ""type"": ""handwritten"", ""text"": """"}, {""bbox"": [229, 3305, 2294, 3481], ""type"": ""formula"", ""text"": """"}, {""bbox"": [228, 3419, 2901, 3665], ""type"": ""formula"", ""text"": """"}]"
b5db1d37-867d-507e-8c9a-2b9d8667ce57.jpg,"[{""bbox"": [512, 97, 641, 231], ""type"": ""handwritten"", ""text"": """"}, {""bbox"": [705, 934, 2295, 1076], ""type"": ""handwritten"", ""text"": """"}, {""bbox"": [1051, 1115, 1250, 1298], ""type"": ""annotation"", ""text"": """"}, {""bbox"": [613, 1289, 1942, 1512], ""type"": ""formula"", ""text"": """"}, {""bbox"": [650, 1672, 2189, 1826], ""type"": ""handwritten"", ""text"": """"}, {""bbox"": [1271, 1840, 1581, 1984], ""type"": ""annotation"", ""text"": """"}, {""bbox"": [1271, 1840, 1581, 1984], ""type"": ""handwritten"", ""text"": """"}, {""bbox"": [451, 1958, 1398, 2556], ""type"": ""graph"", ""text"": """"}, {""bbox"": [2236, 2021, 2505, 2339], ""type"": ""annotation"", ""text"": """"}, {""bbox"": [455, 2543, 1394, 2734], ""type"": ""handwritten"", ""text"": """"}, {""bbox"": [2326, 2677, 2464, 2787], ""type"": ""annotation"", ""text"": """"}, {""bbox"": [1937, 2844, 2971, 3041], ""type"": ""handwritten"", ""text"": """"}, {""bbox"": [464, 2927, 1852, 3211], ""type"": ""formula"", ""text"": """"}, {""bbox"": [467, 3522, 1647, 3704], ""type"": ""handwritten"", ""text"": """"}]"
812989c1-79d3-5672-abb5-7e03cde94288.jpg,"[{""bbox"": [176, 40, 1516, 180], ""type"": ""formula"", ""text"": """"}, {""bbox"": [184, 318, 1474, 435], ""type"": ""formula"", ""text"": """"}, {""bbox"": [202, 458, 1036, 596], ""type"": ""handwritten"", ""text"": """"}, {""bbox"": [687, 583, 1018, 736], ""type"": ""handwritten"", ""text"": """"}, {""bbox"": [169, 729, 383, 846], ""type"": ""handwritten"", ""text"": """"}, {""bbox"": [134, 867, 445, 992], ""type"": ""formula"", ""text"": """"}]"
7e98a014-ec2d-57bf-991e-7b6ed5b9b67c.jpg,"[{""bbox"": [391, 200, 2458, 382], ""type"": ""handwritten"", ""text"": """"}, {""bbox"": [341, 327, 2619, 542], ""type"": ""handwritten"", ""text"": """"}, {""bbox"": [331, 469, 2177, 693], ""type"": ""handwritten"", ""text"": """"}, {""bbox"": [373, 638, 1317, 807], ""type"": ""handwritten"", ""text"": """"}, {""bbox"": [361, 711, 2293, 945], ""type"": ""handwritten"", ""text"": """"}, {""bbox"": [1063, 1161, 1843, 1307], ""type"": ""handwritten"", ""text"": """"}, {""bbox"": [1116, 1289, 1814, 1445], ""type"": ""handwritten"", ""text"": """"}, {""bbox"": [496, 1427, 2586, 1587], ""type"": ""handwritten"", ""text"": """"}, {""bbox"": [287, 1572, 2520, 1742], ""type"": ""handwritten"", ""text"": """"}, {""bbox"": [427, 1738, 1345, 1896], ""type"": ""handwritten"", ""text"": """"}, {""bbox"": [270, 1845, 2835, 2042], ""type"": ""handwritten"", ""text"": """"}, {""bbox"": [269, 2015, 2729, 2199], ""type"": ""handwritten"", ""text"": """"}, {""bbox"": [448, 2166, 1625, 2347], ""type"": ""handwritten"", ""text"": """"}, {""bbox"": [463, 2310, 1402, 2484], ""type"": ""handwritten"", ""text"": """"}, {""bbox"": [471, 2460, 1572, 2673], ""type"": ""handwritten"", ""text"": """"}, {""bbox"": [491, 2618, 1505, 2808], ""type"": ""handwritten"", ""text"": """"}, {""bbox"": [470, 2771, 1380, 2942], ""type"": ""handwritten"", ""text"": """"}, {""bbox"": [302, 2903, 2394, 3121], ""type"": ""handwritten"", ""text"": """"}]"
914c4c2f-2353-57dd-bc21-04571ff7d744.jpg,"[{""bbox"": [53, 44, 2392, 244], ""type"": ""handwritten"", ""text"": """"}, {""bbox"": [53, 239, 880, 389], ""type"": ""handwritten"", ""text"": """"}, {""bbox"": [145, 358, 2373, 509], ""type"": ""handwritten"", ""text"": """"}, {""bbox"": [43, 496, 2351, 637], ""type"": ""handwritten"", ""text"": """"}, {""bbox"": [37, 620, 2356, 758], ""type"": ""handwritten"", ""text"": """"}, {""bbox"": [44, 748, 2392, 891], ""type"": ""handwritten"", ""text"": """"}, {""bbox"": [39, 876, 2290, 1018], ""type"": ""handwritten"", ""text"": """"}, {""bbox"": [34, 1008, 2280, 1159], ""type"": ""handwritten"", ""text"": """"}, {""bbox"": [22, 1142, 2384, 1276], ""type"": ""handwritten"", ""text"": """"}, {""bbox"": [20, 1265, 2346, 1404], ""type"": ""handwritten"", ""text"": """"}, {""bbox"": [22, 1397, 2352, 1541], ""type"": ""handwritten"", ""text"": """"}, {""bbox"": [29, 1526, 2270, 1664], ""type"": ""handwritten"", ""text"": """"}, {""bbox"": [35, 1661, 2363, 1800], ""type"": ""handwritten"", ""text"": """"}, {""bbox"": [35, 1788, 2251, 1947], ""type"": ""handwritten"", ""text"": """"}, {""bbox"": [23, 1946, 564, 2078], ""type"": ""handwritten"", ""text"": """"}, {""bbox"": [94, 2052, 2431, 2203], ""type"": ""handwritten"", ""text"": """"}, {""bbox"": [43, 2196, 2323, 2352], ""type"": ""handwritten"", ""text"": """"}, {""bbox"": [17, 2331, 2399, 2493], ""type"": ""handwritten"", ""text"": """"}, {""bbox"": [3, 2517, 170, 2622], ""type"": ""handwritten"", ""text"": """"}]"
4f057027-68bf-5386-b41f-1f5224e440ab.jpg,"[{""bbox"": [1229, 163, 1602, 323], ""type"": ""handwritten"", ""text"": """"}, {""bbox"": [176, 351, 2480, 568], ""type"": ""formula"", ""text"": """"}, {""bbox"": [172, 562, 2302, 743], ""type"": ""formula"", ""text"": """"}, {""bbox"": [170, 732, 2422, 948], ""type"": ""formula"", ""text"": """"}, {""bbox"": [155, 938, 2817, 1147], ""type"": ""formula"", ""text"": """"}, {""bbox"": [193, 1140, 1914, 1350], ""type"": ""formula"", ""text"": """"}, {""bbox"": [0, 3032, 186, 3217], ""type"": ""handwritten"", ""text"": """"}]"
b67a07b4-da09-562d-9824-b886eb0b36fa.jpg,"[{""bbox"": [2463, 0, 3925, 172], ""type"": ""handwritten"", ""text"": """"}, {""bbox"": [679, 2, 3535, 351], ""type"": ""handwritten"", ""text"": """"}, {""bbox"": [1930, 511, 2806, 710], ""type"": ""handwritten"", ""text"": """"}, {""bbox"": [1768, 709, 3345, 971], ""type"": ""handwritten"", ""text"": """"}, {""bbox"": [1454, 947, 3568, 1230], ""type"": ""handwritten"", ""text"": """"}, {""bbox"": [385, 1183, 719, 1356], ""type"": ""handwritten"", ""text"": """"}, {""bbox"": [318, 1444, 696, 1650], ""type"": ""handwritten"", ""text"": """"}, {""bbox"": [1709, 1754, 2132, 1958], ""type"": ""handwritten"", ""text"": """"}, {""bbox"": [258, 2019, 675, 2231], ""type"": ""handwritten"", ""text"": """"}, {""bbox"": [995, 2028, 1407, 2237], ""type"": ""handwritten"", ""text"": """"}, {""bbox"": [1701, 2036, 2153, 2242], ""type"": ""handwritten"", ""text"": """"}, {""bbox"": [229, 2319, 604, 2538], ""type"": ""handwritten"", ""text"": """"}]"
7eb51d2e-ee03-5d51-afcd-c7e30f59f19c.jpg,"[{""bbox"": [743, 0, 2499, 205], ""type"": ""handwritten"", ""text"": """"}, {""bbox"": [31, 192, 2806, 396], ""type"": ""handwritten"", ""text"": """"}, {""bbox"": [33, 388, 2487, 590], ""type"": ""handwritten"", ""text"": """"}, {""bbox"": [39, 584, 2635, 793], ""type"": ""handwritten"", ""text"": """"}, {""bbox"": [31, 791, 3059, 988], ""type"": ""handwritten"", ""text"": """"}, {""bbox"": [11, 967, 2744, 1193], ""type"": ""handwritten"", ""text"": """"}, {""bbox"": [5, 1177, 2621, 1403], ""type"": ""handwritten"", ""text"": """"}, {""bbox"": [16, 1392, 2342, 1596], ""type"": ""handwritten"", ""text"": """"}, {""bbox"": [28, 1595, 2600, 1801], ""type"": ""handwritten"", ""text"": """"}, {""bbox"": [64, 1794, 2594, 2005], ""type"": ""handwritten"", ""text"": """"}, {""bbox"": [81, 1999, 2675, 2217], ""type"": ""handwritten"", ""text"": """"}, {""bbox"": [99, 2201, 2770, 2428], ""type"": ""handwritten"", ""text"": """"}, {""bbox"": [98, 2398, 2805, 2652], ""type"": ""handwritten"", ""text"": """"}, {""bbox"": [19, 2631, 3003, 2878], ""type"": ""handwritten"", ""text"": """"}, {""bbox"": [5, 2838, 2627, 3111], ""type"": ""handwritten"", ""text"": """"}, {""bbox"": [28, 3065, 2881, 3345], ""type"": ""handwritten"", ""text"": """"}, {""bbox"": [9, 3306, 2434, 3615], ""type"": ""handwritten"", ""text"": """"}, {""bbox"": [22, 3533, 2422, 3831], ""type"": ""handwritten"", ""text"": """"}, {""bbox"": [53, 3733, 3120, 4103], ""type"": ""handwritten"", ""text"": """"}]"
683bd345-fc09-5bf0-8c84-33947ff393cb.jpg,"[{""bbox"": [1025, 0, 1437, 52], ""type"": ""formula"", ""text"": """"}, {""bbox"": [685, 174, 1192, 303], ""type"": ""handwritten"", ""text"": """"}, {""bbox"": [784, 304, 1134, 455], ""type"": ""formula"", ""text"": """"}, {""bbox"": [1629, 314, 2142, 482], ""type"": ""handwritten"", ""text"": """"}, {""bbox"": [1629, 314, 2142, 482], ""type"": ""formula"", ""text"": """"}, {""bbox"": [1521, 491, 3120, 654], ""type"": ""formula"", ""text"": """"}, {""bbox"": [693, 495, 1315, 683], ""type"": ""formula"", ""text"": """"}, {""bbox"": [688, 674, 1258, 843], ""type"": ""formula"", ""text"": """"}, {""bbox"": [1538, 690, 2441, 849], ""type"": ""formula"", ""text"": """"}, {""bbox"": [661, 846, 1294, 1005], ""type"": ""formula"", ""text"": """"}, {""bbox"": [1476, 855, 3141, 1021], ""type"": ""formula"", ""text"": """"}, {""bbox"": [704, 1027, 967, 1173], ""type"": ""formula"", ""text"": """"}, {""bbox"": [1434, 1033, 2096, 1194], ""type"": ""formula"", ""text"": """"}, {""bbox"": [1407, 1216, 2635, 1377], ""type"": ""formula"", ""text"": """"}, {""bbox"": [1378, 1411, 2838, 1570], ""type"": ""formula"", ""text"": """"}, {""bbox"": [1382, 1640, 1861, 1767], ""type"": ""formula"", ""text"": """"}, {""bbox"": [511, 1735, 1166, 1994], ""type"": ""formula"", ""text"": """"}, {""bbox"": [1400, 1750, 1864, 1944], ""type"": ""formula"", ""text"": """"}]"
f31dbb7b-1386-560d-9838-c27b7f787456.jpg,"[{""bbox"": [100, 146, 617, 221], ""type"": ""handwritten"", ""text"": """"}, {""bbox"": [0, 205, 71, 278], ""type"": ""handwritten"", ""text"": """"}, {""bbox"": [94, 208, 764, 273], ""type"": ""handwritten"", ""text"": """"}, {""bbox"": [91, 263, 842, 326], ""type"": ""handwritten"", ""text"": """"}, {""bbox"": [97, 313, 788, 380], ""type"": ""handwritten"", ""text"": """"}, {""bbox"": [0, 362, 68, 416], ""type"": ""handwritten"", ""text"": """"}, {""bbox"": [96, 368, 735, 434], ""type"": ""handwritten"", ""text"": """"}, {""bbox"": [89, 424, 830, 491], ""type"": ""handwritten"", ""text"": """"}, {""bbox"": [90, 479, 832, 541], ""type"": ""handwritten"", ""text"": """"}, {""bbox"": [86, 528, 338, 584], ""type"": ""handwritten"", ""text"": """"}, {""bbox"": [86, 573, 825, 650], ""type"": ""handwritten"", ""text"": """"}, {""bbox"": [80, 633, 816, 697], ""type"": ""handwritten"", ""text"": """"}, {""bbox"": [78, 688, 824, 754], ""type"": ""handwritten"", ""text"": """"}, {""bbox"": [74, 740, 827, 811], ""type"": ""handwritten"", ""text"": """"}, {""bbox"": [72, 795, 712, 859], ""type"": ""handwritten"", ""text"": """"}, {""bbox"": [76, 844, 770, 915], ""type"": ""handwritten"", ""text"": """"}, {""bbox"": [75, 899, 256, 963], ""type"": ""handwritten"", ""text"": """"}, {""bbox"": [71, 950, 722, 1017], ""type"": ""handwritten"", ""text"": """"}, {""bbox"": [67, 1006, 830, 1082], ""type"": ""handwritten"", ""text"": """"}, {""bbox"": [62, 1063, 205, 1121], ""type"": ""handwritten"", ""text"": """"}, {""bbox"": [72, 1111, 734, 1196], ""type"": ""handwritten"", ""text"": """"}, {""bbox"": [61, 1174, 470, 1239], ""type"": ""handwritten"", ""text"": """"}]"
8f108fd4-5550-5493-93bd-fc43c53068b4.jpg,"[{""bbox"": [97, 4, 2605, 196], ""type"": ""handwritten"", ""text"": """"}, {""bbox"": [91, 167, 2817, 351], ""type"": ""handwritten"", ""text"": """"}, {""bbox"": [84, 328, 1662, 498], ""type"": ""handwritten"", ""text"": """"}, {""bbox"": [93, 484, 1394, 653], ""type"": ""handwritten"", ""text"": """"}, {""bbox"": [91, 644, 2228, 831], ""type"": ""handwritten"", ""text"": """"}, {""bbox"": [75, 804, 1947, 979], ""type"": ""handwritten"", ""text"": """"}, {""bbox"": [92, 948, 2420, 1147], ""type"": ""handwritten"", ""text"": """"}, {""bbox"": [84, 1123, 1610, 1302], ""type"": ""handwritten"", ""text"": """"}, {""bbox"": [86, 1268, 2902, 1470], ""type"": ""handwritten"", ""text"": """"}, {""bbox"": [90, 1445, 1479, 1640], ""type"": ""handwritten"", ""text"": """"}, {""bbox"": [597, 1941, 1852, 2104], ""type"": ""handwritten"", ""text"": """"}, {""bbox"": [768, 2082, 1947, 2267], ""type"": ""handwritten"", ""text"": """"}, {""bbox"": [116, 2249, 2949, 2440], ""type"": ""handwritten"", ""text"": """"}, {""bbox"": [105, 2410, 2823, 2604], ""type"": ""handwritten"", ""text"": """"}, {""bbox"": [93, 2583, 2930, 2765], ""type"": ""handwritten"", ""text"": """"}, {""bbox"": [99, 2856, 2930, 3097], ""type"": ""handwritten"", ""text"": """"}, {""bbox"": [81, 3044, 1371, 3272], ""type"": ""handwritten"", ""text"": """"}]"
eac9632e-5e52-5c5d-bdc2-89e51f84e7b9.jpg,"[{""bbox"": [546, 48, 2246, 200], ""type"": ""handwritten"", ""text"": """"}, {""bbox"": [42, 182, 2741, 347], ""type"": ""handwritten"", ""text"": """"}, {""bbox"": [34, 336, 2652, 484], ""type"": ""handwritten"", ""text"": """"}, {""bbox"": [20, 463, 2749, 635], ""type"": ""handwritten"", ""text"": """"}, {""bbox"": [15, 608, 2785, 780], ""type"": ""handwritten"", ""text"": """"}, {""bbox"": [20, 751, 2726, 936], ""type"": ""handwritten"", ""text"": """"}, {""bbox"": [13, 896, 2910, 1092], ""type"": ""handwritten"", ""text"": """"}, {""bbox"": [15, 1044, 2925, 1269], ""type"": ""handwritten"", ""text"": """"}, {""bbox"": [5, 1200, 2879, 1401], ""type"": ""handwritten"", ""text"": """"}, {""bbox"": [11, 1339, 2979, 1574], ""type"": ""handwritten"", ""text"": """"}, {""bbox"": [54, 1504, 3006, 1717], ""type"": ""handwritten"", ""text"": """"}, {""bbox"": [55, 1508, 3015, 1852], ""type"": ""handwritten"", ""text"": """"}, {""bbox"": [7, 1651, 2959, 1930], ""type"": ""handwritten"", ""text"": """"}, {""bbox"": [3, 1827, 3004, 2180], ""type"": ""handwritten"", ""text"": """"}, {""bbox"": [54, 1959, 3040, 2303], ""type"": ""handwritten"", ""text"": """"}, {""bbox"": [2, 2179, 1684, 2437], ""type"": ""handwritten"", ""text"": """"}]"
cdba39de-3427-5382-b406-c27a0e52ff63.jpg,"[{""bbox"": [1102, 242, 2510, 446], ""type"": ""handwritten"", ""text"": """"}, {""bbox"": [1107, 413, 2203, 639], ""type"": ""handwritten"", ""text"": """"}, {""bbox"": [962, 611, 2305, 819], ""type"": ""handwritten"", ""text"": """"}, {""bbox"": [947, 788, 2144, 1045], ""type"": ""handwritten"", ""text"": """"}, {""bbox"": [1304, 1037, 1702, 1174], ""type"": ""handwritten"", ""text"": """"}, {""bbox"": [159, 1173, 412, 1396], ""type"": ""handwritten"", ""text"": """"}, {""bbox"": [178, 1444, 429, 1582], ""type"": ""handwritten"", ""text"": """"}, {""bbox"": [182, 1635, 446, 1792], ""type"": ""handwritten"", ""text"": """"}, {""bbox"": [185, 1785, 450, 1951], ""type"": ""handwritten"", ""text"": """"}, {""bbox"": [197, 1949, 404, 2134], ""type"": ""handwritten"", ""text"": """"}, {""bbox"": [196, 2125, 455, 2327], ""type"": ""handwritten"", ""text"": """"}, {""bbox"": [203, 2315, 489, 2501], ""type"": ""handwritten"", ""text"": """"}, {""bbox"": [213, 2534, 477, 2690], ""type"": ""handwritten"", ""text"": """"}, {""bbox"": [225, 2713, 495, 2851], ""type"": ""handwritten"", ""text"": """"}, {""bbox"": [217, 2848, 490, 3040], ""type"": ""handwritten"", ""text"": """"}, {""bbox"": [896, 3007, 1520, 3229], ""type"": ""handwritten"", ""text"": """"}, {""bbox"": [246, 3032, 718, 3228], ""type"": ""handwritten"", ""text"": """"}, {""bbox"": [881, 3167, 2818, 3387], ""type"": ""handwritten"", ""text"": """"}, {""bbox"": [881, 3167, 2818, 3387], ""type"": ""formula"", ""text"": """"}, {""bbox"": [273, 3228, 724, 3401], ""type"": ""handwritten"", ""text"": """"}, {""bbox"": [821, 3375, 2786, 3583], ""type"": ""handwritten"", ""text"": """"}, {""bbox"": [258, 3435, 507, 3649], ""type"": ""handwritten"", ""text"": """"}, {""bbox"": [345, 3564, 2806, 3763], ""type"": ""handwritten"", ""text"": """"}, {""bbox"": [385, 3752, 2025, 3947], ""type"": ""handwritten"", ""text"": """"}]"
3e920349-b25e-5705-8d5c-839aed38f6c2.jpg,"[{""bbox"": [1142, 14, 2307, 273], ""type"": ""handwritten"", ""text"": """"}, {""bbox"": [78, 457, 1214, 839], ""type"": ""table"", ""text"": """"}, {""bbox"": [1477, 471, 2242, 834], ""type"": ""table"", ""text"": """"}, {""bbox"": [1229, 1325, 1530, 1504], ""type"": ""annotation"", ""text"": """"}, {""bbox"": [107, 1566, 1290, 1746], ""type"": ""formula"", ""text"": """"}, {""bbox"": [108, 1733, 1720, 2150], ""type"": ""table"", ""text"": """"}]"
12b986a4-7c98-5adb-ad30-4c4e86d4b8cf.jpg,"[{""bbox"": [643, 41, 1820, 252], ""type"": ""handwritten"", ""text"": """"}, {""bbox"": [460, 225, 1718, 408], ""type"": ""handwritten"", ""text"": """"}, {""bbox"": [830, 375, 1408, 560], ""type"": ""handwritten"", ""text"": """"}, {""bbox"": [141, 544, 1566, 784], ""type"": ""handwritten"", ""text"": """"}, {""bbox"": [141, 544, 1566, 784], ""type"": ""formula"", ""text"": """"}, {""bbox"": [123, 731, 2545, 1043], ""type"": ""formula"", ""text"": """"}]"
ce81b071-f963-558d-8c2b-ecf490f32658.jpg,"[{""bbox"": [1023, 305, 1375, 450], ""type"": ""handwritten"", ""text"": """"}, {""bbox"": [248, 460, 2507, 640], ""type"": ""handwritten"", ""text"": """"}, {""bbox"": [251, 621, 2334, 844], ""type"": ""handwritten"", ""text"": """"}, {""bbox"": [258, 808, 2583, 1011], ""type"": ""handwritten"", ""text"": """"}, {""bbox"": [1140, 984, 2595, 1137], ""type"": ""handwritten"", ""text"": """"}, {""bbox"": [261, 1552, 2674, 1747], ""type"": ""handwritten"", ""text"": """"}, {""bbox"": [247, 1750, 2551, 1921], ""type"": ""handwritten"", ""text"": """"}, {""bbox"": [264, 1908, 2870, 2096], ""type"": ""handwritten"", ""text"": """"}, {""bbox"": [283, 2094, 1456, 2252], ""type"": ""formula"", ""text"": """"}, {""bbox"": [276, 2262, 1437, 2426], ""type"": ""handwritten"", ""text"": """"}, {""bbox"": [1131, 2439, 1504, 2560], ""type"": ""handwritten"", ""text"": """"}, {""bbox"": [1131, 2439, 1504, 2560], ""type"": ""annotation"", ""text"": """"}, {""bbox"": [304, 2597, 1506, 2772], ""type"": ""handwritten"", ""text"": """"}, {""bbox"": [304, 2597, 1506, 2772], ""type"": ""formula"", ""text"": """"}, {""bbox"": [0, 2742, 184, 2915], ""type"": ""handwritten"", ""text"": """"}, {""bbox"": [299, 2788, 930, 2928], ""type"": ""handwritten"", ""text"": """"}, {""bbox"": [291, 2955, 1852, 3125], ""type"": ""handwritten"", ""text"": """"}, {""bbox"": [294, 3133, 1784, 3290], ""type"": ""formula"", ""text"": """"}, {""bbox"": [0, 3281, 188, 3419], ""type"": ""handwritten"", ""text"": """"}, {""bbox"": [258, 3296, 2129, 3470], ""type"": ""handwritten"", ""text"": """"}, {""bbox"": [274, 3468, 2635, 3633], ""type"": ""handwritten"", ""text"": """"}, {""bbox"": [0, 3598, 207, 3743], ""type"": ""handwritten"", ""text"": """"}, {""bbox"": [277, 3610, 2825, 3743], ""type"": ""handwritten"", ""text"": """"}]"
012bfc6a-e224-58a6-8b72-b24159292c64.jpg,"[{""bbox"": [607, 4, 1289, 671], ""type"": ""graph"", ""text"": """"}, {""bbox"": [0, 278, 259, 675], ""type"": ""image"", ""text"": """"}, {""bbox"": [1153, 833, 2344, 992], ""type"": ""handwritten"", ""text"": """"}, {""bbox"": [566, 962, 700, 1052], ""type"": ""handwritten"", ""text"": """"}, {""bbox"": [548, 1093, 713, 1183], ""type"": ""handwritten"", ""text"": """"}, {""bbox"": [547, 1209, 714, 1325], ""type"": ""handwritten"", ""text"": """"}, {""bbox"": [536, 1493, 704, 1606], ""type"": ""handwritten"", ""text"": """"}, {""bbox"": [535, 1648, 708, 1736], ""type"": ""handwritten"", ""text"": """"}, {""bbox"": [519, 1764, 1719, 1891], ""type"": ""handwritten"", ""text"": """"}, {""bbox"": [503, 1921, 1252, 2052], ""type"": ""handwritten"", ""text"": """"}, {""bbox"": [506, 2059, 1834, 2180], ""type"": ""handwritten"", ""text"": """"}, {""bbox"": [515, 2184, 2291, 2372], ""type"": ""handwritten"", ""text"": """"}, {""bbox"": [532, 2340, 2432, 2521], ""type"": ""handwritten"", ""text"": """"}, {""bbox"": [506, 2508, 2450, 2661], ""type"": ""handwritten"", ""text"": """"}, {""bbox"": [511, 2652, 2295, 2807], ""type"": ""handwritten"", ""text"": """"}, {""bbox"": [482, 2799, 2535, 2957], ""type"": ""handwritten"", ""text"": """"}, {""bbox"": [498, 2933, 2532, 3126], ""type"": ""handwritten"", ""text"": """"}, {""bbox"": [476, 3111, 2378, 3274], ""type"": ""handwritten"", ""text"": """"}, {""bbox"": [474, 3250, 2457, 3425], ""type"": ""handwritten"", ""text"": """"}]"
6166f538-7510-5339-9e1d-e0b583cf449f.jpg,"[{""bbox"": [651, 118, 1970, 292], ""type"": ""handwritten"", ""text"": """"}, {""bbox"": [488, 254, 1654, 428], ""type"": ""handwritten"", ""text"": """"}, {""bbox"": [782, 374, 1030, 522], ""type"": ""handwritten"", ""text"": """"}, {""bbox"": [342, 477, 796, 558], ""type"": ""handwritten"", ""text"": """"}, {""bbox"": [118, 531, 2022, 701], ""type"": ""handwritten"", ""text"": """"}, {""bbox"": [108, 688, 2359, 864], ""type"": ""handwritten"", ""text"": """"}, {""bbox"": [104, 830, 1038, 987], ""type"": ""handwritten"", ""text"": """"}, {""bbox"": [678, 953, 888, 1100], ""type"": ""handwritten"", ""text"": """"}, {""bbox"": [121, 1116, 1900, 1283], ""type"": ""handwritten"", ""text"": """"}, {""bbox"": [113, 1276, 1610, 1445], ""type"": ""handwritten"", ""text"": """"}, {""bbox"": [77, 1435, 1909, 1586], ""type"": ""handwritten"", ""text"": """"}, {""bbox"": [43, 1571, 1681, 1724], ""type"": ""handwritten"", ""text"": """"}]"
8b0afa40-06bb-5843-8d82-c4dd90e456c1.jpg,"[{""bbox"": [2060, 516, 3404, 968], ""type"": ""handwritten"", ""text"": """"}, {""bbox"": [427, 614, 921, 995], ""type"": ""handwritten"", ""text"": """"}, {""bbox"": [2190, 840, 2469, 1080], ""type"": ""handwritten"", ""text"": """"}, {""bbox"": [2902, 889, 3299, 1191], ""type"": ""handwritten"", ""text"": """"}, {""bbox"": [427, 969, 848, 1362], ""type"": ""handwritten"", ""text"": """"}, {""bbox"": [2899, 1196, 3431, 1520], ""type"": ""handwritten"", ""text"": """"}, {""bbox"": [425, 1329, 846, 1724], ""type"": ""handwritten"", ""text"": """"}, {""bbox"": [2894, 1514, 3361, 1825], ""type"": ""handwritten"", ""text"": """"}, {""bbox"": [370, 1712, 848, 2095], ""type"": ""handwritten"", ""text"": """"}, {""bbox"": [2915, 1824, 3407, 2162], ""type"": ""handwritten"", ""text"": """"}, {""bbox"": [340, 2112, 806, 2512], ""type"": ""handwritten"", ""text"": """"}, {""bbox"": [2921, 2147, 3384, 2441], ""type"": ""handwritten"", ""text"": """"}, {""bbox"": [2939, 2473, 3579, 2784], ""type"": ""handwritten"", ""text"": """"}, {""bbox"": [288, 2492, 869, 2880], ""type"": ""handwritten"", ""text"": """"}]"
2167e4da-6505-5f5d-8520-d6ab360ff9d3.jpg,"[{""bbox"": [135, 519, 1475, 678], ""type"": ""handwritten"", ""text"": """"}, {""bbox"": [134, 661, 1304, 778], ""type"": ""handwritten"", ""text"": """"}, {""bbox"": [134, 770, 1331, 895], ""type"": ""handwritten"", ""text"": """"}, {""bbox"": [135, 883, 1406, 1007], ""type"": ""handwritten"", ""text"": """"}, {""bbox"": [132, 988, 1770, 1114], ""type"": ""handwritten"", ""text"": """"}, {""bbox"": [136, 1094, 1630, 1219], ""type"": ""handwritten"", ""text"": """"}, {""bbox"": [147, 1202, 489, 1323], ""type"": ""handwritten"", ""text"": """"}, {""bbox"": [477, 1308, 1010, 1447], ""type"": ""handwritten"", ""text"": """"}, {""bbox"": [131, 1431, 1491, 1543], ""type"": ""handwritten"", ""text"": """"}, {""bbox"": [686, 1529, 1347, 1590], ""type"": ""handwritten"", ""text"": """"}, {""bbox"": [126, 1555, 1577, 1680], ""type"": ""handwritten"", ""text"": """"}, {""bbox"": [130, 1671, 1721, 1785], ""type"": ""handwritten"", ""text"": """"}, {""bbox"": [113, 1773, 1062, 1922], ""type"": ""handwritten"", ""text"": """"}, {""bbox"": [102, 1939, 1597, 2092], ""type"": ""handwritten"", ""text"": """"}, {""bbox"": [118, 2071, 1533, 2223], ""type"": ""handwritten"", ""text"": """"}, {""bbox"": [109, 2199, 1263, 2364], ""type"": ""handwritten"", ""text"": """"}, {""bbox"": [0, 2886, 298, 3262], ""type"": ""image"", ""text"": """"}]"
0ee54300-0c40-5a7f-90bb-7d738e564a76.jpg,"[{""bbox"": [1345, 35, 1574, 183], ""type"": ""handwritten"", ""text"": """"}, {""bbox"": [109, 39, 347, 204], ""type"": ""handwritten"", ""text"": """"}, {""bbox"": [1343, 182, 1590, 346], ""type"": ""handwritten"", ""text"": """"}, {""bbox"": [95, 212, 318, 375], ""type"": ""handwritten"", ""text"": """"}, {""bbox"": [1341, 349, 1590, 511], ""type"": ""handwritten"", ""text"": """"}, {""bbox"": [96, 391, 356, 555], ""type"": ""handwritten"", ""text"": """"}, {""bbox"": [1334, 500, 1754, 696], ""type"": ""handwritten"", ""text"": """"}, {""bbox"": [95, 557, 329, 721], ""type"": ""handwritten"", ""text"": """"}, {""bbox"": [1336, 679, 1594, 833], ""type"": ""handwritten"", ""text"": """"}, {""bbox"": [98, 725, 331, 899], ""type"": ""handwritten"", ""text"": """"}, {""bbox"": [1336, 834, 1601, 1010], ""type"": ""handwritten"", ""text"": """"}, {""bbox"": [96, 899, 320, 1064], ""type"": ""handwritten"", ""text"": """"}, {""bbox"": [1331, 1006, 1601, 1167], ""type"": ""handwritten"", ""text"": """"}, {""bbox"": [104, 1069, 472, 1254], ""type"": ""handwritten"", ""text"": """"}, {""bbox"": [1325, 1174, 1585, 1332], ""type"": ""handwritten"", ""text"": """"}, {""bbox"": [114, 1239, 460, 1414], ""type"": ""handwritten"", ""text"": """"}, {""bbox"": [1330, 1327, 1718, 1512], ""type"": ""handwritten"", ""text"": """"}, {""bbox"": [102, 1406, 349, 1588], ""type"": ""handwritten"", ""text"": """"}, {""bbox"": [102, 1570, 352, 1742], ""type"": ""handwritten"", ""text"": """"}, {""bbox"": [103, 1744, 457, 1929], ""type"": ""handwritten"", ""text"": """"}, {""bbox"": [98, 1914, 355, 2085], ""type"": ""handwritten"", ""text"": """"}, {""bbox"": [84, 2078, 336, 2263], ""type"": ""handwritten"", ""text"": """"}, {""bbox"": [73, 2239, 339, 2415], ""type"": ""handwritten"", ""text"": """"}, {""bbox"": [68, 2422, 333, 2597], ""type"": ""handwritten"", ""text"": """"}]"
2e3b30e8-c613-5716-8403-e41cee116ca4.jpg,"[{""bbox"": [2839, 8, 3024, 205], ""type"": ""handwritten"", ""text"": """"}, {""bbox"": [119, 212, 373, 340], ""type"": ""handwritten"", ""text"": """"}, {""bbox"": [13, 215, 1173, 1175], ""type"": ""graph"", ""text"": """"}, {""bbox"": [2839, 850, 3023, 999], ""type"": ""handwritten"", ""text"": """"}, {""bbox"": [2825, 1032, 3023, 1199], ""type"": ""handwritten"", ""text"": """"}, {""bbox"": [2849, 1250, 3024, 1408], ""type"": ""handwritten"", ""text"": """"}, {""bbox"": [2867, 1433, 3024, 1564], ""type"": ""handwritten"", ""text"": """"}, {""bbox"": [908, 1446, 1998, 1627], ""type"": ""handwritten"", ""text"": """"}, {""bbox"": [0, 1491, 186, 1613], ""type"": ""handwritten"", ""text"": """"}, {""bbox"": [1173, 1585, 1488, 1764], ""type"": ""handwritten"", ""text"": """"}, {""bbox"": [2861, 1597, 3024, 1739], ""type"": ""handwritten"", ""text"": """"}, {""bbox"": [194, 1803, 2110, 1992], ""type"": ""handwritten"", ""text"": """"}, {""bbox"": [2882, 1954, 3024, 2115], ""type"": ""handwritten"", ""text"": """"}, {""bbox"": [210, 2097, 2761, 2252], ""type"": ""handwritten"", ""text"": """"}, {""bbox"": [2880, 2156, 3024, 2319], ""type"": ""handwritten"", ""text"": """"}, {""bbox"": [176, 2299, 491, 2436], ""type"": ""handwritten"", ""text"": """"}, {""bbox"": [2865, 2344, 3024, 2548], ""type"": ""handwritten"", ""text"": """"}, {""bbox"": [946, 2430, 1302, 2585], ""type"": ""handwritten"", ""text"": """"}, {""bbox"": [2873, 2575, 3024, 2711], ""type"": ""handwritten"", ""text"": """"}, {""bbox"": [164, 2658, 2781, 2867], ""type"": ""handwritten"", ""text"": """"}, {""bbox"": [2841, 2775, 3024, 2915], ""type"": ""handwritten"", ""text"": """"}, {""bbox"": [168, 2855, 1872, 3023], ""type"": ""handwritten"", ""text"": """"}, {""bbox"": [2854, 2967, 3024, 3088], ""type"": ""handwritten"", ""text"": """"}, {""bbox"": [157, 3050, 2793, 3220], ""type"": ""handwritten"", ""text"": """"}, {""bbox"": [2854, 3088, 3024, 3204], ""type"": ""handwritten"", ""text"": """"}]"
db772a33-847f-51ae-9a22-c7bdec85c0d7.jpg,"[{""bbox"": [610, 17, 2481, 227], ""type"": ""formula"", ""text"": """"}, {""bbox"": [514, 185, 2582, 425], ""type"": ""formula"", ""text"": """"}, {""bbox"": [1108, 385, 1732, 544], ""type"": ""formula"", ""text"": """"}, {""bbox"": [169, 816, 844, 992], ""type"": ""formula"", ""text"": """"}, {""bbox"": [207, 1177, 1082, 1615], ""type"": ""table"", ""text"": """"}, {""bbox"": [102, 1753, 782, 2006], ""type"": ""formula"", ""text"": """"}, {""bbox"": [171, 2027, 862, 2526], ""type"": ""table"", ""text"": """"}, {""bbox"": [97, 2684, 1560, 3251], ""type"": ""table"", ""text"": """"}]"
9ea12296-dc93-5cd5-8a84-23d3dc55a6e9.jpg,"[{""bbox"": [664, 268, 2660, 465], ""type"": ""handwritten"", ""text"": """"}, {""bbox"": [657, 446, 2805, 659], ""type"": ""handwritten"", ""text"": """"}, {""bbox"": [1096, 615, 2342, 881], ""type"": ""handwritten"", ""text"": """"}, {""bbox"": [313, 854, 3110, 1140], ""type"": ""handwritten"", ""text"": """"}, {""bbox"": [367, 1113, 3481, 1394], ""type"": ""handwritten"", ""text"": """"}, {""bbox"": [368, 1362, 3476, 1652], ""type"": ""handwritten"", ""text"": """"}, {""bbox"": [163, 1595, 3114, 1957], ""type"": ""handwritten"", ""text"": """"}]"
3f0e94da-d247-523a-9278-1a407a6cc828.jpg,"[{""bbox"": [1081, 70, 3266, 286], ""type"": ""handwritten"", ""text"": """"}, {""bbox"": [1073, 259, 3249, 456], ""type"": ""handwritten"", ""text"": """"}, {""bbox"": [457, 455, 3461, 644], ""type"": ""handwritten"", ""text"": """"}, {""bbox"": [456, 631, 3316, 838], ""type"": ""handwritten"", ""text"": """"}, {""bbox"": [391, 822, 3086, 1020], ""type"": ""handwritten"", ""text"": """"}, {""bbox"": [456, 996, 3462, 1199], ""type"": ""handwritten"", ""text"": """"}, {""bbox"": [455, 1173, 3357, 1368], ""type"": ""handwritten"", ""text"": """"}, {""bbox"": [456, 1357, 3470, 1553], ""type"": ""handwritten"", ""text"": """"}, {""bbox"": [557, 1531, 3571, 1723], ""type"": ""handwritten"", ""text"": """"}, {""bbox"": [455, 1710, 3301, 1910], ""type"": ""handwritten"", ""text"": """"}, {""bbox"": [454, 1888, 3468, 2075], ""type"": ""handwritten"", ""text"": """"}, {""bbox"": [0, 1917, 284, 2114], ""type"": ""handwritten"", ""text"": """"}, {""bbox"": [458, 2077, 3475, 2263], ""type"": ""handwritten"", ""text"": """"}, {""bbox"": [0, 2151, 276, 2306], ""type"": ""handwritten"", ""text"": """"}, {""bbox"": [556, 2247, 3571, 2456], ""type"": ""handwritten"", ""text"": """"}, {""bbox"": [476, 2426, 1459, 2611], ""type"": ""handwritten"", ""text"": """"}]"
4a021a5c-f436-5381-a993-f042596b6639.jpg,"[{""bbox"": [837, 506, 2666, 814], ""type"": ""handwritten"", ""text"": """"}, {""bbox"": [2816, 603, 3119, 733], ""type"": ""handwritten"", ""text"": """"}, {""bbox"": [116, 797, 353, 937], ""type"": ""handwritten"", ""text"": """"}, {""bbox"": [118, 969, 328, 1127], ""type"": ""handwritten"", ""text"": """"}, {""bbox"": [108, 1189, 308, 1339], ""type"": ""handwritten"", ""text"": """"}, {""bbox"": [103, 1360, 320, 1543], ""type"": ""handwritten"", ""text"": """"}, {""bbox"": [103, 1568, 303, 1753], ""type"": ""handwritten"", ""text"": """"}, {""bbox"": [93, 1811, 289, 1959], ""type"": ""handwritten"", ""text"": """"}, {""bbox"": [98, 2005, 305, 2171], ""type"": ""handwritten"", ""text"": """"}, {""bbox"": [98, 2217, 310, 2390], ""type"": ""handwritten"", ""text"": """"}, {""bbox"": [98, 2395, 318, 2578], ""type"": ""handwritten"", ""text"": """"}, {""bbox"": [99, 2586, 422, 2795], ""type"": ""handwritten"", ""text"": """"}, {""bbox"": [97, 2799, 408, 3000], ""type"": ""handwritten"", ""text"": """"}, {""bbox"": [99, 3003, 585, 3232], ""type"": ""handwritten"", ""text"": """"}]"
f9051dc0-bd73-5f7a-a09a-48b29e41db80.jpg,"[{""bbox"": [1177, 185, 1468, 436], ""type"": ""handwritten"", ""text"": """"}, {""bbox"": [389, 249, 567, 442], ""type"": ""handwritten"", ""text"": """"}, {""bbox"": [398, 571, 2520, 896], ""type"": ""formula"", ""text"": """"}, {""bbox"": [699, 1586, 3076, 1796], ""type"": ""handwritten"", ""text"": """"}, {""bbox"": [322, 1820, 481, 2056], ""type"": ""annotation"", ""text"": """"}, {""bbox"": [1224, 1823, 1532, 2108], ""type"": ""annotation"", ""text"": """"}, {""bbox"": [542, 2106, 2616, 2648], ""type"": ""formula"", ""text"": """"}, {""bbox"": [614, 2722, 3015, 2978], ""type"": ""handwritten"", ""text"": """"}]"
b8a1dbdf-e4e5-51a1-8948-b972dd0385b5.jpg,"[{""bbox"": [427, 0, 2214, 221], ""type"": ""handwritten"", ""text"": """"}, {""bbox"": [404, 146, 2033, 404], ""type"": ""handwritten"", ""text"": """"}, {""bbox"": [410, 357, 2025, 584], ""type"": ""handwritten"", ""text"": """"}, {""bbox"": [423, 558, 1838, 763], ""type"": ""handwritten"", ""text"": """"}, {""bbox"": [391, 735, 2037, 967], ""type"": ""handwritten"", ""text"": """"}, {""bbox"": [359, 891, 1100, 1085], ""type"": ""handwritten"", ""text"": """"}, {""bbox"": [424, 1100, 1334, 1263], ""type"": ""handwritten"", ""text"": """"}, {""bbox"": [451, 1253, 974, 1438], ""type"": ""handwritten"", ""text"": """"}, {""bbox"": [484, 1453, 1122, 1612], ""type"": ""handwritten"", ""text"": """"}, {""bbox"": [495, 1615, 1312, 1845], ""type"": ""handwritten"", ""text"": """"}, {""bbox"": [209, 1811, 1608, 2031], ""type"": ""handwritten"", ""text"": """"}, {""bbox"": [279, 1990, 1608, 2203], ""type"": ""handwritten"", ""text"": """"}, {""bbox"": [282, 2159, 1333, 2335], ""type"": ""handwritten"", ""text"": """"}, {""bbox"": [300, 2318, 1115, 2544], ""type"": ""handwritten"", ""text"": """"}, {""bbox"": [311, 2502, 1472, 2734], ""type"": ""handwritten"", ""text"": """"}, {""bbox"": [350, 2711, 1686, 2922], ""type"": ""handwritten"", ""text"": """"}, {""bbox"": [287, 2901, 1178, 3040], ""type"": ""handwritten"", ""text"": """"}, {""bbox"": [274, 3034, 1211, 3252], ""type"": ""handwritten"", ""text"": """"}, {""bbox"": [257, 3219, 1446, 3396], ""type"": ""handwritten"", ""text"": """"}, {""bbox"": [267, 3405, 1298, 3554], ""type"": ""handwritten"", ""text"": """"}, {""bbox"": [262, 3588, 1606, 3783], ""type"": ""handwritten"", ""text"": """"}]"
da3bdbcf-6827-5e88-a891-f6818c7938a6.jpg,"[{""bbox"": [407, 63, 3110, 242], ""type"": ""handwritten"", ""text"": """"}, {""bbox"": [407, 266, 3110, 459], ""type"": ""handwritten"", ""text"": """"}, {""bbox"": [407, 459, 3110, 660], ""type"": ""handwritten"", ""text"": """"}, {""bbox"": [407, 665, 3110, 858], ""type"": ""handwritten"", ""text"": """"}]"
81bf9ff0-a620-5e25-986f-39391f894cf5.jpg,"[{""bbox"": [938, 1028, 1716, 1199], ""type"": ""handwritten"", ""text"": """"}, {""bbox"": [741, 1150, 1761, 1328], ""type"": ""handwritten"", ""text"": """"}, {""bbox"": [530, 1275, 1764, 1455], ""type"": ""handwritten"", ""text"": """"}, {""bbox"": [0, 1371, 283, 1514], ""type"": ""handwritten"", ""text"": """"}, {""bbox"": [491, 1420, 2652, 1588], ""type"": ""handwritten"", ""text"": """"}, {""bbox"": [559, 1547, 2629, 1721], ""type"": ""handwritten"", ""text"": """"}, {""bbox"": [471, 1675, 2015, 1833], ""type"": ""handwritten"", ""text"": """"}, {""bbox"": [534, 1803, 2659, 1993], ""type"": ""handwritten"", ""text"": """"}, {""bbox"": [0, 1908, 243, 2095], ""type"": ""handwritten"", ""text"": """"}, {""bbox"": [1, 2064, 191, 2207], ""type"": ""handwritten"", ""text"": """"}, {""bbox"": [0, 2187, 466, 2364], ""type"": ""handwritten"", ""text"": """"}, {""bbox"": [0, 2642, 364, 2802], ""type"": ""handwritten"", ""text"": """"}, {""bbox"": [0, 2771, 349, 2992], ""type"": ""handwritten"", ""text"": """"}]"
e260370e-ba23-56b4-ae0c-bfbda66bf49b.jpg,"[{""bbox"": [262, 377, 2733, 664], ""type"": ""handwritten"", ""text"": """"}, {""bbox"": [161, 625, 1855, 865], ""type"": ""handwritten"", ""text"": """"}, {""bbox"": [183, 818, 2438, 1079], ""type"": ""handwritten"", ""text"": """"}, {""bbox"": [137, 1015, 2787, 1272], ""type"": ""handwritten"", ""text"": """"}, {""bbox"": [171, 1246, 2607, 1475], ""type"": ""handwritten"", ""text"": """"}, {""bbox"": [187, 1437, 2559, 1668], ""type"": ""handwritten"", ""text"": """"}, {""bbox"": [217, 1621, 2886, 1869], ""type"": ""handwritten"", ""text"": """"}, {""bbox"": [203, 1812, 2974, 2071], ""type"": ""handwritten"", ""text"": """"}, {""bbox"": [206, 2026, 2528, 2266], ""type"": ""handwritten"", ""text"": """"}, {""bbox"": [221, 2245, 1914, 2471], ""type"": ""handwritten"", ""text"": """"}]"
3e441d16-245d-552b-8f44-06206bf42ac7.jpg,"[{""bbox"": [666, 947, 3714, 1207], ""type"": ""handwritten"", ""text"": """"}, {""bbox"": [665, 1123, 3563, 1360], ""type"": ""handwritten"", ""text"": """"}, {""bbox"": [665, 1312, 3719, 1564], ""type"": ""handwritten"", ""text"": """"}, {""bbox"": [666, 1471, 3721, 1781], ""type"": ""handwritten"", ""text"": """"}, {""bbox"": [666, 1667, 3714, 1998], ""type"": ""handwritten"", ""text"": """"}, {""bbox"": [797, 1857, 3668, 2231], ""type"": ""handwritten"", ""text"": """"}, {""bbox"": [849, 2030, 3742, 2277], ""type"": ""handwritten"", ""text"": """"}, {""bbox"": [946, 2228, 3323, 2482], ""type"": ""handwritten"", ""text"": """"}, {""bbox"": [970, 2410, 3926, 2708], ""type"": ""handwritten"", ""text"": """"}]"
011934b4-d919-5000-8c1e-39f96daeba68.jpg,"[{""bbox"": [473, 815, 1151, 947], ""type"": ""handwritten"", ""text"": """"}, {""bbox"": [12, 937, 210, 1026], ""type"": ""handwritten"", ""text"": """"}, {""bbox"": [1025, 1140, 1354, 1263], ""type"": ""handwritten"", ""text"": """"}, {""bbox"": [1, 1259, 298, 1419], ""type"": ""handwritten"", ""text"": """"}, {""bbox"": [1, 1259, 298, 1419], ""type"": ""formula"", ""text"": """"}, {""bbox"": [5, 1458, 1182, 1581], ""type"": ""handwritten"", ""text"": """"}, {""bbox"": [2, 1592, 1491, 1745], ""type"": ""handwritten"", ""text"": """"}, {""bbox"": [0, 1764, 279, 1919], ""type"": ""handwritten"", ""text"": """"}, {""bbox"": [46, 1930, 1297, 2062], ""type"": ""handwritten"", ""text"": """"}, {""bbox"": [0, 2325, 256, 2474], ""type"": ""handwritten"", ""text"": """"}, {""bbox"": [3, 2469, 1811, 2614], ""type"": ""handwritten"", ""text"": """"}, {""bbox"": [1421, 2596, 1832, 2743], ""type"": ""formula"", ""text"": """"}]"
8fd0b710-7b73-5e10-99c1-9c9c7e975390.jpg,"[{""bbox"": [383, 163, 1571, 389], ""type"": ""formula"", ""text"": """"}, {""bbox"": [725, 363, 1323, 547], ""type"": ""formula"", ""text"": """"}, {""bbox"": [709, 541, 1769, 764], ""type"": ""formula"", ""text"": """"}, {""bbox"": [2100, 623, 2950, 1077], ""type"": ""formula"", ""text"": """"}, {""bbox"": [2111, 630, 2957, 898], ""type"": ""formula"", ""text"": """"}, {""bbox"": [523, 639, 1939, 1109], ""type"": ""formula"", ""text"": """"}, {""bbox"": [517, 1116, 1401, 1303], ""type"": ""formula"", ""text"": """"}, {""bbox"": [570, 1249, 3026, 1499], ""type"": ""handwritten"", ""text"": """"}, {""bbox"": [557, 1463, 1771, 1725], ""type"": ""handwritten"", ""text"": """"}, {""bbox"": [709, 1723, 1277, 1898], ""type"": ""formula"", ""text"": """"}]"
1b908b1b-dbb0-563c-bd3d-a0c0b5935ab7.jpg,"[{""bbox"": [0, 204, 77, 282], ""type"": ""handwritten"", ""text"": """"}, {""bbox"": [221, 208, 1412, 336], ""type"": ""handwritten"", ""text"": """"}, {""bbox"": [184, 313, 1379, 434], ""type"": ""handwritten"", ""text"": """"}, {""bbox"": [177, 410, 301, 493], ""type"": ""handwritten"", ""text"": """"}, {""bbox"": [181, 492, 1379, 616], ""type"": ""handwritten"", ""text"": """"}, {""bbox"": [162, 617, 402, 696], ""type"": ""handwritten"", ""text"": """"}]"
a3720007-553a-5cbb-9c0b-501605390704.jpg,"[{""bbox"": [285, 254, 680, 358], ""type"": ""handwritten"", ""text"": """"}, {""bbox"": [282, 271, 344, 350], ""type"": ""handwritten"", ""text"": """"}, {""bbox"": [2182, 326, 2292, 433], ""type"": ""handwritten"", ""text"": """"}, {""bbox"": [467, 353, 688, 466], ""type"": ""handwritten"", ""text"": """"}, {""bbox"": [474, 466, 686, 591], ""type"": ""handwritten"", ""text"": """"}, {""bbox"": [488, 597, 684, 698], ""type"": ""handwritten"", ""text"": """"}, {""bbox"": [2208, 720, 2274, 801], ""type"": ""handwritten"", ""text"": """"}, {""bbox"": [845, 731, 1348, 877], ""type"": ""handwritten"", ""text"": """"}, {""bbox"": [191, 841, 1984, 974], ""type"": ""handwritten"", ""text"": """"}, {""bbox"": [176, 957, 1951, 1123], ""type"": ""handwritten"", ""text"": """"}, {""bbox"": [178, 1075, 2139, 1248], ""type"": ""handwritten"", ""text"": """"}, {""bbox"": [212, 1225, 1145, 1382], ""type"": ""handwritten"", ""text"": """"}, {""bbox"": [177, 1364, 2157, 1535], ""type"": ""handwritten"", ""text"": """"}, {""bbox"": [193, 1500, 2093, 1669], ""type"": ""handwritten"", ""text"": """"}, {""bbox"": [155, 1649, 2192, 1819], ""type"": ""handwritten"", ""text"": """"}, {""bbox"": [163, 1791, 2190, 1955], ""type"": ""handwritten"", ""text"": """"}, {""bbox"": [167, 1937, 2182, 2105], ""type"": ""handwritten"", ""text"": """"}, {""bbox"": [174, 2091, 2237, 2245], ""type"": ""handwritten"", ""text"": """"}, {""bbox"": [185, 2250, 1219, 2398], ""type"": ""handwritten"", ""text"": """"}, {""bbox"": [891, 2345, 1243, 2448], ""type"": ""handwritten"", ""text"": """"}, {""bbox"": [161, 2417, 260, 2505], ""type"": ""handwritten"", ""text"": """"}, {""bbox"": [215, 2425, 2265, 2616], ""type"": ""handwritten"", ""text"": """"}, {""bbox"": [215, 2598, 2279, 2780], ""type"": ""handwritten"", ""text"": """"}, {""bbox"": [111, 2758, 2284, 2967], ""type"": ""handwritten"", ""text"": """"}]"
cb8c96d6-b38e-55af-aa67-083cd8e610f3.jpg,"[{""bbox"": [303, 1447, 1813, 1576], ""type"": ""handwritten"", ""text"": """"}, {""bbox"": [337, 1664, 2924, 1806], ""type"": ""handwritten"", ""text"": """"}, {""bbox"": [73, 1899, 609, 2036], ""type"": ""handwritten"", ""text"": """"}, {""bbox"": [471, 2102, 2663, 2249], ""type"": ""handwritten"", ""text"": """"}, {""bbox"": [136, 2306, 2369, 2520], ""type"": ""handwritten"", ""text"": """"}]"
b01c3599-8158-5d02-95d9-969e2031ac38.jpg,"[{""bbox"": [1407, 357, 3031, 609], ""type"": ""handwritten"", ""text"": """"}, {""bbox"": [1667, 574, 3136, 786], ""type"": ""handwritten"", ""text"": """"}, {""bbox"": [1889, 769, 2856, 986], ""type"": ""handwritten"", ""text"": """"}, {""bbox"": [1, 817, 211, 1014], ""type"": ""handwritten"", ""text"": """"}, {""bbox"": [657, 979, 3676, 1241], ""type"": ""handwritten"", ""text"": """"}, {""bbox"": [758, 1198, 3777, 1446], ""type"": ""handwritten"", ""text"": """"}, {""bbox"": [0, 1258, 299, 1464], ""type"": ""handwritten"", ""text"": """"}, {""bbox"": [758, 1396, 3778, 1678], ""type"": ""handwritten"", ""text"": """"}, {""bbox"": [429, 1682, 1718, 1947], ""type"": ""handwritten"", ""text"": """"}, {""bbox"": [0, 1711, 296, 1902], ""type"": ""handwritten"", ""text"": """"}, {""bbox"": [1, 2103, 249, 2332], ""type"": ""handwritten"", ""text"": """"}, {""bbox"": [0, 2845, 282, 3024], ""type"": ""handwritten"", ""text"": """"}]"
2d6d084a-84db-5133-832d-cee551c9cd94.jpg,"[{""bbox"": [202, 332, 3322, 713], ""type"": ""handwritten"", ""text"": """"}, {""bbox"": [197, 583, 3248, 907], ""type"": ""handwritten"", ""text"": """"}, {""bbox"": [179, 799, 2666, 1067], ""type"": ""handwritten"", ""text"": """"}, {""bbox"": [179, 1023, 2535, 1238], ""type"": ""handwritten"", ""text"": """"}, {""bbox"": [167, 1214, 2585, 1414], ""type"": ""handwritten"", ""text"": """"}, {""bbox"": [152, 1397, 3271, 1617], ""type"": ""handwritten"", ""text"": """"}, {""bbox"": [134, 1582, 3166, 1796], ""type"": ""handwritten"", ""text"": """"}, {""bbox"": [119, 1780, 2925, 1990], ""type"": ""handwritten"", ""text"": """"}, {""bbox"": [92, 1967, 2785, 2196], ""type"": ""handwritten"", ""text"": """"}, {""bbox"": [70, 2168, 2739, 2393], ""type"": ""handwritten"", ""text"": """"}, {""bbox"": [53, 2359, 2837, 2614], ""type"": ""handwritten"", ""text"": """"}, {""bbox"": [52, 2581, 3073, 2834], ""type"": ""handwritten"", ""text"": """"}, {""bbox"": [8, 2798, 3135, 3043], ""type"": ""handwritten"", ""text"": """"}, {""bbox"": [0, 3001, 3017, 3284], ""type"": ""handwritten"", ""text"": """"}, {""bbox"": [6, 3235, 2467, 3571], ""type"": ""handwritten"", ""text"": """"}]"
5413bb7b-6b69-5589-b218-bfeb24d37648.jpg,"[{""bbox"": [3236, 0, 3459, 144], ""type"": ""annotation"", ""text"": """"}, {""bbox"": [556, 184, 3577, 532], ""type"": ""handwritten"", ""text"": """"}, {""bbox"": [555, 498, 3577, 844], ""type"": ""handwritten"", ""text"": """"}, {""bbox"": [256, 826, 1213, 1097], ""type"": ""handwritten"", ""text"": """"}, {""bbox"": [555, 1089, 3577, 1379], ""type"": ""handwritten"", ""text"": """"}, {""bbox"": [556, 1364, 3576, 1637], ""type"": ""handwritten"", ""text"": """"}, {""bbox"": [556, 1633, 3576, 1908], ""type"": ""handwritten"", ""text"": """"}, {""bbox"": [555, 1883, 3573, 2166], ""type"": ""handwritten"", ""text"": """"}, {""bbox"": [301, 2187, 1352, 2443], ""type"": ""handwritten"", ""text"": """"}, {""bbox"": [555, 2370, 3488, 2701], ""type"": ""handwritten"", ""text"": """"}]"
45fcc1af-e4bb-5932-a521-d73b8cda4427.jpg,"[{""bbox"": [661, 452, 2995, 750], ""type"": ""handwritten"", ""text"": """"}, {""bbox"": [3148, 602, 3468, 751], ""type"": ""handwritten"", ""text"": """"}, {""bbox"": [648, 615, 3074, 864], ""type"": ""handwritten"", ""text"": """"}, {""bbox"": [624, 616, 3049, 1034], ""type"": ""handwritten"", ""text"": """"}, {""bbox"": [3155, 756, 3468, 903], ""type"": ""handwritten"", ""text"": """"}, {""bbox"": [638, 773, 3016, 1015], ""type"": ""handwritten"", ""text"": """"}, {""bbox"": [3154, 903, 3468, 1052], ""type"": ""handwritten"", ""text"": """"}, {""bbox"": [605, 948, 3122, 1201], ""type"": ""handwritten"", ""text"": """"}, {""bbox"": [3197, 1043, 3467, 1224], ""type"": ""handwritten"", ""text"": """"}, {""bbox"": [605, 1126, 3149, 1342], ""type"": ""handwritten"", ""text"": """"}, {""bbox"": [3203, 1211, 3468, 1387], ""type"": ""handwritten"", ""text"": """"}, {""bbox"": [563, 1288, 3020, 1534], ""type"": ""handwritten"", ""text"": """"}, {""bbox"": [3242, 1397, 3465, 1576], ""type"": ""handwritten"", ""text"": """"}, {""bbox"": [587, 1476, 3157, 1702], ""type"": ""handwritten"", ""text"": """"}, {""bbox"": [3236, 1573, 3466, 1751], ""type"": ""handwritten"", ""text"": """"}, {""bbox"": [526, 1670, 3206, 1870], ""type"": ""handwritten"", ""text"": """"}, {""bbox"": [3266, 1750, 3468, 1919], ""type"": ""handwritten"", ""text"": """"}, {""bbox"": [508, 1849, 3176, 2067], ""type"": ""handwritten"", ""text"": """"}, {""bbox"": [3265, 1918, 3468, 2106], ""type"": ""handwritten"", ""text"": """"}, {""bbox"": [478, 2043, 3162, 2266], ""type"": ""handwritten"", ""text"": """"}, {""bbox"": [3265, 2125, 3468, 2312], ""type"": ""handwritten"", ""text"": """"}, {""bbox"": [465, 2240, 3262, 2468], ""type"": ""handwritten"", ""text"": """"}, {""bbox"": [443, 2448, 3011, 2672], ""type"": ""handwritten"", ""text"": """"}, {""bbox"": [3309, 2515, 3468, 2713], ""type"": ""handwritten"", ""text"": """"}, {""bbox"": [434, 2652, 3167, 2873], ""type"": ""handwritten"", ""text"": """"}, {""bbox"": [3303, 2740, 3467, 2899], ""type"": ""handwritten"", ""text"": """"}, {""bbox"": [412, 2848, 3249, 3083], ""type"": ""handwritten"", ""text"": """"}, {""bbox"": [431, 3060, 3296, 3316], ""type"": ""handwritten"", ""text"": """"}, {""bbox"": [450, 3272, 3103, 3547], ""type"": ""handwritten"", ""text"": """"}, {""bbox"": [351, 3469, 3323, 3785], ""type"": ""handwritten"", ""text"": """"}, {""bbox"": [286, 3711, 3045, 4010], ""type"": ""handwritten"", ""text"": """"}, {""bbox"": [273, 3935, 3114, 4264], ""type"": ""handwritten"", ""text"": """"}, {""bbox"": [197, 4161, 3208, 4544], ""type"": ""handwritten"", ""text"": """"}]"
4648cf5b-07f4-598a-8778-51c40dc185b4.jpg,"[{""bbox"": [377, 369, 2824, 554], ""type"": ""handwritten"", ""text"": """"}, {""bbox"": [368, 556, 2438, 746], ""type"": ""handwritten"", ""text"": """"}, {""bbox"": [523, 712, 2842, 930], ""type"": ""handwritten"", ""text"": """"}, {""bbox"": [434, 1000, 778, 1069], ""type"": ""handwritten"", ""text"": """"}, {""bbox"": [425, 1127, 1720, 1259], ""type"": ""handwritten"", ""text"": """"}, {""bbox"": [552, 1310, 1418, 1434], ""type"": ""handwritten"", ""text"": """"}, {""bbox"": [835, 1469, 2149, 1591], ""type"": ""handwritten"", ""text"": """"}, {""bbox"": [878, 1625, 2410, 1784], ""type"": ""handwritten"", ""text"": """"}, {""bbox"": [883, 1844, 1846, 1950], ""type"": ""handwritten"", ""text"": """"}, {""bbox"": [818, 2010, 1889, 2118], ""type"": ""handwritten"", ""text"": """"}, {""bbox"": [841, 2186, 2054, 2300], ""type"": ""handwritten"", ""text"": """"}, {""bbox"": [910, 2366, 2081, 2457], ""type"": ""handwritten"", ""text"": """"}, {""bbox"": [560, 2775, 2837, 2940], ""type"": ""handwritten"", ""text"": """"}, {""bbox"": [565, 2934, 2805, 3070], ""type"": ""handwritten"", ""text"": """"}, {""bbox"": [841, 3331, 1916, 3422], ""type"": ""handwritten"", ""text"": """"}, {""bbox"": [912, 3447, 2891, 3610], ""type"": ""handwritten"", ""text"": """"}, {""bbox"": [872, 3600, 2920, 3783], ""type"": ""handwritten"", ""text"": """"}, {""bbox"": [678, 3777, 916, 3866], ""type"": ""handwritten"", ""text"": """"}]"
108c913f-0a78-5005-adc7-7858d0a3736f.jpg,"[{""bbox"": [89, 63, 842, 178], ""type"": ""handwritten"", ""text"": """"}, {""bbox"": [89, 63, 842, 178], ""type"": ""formula"", ""text"": """"}, {""bbox"": [405, 64, 839, 175], ""type"": ""formula"", ""text"": """"}, {""bbox"": [92, 92, 240, 177], ""type"": ""handwritten"", ""text"": """"}, {""bbox"": [376, 173, 1891, 324], ""type"": ""formula"", ""text"": """"}, {""bbox"": [353, 316, 1877, 560], ""type"": ""formula"", ""text"": """"}, {""bbox"": [180, 528, 658, 711], ""type"": ""formula"", ""text"": """"}, {""bbox"": [95, 796, 1586, 924], ""type"": ""handwritten"", ""text"": """"}, {""bbox"": [195, 914, 554, 1042], ""type"": ""formula"", ""text"": """"}, {""bbox"": [200, 1056, 1103, 1171], ""type"": ""handwritten"", ""text"": """"}, {""bbox"": [179, 1192, 898, 1324], ""type"": ""formula"", ""text"": """"}, {""bbox"": [199, 1370, 835, 1496], ""type"": ""formula"", ""text"": """"}, {""bbox"": [86, 1560, 1593, 1684], ""type"": ""handwritten"", ""text"": """"}, {""bbox"": [193, 1683, 683, 1771], ""type"": ""formula"", ""text"": """"}, {""bbox"": [156, 1788, 1103, 1898], ""type"": ""formula"", ""text"": """"}, {""bbox"": [209, 1917, 816, 2031], ""type"": ""formula"", ""text"": """"}, {""bbox"": [218, 2035, 589, 2136], ""type"": ""formula"", ""text"": """"}, {""bbox"": [219, 2156, 583, 2242], ""type"": ""formula"", ""text"": """"}, {""bbox"": [188, 2256, 362, 2349], ""type"": ""formula"", ""text"": """"}, {""bbox"": [549, 2328, 733, 2415], ""type"": ""formula"", ""text"": """"}, {""bbox"": [105, 2427, 992, 2559], ""type"": ""handwritten"", ""text"": """"}]"
9fa80aee-0b69-5d03-b811-eee399c13fa4.jpg,"[{""bbox"": [660, 51, 2265, 220], ""type"": ""handwritten"", ""text"": """"}, {""bbox"": [1198, 219, 1676, 346], ""type"": ""handwritten"", ""text"": """"}, {""bbox"": [1314, 440, 1538, 584], ""type"": ""handwritten"", ""text"": """"}, {""bbox"": [43, 556, 955, 717], ""type"": ""handwritten"", ""text"": """"}, {""bbox"": [21, 730, 1096, 876], ""type"": ""handwritten"", ""text"": """"}, {""bbox"": [17, 898, 1035, 1015], ""type"": ""handwritten"", ""text"": """"}, {""bbox"": [17, 1059, 908, 1217], ""type"": ""handwritten"", ""text"": """"}, {""bbox"": [17, 1224, 664, 1365], ""type"": ""handwritten"", ""text"": """"}, {""bbox"": [11, 1386, 1654, 1538], ""type"": ""handwritten"", ""text"": """"}, {""bbox"": [13, 1546, 1280, 1684], ""type"": ""handwritten"", ""text"": """"}, {""bbox"": [15, 1707, 1197, 1847], ""type"": ""handwritten"", ""text"": """"}]"
