image,regions
09ba34df-2665-452c-9ef4-6998a5e7944c.jpg,[]
3c54f7fd-3fe1-4f4b-8045-0efe0d656fbd.jpg,[]
2accc0fa-0368-4a59-9b16-ae107479c630.jpg,[]
2b9dbc5c-3dce-4c65-bcd2-261baea9dd7b.jpg,[]
1fa2e2b7-74b2-4eda-b6dd-bd2cc046702c.jpg,[]
19308ca8-5604-47a4-af68-e8617b636f12.jpg,[]
256e596d-bbb9-44a4-b5ba-286e3c4496cf.jpg,[]
0a0b2440-31f2-44fc-90e2-1bbc4bcd15b6.jpg,[]
2091d486-1351-4715-b0de-ac06deecae35.jpg,[]
13f5e553-8903-4b7b-93c1-e6c45586ccf4.jpg,[]
16884d39-7221-4d30-97d5-51ce93dd77d6.jpg,[]
26a14803-89b1-46ef-a430-97cb23d46c41.jpg,[]
2c712bf5-84f7-49dd-a966-dc4818ab90ab.jpg,[]
0b118784-15ec-4009-b29b-9cebcd3ad18d.jpg,[]
01128e85-1644-402a-a374-7292eb1db593.jpg,[]
26e5688e-b251-401c-97c7-5ec7ce8becc1.jpg,[]
06b4ad34-fd4a-4b7e-8771-a07c062f07c8.jpg,[]
375175b8-aa2f-45c8-9546-36e44539bc4a.jpg,[]
2141d087-8eec-4de6-83d3-1493d5e06f08.jpg,[]
245382e6-3b3f-492e-b4a2-b0bca0bf79cf.jpg,[]
37551b88-5a61-4472-87ac-ba0bdf812056.jpg,[]
3850fa5c-c4f4-48d4-ba76-0c4687fd3429.jpg,[]
090bc620-76b3-465b-bee0-783878456460.jpg,[]
28bce87a-7cfa-421d-8356-e62802b0066c.jpg,[]
0433b1a1-b989-4b8f-aaed-cf4ece079776.jpg,[]
43f52918-c573-4e72-99f0-cca0bc4b71c3.jpg,[]
346464a5-f03e-4903-b689-c906fdb2babc.jpg,[]
4046a8aa-c531-4e62-9abf-58989c99853a.jpg,[]
3acc7ebd-f6c6-4c01-b071-5d2efb0fe20a.jpg,[]
149d0199-cda4-4e15-843c-51628b87759e.jpg,[]
1b3ac9b6-2f8b-4dac-be8f-49a9eb7cad4a.jpg,[]
430dc905-bd15-4386-a674-dc32b8a40fce.jpg,[]
3c066d86-e2a3-4f17-a719-1ebf6312d10f.jpg,[]
1e9e18db-bdb3-4f0c-b0d9-89cfaa00e514.jpg,[]
0c239b26-b0fb-418f-b246-0d21b7f2276d.jpg,[]
29599939-58a2-4a48-b66a-bec206a5ea05.jpg,[]
173165c1-42b5-4021-a1e3-3fbbad3e95f3.jpg,[]
044dd1c4-f52f-476d-bfec-b0b0c3834bb8.jpg,[]
38ea9a1e-a7b6-40c1-9054-7648a4c823d9.jpg,[]
349cfc17-9aa4-4eb2-b450-fabf654ffe15.jpg,[]
3e4c06eb-813d-4bfd-a489-ec2508f8cb05.jpg,[]
2deb2ca3-600c-4b05-9281-c343e1750450.jpg,[]
40b86bc4-e59e-4f7a-a67b-b744b587e3b5.jpg,[]
1dea0487-55bc-40cb-ba6b-1419aa3ad60b.jpg,[]
2eb35f5a-9cf9-438e-8b1e-6fd25ea68e82.jpg,[]
37a43d8e-1ef2-48cb-ab0a-25fac8ffb324.jpg,[]
3cd5b721-71d4-4797-b089-fac54abef651.jpg,[]
3e7b4eb1-92e3-41d4-928d-b23d112558d2.jpg,[]
1d28ca44-8c3f-419c-b560-763f18ce612e.jpg,[]
3c5149b8-cf77-4890-beba-1d8b01811eb8.jpg,[]
3771db21-3269-46da-bcdf-662b2c2a7d90.jpg,[]
1e417123-a575-4e5f-9085-cadce172212f.jpg,[]
31ce13e9-b202-47ab-b0ff-3a7188feb50b.jpg,[]
0f920fea-18c9-4fb7-b520-b57c73fa6ca7.jpg,[]
1a077671-c3dc-402b-a8d6-0b61059ce25b.jpg,[]
4092c230-ffd4-4e1b-8711-2e8bb8cafc85.jpg,[]
0be61fe3-6968-467e-9ed9-d22c44c0abbe.jpg,[]
329a2878-21e0-4d13-80e3-f324a46c726e.jpg,[]
0e30d684-e04d-43ea-a79b-b65642b54ccd.jpg,[]
423ab362-7d00-4a7b-a97a-3652862a3623.jpg,[]
354118e3-e753-41e9-899d-ca16d7283d3b.jpg,[]
0ce72d21-9197-452f-8e0c-a65271effd87.jpg,[]
45ac3776-9cc0-49ac-9509-ae117b62d3d1.jpg,[]
07c29c5c-1e4d-47b4-9fb2-93378ddd3f47.jpg,[]
32bb0ce0-8bf1-45df-8ce1-0511be34385c.jpg,[]
19eff3c2-e5cb-4583-8f94-8323242551a2.jpg,[]
0a2dc009-ac8e-4026-8f37-81366481235f.jpg,[]
3a7cd41b-4f96-4807-a840-f4963c4fe8f5.jpg,[]
2c6ce626-2598-4a84-9472-270745367196.jpg,[]
1a620a73-901c-4cc4-855b-d3e5d57af441.jpg,[]
173273b8-8d91-41d2-aacc-24170b7acac4.jpg,[]
3ec0ea9c-20e2-43f4-934c-66af47f1c508.jpg,[]
303c9753-1b50-442f-ac8b-b6dc79bd4bfb.jpg,[]
0893256f-2820-45f3-878c-242b1276f6a0.jpg,[]
0bff1362-738d-444a-ad20-19e3c8e1e9c1.jpg,[]
0649aa4d-6554-412b-87a1-7bc500766afa.jpg,[]
2bb0a081-3569-4e9b-b370-27c4eb94be98.jpg,[]
3505c735-4f78-482a-9685-699889340d84.jpg,[]
3277b0c0-aa4d-481e-b340-dabfe1b83cdb.jpg,[]
11679651-c43f-4c75-8570-3c9c5fff078a.jpg,[]
32c40092-d3f2-4ccb-9508-abdb797f990b.jpg,[]
3885a9f5-13f3-42b0-9382-b0a1b5d1ef94.jpg,[]
3a9a146f-fa45-45aa-8af8-ebe1908cace7.jpg,[]
1bb30a08-8e19-4dec-ae92-ab486333688b.jpg,[]
14ebb273-2115-4c1f-8f8a-a73ad168b80a.jpg,[]
2a87438f-c578-4ba5-85cd-55c929c9c4dd.jpg,[]
10ab233f-4bb9-4706-a21b-254e16b05f09.jpg,[]
2d6d20ec-4259-43d5-b26b-e8f8b28a1039.jpg,[]
07c60185-8c2a-40a2-95ef-e5c97ce611a1.jpg,[]
3718ed45-c8ad-409b-b174-7e90c05b5c3f.jpg,[]
25255cda-a525-4195-b3f8-4a66c2abf963.jpg,[]
17cf22da-c437-4257-8d87-36586d20d127.jpg,[]
27adf54a-2f09-4e1f-8d7e-e45210904ad2.jpg,[]
1f8fdbb5-f8a7-48b4-9819-317dec7e98bd.jpg,[]
2f40afbd-9925-4494-ab3d-22895c4f0e9b.jpg,[]
15727415-95de-48bc-a9ce-7a7aa00b6ad1.jpg,[]
45d38ca7-ae56-4613-88a4-9fcbd232d160.jpg,[]
00d6a334-da83-4a97-a962-787315473690.jpg,[]
3d9504e1-f28a-496e-a3d6-29bb288997fe.jpg,[]
40cbd188-3b8c-4adb-afd0-cfce1bf2b88f.jpg,[]
40aac648-44b4-484b-89e3-9e95bef48f88.jpg,[]
28248af9-642f-4e79-8d62-e99aea34f3a2.jpg,[]
1011a45b-1b4d-4381-9a3b-a59ae2a9cb57.jpg,[]
1a08aa19-6b02-4d80-9977-9932971e930f.jpg,[]
17457515-a028-4906-aad7-a29fbf9f36f2.jpg,[]
34304e6a-83e2-436d-bc94-326d6c43de85.jpg,[]
1aec1fd7-8f7d-4061-aba5-71ab276285a5.jpg,[]
1eb04f52-f5a3-4e54-8c2d-cc83a66a8691.jpg,[]
05dad91d-df35-480b-9687-134004a063c6.jpg,[]
1f0446e0-2d72-417e-aff0-3d6a1471f0b5.jpg,[]
0a918216-a9c1-4be6-a368-08767542e780.jpg,[]
131153ab-a6c6-4cd2-90ea-6435a67daa4c.jpg,[]
233a0ce6-bffa-4c33-8286-4e87d1bf6283.jpg,[]
18ee20b0-ba26-44b5-b7c6-371a4931d281.jpg,[]
2dff5aa6-452f-426b-96b5-51d6d3ce9778.jpg,[]
39b6469c-f1b6-4563-92b8-8ec9594bf9a9.jpg,[]
289a9a71-a844-41e0-badd-094aeb01626a.jpg,[]
209bf0f1-3f9f-4975-9743-6fe12ad01782.jpg,[]
27db188d-b84a-447d-99ba-4a3d1e7387ee.jpg,[]
1953da4b-10ca-4f3a-a03b-dd61bc7ba418.jpg,[]
2c51fe21-2a7b-4226-9e1f-399e1783b45c.jpg,[]
19a4d919-7607-469c-94c8-4208ae721bec.jpg,[]
11342334-fe26-47a9-b280-ae32be8a37db.jpg,[]
19e05d79-f994-4046-927b-ea43cbab55dd.jpg,[]
0cd33f46-aae8-4a84-93dd-e8d9cec9f04f.jpg,[]
0ed6f4dd-12ad-4fa7-b681-d136e67ec462.jpg,[]
0e1ec023-a53b-4f68-ab11-64c12b1efe32.jpg,[]
13c9ff42-6e2b-40e2-b438-49e6bb28b8ac.jpg,[]
088f28b0-19c4-4611-9897-e5443bb32230.jpg,[]
212ddc8a-fe11-4d55-b592-d2cb96597ea1.jpg,[]
03071698-dea7-41c8-ba8d-ecaff057410c.jpg,[]
14bcc79a-b927-43ef-9be2-ee0a37bc786e.jpg,[]
36f942e9-afc0-4e3f-8ad5-7e46967ae1d5.jpg,[]
11174a77-0509-416f-b976-dc8acee54aa8.jpg,[]
1f662941-ca39-4f39-9abf-9c767a3ca3e3.jpg,[]
0504c680-d291-4e62-a93b-f738d73df27f.jpg,[]
1e7125a6-5166-4114-90ba-35c36f0ed2a7.jpg,[]
2a305a1e-e523-4528-8e29-e03d4759d7db.jpg,[]
031dc583-61dd-417f-baa4-b9baf9c4b87a.jpg,[]
39c3eda8-e5d0-4566-a036-f002e92a91c6.jpg,[]
2fb86d32-8fd7-44e1-b614-4b6a5f95d04c.jpg,[]
0f2b1b9c-e6b6-49a9-9f68-4e36618c79e1.jpg,[]
21428e17-c7a5-4c50-afec-60ad3910c039.jpg,[]
25189579-5694-4fe6-ba00-2f76185bcf64.jpg,[]
3780c269-a14a-4a97-9ca0-fe54bfa04bc9.jpg,[]
25a2a11a-a1f8-4c27-9f63-a12213d8b234.jpg,[]
45306ceb-df9e-45ef-aa5e-efd87eef4205.jpg,[]
22f7dec1-c85e-4264-af4d-6f2e2a42fdc6.jpg,[]
1338213d-892b-48ae-bd98-650f2068fe1c.jpg,[]
17b5697c-80bd-48c4-94aa-df6942cdc6a0.jpg,[]
133c5c39-5013-4864-a63f-2e0acea9e156.jpg,[]
431d4783-1a71-44d2-9f2d-f3588172fe4f.jpg,[]
3c154436-09a5-4a7f-9dde-9872ea84201e.jpg,[]
03e4098c-5609-43c2-bf27-2be37bbcf583.jpg,[]
379d568a-c61b-47cd-85cb-4e587d7b8277.jpg,[]
1753a2a2-c601-4445-9977-09205bcd4fd2.jpg,[]
272c9586-acb1-4fc5-98ad-10f7e60d9ce7.jpg,[]
340d2a72-ae0b-479e-babc-be1aab7c6637.jpg,[]
3edff3b3-8477-4329-a294-d4735ed81c1f.jpg,[]
1d50a1fa-1d78-4b5a-a5f4-c153f53d18a8.jpg,[]
38e515ce-4dfd-41f7-9d8d-2053dc5c7480.jpg,[]
131ca4dd-70a1-4576-8b23-010a191ea6c2.jpg,[]
13231940-6b1e-413e-88b3-adb7f2be022e.jpg,[]
08679747-82e9-4168-b565-3db0a1aed887.jpg,[]
2223dc90-f342-4981-87a5-97a338d89683.jpg,[]
11efa57d-daa1-45b2-aa77-a93833c70256.jpg,[]
3208fd87-babc-4d14-92e5-208739f853fc.jpg,[]
18af2afd-4107-4598-b314-93c6af313422.jpg,[]
06f50f23-09b2-481d-a013-85fd052c02e1.jpg,[]
260ad574-2c44-4a9b-92c2-e93225d39ae6.jpg,[]
3f332428-607c-4a8a-9e95-5fbc658a0d25.jpg,[]
2b76f3e4-fc6c-48be-bbbf-11f87cc2643e.jpg,[]
35a3e767-f907-45e2-8564-86438f02b0d0.jpg,[]
37fd383e-3408-4f3f-a293-2bb95b3488f2.jpg,[]
1bcb5140-9474-4ec0-a4b6-265af81008c3.jpg,[]
2ac86164-cc7d-452a-9382-9fd9d7b0b5d8.jpg,[]
1a5e10f8-9030-4716-a41c-5671f69dbdbb.jpg,[]
0a7e8b75-da38-4bdf-bf1d-fbadba68aac9.jpg,[]
0cf65fb5-801f-4615-8e8c-04dff8e23d51.jpg,[]
2458f58c-c96c-4e06-8745-d87279ed36d5.jpg,[]
019035a0-682b-409a-9951-ed2af6555213.jpg,[]
01216aac-18f2-4422-9f8c-5922067419a1.jpg,[]
352e2cf4-6a6d-4bd9-ab36-2f1642a2b0fe.jpg,[]
0e130d8d-7176-468f-bbd3-4472c4b00e22.jpg,[]
27bf0c6d-3681-4dc7-8f62-28da17f47dc0.jpg,[]
0c3965d8-75a6-435d-bd8a-131e8547ab7f.jpg,[]
148a5c2b-897e-4e21-9628-bd87b3c9cc62.jpg,[]
1809c0e4-44ed-4b0f-b905-5e99dc7a43cd.jpg,[]
084db0da-7889-46da-93a5-a0f124325ec4.jpg,[]
2205a058-58f0-4c67-9d6c-7bbbc766abb7.jpg,[]
29f0a1db-7a7e-4fc3-8f89-a1af2c2887b6.jpg,[]
3dd87640-0760-48cd-900c-a10d930b497b.jpg,[]
1262a1e3-0f5a-4cb4-8bfe-c6aac85f3abe.jpg,[]
2658bc9d-66d3-478a-924b-cc104b2f3537.jpg,[]
01104053-719c-45a0-b066-414f5791eec8.jpg,[]
427442b8-eb72-4bcd-94f2-0f94ab9a7d6b.jpg,[]
025e5d06-cf6d-4e9b-8e4b-2053a4c75f01.jpg,[]
179c7105-16df-4975-bab8-c79b91ee0bb3.jpg,[]
19dd4844-2338-4b7b-aa21-40893c4f96a4.jpg,[]
38565852-8302-41a9-a743-cd064bbec825.jpg,[]
460063fc-0328-4071-a777-1dd01cbdde85.jpg,[]
36f05a64-05d4-4bed-aa4d-d35b69431ceb.jpg,[]
32961e43-fe4a-4c2a-aff2-830833d8c3aa.jpg,[]
1aab36d0-c219-42ec-b70b-38c177c48405.jpg,[]
240366b0-88cf-41e6-8551-3d1592794cb9.jpg,[]
051e18c6-37e6-427e-ab64-630c41306aa9.jpg,[]
3c07ea0e-a570-4380-954b-6fc9a9d4def2.jpg,[]
4417f0d2-2846-40c3-8d70-ac3909133701.jpg,[]
410fcd81-360d-4195-9d6e-c467f2e43082.jpg,[]
3842572c-9152-47d7-a2d1-40ec47afd1ae.jpg,[]
119e6e9b-dee4-4ecf-a391-03d9bf98df1d.jpg,[]
274eed13-8163-4f62-8acb-4c787b2428f8.jpg,[]
0a3d8457-8674-455a-9d9b-27026ec39976.jpg,[]
108894a9-0236-461b-8cb4-f0aa35187164.jpg,[]
33189c2d-a921-41a9-a9c5-7c8e97dc27b8.jpg,[]
16c71100-5940-4651-8543-7b4630fe4a0a.jpg,[]
2d4f59e1-23e4-457f-aaf0-4487642e01a8.jpg,[]
183370a2-45c6-4e9a-80e5-8b377c13f51a.jpg,[]
3fef7953-c885-45bd-8b99-e5c767e0baae.jpg,[]
117e4e69-58f0-48f6-b846-db1caa20cc82.jpg,[]
38dae648-4bb3-4bc5-beee-ebc7cbea91cf.jpg,[]
4e6b7184-8337-4523-82c4-bfe7fe5cd7cf.jpg,[]
5a9406a9-903f-4046-8631-f4bcf0728690.jpg,[]
f82a8f75-e7ac-4d49-8bbe-ffd236567ed9.jpg,[]
f01fdadd-11ba-4fa2-a8c4-66d6c28328e0.jpg,[]
710e36a9-99f8-4bf9-acf1-506f7055d243.jpg,[]
46220e58-94d4-4c00-84a9-f5bed67f92bb.jpg,[]
f5c9bcb8-7397-4708-a198-3f5da4d2ba6f.jpg,[]
74d2d3b3-1bf0-43fc-af6c-be90c179ee43.jpg,[]
efa0ec34-6d5f-417e-a5ee-b17c50d6c6e7.jpg,[]
80139b00-41de-43b8-a17a-239fee5842d0.jpg,[]
59940172-3bbb-4b67-81bd-f9da6e68b900.jpg,[]
a815c330-5e77-45f4-a135-09bb3b2df82e.jpg,[]
65ec66a2-7fbd-4d7f-a991-e7d9f12d78b2.jpg,[]
8d809609-f2ab-40c9-a3f7-4fd460e228d6.jpg,[]
a6bdc807-2bb0-4972-a467-52b16c67835c.jpg,[]
67d663d5-2b4f-4e53-b21e-e8a531914bac.jpg,[]
9ec4b2b0-d4d9-4024-8c30-7c648459e905.jpg,[]
87c60500-0676-4664-b733-d594bf0bec1f.jpg,[]
fc4bb166-fd67-4305-aa56-eaa0cdbad570.jpg,[]
fe229cbf-a5b4-4f98-bb40-91a125c3f489.jpg,[]
4bfcacd6-fe82-4d54-abce-a5594cee63b6.jpg,[]
63d99f46-26cb-43ec-928b-3fb709547630.jpg,[]
ab4f0866-92f5-4668-b1e0-68878ef42903.jpg,[]
c6f168a8-dd01-4ef5-bcde-477c5b839d91.jpg,[]
7886ba12-2bb5-4cdb-b109-dffb18afc519.jpg,[]
b62be119-54cf-4750-bd23-d98fb9e21fab.jpg,[]
7c0cbacf-b9cc-4df3-8f8d-508d6c91ee95.jpg,[]
cfe63462-24e7-4819-9e19-2ab043fa0908.jpg,[]
c929812f-236c-4db9-a1b4-9ae4454bbd69.jpg,[]
63ed0273-0ff5-47cf-9d16-d251336a9862.jpg,[]
9a0a3651-a38c-4e48-9745-736f1995da43.jpg,[]
ab6cdd59-3057-4e82-9f8d-b2bf2c8338b5.jpg,[]
bd09783e-6a54-47a4-945d-c9f3ff18fec3.jpg,[]
e35cda40-1313-4b28-9e8c-78cbe3e1bc22.jpg,[]
5e47448b-8cd4-482e-bd43-a43576d68f87.jpg,[]
cd4c4615-e65b-49d1-b29f-468aecff214e.jpg,[]
8879a1a8-6fef-4835-b310-a920efc45460.jpg,[]
dbc2f0a0-2b3a-4ec2-9660-28d037858839.jpg,[]
84782af1-d813-4f48-9731-8b4f6ee5ca62.jpg,[]
9f321e56-7286-4e0f-b50d-9acf337632cf.jpg,[]
e6078306-fe30-404f-a9dd-1b3ac8b192c8.jpg,[]
8e36051d-30a8-4a30-a3c7-e3c65a17d27b.jpg,[]
e1fc2802-0f6d-4faa-9066-ab99995dc9a4.jpg,[]
70b66bbd-49b9-4421-a8c8-3cc5069e896a.jpg,[]
d969e0e1-a6a2-45d4-9d18-362f8106ecb8.jpg,[]
e04474c3-9ef9-4e67-83bb-f9ec91e500ce.jpg,[]
7a0e2939-1e14-4536-9ba8-d0bf96feaccd.jpg,[]
d6fef1e7-6276-42a7-a12d-ab8b890b80d1.jpg,[]
7d0c34e9-39f3-4a3a-ba08-fe767bc681b5.jpg,[]
477a602f-4e41-4334-90d1-78a6fcf12d18.jpg,[]
6feb5db7-fff2-41f3-9123-074d3152a5ea.jpg,[]
4a65bacf-ffbe-45de-92c9-759043a3d3d6.jpg,[]
d2638f98-3943-4661-b655-575889c0d23f.jpg,[]
b7bd1941-396b-4087-b6d2-1dfb1af2ec90.jpg,[]
c749d693-e7dd-47a3-b6da-361ce2d501a1.jpg,[]
bae2015b-821a-4a69-9fd5-1ae270ec6941.jpg,[]
822806fa-9479-4199-85b0-8b7088b3158b.jpg,[]
7715d744-5a91-4148-88ea-95312c072e99.jpg,[]
ab081532-eeb3-4475-a885-2a841f527cb8.jpg,[]
904167a5-9215-4b8a-99ca-a61d20402f31.jpg,[]
550a5c77-3115-4eb4-ac60-26e99ac64c8c.jpg,[]
51461bc0-f1af-42e5-8e88-d139338804a3.jpg,[]
46e92149-7630-46eb-9055-b3cef58bca25.jpg,[]
81309815-7bb8-4f60-9360-5bea12efe3b2.jpg,[]
f8d5cb9a-b003-4367-88cb-f92f6eef44b4.jpg,[]
652b15ed-46bd-4b0e-bf2e-39b072197564.jpg,[]
a3294be0-973e-49b5-9879-e37cbf58bd8d.jpg,[]
47151e39-9856-4c24-8614-4c0f578ab90c.jpg,[]
bcfd6e7f-5c6f-4775-9e68-608778b37f03.jpg,[]
826725da-e50b-422d-adf0-3165acca3b91.jpg,[]
e0908a97-d067-4b38-aa98-dfbf98d476af.jpg,[]
7355a1aa-7adf-4146-81d5-d7c7f159a1c5.jpg,[]
e988920d-2b59-4ed3-9089-e86538f5e1af.jpg,[]
5cf48e37-bd88-4a52-a154-df01bd3bc6c1.jpg,[]
74456b82-30a1-43a3-8ace-ff1e131039cc.jpg,[]
62d988c1-eeb6-43fb-80be-c255db3399fe.jpg,[]
94472046-c8ea-4af8-85e8-934bd3c42c0f.jpg,[]
e265440f-4c38-4ad4-bc12-8753dd7b43e5.jpg,[]
cf5a1363-d05d-482c-a64a-1cfd281c4e81.jpg,[]
e06294ad-d505-4836-8881-f67d7f7a729b.jpg,[]
bb150560-5401-49bf-9aba-63aaea2be85d.jpg,[]
f9927465-aab3-4f76-a107-7c2d134a2e36.jpg,[]
f94b971f-ce4a-4240-99f0-ee1f4a373629.jpg,[]
dc785b71-5070-46ad-b2d4-e930d389855b.jpg,[]
54b96850-f1c6-47b6-bfb5-172113f8a6ca.jpg,[]
99635260-cf2a-4480-bec7-085765c279fb.jpg,[]
bbede4b5-d954-4cd4-9f7b-b533b27a7983.jpg,[]
59422ab2-001e-4155-b8c5-f8d9cec4b8a9.jpg,[]
ff3128d7-aa92-471c-a127-34f515a56705.jpg,[]
5dd192ea-7a69-45c5-90de-060c8aa9128b.jpg,[]
b6f01161-7cf8-4117-8b22-1e689138e78e.jpg,[]
a1055d8e-925d-4d51-86ce-b5dc3252df78.jpg,[]
7b51fcff-15f0-4965-8206-bfa553e546ec.jpg,[]
9ce202f0-4fd4-43df-8da9-a7b46499c3f8.jpg,[]
506c0287-7c78-41e2-acac-9a01f509699f.jpg,[]
5bbc8721-d32e-41ac-b1f6-5d452b3c3698.jpg,[]
6da17966-c50e-4920-9491-ab27d212eb09.jpg,[]
eb0d4f1d-e375-40af-9fb7-3ed5edf1ba62.jpg,[]
b09ee59c-494c-487b-8f46-38d71871d280.jpg,[]
8b317305-cb50-4a03-bb3b-27478b0683db.jpg,[]
d709c46f-4304-4212-bf71-5354a3c0e8d3.jpg,[]
6a71de0e-e533-4237-ab90-475e75877a9f.jpg,[]
c09c5458-ac55-4ee2-9e72-fe581ba3b9cd.jpg,[]
70ad2a7c-155d-4b49-97c9-4bbedef6f54f.jpg,[]
8d87b83d-aafa-4187-bfd2-04e14b604a97.jpg,[]
9b89273c-90bb-42bd-b76e-e1136bc267a6.jpg,[]
975cb802-43b9-483e-9572-15a2c80a68e0.jpg,[]
6a98d0f8-522c-4a0a-9e27-46b2376776c8.jpg,[]
9fb51b95-90ed-4a51-905c-7684d4678b07.jpg,[]
795f812a-2b0c-466b-b869-501261065449.jpg,[]
edb017ba-0439-46cf-a6f0-c7da25ff20e9.jpg,[]
9931430b-3496-4fb4-95e0-91814becdd12.jpg,[]
a07009fb-e70e-45ca-8793-a0902448c78e.jpg,[]
795e18a0-a27e-4650-b4d2-899b454a2da4.jpg,[]
ba1f8c74-c606-40f3-95e4-7ab1832241bf.jpg,[]
d2df1b5e-ca2f-47a2-90cb-3d93a05b6efd.jpg,[]
56b12561-08a8-43c4-b1af-afedede4127a.jpg,[]
f8063335-2f51-4f48-9a21-d145c2214f3e.jpg,[]
fb69eed9-ca21-4a53-a29b-5069c3d1e80a.jpg,[]
80b08037-6a3e-4419-891e-2e6321061f53.jpg,[]
a5a8a7f6-541e-4ec9-a2ae-cf12ba47c50e.jpg,[]
d42ee496-97ab-4cad-a4c7-09e7e4438290.jpg,[]
f97ba364-51d5-4a32-ae9a-c41b3c14ddfb.jpg,[]
74839e94-839e-4688-b52c-2d7105dc304e.jpg,[]
83506476-3aa1-404c-b951-2fbf1802ca43.jpg,[]
d68f4a8f-19a7-4704-806b-2506659f123d.jpg,[]
8b47158d-1c68-4617-9e1e-2c460a9a28a0.jpg,[]
93b9e5e7-c844-4abf-8cce-87c2d3e99f4d.jpg,[]
ddd14562-7a37-4e27-86d3-ffd20333992f.jpg,[]
57fb68d9-0aaa-441e-9d28-6fa3c0a83421.jpg,[]
6c27ebf1-6820-4f34-ad46-a453c5aafc76.jpg,[]
83939eaf-dad1-4796-9e70-356bf0a0b4f9.jpg,[]
e1213939-975b-4088-a9d5-dd9ce6837fd4.jpg,[]
5f58888f-4fe5-4559-b0ca-83ec350e6d67.jpg,[]
52a6409b-a2cf-428b-a9c6-a6fdc166a946.jpg,[]
acbbe499-4e8a-4ae4-aa67-e9224750c775.jpg,[]
d95bbd71-1971-402c-92f4-dab8660714f2.jpg,[]
99857573-df8c-4979-8d01-424a22f411f1.jpg,[]
1dd9face-9e0d-4dac-9a3a-7e5302e2d39c.jpg,[]
2448cade-5691-4754-9cdb-f1f31f4fc1c7.jpg,[]
e19d3af0-771e-493c-916b-8f3338901dba.jpg,[]
e1d69a70-82f3-43a5-aab6-ceb3351bd95a.jpg,[]
30b0eaaa-927b-4b18-bdb5-8b5c399a733b.jpg,[]
01cae072-0570-46cc-bfbd-2bb0ef8c8a60.jpg,[]
08e73f74-8af4-493b-8f11-5105e1409a3d.jpg,[]
34704d74-4e73-4c28-ad27-cb4add0066cf.jpg,[]
6a0aee0e-9015-4ff8-84a7-d6ffa266a0b5.jpg,[]
8f1a48c6-13e8-4e2f-8a69-14a296aa2d0b.jpg,[]
1e01fcc4-dbcb-4ebe-abc0-e4a382841021.jpg,[]
35f4140a-b8e7-47a4-97c0-60fbad0d61e4.jpg,[]
0d087a68-b047-48fe-802a-ca1124dba869.jpg,[]
12612322-1686-4d4a-9d29-c71a27a01cfa.jpg,[]
52608e39-855d-4163-9c48-32d0533cf138.jpg,[]
110eacdd-86d7-4d19-8f1a-67e3aadc9d43.jpg,[]
c6f71754-c00f-44cb-bcca-91528d204ac4.jpg,[]
0792e698-5e19-4c4e-bfae-c2e602bb21cc.jpg,[]
a456fb1c-2072-4594-aac3-bbb638bd864a.jpg,[]
09436fa6-21a9-4b78-b25c-3bb753b672f0.jpg,[]
0383d0f3-d7fb-4a88-aa04-5ce9aa47010b.jpg,[]
244c0285-bc6c-4697-afa5-9fe257ea625d.jpg,[]
09d923a3-1043-42b3-ba38-fa74540307cc.jpg,[]
2bb89da4-f8e8-4726-afe1-a654976af35a.jpg,[]
0d21eed9-5e43-40aa-980b-fd522c694022.jpg,[]
1f4c97d6-3b5f-4ccf-9f34-2307bbd3e6f4.jpg,[]
0dcd7142-b9e9-49da-aeee-b630bc6ad395.jpg,[]
01e58ab4-f61e-449f-9cc8-920573463592.jpg,[]
23fe4897-ac7b-402e-85b0-8b495262031d.jpg,[]
c278ab54-a5f2-43ee-b99f-5a0ca9b24e3a.jpg,[]
20a4505f-10ea-4f8e-8be0-7486b8a4f78c.jpg,[]
4ebc8b4b-e5cd-4ed7-b8ca-361ba7305936.jpg,[]
19db0ad5-f5c4-4dc8-9852-60f8f9b4e37d.jpg,[]
0d37cf25-5991-451f-a52a-7dd0b87eb98c.jpg,[]
2104f71a-516c-4c3f-b74d-00f8c96563be.jpg,[]
36af4d58-2f07-4c3c-8252-79dca0e932c0.jpg,[]
043f5568-4be8-4f1b-b153-f29217698e53.jpg,[]
1063ccb6-122f-4f58-8ca4-34898a45d2dd.jpg,[]
4e15a21a-2267-462a-b021-1e8b7139bccf.jpg,[]
a27778cc-17e3-40ba-a386-4504e5e4fd3e.jpg,[]
18fbb3d3-0838-4d77-910c-fe90993d56c6.jpg,[]
29809bc1-15a1-4943-ba8b-17ef7f9a4c91.jpg,[]
f54e6efc-037f-4bd2-99cd-94aa9bf795ac.jpg,[]
f021e0c8-5c7f-4611-bae9-3df7b268d49c.jpg,[]
2930b74f-563f-44c9-86c2-3de15b094366.jpg,[]
357be4cc-4666-4df4-9509-22ff9f505751.jpg,[]
99927296-4a53-432e-972b-a1de90fb2707.jpg,[]
4e44f694-6d5c-4054-a094-79802d3e794b.jpg,[]
1dc0e7b2-8e45-47a2-872a-c87f847a98fb.jpg,[]
27eb918d-b71b-4f02-89b2-f136cd87b455.jpg,[]
001ed48c-237a-4740-b2f8-ea0eac85972e.jpg,[]
3693f670-c820-4b7f-87b9-f0537eef84b6.jpg,[]
c419ef79-92fc-4a03-be87-0a9b2f83efba.jpg,[]
08fbeebf-6111-4743-bfcf-9d01c11f1f7a.jpg,[]
0809a9a2-c52e-4218-bd80-586e8b9e5b58.jpg,[]
1e4945d1-639b-4ecc-a131-f1f8df641a01.jpg,[]
20e68502-d51c-437a-8e04-488b684c7d69.jpg,[]
15d1d50e-00ab-40ee-bfe2-a5dff77acd2a.jpg,[]
16e67602-0607-4afa-8c48-97e043292775.jpg,[]
07e6c067-2836-44c4-950c-45a3946460c7.jpg,[]
0f05dd52-dd73-46f0-a769-dccf3ed91e1b.jpg,[]
ad24aeae-a09a-4bc0-b8c6-65752d513b62.jpg,[]
33066d82-e7bc-4753-8bb9-30eaf13b1705.jpg,[]
73dacade-f753-49e4-a25a-c61472b9a638.jpg,[]
23281e32-539b-4332-ab77-fd4eca6a5c70.jpg,[]
26cc6043-6826-48f2-9b1b-1f47cd42c7e5.jpg,[]
eb2163e8-34c6-4ae0-bcef-1bf937225449.jpg,[]
2d396e4b-5b55-4e86-a382-30c074ce4fd1.jpg,[]
169d0e14-29a2-4a8e-948d-f01e6049fd0e.jpg,[]
d86e75b0-c3d4-493b-854b-67e292e22dca.jpg,[]
0dd99e29-a643-45b6-8ff4-89c6dcce88df.jpg,[]
2fe8f105-152f-4b8c-9192-f26ed1ac60d7.jpg,[]
4d42c64b-69a6-48b0-bf22-d25d16ee5848.jpg,[]
1f58c72c-4616-4719-a4d3-bf1c6140eb08.jpg,[]
d098a8f3-037f-4e6c-b2d6-e1c1bc2947e5.jpg,[]
a610a833-fb1a-4749-8c89-2a55c4ed7609.jpg,[]
15060d60-be4c-4c24-a1c6-59df4b55af4c.jpg,[]
30533dba-06dd-4132-a4a8-2d8fb9d0fe66.jpg,[]
1d00a49a-63a7-4a6a-bc39-44cfbadcf977.jpg,[]
07be46d4-d6ea-47e1-aafc-7ca23ec78177.jpg,[]
3490239b-c077-4cc7-903d-931e215679d7.jpg,[]
22c872fa-d9ae-427c-bb23-fc5edce08722.jpg,[]
3731806f-2fe4-46fd-b012-bddc808581df.jpg,[]
1d9c2ed6-457d-496a-9834-ca9fea90df0e.jpg,[]
8870da98-dad5-4b34-8b9b-f24bc5a68de4.jpg,[]
10063d2b-c0e2-4de6-bca9-1e4a28503671.jpg,[]
2c057dba-42fe-4363-bf3d-22dbef451437.jpg,[]
38516d13-fc47-47b4-b3c6-de4d86062a2c.jpg,[]
074e8c91-3d0e-419d-a021-41c91e5ccc5e.jpg,[]
29b3ede9-313b-4da9-8ed4-8f40ece0ee07.jpg,[]
503dc12c-0cf7-4b09-a17f-615c55ca2106.jpg,[]
b190e46e-98a5-455f-8b29-1c83ac7b23a8.jpg,[]
78cc48b2-7fa4-43b2-a9e0-8f231b2861ef.jpg,[]
da379a5e-144c-4b27-aca2-88db0b3f2b60.jpg,[]
ea61cda7-15ac-441c-88ae-6ecd3c761dd2.jpg,[]
e450e06b-93cf-4f26-8498-9b6aa1a5292c.jpg,[]
e3a38762-218e-4461-aeb5-a14a9e1ba047.jpg,[]
d040a334-e7e6-40d1-a87a-e35e19e3a571.jpg,[]
77735e58-463f-4283-ba61-21dd3177d187.jpg,[]
d97640f1-276d-4cbe-bf2c-ac1cae8602bf.jpg,[]
418d5663-fa38-45ae-87af-e6151a791f77.jpg,[]
7cd2eba7-b394-4629-98ae-2344fe17cd10.jpg,[]
e3fc4c3c-b8f8-4cc4-8f25-23c187583ed6.jpg,[]
8b77afde-ad27-4d1a-bd2e-dc5c5138edc4.jpg,[]
56af0fb1-f420-4bcf-8037-6ee7bb67ffbd.jpg,[]
e3404a2e-fe10-405c-a8ee-d5136d1a6da6.jpg,[]
7a511c82-638a-4b3c-a1dc-ff14719473b9.jpg,[]
b1b5ae7f-4971-4b0c-bb29-da14a3e59c9f.jpg,[]
821697e6-4839-4bfc-bc98-5e1fb78b0258.jpg,[]
4147d461-2a04-4ed2-864c-10c9dc7c7092.jpg,[]
d1ae6fe5-e02f-4f51-ae8d-52efa20dc5e7.jpg,[]
8a03d86a-5e2b-464f-bae4-d5b0dd6ed4db.jpg,[]
6585580d-1ac8-45cf-94ab-5e91051d98fc.jpg,[]
01e6ea17-e9ae-4395-945d-b87f090b2bc7.jpg,[]
629c5464-2f1a-4405-975c-b7111ba3eb99.jpg,[]
3d04fab3-0711-4df8-bf22-ca5ce5a487ae.jpg,[]
97996987-f04d-4f1f-9008-4b006115c7e6.jpg,[]
4280d755-f56c-4e87-a0a3-601a2c530eaf.jpg,[]
b5facf5d-e529-4a30-b7e7-63f23ba8c52f.jpg,[]
bb482c65-3c36-4700-a983-8dd28d052774.jpg,[]
9bfaf1a7-3cb0-41e0-82e5-8d5029971457.jpg,[]
dac4db94-8998-46cf-ab20-bee7d410ef29.jpg,[]
a39c29c6-471d-44a5-9011-605fb0715895.jpg,[]
de44686f-e2ab-4e43-aefd-59d91f2fead2.jpg,[]
6e4e647b-8f8d-4a06-87cb-5b45a7790fe4.jpg,[]
b07c2d09-cba1-478a-a866-944d130ab8f7.jpg,[]
53272012-0e59-414e-b74e-6b23ea1e7e4f.jpg,[]
1276a711-3ee8-487d-8a45-cca1d57e6cca.jpg,"[{""bbox"": [29, 20, 267, 90], ""type"": ""formula"", ""text"": ""6) R2 ⊕ R1""}, {""bbox"": [29, 192, 1013, 268], ""type"": ""formula"", ""text"": ""R_1 ⊕ R_2 = {(b, c), (e, b), (e, a), (a, d), (d, e), (d, c)}""}, {""bbox"": [29, 357, 740, 452], ""type"": ""formula"", ""text"": ""R_2^{-1} = {(b, a), (d, a), (e, d), (e, d)}""}]"
22bc6edb-5bc7-4b39-a700-1f5e906ae7fd.jpg,"[{""bbox"": [69, 29, 906, 193], ""type"": ""formula"", ""text"": ""~~А(1; 1; 1)~~ В(2; -1; 1) С(3; -2; -1)""}, {""bbox"": [108, 147, 451, 268], ""type"": ""formula"", ""text"": ""С = (3; -2; -1) → →""}, {""bbox"": [83, 200, 983, 387], ""type"": ""formula"", ""text"": ""→a · →b = 1 · 2 + 1 · (-1) + 1 · 1 = 2""}, {""bbox"": [76, 250, 1607, 657], ""type"": ""formula"", ""text"": ""a * b = | i j k \\n        1 1 1 \\n        2 -1 1 | = (1*1 - 1*1)i - (1*1 - 1*2)j +""}, {""bbox"": [48, 631, 571, 741], ""type"": ""formula"", ""text"": ""+ (1 · (-1) - 1 · 2) K""}, {""bbox"": [74, 755, 373, 861], ""type"": ""formula"", ""text"": ""(2; 1; -3)""}, {""bbox"": [48, 847, 1564, 1162], ""type"": ""formula"", ""text"": ""a; b;c=(1 1 1;2 -1 1;3 -2 -1) =(1 -1 1;-2 1) -(1 1;3 -1) +(2 -1;3 -2)=""}, {""bbox"": [108, 1067, 920, 1343], ""type"": ""formula"", ""text"": ""|-1 1| |-2 1| |2 -1| |3 -2|) = 3 |-2 1| |2 -1|) = -1""}, {""bbox"": [65, 1240, 1514, 1534], ""type"": ""formula"", ""text"": ""|2 1\\ 3 -1| = -5 |→2, →1, →6, →6, →6| = 1 · 3 - 1 · (-5) + 1 · (-1) = 7""}, {""bbox"": [30, 1828, 1067, 2056], ""type"": ""formula"", ""text"": ""x - (-3) / 1 - (-3) = y - 1 / -1 - 1  x + 3 / 2 = y - 1 / -1""}, {""bbox"": [19, 1974, 1221, 2276], ""type"": ""formula"", ""text"": ""x+3/1 = y-1/-1  -1 * (x+3) = 1 * (y-1)  -x-3 = y-1""}]"
90a703cc-b3f8-40f7-a6a6-ad7a0544384b.jpg,"[{""bbox"": [111, 583, 620, 665], ""type"": ""formula"", ""text"": ""4. R = {a, b, c, d}""}, {""bbox"": [96, 674, 1342, 792], ""type"": ""formula"", ""text"": ""a) f(a) = b, f(b) = a, f(c) = c, f(d) = d""}, {""bbox"": [124, 1029, 1327, 1156], ""type"": ""formula"", ""text"": ""б) f(a) = d, f(b) = b, f(c) = c, f(d) = d""}, {""bbox"": [93, 1301, 1520, 1459], ""type"": ""formula"", ""text"": ""5. f(x,y,z) = (yz ∨ y) (xy ∨ xy ∨ z) (x ∨ y) =""}, {""bbox"": [93, 1537, 1522, 1660], ""type"": ""formula"", ""text"": ""= (y ∧ x̄) ∨ (ȳ ∧ ȳ) ∨ (y ∧ z) = y(x̄ ∨ z) ⋅ (x ∨ ȳ)""}]"
2f8fe8f4-5d3f-4f48-ae3f-bdd4654f3e81.jpg,"[{""bbox"": [2, 692, 621, 1095], ""type"": ""formula"", ""text"": ""1 = ( 1 0 0 0 1 0 1 0 0 0 1 0 0 1 0 0 0 1 0 1 0 0 0 1 0 0 1 0 1 0 1 0 0 0 1 0 1 0 0 0 1 0 0 1 0 1 0 1 0 0 0 1 0 1 0 0 0 1 0 0 1 0 1 0 1 0 0 0 1 0 1 0 0 0 1 0 0 1 0 1 0 1 0 0 0 1 0 1 0 0 0 1 )""}, {""bbox"": [2, 1406, 1600, 1514], ""type"": ""formula"", ""text"": ""б) f(a) = 2, f(b) = b, f(c) = c, f(d) = b. ін'єктивність: ні,""}, {""bbox"": [2, 2046, 1594, 2153], ""type"": ""formula"", ""text"": ""1. (x v ( z v y z)) = ( x v z ) за законом поглинання z v y z =""}, {""bbox"": [0, 2155, 101, 2241], ""type"": ""formula"", ""text"": ""= z)""}]"
347d94f6-3a45-4cfc-98b3-3b8f15abfa01.jpg,[]
1efb3e81-2787-406d-812b-0ce45634112d.jpg,[]
03be7575-9434-4fd8-a8e9-a24274abc671.jpg,[]
3ac93bb7-d87b-4f64-b085-457a2b00f294.jpg,"[{""bbox"": [999, 1248, 1295, 1406], ""type"": ""formula"", ""text"": ""R_{1201} = \\frac{R}{S}""}, {""bbox"": [502, 1446, 952, 1542], ""type"": ""formula"", ""text"": ""x = 3000 * 10 / 100 = 5 000""}]"
1156ebfb-9d11-40e5-b276-585c5ae09725.jpg,"[{""bbox"": [70, 10, 582, 97], ""type"": ""formula"", ""text"": ""d) A \\ B = A ∩ Ā""}, {""bbox"": [62, 355, 1391, 478], ""type"": ""formula"", ""text"": ""5 ( ∃ x ∀ z P(x, z ) ∨ ∀ x ∀ y Q(x, y ) ) → ∀ x R(x, z )""}, {""bbox"": [62, 465, 1554, 589], ""type"": ""formula"", ""text"": ""¬(∃x∀zP(x,z) ∨ ¬(∀x∀y Q(x,y))) ∨ ¬(∀zR(z))""}, {""bbox"": [57, 579, 1538, 681], ""type"": ""formula"", ""text"": ""¬∃x∀zP(x,z) ∨ ¬¬(∀x∀y Q(x,y))) ∨∃z ¬R(z)""}, {""bbox"": [87, 672, 1375, 758], ""type"": ""formula"", ""text"": ""(∀x∃z ¬ P(x, z) ∨ ∀x∀y Q(x, y)) ∨ ∃z ¬ R(z)""}, {""bbox"": [87, 754, 1477, 868], ""type"": ""formula"", ""text"": ""(∀x∀z ¬ P(x, z) ∨ (∃y ∃u Q(u, y) ∨∃w ¬ R(w)""}, {""bbox"": [90, 869, 1365, 996], ""type"": ""formula"", ""text"": ""∀x ∀u ∀y ∃z ∃w ((¬P(x, z) ∧ Q(u, y)) ∨ ¬R(w))""}]"
198965ae-0039-4bb7-b9bc-1a963ab5ad21.jpg,"[{""bbox"": [23, 1065, 1443, 1198], ""type"": ""formula"", ""text"": ""(400 / 3000) ÷ (2000 / 15000) = 0,1333 ÷ 0,1333 = 1,00 ~~А~~""}, {""bbox"": [16, 1194, 1266, 1310], ""type"": ""formula"", ""text"": ""(350 / 3000) ÷ (15000 / 15000) = 0,1167 ÷ 0,10 = 1,17""}, {""bbox"": [16, 1316, 1196, 1405], ""type"": ""formula"", ""text"": ""(250/3000) ÷ (12000/15000) = 0.0833 ÷ 0.08 = 1.04""}, {""bbox"": [16, 1395, 1268, 1489], ""type"": ""formula"", ""text"": ""(500/3000) ÷ (2000/15000) = 0,1667 ÷ 0,1333 = 1,25""}, {""bbox"": [16, 1498, 1285, 1594], ""type"": ""formula"", ""text"": ""(300/3000) ÷ (1000/15000) = 0.10 ÷ 0.0667 = 1,50""}]"
40981821-d408-42b7-991b-a85627719b29.jpg,"[{""bbox"": [22, 10, 612, 90], ""type"": ""formula"", ""text"": ""5. f(x, y, з) = xyз ∨ xȳз ∨ xȳз""}, {""bbox"": [34, 95, 250, 145], ""type"": ""formula"", ""text"": ""x y з = 1 1 1""}, {""bbox"": [30, 140, 247, 189], ""type"": ""formula"", ""text"": ""~~x~~ȳ з = 100""}, {""bbox"": [29, 189, 253, 253], ""type"": ""formula"", ""text"": ""x ȳ з = 001""}]"
32d899aa-c8b1-4553-b22f-1a61d0488441.jpg,"[{""bbox"": [745, 107, 975, 297], ""type"": ""formula"", ""text"": ""(0 1 0 0 0; 0)""}, {""bbox"": [0, 177, 323, 257], ""type"": ""formula"", ""text"": ""3.2 R₁ ∩ R₂""}, {""bbox"": [0, 249, 401, 338], ""type"": ""formula"", ""text"": ""R₁ ∩ R₂ = {(a, b)}""}, {""bbox"": [0, 348, 302, 425], ""type"": ""formula"", ""text"": ""3.3 R₁ ∘ R₂""}, {""bbox"": [929, 407, 1131, 603], ""type"": ""formula"", ""text"": ""(0 0 1 0 0; 0; 0; 1 1 0 0 0; 0)""}, {""bbox"": [0, 415, 652, 512], ""type"": ""formula"", ""text"": ""R₁ ∘ R₂ = {(a, c), (d, a), (d, b)}""}, {""bbox"": [0, 547, 311, 624], ""type"": ""formula"", ""text"": ""3.4 R₁ ∘ R₁""}, {""bbox"": [0, 604, 712, 703], ""type"": ""formula"", ""text"": ""R₁ ∘ R₁ = {(a, c), (e, b), (e, c)}""}, {""bbox"": [995, 647, 1216, 817], ""type"": ""formula"", ""text"": ""(0 1 0 0; 0; 0; 0; 0 1 0 0)""}, {""bbox"": [0, 728, 329, 804], ""type"": ""formula"", ""text"": ""3.5 R₂ ∘ R₂""}, {""bbox"": [0, 790, 600, 889], ""type"": ""formula"", ""text"": ""R₂ ∘ R₂ = {(a, c), (a, e)}""}, {""bbox"": [898, 838, 1129, 1014], ""type"": ""formula"", ""text"": ""(0 0 1 0 1; 0; 0; 0; 0)""}, {""bbox"": [0, 951, 401, 1028], ""type"": ""formula"", ""text"": ""3.6 R₂ ⊕ R₁""}, {""bbox"": [1447, 1004, 1669, 1234], ""type"": ""formula"", ""text"": ""(00010; 00100; 000; 00; 00101; 11000)""}, {""bbox"": [0, 1013, 1126, 1112], ""type"": ""formula"", ""text"": ""R₂ ⊕ R₁ = {(a, d), (b, c), (d, c), (d, e), (e, a), (e, b)}""}, {""bbox"": [0, 1119, 315, 1214], ""type"": ""formula"", ""text"": ""3.7, R₂⁻¹""}, {""bbox"": [85, 1199, 887, 1320], ""type"": ""formula"", ""text"": ""R₂⁻¹ = {(b, a), (d, a), (e, d), (c, d)}""}, {""bbox"": [1172, 1265, 1418, 1471], ""type"": ""formula"", ""text"": ""(0; 1 0; 0 0 0 1 0; 1 0; 0 0 0 1 0)""}, {""bbox"": [154, 1593, 1267, 1702], ""type"": ""formula"", ""text"": ""5 ∃x((y > 2x + 1) ≈ (3x + y < 1)), x ∈ (-1, 1], y ∈ [0, 7).""}, {""bbox"": [185, 1687, 830, 1791], ""type"": ""formula"", ""text"": ""P: y > 2x + 1 ⇔ x < y-1 /2""}, {""bbox"": [199, 1769, 827, 1851], ""type"": ""formula"", ""text"": ""Q: 3x + y < 1 ⇔ x < 1-y/3.""}, {""bbox"": [209, 2265, 1102, 2356], ""type"": ""formula"", ""text"": """"}]"
4464669a-b134-4fa6-9c75-d822d957ae58.jpg,[]
514a6e85-ef28-40a7-9e63-cdc1d4aacd31.jpg,"[{""bbox"": [7, 185, 730, 299], ""type"": ""formula"", ""text"": ""A_{18}^3 = \\frac{18!}{(18-3)!} = 18 \\cdot 17 \\cdot 16 = 4896""}, {""bbox"": [0, 1227, 526, 1425], ""type"": ""formula"", ""text"": ""M_{R_1} = \\begin{pmatrix} 0 & 1 & 0 & 1 & 0 \\\\ 0 & 0 & 1 & 0 & 0 \\\\ 0 & 0 & 0 & 0 & 0 \\\\ 0 & 0 & 0 & 0 & 0 \\\\ 1 & 1 & 0 & 0 & 0 \\end{pmatrix}""}, {""bbox"": [0, 1496, 541, 1708], ""type"": ""formula"", ""text"": ""M_{R_2} = \\begin{pmatrix} 0 & 1 & 0 & 1 & 0 \\\\ 0 & 0 \\\\ 0 & 0 \\\\ 0 & 0 & 1 & 0 & 1 \\\\ 0 & 0 \\end{pmatrix}""}, {""bbox"": [564, 1520, 1088, 1703], ""type"": ""formula"", ""text"": ""M_{R_2} = \\begin{pmatrix} 0 & 0 & 0 & 0 \\\\ 1 & 0 & 0 & 0 \\\\ 0 & 0 & 0 & 1 \\\\ 0 & 0 & 0 & 0 \\end{pmatrix}""}, {""bbox"": [546, 1699, 1140, 1886], ""type"": ""formula"", ""text"": ""M_{R_1 ∩ R_2} = \\begin{pmatrix} 0 & 1 & 0 & 0 & 0 \\\\ 0 & 0 \\\\ 0 & 0 \\\\ 0 & 0 \\\\ 0 & 0\\end{pmatrix}""}, {""bbox"": [0, 1704, 469, 1891], ""type"": ""formula"", ""text"": ""M_{R_1 ∪ R_2} = \\begin{pmatrix} 0 & 1 & 0 & 0 \\\\ 0 & 0 & 1 & 0 \\\\ 0 & 0 & 0 & 0 \\\\ 0 & 0 & 1 & 1 \\\\ 1 & 1 & 0 & 0 \\end{pmatrix}""}, {""bbox"": [0, 1895, 576, 2093], ""type"": ""formula"", ""text"": ""M_R1оR2 = (0; 0 1 0 1 0)""}, {""bbox"": [604, 1917, 1185, 2116], ""type"": ""formula"", ""text"": ""M_R1оR1 = (0 0 1 0 0; 0)""}, {""bbox"": [0, 2091, 507, 2274], ""type"": ""formula"", ""text"": ""M_R2оR2 = (0 0 1 0 1; 0)""}, {""bbox"": [551, 2091, 1079, 2293], ""type"": ""formula"", ""text"": ""M_R2⊕R1 = (0 0 0 1 0; 0 0 1 0 0; 0 0 0 0 0; 0 0 1 0 1; 1 1 0 0 0)""}]"
07943539-2b53-4dae-8214-66907705e691.jpg,"[{""bbox"": [279, 339, 640, 557], ""type"": ""formula"", ""text"": ""1. 2х4""}, {""bbox"": [279, 628, 1095, 844], ""type"": ""formula"", ""text"": ""2. { 3x - 2y = 5""}, {""bbox"": [429, 844, 1089, 1064], ""type"": ""formula"", ""text"": """"}, {""bbox"": [414, 1236, 1517, 1464], ""type"": ""formula"", ""text"": ""\\Delta = \\begin{vmatrix} 3 & -2 \\\\ 4 & 1 \\end{vmatrix} = 3 + 8 = 11""}, {""bbox"": [429, 1512, 1532, 1767], ""type"": ""formula"", ""text"": ""\\Delta_x = \\begin{vmatrix} 5 & -2 \\\\ 3 & 1 \\end{vmatrix} = 5 + 6 = 11""}, {""bbox"": [446, 1783, 1612, 2049], ""type"": ""formula"", ""text"": ""\\Delta y = \\begin{vmatrix} 3 & 5 \\\\ 4 & 3 \\end{vmatrix} = 9 - 20 = -11""}, {""bbox"": [364, 2084, 1179, 2355], ""type"": ""formula"", ""text"": ""X = \\frac{\\Delta_x}{\\Delta} = \\frac{11}{11} = 1""}, {""bbox"": [364, 2367, 1212, 2625], ""type"": ""formula"", ""text"": ""y = \\frac{\\Delta y}{\\Delta} = \\frac{-11}{11} = -1""}, {""bbox"": [204, 3384, 1597, 3716], ""type"": ""formula"", ""text"": ""6. \\int \\cos(5x) dx = \\frac{1}{5} \\sin(5x) + C""}, {""bbox"": [175, 3716, 2141, 3989], ""type"": ""formula"", ""text"": ""7. A = \\begin{pmatrix} 5 & 2 & -1 \\\\ 2 & -1 & 2 \\\\ -1 & 3 & 1 \\end{pmatrix} M_{23} = \\begin{pmatrix} 3 & 2 \\\\ 2 & -1 \\end{pmatrix} = -3 - 4 = -7""}, {""bbox"": [183, 3989, 1102, 4262], ""type"": ""formula"", ""text"": ""8. -t² + 7t + 30 =""}, {""bbox"": [208, 4262, 927, 4536], ""type"": ""formula"", ""text"": ""9. \\frac{1}{x^n} = x^{-n} \\vee""}, {""bbox"": [266, 4494, 894, 4693], ""type"": ""formula"", ""text"": ""a^x b^x = (ab)^x \\vee""}, {""bbox"": [278, 4676, 911, 4932], ""type"": ""formula"", ""text"": ""\\sqrt[n]{a} = a^{\\frac{1}{n}} \\vee""}, {""bbox"": [191, 4879, 718, 5302], ""type"": ""formula"", ""text"": ""10 \\int_{1}^{2} \\frac{dx}{(1-2x)^3}""}, {""bbox"": [146, 5281, 1406, 5712], ""type"": ""formula"", ""text"": ""11. \\begin{pmatrix} 4 & -3 & 1 \\\\ 0 & 3 & -2 \\\\ 0 & 0 & -1 \\end{pmatrix} \\begin{matrix} 4 & -3 \\\\ 0 & 3 \\\\ 0 & 0 \\end{matrix} = -12 -""}, {""bbox"": [141, 5762, 1545, 6176], ""type"": ""formula"", ""text"": ""12 · \\begin{vmatrix} 4 & -3 & 1 \\\\ 8 & 3 & -2 \\\\ 4 & 2 & -1 \\end{vmatrix} · 6_{23} = -2""}, {""bbox"": [129, 6262, 2195, 6723], ""type"": ""formula"", ""text"": ""A3 * | 3 2 -1 | | 3 -1 1 | | 1 -3 1 | M21 = | 2 -1 | | -3 1 | = 2 - 3 = -1""}, {""bbox"": [146, 6723, 1196, 7083], ""type"": ""formula"", ""text"": ""44 (1 3; 0 2) · X = (2 11; 2 6)""}, {""bbox"": [266, 6996, 1688, 7311], ""type"": ""formula"", ""text"": ""~~A^-1 · A · X = A^-1 · B~~  X = A^-1 · B""}, {""bbox"": [237, 7327, 1196, 7601], ""type"": ""formula"", ""text"": ""|A| = \\begin{vmatrix} 1 & 3 \\\\ 0 & 2 \\end{vmatrix} = 2""}, {""bbox"": [1341, 7347, 2425, 7733], ""type"": ""formula"", ""text"": ""X = \\begin{pmatrix} 1 & -\\frac{3}{2} \\\\ 0 & \\frac{1}{2} \\end{pmatrix} \\cdot \\begin{pmatrix} 2 & 11 \\\\ 2 & 6 \\end{pmatrix} = \\begin{pmatrix} -1 & \\cdots \\\\ 1 & \\cdots \\end{pmatrix}""}, {""bbox"": [220, 7543, 660, 7816], ""type"": ""formula"", ""text"": ""A_{11} = 2""}, {""bbox"": [1321, 7691, 2459, 7895], ""type"": ""formula"", ""text"": ""a_{11} = 1 \\cdot 2 + (-\\frac{3}{2} \\cdot 2) = 2 - 3 = -1""}, {""bbox"": [191, 7824, 623, 7978], ""type"": ""formula"", ""text"": ""A_{12} = 0""}, {""bbox"": [183, 7970, 602, 8132], ""type"": ""formula"", ""text"": ""A_{21} = -3""}, {""bbox"": [179, 8119, 594, 8305], ""type"": ""formula"", ""text"": ""A_{22} = 1""}, {""bbox"": [557, 8147, 2375, 8524], ""type"": ""formula"", ""text"": ""A^{-1} = \\frac{1}{2} \\begin{pmatrix} 1 & 2 & -1 \\\\ -2 & -4 & 3 \\\\ 0 & 1 & 1 \\end{pmatrix} \\begin{pmatrix} 2 & -3 \\\\ 0 & 1 \\end{pmatrix} = \\begin{pmatrix} -1 & \\frac{3}{2} \\\\ 0 & \\frac{1}{2} \\end{pmatrix}""}]"
263c37b9-2186-40df-9e91-4b93d9cc36f3.jpg,"[{""bbox"": [118, 473, 585, 596], ""type"": ""formula"", ""text"": ""u = e^x^2+y^2+z^2""}, {""bbox"": [77, 736, 1161, 901], ""type"": ""formula"", ""text"": ""∂u/∂x = e^{x^2+y^2+z^2} * 2x = 2x e^{x^2+y^2+z^2}""}, {""bbox"": [110, 901, 699, 1069], ""type"": ""formula"", ""text"": ""∂u/∂y = 2yz e^{x^2y^2+z^2}""}, {""bbox"": [92, 1040, 726, 1225], ""type"": ""formula"", ""text"": ""∂u/∂z = 2z e^{x^2+y^2+z^2}""}, {""bbox"": [77, 1303, 1027, 1450], ""type"": ""formula"", ""text"": ""∂u = \\frac{∂u}{∂x} ∂x + \\frac{∂u}{∂y} ∂y + \\frac{∂u}{∂z} ∂z""}, {""bbox"": [64, 1441, 1110, 1572], ""type"": ""formula"", ""text"": ""du = 2 e^{x^2+y^2+z^2} (x dx + y dy + z dz)""}, {""bbox"": [64, 1642, 922, 1790], ""type"": ""formula"", ""text"": ""∂^2u/∂^2x = ∂/∂x (2xe^{x^2+y^2+z^2}) =""}, {""bbox"": [64, 1773, 1597, 1909], ""type"": ""formula"", ""text"": ""= 2e^{x^3+y^2+z^2} + 4x^2e^{x^3+y^2+z^2} = (2+4x^2)e^{x^3+y^2+z^2}""}, {""bbox"": [36, 1900, 884, 2081], ""type"": ""formula"", ""text"": ""∂^2 u / ∂y^2 = (2 + 4y^2)e^{x^2 + y^2 + z^2}""}, {""bbox"": [43, 2074, 819, 2216], ""type"": ""formula"", ""text"": ""∂^2u / ∂z^2 = (2 + 4z^2)e^{x^2 + y^2 + z^2}""}]"
6831e73c-81c8-4cb5-b4b6-704c068fa889.jpg,[]
d9064f96-f869-464b-91bc-2aa4f81a11cf.jpg,"[{""bbox"": [93, 24, 3350, 307], ""type"": ""formula"", ""text"": ""Q_6 = -\\frac{6^2}{3} \\cdot \\frac{7 \\cdot 6^2}{2} + 30 + 6 = -72 + 126 + 180 = 234""}, {""bbox"": [93, 337, 1522, 682], ""type"": ""formula"", ""text"": ""Q = (830 - 702) / 3 = 59 1/3""}, {""bbox"": [93, 859, 5094, 1290], ""type"": ""formula"", ""text"": ""12. \\int_{1}^{2} \\frac{dx}{(1-2x)^3} = \\left\\{ \\begin{matrix} u = 1-2x \\\\ dx = -\\frac{du}{2} \\end{matrix} \\right. du = -2dx \\left\\{ \\int_{1}^{2} -\\frac{1/2}{u^3} du \\right. = -\\frac{1}{2} \\int_{1}^{2} u^{-3} du =""}, {""bbox"": [93, 1219, 5378, 1662], ""type"": ""formula"", ""text"": ""= \\int_{1}^{2} \\frac{dx}{(1-2x)^3} = \\frac{1}{4(1-2x)^2} \\bigg|_{1}^{2} = \\frac{1}{4(1-4)^2} - \\frac{1}{4(1-2)^2} = \\frac{1}{36} - \\frac{1}{4} = \\frac{1-9}{36} = -\\frac{8}{36} = -\\frac{2}{9}""}, {""bbox"": [93, 2213, 3011, 2589], ""type"": ""formula"", ""text"": ""14. | 4 -3 1 | | 0 3 -2| | 0 0 -1 | = -12 + 0 = -12""}, {""bbox"": [93, 3496, 3980, 4114], ""type"": ""formula"", ""text"": ""17. { x + 2z - y = 0 \\n 3x + 6z - y = 0 \\n 2x + 5y - z = 0 \\n = (1 -1 2; 3 ~~6~~6 1; 2 ~~5~~ -1) (1 -1 2; 3 ~~6~~6 1; 2 ~~5~~ -1) \\n Δ = | 1 -1 2 \\n 3 0 0 \\n 2 0 -1 | = 0 - 12 + 30 + 0 - 3 - 30 = -15""}, {""bbox"": [93, 3991, 3029, 4363], ""type"": ""formula"", ""text"": ""Δ = | 1 -1 2 | | 3 0 0 | | 2 5 -1 | = 0 - 12 + 30 + 0 - 3 - 30 = - 15""}, {""bbox"": [42, 4955, 3011, 5196], ""type"": ""formula"", ""text"": ""20. f(x) = (2x³ - 3)(x + 5) (uv)' = u'v + uv""}, {""bbox"": [60, 5155, 5428, 5539], ""type"": ""formula"", ""text"": ""f'(x) = (2x^3 - 3)'(x + 5) + (2x^3 - 3)(x + 5)' = 6x^3(x + 5) + 1(2x^3 - 3) = 6x^3 + 30x^2 + 2x^3 - 3 =""}, {""bbox"": [49, 5381, 1302, 5582], ""type"": ""formula"", ""text"": ""= 8x³ + 30x² - 3""}, {""bbox"": [20, 5564, 1379, 5758], ""type"": ""formula"", ""text"": ""f'(1) = 8 + 30 - 3 = 35""}, {""bbox"": [15, 6015, 3037, 6355], ""type"": ""formula"", ""text"": ""21. \\begin{vmatrix} 3 & 2 & -4 \\\\ 3 & -1 & 1 \\\\ 1 & 1 & 3 \\end{vmatrix} = -9 + 2 - 12 - 4 - 18 - 3 = -44""}, {""bbox"": [40, 7056, 2583, 7745], ""type"": ""formula"", ""text"": ""23. ( 3 2 -1 ) | 3 -1 1 | | 1 -3 1 |  M21 = | 2 -1 | | -3 1 | = -1""}]"
b38e62ed-a2fe-4917-9b64-ec15e6cc735b.jpg,[]
af654da4-c9e3-472e-bcba-c4e9b7cf0b2f.jpg,"[{""bbox"": [45, 1860, 228, 1915], ""type"": ""formula"", ""text"": ""Qd = Qs""}, {""bbox"": [54, 1899, 583, 1989], ""type"": ""formula"", ""text"": ""2400-100P = 1000+250P""}, {""bbox"": [47, 1989, 299, 2062], ""type"": ""formula"", ""text"": ""1400 = 350P""}, {""bbox"": [42, 2073, 239, 2147], ""type"": ""formula"", ""text"": ""P = 4 aprn""}, {""bbox"": [50, 2223, 640, 2297], ""type"": ""formula"", ""text"": ""Q = 2400 - 100 · 4 = 2000""}]"
3335d175-12c0-4675-8cc7-5b1221a4a52a.jpg,[]
bebb35d5-efb1-4c2d-bee6-04ed81e7ee1a.jpg,"[{""bbox"": [597, 267, 4262, 633], ""type"": ""formula"", ""text"": ""38. ∫ dx / (x-2)² = [u = x-2, du = dx] = ∫ du / u² = ∫ u⁻² du = u⁻²⁺¹ / (-2⁺¹) + C = u⁻¹ / (-1) + C = -1/u + C = -1/(x-2) + C""}, {""bbox"": [795, 612, 4479, 940], ""type"": ""formula"", ""text"": ""\\int_{3}^{5} \\frac{dx}{(x-2)^2} = - \\frac{1}{x-2} \\bigg|_3^5 = (- \\frac{1}{5-2}) - (- \\frac{1}{3-2}) = (- \\frac{1}{3}) - (- \\frac{1}{1}) = - \\frac{1}{3} + 1 = - \\frac{1}{3} + \\frac{3}{3} = \\frac{2}{3}""}, {""bbox"": [563, 1010, 1782, 1263], ""type"": ""formula"", ""text"": ""39. Б \\quad \\lim_{x \\to \\infty} (1 + \\frac{1}{x})^x = e""}, {""bbox"": [584, 1689, 907, 1827], ""type"": ""formula"", ""text"": ""41. 2""}, {""bbox"": [582, 1916, 2619, 2166], ""type"": ""formula"", ""text"": ""43. A_{12} = (-1)^3 \\cdot \\begin{vmatrix} 2 & -2 \\\\ 4 & 1 \\end{vmatrix} = 2 \\cdot 1 - (-2) \\cdot 4 = -10""}, {""bbox"": [582, 2190, 1582, 2644], ""type"": ""formula"", ""text"": ""42. Б \\begin{pmatrix} 1 & -1 & 2 \\\\ 3 & 0 & 6 \\\\ 2 & 5 & -1 \\end{pmatrix}""}, {""bbox"": [600, 3090, 977, 3246], ""type"": ""formula"", ""text"": ""45. 0""}, {""bbox"": [559, 3394, 1014, 3530], ""type"": ""formula"", ""text"": ""46. - 2""}, {""bbox"": [562, 3690, 1031, 3844], ""type"": ""formula"", ""text"": ""47. - 12""}, {""bbox"": [582, 3988, 1896, 4186], ""type"": ""formula"", ""text"": ""48. -t² + 7t + 30 = 0 | · (-1)""}, {""bbox"": [843, 4149, 1628, 4339], ""type"": ""formula"", ""text"": ""t² - 7t - 30 = 0""}, {""bbox"": [847, 4325, 1399, 4514], ""type"": ""formula"", ""text"": ""t₁ + t₂ = 7""}, {""bbox"": [837, 4499, 1471, 4678], ""type"": ""formula"", ""text"": ""t₁ · t₂ = -30""}, {""bbox"": [855, 4785, 4898, 5093], ""type"": ""formula"", ""text"": """"}, {""bbox"": [886, 5048, 4427, 5380], ""type"": ""formula"", ""text"": ""= - 1000/3 + 400/2 + 300 - (- 512/3 + 448/2 + 240) = - 1000 + 1950/3 - (- 512 + 1392/3) =""}, {""bbox"": [927, 5297, 2298, 5540], ""type"": ""formula"", ""text"": ""= \\frac{950}{3} - \\frac{880}{3} = \\frac{70}{3} = 23 \\frac{1}{3}""}]"
25203fea-d955-4fab-8cdd-d7bea8aa1925.jpg,"[{""bbox"": [21, 0, 435, 89], ""type"": ""formula"", ""text"": ""4. lim x -> infinity (2x^2 + x) / (3 - x^5)""}, {""bbox"": [24, 82, 580, 207], ""type"": ""formula"", ""text"": ""x -> ∞  x^5 ( \\frac{2x^2}{x^5} - \\frac{x}{x^5} )""}, {""bbox"": [21, 210, 510, 305], ""type"": ""formula"", ""text"": ""x^5 ( \\frac{3}{x^5} - \\frac{x^5}{x^5} )""}, {""bbox"": [21, 305, 463, 404], ""type"": ""formula"", ""text"": ""lim x -> infinity 2/x^3 + 1/x^4""}, {""bbox"": [182, 422, 368, 507], ""type"": ""formula"", ""text"": ""3/x^5 - 1""}, {""bbox"": [49, 592, 401, 662], ""type"": ""formula"", ""text"": ""0 + 0 / 0 - 1 = 0 / -1 = 0""}, {""bbox"": [29, 791, 475, 869], ""type"": ""formula"", ""text"": ""5. u = arccos xyz""}, {""bbox"": [86, 873, 495, 1002], ""type"": ""formula"", ""text"": ""u'_x = \\frac{-yz}{\\sqrt{1 - (xyz)^2}},""}, {""bbox"": [74, 1002, 506, 1160], ""type"": ""formula"", ""text"": ""x'_y = \\frac{-xz}{\\sqrt{1 - (xyz)^2}},""}, {""bbox"": [59, 1158, 1202, 1278], ""type"": ""formula"", ""text"": ""u'_z = \\frac{-xy}{\\sqrt{1-(xyz)^2}} ~~du = u'_x x dx + u'_y y dy + u'_z z dz~~""}, {""bbox"": [59, 1278, 785, 1435], ""type"": ""formula"", ""text"": ""du = - (yz dx + xz dy + xy ds) / sqrt(1 - x^2 y^2 z^2)""}, {""bbox"": [72, 1438, 863, 1565], ""type"": ""formula"", ""text"": ""u''_{xy} = \\frac{\\partial}{\\partial y} (u'_x) = \\frac{x(y^2 z^2)^2}{\\sqrt{(1-x^2)^3(y^2 z^2)^3}}""}, {""bbox"": [59, 1568, 1510, 1717], ""type"": ""formula"", ""text"": ""\\begin{aligned} u''_{xy} &= \\frac{\\partial}{\\partial y} u'_x = \\frac{z(1 - x^2 y^2 z^2) + xy^2 z^2 (xz)}{\\sqrt{(1 - x^2 y^2 z^2)^3}} = \\end{aligned} \\frac{-z}{\\sqrt{(1 - x^2 y^2 z^2)^3}}""}]"
26e0c337-b806-4a49-b9c2-456fb67708aa.jpg,"[{""bbox"": [0, 1118, 504, 1192], ""type"": ""formula"", ""text"": ""= |A| + |B| - |A ∩ B|.""}, {""bbox"": [420, 1312, 755, 1429], ""type"": ""formula"", ""text"": """"}, {""bbox"": [383, 1569, 710, 1677], ""type"": ""formula"", ""text"": """"}, {""bbox"": [363, 1823, 661, 1925], ""type"": ""formula"", ""text"": """"}]"
dc456a51-5da1-448d-ad47-f2e4a2e751f4.jpg,"[{""bbox"": [123, 371, 828, 479], ""type"": ""formula"", ""text"": ""Ц = Загальний дохід D / Банківський процент P""}, {""bbox"": [110, 495, 342, 538], ""type"": ""formula"", ""text"": ""11% = 0, 11""}, {""bbox"": [123, 568, 1085, 672], ""type"": ""formula"", ""text"": ""Ц = 330 тис. грн / 0,11 = 3000 тис. грн / га""}]"
369b5ac8-42a7-4a5c-8782-509974ddafad.jpg,"[{""bbox"": [0, 694, 799, 1091], ""type"": ""formula"", ""text"": ""2) Дано:  m_{s1} = 100 \\cdot 0,14 = 14 г \\nm_1 = 100 г \\quad m_{s2} = 200 \\cdot 0,40 = 80 г \\nm_2 = 200 г \\quad m_s = 14 + 80 = 94 \\nm_г = 14% \\quad m_г = 100 + 200 = 300 г \\nω = 40% \\quad ω = \\frac{94}{300} \\cdot 100% \\approx 31,33%""}, {""bbox"": [17, 1233, 713, 1313], ""type"": ""formula"", ""text"": ""3) 2Na + 2H_2O \\to 2NaOH + H_2 \\uparrow""}, {""bbox"": [31, 1400, 874, 1464], ""type"": ""formula"", ""text"": ""2. 3NaOH + Al(OH)3 → Na3[Al(OH)6]""}, {""bbox"": [28, 1537, 850, 1612], ""type"": ""formula"", ""text"": ""3. 2NaOH + H_2SO_4 \\to Na_2SO_4 + 2H_2O""}, {""bbox"": [39, 1677, 913, 1755], ""type"": ""formula"", ""text"": ""4. Na_2SO_4 + BaCl_2 \\to 2NaCl + BaSO_4 \\downarrow""}, {""bbox"": [56, 1992, 771, 2068], ""type"": ""formula"", ""text"": ""CH_2 = CH_2 + Cl_2 \\to CH_2Cl - CH_2Cl""}, {""bbox"": [56, 2130, 1608, 2222], ""type"": ""formula"", ""text"": ""CH_2Cl - CH_2Cl + 2KOH(.) \\to HC \\equiv CH + 2KCl + 2H_2O тип: елемінація""}]"
9ea4ab05-3795-49b5-a9f2-eb607a6a8c8b.jpg,"[{""bbox"": [23, 157, 405, 237], ""type"": ""formula"", ""text"": ""a) 2 . m = 2 .""}, {""bbox"": [16, 663, 1265, 766], ""type"": ""formula"", ""text"": ""0: {..., -6, -3, 0, 3, 6, ...} ; 1: {..., -5, -2, 1, 4, 7, ...}""}, {""bbox"": [0, 898, 1108, 1001], ""type"": ""formula"", ""text"": ""f(x,y,z,t) = (xy ∨ xȳ) ∨ ((х ∨ ỹ) (z ∨ ť)) (х ∨ ȳ) (t ∨ z) =""}, {""bbox"": [16, 1001, 843, 1136], ""type"": ""formula"", ""text"": ""((-х)+y)((:х)+(y))= (x)+ (yʌy) = nx""}, {""bbox"": [2, 1123, 725, 1199], ""type"": ""formula"", ""text"": ""((z ∨ t̄))(z ∨ t) = z ∨ (t ‧ t) = z.""}, {""bbox"": [6, 1199, 1423, 1287], ""type"": ""formula"", ""text"": ""Togi: ~~[illegible]~~ ̄xz ∨ x = (x ∨ ̄x) (x ∨ z) = 1 ∙ (x ∨ z) = x ∨ z.""}]"
3069d203-fc7e-4f78-a134-f51aea5f6452.jpg,"[{""bbox"": [601, 157, 998, 243], ""type"": ""formula"", ""text"": ""P(В) = \\frac{2}{5} \\cdot 0,4 + \\frac{3}{5} \\cdot 0,6 = \\frac{26}{50}""}, {""bbox"": [603, 242, 906, 342], ""type"": ""formula"", ""text"": ""P(A_1, B) = \\frac{\\frac{2}{5} \\cdot 0,4}{\\frac{26}{50}} = \\frac{8}{26} \\""}, {""bbox"": [607, 354, 935, 467], ""type"": ""formula"", ""text"": ""P(A_2, B) = \\frac{\\frac{3}{5} \\cdot 0,6}{\\frac{26}{50}} = \\frac{18}{26}""}, {""bbox"": [47, 676, 536, 790], ""type"": ""formula"", ""text"": ""\\lim_{x \\to \\infty} \\frac{\\frac{2x^2}{x^5} + \\frac{x}{x^5}}{\\frac{3}{x^5} - \\frac{x^5}{x^5}} = \\lim_{x \\to \\infty} \\frac{\\frac{2}{x^3} + \\frac{1}{x^4}}{\\frac{3}{x^5} - 1}""}, {""bbox"": [49, 1153, 317, 1231], ""type"": ""formula"", ""text"": ""u_x = - \\frac{yz}{\\sqrt{1 - (xyz)^2}}""}, {""bbox"": [63, 1224, 329, 1314], ""type"": ""formula"", ""text"": ""u_y = - \\frac{xz}{\\sqrt{1 - (xyz)^2}}""}, {""bbox"": [49, 1412, 881, 1503], ""type"": ""formula"", ""text"": ""du = - \\frac{yz}{\\sqrt{1 - (xyz)^2}} dx - \\frac{xz}{\\sqrt{1 - (xyz)^2}} dy - \\frac{xy}{\\sqrt{1 - (xyz)^2}} dz""}]"
144db1c1-38b7-4b71-b5d8-04672f9ca12a.jpg,"[{""bbox"": [1921, 745, 3183, 1313], ""type"": ""formula"", ""text"": ""MR = 500 - 0,2Q""}, {""bbox"": [1768, 847, 4834, 1826], ""type"": ""formula"", ""text"": ""TR(Q) = ∫ MR(Q) dQ = ∫ (500 - 0,2 Q) dQ""}, {""bbox"": [1717, 1162, 4992, 2175], ""type"": ""formula"", ""text"": ""TR(Q) = ∫ MR(Q) dQ = ∫ (500 - 0,2 Q) dQ""}, {""bbox"": [1707, 1688, 3352, 2370], ""type"": ""formula"", ""text"": ""TR(Q) = 500Q - 0,1Q^2""}, {""bbox"": [1694, 1956, 4057, 2802], ""type"": ""formula"", ""text"": ""AR(Q) = (500Q - 0,1Q^2) / Q = 500 - 0,1Q""}, {""bbox"": [1676, 2385, 3266, 3087], ""type"": ""formula"", ""text"": ""AR(300) = 500-0,1-300""}, {""bbox"": [1673, 2705, 3037, 3312], ""type"": ""formula"", ""text"": ""AR(300) = 500 - ~~300~~30""}, {""bbox"": [1732, 3012, 2877, 3650], ""type"": ""formula"", ""text"": ""AR(300) = 470""}]"
29f60b35-d734-46bf-a63f-e8f48b950fd1.jpg,"[{""bbox"": [264, 90, 5077, 417], ""type"": ""formula"", ""text"": ""PR(Q) = (200Q - 2Q^2) - (4Q^2 + 40Q + 400) = -6Q^2 + 160Q - 400""}, {""bbox"": [354, 489, 792, 734], ""type"": ""formula"", ""text"": ""Q = 10""}, {""bbox"": [264, 789, 5212, 1133], ""type"": ""formula"", ""text"": ""PR(10) = -6 \\cdot 10^3 + 160 \\cdot 10 - 400 = -600 + 1600 - 400 = 1000 - 400 = 600""}, {""bbox"": [222, 1242, 1307, 1850], ""type"": ""formula"", ""text"": ""10. \\begin{cases} 3x - 2y = 5 \\\\ 4x + y = 3 \\end{cases}""}, {""bbox"": [1619, 1269, 2642, 1850], ""type"": ""formula"", ""text"": ""A = \\begin{pmatrix} 3 & -2 \\\\ 4 & 1 \\end{pmatrix}""}, {""bbox"": [2907, 1333, 3609, 1877], ""type"": ""formula"", ""text"": ""B = \\begin{pmatrix} 5 \\\\ 3 \\end{pmatrix}""}, {""bbox"": [264, 1850, 2341, 2204], ""type"": ""formula"", ""text"": ""\\Delta = \\begin{vmatrix} 3 & -2 \\\\ 4 & 1 \\end{vmatrix} = 3 + 8 = 14""}, {""bbox"": [2676, 1968, 3157, 2223], ""type"": ""formula"", ""text"": ""\\Delta \\neq 0""}, {""bbox"": [264, 2330, 2406, 2693], ""type"": ""formula"", ""text"": ""\\Delta y = \\begin{vmatrix} 5 & -2 \\\\ 3 & 1 \\end{vmatrix} = 9 - 20 = -11""}, {""bbox"": [2638, 2371, 3351, 2770], ""type"": ""formula"", ""text"": ""\\frac{-11}{11} = -1""}, {""bbox"": [264, 2693, 2446, 3147], ""type"": ""formula"", ""text"": ""\\Delta_~~y~~x = \\begin{vmatrix} 3 & 5 \\\\ 4 & 3 \\end{vmatrix} = ~~9~~ 5 + 6 = 11""}, {""bbox"": [3694, 2693, 4312, 2938], ""type"": ""formula"", ""text"": ""(-1; 1)""}, {""bbox"": [2671, 2825, 3235, 3143], ""type"": ""formula"", ""text"": ""\\frac{11}{11} = 1""}, {""bbox"": [226, 3292, 5353, 3736], ""type"": ""formula"", ""text"": ""11. \\int \\cos 5x dx = \\frac{1}{5} \\cdot \\int \\cos t dt = \\frac{1}{5} \\cdot \\sin t = \\frac{1}{5} \\cdot \\sin 5x + C""}, {""bbox"": [170, 3836, 1493, 4172], ""type"": ""formula"", ""text"": ""12. P = 200 - 2Q""}, {""bbox"": [264, 4144, 2692, 4507], ""type"": ""formula"", ""text"": ""Q = 30 \\quad p = 200 - 2 \\cdot 30 = 140 \\text{ грн.}""}, {""bbox"": [264, 4471, 3160, 4807], ""type"": ""formula"", ""text"": ""R = p · Q  R(30) = 140 · 30 = 4200 грн.""}, {""bbox"": [107, 4807, 1548, 5596], ""type"": ""formula"", ""text"": ""13. \\begin{vmatrix} 2 & -1 & 4 \\\\ 2 & 3 & -2 \\\\ 4 & -2 & 1 \\end{vmatrix}""}, {""bbox"": [1619, 4807, 4759, 5764], ""type"": ""formula"", ""text"": ""M_{12} = \\begin{vmatrix} 2 & -2 \\\\ 4 & 1 \\end{vmatrix} = 2 + 8 = 10 \\\\ A_{12} = (-1)^{1+2} \\cdot M_{12} = (-1)^3 \\cdot 10 = -1 \\cdot 10 = -10""}, {""bbox"": [131, 5596, 2214, 5986], ""type"": ""formula"", ""text"": ""14. f(t) = -t^2 + 7t + 30""}, {""bbox"": [489, 6031, 1823, 6394], ""type"": ""formula"", ""text"": ""t_s = 6 \\quad go \\quad t = 8""}, {""bbox"": [208, 6380, 3208, 6684], ""type"": ""formula"", ""text"": ""V = \\int_{f} f(t) dt = \\int_{6}^{8} (-t^2 + 7t + 30) dt""}, {""bbox"": [208, 6696, 2431, 7138], ""type"": ""formula"", ""text"": ""F(t) = -\\frac{t^3}{3} + \\frac{7t^2}{2} + 30t""}, {""bbox"": [208, 7138, 1489, 7382], ""type"": ""formula"", ""text"": ""V = F(8) - F(6)""}, {""bbox"": [122, 7368, 5531, 7736], ""type"": ""formula"", ""text"": ""F(8) = -\\frac{8}{3} + \\frac{7 \\cdot 8^2}{2} + 30 \\cdot 8 = -\\frac{512}{3} + \\frac{448}{2} + 240 = -\\frac{512}{3} + 224 + 240 =""}, {""bbox"": [102, 7736, 1629, 7981], ""type"": ""formula"", ""text"": ""= - 512/3 + 464 = 330/3""}, {""bbox"": [102, 7981, 5493, 8338], ""type"": ""formula"", ""text"": ""F(6) = -\\frac{6^3}{3} + \\frac{7 \\cdot 6^2}{2} + 30 \\cdot 6 = -\\frac{216}{3} + \\frac{252}{2} + 180 = -72 + 126 + 180 = 234""}, {""bbox"": [117, 8280, 1643, 8504], ""type"": ""formula"", ""text"": ""V = \\frac{178}{3} \\approx 59,33""}]"
2a35bd24-d0cd-4974-89ac-42e21de368ec.jpg,"[{""bbox"": [53, 50, 259, 138], ""type"": ""formula"", ""text"": ""IV a=b""}, {""bbox"": [309, 53, 806, 121], ""type"": ""formula"", ""text"": ""(mod 6) ↔ 6 | (a-b)""}, {""bbox"": [69, 158, 410, 220], ""type"": ""formula"", ""text"": """"}, {""bbox"": [62, 225, 381, 285], ""type"": ""formula"", ""text"": """"}, {""bbox"": [59, 288, 399, 349], ""type"": ""formula"", ""text"": """"}, {""bbox"": [61, 351, 392, 419], ""type"": ""formula"", ""text"": """"}, {""bbox"": [68, 424, 415, 492], ""type"": ""formula"", ""text"": """"}, {""bbox"": [70, 499, 417, 574], ""type"": ""formula"", ""text"": """"}]"
0361875d-0a9c-4b77-b61e-ef1026c051cd.jpg,"[{""bbox"": [111, 142, 1437, 234], ""type"": ""formula"", ""text"": ""Zn → ZnO → ZnSO4 → Zn(OH)2 → Ca[Zn(OH)4]""}, {""bbox"": [576, 220, 831, 403], ""type"": ""formula"", ""text"": ""↓ Zn(NO3)2""}, {""bbox"": [83, 657, 326, 723], ""type"": ""formula"", ""text"": ""N = 0,1 M""}, {""bbox"": [99, 725, 470, 798], ""type"": ""formula"", ""text"": ""V = 500 мл = 0,5 л""}, {""bbox"": [81, 802, 285, 876], ""type"": ""formula"", ""text"": ""Na2CO3""}, {""bbox"": [61, 912, 311, 981], ""type"": ""formula"", ""text"": ""1) M = 106,""}, {""bbox"": [92, 987, 610, 1063], ""type"": ""formula"", ""text"": ""екв. маса = 106/2 = 53 г""}, {""bbox"": [40, 1064, 539, 1133], ""type"": ""formula"", ""text"": ""2) m = N * V * екв. маса""}, {""bbox"": [116, 1131, 642, 1201], ""type"": ""formula"", ""text"": ""m = 0,1 * 0,5 * 55 = 2,65 г""}]"
0287fd79-5e2b-43d2-bbc4-029ed0b9206f.jpg,[]
193ade5f-14ff-4730-a11d-704b30309e65.jpg,"[{""bbox"": [19, 0, 322, 147], ""type"": ""formula"", ""text"": ""2) ( 1 0 2 1 2 1 3 2 3 1 5 3 4 2 6 4 )""}, {""bbox"": [36, 139, 1065, 251], ""type"": ""formula"", ""text"": ""R2 = -2R1 (2, 1, 3, 2) - 2(1, 0, 2, 1) = (0, 1, -1, 0)""}, {""bbox"": [36, 243, 1036, 327], ""type"": ""formula"", ""text"": ""R3 = -3 R1 (3, 1, 5, 3) - 3 (1, 0, 2, 1) = (0, 1, -1, 0)""}, {""bbox"": [36, 334, 1030, 421], ""type"": ""formula"", ""text"": ""R4 = -4 R1 (4, 2, 6, 4) - 4 (1, 0, 2, 1) = (0, 2, -2, 0)""}, {""bbox"": [50, 437, 470, 615], ""type"": ""formula"", ""text"": ""=> (1 0 2 1 0 1 -1 0 0 1 -1 0 0 2 -2 0)""}, {""bbox"": [50, 650, 457, 736], ""type"": ""formula"", ""text"": ""R3 = R2 (0, 1 - 1, 0)""}, {""bbox"": [615, 650, 1036, 736], ""type"": ""formula"", ""text"": ""R4 = 2R2 (0,2 - 2,0)""}, {""bbox"": [50, 771, 335, 856], ""type"": ""formula"", ""text"": ""=> r(A) = 2""}, {""bbox"": [50, 1129, 546, 1216], ""type"": ""formula"", ""text"": ""1. P = 2/5 * 0,6 + 3/6 * 0,4""}, {""bbox"": [104, 1240, 547, 1309], ""type"": ""formula"", ""text"": ""P = 0,24 + 0,24 = 0,48""}, {""bbox"": [63, 1648, 804, 1761], ""type"": ""formula"", ""text"": ""P_1 = \\frac{2}{5} \\cdot 0,4 = 0,16 \\quad P_2 = \\frac{3}{5} \\cdot 0,6 = 0,36""}, {""bbox"": [50, 1871, 517, 1995], ""type"": ""formula"", ""text"": ""4) lim x -> infinity (2x^2 + x) / (3 - x^5) / : x^5""}, {""bbox"": [448, 2010, 852, 2105], ""type"": ""formula"", ""text"": ""при x = ∞ 0/-1 = 0""}, {""bbox"": [104, 2012, 342, 2198], ""type"": ""formula"", ""text"": ""2/x^3 + 1/x^4 / 3/x^5 - 1""}, {""bbox"": [104, 2231, 322, 2297], ""type"": ""formula"", ""text"": ""=> 0""}]"
86b4010b-2b26-43b0-8c8f-8f1a1b67f28f.jpg,[]
27b1d939-a043-40b7-b1ab-986df815bb2b.jpg,[]
2d403cd3-b70a-4d04-b0ce-167264009361.jpg,[]
e51d2dd2-94a6-4bfb-81a4-a68ec2299724.jpg,"[{""bbox"": [44, 608, 942, 692], ""type"": ""formula"", ""text"": ""ВДП = 250 + 70 + 60 + (16 - 20) = 376 (нард-проч.од.)""}]"
20f54e7b-fb31-4e6a-b91a-579da041a4bb.jpg,[]
39d84e50-1f63-48e2-a5e8-8b2d95bbf805.jpg,[]
31f96e21-a261-4e2d-8a04-6abc913a3f40.jpg,"[{""bbox"": [55, 786, 710, 966], ""type"": ""formula"", ""text"": ""~~SO_2 -> SO_3~~  S + O_2 -> SO_2""}, {""bbox"": [61, 953, 566, 1133], ""type"": ""formula"", ""text"": ""2. SO₂ + O₂ → 2SO₃""}, {""bbox"": [29, 1120, 808, 1309], ""type"": ""formula"", ""text"": ""SO₃ + 2 NaOH → Na₂SO₄ + H₂O""}, {""bbox"": [19, 1195, 928, 1410], ""type"": ""formula"", ""text"": ""Na_2SO_4 \\to BaSO_4 реакція обміну""}, {""bbox"": [45, 1270, 994, 1494], ""type"": ""formula"", ""text"": ""Na_2SO_4 + BaCl_2 \\to BaSO_4 \\downarrow + 2NaCl""}, {""bbox"": [26, 1454, 550, 1613], ""type"": ""formula"", ""text"": ""2Al + 3S \\to Al_2S_3""}]"
3b2a33c5-e8e3-44f3-910b-7c2ffa2409a0.jpg,[]
06727fb9-6a4a-4294-83b3-e51b2b5bb61f.jpg,"[{""bbox"": [41, 467, 651, 570], ""type"": ""formula"", ""text"": ""\\vec{AB} = B - A = (8, 0, -4)""}, {""bbox"": [41, 584, 615, 671], ""type"": ""formula"", ""text"": ""\\vec{AC} = C - A = (6, 3, 4)""}, {""bbox"": [41, 685, 1169, 895], ""type"": ""formula"", ""text"": ""\\vec{AB} \\times \\vec{AC} = \\begin{vmatrix} i & j & k \\\\ 8 & 0 & -4 \\\\ 6 & 3 & 4 \\end{vmatrix} = (-12)i - 56j + 24k""}, {""bbox"": [49, 907, 1632, 1162], ""type"": ""formula"", ""text"": ""| \\vec{AB} \\times \\vec{AC} | = \\sqrt{(-12)^2 + (-56)^2 + 24^2} = \\sqrt{144 + 3136 + 576} = \\sqrt{3856}""}, {""bbox"": [49, 1135, 870, 1272], ""type"": ""formula"", ""text"": ""S_{\\triangle ABC} = \\frac{1}{2} |\\vec{AB} \\times \\vec{AC}| = \\frac{\\sqrt{3856}}{2}""}, {""bbox"": [49, 1286, 463, 1387], ""type"": ""formula"", ""text"": ""\\sqrt{3856} = 4 \\sqrt{241}""}, {""bbox"": [41, 1396, 713, 1525], ""type"": ""formula"", ""text"": ""\\text{Відповідь: } S = 2\\sqrt{241}""}]"
36363478-873d-4bb5-bcfa-c963633cdabf.jpg,[]
410fd4a2-3fa9-4528-aff9-91bde1923382.jpg,"[{""bbox"": [61, 25, 406, 118], ""type"": ""formula"", ""text"": ""B^{-1} = \\frac{1}{6} \\begin{pmatrix} 5 & -1 \\\\ -4 & 2 \\end{pmatrix}""}, {""bbox"": [64, 128, 526, 222], ""type"": ""formula"", ""text"": ""х = A^(-1) C B^(-1) = (1 -2; 1 1)""}, {""bbox"": [85, 222, 281, 306], ""type"": ""formula"", ""text"": ""х = (1 -2; 1 1)""}, {""bbox"": [52, 297, 892, 390], ""type"": ""formula"", ""text"": ""3. →a = (2, 1, 3), →b = (-2, 3, 1), →c = (2, 1, 1)""}, {""bbox"": [67, 414, 621, 491], ""type"": ""formula"", ""text"": ""a) \\vec{a} \\cdot \\vec{b} = a_1 b_1 + a_2 b_2 + a_3 b_3""}, {""bbox"": [123, 491, 914, 569], ""type"": ""formula"", ""text"": ""a. b - 2(-2) + 1.3 + 3.1 = -7 + 3 + 3 = 2""}, {""bbox"": [118, 568, 266, 624], ""type"": ""formula"", ""text"": ""→a · →b = 2""}, {""bbox"": [67, 631, 489, 808], ""type"": ""formula"", ""text"": ""б) а×b² = ( i j k \\n 2 1 3 \\n -2 3 1 )""}, {""bbox"": [100, 801, 1468, 893], ""type"": ""formula"", ""text"": ""a x b = i (1 * 1 - 3 * 3) - j (2 * 1 - 3 (-2)) + k (2 * 3 - 1 (-2)) = (-8, -8, 8)""}, {""bbox"": [100, 893, 464, 998], ""type"": ""formula"", ""text"": ""a x b = (-8, -8, 8)""}, {""bbox"": [67, 1022, 541, 1185], ""type"": ""formula"", ""text"": ""B) (\\vec{a}, \\vec{b}, \\vec{c}) = \\begin{vmatrix} 2 & 1 & 3 \\\\ -2 & 3 & 1 \\\\ 2 & 1 & 1 \\end{vmatrix}""}, {""bbox"": [73, 1185, 658, 1293], ""type"": ""formula"", ""text"": ""= 2 |3 1| - 1 |-2 1| + 3 |-2 3|""}, {""bbox"": [73, 1278, 1179, 1351], ""type"": ""formula"", ""text"": ""= 2(3-1)-1(-2-2)+3(-2-6 = 4+4-24 = -16""}, {""bbox"": [67, 1391, 353, 1457], ""type"": ""formula"", ""text"": ""(\\vec{a}, \\vec{b}, \\vec{c}) = -16""}, {""bbox"": [1020, 2140, 1391, 2257], ""type"": ""formula"", ""text"": ""B: І1: х + 2y - 4 = 0""}, {""bbox"": [112, 2158, 378, 2218], ""type"": ""formula"", ""text"": ""x + 2y + c = 0""}, {""bbox"": [574, 2210, 853, 2259], ""type"": ""formula"", ""text"": ""2 + 2 · 1 + с = 0""}, {""bbox"": [577, 2250, 957, 2316], ""type"": ""formula"", ""text"": ""4 + c = 0 → c = -4""}]"
2c17733b-43ec-4674-91ba-d0b906b2b6c1.jpg,"[{""bbox"": [34, 313, 1654, 507], ""type"": ""formula"", ""text"": ""1.) P(D) = 0.60 \\cdot 0.05 + 0.25 \\cdot 0.08 + 0.15 \\cdot 0.10 = 0.03 + 0.02 + \\n+ 0.015 = 0.065 = 6.5\\%""}, {""bbox"": [34, 512, 1447, 671], ""type"": ""formula"", ""text"": ""2.) \\quad P \\frac{B}{D} = \\frac{0.25 \\cdot 0.08}{0.065} = \\frac{0.02}{0.065} \\approx 0.3077 \\approx 30.8\\%""}]"
2074ef4e-ba64-4504-b01c-a3bf7e148dd9.jpg,[]
315a42fb-485c-4047-81f5-83f3fbe72fce.jpg,"[{""bbox"": [279, 1711, 1472, 2237], ""type"": ""formula"", ""text"": ""1 / (4(1 - 4)^2) = 1 / (4.9) = 1 / 36""}, {""bbox"": [1864, 1711, 3252, 2237], ""type"": ""formula"", ""text"": ""1 / (4(1-2)^2) = 1 / (4(-1)^2) = 1 / (4*1) = 1 / 4""}]"
0f773a37-0375-48cd-bed1-3c7fd8483e89.jpg,"[{""bbox"": [53, 394, 714, 479], ""type"": ""formula"", ""text"": ""Q_e = 2400 - 100 * 4 = 2000""}, {""bbox"": [35, 751, 923, 828], ""type"": ""formula"", ""text"": ""- нова ціна: P = 4 - 10 = -6 грн.""}]"
0f5d5095-be2e-478f-b5e4-b35c05305498.jpg,"[{""bbox"": [226, 224, 805, 304], ""type"": ""formula"", ""text"": ""K_{3p} = 1,25 \\cdot 1,1 \\cdot 0,9 = 1,237""}, {""bbox"": [175, 725, 919, 853], ""type"": ""formula"", ""text"": ""Індекс фіз. обсягу : Іq = ∑q1P / ∑q0P""}, {""bbox"": [77, 957, 535, 1037], ""type"": ""formula"", ""text"": ""p = 0,954 ; t = 2""}, {""bbox"": [71, 1039, 288, 1100], ""type"": ""formula"", ""text"": ""v = 16 ;""}, {""bbox"": [61, 1185, 1172, 1293], ""type"": ""formula"", ""text"": ""~~M_x = \\sqrt{\\frac{16^2}{n}} = \\sqrt{\\frac{16^2}{3000}} = \\sqrt{\\frac{256}{3000}} = 0,085~~""}, {""bbox"": [110, 1288, 1185, 1410], ""type"": ""formula"", ""text"": ""r = \\frac{v^2 \\cdot t^2}{\\Delta x^2} = \\frac{0,216 \\cdot 2^2}{0,4^2} = \\frac{0,16 \\cdot 4}{0,16} = \\frac{0,64}{0,16} = 4""}, {""bbox"": [110, 1410, 882, 1550], ""type"": ""formula"", ""text"": ""n' = \\frac{n}{1 + \\frac{n}{N}} = \\frac{4}{1 + \\frac{4}{3000}} = 3,99""}]"
2c32de01-de4f-4392-882e-35e1a277f16f.jpg,[]
400eb47d-e38f-47dc-8b04-e452b38b553b.jpg,"[{""bbox"": [121, 2738, 3770, 3056], ""type"": ""formula"", ""text"": ""25. Відповідь: \\frac{1}{x^n} = x^{-n};\\quad a^x b^x = (ab)^x;\\quad \\sqrt[n]{x} = x^{\\frac{1}{n}}""}, {""bbox"": [147, 5491, 5190, 6036], ""type"": ""formula"", ""text"": ""\\lim_{n \\to \\infty} \\frac{n^3 - n^2 + n + 3}{2n^2 + n + 1} | n^2 = \\lim_{n \\to \\infty} \\frac{n - 1 + \\frac{1}{n} + \\frac{3}{n^2}}{2 + \\frac{1}{n} + \\frac{1}{n^2}} \\text{ при } n \\to \\infty, \\text{ доданки } \\frac{1}{n} \\text{ та } \\frac{1}{n^2} \\frac{\\text{~~0~~}}{2 + ~~0~~ + ~~0~~} = \\frac{\\infty}{2} = \\infty""}]"
3bbe269b-c58d-49d7-aab2-584c0354cc5d.jpg,"[{""bbox"": [70, 135, 867, 359], ""type"": ""formula"", ""text"": ""2x + 3y + 2 = 0 ; ( (x - 2) / -3 = (y + 2) / 2 )""}]"
d319dd60-e9e2-4073-8537-46e457ddea15.jpg,"[{""bbox"": [56, 119, 1309, 350], ""type"": ""formula"", ""text"": ""T^{-1} = \\frac{1}{\\Delta T} \\begin{pmatrix} T_{11} & T_{21} & T_{31} \\\\ T_{12} & T_{22} & T_{32} \\\\ T_{13} & T_{23} & T_{33} \\end{pmatrix} = \\frac{1}{1} \\begin{pmatrix} 1 & 0 & -1 \\\\ 0 & -1 & 1 \\\\ 0 & 0 & -1 \\end{pmatrix}""}, {""bbox"": [56, 346, 549, 523], ""type"": ""formula"", ""text"": ""T^{-1} = \\begin{pmatrix} 1 & 0 & -1 \\\\ 0 & -1 & 1 \\\\ 0 & 0 & -1 \\end{pmatrix}""}, {""bbox"": [78, 574, 296, 636], ""type"": ""formula"", ""text"": ""C = AT""}, {""bbox"": [69, 654, 1384, 865], ""type"": ""formula"", ""text"": ""C = \\begin{pmatrix} 2 & 1 & 4 \\\\ -1 & 2 & 1 \\\\ 0 & -1 & -5 \\end{pmatrix} \\cdot \\begin{pmatrix} 1 & 0 & -1 \\\\ 0 & -1 & -1 \\\\ 0 & 0 & -1 \\end{pmatrix} = \\begin{pmatrix} 2 & -1 & -7 \\\\ -1 & -2 & -2 \\\\ 0 & 1 & 6 \\end{pmatrix}.""}, {""bbox"": [63, 903, 300, 981], ""type"": ""formula"", ""text"": ""B = T¹ C""}, {""bbox"": [64, 987, 1518, 1197], ""type"": ""formula"", ""text"": ""B = \\begin{pmatrix} 1 & 0 & -1 \\\\ 0 & -1 & 1 \\\\ 0 & 0 & -1 \\end{pmatrix} \\cdot \\begin{pmatrix} 2 & -1 & -7 \\\\ -1 & -2 & -2 \\\\ 0 & 1 & 6 \\end{pmatrix} = \\begin{pmatrix} 2 & -2 & -13 \\\\ 1 & 3 & 8 \\\\ 0 & -1 & -6 \\end{pmatrix}.""}]"
3315399d-0cca-4110-abf5-75de15141f0b.jpg,[]
015032c0-8cd9-4b22-a474-3118445cf022.jpg,[]
29f5afdc-77c8-4d5d-91a3-e3429225d0e3.jpg,"[{""bbox"": [64, 57, 489, 460], ""type"": ""formula"", ""text"": ""d) x^3 + ln y - x^2 e^y = 0""}, {""bbox"": [64, 486, 481, 766], ""type"": ""formula"", ""text"": ""\\begin{aligned} \\frac{dy}{dx} &= - \\frac{3x^2y - 2xye^y}{1 - x^2ye^y} \\\\ \\frac{dy}{dx} &= \\frac{2xye^y - 3x^2y}{1 - x^2ye^y} \\end{rcru~~키~~ ~~~~~~~~~~~~~~~~~~~~~~ ~~~~ ~~~~ ~~~~ ~~~~ ~~~~ ~~~~ ~~~~ ~~~~ ~~~~ ~~~~ ~~~~ ~~~~ ~~~~ ~~~~ ~~~~ ~~~~ ~~~~ ~~~~ ~~~~ ~~~~ ~~~~ ~~~~ ~~~~ ~~~~ ~~~~ ~~~~ ~~~~ ~~~~ ~~~~ ~~~~ ~~~~ ~~~~ ~~~~ ~~~~ ~~~~ ~~~~ ~~~~ ~~~~ ~~~~ ~~~~ ~~~~ ~~~~ ~~~~ ~~~~ ~~~~ ~~~~ ~~~~ ~~~~ ~~~~ ~~~~""}, {""bbox"": [64, 1976, 295, 2067], ""type"": ""formula"", ""text"": ""P(A) = (\\frac{7}{9})^6""}, {""bbox"": [491, 2204, 749, 2300], ""type"": ""formula"", ""text"": ""P(B) = \\left(\\frac{1}{9}\\right)^6""}]"
32199330-48c0-49c9-a9bb-597b60bada67.jpg,[]
4169a8ea-8c08-4673-b3c5-cbfc0ef91f9a.jpg,"[{""bbox"": [449, 1544, 1061, 1605], ""type"": ""formula"", ""text"": ""n = C · V = 0,1 · 0,2 = 0,02 (моль)""}, {""bbox"": [42, 1577, 394, 1652], ""type"": ""formula"", ""text"": ""V=200 мл = 0,2 л""}, {""bbox"": [430, 1626, 701, 1686], ""type"": ""formula"", ""text"": ""NaCl = 58,5""}, {""bbox"": [41, 1664, 254, 1747], ""type"": ""formula"", ""text"": ""NaCl = ?""}, {""bbox"": [395, 1710, 1074, 1773], ""type"": ""formula"", ""text"": ""m = n * M = 0,02 * 58,5 = 1,17 (г)""}]"
12bd107c-3be1-465d-b7d7-f51dd5e6fade.jpg,"[{""bbox"": [1745, 210, 3544, 673], ""type"": ""formula"", ""text"": ""45. (1 3; 0 2) · X = (2 11; 2 6)""}, {""bbox"": [1817, 616, 4415, 986], ""type"": ""formula"", ""text"": ""X = A^(-1) . B det(A) = 1 . 2 - 3 . 0 = 2""}, {""bbox"": [70, 967, 3739, 1455], ""type"": ""formula"", ""text"": ""A^{-1} = \\frac{1}{\\det(A)} \\begin{pmatrix} 2 & -3 \\\\ 0 & 1 \\end{pmatrix} = \\frac{1}{2} \\cdot \\begin{pmatrix} 2 & -3 \\\\ 0 & 1 \\end{pmatrix} = \\begin{pmatrix} 1 & -1,5 \\\\ 0 & 0,5 \\end{pmatrix}""}, {""bbox"": [75, 1274, 5130, 1904], ""type"": ""formula"", ""text"": ""X = \\begin{pmatrix} 1 & -1,5 \\\\ 0 & 0,5 \\end{pmatrix} \\cdot \\begin{pmatrix} 2 & 11 \\\\ 2 & 6 \\end{pmatrix} = \\begin{pmatrix} 1 \\cdot 2 + (-1,5) \\cdot 2 & 1 \\cdot 11 + (-1,5) \\cdot 6 \\\\ 0 \\cdot 2 + 0,5 \\cdot 2 & 0 \\cdot 11 + 0,5 \\cdot 6 \\end{pmatrix} = \\begin{pmatrix} -1 & 2 \\\\ 1 & 3 \\end{pmatrix}""}, {""bbox"": [64, 1989, 868, 2233], ""type"": ""formula"", ""text"": ""Δ_{11} = -1""}, {""bbox"": [70, 2330, 2865, 3222], ""type"": ""formula"", ""text"": ""47. \\begin{cases} x + 2z - y = 0 \\\\ 3x + 6z - 7 = 0 \\\\ 2x + 5y - z = 0 \\end{cases} \\quad \\begin{cases} x - 1y + 2z = 0 \\\\ 3x - 0y + 6z = 7 \\\\ 2x + 5y - z = 0 \\end{cases}""}, {""bbox"": [145, 3239, 1276, 3870], ""type"": ""formula"", ""text"": ""A = (1 -1 2; 3 0 6; 2 5 -1)""}, {""bbox"": [107, 3895, 5252, 4518], ""type"": ""formula"", ""text"": ""\\Delta = \\begin{vmatrix} 1 & -1 & 2 \\\\ 3 & 0 & 6 \\\\ 2 & 5 & -1 \\end{vmatrix} = 1 \\cdot 0 \\cdot (-1) + (-1) \\cdot 6 \\cdot 2 + 2 \\cdot 3 \\cdot 5 - 2 \\cdot 0 \\cdot 2 - 1 \\cdot 6 \\cdot 5 - (-1) \\cdot 3 \\cdot (-1) =""}, {""bbox"": [9, 4554, 2056, 4810], ""type"": ""formula"", ""text"": ""= 0 - 12 + 30 - 0 - 30 - 3 = - 15""}, {""bbox"": [70, 4821, 4848, 5516], ""type"": ""formula"", ""text"": ""49. \\int_{1}^{2} \\frac{dx}{(1-2x)^3} = \\int_{1}^{2} \\frac{1}{(1-2x)^3} dx = \\int -\\frac{1}{2 t^3} dt = -\\frac{1}{2} \\cdot \\int \\frac{1}{t^3} dt =""}, {""bbox"": [0, 5306, 5387, 5911], ""type"": ""formula"", ""text"": ""= - \\frac{1}{2} \\cdot \\left( - \\frac{1}{2 t^2} \\right) = - \\frac{1}{2} \\cdot \\left( - \\frac{1}{2 \\cdot (1 - 2x)^2} \\right) = \\frac{1}{4 (1 - 2x)^2} \\Bigg|_1^2 = \\frac{1}{4 \\cdot (1 - 2 \\cdot 2)^2} - \\frac{1}{4 (1 - 2 \\cdot 1)^2} =""}, {""bbox"": [111, 5997, 612, 6291], ""type"": ""formula"", ""text"": ""= - 2/9""}, {""bbox"": [70, 6283, 2567, 6672], ""type"": ""formula"", ""text"": ""46. \\quad f(x) = (2x^3 - 3)(x + 5) \\quad x = 1""}]"
16d7ebbe-ada2-4c47-bff2-b8b755e18d23.jpg,[]
28c85e88-01bf-498c-b2e8-779cf954b9b9.jpg,[]
cce513b3-0c42-45fc-b31e-87dd558660fa.jpg,[]
17b7272b-d07d-4a9d-ad3d-8a923baa4448.jpg,"[{""bbox"": [113, 89, 779, 230], ""type"": ""formula"", ""text"": ""(10 9; 2 2) X (0 2; 3 4) (13 9; 7 5)""}, {""bbox"": [128, 230, 416, 319], ""type"": ""formula"", ""text"": ""X = A^{-1} \\cdot C \\cdot B^{-1}""}, {""bbox"": [113, 333, 785, 418], ""type"": ""formula"", ""text"": ""det A = (10 \\cdot 2) - (9 \\cdot 2) = 20 - 18 = 2""}, {""bbox"": [113, 418, 560, 523], ""type"": ""formula"", ""text"": ""A^{-1} = \\frac{1}{\\det A} \\cdot \\begin{pmatrix} 2 & -9 \\\\ -2 & 10 \\end{pmatrix}""}, {""bbox"": [91, 523, 694, 657], ""type"": ""formula"", ""text"": ""A^{-1} = \\frac{1}{2} \\begin{pmatrix} 2 & -9 \\\\ -2 & 10 \\end{pmatrix} = \\begin{pmatrix} 1 & -\\frac{9}{2} \\\\ -1 & 5 \\end{pmatrix}""}, {""bbox"": [95, 657, 712, 746], ""type"": ""formula"", ""text"": ""det B = (0 \\cdot 4) - (2 \\cdot 3) = 0 - 6 = -6""}, {""bbox"": [96, 745, 543, 863], ""type"": ""formula"", ""text"": ""B^{-1} = \\frac{1}{\\det B} \\cdot \\begin{pmatrix} 4 & -2 \\\\ -3 & 0 \\end{pmatrix}""}, {""bbox"": [91, 864, 930, 1017], ""type"": ""formula"", ""text"": ""B^{-1} = \\frac{1}{-6} \\begin{pmatrix} 4 & -2 \\\\ -3 & 0 \\end{pmatrix} = \\begin{pmatrix} -\\frac{4}{6} & \\frac{2}{6} \\\\ \\frac{3}{6} & \\frac{0}{6} \\end{pmatrix} = \\begin{pmatrix} -\\frac{2}{3} & \\frac{1}{3} \\\\ \\frac{1}{2} & 0 \\end{pmatrix}""}, {""bbox"": [113, 993, 353, 1092], ""type"": ""formula"", ""text"": ""C = \\begin{pmatrix} 13 & 9 \\\\ 7 & 5 \\end{pmatrix}""}, {""bbox"": [95, 1092, 307, 1183], ""type"": ""formula"", ""text"": ""D = A^{-1} C""}, {""bbox"": [95, 1183, 600, 1315], ""type"": ""formula"", ""text"": ""D = \\begin{pmatrix} 1 & -\\frac{9}{2} \\\\ -1 & \\frac{1}{2} \\end{pmatrix} \\cdot \\begin{pmatrix} 13 & 9 \\\\ 7 & 5 \\end{pmatrix}""}, {""bbox"": [128, 1315, 839, 1404], ""type"": ""formula"", ""text"": ""d_{11} = 1 \\cdot 13 + (\\frac{-9}{2}) \\cdot 7 = 13 - \\frac{63}{2} = -\\frac{37}{2}""}, {""bbox"": [118, 1403, 742, 1509], ""type"": ""formula"", ""text"": ""δ_{12} = 1 \\cdot 9 + (-\\frac{9}{2}) \\cdot 5 = 9 - \\frac{45}{2} = -\\frac{27}{2}""}, {""bbox"": [113, 1510, 700, 1580], ""type"": ""formula"", ""text"": ""d_{21} = -1 \\cdot 13 + 5 \\cdot 7 = -13 + 35 = 22""}, {""bbox"": [113, 1580, 619, 1651], ""type"": ""formula"", ""text"": ""d_{22} = -1 \\cdot 9 + 5 \\cdot 5 = -9 + 25 = 16""}, {""bbox"": [116, 1651, 488, 1796], ""type"": ""formula"", ""text"": ""D = \\begin{pmatrix} -\\frac{37}{2} & -\\frac{27}{2} \\\\ 22 & 16 \\end{pmatrix}""}, {""bbox"": [143, 1820, 369, 1914], ""type"": ""formula"", ""text"": ""X = D \\cdot B^{-1}""}, {""bbox"": [155, 1914, 751, 2074], ""type"": ""formula"", ""text"": ""X = \\begin{pmatrix} -\\frac{37}{2} & -\\frac{21}{2} \\\\ 22 & 16 \\end{pmatrix} \\cdot \\begin{pmatrix} -\\frac{2}{3} & \\frac{1}{3} \\\\ \\frac{1}{2} & 0 \\end{pmatrix}""}, {""bbox"": [789, 2060, 1188, 2238], ""type"": ""formula"", ""text"": ""X = \\begin{pmatrix} \\frac{67}{12} \\\\ -\\frac{20}{3} \\\\ \\frac{37}{6} \\\\ \\frac{22}{3} \\end{pmatrix}""}, {""bbox"": [155, 2074, 298, 2161], ""type"": ""formula"", ""text"": ""X_{11} = \\frac{67}{12}""}, {""bbox"": [155, 2163, 330, 2238], ""type"": ""formula"", ""text"": ""X_{12} = -\\frac{37}{6}""}, {""bbox"": [166, 2238, 331, 2301], ""type"": ""formula"", ""text"": ""X_{21} = -\\frac{20}{3}""}, {""bbox"": [175, 2296, 320, 2346], ""type"": ""formula"", ""text"": ""X_{22} = \\frac{22}{3}""}]"
15548621-040c-4931-9c25-da68265beb46.jpg,"[{""bbox"": [104, 64, 629, 227], ""type"": ""formula"", ""text"": ""4. \\lim_{x \\to 9} \\left( \\frac{\\sqrt{x} - 3}{\\sqrt{2x - 2} - 4} \\right)""}, {""bbox"": [125, 266, 591, 379], ""type"": ""formula"", ""text"": ""\\lim_{x \\to 9} (\\sqrt{x} - 3) = 0""}, {""bbox"": [118, 397, 617, 520], ""type"": ""formula"", ""text"": ""\\lim_{x \\to 9} (\\sqrt{2x - 2} - 4) = 0""}, {""bbox"": [100, 496, 1369, 687], ""type"": ""formula"", ""text"": ""\\lim_{x \\to 9} \\left( \\frac{\\sqrt{x} - 3}{\\sqrt{2x - 2} - 4} \\right) = \\lim_{x \\to 9} \\left( \\frac{(\\sqrt{x} - 3) \\cdot (\\sqrt{2x - 2} + 4)}{2x - 18} \\right) =""}, {""bbox"": [125, 690, 1682, 870], ""type"": ""formula"", ""text"": ""= \\lim_{x \\to 9} \\left( \\frac{\\sqrt{x} - 3}{2(x - 9)} \\cdot (\\sqrt{2x - 2} + 4) \\right) = \\lim_{x \\to 9} \\left( \\frac{(\\sqrt{x} - 3) \\cdot (\\sqrt{2x - 2} + 4)}{2(\\sqrt{x} - 3) \\cdot (\\sqrt{x} + 3)} \\right) =""}, {""bbox"": [135, 869, 1209, 1096], ""type"": ""formula"", ""text"": ""= \\lim_{x \\to 9} \\left( \\frac{\\sqrt{2x - 2} + 4}{2(\\sqrt{x} + 3)} \\right) = \\frac{\\sqrt{2 \\cdot 9 - 2} + 4}{2(\\sqrt{9} + 3)} = \\frac{2}{3}""}, {""bbox"": [135, 1131, 896, 1252], ""type"": ""formula"", ""text"": ""5. \\quad u = \\cos(\\sqrt{x} + \\sqrt{y} + \\sqrt{z})""}, {""bbox"": [247, 1242, 1421, 1379], ""type"": ""formula"", ""text"": ""\\frac{\\partial u}{\\partial y} = -\\sin S \\cdot \\frac{\\partial S}{\\partial x} = -\\sin (\\sqrt{x} + \\sqrt{y} + \\sqrt{z}) \\cdot \\frac{1}{2\\sqrt{x}}""}, {""bbox"": [327, 1396, 1223, 1518], ""type"": ""formula"", ""text"": ""\\frac{\\partial u}{\\partial y} = - \\sin (\\sqrt{x} + \\sqrt{y} + \\sqrt{z}) \\cdot \\frac{1}{2\\sqrt{y}}""}, {""bbox"": [346, 1530, 1102, 1670], ""type"": ""formula"", ""text"": ""\\frac{\\partial u}{\\partial z} = -\\sin(\\sqrt{x} + \\sqrt{y} + \\sqrt{z}) \\cdot \\frac{1}{2\\sqrt{z}}""}, {""bbox"": [128, 1662, 1722, 1840], ""type"": ""formula"", ""text"": ""\\frac{d^2 y}{dx^2} = -\\cos S \\left( \\frac{1}{2\\sqrt{x}} \\right)^2 + \\sin S \\cdot \\frac{1}{4x^{\\frac{3}{2}}} = -\\frac{\\cos(\\sqrt{x} \\times \\sqrt{y} \\times \\sqrt{2})}{4x} + \\frac{\\sin(\\sqrt{x} \\times \\sqrt{y} \\times \\sqrt{2})}{4x^{\\frac{3}{2}}}""}, {""bbox"": [147, 1840, 1195, 2039], ""type"": ""formula"", ""text"": ""\\frac{\\partial^2 y}{\\partial y^2} = - \\frac{\\cos(\\sqrt{x} + \\sqrt{y} + \\sqrt{2})}{4y} + \\frac{\\sin(\\sqrt{x} + \\sqrt{y} + \\sqrt{2})}{4y^{\\frac{3}{2}}}""}, {""bbox"": [1277, 1864, 1673, 2022], ""type"": ""formula"", ""text"": ""du = -\\sin(\\sqrt{x} + \\sqrt{y} + \\sqrt{z}) \\left( \\frac{dx}{2\\sqrt{x}} + \\frac{dy}{2\\sqrt{y}} + \\frac{dz}{2\\sqrt{z}} \\right)""}, {""bbox"": [179, 1934, 1219, 2198], ""type"": ""formula"", ""text"": ""\\frac{\\partial}{\\partial z^2} y = - \\frac{\\cos(\\sqrt{x} + \\sqrt{y} + \\sqrt{z})}{4z^2} + \\frac{\\sin(\\sqrt{x} + \\sqrt{y} + \\sqrt{z})}{4z^{\\frac{3}{2}}}""}, {""bbox"": [1177, 2142, 1705, 2303], ""type"": ""formula"", ""text"": ""\\frac{\\partial^2 y}{\\partial y \\partial z} = \\frac{\\cos(\\sqrt{x} + \\sqrt{y} + \\sqrt{z})}{4 \\sqrt{y} \\sqrt{z}}""}, {""bbox"": [186, 2203, 1151, 2358], ""type"": ""formula"", ""text"": ""\\frac{d^2 y}{dx dy} = \\frac{\\cos(\\sqrt{x} + \\sqrt{y} + \\sqrt{2})}{4 \\sqrt{x} \\sqrt{y}}, \\frac{d^2 y}{dx dz} = \\frac{\\cos(\\sqrt{x} + \\sqrt{y} + \\sqrt{2})}{4 \\sqrt{x} \\sqrt{z}}""}]"
24d67fd9-4cb4-46b6-acc4-de94ddff93ba.jpg,"[{""bbox"": [2034, 1122, 4232, 1303], ""type"": ""formula"", ""text"": ""VC(Q) = \\int MC(Q) dQ = \\int (0,003 Q^2 - 0,06 Q) dQ =""}, {""bbox"": [1995, 1297, 3828, 1514], ""type"": ""formula"", ""text"": ""= \\frac{0,003 Q^3}{3} - \\frac{0,06 Q^2}{2} = 0,001 Q^3 - 0,03 Q^2""}, {""bbox"": [562, 1311, 1468, 1464], ""type"": ""formula"", ""text"": ""MC = 0,003 Q^2 - 0,06 Q""}, {""bbox"": [575, 1503, 1475, 1681], ""type"": ""formula"", ""text"": ""FC = 4000 грош. од""}, {""bbox"": [2017, 1644, 4929, 1824], ""type"": ""formula"", ""text"": ""VC(100) = 0,001 \\cdot 100^3 - 0,03 \\cdot 100^2 = 0,001 \\cdot 1000 - 0,03 \\cdot 1000 =""}, {""bbox"": [626, 1714, 995, 1832], ""type"": ""formula"", ""text"": ""a1 = 100""}, {""bbox"": [2006, 1834, 3282, 2016], ""type"": ""formula"", ""text"": ""= 1000 - 300 = 700 \\text{ грош. од.}""}, {""bbox"": [662, 1892, 1059, 2000], ""type"": ""formula"", ""text"": ""a 2 = 110""}, {""bbox"": [2017, 1990, 4885, 2163], ""type"": ""formula"", ""text"": ""VC(110) = 0,001 * 110^3 - 0,03 * 110^2 = 0,001 * 1331000 - 0,03 * 12100 =""}, {""bbox"": [728, 2063, 1036, 2218], ""type"": ""formula"", ""text"": ""ΔTC - ?""}, {""bbox"": [2006, 2163, 3337, 2344], ""type"": ""formula"", ""text"": ""VC(110) = 0,001 * 110^3 - 0,03 * 110^2 = 1331 - 363 = 968 грош. од""}, {""bbox"": [1652, 2344, 4286, 2552], ""type"": ""formula"", ""text"": ""ΔTC = ΔVC = VC(110) - VC(100) = 1331 - 363 = 968 грив. од.""}, {""bbox"": [479, 3179, 2352, 3435], ""type"": ""formula"", ""text"": ""30. \\quad 2 \\cdot B = 2 \\cdot \\begin{pmatrix} 7 & 3 & 1 \\\\ -5 & 1 & 4 \\end{pmatrix} = \\begin{pmatrix} 14 & 6 & 2 \\\\ -10 & 2 & 8 \\end{pmatrix}""}, {""bbox"": [730, 3495, 2704, 3781], ""type"": ""formula"", ""text"": ""C = \\begin{pmatrix} 6 & 1 & -3 \\\\ 2 & -1 & 0 \\end{pmatrix} + \\begin{pmatrix} 14 & 6 & 2 \\\\ -10 & 2 & 8 \\end{pmatrix} = \\begin{pmatrix} 20 & 7 & -1 \\\\ -8 & 1 & 8 \\end{pmatrix}""}, {""bbox"": [588, 5137, 4607, 5464], ""type"": ""formula"", ""text"": ""35. \\int \\frac{dx}{(1-2x)^3} = \\left[ \\begin{matrix} 1-2x=u \\\\ dx=-\\frac{1}{2} du \\end{matrix} \\right] = \\int \\frac{-\\frac{1}{2} du}{u^3} = -\\frac{1}{2} \\int u^{-3} du = -\\frac{1}{2} \\cdot \\frac{u^{-2}}{-2} + C = \\frac{1}{4} u^{-2} + C =""}, {""bbox"": [753, 5494, 1930, 5798], ""type"": ""formula"", ""text"": ""= \\frac{1}{4u^2} + C = \\frac{1}{4(1-2x)^2} + C""}, {""bbox"": [774, 5670, 4907, 6015], ""type"": ""formula"", ""text"": ""= 1/4u^2 + C = 1/4(1-2х)^2 + C""}, {""bbox"": [839, 6031, 3020, 6296], ""type"": ""formula"", ""text"": ""= \\frac{1}{4 \\cdot 9} - \\frac{1}{4 \\cdot 1} = \\frac{1}{36} - \\frac{1}{4} = \\frac{1}{36} - \\frac{9}{36} = \\frac{-8}{36} = - \\frac{2}{9}""}, {""bbox"": [591, 6420, 3887, 6861], ""type"": ""formula"", ""text"": ""36. \\quad f(x) = \\frac{\\ln x}{1 + x^2} \\\\ f'(x) = \\frac{\\frac{1}{x}(1 + x^2) - \\ln x \\cdot 2x}{(1 + x^2)^2} = \\frac{\\frac{1 + x^2}{x} - 2x^2 \\ln x}{(1 + x^2)^2} = \\frac{1 + x^2 - 2x^2 \\ln x}{x(1 + x^2)^2}""}, {""bbox"": [839, 6805, 3208, 7181], ""type"": ""formula"", ""text"": ""f'(1) = \\frac{1 + 1^2 - 2 \\cdot 1^2 \\ln 1}{1(1 + 1^2)^2} = \\frac{2 - 0}{1 \\cdot 2^2} = \\frac{2}{4} = \\frac{1}{2} = 0,5""}, {""bbox"": [628, 7338, 1951, 7524], ""type"": ""formula"", ""text"": ""37. \\quad f(x) = (2x^3 - 3)(x + 5)""}, {""bbox"": [2264, 7388, 2419, 7470], ""type"": ""formula"", ""text"": ""x = 1""}, {""bbox"": [730, 7502, 5163, 7701], ""type"": ""formula"", ""text"": ""f'(x) = (2x^3 - 3)' \\cdot (x + 5) + (2x^3 - 3) \\cdot (x + 5)' = 2 \\cdot 3x^2 \\cdot (x + 5) + (2x^3 - 3) \\cdot 1 = 6x^3 + 30x^2 + 2x^3 - 3 =""}, {""bbox"": [774, 7701, 1665, 7848], ""type"": ""formula"", ""text"": ""= 8x^3 + 30x^2 - 3""}, {""bbox"": [774, 7865, 1963, 8021], ""type"": ""formula"", ""text"": ""f'(1) = 8 \\cdot 1^3 + 30 \\cdot 1^2 - 3 = 35""}]"
11f9f2dd-3185-4eca-9674-a3dd08cbaa52.jpg,"[{""bbox"": [23, 23, 668, 223], ""type"": ""formula"", ""text"": ""A^{-1} = -\\frac{1}{8} \\begin{pmatrix} 3 & 7 & -8 \\\\ 3 & -1 & 2 \\\\ 4 & -4 & 8 \\end{pmatrix}""}, {""bbox"": [41, 261, 357, 376], ""type"": ""formula"", ""text"": ""x = A^{-1} B""}, {""bbox"": [380, 383, 1048, 575], ""type"": ""formula"", ""text"": ""x = \\frac{1}{8} \\begin{pmatrix} 3 & 7 & -8 \\\\ 3 & -1 & 2 \\\\ 4 & -4 & -8 \\end{pmatrix} \\begin{pmatrix} 9 \\\\ 3 \\\\ 4 \\end{pmatrix}""}, {""bbox"": [50, 399, 267, 575], ""type"": ""formula"", ""text"": ""B = \\begin{pmatrix} 9 \\\\ 3 \\\\ 4 \\end{pmatrix}""}, {""bbox"": [50, 627, 840, 721], ""type"": ""formula"", ""text"": ""x_1 = \\frac{1}{8}(27 + 21 - 32) = \\frac{16}{8} = 2""}, {""bbox"": [46, 721, 828, 834], ""type"": ""formula"", ""text"": ""x_2 = \\frac{1}{8} (27 - 3 + 8) = \\frac{32}{8} = 4""}, {""bbox"": [46, 846, 888, 958], ""type"": ""formula"", ""text"": ""x_3 = \\frac{1}{8} (36 - 12 - 32) = \\frac{-8}{8} = -1""}, {""bbox"": [75, 1210, 878, 1327], ""type"": ""formula"", ""text"": ""a) \\lim_{n \\to \\infty} (\\sqrt{(n+2)(n+6)} - n)""}, {""bbox"": [108, 1351, 1536, 1511], ""type"": ""formula"", ""text"": ""\\lim_{n \\to \\infty} (\\sqrt{n^2 + 8n + 12} - n) = \\lim_{n \\to \\infty} \\frac{(n^2 + 8n + 12) - n^2}{\\sqrt{n^2 + 8n + 12} + n} =""}, {""bbox"": [100, 1567, 1670, 1781], ""type"": ""formula"", ""text"": ""= \\lim_{n \\to \\infty} \\frac{8n + 12}{\\sqrt{n^2 + 8n + 12} + n} = \\lim_{n \\to \\infty} \\frac{8n + 12}{n(\\sqrt{1 + \\frac{8}{n} + \\frac{12}{n^2}} + 1)} \\cdot n =""}, {""bbox"": [108, 1821, 1210, 2028], ""type"": ""formula"", ""text"": ""= \\lim_{n \\to \\infty} \\frac{8 + \\frac{12}{n}}{\\sqrt{1 + \\frac{8}{n} + \\frac{12}{n^2}} + 1} = \\frac{8}{1 + 1} = 4""}]"
d5c5b67f-7d0d-485a-b00e-75fc3fcb4577.jpg,[]
23cbc409-0a74-4cd0-a211-1a6d655747a4.jpg,[]
27c37534-74f3-4150-aac6-01e40b51c83f.jpg,"[{""bbox"": [415, 48, 1110, 211], ""type"": ""formula"", ""text"": ""os 5х dx""}, {""bbox"": [347, 200, 1889, 477], ""type"": ""formula"", ""text"": ""\\int \\cos(ax) dx = \\frac{\\sin(ax)}{a} + C""}, {""bbox"": [300, 484, 1914, 763], ""type"": ""formula"", ""text"": ""∫cos5xdx= sin(5x) / 5 + c""}, {""bbox"": [272, 722, 2105, 1063], ""type"": ""formula"", ""text"": ""∫cos5xdx= sin(5x) / 5 + c""}, {""bbox"": [50, 927, 926, 1308], ""type"": ""formula"", ""text"": ""43. \\int_{3}^{5} \\frac{dx}{(x-2)^2}""}, {""bbox"": [132, 1884, 1519, 2373], ""type"": ""formula"", ""text"": ""\\int_{1}^{3} \\frac{du}{u^2} = \\int_{1}^{3} u^{-2} du""}, {""bbox"": [129, 2350, 1734, 2690], ""type"": ""formula"", ""text"": ""\\frac{u^{-2+1}}{-2+1} = \\frac{u^{-1}}{-1} = -\\frac{1}{u}""}, {""bbox"": [226, 3065, 4481, 3474], ""type"": ""formula"", ""text"": ""\\int_{1}^{3} u^{-2} du = - \\frac{1}{u} \\bigg|_{1}^{3} = (- \\frac{1}{3}) - (- \\frac{1}{1}) = - \\frac{1}{3} + 1 = 1 - \\frac{1}{3} = \\frac{3 - 1}{3} = \\frac{2}{3}""}, {""bbox"": [75, 3719, 1246, 3978], ""type"": ""formula"", ""text"": ""45. \\quad f(x) = \\frac{\\ln x}{1 + x^2}""}, {""bbox"": [137, 3958, 1166, 4269], ""type"": ""formula"", ""text"": ""\\begin{aligned} \\left(\\frac{u}{v}\\right)' &= \\frac{u'v - uv'}{v^2}""}, {""bbox"": [258, 4277, 1228, 4490], ""type"": ""formula"", ""text"": ""u' = (\\ln x)' = \\frac{1}{x}""}, {""bbox"": [226, 4455, 1282, 4700], ""type"": ""formula"", ""text"": ""u' = (1 + x^2)' = 2x""}, {""bbox"": [226, 4700, 1917, 4993], ""type"": ""formula"", ""text"": ""f'(x) = \\frac{\\frac{1+x^2}{x} - 2x \\ln x}{(1+x^2)^2}""}, {""bbox"": [226, 4945, 1917, 5272], ""type"": ""formula"", ""text"": ""f'(x) = \\frac{\\frac{1 + x^2 - 2x^2 \\ln x}{x}}{(1 + x^2)^2}""}, {""bbox"": [226, 5340, 1917, 5633], ""type"": ""formula"", ""text"": ""f'(x) = \\frac{1 + x^2 - 2x^2 \\ln x}{x(1 + x^2)^2}""}, {""bbox"": [226, 5619, 1917, 5926], ""type"": ""formula"", ""text"": ""f'(1) = \\frac{1 + (1)^2 - 2(1)^2 \\ln(1)}{1(1 + 1^2)^2}""}, {""bbox"": [301, 5953, 1594, 6233], ""type"": ""formula"", ""text"": ""f'(1) = \\frac{1 + 1 - 2(1)(0)}{1(2)^2}""}, {""bbox"": [294, 6220, 1142, 6437], ""type"": ""formula"", ""text"": ""f'(1) = \\frac{2 - 0}{4}""}, {""bbox"": [294, 6417, 958, 6662], ""type"": ""formula"", ""text"": ""f'(1) = \\frac{2}{4}""}, {""bbox"": [294, 6662, 984, 6907], ""type"": ""formula"", ""text"": ""f'(1) = \\frac{1}{2}""}, {""bbox"": [133, 6954, 680, 7160], ""type"": ""formula"", ""text"": ""47. - 2""}, {""bbox"": [120, 7267, 637, 7462], ""type"": ""formula"", ""text"": ""48. -1""}]"
4569afe7-d1b7-4d64-b0e8-2ec363bce075.jpg,"[{""bbox"": [135, 86, 765, 287], ""type"": ""formula"", ""text"": ""P = \\begin{pmatrix} -1 & 0 & 0 \\\\ 0 & -1 & 0 \\\\ 0 & 0 & -1 \\end{pmatrix} \\Rightarrow P^{-1} = P""}, {""bbox"": [110, 342, 394, 478], ""type"": ""formula"", ""text"": ""A' = P^{-1} A P""}, {""bbox"": [110, 478, 543, 686], ""type"": ""formula"", ""text"": ""A^1 = \\begin{pmatrix} 4 & -5 & -2 \\\\ 0 & 4 & -1 \\\\ -1 & 1 & 3 \\end{pmatrix}""}, {""bbox"": [135, 1164, 607, 1356], ""type"": ""formula"", ""text"": ""D(x_1, y_1) \\quad C(y_1, y_2) \\\\ M(\\frac{x_1 + x_2}{2}, \\frac{y_1 + y_2}{2})""}, {""bbox"": [110, 1370, 688, 1506], ""type"": ""formula"", ""text"": ""M = (\\frac{4 + 10}{2}, \\frac{5 + 3}{2}) = (7, 4)""}, {""bbox"": [110, 1518, 713, 1643], ""type"": ""formula"", ""text"": ""AM = (7 - (-2), 4 - 3) = (9, 1)""}, {""bbox"": [124, 1643, 387, 1794], ""type"": ""formula"", ""text"": ""\\begin{cases} x = -2 + 9t \\\\ y = 3 + t \\end{cases}""}, {""bbox"": [124, 1794, 289, 1899], ""type"": ""formula"", ""text"": ""t = y = 3""}, {""bbox"": [385, 1801, 688, 1880], ""type"": ""formula"", ""text"": ""x = -2 + 9y - 3)""}, {""bbox"": [379, 1878, 653, 1926], ""type"": ""formula"", ""text"": ""x = 9y - 27 - 2""}, {""bbox"": [379, 1932, 611, 2005], ""type"": ""formula"", ""text"": ""x = 9y - 29""}, {""bbox"": [141, 2018, 410, 2121], ""type"": ""formula"", ""text"": ""x - 9y + 29 = 0""}, {""bbox"": [148, 2151, 423, 2212], ""type"": ""formula"", ""text"": ""7. ___""}]"
2205e385-71e3-4bae-a1b5-120af952ce97.jpg,"[{""bbox"": [425, 70, 1048, 140], ""type"": ""formula"", ""text"": ""m_p = p \\cdot V = 1,25 \\cdot 40 = 50 г""}, {""bbox"": [72, 147, 287, 203], ""type"": ""formula"", ""text"": ""V = 40 мл""}, {""bbox"": [425, 156, 995, 226], ""type"": ""formula"", ""text"": ""m(NaOH) = 0,32 · 50 = 16 г""}, {""bbox"": [72, 203, 350, 273], ""type"": ""formula"", ""text"": ""P = 1,25 г/см^3""}, {""bbox"": [54, 278, 377, 339], ""type"": ""formula"", ""text"": ""w(NaOH)=32%""}, {""bbox"": [16, 530, 1281, 671], ""type"": ""formula"", ""text"": ""3) H2 → HCl → NaCl → AgCl → [Ag(NH3)2]Cl ↓""}, {""bbox"": [471, 648, 563, 783], ""type"": ""formula"", ""text"": ""↓ Na""}, {""bbox"": [118, 735, 179, 795], ""type"": ""formula"", ""text"": ""H2""}, {""bbox"": [39, 786, 488, 877], ""type"": ""formula"", ""text"": ""1. H2 + Cl2 → 2HCl""}, {""bbox"": [607, 795, 880, 874], ""type"": ""formula"", ""text"": ""1. H2 → HCl""}, {""bbox"": [663, 862, 1007, 947], ""type"": ""formula"", ""text"": ""H2 + Cl2 → 2HCl""}, {""bbox"": [41, 888, 260, 956], ""type"": ""formula"", ""text"": ""2. HCl →""}, {""bbox"": [602, 966, 974, 1038], ""type"": ""formula"", ""text"": ""2. HCl → NaCl""}, {""bbox"": [615, 1052, 1232, 1132], ""type"": ""formula"", ""text"": ""HCl + NaOH → NaCl + H2O""}, {""bbox"": [16, 1127, 420, 1223], ""type"": ""formula"", ""text"": ""3. NaCl → AgCl""}, {""bbox"": [16, 1223, 813, 1319], ""type"": ""formula"", ""text"": ""NaCl + Ag NO_3 \\to Ag Cl \\downarrow + Na NO_3""}, {""bbox"": [10, 1354, 692, 1469], ""type"": ""formula"", ""text"": ""4. AgCl → [Ag(NH3)2]Cl""}, {""bbox"": [38, 1456, 849, 1578], ""type"": ""formula"", ""text"": ""AgCl + 2NH2 → [Ag(NH3)2]Cl""}, {""bbox"": [38, 1831, 605, 1956], ""type"": ""formula"", ""text"": ""4) 1. C2H4 → C2H5Br""}, {""bbox"": [140, 1994, 662, 2088], ""type"": ""formula"", ""text"": ""2. C2H5Br → C2H5CN C2H5Br + KCN → C2H5CN""}, {""bbox"": [100, 2156, 738, 2278], ""type"": ""formula"", ""text"": ""4. C2H5COOH → C2H5COCl C2H5COOH + PCl3""}, {""bbox"": [140, 2230, 1199, 2335], ""type"": ""formula"", ""text"": ""C_2H_5COOH + PCl_5 \\to C_2H_5COCl + HCl + POCl_3""}]"
2d890d11-0e5d-4b5b-81e9-30d3359f36ef.jpg,"[{""bbox"": [173, 588, 750, 668], ""type"": ""formula"", ""text"": ""a ⊕ b = c ⇒ c ∈ G""}, {""bbox"": [100, 707, 758, 802], ""type"": ""formula"", ""text"": ""(a ⊕ b) ⊕ c = c ⊕ c = c""}, {""bbox"": [100, 802, 776, 893], ""type"": ""formula"", ""text"": ""a ⊗ (b ⊗ c) = a ⊗ b = c""}, {""bbox"": [112, 1111, 405, 1186], ""type"": ""formula"", ""text"": ""c ⊗ a = b""}, {""bbox"": [112, 1186, 405, 1263], ""type"": ""formula"", ""text"": ""a ⊕ c = a""}, {""bbox"": [112, 1263, 541, 1369], ""type"": ""formula"", ""text"": ""c ⊕ a ≠ a ⊕ c""}, {""bbox"": [776, 1394, 1049, 1466], ""type"": ""formula"", ""text"": ""a ⊕ c = a""}, {""bbox"": [776, 1466, 1036, 1538], ""type"": ""formula"", ""text"": ""6 ⊗ c = 6""}, {""bbox"": [769, 1538, 1031, 1611], ""type"": ""formula"", ""text"": ""C ⊖ C = C""}, {""bbox"": [758, 1675, 976, 1756], ""type"": ""formula"", ""text"": ""a^{-1} = C""}, {""bbox"": [758, 1756, 950, 1828], ""type"": ""formula"", ""text"": ""6^{-1} = C""}, {""bbox"": [750, 1828, 923, 1901], ""type"": ""formula"", ""text"": ""C^{-1} = C""}]"
e6988fa8-b792-4cc4-8a0a-28a4b035be98.jpg,"[{""bbox"": [20, 2, 984, 58], ""type"": ""formula"", ""text"": ""2‧6+2‧(-2)+(-4)‧2=12-4-8=0""}, {""bbox"": [14, 58, 720, 230], ""type"": ""formula"", ""text"": ""x→ = - 1/2 ( 18 -2  0 ) = ( -9 1 0 )""}, {""bbox"": [38, 250, 648, 327], ""type"": ""formula"", ""text"": ""х₁ = -9, х₂ = 1, х₃ = 0""}, {""bbox"": [95, 463, 1302, 725], ""type"": ""formula"", ""text"": ""A = (-3 -3; 2 4) B = (1 -1; -5 7) C = (1 -2; 3 0) A X B = C""}, {""bbox"": [95, 687, 947, 781], ""type"": ""formula"", ""text"": ""AXB = C  X = A⁻¹ C B⁻¹""}, {""bbox"": [57, 771, 1636, 923], ""type"": ""formula"", ""text"": ""det A = |-3 -3| | 2 4| = (-3) · 4 - (-3) · 2 = -12 + 6 = -6, ≠ 0""}, {""bbox"": [57, 912, 1129, 1130], ""type"": ""formula"", ""text"": ""A^{-1} = \\frac{1}{-6} \\begin{pmatrix} 4 & 3 \\\\ -2 & -3 \\end{pmatrix} = \\begin{pmatrix} -\\frac{2}{3} & -\\frac{1}{2} \\\\ \\frac{1}{3} & \\frac{1}{2} \\end{pmatrix}""}, {""bbox"": [57, 1098, 1030, 1246], ""type"": ""formula"", ""text"": ""detB=(1 -1; -5 7) = 7-5=2 ≠0""}, {""bbox"": [57, 1203, 607, 1358], ""type"": ""formula"", ""text"": ""B^{-1} = \\frac{1}{2} \\begin{pmatrix} 7 & 1 \\\\ 5 & 1 \\end{pmatrix}""}, {""bbox"": [57, 1349, 942, 1543], ""type"": ""formula"", ""text"": ""A^{-1} C = \\begin{pmatrix} -\\frac{2}{3} & -\\frac{1}{2} \\\\ \\frac{1}{3} & \\frac{1}{2} \\end{pmatrix} \\begin{pmatrix} 1 & -2 \\\\ 3 & 0 \\end{pmatrix}""}, {""bbox"": [57, 1492, 1079, 1640], ""type"": ""formula"", ""text"": ""(-\\frac{2}{3}) \\cdot 1 + (-\\frac{1}{2}) \\cdot 3 = -\\frac{2}{3} - \\frac{3}{2} = -\\frac{13}{6}""}, {""bbox"": [57, 1614, 834, 1754], ""type"": ""formula"", ""text"": ""(-\\frac{2}{3}) \\cdot (-2) + (-\\frac{1}{2}) \\cdot 0 = \\frac{4}{3}""}, {""bbox"": [58, 1710, 571, 1821], ""type"": ""formula"", ""text"": ""\\frac{1}{3} \\cdot 1 + \\frac{1}{2} \\cdot 3 = \\frac{11}{6}""}, {""bbox"": [812, 1738, 1371, 1846], ""type"": ""formula"", ""text"": ""\\frac{1}{3} (-2) + \\frac{1}{2} \\cdot 0 = -\\frac{2}{3}""}, {""bbox"": [57, 1831, 689, 2093], ""type"": ""formula"", ""text"": ""A^{-1} C = \\begin{pmatrix} -\\frac{13}{6} & \\frac{4}{3} \\\\ \\frac{11}{6} & -\\frac{2}{3} \\end{pmatrix}""}, {""bbox"": [95, 2039, 1447, 2275], ""type"": ""formula"", ""text"": ""X = \\begin{pmatrix} -\\frac{13}{6} & \\frac{4}{3} \\\\ \\frac{11}{6} & -\\frac{2}{3} \\end{pmatrix} \\cdot \\frac{1}{2} \\begin{pmatrix} 7 & 1 \\\\ 5 & 1 \\end{pmatrix} = \\begin{pmatrix} -\\frac{11}{12} & -\\frac{1}{4} \\\\ \\frac{19}{12} & \\frac{1}{4} \\end{pmatrix}""}]"
2522fb54-aadd-4bd3-8d52-ccbf9bdd6faa.jpg,[]
1e1c8aaf-265f-4edb-a126-7146aaca7bc5.jpg,"[{""bbox"": [19, 121, 342, 180], ""type"": ""formula"", ""text"": ""m(HCl) = 182,5 г""}, {""bbox"": [19, 180, 406, 238], ""type"": ""formula"", ""text"": ""V(H2O) = 300 мл =""}, {""bbox"": [165, 238, 342, 287], ""type"": ""formula"", ""text"": ""= 300 г.""}, {""bbox"": [38, 510, 1398, 620], ""type"": ""formula"", ""text"": ""Ca → CaO → Ca(OH)2 → CaCl2 → Ca(NO3)2 → Ca(NO2)2""}, {""bbox"": [0, 624, 243, 696], ""type"": ""formula"", ""text"": ""1) Ca → CaO""}, {""bbox"": [19, 748, 934, 865], ""type"": ""formula"", ""text"": ""2) Ca(OH)2 → CaCl2 CaO → Ca(OH)2 -~~капбує~~""}, {""bbox"": [19, 966, 540, 1036], ""type"": ""formula"", ""text"": ""3) Ca(OH)2 → CaCl2""}, {""bbox"": [34, 1150, 540, 1246], ""type"": ""formula"", ""text"": ""ii) CaCl2 → Ca(NO3)2""}, {""bbox"": [38, 1367, 633, 1469], ""type"": ""formula"", ""text"": ""5) C(NO3)2 → Ca(NO2)2""}]"
10b425f1-f542-4c62-9c00-e7df45a2e68e.jpg,"[{""bbox"": [1363, 0, 1648, 71], ""type"": ""formula"", ""text"": ""A = {1, 2, 3, 4, 5}?""}, {""bbox"": [66, 70, 575, 126], ""type"": ""formula"", ""text"": ""a). {(2, 1), (3, 4), (4, 4), (5, 3)}""}, {""bbox"": [66, 127, 592, 198], ""type"": ""formula"", ""text"": ""S1 {(1,5), (2,1), (3,4), (4,3), (5,2)}""}]"
3092a987-95a8-4376-a944-77f8926b792b.jpg,[]
1f389603-2a28-419b-b8dd-54b1bc38578f.jpg,"[{""bbox"": [75, 37, 857, 559], ""type"": ""formula"", ""text"": ""\\begin{aligned} \\frac{\\partial u}{\\partial y} &= e^g \\cdot 2y \\\\ \\frac{\\partial u}{\\partial y} &= e^{x^2+y^2+z^2} \\cdot 2y \\\\ \\frac{\\partial u}{\\partial y} &= 2e^{x^2+y^2+z^2} y \\end{aligned}""}]"
73ae3983-d41a-47d4-97dc-0843f1125c39.jpg,"[{""bbox"": [529, 1798, 1617, 1859], ""type"": ""formula"", ""text"": ""2019: (33560 - 40502) + (12448 - 11959) + (6889 - 5938) +""}, {""bbox"": [529, 1857, 915, 1917], ""type"": ""formula"", ""text"": ""+ 158 = - 5344.""}, {""bbox"": [529, 1900, 937, 1964], ""type"": ""formula"", ""text"": ""2020: - 68~~70~~94""}, {""bbox"": [529, 1964, 914, 2015], ""type"": ""formula"", ""text"": ""2021: -9~~20~~3703""}, {""bbox"": [529, 2011, 953, 2062], ""type"": ""formula"", ""text"": ""2022 : ~~-9066~~ 10066""}, {""bbox"": [540, 2061, 844, 2110], ""type"": ""formula"", ""text"": ""2023: +2902""}]"
40f7d696-b0de-4c43-a8fc-fff4c426cc83.jpg,"[{""bbox"": [16, 178, 980, 248], ""type"": ""formula"", ""text"": ""∃x ((y > 2x + 1) ≈ (3x + y < 1)), x ∈ (-1, 1], y ∈ [0, 7]""}, {""bbox"": [42, 394, 274, 456], ""type"": ""formula"", ""text"": """"}, {""bbox"": [42, 456, 261, 518], ""type"": ""formula"", ""text"": """"}, {""bbox"": [31, 601, 607, 651], ""type"": ""formula"", ""text"": ""2x + 1 < 1 - 3x => 5x < 0, x < 0""}, {""bbox"": [33, 770, 259, 843], ""type"": ""formula"", ""text"": """"}, {""bbox"": [29, 832, 248, 882], ""type"": ""formula"", ""text"": """"}]"
024c2b4a-2710-4be9-817d-ab2bc661438f.jpg,"[{""bbox"": [222, 462, 1496, 843], ""type"": ""formula"", ""text"": ""(1 3; 0 2) · X = (2 11; 2 6)""}, {""bbox"": [320, 843, 978, 1059], ""type"": ""formula"", ""text"": ""A = ( 1 3 0 2 )""}, {""bbox"": [1134, 843, 1786, 1134], ""type"": ""formula"", ""text"": ""B = (2 11; 2 6)""}, {""bbox"": [719, 1134, 1371, 1336], ""type"": ""formula"", ""text"": ""X = A^-1 · B""}, {""bbox"": [320, 1343, 1538, 1650], ""type"": ""formula"", ""text"": ""A^{-1} = \\frac{1}{\\det(A)} \\begin{pmatrix} d & -b \\\\ -c & a \\end{pmatrix}""}, {""bbox"": [320, 1604, 2517, 1992], ""type"": ""formula"", ""text"": ""A^{-1} = \\frac{1}{5} \\begin{pmatrix} 2 & -3 \\\\ -0 & 1 \\end{pmatrix} = \\begin{pmatrix} \\frac{2}{5} & -\\frac{3}{5} \\\\ 0 & \\frac{1}{5} \\end{pmatrix} = \\begin{pmatrix} 1 & -\\frac{3}{5} \\\\ 0 & \\frac{1}{5} \\end{pmatrix}""}, {""bbox"": [398, 1992, 1771, 2369], ""type"": ""formula"", ""text"": ""X = \\begin{pmatrix} 1 & -\\frac{3}{2} \\\\ 0 & \\frac{1}{2} \\end{pmatrix} \\cdot \\begin{pmatrix} 2 & 11 \\\\ 2 & 6 \\end{pmatrix}""}, {""bbox"": [424, 2351, 1682, 2632], ""type"": ""formula"", ""text"": ""x_{11} = 1 \\cdot 2 + (-\\frac{3}{2}) \\cdot 2""}, {""bbox"": [424, 2560, 1962, 2858], ""type"": ""formula"", ""text"": ""x_{11} = 2 - \\frac{3 \\cdot 2}{2} = 2 - 3 = -1""}, {""bbox"": [398, 4724, 1273, 5041], ""type"": ""formula"", ""text"": ""Qd=(-p^2-6p+67)/(2p+1)""}, {""bbox"": [1393, 4724, 2291, 5062], ""type"": ""formula"", ""text"": ""Q_s = (P^2 + 8P + 7) /2P+1""}, {""bbox"": [398, 5039, 3360, 5426], ""type"": ""formula"", ""text"": ""-p^2-6p+67 / 2p+1 = p^2+8p+7 / 2p+1 = -p^2-6p+67 = p^2+8p+7""}, {""bbox"": [424, 5426, 2170, 5680], ""type"": ""formula"", ""text"": ""0 = p^2 + 8p + 7 - (-p^2 - 6p + 67)""}, {""bbox"": [428, 5623, 1985, 5901], ""type"": ""formula"", ""text"": ""0 = p^2 + 8p + 7 + p^2 + 6p - 67""}, {""bbox"": [424, 5844, 2169, 6134], ""type"": ""formula"", ""text"": ""0 = (p^2 + p^2) + (8p + 6p) + (7 - 67)""}, {""bbox"": [2947, 5888, 4278, 6178], ""type"": ""formula"", ""text"": ""p_1 = \\frac{-7 + 13}{2} = \\frac{6}{2} = 3""}, {""bbox"": [424, 6068, 1730, 6334], ""type"": ""formula"", ""text"": ""0 = 2p^2 + 14p - 60 / : 2""}, {""bbox"": [2932, 6149, 4550, 6464], ""type"": ""formula"", ""text"": ""p_2 = \\frac{-7 - 13}{2} = \\frac{-20}{2} = -10""}, {""bbox"": [424, 6277, 1374, 6486], ""type"": ""formula"", ""text"": ""p^2+7p-30=0""}, {""bbox"": [543, 6486, 2426, 6695], ""type"": ""formula"", ""text"": ""D = 7^2 - 4 * 1 * (-30) = 49 + 120 = 169""}, {""bbox"": [543, 6695, 1289, 6904], ""type"": ""formula"", ""text"": ""\\sqrt{D} = \\sqrt{169} = 13""}, {""bbox"": [543, 6904, 1828, 7259], ""type"": ""formula"", ""text"": ""p = \\frac{-b \\pm \\sqrt{D}}{2a} = \\frac{-7 \\pm 13}{2 \\cdot 1}""}]"
33b81934-8670-4bcd-8173-f8aa4eaf811f.jpg,"[{""bbox"": [469, 1077, 735, 1149], ""type"": ""formula"", ""text"": ""Fe → FeCl2""}, {""bbox"": [0, 1146, 666, 1239], ""type"": ""formula"", ""text"": ""Fe + 2HCl → FeCl₂ + H₂↑""}, {""bbox"": [736, 1195, 1134, 1310], ""type"": ""formula"", ""text"": ""FeCl2 → Fe(OH)2""}, {""bbox"": [0, 1305, 1083, 1449], ""type"": ""formula"", ""text"": ""FeCl2 + 2 NaOH → Fe(OH)2↓ + 2 NaCl Fe(OH)2 → FeO""}, {""bbox"": [507, 1412, 825, 1489], ""type"": ""formula"", ""text"": ""Fe(OH)2 → FeO""}, {""bbox"": [0, 1478, 588, 1618], ""type"": ""formula"", ""text"": ""Fe(OH)2 → FeO + H2O""}, {""bbox"": [36, 1637, 287, 1740], ""type"": ""formula"", ""text"": ""FeO → Fe""}, {""bbox"": [2, 1724, 614, 1916], ""type"": ""formula"", ""text"": ""FeO -> Fe FeO -> Fe FeO -> Fe FeO -> Fe FeO -> Fe FeO -> Fe FeO -> Fe FeO -> Fe FeO -> Fe FeO -> Fe FeO -> Fe FeO -> Fe FeO -> Fe FeO -> Fe FeO -> Fe FeO -> Fe FeO -> Fe FeO -> Fe FeO -> Fe FeO -> Fe FeO -> Fe FeO -> Fe FeO -> Fe FeO -> Fe FeO -> Fe FeO -> Fe FeO -> Fe FeO -> Fe FeO -> Fe FeO -> Fe FeO -> Fe FeO -> Fe FeO -> Fe FeO -> Fe FeO -> Fe FeO -> Fe FeO -> Fe FeO -> Fe FeO -> Fe FeO -> Fe FeO -> Fe FeO -> Fe FeO -> Fe FeO -> Fe FeO -> Fe FeO -> Fe FeO -> Fe FeO -> Fe""}, {""bbox"": [467, 1755, 798, 1920], ""type"": ""formula"", ""text"": ""Fe -> FeSO4""}, {""bbox"": [0, 1881, 714, 2070], ""type"": ""formula"", ""text"": ""Fe + H_2SO_4 \\to FeSO_4 + H_2 \\uparrow""}]"
29b6623f-8565-4137-a525-d02c30d6bc2f.jpg,"[{""bbox"": [2113, 3063, 3661, 3324], ""type"": ""formula"", ""text"": ""R(30)=200·30-2·30^2""}, {""bbox"": [289, 3164, 1196, 3390], ""type"": ""formula"", ""text"": ""R(Q) = p · Q""}, {""bbox"": [2113, 3327, 3564, 3521], ""type"": ""formula"", ""text"": ""R(30)=6000-2·900""}, {""bbox"": [224, 3385, 1718, 3653], ""type"": ""formula"", ""text"": ""R(Q) = (200 - 2Q) . Q""}, {""bbox"": [2093, 3535, 3190, 3740], ""type"": ""formula"", ""text"": ""R(30)=600-1800""}, {""bbox"": [196, 3659, 1753, 3916], ""type"": ""formula"", ""text"": ""R(Q) = 200Q - 2Q^2""}, {""bbox"": [2093, 3733, 3035, 3955], ""type"": ""formula"", ""text"": ""R(30) = 4200""}, {""bbox"": [315, 4578, 1299, 4882], ""type"": ""formula"", ""text"": ""|a b/ c d| = ad - bc""}, {""bbox"": [2887, 5164, 5113, 5443], ""type"": ""formula"", ""text"": ""TC(100)=0,001(100)^3-0,03(100)^2+4000""}, {""bbox"": [169, 5262, 1851, 5537], ""type"": ""formula"", ""text"": ""TC(Q) = ∫ MC(Q) dQ + FC""}, {""bbox"": [2832, 5425, 4758, 5634], ""type"": ""formula"", ""text"": ""TC(100)=100-300+4000=4700""}, {""bbox"": [162, 5529, 2621, 5798], ""type"": ""formula"", ""text"": ""TC (Q) = ∫ (0,003 Q^2 - 0,06 Q) dQ + 4000""}, {""bbox"": [2882, 5701, 3345, 5852], ""type"": ""formula"", ""text"": ""Q2=110.""}, {""bbox"": [127, 5765, 2395, 6028], ""type"": ""formula"", ""text"": ""TC(Q) = 0,001 Q^3 - 0,03 Q^2 + C + 400""}, {""bbox"": [2857, 5861, 5165, 6100], ""type"": ""formula"", ""text"": ""TC(110) = 0,001(110)^3 - 0,03(110)^2 + 4000""}, {""bbox"": [114, 6003, 2302, 6255], ""type"": ""formula"", ""text"": ""TC(Q)=0,001 Q^3-0,03 Q^2+4000""}, {""bbox"": [2832, 6083, 5081, 6312], ""type"": ""formula"", ""text"": ""TC(110)= 1331-363 +4000= 4968""}, {""bbox"": [3111, 6536, 4642, 6794], ""type"": ""formula"", ""text"": ""ΔTC = TC(110) - TC(100)""}, {""bbox"": [3071, 6752, 4491, 6953], ""type"": ""formula"", ""text"": ""ΔTC = 4968 - 4700 = 268""}]"
6f470592-ac6a-427d-abc6-bb70040e7630.jpg,"[{""bbox"": [116, 56, 374, 152], ""type"": ""formula"", ""text"": ""8 Qd = Qs""}, {""bbox"": [722, 92, 1072, 150], ""type"": ""formula"", ""text"": ""Qd = 2400 - 100р""}, {""bbox"": [1232, 92, 1557, 159], ""type"": ""formula"", ""text"": ""Qs = 1000 + 250 P""}, {""bbox"": [727, 156, 837, 205], ""type"": ""formula"", ""text"": ""р = 4""}, {""bbox"": [1240, 156, 1328, 205], ""type"": ""formula"", ""text"": ""p = 4""}, {""bbox"": [120, 182, 568, 238], ""type"": ""formula"", ""text"": ""2400 - 100 P = 1000 + 250 P""}, {""bbox"": [1232, 207, 1637, 285], ""type"": ""formula"", ""text"": ""QS = 1000 + 1000 = 2000""}, {""bbox"": [727, 226, 1019, 271], ""type"": ""formula"", ""text"": ""Qd = 2400 - 400""}, {""bbox"": [727, 284, 931, 335], ""type"": ""formula"", ""text"": ""Qd = 2000""}, {""bbox"": [116, 354, 495, 418], ""type"": ""formula"", ""text"": ""- 350р = - 1400 | ⋅⋅ |""}, {""bbox"": [116, 421, 366, 498], ""type"": ""formula"", ""text"": ""350p = 1400""}, {""bbox"": [133, 496, 305, 551], ""type"": ""formula"", ""text"": ""35 p = 140""}, {""bbox"": [147, 556, 238, 626], ""type"": ""formula"", ""text"": ""p = 4""}, {""bbox"": [141, 749, 501, 828], ""type"": ""formula"", ""text"": ""Qd1 = 2400 - 100p""}, {""bbox"": [802, 768, 1120, 831], ""type"": ""formula"", ""text"": ""Qs1 = 1000 + 250P""}, {""bbox"": [141, 826, 278, 890], ""type"": ""formula"", ""text"": ""p1 = -6""}, {""bbox"": [802, 826, 948, 887], ""type"": ""formula"", ""text"": ""p1=-6""}, {""bbox"": [141, 893, 572, 980], ""type"": ""formula"", ""text"": ""Qd: 2400 - (-600) = 3000""}, {""bbox"": [802, 893, 1000, 973], ""type"": ""formula"", ""text"": ""Qs1 = - 500""}, {""bbox"": [116, 1199, 474, 1272], ""type"": ""formula"", ""text"": ""Qd1 = 2400 - 100p1""}, {""bbox"": [762, 1207, 1116, 1291], ""type"": ""formula"", ""text"": ""Qs1 = 1000 + 250p""}, {""bbox"": [116, 1262, 216, 1325], ""type"": ""formula"", ""text"": ""p1 = 1""}, {""bbox"": [762, 1276, 875, 1335], ""type"": ""formula"", ""text"": ""р1 = 1""}, {""bbox"": [116, 1324, 329, 1398], ""type"": ""formula"", ""text"": ""Qd1 = 2300""}, {""bbox"": [762, 1345, 973, 1408], ""type"": ""formula"", ""text"": ""Qs1 = 1250""}]"
18ff29fc-e921-4703-bdb5-da07f8ed6f0d.jpg,"[{""bbox"": [112, 39, 1067, 140], ""type"": ""formula"", ""text"": ""5 ē₁ = (1, 0, 0) ; ē₂ = (0, 1, 0) ; ē₃ = (0, 0, 1)""}, {""bbox"": [172, 146, 1438, 275], ""type"": ""formula"", ""text"": ""А ( 6 3 0 / 2 5 4 / 1 -3 -1 ), ā₁ = (-1, -1, 1), ā₂ = (1, 1, 0), ā₃ = (-1, 1, 0)""}, {""bbox"": [149, 297, 441, 396], ""type"": ""formula"", ""text"": ""A(a) = P^-1 AP""}, {""bbox"": [133, 396, 504, 525], ""type"": ""formula"", ""text"": ""P = (-1 1 -1; -1 1 1; 1 0 0)""}, {""bbox"": [904, 508, 1439, 571], ""type"": ""formula"", ""text"": ""A_{11} = 6(-1) + 3(-1) + 01 = -9""}, {""bbox"": [135, 522, 569, 722], ""type"": ""formula"", ""text"": ""P^{-1} = \\begin{pmatrix} 0 & 0 & 1 \\\\ \\frac{1}{2} & \\frac{1}{2} & 1 \\\\ -\\frac{1}{2} & \\frac{1}{2} & 0 \\end{pmatrix}""}, {""bbox"": [889, 571, 1467, 635], ""type"": ""formula"", ""text"": ""A21 = 2(-1) + 5(-1) + 4 · 1 = -3""}, {""bbox"": [881, 634, 1595, 731], ""type"": ""formula"", ""text"": ""A_{31} = 1(-1) + (-3)(-1) + (-1) \\cdot 1 = 1 ...""}, {""bbox"": [135, 746, 567, 889], ""type"": ""formula"", ""text"": ""AP = (-9 9 -3/ -3 7 3/14-2-4)""}, {""bbox"": [172, 901, 743, 1127], ""type"": ""formula"", ""text"": ""A(a) = ( 4 -2 -4 / -13/2 23/2 1/2 / -3/2 -1 3 )""}]"
29e034bc-a78b-44dc-a56c-56d179e1133f.jpg,"[{""bbox"": [62, 0, 703, 92], ""type"": ""formula"", ""text"": ""3. ZnSO4 → Zn(OH)2""}, {""bbox"": [127, 83, 1140, 163], ""type"": ""formula"", ""text"": ""ZnSO4 + 2NaOH → Zn(OH)2 ↓ + Na2SO4""}, {""bbox"": [46, 163, 791, 244], ""type"": ""formula"", ""text"": ""4. Zn(OH)2 → Ca [Zn(OH)4]""}, {""bbox"": [127, 226, 1070, 340], ""type"": ""formula"", ""text"": ""Zn(OH)2 + Ca(OH)2 → Ca[Zn(OH)4]""}, {""bbox"": [46, 328, 603, 425], ""type"": ""formula"", ""text"": ""5. Zn → Zn(NO3)2.""}, {""bbox"": [117, 402, 1265, 526], ""type"": ""formula"", ""text"": ""Zn + 4 HNO3 → Zn(NO3)2 + 2 NO2 + 2 H2O.""}, {""bbox"": [163, 793, 1024, 889], ""type"": ""formula"", ""text"": ""CH2 = CH2 + HCl → CH3 - CH2Cl""}, {""bbox"": [169, 902, 1384, 1032], ""type"": ""formula"", ""text"": ""CH3-CH2-CN + 2H2O -> CH3-CH2-COOH + NH3""}, {""bbox"": [148, 1430, 709, 1564], ""type"": ""formula"", ""text"": ""CH3-C≡C-CH(CH3)2""}, {""bbox"": [124, 1573, 845, 1707], ""type"": ""formula"", ""text"": ""HO - CH2 - CH2 - CH2 - OH""}]"
321cd11f-a645-4801-8b60-2bdd44a33831.jpg,"[{""bbox"": [2538, 155, 3713, 481], ""type"": ""formula"", ""text"": ""A_{12} = (-1)^{1+2} \\cdot M_{12}""}, {""bbox"": [1052, 240, 2029, 511], ""type"": ""formula"", ""text"": ""M_{12} = \\begin{vmatrix} 2 & -2 & 1 & 1 \\end{vmatrix}""}, {""bbox"": [194, 294, 871, 725], ""type"": ""formula"", ""text"": ""| 2 -1 4 | | 2 3 -2 | | 4 -2 1 |""}, {""bbox"": [2538, 450, 3485, 737], ""type"": ""formula"", ""text"": ""A12 = (-1)^3 · 10""}, {""bbox"": [1029, 465, 2260, 705], ""type"": ""formula"", ""text"": ""M_{12} = (2 \\cdot 1) - (-2 \\cdot 4)""}, {""bbox"": [2527, 699, 3330, 893], ""type"": ""formula"", ""text"": ""A12 = -1 · 10""}, {""bbox"": [1042, 706, 1787, 947], ""type"": ""formula"", ""text"": ""M_{12} = 2 - (-8)""}, {""bbox"": [1016, 908, 1575, 1087], ""type"": ""formula"", ""text"": ""M_{12} = 2 + 8""}, {""bbox"": [2517, 908, 3133, 1110], ""type"": ""formula"", ""text"": ""A12 = -10""}, {""bbox"": [1016, 1064, 1523, 1219], ""type"": ""formula"", ""text"": ""m12 = 10""}, {""bbox"": [3630, 2633, 4842, 2850], ""type"": ""formula"", ""text"": ""TR = 500Q - 0,1Q^2 + C""}, {""bbox"": [1233, 2640, 2217, 3035], ""type"": ""formula"", ""text"": ""lim sin(x-1) / (x-1) = 1 x ->""}, {""bbox"": [3646, 2850, 4878, 3106], ""type"": ""formula"", ""text"": ""TR = 500Q - 0,1Q^2""}, {""bbox"": [3646, 3106, 5126, 3634], ""type"": ""formula"", ""text"": ""AR = \\frac{TR}{Q} = \\frac{500Q - 0,1Q^2}{Q}""}, {""bbox"": [281, 3495, 1219, 3937], ""type"": ""formula"", ""text"": ""∫ dx / (1 - 2x){3}""}, {""bbox"": [3646, 3596, 4519, 3844], ""type"": ""formula"", ""text"": ""AR = 500 - 0,1 Q""}, {""bbox"": [3646, 3805, 4997, 4054], ""type"": ""formula"", ""text"": ""AR(300)=500-0,1(300)""}, {""bbox"": [3646, 4038, 4785, 4287], ""type"": ""formula"", ""text"": ""AR(300) = 500 - 30""}, {""bbox"": [3646, 4287, 4645, 4543], ""type"": ""formula"", ""text"": ""AR(300) = 470""}, {""bbox"": [3961, 5708, 5126, 6010], ""type"": ""formula"", ""text"": ""D = \\begin{vmatrix} 3 & -2 \\\\ 4 & 1 \\end{vmatrix} D_1 = \\begin{vmatrix} 5 & -2 \\\\ 3 & 1 \\end{vmatrix}""}, {""bbox"": [3107, 5747, 3799, 5980], ""type"": ""formula"", ""text"": """"}, {""bbox"": [3107, 5957, 3796, 6213], ""type"": ""formula"", ""text"": """"}, {""bbox"": [3961, 6019, 4562, 6291], ""type"": ""formula"", ""text"": ""D_2 = \\begin{pmatrix} 3 & 5 \\\\ 4 & 3 \\end{pmatrix}""}, {""bbox"": [4044, 6291, 5152, 6524], ""type"": ""formula"", ""text"": ""D = 11 D₁ = 11 D₂ = -11""}, {""bbox"": [3128, 6361, 3853, 6601], ""type"": ""formula"", ""text"": ""(x, y) = (1, -1)""}, {""bbox"": [426, 6423, 2113, 6741], ""type"": ""formula"", ""text"": ""Обм. границю lim n→∞ (2n^2 - 3n + 1) / (n^2 + 4)""}, {""bbox"": [4091, 6524, 4702, 6757], ""type"": ""formula"", ""text"": ""x = 1 y = -1""}, {""bbox"": [3418, 6671, 4333, 6918], ""type"": ""formula"", ""text"": """"}, {""bbox"": [4479, 6718, 4867, 6912], ""type"": ""formula"", ""text"": """"}, {""bbox"": [3418, 6858, 4263, 7091], ""type"": ""formula"", ""text"": """"}, {""bbox"": [4479, 6889, 4867, 7060], ""type"": ""formula"", ""text"": """"}, {""bbox"": [3444, 7091, 4479, 7495], ""type"": ""formula"", ""text"": ""(x, y) = (1, -1)""}, {""bbox"": [301, 7355, 1634, 7701], ""type"": ""formula"", ""text"": ""= \\frac{1}{5} \\cdot \\sin(5x) = \\frac{\\sin 5x}{5}""}]"
2c8259da-2ea8-45d7-be57-729d7d2c1295.jpg,"[{""bbox"": [165, 169, 479, 241], ""type"": ""formula"", ""text"": ""a) f(x) = x^3""}, {""bbox"": [151, 742, 546, 833], ""type"": ""formula"", ""text"": ""б) f(x) = 2x + 1""}]"
2fe0cecc-aaec-4c11-bec2-5fc90d3840cb.jpg,[]
43ee65c1-414d-4e4b-982c-e72cacf3180f.jpg,"[{""bbox"": [107, 420, 492, 489], ""type"": ""formula"", ""text"": ""1. Al6 → Al2O3 →""}, {""bbox"": [99, 587, 572, 657], ""type"": ""formula"", ""text"": ""2. AI2O3 → AI(NO3)3""}, {""bbox"": [104, 724, 655, 805], ""type"": ""formula"", ""text"": ""3. Al(NO3)3 → Al(OH)3""}, {""bbox"": [120, 929, 833, 1007], ""type"": ""formula"", ""text"": ""4. Al(OH)3 → Na [Al(OH)4]""}, {""bbox"": [135, 1114, 646, 1186], ""type"": ""formula"", ""text"": ""5. Al(OH)3 → AlCl3""}, {""bbox"": [752, 1813, 1323, 1900], ""type"": ""formula"", ""text"": ""~~m (NaCl) = w · m (poзв.)~~""}, {""bbox"": [204, 1876, 705, 1941], ""type"": ""formula"", ""text"": ""~~m r. NaCl = 10% = 0, 10~~""}, {""bbox"": [752, 1876, 1402, 1948], ""type"": ""formula"", ""text"": ""~~m(NaCl) = 0,10 · 200 г = 20 г~~""}]"
2df8fb1e-937f-4828-81c9-ce11606f7c4c.jpg,[]
3440f410-c95a-4624-90f0-d9c1a96cfaec.jpg,"[{""bbox"": [77, 46, 502, 210], ""type"": ""formula"", ""text"": ""(2 0 -1 3\\\\0 1 4 -5\\\\0 0 -10,5 17,5\\\\0 0 23 1)""}, {""bbox"": [71, 833, 1578, 905], ""type"": ""formula"", ""text"": ""P(L) = P(H_1) \\cdot P(L|H_1) + P(H_2) \\cdot P(L|H_2) + P(H_3) \\cdot P(L|H_3)""}, {""bbox"": [90, 1090, 1103, 1161], ""type"": ""formula"", ""text"": ""P(L) = 0,030 + 0,020 + 0,015 = 0,065.""}, {""bbox"": [96, 1270, 828, 1356], ""type"": ""formula"", ""text"": ""P(H_2 | L) = \\frac{0,02}{0,065} = 0,3077""}, {""bbox"": [85, 1398, 222, 1455], ""type"": ""formula"", ""text"": ""6, 51.""}, {""bbox"": [82, 1501, 550, 1556], ""type"": ""formula"", ""text"": ""0,3077 ≈ 30,81.""}, {""bbox"": [57, 1574, 605, 1700], ""type"": ""formula"", ""text"": ""4. \\lim_{x \\to \\infty} \\frac{(x^2 + 1)^3 + 2x}{x^5 - 3x^2}""}, {""bbox"": [145, 1714, 887, 1861], ""type"": ""formula"", ""text"": ""lim x -> infinity (x^2+1)^3+2x/x^5-3x^6 = [8/infinity]""}, {""bbox"": [153, 1821, 1638, 1991], ""type"": ""formula"", ""text"": ""(x^2+1)^3+2x=(x^2)^3+3(x^2)^2⋅1+3x^2⋅1^2+1^3+2x=x^6+3x^4""}, {""bbox"": [144, 1950, 488, 2011], ""type"": ""formula"", ""text"": ""3x^2 + 2x - 11""}, {""bbox"": [148, 1997, 877, 2157], ""type"": ""formula"", ""text"": ""\\lim_{x \\to \\infty} \\frac{x^6 + 3x^4 + 3y^2 + 2x + 1}{x^5 - 3y^6}""}, {""bbox"": [145, 2118, 1456, 2339], ""type"": ""formula"", ""text"": ""\\lim_{x \\to \\infty} \\frac{\\frac{x^6}{x^6} + \\frac{3x^4}{x^6} + \\frac{3x^2}{x^6} + \\frac{2x}{x^6} + \\frac{1}{x^6}}{\\frac{x^5}{x^6} - \\frac{3x^6}{x^6}} = \\lim_{x \\to \\infty} \\frac{1 + \\frac{3}{x^2} + \\frac{3}{x^4} + \\frac{2}{x^5} + \\frac{1}{x^6}}{\\frac{1}{x} - 3}""}]"
c7dbf5d1-1f80-4d58-9140-c20be459d086.jpg,[]
1b472d64-97d3-4451-bc91-2d66c8beb2d9.jpg,"[{""bbox"": [171, 444, 1081, 620], ""type"": ""formula"", ""text"": ""15. I = 5 · 60 = 300""}, {""bbox"": [431, 673, 1192, 838], ""type"": ""formula"", ""text"": ""II = 60 · 20 = 1200""}, {""bbox"": [60, 1809, 953, 2271], ""type"": ""formula"", ""text"": ""18. \\begin{cases} 2x + y - 3z = -4 \\\\ x - 2y + z = 3 \\\\ 4x - 5y - z = 2 \\end{cases}""}, {""bbox"": [103, 3141, 696, 3281], ""type"": ""formula"", ""text"": ""20. ad - bc""}, {""bbox"": [115, 3364, 441, 3500], ""type"": ""formula"", ""text"": ""21. 0""}, {""bbox"": [172, 4211, 1227, 4519], ""type"": ""formula"", ""text"": ""23. B = \\begin{pmatrix} 1 & 2 \\\\ 1 & 3 \\\\ 2 & -1 \\end{pmatrix} B_{3 \\times 2}""}, {""bbox"": [172, 4538, 1283, 4762], ""type"": ""formula"", ""text"": ""2.4 \\quad A = \\begin{pmatrix} 1 & 3 & 2 \\\\ 1 & 1 & 5 \\end{pmatrix} A_{2 \\times 3}""}, {""bbox"": [133, 4837, 550, 4949], ""type"": ""formula"", ""text"": ""15 8""}, {""bbox"": [130, 4928, 3736, 5403], ""type"": ""formula"", ""text"": ""26. \\begin{cases} x + 2z - y = 0 \\\\ 3x + 6z - 7 = 0 \\\\ 2x + 5y - 7 = 0 \\end{cases} |A| = \\begin{vmatrix} 1 & -1 & 2 \\\\ 3 & 0 & 6 \\\\ 2 & 5 & -1 \\end{vmatrix} \\begin{matrix} 1 & -1 \\\\ 3 & 0 \\\\ 2 & 5 \\end{matrix} = (0 - 12 + 30) - (0 + 30 + 3) = 18 - 33 = -15""}, {""bbox"": [661, 5621, 1146, 5809], ""type"": ""formula"", ""text"": ""R(Q) = p · Q""}, {""bbox"": [92, 5742, 582, 6365], ""type"": ""formula"", ""text"": ""~~28~~. Q - ?\\nP - ?\\nP = 200 - 2Q\\ntR(30) - ?""}, {""bbox"": [661, 5800, 2033, 5976], ""type"": ""formula"", ""text"": ""R(Q) = Q(200 - 2Q) = 200Q - 2Q^2""}, {""bbox"": [661, 5994, 928, 6152], ""type"": ""formula"", ""text"": ""Q = 30""}, {""bbox"": [1718, 6139, 2672, 6315], ""type"": ""formula"", ""text"": ""R(30)=6000-1800=4200""}, {""bbox"": [661, 6162, 1569, 6331], ""type"": ""formula"", ""text"": ""R(30 = 200.30 - 2.30^2""}, {""bbox"": [64, 6710, 2865, 7602], ""type"": ""formula"", ""text"": ""28. Дано: \\begin{vmatrix} Qd = \\frac{-p^2-6p+67}{2p+1} \\\\ Qs = \\frac{0^2+8p+7}{2p+1} \\end{vmatrix} Qd = Qs \\begin{matrix} \\frac{-p^2-6p+67}{2p+1} = \\frac{p^2+8p+7}{2p+1} & | \\cdot (2p+1) \\\\ -p^2-6p+67 = p^2+8p+7 & \\\\ -p^2-14p+60 = 0 & [illegible] \\\\ p^2+7p-30 = 0 & \\Delta = 6^2-40C = \\end{matrix}""}, {""bbox"": [2219, 7496, 3901, 7698], ""type"": ""formula"", ""text"": ""~~D~~ D= b^2 - 4ac = 49 - 4 · (-30) = 169 ∑D = 13""}, {""bbox"": [2654, 7732, 2951, 7972], ""type"": ""formula"", ""text"": ""p1 = -10 p2 = 3""}]"
02ec2d35-3407-4e9c-b263-81f410e9bc57.jpg,"[{""bbox"": [50, 0, 727, 89], ""type"": ""formula"", ""text"": ""m(-NaOH) = 0,164 * 40 = 6,56г.""}, {""bbox"": [32, 319, 681, 391], ""type"": ""formula"", ""text"": ""HC=CH + [O] -> CH_3COOH""}, {""bbox"": [55, 489, 867, 606], ""type"": ""formula"", ""text"": ""2 CH3COOH P2O5 -> (CH3CO)2O + H2O""}, {""bbox"": [1188, 601, 1654, 669], ""type"": ""formula"", ""text"": ""HCl + NaOH → NaCl + H2O""}, {""bbox"": [1009, 635, 1148, 674], ""type"": ""formula"", ""text"": ""m = 30 г""}, {""bbox"": [1178, 663, 1654, 755], ""type"": ""formula"", ""text"": ""m(NaOH) = (m р-ну * ω(HCl) * M(NaOH)) / M(HCl)""}, {""bbox"": [1023, 677, 1170, 720], ""type"": ""formula"", ""text"": ""ω = 20%""}, {""bbox"": [48, 684, 962, 783], ""type"": ""formula"", ""text"": ""(CH3CO)2O + PCl5 -> 2CH3COCl + POCl3""}, {""bbox"": [1194, 760, 1654, 860], ""type"": ""formula"", ""text"": ""m(NaOH) = (30 * 0,20 * 40) / 36,5""}, {""bbox"": [48, 846, 1055, 934], ""type"": ""formula"", ""text"": ""CH3COCl + C2H5OH → CH3COOC2H5 + HCl""}, {""bbox"": [1186, 878, 1593, 936], ""type"": ""formula"", ""text"": ""m(NaOH)=6,56г.""}, {""bbox"": [1208, 994, 1537, 1064], ""type"": ""formula"", ""text"": ""B-дь: 6, 56.""}, {""bbox"": [50, 1107, 1141, 1201], ""type"": ""formula"", ""text"": ""CH3-CH(Br)-CH[illegible](CH3)-CH2-CH3""}, {""bbox"": [1247, 1169, 1488, 1279], ""type"": ""formula"", ""text"": ""ω = m вва / m х-ва""}, {""bbox"": [63, 1305, 699, 1385], ""type"": ""formula"", ""text"": ""CH3 - CH(Br) - CH2 - CH3""}, {""bbox"": [53, 1409, 1372, 1577], ""type"": ""formula"", ""text"": ""3. Zn → ZnO → ZnCl2 → Zn(OH)2 → K2[Zn(OH)4] Zn(NO3)2""}, {""bbox"": [47, 1879, 927, 1964], ""type"": ""formula"", ""text"": ""4. Zn(OH)2 + 2KOH -> K2[Zn(OH)4]""}, {""bbox"": [68, 2055, 819, 2129], ""type"": ""formula"", ""text"": ""5. Zn + 4HNO_3 -> Zn(NO_3)_2 + 2NO_3""}]"
527dc47c-9055-4d21-a74f-f9faf258f6e9.jpg,"[{""bbox"": [21, 1323, 376, 1409], ""type"": ""formula"", ""text"": ""8. M‧V = P‧T""}, {""bbox"": [34, 1837, 871, 1917], ""type"": ""formula"", ""text"": ""Індекс цін зріс на 10% → P₁ = P₀ · 1,1""}, {""bbox"": [43, 1995, 298, 2099], ""type"": ""formula"", ""text"": ""M₁ = (P₁ ‧ T₁) / V₁""}, {""bbox"": [34, 2099, 1096, 2228], ""type"": ""formula"", ""text"": ""M_1 = \\frac{(1,1 P_0) \\cdot (1,3 T_0)}{0,9 V_0} = \\frac{1,43 P_0 T_0}{0,9 V_0} \\approx 1,589 \\frac{P_0 T_0}{V_0}""}]"
3510ae71-f0c4-4532-8224-bf2fbb9c73b1.jpg,"[{""bbox"": [64, 12, 1336, 134], ""type"": ""formula"", ""text"": ""2. A(-5; -2; 1); B(-4; 2; -3); C(6; -1; 5) SΔABC - ?""}, {""bbox"": [18, 128, 525, 231], ""type"": ""formula"", ""text"": ""AB = B - A = (1; 4; -4)""}, {""bbox"": [18, 210, 498, 308], ""type"": ""formula"", ""text"": ""AC = C - A = (11; 1; 4)""}, {""bbox"": [18, 308, 1463, 410], ""type"": ""formula"", ""text"": ""|\\vec{AB} \\times AC| = \\sqrt{20^2 + (-48)^2 + (-43)^2} = \\sqrt{400 + 2304 + 1849}""}, {""bbox"": [18, 410, 456, 501], ""type"": ""formula"", ""text"": ""|AB \\times AC| = \\sqrt{4553}""}, {""bbox"": [12, 495, 341, 623], ""type"": ""formula"", ""text"": ""S_{ABC} = \\frac{\\sqrt{4553}}{2}""}]"
41ee7012-ff54-4d32-8bdb-6e4babde3023.jpg,"[{""bbox"": [186, 1857, 836, 1915], ""type"": ""formula"", ""text"": ""2400 - 100P = 1000 + 250P""}, {""bbox"": [180, 1926, 508, 1976], ""type"": ""formula"", ""text"": ""1400 = 350 p""}, {""bbox"": [184, 1982, 444, 2041], ""type"": ""formula"", ""text"": ""P* = 4 грн.""}, {""bbox"": [66, 2145, 609, 2238], ""type"": ""formula"", ""text"": ""Q* = 2400 - 100 ⋅ 4 = 2000""}]"
2fc24534-ee9b-4612-b743-34767c8c6d86.jpg,[]
2043c4b2-323b-46da-816b-0b29e692d3b1.jpg,"[{""bbox"": [932, 144, 1501, 219], ""type"": ""formula"", ""text"": ""5. \\quad F(x, y) = (xy \\oplus \\bar{y}) \\vee (\\bar{x} \\to y)""}, {""bbox"": [48, 537, 296, 588], ""type"": ""formula"", ""text"": "".|А n В| = 18""}, {""bbox"": [52, 606, 284, 655], ""type"": ""formula"", ""text"": "".|А n С| = 19""}, {""bbox"": [918, 629, 1081, 691], ""type"": ""formula"", ""text"": ""(1, 1, 0, 1)""}, {""bbox"": [59, 672, 292, 722], ""type"": ""formula"", ""text"": "".|А n В n С| = 7""}, {""bbox"": [932, 803, 1160, 861], ""type"": ""formula"", ""text"": ""10 11_2 = 11_{10}""}, {""bbox"": [65, 838, 750, 902], ""type"": ""formula"", ""text"": ""IА u B u CI = 83 + 34 + 45 - 18 - 19 - 7 + 7 = 125""}, {""bbox"": [72, 935, 296, 981], ""type"": ""formula"", ""text"": ""150 - 125 = 25""}, {""bbox"": [906, 952, 1235, 1029], ""type"": ""formula"", ""text"": ""(\\bar{x} \\bar{y}) \\vee (\\bar{x} y) \\vee (x y)""}, {""bbox"": [902, 1119, 1026, 1198], ""type"": ""formula"", ""text"": ""(\\bar{x} \\vee y)""}, {""bbox"": [123, 1825, 252, 1885], ""type"": ""formula"", ""text"": ""0^{-1} = 0""}, {""bbox"": [112, 1888, 238, 1950], ""type"": ""formula"", ""text"": ""1^{-1} = 4""}, {""bbox"": [121, 1956, 242, 2017], ""type"": ""formula"", ""text"": ""2^{-1} = 3""}, {""bbox"": [119, 2021, 247, 2082], ""type"": ""formula"", ""text"": ""3^{-1} = 2""}, {""bbox"": [139, 2086, 263, 2154], ""type"": ""formula"", ""text"": ""4^{-1} = 1""}]"
acb5f660-a0e4-45f6-8479-a368c2e15af6.jpg,[]
42859128-f333-4ab4-bb7f-377be1ea4348.jpg,[]
2392f282-19c9-446b-b743-092281a783d5.jpg,[]
3848971c-3600-4be3-866d-5c89606897ca.jpg,[]
454381a8-1609-4e21-aa09-9b9db6228287.jpg,[]
c9781623-ed9b-4338-8b1c-e9a79388004c.jpg,"[{""bbox"": [49, 1386, 1042, 1469], ""type"": ""formula"", ""text"": ""2. Ca → Ca₃P₂ → Ca(OH)₂ → Ca(NO₃)₂""}, {""bbox"": [190, 1459, 676, 1555], ""type"": ""formula"", ""text"": ""↓ Ca O → Ca₃ ( P O₄ )₂""}, {""bbox"": [99, 1582, 414, 1642], ""type"": ""formula"", ""text"": ""1) Ca → Ca₃P₂""}, {""bbox"": [120, 1678, 432, 1740], ""type"": ""formula"", ""text"": ""3Ca + 2P → Ca₃ P₂""}, {""bbox"": [109, 1811, 572, 1880], ""type"": ""formula"", ""text"": ""2) Ca₃P₂ → Ca(OH)₂""}, {""bbox"": [143, 1894, 1430, 1980], ""type"": ""formula"", ""text"": ""Ca₃P₂ + GH₂O → 3Ca(OH)₂ + 2PH₃ ↑ - реакція гідролізу""}, {""bbox"": [111, 1990, 592, 2048], ""type"": ""formula"", ""text"": ""5) Ca(OH)2 → Ca(NO3)2""}, {""bbox"": [108, 2053, 1595, 2155], ""type"": ""formula"", ""text"": ""Ca(OH)2 + ~~2~~2HNO3 → Ca(NO3)2 + 2H2O - реакція нейтралізації""}, {""bbox"": [90, 2223, 473, 2285], ""type"": ""formula"", ""text"": ""5) CaO → Ca₃(PO₄)₂""}, {""bbox"": [101, 2252, 1344, 2339], ""type"": ""formula"", ""text"": ""3CaO + 2H₃PO₄ → Ca₃(PO₄)₂ + 3H₂O - реакція обміну""}]"
38fd1f75-16e4-4278-8548-c91fd7c9c8d6.jpg,"[{""bbox"": [128, 1725, 3293, 2289], ""type"": ""formula"", ""text"": ""12. \\int_{3}^{5} \\frac{dx}{(x-2)^2} = \\int_{5}^{(x-2)^{-2}} dx = \\frac{(x-2)^{-1}}{-1} = - \\frac{1}{x-2}""}, {""bbox"": [150, 2276, 1238, 2618], ""type"": ""formula"", ""text"": ""- 1/5-2 = -1/3""}, {""bbox"": [150, 2627, 1507, 2931], ""type"": ""formula"", ""text"": ""- 1 / (3 - 2) = - 1 / 1 = - 1""}, {""bbox"": [305, 4208, 1285, 4420], ""type"": ""formula"", ""text"": ""p = 200 - 2 Q.""}, {""bbox"": [295, 4392, 1188, 4641], ""type"": ""formula"", ""text"": ""R(Q) = p · Q""}, {""bbox"": [290, 4627, 1821, 4839], ""type"": ""formula"", ""text"": ""R(Q) = (200 - 2Q) · Q""}, {""bbox"": [36, 7448, 4647, 7983], ""type"": ""formula"", ""text"": ""21. \\lim_{n \\to \\infty} \\frac{(n+1)(n^2-2n+3)}{2n^2+n+1} = \\frac{n^3-n^2+n+3}{2n^2+n+1} = \\frac{\\frac{n^3}{n^2}-\\frac{n^2}{n^2}+\\frac{n}{n^2}+\\frac{3}{n^2}}{\\frac{2n^2}{n^2}+\\frac{n}{n^2}+\\frac{1}{n^2}} =""}]"
393248a6-7722-4485-8595-bf609f61b125.jpg,[]
2e73edbe-438d-4d4e-9a71-28460a593f59.jpg,"[{""bbox"": [437, 25, 701, 284], ""type"": ""formula"", ""text"": ""( 3 0 4 -1 \\ 0 3 -2 2 \\ 0 0 13 4 \\ 0 0 0 213 )""}, {""bbox"": [73, 274, 268, 326], ""type"": ""formula"", ""text"": ""rank A = 4""}, {""bbox"": [73, 1374, 1099, 1470], ""type"": ""formula"", ""text"": ""Спрощаємо: √(х-3) = (х-9) / (-√(х+9) √(2х-2-4) = (2х-18) / -√(2х-2+4)""}, {""bbox"": [70, 1439, 807, 1555], ""type"": ""formula"", ""text"": ""Підставимо: (x-9)/(2x-18) * ~~√2x-2+4~~/~~√x+3~~""}, {""bbox"": [85, 1594, 349, 1684], ""type"": ""formula"", ""text"": ""1/2 . sqrt(2x-2+4)/sqrt(x+3)""}, {""bbox"": [87, 1684, 820, 1814], ""type"": ""formula"", ""text"": ""Підставимо х=9: 1/2 * (4+4)/(3+3) = 1/2 * 8/6 = 2/3""}]"
3dfc1873-9f9f-43a4-8fad-4d01eedcbb08.jpg,[]
88a60087-477f-4f60-b52c-326a7753906d.jpg,"[{""bbox"": [925, 377, 1597, 502], ""type"": ""formula"", ""text"": ""\\text{Рівень безр.} = \\frac{\\text{кільк. безробіт.}}{\\text{робоча сила}} * 100\\%""}, {""bbox"": [865, 507, 1617, 659], ""type"": ""formula"", ""text"": ""= резул. робоча сила = Заїжні, + Безробіт;""}]"
59f27962-6378-437d-b1b1-fe70eec237b3.jpg,[]
37d913d2-36b5-447a-93b9-3a6e20fdb757.jpg,"[{""bbox"": [2487, 384, 4594, 821], ""type"": ""formula"", ""text"": ""A^{-1} = \\frac{1}{2} \\cdot \\begin{pmatrix} 2 & -3 \\\\ 0 & 1 \\end{pmatrix} = \\begin{pmatrix} 1 & -1,5 \\\\ 0 & 0.5 \\end{pmatrix}""}, {""bbox"": [363, 387, 1647, 848], ""type"": ""formula"", ""text"": ""(1 3; 0 2) · X = (2 11; 2 6)""}, {""bbox"": [363, 866, 2201, 1366], ""type"": ""formula"", ""text"": ""A = ( 1 3 \\n 0 2 ) B = ( 2 11 \\n 2 6 )""}, {""bbox"": [2485, 1134, 4135, 1590], ""type"": ""formula"", ""text"": ""Х = (1 -1,5 0 0,5) · (2 11 2 6)""}, {""bbox"": [328, 1429, 2797, 2036], ""type"": ""formula"", ""text"": ""X = ( 1 · 2 + (-1,5) · 2 1 · 11 + (-1,5) · 6) 0,2 + 0,5 · 2 0 · 11 + 0,5 · 6)""}, {""bbox"": [3047, 1613, 4315, 2042], ""type"": ""formula"", ""text"": ""X = ( 2-3 0+1 11-9 0+3 )""}, {""bbox"": [3187, 2135, 3981, 2572], ""type"": ""formula"", ""text"": ""X = (-1 2; 1 3)""}, {""bbox"": [409, 2296, 1218, 2622], ""type"": ""formula"", ""text"": ""a11 = -1""}, {""bbox"": [535, 3270, 1288, 3825], ""type"": ""formula"", ""text"": ""\\int_{3}^{5} \\frac{dx}{(x-2)^2}""}, {""bbox"": [4191, 3421, 5148, 4020], ""type"": ""formula"", ""text"": ""B = ( 7 3 1 -5 1 4 )""}, {""bbox"": [2983, 3539, 4017, 4021], ""type"": ""formula"", ""text"": ""A = (6 1 -3  2 -1 0)""}, {""bbox"": [2911, 4009, 5765, 4358], ""type"": ""formula"", ""text"": ""2B = 2 · (7 3 1; -5 1 4) = (2 · 7 2 · 3 2 · 1; 2 · (-5) 2 · 1 2 · 4) = (14 6 2; -10 2 8)""}, {""bbox"": [369, 4315, 1577, 4976], ""type"": ""formula"", ""text"": ""A = (1 2 -1; 0 3 1; 0 0 5)""}, {""bbox"": [2907, 4350, 5802, 4752], ""type"": ""formula"", ""text"": ""C = (6 1 -3\\ 2 -1 0) + (14 6 2\\ -10 2 8) = (6 + 14 1 + 6 -3 + 2\\ 2 + (-10) -1 + 2 0 + 8) =""}, {""bbox"": [2907, 4741, 3829, 5128], ""type"": ""formula"", ""text"": ""= ( 20 7 -1 -8 1 8 )""}, {""bbox"": [2907, 5150, 4316, 5527], ""type"": ""formula"", ""text"": ""C: 20, 7, -1, -8, 1, 8""}, {""bbox"": [3386, 6727, 3806, 6941], ""type"": ""formula"", ""text"": ""Q=10""}, {""bbox"": [246, 6874, 1332, 7120], ""type"": ""formula"", ""text"": ""TR(Q) = p · Q""}, {""bbox"": [3415, 6959, 5709, 7281], ""type"": ""formula"", ""text"": ""PR(10) = -6(10^2) + 160(10) - 400""}, {""bbox"": [246, 7120, 2043, 7442], ""type"": ""formula"", ""text"": ""TR(Q) = (200 - 2Q) . Q""}, {""bbox"": [3398, 7277, 5450, 7504], ""type"": ""formula"", ""text"": ""PR(10) = -6(100) + 1600 - 400""}, {""bbox"": [246, 7443, 2248, 7784], ""type"": ""formula"", ""text"": ""TR(Q) = 200 Q - 2Q^2""}, {""bbox"": [3386, 7503, 5439, 7763], ""type"": ""formula"", ""text"": ""PR(10)=-600+1600-400""}, {""bbox"": [3386, 7756, 4984, 8021], ""type"": ""formula"", ""text"": ""PR(10) = 1000 - 400""}, {""bbox"": [188, 7774, 2178, 8119], ""type"": ""formula"", ""text"": ""PR(Q) = TR(Q) - TC(Q)""}, {""bbox"": [3495, 8030, 4674, 8296], ""type"": ""formula"", ""text"": ""PR(10)=600""}, {""bbox"": [107, 8096, 3404, 8462], ""type"": ""formula"", ""text"": ""PR(Q) = (200Q - 2Q^2) - (4Q^2 + 40Q + 400)""}, {""bbox"": [26, 8408, 2909, 8670], ""type"": ""formula"", ""text"": ""PR(Q) = 200 Q - 2 Q^2 - 40 Q + 400""}, {""bbox"": [0, 8668, 2268, 8885], ""type"": ""formula"", ""text"": ""PR(Q) = -6Q^2 + 160Q - 400""}]"
12d93633-48dd-4138-863e-075b7bfc2de5.jpg,[]
f3118bf0-ec94-4455-ad69-748d3d0a1af2.jpg,"[{""bbox"": [1990, 372, 3546, 744], ""type"": ""formula"", ""text"": ""f(x) = (2x³ - 3)(x + 5)""}, {""bbox"": [93, 1253, 2020, 1748], ""type"": ""formula"", ""text"": ""Завдання 36 |3 2 -1| |3 -1 1| |1 -3 1| М21""}, {""bbox"": [3828, 1400, 4623, 1800], ""type"": ""formula"", ""text"": ""\\sqrt[n]{x} = x^{\\frac{1}{n}} \\""}, {""bbox"": [3814, 1794, 4852, 2087], ""type"": ""formula"", ""text"": ""aˣbˣ = (ab)ˣ""}, {""bbox"": [3785, 2106, 4540, 2443], ""type"": ""formula"", ""text"": ""1/хⁿ=х⁻ⁿ""}]"
35fd36d5-b0a5-41a3-a311-e439d73f451b.jpg,[]
c5282bb8-38ef-4646-a67a-835748405150.jpg,"[{""bbox"": [79, 1087, 907, 1224], ""type"": ""formula"", ""text"": ""ПП баз = 2557 / 250 = 10,228 тисгрн/особу""}, {""bbox"": [1312, 1324, 1656, 1446], ""type"": ""formula"", ""text"": ""у розрічній розмові:""}, {""bbox"": [69, 1342, 674, 1416], ""type"": ""formula"", ""text"": ""Ч розр = 2680 / 10,842 ≈ 247,2 особи""}, {""bbox"": [112, 1523, 1654, 1636], ""type"": ""formula"", ""text"": ""Δ ТП прод = (ПП розр - ПП баз) ‧ Ч баз = (10,842 - 10,228) ‧ 250 = 153,5 тис.грн.""}, {""bbox"": [79, 1636, 1617, 1753], ""type"": ""formula"", ""text"": ""~~ΔТП тис = ПП розр * (Ч розр - Ч баз) = 16,842 * (247,2-250) = -30,4 тис. грн.~~ (Надам: ΔТП заг = 2680 - 2557 = 123 тис. грн (приблизно))""}]"
3924b767-f785-4d6b-92fb-fc7c5eaac8b7.jpg,[]
3abd7b4f-1e2a-45df-ab9a-37ee85d074ab.jpg,[]
c30c3eba-5005-4a9b-9ebc-3c18d1d601d3.jpg,[]
20e7a22d-e09f-4986-9ca3-8e5f091de7b6.jpg,"[{""bbox"": [119, 927, 3633, 1230], ""type"": ""formula"", ""text"": ""24. TC (Q) = 4 Q^2 + 40 Q + 400, p = 200 - 2 Q""}, {""bbox"": [165, 1214, 966, 1437], ""type"": ""formula"", ""text"": ""PR (10)-?""}, {""bbox"": [165, 1454, 3016, 1678], ""type"": ""formula"", ""text"": ""R(Q) = p . Q = (200 - 2Q)Q = 200 Q - 2Q^2""}, {""bbox"": [136, 1695, 1876, 1940], ""type"": ""formula"", ""text"": ""PR(Q) = R(Q) - TC(Q)""}, {""bbox"": [143, 1940, 5478, 2193], ""type"": ""formula"", ""text"": ""PR(Q) = (200Q - 2Q^2) - (4Q^2 + 40Q + 400) = -2Q^2 - 4Q^2 + 200Q - 40Q -""}, {""bbox"": [118, 2171, 2111, 2402], ""type"": ""formula"", ""text"": ""-400 = -6Q^2 + 160Q - 400""}, {""bbox"": [170, 2383, 4583, 2628], ""type"": ""formula"", ""text"": ""PR (10) = -6 . 10^2 + 160 . 10 - 400 = -600 + 1600 - 400 = 600""}, {""bbox"": [116, 3017, 4091, 3524], ""type"": ""formula"", ""text"": ""26. ∫₃⁵ dx / (x-2)² = - 1 / (x-2) |₃⁵ = - 1 / (⁵-2) - ( - 1 / (₃-2) ) = - 1 / 3 + 1 = 2 / 3""}, {""bbox"": [130, 3799, 1342, 4046], ""type"": ""formula"", ""text"": ""27. p = 200 - 2 Q""}, {""bbox"": [179, 4040, 1019, 4221], ""type"": ""formula"", ""text"": ""R(Q) = p . Q""}, {""bbox"": [158, 4200, 2569, 4456], ""type"": ""formula"", ""text"": ""R(Q) = (200 - 2Q)Q = 200Q - 2Q^2""}, {""bbox"": [166, 4500, 3142, 4699], ""type"": ""formula"", ""text"": ""R(30) = 200 · 30 - 2 · 30^2 = 6000 - 1800 = 4200""}, {""bbox"": [67, 4947, 2107, 5328], ""type"": ""formula"", ""text"": ""28. lim (n + 1)(n^2 - 2n + 3)/ n→∞ 2n^2+n+1""}, {""bbox"": [113, 5355, 3312, 5553], ""type"": ""formula"", ""text"": ""(n+1)(n^2-2n+3)=n(n^2-2n+3)+1(n^2-2n+3)""}, {""bbox"": [1722, 5547, 4373, 5762], ""type"": ""formula"", ""text"": ""n^3-2n^2+3n+n^2-2n+3=n^3-n^2+n+3""}, {""bbox"": [83, 6281, 1738, 6599], ""type"": ""formula"", ""text"": ""0 = ∞ - 1 + 0 + 0/2+0+0 = ∞/2 = ∞""}, {""bbox"": [51, 6857, 2263, 7221], ""type"": ""formula"", ""text"": ""30. ( 1 2; -1 3 ) - ( -3 -1; 1 -2 ) = ( 4 3; -2 5 )""}]"
f09a9efd-0621-4e2e-ab4d-41b6e45f841a.jpg,"[{""bbox"": [8, 209, 865, 311], ""type"": ""formula"", ""text"": ""4. a) [4]₆ = {x ∈ Z | x ≡ 4 (mod 6)}""}, {""bbox"": [21, 309, 510, 387], ""type"": ""formula"", ""text"": """"}, {""bbox"": [56, 486, 631, 568], ""type"": ""formula"", ""text"": ""8) [4]₈ = {4, 12, 20, 28, ...}""}, {""bbox"": [28, 595, 322, 664], ""type"": ""formula"", ""text"": ""5. f : R → R""}]"
0c3d0d34-544e-4769-bf13-67558a2974ee.jpg,[]
07444762-cad9-4b13-b44c-d77194427027.jpg,"[{""bbox"": [158, 293, 410, 335], ""type"": ""formula"", ""text"": ""(a,b) => (6,0)""}, {""bbox"": [132, 780, 359, 840], ""type"": ""formula"", ""text"": ""(a, b) => (b, a)""}, {""bbox"": [106, 1112, 847, 1197], ""type"": ""formula"", ""text"": ""1) f(x, y, z) = (x ∧ y) ∨ (x ∧ z) ∨ y ∧ z""}, {""bbox"": [88, 1383, 1155, 1486], ""type"": ""formula"", ""text"": ""підставимо: F(̄x, ̄y, ̄z) = (x ∧ y) ∨ (x ∧ z) ∨ (y z)""}, {""bbox"": [84, 1530, 794, 1595], ""type"": ""formula"", ""text"": ""f(̄x, ̄y, ̄z) = (x ∨ y) ∧ (x ∨ z) ∧ (y ∨ z)""}, {""bbox"": [84, 1653, 808, 1721], ""type"": ""formula"", ""text"": ""f(x,y,z) = (x ∧ y) ∨ (x ∧ z) ∨ (y ∧ z)""}, {""bbox"": [84, 1719, 1289, 1793], ""type"": ""formula"", ""text"": ""Відомо що (x ∧ y) ∨ (x ∧ z) ∨ (y ∧ z) = (x ∨ y) ∧ (x ∨ z) ∧ (y ∨ z)""}, {""bbox"": [84, 1792, 804, 1874], ""type"": ""formula"", ""text"": ""Висновок f(x, y, z) = f(x, y, z)""}]"
195812b7-a9bc-4cb1-b688-4d13261acc7a.jpg,"[{""bbox"": [28, 502, 510, 587], ""type"": ""formula"", ""text"": ""3ТО = 17 340 + 18 210 = 35 550""}]"
3033749a-df7e-41e3-a2d2-1a1c6880fd68.jpg,[]
1936081a-a340-4f03-bb8e-4b92485d6144.jpg,"[{""bbox"": [139, 890, 5036, 1419], ""type"": ""formula"", ""text"": ""4.1. ∫₁² dx / (1 - 2x)³ = [1 - 2x = u; du = -2dx] [dq = -1/2 du] = ∫₁⁻³ (1/u³) * (-1/2) du = 1/2 ∫₁⁻³ u⁻³ du = u⁻² / -2 = -1 / 2u²""}, {""bbox"": [1204, 1278, 1989, 1464], ""type"": ""formula"", ""text"": ""+2=1*(-2*2)=-3""}, {""bbox"": [2794, 1395, 5168, 1698], ""type"": ""formula"", ""text"": ""S_{-1}^{-3} \\frac{1}{2} \\frac{1}{2u^2} = -\\frac{1}{4} \\frac{1}{u^2} = -\\frac{1}{4} \\left( \\frac{1}{(-3)^2} - \\frac{1}{(-1)^2} \\right) = \\frac{1}{4} \\left( \\frac{1}{9} - 1 \\right)""}, {""bbox"": [2058, 1529, 2630, 1750], ""type"": ""formula"", ""text"": ""Qd=Qs""}, {""bbox"": [178, 1560, 1217, 1815], ""type"": ""formula"", ""text"": ""Qd=(-p^2-6p+67)/(2p+1)""}, {""bbox"": [4562, 1678, 5181, 1933], ""type"": ""formula"", ""text"": ""= \\frac{1}{4} (\\frac{1+9}{2}) =""}, {""bbox"": [1833, 1750, 3327, 2171], ""type"": ""formula"", ""text"": ""(-p^2-6p+67)/(2p+1)=(-p^2-8p+7)/(2p+1)""}, {""bbox"": [3631, 1807, 5013, 2184], ""type"": ""formula"", ""text"": ""p_1=(-7+13)/2=6/2=3 -2/9""}, {""bbox"": [173, 1815, 1079, 2136], ""type"": ""formula"", ""text"": ""Qs=(-p^2-8p+7)/(2p+1)""}, {""bbox"": [3626, 2180, 4891, 2457], ""type"": ""formula"", ""text"": ""p_2=(-7-13)/2=-10 -""}, {""bbox"": [1811, 2197, 3262, 2508], ""type"": ""formula"", ""text"": ""-p^2-6p+67=-p^2-8p+7""}, {""bbox"": [1759, 2469, 3037, 2760], ""type"": ""formula"", ""text"": ""p^2+14p-60=0/:2""}, {""bbox"": [1841, 2665, 2833, 2908], ""type"": ""formula"", ""text"": ""p^2-7p-30=0""}, {""bbox"": [1802, 2938, 2695, 3172], ""type"": ""formula"", ""text"": ""D = \\sqrt{169} = 13""}, {""bbox"": [87, 3742, 1362, 3994], ""type"": ""formula"", ""text"": ""TC(Q) = 4Q^2 + 40Q + 400""}, {""bbox"": [1880, 3828, 2555, 4009], ""type"": ""formula"", ""text"": ""R(Q) = p . Q""}, {""bbox"": [139, 3994, 895, 4206], ""type"": ""formula"", ""text"": ""p = 200 - 2Q""}, {""bbox"": [1880, 4025, 3704, 4230], ""type"": ""formula"", ""text"": ""R(Q) = (200 - 2Q) \\cdot Q = 200Q - 2Q^2""}, {""bbox"": [1880, 4230, 3222, 4509], ""type"": ""formula"", ""text"": ""PR(Q) = R(Q) - TC(Q)""}, {""bbox"": [1828, 4435, 4299, 4900], ""type"": ""formula"", ""text"": ""PR(Q) = (200 Q - 2 Q^2) - (4 Q^2 + 40 Q + 400) = -6 Q^2 + 160 Q - 400""}, {""bbox"": [186, 4451, 777, 4703], ""type"": ""formula"", ""text"": ""PR-?(10)""}, {""bbox"": [1828, 4900, 4082, 5254], ""type"": ""formula"", ""text"": ""PR(10) = -6 \\cdot (10)^2 + 160 \\cdot 10 - 400 = 600""}, {""bbox"": [295, 5136, 2502, 5467], ""type"": ""formula"", ""text"": ""A_{12} = (-1)^3 \\begin{vmatrix} 2 & -2 \\\\ 4 & 1 \\end{vmatrix} = 2 - (-2) \\cdot 4 = 10""}, {""bbox"": [1953, 5467, 2916, 5809], ""type"": ""formula"", ""text"": ""\\lim_{x \\to \\infty} (1 + \\frac{1}{x})^x = e""}, {""bbox"": [70, 5727, 1590, 6085], ""type"": ""formula"", ""text"": ""49. \\begin{vmatrix} a & b \\\\ c & d \\end{vmatrix} = ad - bc""}]"
4a6a960a-3951-436d-a4c9-67b17b162db0.jpg,"[{""bbox"": [1862, 130, 4101, 750], ""type"": ""formula"", ""text"": ""f'(x) = \\frac{(\\frac{1}{x}) (1 + x^2) - (\\ln x) (2x)}{(1 + x^2)^2}""}, {""bbox"": [1833, 652, 3697, 1308], ""type"": ""formula"", ""text"": ""f(x) = (1 + x^2) / x - 2x / (1 + x^2)^2""}, {""bbox"": [176, 970, 2257, 1578], ""type"": ""formula"", ""text"": ""f'(x) = \\frac{1 + 3x^2 - 2x^2 \\ln x}{x(1 + x^2)^2}""}, {""bbox"": [124, 1452, 2392, 1965], ""type"": ""formula"", ""text"": ""f(1) = (1 + (1)^2 - 2(1)^2 ln(1)) / (1 + (1)^2)^2""}, {""bbox"": [85, 1895, 1771, 2400], ""type"": ""formula"", ""text"": ""f'(1) = (1 + 1 - 2(1)(10)) / 1(1 + 1)^2""}, {""bbox"": [179, 2244, 1274, 2811], ""type"": ""formula"", ""text"": ""f'(1) = \\frac{2~~0~~0}{1(2)^2}""}, {""bbox"": [101, 2703, 979, 3114], ""type"": ""formula"", ""text"": ""F(1) = \\frac{2}{4}""}, {""bbox"": [101, 3036, 955, 3510], ""type"": ""formula"", ""text"": ""F(1) = \\frac{1}{2}""}, {""bbox"": [215, 3566, 1483, 3866], ""type"": ""formula"", ""text"": ""p = 200 - 2Q""}, {""bbox"": [124, 3867, 1368, 4189], ""type"": ""formula"", ""text"": ""R(Q) = p \\cdot Q""}, {""bbox"": [144, 4232, 1328, 4496], ""type"": ""formula"", ""text"": ""p = 200 - 20y""}, {""bbox"": [54, 4462, 1973, 4846], ""type"": ""formula"", ""text"": ""R(Q) = (200 - 2Q) * Q""}, {""bbox"": [54, 4807, 1817, 5117], ""type"": ""formula"", ""text"": ""R(Q) = 200 Q - 2 Q^2""}, {""bbox"": [109, 5155, 2330, 5515], ""type"": ""formula"", ""text"": ""R(30) = 200 30 - 2 · (30)^2""}, {""bbox"": [23, 5475, 1988, 5824], ""type"": ""formula"", ""text"": ""R(30)=6000-2*900""}, {""bbox"": [70, 5856, 1872, 6183], ""type"": ""formula"", ""text"": ""R(30) = 2000 - 1800""}, {""bbox"": [68, 6244, 1328, 6506], ""type"": ""formula"", ""text"": ""R(30) = 4200""}, {""bbox"": [77, 6524, 3294, 7159], ""type"": ""formula"", ""text"": ""\\lim_{n \\to \\infty} \\frac{2n^2 - 3n + 1}{n^2 + 4} = \\lim_{n \\to \\infty} \\frac{\\frac{2n^2}{n^2} - \\frac{3n}{n^2} + \\frac{1}{n^2}}{\\frac{n^2}{n^2} + \\frac{4}{n^2}}""}, {""bbox"": [47, 7105, 1510, 7613], ""type"": ""formula"", ""text"": ""\\lim_{n \\to \\infty} \\frac{2 - \\frac{3}{n} + \\frac{1}{n^2}}{1 + \\frac{4}{n}}""}]"
ec12ba43-51b1-4ac0-a52a-b3a895b18a81.jpg,[]
28e7bc6a-9653-440c-aa72-861ef9a4c20a.jpg,[]
3e5c255c-2c7e-4407-8a69-f0c5460c391e.jpg,"[{""bbox"": [147, 65, 843, 145], ""type"": ""formula"", ""text"": ""C → CO → CO2 → K2CO3 → CaCO3""}, {""bbox"": [64, 658, 596, 712], ""type"": ""formula"", ""text"": ""CO2 + 2KOH → K2CO3 + H2O""}]"
279bee58-f1d0-45ec-b659-d9b9680b799d.jpg,"[{""bbox"": [40, 172, 275, 252], ""type"": ""formula"", ""text"": ""Qd = 30 - p""}, {""bbox"": [40, 316, 333, 397], ""type"": ""formula"", ""text"": ""Qs = -15 + 2p""}, {""bbox"": [33, 574, 238, 638], ""type"": ""formula"", ""text"": ""Qd = Qs""}, {""bbox"": [40, 638, 394, 732], ""type"": ""formula"", ""text"": ""30 - p = 15 + 2p""}, {""bbox"": [40, 719, 206, 799], ""type"": ""formula"", ""text"": ""15 = 3p""}, {""bbox"": [40, 799, 162, 864], ""type"": ""formula"", ""text"": ""p = 5""}]"
25be5730-5008-4ebd-8350-e4e1bef2d039.jpg,"[{""bbox"": [232, 269, 1397, 633], ""type"": ""formula"", ""text"": ""∫ dx / (x - 2)² = - 1 / (x - 2) + C""}, {""bbox"": [232, 779, 2086, 1202], ""type"": ""formula"", ""text"": """"}, {""bbox"": [106, 1712, 698, 1872], ""type"": ""formula"", ""text"": ""p = 200 - 2 Q""}, {""bbox"": [106, 1909, 2557, 2149], ""type"": ""formula"", ""text"": ""R(Q) = p \\cdot Q = (200 - 2Q) Q = 200 Q - 2Q^2""}, {""bbox"": [106, 2193, 854, 2368], ""type"": ""formula"", ""text"": ""R(30) = 4200""}, {""bbox"": [203, 2863, 784, 3216], ""type"": ""formula"", ""text"": ""∫ dx / (1 - 2x){3}""}, {""bbox"": [58, 3301, 1844, 3621], ""type"": ""formula"", ""text"": ""t = 1 - 2x, dt = -2dx, dx = -dt/2""}, {""bbox"": [29, 3694, 752, 3840], ""type"": ""formula"", ""text"": ""X = 1 => t = -1""}, {""bbox"": [29, 3891, 894, 4036], ""type"": ""formula"", ""text"": ""x = 2 => t = -3""}, {""bbox"": [106, 4117, 4610, 4641], ""type"": ""formula"", ""text"": ""∫_{x=1}^{x=2} dx / (1-2x)^3 = ∫_{t=-1}^{t=-3} -(dt/t) / (-t^3) = ∫_{-1}^{-3} t^{-3} dt = -1/2 * (-1/2) * [t^{-2}]_{-1}^{-3} = 1/4 * [1/t^2]_{-1}^{-3}""}, {""bbox"": [106, 4663, 1376, 5006], ""type"": ""formula"", ""text"": ""\\frac{1}{4} \\begin{pmatrix} \\frac{1}{(-3)^2} & \\frac{1}{(-1)^2} \\end{pmatrix} = -\\frac{2}{9}""}]"
3279216f-a680-446e-9e13-14cd3618f718.jpg,"[{""bbox"": [619, 149, 2113, 368], ""type"": ""formula"", ""text"": ""MC = 0,003 Q^2 - 0,06 Q""}, {""bbox"": [568, 558, 1284, 763], ""type"": ""formula"", ""text"": ""FC = 4000""}, {""bbox"": [475, 702, 2813, 1140], ""type"": ""formula"", ""text"": ""Δ TVC = ∫[100, 110] (0,003 Q^2 - 0,06 Q) dQ""}, {""bbox"": [331, 1114, 3540, 1474], ""type"": ""formula"", ""text"": ""S = (0,003Q^2 - 0,06Q), dQ = 0,001Q^3 - 0,03Q^2 + C""}, {""bbox"": [344, 1239, 2223, 1821], ""type"": ""formula"", ""text"": ""П = (0,001Q^3 - 0,03Q^2) | 120^100""}, {""bbox"": [381, 1618, 3821, 2371], ""type"": ""formula"", ""text"": ""0,001 * 110^3 - 0,03 * 110^2 = 0,001 * 133100 - 363 = 968""}, {""bbox"": [366, 1710, 733, 1939], ""type"": ""formula"", ""text"": ""Q = 110""}, {""bbox"": [375, 2068, 3914, 2787], ""type"": ""formula"", ""text"": ""0,001*100^3-0,03*100^2=0,001*1000-300=-200""}, {""bbox"": [385, 2083, 724, 2317], ""type"": ""formula"", ""text"": ""Q=700""}, {""bbox"": [379, 2357, 1602, 2889], ""type"": ""formula"", ""text"": ""968 - (-200) = 1168""}, {""bbox"": [265, 2588, 4648, 4081], ""type"": ""formula"", ""text"": ""10. 3 \\cdot \\begin{pmatrix} 1 & 2 \\\\ -1 & 3 \\end{pmatrix} - \\begin{pmatrix} 3 & 1 \\\\ 1 & -2 \\end{pmatrix} \\cdot = \\begin{pmatrix} 1 & -1 & 3 \\\\ -1 & 1 & 1 \\end{pmatrix} \\begin{matrix} 2 - (-1 \\cdot 1) \\\\ 3 - (-1 \\cdot 2) \\end{matrix} = \\begin{pmatrix} 4 & 3 \\\\ -2 & 5 \\end{pmatrix} \\text{ CH=3}""}, {""bbox"": [156, 3218, 3027, 4462], ""type"": ""formula"", ""text"": ""12. -1 (2 -1/3 1) = 2 ‧ 1 - (-1 ‧ 1) ‧ 1 ‧ 1 = 3 = -1""}, {""bbox"": [150, 3778, 1740, 4661], ""type"": ""formula"", ""text"": ""12. -1 \\begin{pmatrix} 2 & -1 \\\\ -3 & 1 \\end{pmatrix} = 2 \\cdot 1 - 1 \\cdot (-1)""}, {""bbox"": [257, 3873, 2552, 5197], ""type"": ""formula"", ""text"": ""13. f(u) = (2x^3 - 3) (1x + 5) \\nf'_x = (2x^3 - 3)' (1x + 5) + (2x^3 - 3) (1x + 5)' \\n(2x^3 - 3)' = 6x^2 \\n(1x + 5)' = 1""}, {""bbox"": [267, 4677, 1143, 5166], ""type"": ""formula"", ""text"": ""(12x^3 - 3)' = 6x^2""}, {""bbox"": [267, 4901, 850, 5329], ""type"": ""formula"", ""text"": ""|2x³ - 3| = | |x + 5|² = 1""}, {""bbox"": [270, 5075, 1689, 5689], ""type"": ""formula"", ""text"": ""f'_x &= 6x^2(x+5) + (2x^3-3) \\neq 0 \\end{aligned}""}, {""bbox"": [291, 5182, 3220, 6127], ""type"": ""formula"", ""text"": ""f'(x) = 6 \\cdot x^2 \\cdot (x + 5) + (12 \\cdot x^3 - 3) = 6 \\cdot 6 + (12 \\cdot 3) = 36 + 1 = 35""}, {""bbox"": [131, 5902, 658, 6238], ""type"": ""formula"", ""text"": ""14. - 15""}, {""bbox"": [120, 6019, 1217, 6853], ""type"": ""formula"", ""text"": ""14. -15 15. ( 1 1 2 -1 \\ 3 6 -7 \\ 2 5 -1 )""}, {""bbox"": [32, 6897, 1226, 7446], ""type"": ""formula"", ""text"": ""17.  гD = (1462 -1028)""}, {""bbox"": [342, 6987, 2270, 7892], ""type"": ""formula"", ""text"": ""СВ = (11462) -10 28) С=Н+SB=(207-1) 8 18) В=20""}, {""bbox"": [94, 7726, 1228, 8134], ""type"": ""formula"", ""text"": ""18. R(Q) = P(Q) · Q""}, {""bbox"": [268, 7964, 608, 8225], ""type"": ""formula"", ""text"": ""4) = 30""}, {""bbox"": [249, 8069, 935, 8431], ""type"": ""formula"", ""text"": ""Q = 30\\nP = 200 - 20Q\\nR(30) = 3000 - 20*30^2""}, {""bbox"": [143, 8159, 2156, 8626], ""type"": ""formula"", ""text"": ""P(30) = 200 - 20 * 30 = 200 - 600 = -400""}, {""bbox"": [18, 8387, 1361, 8664], ""type"": ""formula"", ""text"": ""R(30) = -400 \\cdot 30 = -12000""}]"
1f9e630b-a8c3-40e6-ad6c-86bb422a6245.jpg,"[{""bbox"": [508, 362, 834, 465], ""type"": ""formula"", ""text"": ""0,005/0,2*100=2,5""}]"
8c725fca-e2d3-41b9-884d-3885014c0573.jpg,"[{""bbox"": [23, 125, 1583, 224], ""type"": ""formula"", ""text"": ""Значення: 12 * 3/9 = 36/9 = 4; 6 + 7 = 13; 5 * 13 = 65; 4 + 65 = 69; 1 * 4 + 69 = 74;""}, {""bbox"": [23, 315, 1092, 397], ""type"": ""formula"", ""text"": ""5. ДДНФ І ДКНФ для f(x,y,z) = (10100110)^T""}, {""bbox"": [23, 584, 1332, 664], ""type"": ""formula"", ""text"": ""ДДНДО: f = 11; 000, 010, 101, 110. f = xy̅z̅ ∨ xy̅z ∨ xȳz ∨ xyz̅.""}, {""bbox"": [23, 664, 1502, 771], ""type"": ""formula"", ""text"": ""DKHQ: f(x,y,z) = (x ∨ y ∨ z) ∧ (x ∨ y ∨ z) ∧ (x ∨ y ∨ z) ∧ (x ∨ y ∨ z)""}]"
7c24de10-fecd-45a6-b0ca-0790a428d206.jpg,[]
7bd45413-5209-4283-9bfe-119eadcf9f48.jpg,"[{""bbox"": [151, 926, 456, 1008], ""type"": ""formula"", ""text"": ""CH3-COOH""}, {""bbox"": [86, 1372, 1078, 1496], ""type"": ""formula"", ""text"": ""HOOC → CH2 - C(OH)(COOH) - CH2 - COOH""}]"
5221cd3f-fb2f-4ab7-9849-989268b7f8b6.jpg,"[{""bbox"": [126, 403, 700, 447], ""type"": ""formula"", ""text"": ""a) f(a) = b, f(b) = a, f(c), f(d) = d""}, {""bbox"": [109, 569, 747, 623], ""type"": ""formula"", ""text"": ""8) f(a) = d, f(b) = b, f(c) = c, f(d) = b""}, {""bbox"": [90, 748, 907, 826], ""type"": ""formula"", ""text"": ""5) f(x,y,z) = (yz ∪ y) (xȳ ∪  ̄xy ∪ Ź) (x ∪ ȳ)""}, {""bbox"": [109, 837, 498, 900], ""type"": ""formula"", ""text"": ""1) (yz ∪ y) = y(z ∪ 1) = y""}, {""bbox"": [109, 897, 520, 956], ""type"": ""formula"", ""text"": ""2) (xy ∪ xy ∪ z) = (xy ∪ z)""}, {""bbox"": [109, 943, 712, 1010], ""type"": ""formula"", ""text"": ""3) f(x, y, z) = y(\\bar{x}\\bar{y} \\cup \\bar{z}) [illegible] (x \\cup \\bar{y})""}, {""bbox"": [85, 1057, 894, 1151], ""type"": ""formula"", ""text"": ""= y[zx ∪ zy] = y ⋅ z(x ∪ y) = yzx ∪ yzy = xyz""}]"
f8ac6f81-d959-40ec-9ff2-5c889d64e1a4.jpg,"[{""bbox"": [86, 23, 547, 92], ""type"": ""formula"", ""text"": ""o ¬ ( U ∧ V ) ≡ ¬ U ∨ ¬ V""}, {""bbox"": [59, 103, 1085, 199], ""type"": ""formula"", ""text"": ""~~∀x (¬S(x) ∨ ∃s (P(s) ∧ x ∀z (¬B(x,z) ∨ ¬C(z,s)))~~)""}, {""bbox"": [63, 301, 1128, 381], ""type"": ""formula"", ""text"": ""∀x(¬S(x) ∨ ∃s(P(s) ∧ ∀z(¬B(x,z) ∨ ¬C(c,z)))""}]"
fb9043c7-a06a-4fb7-a745-e6913b17cfc6.jpg,"[{""bbox"": [88, 98, 789, 181], ""type"": ""formula"", ""text"": ""ВВП = C + I + G + (X - M)""}, {""bbox"": [19, 786, 667, 876], ""type"": ""formula"", ""text"": ""BB11 = 250 + 85 + 60 + (18 - 20)""}]"
cf07e78d-0772-4884-9448-a38099d7796d.jpg,[]
48fc91db-a731-49e2-9f68-2824c32382e3.jpg,[]
7ecc2865-8448-43a7-9d21-af475813b61a.jpg,[]
d719b463-e197-4fe7-8707-b63b874c724e.jpg,[]
92955b9d-e227-4b8e-82bd-c630af1ea8e5.jpg,[]
b8862a20-1f70-4281-a3fe-97461bbe0385.jpg,[]
c5333316-812e-4416-8d2e-0ea93fc091dd.jpg,[]
f8fab624-aa10-4d52-bbc7-a980cbe7af5c.jpg,[]
d9233699-c0bc-4ac2-9eae-d8c0abe4b31c.jpg,[]
6f0b7ab8-c74f-4f4a-b8d1-e99ea6b88fe2.jpg,"[{""bbox"": [46, 1372, 324, 1433], ""type"": ""formula"", ""text"": ""M \\cdot V = P \\cdot Q""}]"
59770255-4c15-4241-b1cf-7b5e58b44863.jpg,[]
f0ea3971-a328-433c-bda1-1254cbe1b228.jpg,"[{""bbox"": [81, 88, 741, 141], ""type"": ""formula"", ""text"": ""5) f(x,y,z) = xyz v xȳŹ v ēȳz""}, {""bbox"": [178, 176, 723, 220], ""type"": ""formula"", ""text"": ""xyz = 1 => x=1, y=1, z=1""}, {""bbox"": [181, 237, 768, 291], ""type"": ""formula"", ""text"": ""xȳz = 1 => коли x = 1, y = 0, z = 0""}, {""bbox"": [160, 307, 858, 368], ""type"": ""formula"", ""text"": ""xyz = 1 => коли x = 0, y = 0, z = 1""}]"
a2d21051-248b-47d0-bb34-9a2e835e3225.jpg,"[{""bbox"": [245, 82, 2147, 299], ""type"": ""formula"", ""text"": ""24 TC(Q) = 4Q^2 = 4Q^2 + 40Q + 400""}, {""bbox"": [485, 293, 1201, 472], ""type"": ""formula"", ""text"": ""p = 200 - 2Q""}, {""bbox"": [110, 565, 958, 766], ""type"": ""formula"", ""text"": ""TR(Q) = p * Q""}, {""bbox"": [110, 818, 4641, 1153], ""type"": ""formula"", ""text"": ""PR(Q) = TR(Q) - TC(Q) = 200Q - 2Q^2 - 4Q^2 - 40Q - 400 = 160Q - 6Q^2 - 400""}, {""bbox"": [110, 1212, 2728, 1465], ""type"": ""formula"", ""text"": ""Q = 10 \\Rightarrow PR(10) = 160 \\cdot 10 - 6 \\cdot 100 - 400 = 600""}, {""bbox"": [110, 1688, 1490, 1986], ""type"": ""formula"", ""text"": ""Q = \\int_{6}^{8} (-t^2 + 7t + 30) dt""}, {""bbox"": [110, 2045, 1404, 2328], ""type"": ""formula"", ""text"": ""F(t) = \\frac{t^3}{3} + \\frac{7t^2}{2} + 30t""}, {""bbox"": [1449, 2395, 2330, 2581], ""type"": ""formula"", ""text"": ""Q = F(8) - F(6)""}, {""bbox"": [85, 2678, 1787, 2953], ""type"": ""formula"", ""text"": ""F(8) = -\\frac{512}{3} + \\frac{7 \\cdot 64}{2} + 240 = 464""}, {""bbox"": [110, 3102, 473, 3273], ""type"": ""formula"", ""text"": ""F(8) =""}, {""bbox"": [85, 3399, 2668, 3756], ""type"": ""formula"", ""text"": ""№ 33 \\quad Qd = \\frac{-p^2 - 6p + 67}{2p + 1} \\quad Qs = \\frac{p^2 + 8p + 7}{2p + 1}""}, {""bbox"": [85, 4217, 961, 4641], ""type"": ""formula"", ""text"": ""A = \\begin{pmatrix} 2 & -1 & 4 \\\\ 2 & 3 & -2 \\\\ 4 & -2 & 1 \\end{pmatrix}""}, {""bbox"": [110, 4753, 1615, 5006], ""type"": ""formula"", ""text"": ""A_{12} = (-1)^{1+2} \\cdot M_{12} = -M_{12}""}, {""bbox"": [110, 5065, 1147, 5333], ""type"": ""formula"", ""text"": ""M_{12} = det \\begin{pmatrix} 2 & -2 \\\\ 4 & 1 \\end{pmatrix}""}, {""bbox"": [110, 5482, 1500, 5674], ""type"": ""formula"", ""text"": ""M_{12} = (2)(1) + 2 \\cdot 4 = 10""}, {""bbox"": [85, 6092, 3100, 6412], ""type"": ""formula"", ""text"": ""TR(Q) = \\int (500 - 0,2 Q) dQ = 500 Q - 0,1 Q^2 + C""}, {""bbox"": [85, 6471, 1288, 6695], ""type"": ""formula"", ""text"": ""\\text{якщо } Q = 0 \\Rightarrow C = 0""}, {""bbox"": [85, 6717, 941, 7078], ""type"": ""formula"", ""text"": ""AR(Q) = \\frac{TR(Q)}{Q}""}, {""bbox"": [2164, 6747, 2668, 6895], ""type"": ""formula"", ""text"": ""a = 300""}, {""bbox"": [2099, 6923, 3005, 7315], ""type"": ""formula"", ""text"": ""AR(300) = 470""}, {""bbox"": [85, 7096, 1983, 7439], ""type"": ""formula"", ""text"": ""AR = (500 Q - 0.1 Q^2) / Q = 500 - 0.1 Q""}]"
4ed2e126-b7be-4116-8d62-8f39db1a3ce5.jpg,"[{""bbox"": [0, 451, 438, 540], ""type"": ""formula"", ""text"": ""4Al + 3O2 → 2Al2O3""}, {""bbox"": [0, 543, 958, 627], ""type"": ""formula"", ""text"": ""Al(NO3)3 + 3NaOH → Al(OH)3 ↓ + 3NaNO3""}, {""bbox"": [0, 631, 828, 724], ""type"": ""formula"", ""text"": ""Al2O3 + 6HNO3 -> 2Al(NO3)3 + 3H2O""}, {""bbox"": [0, 715, 795, 813], ""type"": ""formula"", ""text"": ""Al(OH3) + NaOH → Na[Al(OH)4]""}, {""bbox"": [0, 795, 779, 892], ""type"": ""formula"", ""text"": ""Al(OH3) + 3NaCl → AlCl3 + 3H2)""}, {""bbox"": [0, 1513, 1407, 1611], ""type"": ""formula"", ""text"": ""CH2 = CH2 + Cl2 → CH2Cl - CH2Cl - CH2Cl (1,2 - дихлоретан). CH2Cl - CH2Cl + 2NaCN → CH2CN - CH2CN + 2NaCl""}, {""bbox"": [0, 1597, 1301, 1677], ""type"": ""formula"", ""text"": ""CH2Cl - CH2Cl + 2NaCN → CH2CN - CH2CN + 2NaCl""}, {""bbox"": [0, 1730, 1534, 1810], ""type"": ""formula"", ""text"": ""CH2CN - CH2CN + 4H2O → H+ HOOC - CH2 - CH2 - COOH + 2NH3""}, {""bbox"": [0, 1887, 1614, 1979], ""type"": ""formula"", ""text"": ""HOOC - CH2 - CH2 - COOH + 2C2H5OH → C2H5OOC - CH2 - CH2""}, {""bbox"": [0, 1973, 490, 2056], ""type"": ""formula"", ""text"": ""- COOC2H5 + 2H2O""}, {""bbox"": [436, 2098, 1128, 2169], ""type"": ""formula"", ""text"": ""CH3 - C ≡ C - CH2 - CH (CH3) - CH3""}, {""bbox"": [442, 2177, 955, 2243], ""type"": ""formula"", ""text"": ""CH3-CO-CH2-CH3""}]"
92c16fed-8003-4c03-b5b0-8bf0215bf9e0.jpg,"[{""bbox"": [97, 264, 314, 330], ""type"": ""formula"", ""text"": ""a) Qd = Qs""}, {""bbox"": [140, 352, 516, 428], ""type"": ""formula"", ""text"": ""30 - p = 15 + 2p""}, {""bbox"": [140, 428, 516, 494], ""type"": ""formula"", ""text"": ""30 - 15 = 2p + p""}, {""bbox"": [138, 523, 312, 588], ""type"": ""formula"", ""text"": ""15 = 3p""}, {""bbox"": [140, 617, 264, 683], ""type"": ""formula"", ""text"": ""p = 5""}, {""bbox"": [140, 699, 491, 795], ""type"": ""formula"", ""text"": ""Q = 30 - 5 = 25""}]"
4c3dd0c6-8943-4e4d-87e7-ecea9b669532.jpg,[]
76df6cd2-dd5c-4ade-9945-c81cc18880ba.jpg,[]
81ad6b41-2a6f-4897-b8be-3cf460c75f7f.jpg,[]
d43735d2-b639-4fd0-a406-e680c448bfac.jpg,"[{""bbox"": [107, 994, 424, 1068], ""type"": ""formula"", ""text"": ""P = 1000 грн""}, {""bbox"": [109, 1074, 438, 1148], ""type"": ""formula"", ""text"": ""r = 12% = 0,12""}, {""bbox"": [152, 1249, 712, 1318], ""type"": ""formula"", ""text"": ""n = 4, 4 = 16 кварталів""}, {""bbox"": [144, 1391, 476, 1466], ""type"": ""formula"", ""text"": ""S = P * (1 + б)^n""}, {""bbox"": [169, 1540, 830, 1643], ""type"": ""formula"", ""text"": ""S = 1000 · (1,03)^16 ≈ 16041""}]"
b50a6854-47b2-44ab-9e04-aa66fb3c0f88.jpg,"[{""bbox"": [59, 18, 627, 99], ""type"": ""formula"", ""text"": ""4. f(x,y,z) = (11101000)^T""}, {""bbox"": [110, 176, 418, 230], ""type"": ""formula"", ""text"": ""f(x) = f(̄x)""}, {""bbox"": [111, 307, 575, 356], ""type"": ""formula"", ""text"": ""000 <-> 111 : 1 <-> 0 - Є""}, {""bbox"": [111, 361, 575, 411], ""type"": ""formula"", ""text"": ""001 <-> 110 : 1 <-> 0 - Є""}, {""bbox"": [111, 411, 542, 460], ""type"": ""formula"", ""text"": ""010 <-> 101 : 1 <-> - X""}]"
0e8164f4-c2a1-5521-bafe-769239d0a062.jpg,[]
9a92fe7b-ebb3-5a9a-9a2c-ef4918039ed1.jpg,"[{""bbox"": [220, 645, 2508, 911], ""type"": ""formula"", ""text"": ""1) 1 \\frac{4}{9} + 3 \\frac{2}{7} = (1 + 3) + (\\frac{4^{17}}{9} + \\frac{2^{19}}{7}) = 4 + \\frac{28 + 18}{63} = 4 \\frac{46}{63}""}, {""bbox"": [212, 923, 2408, 1154], ""type"": ""formula"", ""text"": ""2) 7 \\frac{5}{12} + 1 \\frac{3}{8} = (7 + 1) + (\\frac{5}{12}^{\\backslash 2} + \\frac{3}{8}^{\\backslash 3}) = 8 + \\frac{10 + 9}{24} = 8 \\frac{19}{24}""}, {""bbox"": [199, 1176, 2358, 1406], ""type"": ""formula"", ""text"": ""3) 8 \\frac{7}{20} + 4 \\frac{19}{30} = (8 + 4) + (\\frac{7}{20}^{|3} + \\frac{19}{30}^{|2}) = 12 \\frac{21 + 38}{60} =""}, {""bbox"": [199, 1400, 539, 1591], ""type"": ""formula"", ""text"": ""= 12 \\frac{59}{60}""}, {""bbox"": [195, 1631, 2466, 1860], ""type"": ""formula"", ""text"": ""4) 7\\frac{2}{25} + 1\\frac{7}{15} = (7 + 1) + (\\frac{23}{25} + \\frac{7}{15}) = 8 + \\frac{6 + 35}{75} =""}, {""bbox"": [186, 1860, 468, 2076], ""type"": ""formula"", ""text"": ""= 8 \\frac{41}{75}""}, {""bbox"": [195, 2233, 2633, 2492], ""type"": ""formula"", ""text"": ""1) 7 - 5 \\frac{2}{17} = \\frac{17}{17} - 5 \\frac{2}{17} = (6 - 5) + (\\frac{17}{17} - \\frac{2}{17}) = 1 \\frac{15}{17}""}]"
14cc11ba-96e9-50f1-a9e6-8af5d47b8938.jpg,[]
bb680dfb-c218-53ba-b639-957f0995d85a.jpg,[]
5fb10a40-fe33-5740-b5ee-acf12722f525.jpg,[]
aa9ba58d-5621-50c3-8aef-ec6dec0b75fc.jpg,[]
f3757d27-be44-59c7-9d7d-cc28028da9cf.jpg,[]
d8076b91-366e-51ca-a7ee-82cf2bda7135.jpg,[]
84146287-d4b4-5e09-bba8-12a933148178.jpg,"[{""bbox"": [210, 234, 443, 273], ""type"": ""formula"", ""text"": ""29 < x < 43""}, {""bbox"": [214, 283, 501, 324], ""type"": ""formula"", ""text"": ""x = 31, 37, 41.""}, {""bbox"": [210, 331, 438, 377], ""type"": ""formula"", ""text"": ""11 < y < 25""}, {""bbox"": [192, 376, 871, 427], ""type"": ""formula"", ""text"": ""y = 12, 14, 15, 16, 18, 20, 21, 22, 24""}, {""bbox"": [154, 665, 472, 723], ""type"": ""formula"", ""text"": ""1) 8 = 2 ⋅ 2 ⋅ 2""}, {""bbox"": [516, 688, 812, 740], ""type"": ""formula"", ""text"": ""6) 18 = 2 · 3 · 3""}, {""bbox"": [154, 729, 418, 777], ""type"": ""formula"", ""text"": ""2) 10 = 2 · 5""}, {""bbox"": [508, 746, 861, 816], ""type"": ""formula"", ""text"": ""7) 20 = 2 · 5 · ~~2~~2""}, {""bbox"": [142, 771, 395, 829], ""type"": ""formula"", ""text"": ""3) 15 = 3 · 5""}, {""bbox"": [493, 798, 781, 856], ""type"": ""formula"", ""text"": ""8) 25 = 5 · 5""}, {""bbox"": [142, 835, 403, 892], ""type"": ""formula"", ""text"": ""4) 14 = 2 ⋅ 7""}, {""bbox"": [493, 861, 804, 920], ""type"": ""formula"", ""text"": ""9) 27 = 3^3 ⋅ 3""}, {""bbox"": [128, 891, 365, 947], ""type"": ""formula"", ""text"": ""5) 17 = 17""}, {""bbox"": [494, 915, 746, 978], ""type"": ""formula"", ""text"": ""10) 31 = 31""}, {""bbox"": [113, 1000, 381, 1068], ""type"": ""formula"", ""text"": ""7) 4·8 = 6·8""}]"
b324c2f2-2117-558c-9a38-c451520b1352.jpg,[]
47d7a41a-ab97-5bc0-af2d-ad02bc929fd2.jpg,[]
d56ad7a9-86c2-529b-8a2f-3894912ca5df.jpg,"[{""bbox"": [739, 691, 1572, 933], ""type"": ""formula"", ""text"": ""pB → pH (вітер) (шум)""}]"
c8c0c12f-56be-52b4-a0ce-1b4aa00c5f7b.jpg,[]
46970a94-d3ba-5837-a70c-645da367473c.jpg,[]
a0909877-acbd-54c9-8023-dbad394d339f.jpg,[]
cada39de-727c-5969-a47b-0aa0a9323ae4.jpg,[]
7823c390-b464-57a6-b8f2-8b8b0ffd9088.jpg,[]
84a1bb58-566e-5434-b4df-c80244071e87.jpg,"[{""bbox"": [104, 1717, 1403, 1858], ""type"": ""formula"", ""text"": ""(2,1 + 3,2 + x) : 3 = 5,2""}, {""bbox"": [1579, 1914, 1902, 2275], ""type"": ""formula"", ""text"": ""\\begin{array}{r} 5,2 \\\\ * 3 \\\\ \\hline 15,6 \\end{array}""}, {""bbox"": [84, 1956, 1356, 2097], ""type"": ""formula"", ""text"": ""2,1 + 3,2~~ + x~~ =5,3""}, {""bbox"": [119, 2164, 1391, 2305], ""type"": ""formula"", ""text"": ""5,3+х = 5,2 ⋅3""}]"
b0bb72b1-2592-54a5-a124-e1351f0e144a.jpg,"[{""bbox"": [1073, 895, 2298, 1112], ""type"": ""formula"", ""text"": ""1)17,3:0,1=173""}, {""bbox"": [1073, 1103, 2005, 1331], ""type"": ""formula"", ""text"": ""2)0,9:0,1=9""}, {""bbox"": [1068, 1339, 2228, 1550], ""type"": ""formula"", ""text"": ""3)0,04:0,1=0,4""}, {""bbox"": [1050, 1557, 2361, 1791], ""type"": ""formula"", ""text"": ""4)7,2:0,01=720""}, {""bbox"": [1073, 1781, 2339, 2022], ""type"": ""formula"", ""text"": ""5)0,13:0,01=13""}, {""bbox"": [1050, 2037, 2851, 2251], ""type"": ""formula"", ""text"": ""6)752:0,01=75200""}, {""bbox"": [1040, 2273, 2698, 2507], ""type"": ""formula"", ""text"": ""7)0,185:0,001=185""}, {""bbox"": [1015, 2535, 2565, 2751], ""type"": ""formula"", ""text"": ""8)5,9:0,001=5900""}, {""bbox"": [997, 2783, 3379, 2999], ""type"": ""formula"", ""text"": ""9)14,59:0,0001=145900""}]"
b6aba6b2-8c56-5d41-9b97-51e781f3259f.jpg,[]
c2bba496-79b7-5004-8682-406f103031d4.jpg,"[{""bbox"": [409, 1172, 1529, 1314], ""type"": ""formula"", ""text"": ""2. 17г /м^3 = 100%""}, {""bbox"": [466, 1359, 1443, 1500], ""type"": ""formula"", ""text"": ""8,5 г/м³ - x %""}, {""bbox"": [522, 1528, 2076, 1668], ""type"": ""formula"", ""text"": ""x = | 100 \\cdot 8,5 | : 17 = 50%""}]"
b91b14c3-e213-528c-a755-2eabdcf10a19.jpg,[]
279e93b5-8191-5d79-9945-530eee55b39d.jpg,[]
f336d505-6afb-590f-b455-37f718bd8e9a.jpg,"[{""bbox"": [690, 133, 1151, 231], ""type"": ""formula"", ""text"": ""3x - 4y + 12 = 0""}, {""bbox"": [702, 244, 1036, 328], ""type"": ""formula"", ""text"": ""3x + 12 = 0""}, {""bbox"": [679, 346, 973, 433], ""type"": ""formula"", ""text"": ""3х^2 = 12""}, {""bbox"": [2578, 434, 2995, 536], ""type"": ""formula"", ""text"": ""AB^2 = AD^2 + B""}, {""bbox"": [675, 458, 912, 538], ""type"": ""formula"", ""text"": ""x = -4""}, {""bbox"": [2593, 551, 2970, 640], ""type"": ""formula"", ""text"": ""AB = 5 см""}, {""bbox"": [637, 586, 1003, 691], ""type"": ""formula"", ""text"": ""-4y+12=0""}, {""bbox"": [632, 704, 939, 804], ""type"": ""formula"", ""text"": ""-4y = -12""}, {""bbox"": [623, 829, 786, 954], ""type"": ""formula"", ""text"": ""y = 3""}, {""bbox"": [574, 1167, 1103, 1336], ""type"": ""formula"", ""text"": ""1) (x-1)/(-2-1) = (y+3)/(-4+3)""}, {""bbox"": [574, 1336, 1086, 1548], ""type"": ""formula"", ""text"": ""x-1 / -3 = 4+3 / -6""}, {""bbox"": [505, 1585, 1224, 1774], ""type"": ""formula"", ""text"": ""2) (x-3)/0 = (y-5)/(10-5)""}, {""bbox"": [542, 1774, 1224, 2033], ""type"": ""formula"", ""text"": ""x-3/0 = y-5/-15""}, {""bbox"": [461, 2265, 926, 2403], ""type"": ""formula"", ""text"": ""4x-3y=12""}, {""bbox"": [474, 2451, 861, 2596], ""type"": ""formula"", ""text"": ""-3y = 12""}, {""bbox"": [488, 2602, 828, 2781], ""type"": ""formula"", ""text"": ""4x = 12""}, {""bbox"": [486, 2782, 1690, 2954], ""type"": ""formula"", ""text"": ""x=3 A(0;4) i B(3;0)""}]"
e1972684-8986-5357-8fff-fd49f7fe2fbf.jpg,"[{""bbox"": [140, 605, 1125, 731], ""type"": ""formula"", ""text"": ""(1,15 + х) ‧ 3,8 = 9,5""}, {""bbox"": [203, 776, 1095, 907], ""type"": ""formula"", ""text"": ""1,15 + x = 9,5 : 3,8""}, {""bbox"": [203, 956, 850, 1075], ""type"": ""formula"", ""text"": ""1,15 + x = 2,5""}, {""bbox"": [198, 1124, 847, 1238], ""type"": ""formula"", ""text"": ""x = 2,5 - 1,15""}, {""bbox"": [209, 1288, 594, 1403], ""type"": ""formula"", ""text"": ""x = 1,35""}, {""bbox"": [210, 1445, 927, 1562], ""type"": ""formula"", ""text"": ""9 : (7,8 - x) = 3,6""}, {""bbox"": [221, 1606, 915, 1726], ""type"": ""formula"", ""text"": ""7,8 - x = 9 : 3,6""}, {""bbox"": [218, 1778, 773, 1882], ""type"": ""formula"", ""text"": ""7,8 - x = 2,5""}, {""bbox"": [191, 1941, 765, 2057], ""type"": ""formula"", ""text"": ""x = 7,8 - 2,5""}, {""bbox"": [185, 2105, 517, 2206], ""type"": ""formula"", ""text"": ""x = 5,3""}, {""bbox"": [212, 2265, 1161, 2394], ""type"": ""formula"", ""text"": ""27,6 + 14,6 x = 64,1""}, {""bbox"": [206, 2437, 1190, 2571], ""type"": ""formula"", ""text"": ""14,6x = 64,1 - 27,6""}, {""bbox"": [181, 2598, 919, 2702], ""type"": ""formula"", ""text"": ""14,6⋅x = 36,5""}, {""bbox"": [188, 2747, 910, 2883], ""type"": ""formula"", ""text"": ""x = 36,5 : 14,6""}, {""bbox"": [191, 2916, 557, 3012], ""type"": ""formula"", ""text"": ""x = 2,5""}]"
816db937-8cb8-516b-b44a-ae1cee468aa7.jpg,[]
6b59737a-9fcf-5cce-9adc-df2da0ec1a76.jpg,[]
e89c90ed-759f-5735-83f7-b9e983698a0a.jpg,[]
52f23781-9217-5692-bf15-03a1b647e4ec.jpg,[]
d8bd75e2-72e0-5cb5-a619-1cd8aac99b0a.jpg,[]
49706ebd-5214-53f6-a93c-9118bebb9668.jpg,"[{""bbox"": [448, 420, 1830, 661], ""type"": ""formula"", ""text"": ""8. 1) 36 + 34 = 70 (км)""}, {""bbox"": [433, 661, 2067, 913], ""type"": ""formula"", ""text"": ""2) 70 · 100 : 140 ~~(1~~= 50 (км)""}]"
1d0c0bfa-2bc7-5b28-abb2-010a22f0a459.jpg,"[{""bbox"": [767, 66, 3357, 426], ""type"": ""formula"", ""text"": ""1.1. \\sqrt[3]{\\frac{1}{27}} + \\sqrt[4]{\\frac{1}{256}} - \\sqrt{\\frac{1}{36}} = -\\frac{1}{3} + \\frac{1}{4} - \\frac{1}{2} = \\frac{-4 + 3 - 2}{12} = -\\frac{3}{12} = -\\frac{1}{4}""}, {""bbox"": [748, 750, 2595, 1002], ""type"": ""formula"", ""text"": ""1,3 - 3~~1~~2 - 3~~1~~8 = - 15~~1~~16 = 13 : 2 = 35""}, {""bbox"": [748, 981, 2987, 1278], ""type"": ""formula"", ""text"": ""1.4 \\frac{\\sqrt[5]{1}}{\\sqrt[5]{14}} - \\sqrt{3} \\cdot \\sqrt[3]{5} = \\sqrt[5]{\\frac{1}{14}} - \\sqrt{3} = \\frac{1}{2} - 3 = -2,5""}, {""bbox"": [3616, 1230, 4000, 1560], ""type"": ""formula"", ""text"": ""- \\frac{19}{p10} \\sqrt{l}""}, {""bbox"": [3694, 2749, 3996, 2923], ""type"": ""formula"", ""text"": ""+\\sqrt{27}""}]"
89c5f984-b535-5286-8ac2-34da6e8e315b.jpg,"[{""bbox"": [405, 1988, 1479, 2252], ""type"": ""formula"", ""text"": ""HCD(55, 132) = 11""}, {""bbox"": [398, 2752, 2424, 2988], ""type"": ""formula"", ""text"": ""НСК (56, 35) = 2 * 2 * 2 * 7 * 5 = 280""}, {""bbox"": [352, 3504, 1599, 3752], ""type"": ""formula"", ""text"": ""НСД (255, 476) = 17""}]"
55546b6a-0af3-51f7-bb1f-4ad54704041d.jpg,[]
ad5ddd52-ea72-52df-9ea8-0af5baac15ee.jpg,"[{""bbox"": [443, 869, 1605, 1142], ""type"": ""formula"", ""text"": ""15^2 25^2 p^6 35^1""}, {""bbox"": [322, 1350, 1761, 1641], ""type"": ""formula"", ""text"": ""1s = 2s = 2p = 3s =""}, {""bbox"": [364, 1821, 1924, 2094], ""type"": ""formula"", ""text"": ""1s^2 2s^2 2p^6 3s^2 3p^1""}, {""bbox"": [405, 2298, 2167, 2589], ""type"": ""formula"", ""text"": ""1s² 2s² 2p⁶ 3s 3p³""}, {""bbox"": [405, 2695, 2313, 2991], ""type"": ""formula"", ""text"": ""1s^2 2s^2 2p^6 3s^2 3p^3""}, {""bbox"": [232, 3036, 2042, 3352], ""type"": ""formula"", ""text"": ""1s^2 2s^2 2p^6 3s^2 3p^6""}, {""bbox"": [301, 3372, 1913, 3676], ""type"": ""formula"", ""text"": ""~~7~~15 (I) 2s 2 2p 6 3s 2 3p 5""}, {""bbox"": [242, 3847, 2091, 4193], ""type"": ""formula"", ""text"": ""1s^2 2s^2 2p^6 3s^2 3p^6""}]"
2bf503e1-6735-5ae3-9a82-914a2d19a58c.jpg,[]
0e96149e-307a-552d-a361-68538f120ddb.jpg,"[{""bbox"": [171, 326, 627, 484], ""type"": ""formula"", ""text"": ""1) -9 · 52 = -468""}, {""bbox"": [180, 470, 761, 597], ""type"": ""formula"", ""text"": ""0,7 \\cdot (-4,7) = -3,29""}, {""bbox"": [171, 597, 702, 733], ""type"": ""formula"", ""text"": ""-27 \\cdot (-11) = 297""}, {""bbox"": [164, 749, 955, 936], ""type"": ""formula"", ""text"": ""- 4 \\frac{3}{8} \\cdot (- \\frac{4}{21}) = 4 \\frac{31}{168} ~~=~~""}]"
c27125d8-3970-55dd-8a7b-f45054ecc837.jpg,[]
676eef83-778f-52cb-b86f-ed6febd0c1c3.jpg,[]
436d379f-820e-5238-98be-7f48fbd55d5b.jpg,[]
01b41211-9ffe-5a71-96d8-aa988b6987fb.jpg,"[{""bbox"": [251, 1618, 577, 1679], ""type"": ""formula"", ""text"": ""x - 7⋅3 = 37""}, {""bbox"": [251, 1708, 557, 1762], ""type"": ""formula"", ""text"": ""7 - 21 = 37""}, {""bbox"": [251, 1798, 557, 1862], ""type"": ""formula"", ""text"": ""x = 37 + 21""}, {""bbox"": [246, 1891, 442, 1937], ""type"": ""formula"", ""text"": ""x = 58""}, {""bbox"": [257, 1977, 546, 2032], ""type"": ""formula"", ""text"": ""58-21=37""}]"
22f9fca5-57f3-5b44-84f0-68b975fd82d5.jpg,[]
b050119c-8f96-5ba3-ad6a-0b2da0f21855.jpg,"[{""bbox"": [462, 299, 953, 505], ""type"": ""formula"", ""text"": ""X = 75""}, {""bbox"": [462, 565, 1733, 774], ""type"": ""formula"", ""text"": ""2 · 75 = 150 см²""}, {""bbox"": [398, 888, 1708, 1111], ""type"": ""formula"", ""text"": ""3 · 75 = 225 cm²""}, {""bbox"": [320, 1111, 1282, 1445], ""type"": ""formula"", ""text"": ""11 K = (N + P) / 2""}, {""bbox"": [518, 1445, 1627, 1784], ""type"": ""formula"", ""text"": ""D = 2 K - M""}, {""bbox"": [518, 1748, 3325, 2148], ""type"": ""formula"", ""text"": ""H = (2-6; 5-1)/2 = (-4; 4)/2 = (-2; 2)""}, {""bbox"": [462, 2165, 3064, 2584], ""type"": ""formula"", ""text"": ""D = 2(-2; 2) - (1; 0 = (-5; 2)""}]"
abdfd5f2-f8a9-5014-8ed7-c95b6951aaeb.jpg,[]
a25ca876-c682-5963-9786-bf2b266e037f.jpg,[]
0d959d94-8b4d-5ebe-af48-11f34ee468a9.jpg,[]
217388dc-2710-54bf-b253-cbf9e222e647.jpg,[]
64b73788-432e-5ee6-aa1c-556988ad125d.jpg,[]
276f9e4a-cd02-5eac-b578-b8eeae89d4c9.jpg,"[{""bbox"": [594, 1076, 2812, 1226], ""type"": ""formula"", ""text"": ""2) 240 * 100 * 27 = 2,4 * 27 = 64,8 (км) -""}, {""bbox"": [535, 2450, 2767, 2625], ""type"": ""formula"", ""text"": ""2) 160 : 100 · 48 = 1,6 · 48 = 76,8 (км) -""}]"
2a40e968-9d79-5272-9e10-4c3d1eeabcd6.jpg,[]
9fd37aa6-af21-58c2-b3be-0c3d8820d3e2.jpg,[]
c7904a5e-2d56-5c65-b289-51ee5ff609cc.jpg,"[{""bbox"": [440, 426, 825, 530], ""type"": ""formula"", ""text"": ""x = 0,42""}, {""bbox"": [606, 748, 1257, 856], ""type"": ""formula"", ""text"": ""~~2) 23,4 : 4,5~~""}, {""bbox"": [606, 2018, 1541, 2144], ""type"": ""formula"", ""text"": ""3) 5,8 - 5,2 = 0,6 (ц)""}]"
dcc4fab7-38ad-585a-a8a0-6e28322a4f34.jpg,"[{""bbox"": [620, 772, 1938, 890], ""type"": ""formula"", ""text"": ""a) 56х = -196; х = -196 ; 56 ; х = -3,5""}, {""bbox"": [627, 880, 2424, 983], ""type"": ""formula"", ""text"": ""б) 8х=-8+12х; 8х-12х=-8;-4х=-8;ор=-8(-4);х=2""}, {""bbox"": [628, 991, 2395, 1084], ""type"": ""formula"", ""text"": ""в)6х+2=20х-5;6х-20х=-5-2;-14х=-7;-х=-7: (-14);""}, {""bbox"": [620, 1113, 870, 1205], ""type"": ""formula"", ""text"": ""х= 0,5""}, {""bbox"": [600, 1234, 2434, 1341], ""type"": ""formula"", ""text"": ""г) 2y - 18 = 3y + 67; 2y + 3y = 67 + 18; 5y = 85; y = 85; 5; y = 17""}, {""bbox"": [608, 1352, 2444, 1448], ""type"": ""formula"", ""text"": ""д) 1,15 - 3x = 2,5; -3x = 2,5 - 1,15; -3x = 1,35; x = 1,35;""}, {""bbox"": [614, 1456, 1207, 1566], ""type"": ""formula"", ""text"": "": (-3) ; 2= -0,45""}, {""bbox"": [617, 1585, 2448, 1690], ""type"": ""formula"", ""text"": ""е) 4,5х + 1 = 2 + 4,5х; 4,5х - 4,5х = 2 · 1; 8х = 1 (коренів не-""}, {""bbox"": [600, 1864, 2395, 1982], ""type"": ""formula"", ""text"": ""a) x^2(x+4)-x^2=2x^3-8; x^3+4x^2-x^2=2x^3-8; 4x^2=2x^3-8;""}, {""bbox"": [592, 1988, 1899, 2081], ""type"": ""formula"", ""text"": ""4х²-2х=-8;2х²=-8;х²=-8;2;х=-4""}, {""bbox"": [598, 2097, 2455, 2207], ""type"": ""formula"", ""text"": ""б) (х-1)²=х²+3;х²-2х+1-х²=3;-2х=3-1;-2х=""}, {""bbox"": [618, 2243, 971, 2314], ""type"": ""formula"", ""text"": ""= 2; х =-1""}, {""bbox"": [582, 2405, 2444, 2522], ""type"": ""formula"", ""text"": ""a) 5 (3 x - 6) + 4 (3 - 2 x) = 5 x - 8; 15 x - 30 + 12 - 8 x = 5 x - 8;""}, {""bbox"": [594, 2540, 2441, 2634], ""type"": ""formula"", ""text"": ""7 х-18=5х-8; 7х-5=-8+18; 2х=10;х=10;2;х=5""}, {""bbox"": [579, 2656, 2471, 2763], ""type"": ""formula"", ""text"": ""5)9(2х-3)-4(7-3х)-5=-39х;9х-27-28-4х-5=""}, {""bbox"": [593, 2778, 2467, 2914], ""type"": ""formula"", ""text"": ""= -3x, 21x-60=-3x, 21x+3x=60, 24x=60, x=60:24""}, {""bbox"": [566, 2918, 847, 2998], ""type"": ""formula"", ""text"": ""х = -2,5""}, {""bbox"": [570, 2993, 2377, 3138], ""type"": ""formula"", ""text"": ""г) 2 ( -8,9 х + 1,4 ) + 1,4 ( 1,5 + х ) = х ; -1,8 х -2,8 + 2,1 +""}, {""bbox"": [556, 3158, 2469, 3265], ""type"": ""formula"", ""text"": ""+ 1,4х=х; -0,4х-х=-4,9; -1,4х=-4,9; х=-4,9""}, {""bbox"": [580, 3269, 1083, 3363], ""type"": ""formula"", ""text"": "": (-1,4) ;х=3,5""}, {""bbox"": [545, 3372, 2446, 3490], ""type"": ""formula"", ""text"": ""д) (х-1) (2х^2+3)=2х^3+3х-2х^2-3=2х^3+""}, {""bbox"": [548, 3512, 2129, 3621], ""type"": ""formula"", ""text"": ""+ 2 х; 2 х² + х-х²-2х=3;-х=3;х=-3""}, {""bbox"": [568, 3632, 2494, 3762], ""type"": ""formula"", ""text"": ""е)\\ (х+2)^2=(х-4)(х+4);  ~~х~~^2+4х+4=~~х~~^2-16; 4х=-16-""}, {""bbox"": [538, 3791, 1701, 3900], ""type"": ""formula"", ""text"": ""-4; 4x = -20; x = -20; 4; x = -5""}]"
ffd9bacb-d292-5b30-b7b8-915ff0829d71.jpg,[]
7a719234-cf2c-5a07-9986-c134871da299.jpg,[]
b4e58ddb-3001-5a39-9596-845074add672.jpg,[]
693b802e-fedc-5c32-8f2d-1f0fd8c764b6.jpg,[]
a347eb41-ddcd-51b0-b83e-0a3f9d91a5c7.jpg,[]
8d70c1e6-eace-5853-ae5b-1fec3c5ab48c.jpg,[]
8d6ae56c-b82f-5fc9-829f-6d22f3c4e44e.jpg,[]
6ca33bd3-221a-536e-ba78-760aecbbb33a.jpg,[]
d788115e-52fb-5ede-8eb9-fb114f9cb5ff.jpg,"[{""bbox"": [340, 204, 469, 247], ""type"": ""formula"", ""text"": ""E_x = \\frac{(D + F)}{2}""}, {""bbox"": [16, 211, 257, 248], ""type"": ""formula"", ""text"": ""DF = \\sqrt{(-6-2)^2 + 0} = \\sqrt{64} = 8""}, {""bbox"": [342, 249, 486, 289], ""type"": ""formula"", ""text"": ""E_y = \\frac{(D_y + F_y)}{[illegible]}""}, {""bbox"": [19, 260, 180, 294], ""type"": ""formula"", ""text"": ""DE = (x + 6)^2 + y^2""}, {""bbox"": [256, 289, 416, 331], ""type"": ""formula"", ""text"": ""\\frac{(0+0)}{[illegible]} = 0""}, {""bbox"": [20, 299, 181, 336], ""type"": ""formula"", ""text"": ""FE = (x - 2)^2 + y^2""}, {""bbox"": [260, 334, 417, 379], ""type"": ""formula"", ""text"": ""Ex = (-6 + 2)/2 = -2""}, {""bbox"": [28, 356, 106, 372], ""type"": ""formula"", ""text"": ""16 ⋅ 2 = 32""}, {""bbox"": [27, 394, 130, 416], ""type"": ""formula"", ""text"": ""16x + 32 = 0""}, {""bbox"": [25, 437, 110, 458], ""type"": ""formula"", ""text"": ""16x = -32""}, {""bbox"": [24, 482, 102, 501], ""type"": ""formula"", ""text"": ""x = 32 : 16""}, {""bbox"": [20, 529, 71, 545], ""type"": ""formula"", ""text"": ""x = 2""}, {""bbox"": [11, 553, 153, 589], ""type"": ""formula"", ""text"": ""В.: E = (-2;0)""}]"
fcf99afd-9711-5c54-bd21-c60124f4e921.jpg,[]
bd81b20c-b4b0-5faa-9b70-5c99feba4598.jpg,[]
6bab0442-62a9-5791-ab49-e544521f045c.jpg,[]
9d5b91ab-61d1-5e75-92dc-2a004fcb4612.jpg,"[{""bbox"": [50, 559, 1195, 791], ""type"": ""formula"", ""text"": ""1.  x^2+2x ≤ 0""}, {""bbox"": [217, 823, 1242, 1021], ""type"": ""formula"", ""text"": ""x(x+2) ≤ 0""}, {""bbox"": [203, 1134, 1252, 1335], ""type"": ""formula"", ""text"": ""x = -2; x = 6""}]"
5656dd23-484d-5120-ae78-e4b59997b416.jpg,[]
876fec46-fe1d-519f-89b5-c5686061fd7a.jpg,"[{""bbox"": [543, 874, 2056, 1153], ""type"": ""formula"", ""text"": ""6) 1) 15,85 · 2 = 31,7 (грн)""}, {""bbox"": [537, 1133, 1771, 1382], ""type"": ""formula"", ""text"": ""2) 8⋅145=11,6 (грн)""}, {""bbox"": [508, 1394, 2373, 1658], ""type"": ""formula"", ""text"": ""3) (31,7 + 11,6) · 58,9 = 15,6 (грн)""}, {""bbox"": [488, 1657, 1393, 1858], ""type"": ""formula"", ""text"": ""4) 15,6 : 12 = 1,3""}]"
485bdee9-b370-59ba-bc17-0eee547ffe6d.jpg,[]
2b4ad42e-e080-5f51-b4cb-6e1bc8f1e971.jpg,[]
e5d2bf1b-beda-5ab8-bb1d-47f8f27d2998.jpg,[]
8773aeed-1297-5372-b537-1097a2030e26.jpg,[]
982c027d-42c9-5e24-8c97-95f89d092ecf.jpg,[]
2da7266f-0121-5983-b34d-382ea10e22cc.jpg,[]
a97e197e-4822-58f9-be47-14941bf6a657.jpg,[]
cbcb26a5-2ca2-594a-b7be-e211e0f92483.jpg,[]
0da170c3-47f6-5c3d-8143-db90ad807c26.jpg,[]
34fa346d-251c-580c-b543-ebca0a23137a.jpg,[]
477124d6-4236-5aa1-8ffe-2c1831ae4a8a.jpg,"[{""bbox"": [1349, 681, 1970, 830], ""type"": ""formula"", ""text"": ""∠SДО = 60°""}, {""bbox"": [2577, 1207, 3000, 1424], ""type"": ""formula"", ""text"": ""ΔSAC -""}, {""bbox"": [2555, 1397, 3000, 1544], ""type"": ""formula"", ""text"": ""AB = BC""}, {""bbox"": [416, 1587, 2467, 1784], ""type"": ""formula"", ""text"": ""SO = SD * sin 60° = 4√3 * √3/2 = 2√3 * √3 =""}, {""bbox"": [420, 1797, 886, 1929], ""type"": ""formula"", ""text"": ""= 6 см""}, {""bbox"": [2537, 1890, 3000, 2027], ""type"": ""formula"", ""text"": ""- 60° =""}, {""bbox"": [420, 1908, 2041, 2098], ""type"": ""formula"", ""text"": ""ОД = 1/2 SД, бо ∠OSД = 30°""}, {""bbox"": [2701, 2041, 3000, 2178], ""type"": ""formula"", ""text"": ""ΔSA""}, {""bbox"": [420, 2081, 1655, 2246], ""type"": ""formula"", ""text"": ""OD = \\frac{1}{2} \\cdot 4\\sqrt{3} = 2\\sqrt{3} \\text{ см}""}, {""bbox"": [2728, 2178, 2990, 2333], ""type"": ""formula"", ""text"": ""SA^2""}, {""bbox"": [411, 2218, 2489, 2421], ""type"": ""formula"", ""text"": ""ОД = a / (2\\sqrt{3}) , a = ОД \\cdot 2\\sqrt{3} = (2\\sqrt{3})^2 =""}, {""bbox"": [451, 2427, 1377, 2557], ""type"": ""formula"", ""text"": ""= 4 ⋅ 3 = 12 см""}, {""bbox"": [429, 2552, 1725, 2743], ""type"": ""formula"", ""text"": ""Р_АВС  = 12 ⋅ 3 = 36 см""}, {""bbox"": [2681, 2759, 3000, 2971], ""type"": ""formula"", ""text"": ""AB =""}, {""bbox"": [2621, 2949, 2982, 3138], ""type"": ""formula"", ""text"": ""SA =""}, {""bbox"": [2663, 3100, 2999, 3336], ""type"": ""formula"", ""text"": ""Sосн.""}]"
0af08e23-49db-5498-8c52-2f3513d83440.jpg,[]
951d6723-e2ce-5f2b-be58-941a1ca12e5c.jpg,[]
aea6bcf3-45a2-563d-9e6a-c83e92952440.jpg,"[{""bbox"": [1230, 2951, 2678, 3151], ""type"": ""formula"", ""text"": ""S = 12,6 \\cdot 12,6 = 158,76 \\text{ см}^2;""}, {""bbox"": [1230, 3149, 2406, 3321], ""type"": ""formula"", ""text"": ""S = 12,6 *4=50,4 см.""}]"
352730d9-f8c9-5fb2-882e-53a72841abb4.jpg,[]
e4744f9a-f821-591a-b08a-dc8893dcdbab.jpg,[]
964a31fc-0bee-5096-9359-2371641869eb.jpg,[]
d814fc6f-3862-5da8-b3c7-fba6d954891e.jpg,[]
9b55a990-d198-5d52-a295-78264fff8a61.jpg,[]
3f2dc582-973e-5091-b41c-9d0c7f53474b.jpg,[]
c90f4655-6471-5945-9dd6-053e6e57372b.jpg,[]
c7e5797b-2c99-5085-bd10-08cd128cbbe7.jpg,"[{""bbox"": [1045, 556, 2265, 710], ""type"": ""formula"", ""text"": ""m1V01+mV02 = (m1+m2)V""}, {""bbox"": [427, 616, 782, 705], ""type"": ""formula"", ""text"": ""m1 = 20кг""}, {""bbox"": [412, 780, 865, 884], ""type"": ""formula"", ""text"": ""V_{01} = 100 м/с""}, {""bbox"": [1047, 791, 2253, 902], ""type"": ""formula"", ""text"": ""m1 V01 + m V02 = (m1+m2)V""}, {""bbox"": [1049, 907, 1864, 1084], ""type"": ""formula"", ""text"": ""V = m1V01+m2V02/m1+m2""}, {""bbox"": [388, 961, 973, 1066], ""type"": ""formula"", ""text"": ""m2 = 8*10^3кг""}, {""bbox"": [1073, 1087, 2535, 1269], ""type"": ""formula"", ""text"": ""V = 20*100+8*10^3*0,5/8*10^2+20 = 0,75 м/с""}, {""bbox"": [364, 1144, 881, 1264], ""type"": ""formula"", ""text"": ""V_{01} = 0,5 м/с""}, {""bbox"": [432, 1310, 646, 1428], ""type"": ""formula"", ""text"": ""V-?""}]"
b27814b0-272d-51b9-aaed-c88c345c208a.jpg,"[{""bbox"": [376, 1656, 1205, 1895], ""type"": ""formula"", ""text"": ""(x - 2)^2 + (y - 2)^2""}, {""bbox"": [376, 1942, 792, 2071], ""type"": ""formula"", ""text"": ""О(2;2)""}, {""bbox"": [356, 2137, 623, 2262], ""type"": ""formula"", ""text"": ""R = 6""}, {""bbox"": [376, 2257, 945, 2409], ""type"": ""formula"", ""text"": ""A(-1;-2)""}, {""bbox"": [376, 2304, 2368, 2608], ""type"": ""formula"", ""text"": ""OA^2 = (-1 - 2)^2 + (-2 - 2)^2 = 9 + 16 = 25""}, {""bbox"": [440, 2641, 805, 2766], ""type"": ""formula"", ""text"": ""OA = 5""}]"
4992c03e-3c7e-58a8-9a94-f376d0704f1d.jpg,[]
a0f3f2f8-82bc-5dbc-8033-48cf9aea5ceb.jpg,[]
55f4b72f-65f6-54e4-8b3f-6419542eaa37.jpg,"[{""bbox"": [756, 1315, 1445, 1423], ""type"": ""formula"", ""text"": ""186 = 2 · 3 · 31""}, {""bbox"": [756, 2044, 1469, 2169], ""type"": ""formula"", ""text"": ""999 = 3^3 * 37""}]"
b527f421-5777-5028-b9e5-4cef094ed620.jpg,[]
dd381133-5669-5aa9-ba1f-9f706398f121.jpg,"[{""bbox"": [2010, 352, 3132, 591], ""type"": ""formula"", ""text"": ""4) 1/5 y + 2,3 = 7/10 y - 3,2""}, {""bbox"": [317, 453, 1820, 660], ""type"": ""formula"", ""text"": ""1) 1,1 - 0,1 z = -1,9 - 0,7 z""}, {""bbox"": [1999, 580, 3063, 805], ""type"": ""formula"", ""text"": ""4/10 y - 1/5 y = 2,3 + 3,2""}, {""bbox"": [305, 689, 1841, 837], ""type"": ""formula"", ""text"": ""-0,1z + 0,7z = -1,9 - 1,1""}, {""bbox"": [1999, 805, 2875, 975], ""type"": ""formula"", ""text"": ""7/10 y- 2/10 y=5,5""}, {""bbox"": [305, 883, 942, 1048], ""type"": ""formula"", ""text"": ""0,6 z = -3""}, {""bbox"": [1999, 993, 2612, 1199], ""type"": ""formula"", ""text"": ""1/2 y = 5,5""}, {""bbox"": [305, 1102, 998, 1247], ""type"": ""formula"", ""text"": ""z = -3 : 0,6""}, {""bbox"": [1999, 1185, 2531, 1392], ""type"": ""formula"", ""text"": ""1/2 y = 5,5""}, {""bbox"": [305, 1319, 735, 1461], ""type"": ""formula"", ""text"": ""z = -5""}, {""bbox"": [1999, 1428, 2663, 1642], ""type"": ""formula"", ""text"": ""y = 5,5 · 2""}, {""bbox"": [317, 1500, 1754, 1671], ""type"": ""formula"", ""text"": ""2) -0,2x + 4 = -2 + 0,1x""}, {""bbox"": [1994, 1653, 2437, 1896], ""type"": ""formula"", ""text"": ""y = 11""}, {""bbox"": [305, 1718, 1658, 1888], ""type"": ""formula"", ""text"": ""-0,2x - 0,1x = -2 - 4""}, {""bbox"": [305, 1935, 1099, 2105], ""type"": ""formula"", ""text"": ""-0,3x = -6""}, {""bbox"": [305, 2153, 1132, 2294], ""type"": ""formula"", ""text"": ""x = -6 : (-0,3)""}, {""bbox"": [305, 2345, 750, 2486], ""type"": ""formula"", ""text"": ""x = 20""}, {""bbox"": [365, 2490, 1351, 2682], ""type"": ""formula"", ""text"": ""3) 1/2 z - 7 = 1 - 1/6 z""}, {""bbox"": [365, 2682, 1282, 2874], ""type"": ""formula"", ""text"": ""1/2 z + 1/6 z = 1 + 7""}, {""bbox"": [365, 2950, 1097, 3167], ""type"": ""formula"", ""text"": ""3/6 z + 1/6 z = 8""}, {""bbox"": [365, 3178, 804, 3386], ""type"": ""formula"", ""text"": ""2/3 = 8""}, {""bbox"": [365, 3395, 1127, 3585], ""type"": ""formula"", ""text"": ""z = 8 :2:3""}, {""bbox"": [365, 3613, 774, 3783], ""type"": ""formula"", ""text"": ""z = 12""}]"
1bf6184c-bd36-5cb6-8237-d8c689759a28.jpg,[]
2f9cde4b-c531-57b2-a591-2b7151e81c4a.jpg,[]
447b9d48-3d35-5bea-929c-3e9163844876.jpg,"[{""bbox"": [249, 0, 648, 260], ""type"": ""formula"", ""text"": ""m = ?""}]"
953308bc-5a65-580e-ad3e-95adfc78e801.jpg,"[{""bbox"": [249, 634, 374, 667], ""type"": ""formula"", ""text"": ""P₁ + P₂ = P""}, {""bbox"": [70, 641, 199, 667], ""type"": ""formula"", ""text"": ""m₁ = 0,1 m""}, {""bbox"": [70, 685, 204, 712], ""type"": ""formula"", ""text"": ""m₁ = 6, 15 n""}, {""bbox"": [249, 685, 458, 712], ""type"": ""formula"", ""text"": ""m1V1 = (m1 + m2)V""}, {""bbox"": [70, 729, 185, 756], ""type"": ""formula"", ""text"": ""V = 10 m/c""}, {""bbox"": [249, 729, 420, 782], ""type"": ""formula"", ""text"": ""V₁ = (m₁ + m₂) ‧ V / m₁""}, {""bbox"": [78, 772, 137, 799], ""type"": ""formula"", ""text"": ""V₂ = 0""}, {""bbox"": [252, 785, 690, 836], ""type"": ""formula"", ""text"": ""V₁ = (0,1 + 0,25) ‧ 10 / 0,1 = 0,25 ‧ 10 = 2,5 м/с""}, {""bbox"": [81, 832, 154, 873], ""type"": ""formula"", ""text"": ""V₁ - ?""}]"
0ee30f12-61cf-58f4-a078-d5464c1f29d5.jpg,[]
42229f3b-0cf8-5bcb-b097-c806bffe1600.jpg,[]
99cff8a7-fa39-592c-8e93-ef8d5cd13233.jpg,"[{""bbox"": [129, 1162, 2284, 1310], ""type"": ""formula"", ""text"": ""NK = MH + MK = 2 √10 + 4√10 = 8√10""}]"
1577fab4-e890-5825-90bb-390e8e7e493b.jpg,[]
401a831a-a053-59a0-9736-9ac88b01178a.jpg,[]
6172999b-3492-5081-8a4a-a4a674073e05.jpg,"[{""bbox"": [157, 1812, 570, 1942], ""type"": ""formula"", ""text"": ""2)  + 4t°C""}]"
408b1e7e-7cee-5b70-a3e9-d62cc63e4993.jpg,[]
2cca6e5a-ae96-518b-82c7-4698dc4f0926.jpg,[]
132dd201-e14f-5eb9-a8f7-417793a199a8.jpg,[]
2b82ddd0-5fb3-5db2-a31d-c6bd7202c6ae.jpg,[]
6d46d3c0-ee68-5cfd-b418-e603a035534a.jpg,[]
dc778b39-e1d8-5d14-8b50-d58be27fba3a.jpg,[]
8ec350a5-b68f-5ea4-a8ec-b122d61e8a97.jpg,[]
3dd599ab-fc15-5d72-875e-4cf8a0d43daf.jpg,[]
e70792d9-39a8-5cd5-8079-3f936d260912.jpg,[]
da64163c-0341-57a5-aee4-bd8a2b974a8f.jpg,[]
a8e9d878-eb4e-5cc1-9e9d-59a00525c77b.jpg,"[{""bbox"": [740, 429, 1589, 587], ""type"": ""formula"", ""text"": ""= 4 · 4 · 6 = 96 (см)^2""}, {""bbox"": [811, 577, 2255, 782], ""type"": ""formula"", ""text"": ""R = abc/4S = 8*26*30/4*96 = 16,25(см)""}, {""bbox"": [804, 790, 1157, 949], ""type"": ""formula"", ""text"": ""S =rp""}, {""bbox"": [813, 946, 1680, 1129], ""type"": ""formula"", ""text"": ""r = s/p = 96/32 = 3(см)""}, {""bbox"": [718, 1204, 1842, 1367], ""type"": ""formula"", ""text"": ""B:  R = 16,25 см, r = 3см.""}]"
1d4d81de-f0c0-5397-8d91-96928a595398.jpg,[]
e073dc7d-8ab8-58f7-bc8f-e524343f1fa8.jpg,"[{""bbox"": [531, 93, 1471, 202], ""type"": ""formula"", ""text"": ""3) 7х+2х-х=8х""}, {""bbox"": [545, 776, 1550, 898], ""type"": ""formula"", ""text"": ""1) \\quad 5 \\cdot (x - 2) = 5x - 10""}, {""bbox"": [545, 922, 1534, 1064], ""type"": ""formula"", ""text"": ""2) (a + 7) \\cdot 3 = 3a + 21""}, {""bbox"": [545, 1089, 1850, 1241], ""type"": ""formula"", ""text"": ""3) \\quad 4 \\cdot (2x + 3y) = 8x + 12y""}, {""bbox"": [545, 1255, 1795, 1407], ""type"": ""formula"", ""text"": ""4) (7a - 2b) * 6 = 42a - 12b""}]"
7ef79a43-b5c1-5e59-8696-d8cb27f3fca4.jpg,[]
02620bac-57a0-5ce8-b24d-1eb45dfec34b.jpg,[]
08e35e1d-2c2e-5c4d-a3ec-36a721e1f6b0.jpg,[]
e5d04b9f-04be-5b0b-9db1-9912c627b13f.jpg,[]
e3be65fb-5499-5984-ba9c-11a44883b096.jpg,[]
82157932-301b-5c69-babb-738c77f375e6.jpg,[]
a6af2c4a-fe2b-5277-9ae9-41aa80e9c72c.jpg,"[{""bbox"": [1148, 645, 2016, 952], ""type"": ""formula"", ""text"": ""S_4n = πRh + πR^2 \\n SA = 13x""}, {""bbox"": [1379, 863, 1783, 990], ""type"": ""formula"", ""text"": ""SA = 13x""}, {""bbox"": [401, 893, 1184, 1060], ""type"": ""formula"", ""text"": ""R = SA; R = OA""}, {""bbox"": [1529, 992, 2473, 1176], ""type"": ""formula"", ""text"": ""SO = \\sqrt{SA^2 - OA^2} = 5x""}, {""bbox"": [315, 1044, 1401, 1201], ""type"": ""formula"", ""text"": ""AB = 24x => OA = 12x""}, {""bbox"": [806, 1213, 2193, 1378], ""type"": ""formula"", ""text"": ""SA = 8 = 26 cm, OA = 24 cm""}, {""bbox"": [291, 1228, 593, 1312], ""type"": ""formula"", ""text"": ""5x = 10""}, {""bbox"": [335, 1315, 552, 1400], ""type"": ""formula"", ""text"": ""n = 3""}, {""bbox"": [259, 1422, 2353, 1573], ""type"": ""formula"", ""text"": ""S_{н.п} = \\Pi \\cdot 24 \\cdot 26 + \\Pi \\cdot 24^2 = 1700 \\Pi (м^2)""}, {""bbox"": [1844, 2294, 2191, 2348], ""type"": ""formula"", ""text"": ""00128м,""}, {""bbox"": [1661, 2528, 2430, 2644], ""type"": ""formula"", ""text"": ""S_{ncq} = 4 \\pi R^2, R = OA""}, {""bbox"": [1670, 2620, 2729, 2758], ""type"": ""formula"", ""text"": ""Схема - г) ІК₁ = 24 ІІ; R₁ = 18 см.""}, {""bbox"": [1659, 2674, 2907, 2873], ""type"": ""formula"", ""text"": ""OA = \\sqrt{5^2 + 12^2} = 13 \\text{ см} \\quad R_1 = 0,1 \\text{ A}; \\quad 3,2 \\text{ О}_0,1\\text{A}; \\quad OA = \\sqrt{(0,1)^2 + 0,1^2}""}, {""bbox"": [1610, 2789, 2737, 2948], ""type"": ""formula"", ""text"": ""OA = \\sqrt{5^2 + 12^2} = 13 \\text{ см} \\int_{\\text{нагр}} = 4\\pi \\cdot 13^2 =""}, {""bbox"": [113, 2917, 420, 3060], ""type"": ""formula"", ""text"": ""D1 = 60 грн""}, {""bbox"": [2156, 2942, 2555, 3023], ""type"": ""formula"", ""text"": ""= 620π (см^2)""}, {""bbox"": [779, 2946, 2981, 3164], ""type"": ""formula"", ""text"": ""D₁ = 60 грн, тоді R₁ = 10 грн / S₁ = 4πR₁² = 4π · 100 = 3600π (грн²)""}, {""bbox"": [775, 3072, 2928, 3352], ""type"": ""formula"", ""text"": ""D_2 = 2 \\text{ м} \\text{ та } R_2 = 1 \\text{ м} / S_2 = 4 \\pi R_2^2 = 4 \\pi \\cdot 1^2 = 4 \\pi \\text{ (м}^2\\text{)}""}, {""bbox"": [65, 3208, 1013, 3363], ""type"": ""formula"", ""text"": ""8 S₂ = 7 · 4 π = 28 π (м²)""}, {""bbox"": [1135, 3296, 1725, 3413], ""type"": ""formula"", ""text"": ""3600π > 32π""}]"
09c275ce-f414-5a4e-90bc-3a7df3ebee0b.jpg,[]
e86a317d-5cd6-546c-8cfd-41dde7029e47.jpg,[]
96e04702-605e-5c64-a407-14a947d7871d.jpg,[]
5f8066bf-eaa0-5e64-b82b-5c577c252b80.jpg,"[{""bbox"": [189, 654, 780, 741], ""type"": ""formula"", ""text"": ""1. 4 ‧ 2 - 3 ‧ 2 = 2""}, {""bbox"": [326, 770, 703, 848], ""type"": ""formula"", ""text"": ""8 - 6 = 2""}, {""bbox"": [197, 974, 1187, 1087], ""type"": ""formula"", ""text"": ""2) 1 · (-1) - 3 · (-2) = 2""}, {""bbox"": [357, 1087, 981, 1192], ""type"": ""formula"", ""text"": ""-4 - (-6) = 2""}, {""bbox"": [390, 1218, 791, 1309], ""type"": ""formula"", ""text"": ""- 4 + 6 = 2""}, {""bbox"": [188, 1414, 799, 1524], ""type"": ""formula"", ""text"": ""3. 4 · 1 - 3 · 1 ≠ 2""}, {""bbox"": [366, 1548, 702, 1642], ""type"": ""formula"", ""text"": ""4 - 3 ≠ 2""}, {""bbox"": [363, 1691, 546, 1778], ""type"": ""formula"", ""text"": ""1 ≠ 2""}, {""bbox"": [192, 1794, 933, 1925], ""type"": ""formula"", ""text"": ""4. 4 ‧ 1 - 3 ‧ 2/3 = 2""}, {""bbox"": [329, 1973, 675, 2059], ""type"": ""formula"", ""text"": ""4 - 2 = 2""}, {""bbox"": [1083, 2204, 1602, 2340], ""type"": ""formula"", ""text"": ""a) 3x - y = 2""}, {""bbox"": [173, 2244, 829, 2384], ""type"": ""formula"", ""text"": ""a) x + 2y = 7""}, {""bbox"": [1261, 2373, 1452, 2445], ""type"": ""formula"", ""text"": ""x = 2""}, {""bbox"": [339, 2394, 524, 2482], ""type"": ""formula"", ""text"": ""x = 5""}, {""bbox"": [1240, 2516, 1461, 2632], ""type"": ""formula"", ""text"": ""y = 4""}, {""bbox"": [353, 2518, 577, 2649], ""type"": ""formula"", ""text"": ""y = 1""}, {""bbox"": [1261, 2655, 1627, 2744], ""type"": ""formula"", ""text"": ""3 · 2 - 4 = 2""}, {""bbox"": [360, 2696, 829, 2778], ""type"": ""formula"", ""text"": ""5 + 2 · 1 = 7""}, {""bbox"": [1269, 2798, 1542, 2869], ""type"": ""formula"", ""text"": ""6 - 4 = 2""}, {""bbox"": [388, 2822, 706, 2910], ""type"": ""formula"", ""text"": ""5 + 2 = 7""}]"
c042ac21-7c27-5917-8a9f-eaa17081dd66.jpg,[]
4409e959-0539-5c8e-a7e3-9718b5cc39f2.jpg,[]
7f2720f3-b4c7-59d1-8253-0475db9a776b.jpg,[]
e28a17e5-7c12-5ed5-8841-c16e389943d7.jpg,"[{""bbox"": [201, 466, 2217, 696], ""type"": ""formula"", ""text"": ""NK = MH + MK = 2√10 + 4√10 = 8√10""}, {""bbox"": [182, 2041, 1491, 2236], ""type"": ""formula"", ""text"": ""a) (x + 3)^2 + (y - 1)^2 = 4""}, {""bbox"": [182, 2236, 516, 2375], ""type"": ""formula"", ""text"": ""|3;-1|""}, {""bbox"": [182, 2375, 432, 2514], ""type"": ""formula"", ""text"": ""R = 2""}, {""bbox"": [182, 2514, 1084, 2705], ""type"": ""formula"", ""text"": ""б) (х - 9)² + у² = 6""}, {""bbox"": [241, 2705, 542, 2872], ""type"": ""formula"", ""text"": ""(9;0)""}, {""bbox"": [182, 2844, 615, 3034], ""type"": ""formula"", ""text"": ""R = \\sqrt{6}""}, {""bbox"": [176, 3015, 1261, 3248], ""type"": ""formula"", ""text"": ""2) (x - ~~y~~)^2 + y^2 = 4""}, {""bbox"": [167, 3132, 1976, 3419], ""type"": ""formula"", ""text"": ""3) x^2 + y^2 + 4x - 4y - 28 = 0""}, {""bbox"": [182, 3364, 2508, 3651], ""type"": ""formula"", ""text"": ""x^2 - 2 \\cdot 2x + 2^2 - 2^2 + y^2 - 2y + 2^2 - 2^2 - 28""}]"
05d9b9d6-a0d4-533c-8977-36577d9b0fe0.jpg,[]
9ca3d4b1-9aa8-5b87-8421-f4bcad539c2c.jpg,[]
c5a96f1c-7bcd-5812-a1b8-f1cb8f0bb57d.jpg,[]
0c6b661a-fbb1-5c51-8347-32d86172b65d.jpg,"[{""bbox"": [118, 655, 754, 1099], ""type"": ""formula"", ""text"": ""\\begin{cases} v = \\frac{s}{t} \\\\ s = vt \\\\ x = x_0 + vt \\end{cases}""}, {""bbox"": [126, 1162, 1201, 1862], ""type"": ""formula"", ""text"": ""\\begin{cases} a = \\frac{v - v_0}{t} \\\\ v = v_0 + at \\\\ S = v_0 t + \\frac{at^2}{2} \\\\ x = x_0 + v_0 t + \\frac{at^2}{2} \\end{cases}""}]"
30486424-8c66-552d-852b-ebf59c5d75a1.jpg,"[{""bbox"": [257, 744, 990, 897], ""type"": ""formula"", ""text"": ""15 % = 0,15;""}, {""bbox"": [1024, 766, 1557, 883], ""type"": ""formula"", ""text"": ""12% = 0,12""}, {""bbox"": [292, 943, 1874, 1064], ""type"": ""formula"", ""text"": ""x · 0,15 + (5000 - x) · 0,12 = 708""}, {""bbox"": [265, 1116, 1652, 1257], ""type"": ""formula"", ""text"": ""0,15x + 600 - 0,12x = 708""}, {""bbox"": [267, 1324, 957, 1443], ""type"": ""formula"", ""text"": ""0,03 x = 708""}, {""bbox"": [300, 1507, 743, 1606], ""type"": ""formula"", ""text"": ""x = 3600""}, {""bbox"": [155, 1839, 1371, 1993], ""type"": ""formula"", ""text"": ""1.1 Г 2x^2 + 5x - 7 = 0""}, {""bbox"": [372, 2025, 1949, 2160], ""type"": ""formula"", ""text"": ""D = 5^2 - 4 * 2 (-7) = 25 + 36 = 81""}, {""bbox"": [312, 2209, 2042, 2443], ""type"": ""formula"", ""text"": ""x_1 = \\frac{-5 + \\sqrt{81}}{2 \\cdot 2} = \\frac{-5 + 9}{4} = \\frac{4}{4} = 1""}, {""bbox"": [304, 2504, 1847, 2706], ""type"": ""formula"", ""text"": ""x_2 = \\frac{-5 - 9}{4} = -\\frac{14}{4} = -3,5""}, {""bbox"": [135, 3090, 1180, 3232], ""type"": ""formula"", ""text"": ""1.4. Д  x^2 - 3x = 8 - x""}, {""bbox"": [449, 3288, 1351, 3409], ""type"": ""formula"", ""text"": ""x^2 - 3x + x - 8 = 0""}, {""bbox"": [498, 3457, 1190, 3586], ""type"": ""formula"", ""text"": ""x^2 - 2x - 8 = 0""}, {""bbox"": [397, 3623, 1431, 3762], ""type"": ""formula"", ""text"": ""х₁ + х₂ = 2, х₁ = 4""}, {""bbox"": [387, 3797, 1497, 3919], ""type"": ""formula"", ""text"": ""x_1 · x_2 = -8, x_2 = -2""}]"
8cd02c3e-f2b6-59bd-bbef-190bd8bd5813.jpg,[]
6d65aaa6-cdb1-525d-86b6-17a56d588634.jpg,"[{""bbox"": [174, 1870, 1524, 2032], ""type"": ""formula"", ""text"": ""б) 7x - 5(2x + 1) = 5x + 15""}, {""bbox"": [180, 2620, 531, 2764], ""type"": ""formula"", ""text"": ""8 = -20""}]"
2e5bc9d7-e394-57a2-a6fc-e55b1d27c799.jpg,[]
364d64be-cbb8-5dd8-be9b-cb77a403c458.jpg,"[{""bbox"": [1721, 245, 2591, 345], ""type"": ""formula"", ""text"": ""4) 9 a * 11 b = 99 ab""}, {""bbox"": [1742, 416, 2970, 515], ""type"": ""formula"", ""text"": ""5) 5 * x * 9 * 8 * a * m = 360 xam""}, {""bbox"": [1742, 591, 3024, 695], ""type"": ""formula"", ""text"": ""6) 10 b · 20 c · 17 p = 3400 bc""}, {""bbox"": [47, 1674, 2484, 1925], ""type"": ""formula"", ""text"": ""2) 452 · 499 + 452 · 501 = 452 · (499 + 501) = 452 000""}, {""bbox"": [36, 1859, 2694, 2198], ""type"": ""formula"", ""text"": ""2) 192 · 2005 - 192 · 005 = 192 · (2005 - 1005) = 192000""}, {""bbox"": [37, 2103, 2306, 2424], ""type"": ""formula"", ""text"": ""3) 83 · 42 · 917 · 42 = 42 · (83 · 917) = 42000""}, {""bbox"": [37, 2308, 3017, 2680], ""type"": ""formula"", ""text"": ""4) 4592 * 217 - 4592 * 216 = 4592 * (217 - 216) = 4592""}]"
d99d27db-5b8b-59a5-96d0-d6ea61ce9c22.jpg,[]
6a23ced4-d001-5908-8958-6712e3448e53.jpg,[]
3877b058-c516-5fa5-87f8-0a4eaef420b1.jpg,[]
47b868de-781c-51be-ae11-a815206e83fe.jpg,"[{""bbox"": [195, 357, 900, 432], ""type"": ""formula"", ""text"": ""1) \\ 25 \\cdot 4 \\cdot 17 = 1700;""}, {""bbox"": [200, 447, 973, 530], ""type"": ""formula"", ""text"": ""2) 20 \\cdot 5 \\cdot 137 = 13700;""}, {""bbox"": [201, 540, 795, 615], ""type"": ""formula"", ""text"": ""3) 6 \\cdot 5 \\cdot 39 = 1170""}]"
09928f7b-a732-591c-b049-fabe9422551e.jpg,[]
b8bba564-71d9-57bf-8f90-d73373b47282.jpg,[]
38c4ab63-2aa7-51d6-b196-35dee228bba1.jpg,[]
e3f3b00f-c290-5abe-9c86-ba94dcb5e872.jpg,"[{""bbox"": [474, 846, 1774, 1279], ""type"": ""formula"", ""text"": ""2 ~~4~~ -7 / 10 y = 5,5""}, {""bbox"": [487, 1279, 1436, 1677], ""type"": ""formula"", ""text"": ""- 5/10 y = 5,5""}, {""bbox"": [501, 1750, 1516, 2036], ""type"": ""formula"", ""text"": ""-0,5 y = 5,5""}, {""bbox"": [583, 2036, 1747, 2387], ""type"": ""formula"", ""text"": ""y = 5,5 : (-0,5)""}, {""bbox"": [638, 2538, 1316, 2807], ""type"": ""formula"", ""text"": ""y = -11""}]"
6e8ab2d1-02c2-5823-bef4-b3692eefaa42.jpg,[]
2fb996d9-ca42-5c43-ad90-1228ac0a5208.jpg,[]
3fe2908a-c747-53ab-9c6f-7388b88fa7bc.jpg,[]
a839154a-b346-5371-81a4-4d8b4443cd6f.jpg,"[{""bbox"": [29, 115, 1711, 247], ""type"": ""formula"", ""text"": ""1) P → P2O5 → H3PO4 → Na3PO4 → Ca3(PO4)2""}, {""bbox"": [108, 247, 948, 343], ""type"": ""formula"", ""text"": ""1. 4 P + 5 O2 → 2 P2 O5""}, {""bbox"": [99, 343, 1064, 457], ""type"": ""formula"", ""text"": ""2. P2 O5 + 3 H2 O → 2 H3 PO4""}, {""bbox"": [64, 459, 1448, 586], ""type"": ""formula"", ""text"": ""3. H3 PO4 + 3 Na OH~~2~~ → Na3 PO4 + 3 H2O""}, {""bbox"": [52, 586, 1592, 709], ""type"": ""formula"", ""text"": ""4. 2 Na3 PO4 + 3 Ca Cl -> 3 Na Cl + Ca3 (PO4)2""}, {""bbox"": [17, 713, 753, 826], ""type"": ""formula"", ""text"": ""2) 2 Ca + O2 → 2 CaO""}, {""bbox"": [64, 826, 876, 946], ""type"": ""formula"", ""text"": ""CaO + H2O = Ca(OH)2""}, {""bbox"": [64, 958, 1121, 1068], ""type"": ""formula"", ""text"": ""Ca(OH)2 + CO2 → CaCO3 + H2O""}, {""bbox"": [64, 1074, 785, 1188], ""type"": ""formula"", ""text"": ""CaCO3 → CaO + CO2""}]"
73d55b04-9c64-5dc6-a85d-a1ae3fa33b60.jpg,[]
7ababf92-28df-59e3-a1f5-aac431ddc5a5.jpg,"[{""bbox"": [483, 1173, 2257, 1524], ""type"": ""formula"", ""text"": ""P \\quad \\text{\\male} aa \\times \\text{\\female} Aa""}, {""bbox"": [560, 1581, 1786, 1874], ""type"": ""formula"", ""text"": ""F_1 Aa; aa""}]"
2ba35010-6302-56a3-ab8d-fbac3971ca65.jpg,"[{""bbox"": [515, 188, 2337, 410], ""type"": ""formula"", ""text"": ""5x - 20 = x + 12""}, {""bbox"": [546, 524, 2685, 767], ""type"": ""formula"", ""text"": ""5x - x = 12 + 20""}, {""bbox"": [580, 875, 1560, 1090], ""type"": ""formula"", ""text"": ""4 x = 32""}, {""bbox"": [590, 1208, 1188, 1430], ""type"": ""formula"", ""text"": ""x = 8""}]"
b653531a-752e-59a4-8189-6f68e57a1fc8.jpg,[]
0095e3cd-1837-5b1a-bb2d-3bf253dc0789.jpg,[]
0137b74f-edd8-5c9c-a420-a566aeeaa1c9.jpg,"[{""bbox"": [628, 731, 2110, 938], ""type"": ""formula"", ""text"": ""3) 31,64 + 11,6 = 43,24 (грн)""}, {""bbox"": [623, 912, 2085, 1070], ""type"": ""formula"", ""text"": ""4) 58,9 - 43,24 = 15,66 (грн)""}, {""bbox"": [618, 1071, 2053, 1222], ""type"": ""formula"", ""text"": ""5) 15,66 : 12 = 1,305 (грн)""}, {""bbox"": [40, 1732, 432, 1858], ""type"": ""formula"", ""text"": ""6 = 21""}]"
0879a35d-c24e-59a1-92ee-128db06db155.jpg,"[{""bbox"": [523, 1188, 1391, 1388], ""type"": ""formula"", ""text"": ""8-6=2 Так""}, {""bbox"": [523, 1604, 1594, 1777], ""type"": ""formula"", ""text"": ""4 \\cdot (-1) - 3 \\cdot (-2) = 2""}, {""bbox"": [514, 1787, 1561, 1975], ""type"": ""formula"", ""text"": ""4-(-6)=2 Так""}, {""bbox"": [510, 2020, 1200, 2188], ""type"": ""formula"", ""text"": ""4х - 3у = 2""}, {""bbox"": [535, 2387, 1264, 2567], ""type"": ""formula"", ""text"": ""4-3=2 Ні""}, {""bbox"": [514, 2644, 1204, 2837], ""type"": ""formula"", ""text"": ""4х-3у=2""}, {""bbox"": [501, 2746, 1775, 2997], ""type"": ""formula"", ""text"": ""4 · 1 - 3 · 2/3 = 2 Так""}, {""bbox"": [511, 3236, 1935, 3475], ""type"": ""formula"", ""text"": ""х+2у=7 (7;0) (1;3)""}, {""bbox"": [490, 3459, 1981, 3698], ""type"": ""formula"", ""text"": ""3х-у=2 (0;-2) (3;1)""}]"
ce3cf692-2e88-5a81-a0d7-2493cb405cbc.jpg,[]
98ee683c-efa8-5bf0-8dc5-4a1417535b83.jpg,"[{""bbox"": [84, 346, 336, 490], ""type"": ""formula"", ""text"": ""η = (W * M) / (A* * 100)""}, {""bbox"": [79, 522, 671, 653], ""type"": ""formula"", ""text"": ""n(C) = (64,8 * 74) / (12 * 100) = 4""}, {""bbox"": [98, 688, 665, 815], ""type"": ""formula"", ""text"": ""n(CH) = (13,5 * 74) / (1 * 100) = 10""}, {""bbox"": [114, 824, 666, 947], ""type"": ""formula"", ""text"": ""n(O) = 21,6 * 74 / 16 * 100 = 1""}]"
a01e025b-71f8-541c-8997-6056162c536e.jpg,"[{""bbox"": [579, 126, 1338, 265], ""type"": ""formula"", ""text"": ""V = 5,4 км/год = 5,4 * 1000 / 3600 = 1,5 м/с""}, {""bbox"": [33, 156, 501, 258], ""type"": ""formula"", ""text"": ""f = 20 хв = 1~~8~~{2}00 х""}, {""bbox"": [571, 229, 1192, 345], ""type"": ""formula"", ""text"": ""l = vt = 1,5 * 1200 = 1800""}, {""bbox"": [174, 377, 292, 461], ""type"": ""formula"", ""text"": ""І - ?""}, {""bbox"": [634, 612, 782, 713], ""type"": ""formula"", ""text"": ""V = І/t""}, {""bbox"": [58, 671, 326, 751], ""type"": ""formula"", ""text"": ""І1 = 240 м""}, {""bbox"": [635, 724, 1157, 804], ""type"": ""formula"", ""text"": ""240 м + 360 = 600""}, {""bbox"": [66, 767, 302, 848], ""type"": ""formula"", ""text"": ""l2 = 360 м""}, {""bbox"": [634, 802, 1112, 901], ""type"": ""formula"", ""text"": ""V = 600 / 120 = 5 м/с""}, {""bbox"": [60, 855, 487, 930], ""type"": ""formula"", ""text"": ""f = 2 хв = 120 a""}, {""bbox"": [134, 974, 266, 1064], ""type"": ""formula"", ""text"": ""V = ?""}, {""bbox"": [120, 1143, 1097, 1272], ""type"": ""formula"", ""text"": ""V = 3 м/с = (3 * 3600) / 1000 = 10,8 км/год""}, {""bbox"": [112, 1261, 1091, 1379], ""type"": ""formula"", ""text"": ""V = 20 м/с = 20*3600/1000 = 72 км/год""}, {""bbox"": [97, 1451, 1223, 1635], ""type"": ""formula"", ""text"": ""V = 72 км/год = 72 * 1000 / 3600 = 20 м/с""}, {""bbox"": [104, 1567, 1140, 1733], ""type"": ""formula"", ""text"": ""V = 1008 км/год = 108*1000/3600 = 30 м/с""}]"
506687d2-ec54-5baa-bc00-70c841f9c5d4.jpg,"[{""bbox"": [515, 114, 1781, 257], ""type"": ""formula"", ""text"": ""1. 11x - 9 = 4x + 19""}, {""bbox"": [546, 299, 1620, 440], ""type"": ""formula"", ""text"": ""14x + 4x = 9 + 19""}, {""bbox"": [552, 522, 1140, 634], ""type"": ""formula"", ""text"": ""7x = 28""}, {""bbox"": [604, 680, 1196, 816], ""type"": ""formula"", ""text"": ""x = 28 : 7""}, {""bbox"": [604, 868, 917, 994], ""type"": ""formula"", ""text"": ""x = 4""}, {""bbox"": [596, 1122, 2419, 1257], ""type"": ""formula"", ""text"": ""7 x - 5 ( 2 x + 1 ) = 5 x + 15""}, {""bbox"": [596, 1257, 2390, 1437], ""type"": ""formula"", ""text"": ""7 x + 10 x - 5 = 9 - x + 15""}, {""bbox"": [596, 1414, 1246, 1599], ""type"": ""formula"", ""text"": ""22x = 20""}, {""bbox"": [384, 2650, 2315, 2963], ""type"": ""formula"", ""text"": ""6. 4 ( 3 m - n ) - 3 ( 4 m + 2 n ) =""}, {""bbox"": [439, 2827, 2263, 3120], ""type"": ""formula"", ""text"": ""3 m + n + 3 4 m + 2 n = 12 n""}]"
c894b537-b243-581d-b74e-6836ab132ec8.jpg,[]
87a4d1e7-2729-5070-a2c1-3d0b4f162cd0.jpg,[]
0d70d4e4-3231-55ea-abd4-cdf1881718fd.jpg,"[{""bbox"": [251, 758, 692, 868], ""type"": ""formula"", ""text"": ""4x-3y=~~2~~2""}, {""bbox"": [134, 1586, 708, 1801], ""type"": ""formula"", ""text"": ""a) x + 2y = 7""}, {""bbox"": [134, 1949, 849, 2071], ""type"": ""formula"", ""text"": ""3 + 2 . 2 = 7 = 7""}, {""bbox"": [134, 2270, 858, 2417], ""type"": ""formula"", ""text"": ""1 + 2 · 3 = 7 = 7""}, {""bbox"": [117, 2417, 687, 2612], ""type"": ""formula"", ""text"": ""б) 3х - у = 2""}, {""bbox"": [101, 2805, 764, 2933], ""type"": ""formula"", ""text"": ""3 · 2 - 4 = 2 = 2""}, {""bbox"": [57, 3138, 841, 3275], ""type"": ""formula"", ""text"": ""3 · 1 - 1 = 2 = 2""}]"
0619bcec-ce1d-5342-be62-da9a588d2386.jpg,[]
56d96a9d-f296-5879-a21c-0bc56e0a13be.jpg,"[{""bbox"": [257, 282, 1081, 366], ""type"": ""formula"", ""text"": ""1) x + 12605 = 17700""}, {""bbox"": [315, 393, 1029, 474], ""type"": ""formula"", ""text"": ""x = 17700 - 12605""}, {""bbox"": [315, 502, 638, 583], ""type"": ""formula"", ""text"": ""x = 5095""}, {""bbox"": [301, 618, 1198, 704], ""type"": ""formula"", ""text"": ""5095 + 12605 = 17700""}, {""bbox"": [242, 729, 1069, 829], ""type"": ""formula"", ""text"": ""2) 31409 + y = 47002""}, {""bbox"": [242, 850, 985, 931], ""type"": ""formula"", ""text"": ""y = 47002 - 31409""}, {""bbox"": [242, 956, 638, 1054], ""type"": ""formula"", ""text"": ""y = 15593""}, {""bbox"": [242, 1072, 1191, 1167], ""type"": ""formula"", ""text"": ""31409 - 15593 = 47002""}, {""bbox"": [221, 1181, 976, 1267], ""type"": ""formula"", ""text"": ""3) k - 15391 = 45497""}, {""bbox"": [296, 1290, 1001, 1376], ""type"": ""formula"", ""text"": ""k = 45497 + 15391""}, {""bbox"": [274, 1397, 677, 1482], ""type"": ""formula"", ""text"": ""k = 60888""}, {""bbox"": [274, 1513, 1246, 1621], ""type"": ""formula"", ""text"": ""60888 - 15391 = 45491""}, {""bbox"": [221, 1628, 1008, 1745], ""type"": ""formula"", ""text"": ""4) 12398 - p = 4597""}, {""bbox"": [274, 1744, 942, 1844], ""type"": ""formula"", ""text"": ""P = 12398 - 4597""}, {""bbox"": [242, 1853, 625, 1950], ""type"": ""formula"", ""text"": ""p = 7801""}, {""bbox"": [257, 1969, 1132, 2090], ""type"": ""formula"", ""text"": ""12398 - 7801 = 4597""}]"
1c1f352e-6ca5-5368-8273-c7828f94532b.jpg,"[{""bbox"": [392, 1721, 1308, 1842], ""type"": ""formula"", ""text"": """"}, {""bbox"": [369, 2794, 1331, 2995], ""type"": ""formula"", ""text"": ""Eко + Eро = Eк + Eр.""}]"
62eb7a34-8201-58ac-aa27-40efd8b0fb6f.jpg,[]
76f39d4a-393a-5ad8-9435-8547c9072f7f.jpg,[]
e2c323ed-9bb2-5bb8-b2f3-33d2a5a8e82b.jpg,"[{""bbox"": [316, 842, 760, 1049], ""type"": ""formula"", ""text"": ""p = 10⁵ Na""}, {""bbox"": [975, 892, 1566, 1110], ""type"": ""formula"", ""text"": ""p = p~~д~~gh""}, {""bbox"": [322, 1009, 724, 1221], ""type"": ""formula"", ""text"": ""ρ = 10 N/m""}, {""bbox"": [966, 1064, 2273, 1401], ""type"": ""formula"", ""text"": ""h = p / p g = 10⁵ / 10³ ‧ 10 = 10 (м)""}, {""bbox"": [261, 2109, 584, 2285], ""type"": ""formula"", ""text"": ""F = p S.""}, {""bbox"": [429, 2272, 1896, 2577], ""type"": ""formula"", ""text"": ""p_c = \\frac{p_{min} + p_{max}}{2} = \\frac{1}{2} \\rho g a""}, {""bbox"": [516, 2588, 1065, 2800], ""type"": ""formula"", ""text"": ""p_g = p \\rho a""}, {""bbox"": [501, 2772, 2709, 3068], ""type"": ""formula"", ""text"": ""F_1 = p_c S_1 = \\frac{1}{2} \\rho g a S_1 \\quad Г_2 = p_g S_2 = \\rho g a S_2""}, {""bbox"": [441, 3068, 789, 3236], ""type"": ""formula"", ""text"": ""S₁ = S₂""}, {""bbox"": [501, 3236, 1584, 3667], ""type"": ""formula"", ""text"": ""\\frac{F_2}{F_1} = \\frac{p g a S_2}{\\frac{1}{2} p g a S_1} = 2""}]"
e37e9fbd-486d-5b44-a643-b07585814114.jpg,[]
5e4f7a35-3ca1-529b-9d65-be70903bc2cb.jpg,[]
4f55ed7f-cc72-59dc-ab8e-cdf0cf838e39.jpg,[]
c919f536-1f47-59e1-ac4e-74dd19e0b228.jpg,[]
12001a51-174a-5df0-8fdf-647d548fb664.jpg,[]
c54da0e6-d245-5ece-9ebb-d231498db2b4.jpg,"[{""bbox"": [71, 872, 2744, 1052], ""type"": ""formula"", ""text"": ""2) (5a^2 + b)(b^2 - 4a^2) = 5a^2 b^2 - 20a^4 + b^3 - 4a^2 b""}, {""bbox"": [71, 1052, 2785, 1240], ""type"": ""formula"", ""text"": ""3) (12a^2 - 3)(5a - 7a^2) = 60a^3 - 84a^4 - 15a + 21a^2""}, {""bbox"": [71, 1240, 2822, 1429], ""type"": ""formula"", ""text"": ""4) (2a^5 - 3a^2)(a + 5) = 2a^6 + 10a^3 - 3a^3 - 15a^2 = 2a^6 + 10a^3 -""}, {""bbox"": [22, 1469, 502, 1660], ""type"": ""formula"", ""text"": ""- 15 a^2""}]"
c100d09f-9b87-5536-a1b6-6b8e061cb13d.jpg,[]
d0273ef9-34ef-502b-b2b8-4dcc9992ca5e.jpg,[]
91d65abc-f417-510f-8bb6-9210b88f4bdc.jpg,[]
4cbe45e3-5ae7-5b77-8428-6aefcbd782e5.jpg,[]
740d01b5-a6b9-52d9-9055-ba4c724181f4.jpg,"[{""bbox"": [239, 72, 1730, 224], ""type"": ""formula"", ""text"": ""3) (29,2 + 31,5 + 42,3 + 41,8) : 4 =""}, {""bbox"": [239, 224, 1040, 362], ""type"": ""formula"", ""text"": ""= 144,8 : 4 = 36,2""}, {""bbox"": [268, 373, 1762, 503], ""type"": ""formula"", ""text"": ""4) (1 + 1 + 2 + 2 + 3) : 5 = 9 : 5 = 1,8.""}, {""bbox"": [224, 1284, 1974, 1432], ""type"": ""formula"", ""text"": ""1) (1,9 + 1,87 + 2,01 + 1,89 + 1,85) : 6 =""}, {""bbox"": [224, 1432, 1023, 1579], ""type"": ""formula"", ""text"": ""= 11,52 : 6 = 192""}, {""bbox"": [195, 2148, 2199, 2284], ""type"": ""formula"", ""text"": ""1) (2,569 + 3,562 + 0,964) : 3 = 7,095 : 3 =""}, {""bbox"": [195, 2284, 605, 2438], ""type"": ""formula"", ""text"": ""= 2,37""}, {""bbox"": [161, 2869, 1964, 3022], ""type"": ""formula"", ""text"": ""1) (0,52 + 0,65 + 0,6 + 0,62 + 0,55) : 5 =""}, {""bbox"": [167, 3022, 1012, 3134], ""type"": ""formula"", ""text"": ""= 2,94 : 5 = 0,588""}]"
931b9836-0d37-599f-84ce-dbddff1b073e.jpg,"[{""bbox"": [345, 1572, 1311, 1772], ""type"": ""formula"", ""text"": ""h \\nu_{nm} = E_n - E_m""}, {""bbox"": [144, 3348, 2115, 3653], ""type"": ""formula"", ""text"": ""p = \\frac{h}{\\lambda} - \\text{формула де Бройля}""}]"
92e591b7-35ce-5c36-81fa-fc57b6a5be58.jpg,[]
c5c8da74-b98f-5455-a24c-853a4103a52a.jpg,"[{""bbox"": [321, 1058, 1629, 1188], ""type"": ""formula"", ""text"": ""2) 18,4 · 3,4 = 62,56 (км)""}, {""bbox"": [220, 3428, 2815, 3606], ""type"": ""formula"", ""text"": ""2) 281,88 - 167,4 = 114,48 (грн) - коштує""}]"
fbe5b48f-2b3b-5b9d-8c5a-dcd4fb9304e1.jpg,"[{""bbox"": [732, 26, 1051, 154], ""type"": ""formula"", ""text"": ""№ 1112""}, {""bbox"": [126, 136, 651, 249], ""type"": ""formula"", ""text"": ""1) 12/2 = 12 : 2 = 6""}, {""bbox"": [120, 281, 888, 408], ""type"": ""formula"", ""text"": ""2) 120/10 = 120 : 10 = 12""}, {""bbox"": [113, 379, 822, 507], ""type"": ""formula"", ""text"": ""3) 150/3 = 150 : 3 = 50""}]"
b1979224-5c55-50ef-b941-84429eeedf55.jpg,[]
9ccd6671-4059-52cc-9000-bf3376738fc5.jpg,"[{""bbox"": [707, 696, 3189, 952], ""type"": ""formula"", ""text"": ""1). A_2 = 2000 + (1 * \\frac{12}{100})^2 = 2000 * 1,12 = 25088 (грн).""}, {""bbox"": [665, 931, 3318, 1173], ""type"": ""formula"", ""text"": ""~~А4 = 2000 * (1 + 12/100)4 = 2000 * 1,124 = 2508(грн)~~ А4 = 2000 * (1 + 12/100)4 = 2000 * 1,124 = 2508(грн)""}, {""bbox"": [660, 1187, 2687, 1405], ""type"": ""formula"", ""text"": ""2) A2 - A0 = 25 000 - 20 000 = 5 000 (грн)""}, {""bbox"": [683, 1429, 2580, 1630], ""type"": ""formula"", ""text"": ""A4-A0=31400-20000=11400(грн).""}, {""bbox"": [648, 1910, 2422, 2099], ""type"": ""formula"", ""text"": ""x(1,05 - 1) = 820; x * 0,05 = 820; x""}, {""bbox"": [608, 2160, 1260, 2318], ""type"": ""formula"", ""text"": ""x = 850 : 0,5""}, {""bbox"": [564, 2387, 1213, 2573], ""type"": ""formula"", ""text"": ""x = 1640.""}]"
d161bcc4-6e95-5dca-815a-1da1b06e87e5.jpg,[]
b312750e-ea5b-5d01-9143-5cdaa5c352f4.jpg,[]
9da592e0-afa4-578c-a8ab-30b05af08736.jpg,"[{""bbox"": [319, 56, 1254, 194], ""type"": ""formula"", ""text"": ""5) 7,2 y + 4,5 y = 21,06""}, {""bbox"": [1465, 72, 2396, 207], ""type"": ""formula"", ""text"": ""6) 3,4x - 3,2x = 15,2""}, {""bbox"": [316, 207, 942, 345], ""type"": ""formula"", ""text"": ""11,7y = 21,06""}, {""bbox"": [1447, 207, 1994, 345], ""type"": ""formula"", ""text"": ""0,2 x = 15,2""}, {""bbox"": [297, 345, 1037, 482], ""type"": ""formula"", ""text"": ""y = 21,06 : 11,7""}, {""bbox"": [1465, 345, 2073, 482], ""type"": ""formula"", ""text"": ""x = 15,2 : 0,2""}, {""bbox"": [297, 482, 620, 641], ""type"": ""formula"", ""text"": ""y = 1,8""}, {""bbox"": [1465, 482, 1780, 641], ""type"": ""formula"", ""text"": ""x = 76.""}, {""bbox"": [280, 1677, 1431, 1792], ""type"": ""formula"", ""text"": ""4) 6,3 + 5,25 = 11,55 (км)""}]"
02db72db-f61d-5bfd-8305-6fc15d35460e.jpg,[]
74b92dca-ccc8-55d4-a520-bdab25f91310.jpg,[]
8ce2e9aa-d6a2-5ae5-b023-4d6668ccbd85.jpg,[]
7457fdaa-bcbd-544b-90f0-93874c5556c9.jpg,"[{""bbox"": [154, 1411, 708, 1522], ""type"": ""formula"", ""text"": ""a = 0,4 m/c^2""}, {""bbox"": [119, 2542, 690, 2617], ""type"": ""formula"", ""text"": ""W = 4000 W""}, {""bbox"": [1628, 2608, 2214, 2834], ""type"": ""formula"", ""text"": ""F = (-Vo^2 / -2a) = Vo^2 / 2a""}, {""bbox"": [113, 2696, 804, 2861], ""type"": ""formula"", ""text"": ""v_0 = 36 \\text{ км/год} =""}, {""bbox"": [110, 2857, 820, 2956], ""type"": ""formula"", ""text"": ""=~~5600м/с~~ 10 м/с""}, {""bbox"": [109, 3028, 458, 3117], ""type"": ""formula"", ""text"": ""S=200м""}]"
c76f0017-c968-544b-9194-5a65b5e66bac.jpg,[]
67b40451-83f9-5253-b3fb-7342bc820d32.jpg,[]
3fe62d33-c242-5120-a3ae-7b09d171cdd2.jpg,[]
b98ac36b-2e35-5fd2-82b8-233f6e4686a1.jpg,[]
413786ef-3584-546a-99f9-23b76976fdb4.jpg,[]
1081a507-fe9b-5f72-b6fd-769362fde452.jpg,"[{""bbox"": [1585, 498, 2307, 691], ""type"": ""formula"", ""text"": ""б) x^2+(y-5)^2 = 8""}, {""bbox"": [433, 525, 1395, 684], ""type"": ""formula"", ""text"": ""a) (x-2)^2+(y+4)^2=25""}, {""bbox"": [1619, 671, 2277, 806], ""type"": ""formula"", ""text"": ""mO = (0;5)""}, {""bbox"": [418, 684, 1065, 825], ""type"": ""formula"", ""text"": ""mO = (~~-4~~2;-4)""}, {""bbox"": [1645, 807, 2060, 953], ""type"": ""formula"", ""text"": ""R = ~~4~~ \\sqrt{8}""}, {""bbox"": [450, 825, 765, 975], ""type"": ""formula"", ""text"": ""R = 5""}, {""bbox"": [355, 1179, 746, 1331], ""type"": ""formula"", ""text"": ""~~(x-(5)~~""}, {""bbox"": [310, 1326, 1378, 1523], ""type"": ""formula"", ""text"": ""(x-(-5)^2+(y-6)^2 = 3^2""}, {""bbox"": [317, 1698, 1407, 1925], ""type"": ""formula"", ""text"": ""x^2+y^2-2x+4y+4 = 0""}, {""bbox"": [225, 1925, 1449, 2137], ""type"": ""formula"", ""text"": ""(x-1)^2+ (y+2)^2+4-5 = 0""}, {""bbox"": [155, 2124, 1106, 2375], ""type"": ""formula"", ""text"": ""(x-1)^2+(y+2)^2 = 1""}, {""bbox"": [144, 2376, 736, 2581], ""type"": ""formula"", ""text"": ""O = (1;-2)""}, {""bbox"": [137, 2591, 457, 2818], ""type"": ""formula"", ""text"": ""R = 1""}, {""bbox"": [1231, 2609, 2765, 2867], ""type"": ""formula"", ""text"": ""AO = \\sqrt{(2-1)^2+(-3+2)^2} = \\sqrt{2}""}, {""bbox"": [594, 2613, 1176, 2864], ""type"": ""formula"", ""text"": ""A = (2;-3)""}, {""bbox"": [1183, 2842, 1865, 3000], ""type"": ""formula"", ""text"": ""B: AO = \\sqrt{2}""}]"
c1a3e43b-ae00-5923-8147-4ab2c59e4b39.jpg,[]
51e4c2b7-b5f8-5b61-97c9-d3498d040855.jpg,"[{""bbox"": [412, 1136, 1247, 1277], ""type"": ""formula"", ""text"": ""47002 = 47002""}, {""bbox"": [389, 1921, 1747, 2118], ""type"": ""formula"", ""text"": ""60888-15391=45497""}, {""bbox"": [397, 2167, 1265, 2327], ""type"": ""formula"", ""text"": ""45497 = 45497""}, {""bbox"": [375, 3041, 1570, 3227], ""type"": ""formula"", ""text"": ""12398-7801=4597""}]"
53c8ac48-14f8-57e8-95ff-d7b16944a29a.jpg,"[{""bbox"": [1945, 941, 2538, 1156], ""type"": ""formula"", ""text"": ""№ =6.6""}, {""bbox"": [832, 2198, 1883, 2453], ""type"": ""formula"", ""text"": ""SC = 2\\sqrt{2} (см)""}]"
84c08938-189c-51cd-994a-822008e817e6.jpg,[]
3a2cb6f7-7295-5ef3-9316-674849fff162.jpg,[]
3f32bf69-91d9-506c-9691-3023616f3bbf.jpg,"[{""bbox"": [156, 567, 1632, 708], ""type"": ""formula"", ""text"": ""1) \\ 200 : 100 \\cdot 42 = 84 (\\text{м}) -""}, {""bbox"": [156, 727, 1321, 871], ""type"": ""formula"", ""text"": ""2) 200 - 84 = 116 (м)""}, {""bbox"": [48, 2118, 1179, 2252], ""type"": ""formula"", ""text"": ""1) 120 : 100 \\cdot 10 = 12""}, {""bbox"": [117, 2288, 1258, 2405], ""type"": ""formula"", ""text"": ""320 : 100 \\cdot 10 = 32""}, {""bbox"": [29, 2454, 1561, 2585], ""type"": ""formula"", ""text"": ""2) 120 \\text{ см} : 100 \\cdot 20 = 24 \\text{ см}""}, {""bbox"": [110, 2627, 1488, 2754], ""type"": ""formula"", ""text"": ""530 : 100 \\cdot 20 = 106 \\text{ кг}""}, {""bbox"": [24, 2797, 1358, 2927], ""type"": ""formula"", ""text"": ""3) 1020 : 100 \\cdot 35 = 357""}, {""bbox"": [115, 2960, 1255, 3084], ""type"": ""formula"", ""text"": ""780 : 100 \\cdot 10 = 273""}]"
497de912-619c-533f-bbcc-9f4c5f2494fd.jpg,[]
cf54fb1a-67ea-541c-94b2-db0f09259e93.jpg,[]
bcf96c6d-5880-59b6-92c7-0f7ad5189b32.jpg,[]
1b6d4d18-3861-5695-8e46-0f54babe1662.jpg,[]
5653113d-ebf9-5430-bab2-53d8b0c21ccd.jpg,[]
429e8cab-716f-593f-be8d-b94640679b2f.jpg,"[{""bbox"": [490, 30, 1328, 295], ""type"": ""formula"", ""text"": ""y_2 = \\frac{3^2}{2^2} = \\frac{9}{4}""}, {""bbox"": [482, 268, 1784, 522], ""type"": ""formula"", ""text"": ""y_3 = \\frac{3^3}{3^2} = \\frac{27}{9} = 3""}]"
e936df18-d762-5519-80f9-5cb38bb0e2c9.jpg,[]
c6d93adc-a1ed-548a-91b7-e426594e7b65.jpg,[]
c07c8460-b812-5591-a5a9-1c1eb3a5e9f0.jpg,"[{""bbox"": [2482, 4384, 3755, 4948], ""type"": ""formula"", ""text"": ""2) 1/5 x = 9""}, {""bbox"": [459, 4440, 1979, 4834], ""type"": ""formula"", ""text"": ""1) 2x = -8 ;""}, {""bbox"": [4400, 4465, 5254, 4896], ""type"": ""formula"", ""text"": ""3) -3x = 1/4""}, {""bbox"": [523, 4834, 1797, 5155], ""type"": ""formula"", ""text"": ""x = -8:2""}, {""bbox"": [4400, 4876, 5363, 5263], ""type"": ""formula"", ""text"": ""x = 1/4 : (-3)""}, {""bbox"": [2529, 5046, 3633, 5507], ""type"": ""formula"", ""text"": ""x = 9 : 1/5""}, {""bbox"": [4429, 5234, 5525, 5690], ""type"": ""formula"", ""text"": ""x = 1/4 : (-1/3)""}, {""bbox"": [514, 5255, 1405, 5553], ""type"": ""formula"", ""text"": ""x = -4""}, {""bbox"": [2508, 5464, 3633, 5935], ""type"": ""formula"", ""text"": ""x = 9 * 5/1""}, {""bbox"": [4474, 5677, 5168, 6103], ""type"": ""formula"", ""text"": ""x = 1/12""}, {""bbox"": [2529, 5906, 3382, 6184], ""type"": ""formula"", ""text"": ""x = 45""}, {""bbox"": [265, 6389, 1928, 6936], ""type"": ""formula"", ""text"": ""4) -10x = -5""}, {""bbox"": [378, 6926, 2055, 7277], ""type"": ""formula"", ""text"": ""x = -5 : ( - 10""}]"
90d0a834-b90f-5218-98b7-9586c104b903.jpg,"[{""bbox"": [591, 0, 1366, 145], ""type"": ""formula"", ""text"": ""260 : 104 · 100 =""}, {""bbox"": [524, 1201, 2042, 1472], ""type"": ""formula"", ""text"": ""1) \\frac{182 + 2}{2} = \\frac{184}{2} = 92 \\text{ (км)}""}, {""bbox"": [511, 1934, 2142, 2208], ""type"": ""formula"", ""text"": ""1) \\frac{1596 + 6}{2} = \\frac{1602}{2} = 801 \\text{ (св.)}""}, {""bbox"": [1797, 2786, 2945, 3070], ""type"": ""formula"", ""text"": ""21+27+30)/3 = 78/3 = 26""}, {""bbox"": [465, 2808, 1493, 3079], ""type"": ""formula"", ""text"": ""11+14=25/2=12,5""}]"
c2359a2d-cd80-5b44-b6e9-4e38cf8fee83.jpg,[]
e194d56e-e8e0-54a0-926a-eb08cb02b4ad.jpg,[]
7437e03e-e6af-5392-8b52-563feb88a6b5.jpg,[]
9a1cd9e6-8ca8-5d19-af9b-8acdae9934d2.jpg,"[{""bbox"": [623, 444, 1143, 569], ""type"": ""formula"", ""text"": ""16x = 560""}, {""bbox"": [1470, 455, 2012, 582], ""type"": ""formula"", ""text"": ""x : 12 = 182""}, {""bbox"": [1470, 627, 2164, 754], ""type"": ""formula"", ""text"": ""x = 182 · 12""}, {""bbox"": [606, 632, 1210, 754], ""type"": ""formula"", ""text"": ""x = 560 : 16""}, {""bbox"": [606, 818, 990, 941], ""type"": ""formula"", ""text"": ""x = 35""}, {""bbox"": [1451, 818, 1980, 941], ""type"": ""formula"", ""text"": ""x = 218 ‧ 4""}, {""bbox"": [623, 1006, 1424, 1143], ""type"": ""formula"", ""text"": ""7936 : x = 31""}, {""bbox"": [606, 1199, 1431, 1343], ""type"": ""formula"", ""text"": ""x = 7936 : 31""}, {""bbox"": [578, 1392, 1063, 1506], ""type"": ""formula"", ""text"": ""x > 256""}, {""bbox"": [611, 1783, 1485, 1916], ""type"": ""formula"", ""text"": ""6370 : 245 = 26""}, {""bbox"": [579, 1963, 1598, 2124], ""type"": ""formula"", ""text"": ""26 · 245 = 6370""}, {""bbox"": [583, 2162, 1826, 2313], ""type"": ""formula"", ""text"": ""x : 245 = 26, x = 6370""}, {""bbox"": [573, 2366, 1716, 2546], ""type"": ""formula"", ""text"": ""y : 26 = 245, y = 6370""}, {""bbox"": [558, 2527, 1839, 2713], ""type"": ""formula"", ""text"": ""6370 : t = 245, t = 26""}, {""bbox"": [583, 2745, 1905, 2925], ""type"": ""formula"", ""text"": ""6370 : m = 26, m = 245""}, {""bbox"": [544, 2947, 1612, 3171], ""type"": ""formula"", ""text"": ""26p=6370, p=245""}, {""bbox"": [540, 3152, 1669, 3316], ""type"": ""formula"", ""text"": ""245a = 6370, a = 26""}]"
67e4e716-1832-5443-85e4-24aeda37c922.jpg,[]
b965af8d-0812-58c8-b26a-f236c94e6240.jpg,[]
4c530cdc-c0bf-5929-ab70-eaaaa2be2edf.jpg,[]
d7d9a029-e4df-549b-bd7a-062e12311462.jpg,[]
deb3984f-05b2-5548-9112-1b93e6c93714.jpg,[]
161673b8-1c31-5bda-9a54-2044c77561f8.jpg,[]
4bb39692-5b12-545b-b505-921c9bd80afd.jpg,[]
08b61c09-9bbf-5fb2-8713-747cb784e0f0.jpg,"[{""bbox"": [442, 555, 2284, 750], ""type"": ""formula"", ""text"": ""M (Na2CO3) = 106 г/моль.""}, {""bbox"": [482, 901, 2543, 1086], ""type"": ""formula"", ""text"": ""M(NaNO3) = 85 г/моль""}, {""bbox"": [417, 1533, 2822, 1838], ""type"": ""formula"", ""text"": ""х= теоретичне:  (NaNO_3) =(3,5г-170г)/106=""}, {""bbox"": [435, 1893, 949, 1996], ""type"": ""formula"", ""text"": ""=8,5г""}, {""bbox"": [374, 2076, 2584, 2484], ""type"": ""formula"", ""text"": ""= (т прикт (NaNo3))/ (т теор (NaNO3))*100%""}, {""bbox"": [426, 2470, 2542, 2794], ""type"": ""formula"", ""text"": ""8,1/8,5*100%=95,3%""}]"
c31ff9a9-9247-5720-be22-627543aee319.jpg,[]
085b57e6-54e9-5fd0-99d0-d260c08bd9b9.jpg,[]
16746ce6-75e4-57ea-b842-2a86f2d898e7.jpg,[]
dd5c5d50-8562-5456-bc11-1f257c2f66c5.jpg,"[{""bbox"": [405, 2029, 1045, 2285], ""type"": ""formula"", ""text"": ""v = \\frac{s}{t}""}, {""bbox"": [244, 2264, 1093, 2554], ""type"": ""formula"", ""text"": ""sin a o = 1/11""}]"
7925463d-71d4-50d7-a0c7-8c7e982f14cc.jpg,[]
7759768a-436c-58e3-87e7-69db5acf1693.jpg,[]
54837f5d-1722-524d-a40e-3114913ecbb9.jpg,[]
77c6c8a3-a8a5-5023-b474-070b99bd3a34.jpg,[]
e32d8b2d-4c7d-53cf-8b20-646c387c598a.jpg,[]
4b35c5a4-d99d-526b-85ef-ac8f172cc88a.jpg,[]
c6279118-6e4d-53ef-9364-d765d9115e82.jpg,[]
593dfc8e-6cee-5de0-ad1b-bf70b134a23a.jpg,[]
381c13d7-a00d-551d-84c4-8efaae7f7927.jpg,[]
599c1b94-2372-5e70-b307-e6dd7b9edddc.jpg,[]
779d6152-a199-5809-8698-2a946f08f5a1.jpg,[]
c94cc683-eb43-5cd8-afe5-c19c225e3ccd.jpg,[]
7146c35f-f92f-57fe-80f3-e8a8722d3fdd.jpg,[]
60fb999c-39c2-5d7b-bd8d-00f5167cb441.jpg,[]
fc66f046-cfa7-5b08-92f4-fbb305e0de1d.jpg,"[{""bbox"": [1573, 498, 2131, 612], ""type"": ""formula"", ""text"": ""BC = 8 см""}, {""bbox"": [1473, 997, 2730, 1138], ""type"": ""formula"", ""text"": ""AC = \\sqrt{8^2 + 6^2} = \\sqrt{100} = 10.""}, {""bbox"": [448, 1294, 2149, 1497], ""type"": ""formula"", ""text"": ""OA = R = AC/2 = 10/2 = 5 см""}, {""bbox"": [471, 2403, 2480, 2550], ""type"": ""formula"", ""text"": ""Дано: AB = 10 см, A₁B₁ = 14""}, {""bbox"": [567, 2611, 2651, 2752], ""type"": ""formula"", ""text"": ""P_{ABC} = 35 см, \\Delta ABC \\sim \\Delta A_1B_1C_1""}, {""bbox"": [424, 3154, 1484, 3465], ""type"": ""formula"", ""text"": ""AB / A₁B₁ = 10 / 14 = 5 / 7""}, {""bbox"": [321, 3534, 2008, 3775], ""type"": ""formula"", ""text"": ""P_{A_1B_1C_1} = \\frac{35}{5} * 7 = 49 см""}]"
8d726a5b-d775-51eb-8478-b5c45ae1af43.jpg,"[{""bbox"": [54, 384, 594, 505], ""type"": ""formula"", ""text"": ""1) 4x + 14 = 0""}, {""bbox"": [809, 417, 1767, 559], ""type"": ""formula"", ""text"": ""2) 0,3x - 21 = 0,5x - 23""}, {""bbox"": [60, 521, 444, 627], ""type"": ""formula"", ""text"": ""7x = -14""}, {""bbox"": [809, 553, 1439, 677], ""type"": ""formula"", ""text"": ""0,3x = 0,5x - 2""}, {""bbox"": [54, 654, 517, 777], ""type"": ""formula"", ""text"": ""x = -14 : 7""}, {""bbox"": [823, 698, 1288, 806], ""type"": ""formula"", ""text"": ""-0,2x = -2""}, {""bbox"": [41, 810, 303, 901], ""type"": ""formula"", ""text"": ""x = -2""}, {""bbox"": [809, 817, 1135, 934], ""type"": ""formula"", ""text"": ""x = [illegible] 1,8""}, {""bbox"": [34, 949, 777, 1061], ""type"": ""formula"", ""text"": ""3) 4x + 3 = 6x - 13""}, {""bbox"": [1023, 949, 1702, 1093], ""type"": ""formula"", ""text"": ""4) 5x + (3x - 7) = 9""}, {""bbox"": [34, 1084, 503, 1182], ""type"": ""formula"", ""text"": ""-2x = -16""}, {""bbox"": [1023, 1086, 1702, 1230], ""type"": ""formula"", ""text"": ""5x + 3x - 7 ~~)~~= 9""}, {""bbox"": [34, 1226, 291, 1328], ""type"": ""formula"", ""text"": ""x = - 8""}, {""bbox"": [1011, 1230, 1359, 1352], ""type"": ""formula"", ""text"": ""8 x = 16""}, {""bbox"": [996, 1384, 1209, 1487], ""type"": ""formula"", ""text"": ""x = 2""}, {""bbox"": [31, 1656, 509, 1741], ""type"": ""formula"", ""text"": ""x6 + x = 91""}, {""bbox"": [33, 1796, 370, 1887], ""type"": ""formula"", ""text"": ""7x = 91""}, {""bbox"": [13, 1927, 512, 2022], ""type"": ""formula"", ""text"": ""x = 91 : 7""}, {""bbox"": [13, 2060, 296, 2159], ""type"": ""formula"", ""text"": ""x = 13""}]"
c9b19e87-0d3a-5a6a-b9d1-5ee30edac69c.jpg,[]
3d0acb86-1ebf-5ab8-882c-b9ce02d0f95b.jpg,[]
691695b6-5434-5bd5-b49b-e763a85b7614.jpg,[]
0ae9fc34-d3f4-5fd1-b54e-f0095328f407.jpg,"[{""bbox"": [580, 809, 985, 927], ""type"": ""formula"", ""text"": ""S = a \\cdot a = a^2""}, {""bbox"": [465, 979, 1454, 1100], ""type"": ""formula"", ""text"": ""1.  1) 6 \\cdot 3^2 = 6 \\cdot (3 \\cdot 3) = 6 \\cdot 9 = 54""}, {""bbox"": [526, 1134, 1626, 1229], ""type"": ""formula"", ""text"": ""2) \\ 5 + 4^3 = 5 + 4 \\cdot 4 \\cdot 4 = 5 + 64 = 69""}, {""bbox"": [1245, 1411, 2153, 1516], ""type"": ""formula"", ""text"": ""3) \\quad 4 \\cdot 4 \\cdot 4 \\cdot 4 \\cdot 4 \\cdot 4 \\cdot 4 \\cdot 4 \\cdot 4 = 4^9""}, {""bbox"": [459, 1439, 816, 1548], ""type"": ""formula"", ""text"": ""1) \\quad 7 \\cdot 7 = 7^2""}, {""bbox"": [438, 1608, 895, 1701], ""type"": ""formula"", ""text"": ""2) \\ m = m^4""}, {""bbox"": [414, 1923, 1106, 2016], ""type"": ""formula"", ""text"": ""1) \\quad 2013^2 = 20,3 \\cdot 2013""}, {""bbox"": [393, 2084, 834, 2173], ""type"": ""formula"", ""text"": ""2) \\ b^3 = b \\cdot b \\cdot b""}, {""bbox"": [326, 2955, 1086, 3092], ""type"": ""formula"", ""text"": ""1) \\ 15 \\cdot 15 \\cdot 15 = 15^3""}, {""bbox"": [1421, 2955, 2883, 3072], ""type"": ""formula"", ""text"": ""3) \\ 2 \\cdot 2 \\cdot 2 \\cdot 2 \\cdot 2 \\cdot 2 \\cdot 2 \\cdot 2 \\cdot 2 \\cdot 2 \\cdot 2 \\cdot 2 = 2^{12}""}, {""bbox"": [317, 3157, 1065, 3294], ""type"": ""formula"", ""text"": ""2) \\quad p \\cdot p \\cdot p \\cdot p \\cdot p = p^5""}, {""bbox"": [1421, 3157, 2586, 3273], ""type"": ""formula"", ""text"": ""a) ~~b~~ d * d * d * d * d * d * d * d * d * d * d * d * d * d * d * d * d * d * d * d = d^20""}, {""bbox"": [293, 3407, 613, 3568], ""type"": ""formula"", ""text"": ""t^2 = t \\cdot t""}, {""bbox"": [2319, 3431, 2939, 3576], ""type"": ""formula"", ""text"": ""4) \\ d^6 = d \\cdot d \\cdot d \\cdot d \\cdot d \\cdot d""}, {""bbox"": [861, 3455, 1341, 3568], ""type"": ""formula"", ""text"": ""2) \\ 4^3 = 4 \\cdot 4 \\cdot 4""}, {""bbox"": [1493, 3455, 2107, 3568], ""type"": ""formula"", ""text"": ""3) \\ 7^4 = 7 \\cdot 7 \\cdot 7 \\cdot 7""}]"
bee916cc-46ea-50a4-a19f-4e78c18d27bc.jpg,[]
92727bb1-3812-55c5-a124-ee82c7bed7bf.jpg,[]
c6330fe0-fa3c-5ffb-ac72-b1475b3cffa7.jpg,[]
b924835c-283c-58a8-955d-ddc01d15ea52.jpg,[]
05cc9ea0-844b-544e-b86c-ce3b7dbbf71d.jpg,"[{""bbox"": [1940, 554, 2521, 674], ""type"": ""formula"", ""text"": ""0,7 : 0,1 = 7""}, {""bbox"": [557, 625, 1281, 764], ""type"": ""formula"", ""text"": ""17,3 / 0,1 = 173""}, {""bbox"": [1957, 689, 2722, 831], ""type"": ""formula"", ""text"": ""0,28 / 0,02=28""}, {""bbox"": [535, 757, 1294, 911], ""type"": ""formula"", ""text"": ""7,2 /0,02= 720""}, {""bbox"": [1957, 837, 2810, 969], ""type"": ""formula"", ""text"": ""5,9 : 0,001 = 5 9~~00~~""}, {""bbox"": [548, 898, 1705, 1052], ""type"": ""formula"", ""text"": ""0,185 : 0,001 = 15 200""}, {""bbox"": [532, 1033, 1853, 1192], ""type"": ""formula"", ""text"": ""145,9 : 0,0001 = 145900""}, {""bbox"": [475, 1436, 1367, 1599], ""type"": ""formula"", ""text"": ""2793/5,7=490""}, {""bbox"": [475, 1604, 1353, 1759], ""type"": ""formula"", ""text"": ""195,6 : 0,7 = 279,7""}, {""bbox"": [456, 1743, 1299, 1894], ""type"": ""formula"", ""text"": ""1 2 3 4 5 6""}, {""bbox"": [449, 1911, 1385, 2071], ""type"": ""formula"", ""text"": ""13,82/0,03=3,3""}, {""bbox"": [433, 2082, 1456, 2256], ""type"": ""formula"", ""text"": ""16,7,4/0,62=270""}, {""bbox"": [443, 2266, 1560, 2435], ""type"": ""formula"", ""text"": ""0,57409 : 0,18 = 3,07""}, {""bbox"": [422, 2438, 1533, 2616], ""type"": ""formula"", ""text"": ""5,0075 / 2,5 = 2,003""}, {""bbox"": [417, 2649, 1334, 2802], ""type"": ""formula"", ""text"": ""18 : 1,5 = 12 (""}, {""bbox"": [364, 2926, 1387, 3109], ""type"": ""formula"", ""text"": ""0,408/0,17=24""}]"
c77cc156-6e71-57b6-a6c3-e7a66c7fb200.jpg,[]
699fb03d-7739-549f-a6ea-71c261ab4de2.jpg,"[{""bbox"": [155, 498, 2095, 730], ""type"": ""formula"", ""text"": ""1) (2; 2) ~~*~~ 2х-2:4*2-3*2=2=2 є розв’язком.""}, {""bbox"": [134, 722, 2046, 884], ""type"": ""formula"", ""text"": ""2) (-1;-2)~~↑~~ 4·(-1)-3·(-2)=2~~0~~ є розв’язком.""}, {""bbox"": [121, 862, 1996, 1013], ""type"": ""formula"", ""text"": ""3) (1; 1) 4 · 1 - 3 · 1 = 1 ≠ 2 не є розв’язком.""}, {""bbox"": [113, 1009, 1888, 1194], ""type"": ""formula"", ""text"": ""4) (1; 2/3) 4 * 1 - 3 * 2/3 = 2 = 2 є розв'язком.""}, {""bbox"": [73, 1271, 655, 1494], ""type"": ""formula"", ""text"": ""a) x + 2y = 7""}, {""bbox"": [48, 1644, 783, 1772], ""type"": ""formula"", ""text"": ""3 + 2 . 2 = 7 = 7""}, {""bbox"": [48, 1970, 783, 2120], ""type"": ""formula"", ""text"": ""1 + 2 · 3 = 7 = 7""}, {""bbox"": [0, 2129, 618, 2297], ""type"": ""formula"", ""text"": ""б) 3x - y = 2""}, {""bbox"": [0, 2495, 668, 2615], ""type"": ""formula"", ""text"": ""3 • 2 - 4 = 2 = 2""}, {""bbox"": [40, 2839, 742, 2994], ""type"": ""formula"", ""text"": ""-1 - 1 = 2 = 2""}]"
dbd3b96a-56fe-5bce-8eff-307f133d83c1.jpg,[]
cbadf033-9e36-5256-88ea-1fde8d04880f.jpg,[]
e3dfad3d-cee4-5a31-bba1-efdd309acb9f.jpg,[]
e86b8262-636a-59d1-997c-342f3d8bb857.jpg,"[{""bbox"": [536, 1711, 1446, 2001], ""type"": ""formula"", ""text"": ""Звідси h_B = \\frac{P_r}{P_B} h_r""}]"
b0d50296-2a21-58d8-ab72-9bc21c16c9d7.jpg,[]
68a592fc-e7dd-5abd-a983-9dee524f11c4.jpg,"[{""bbox"": [224, 148, 1283, 296], ""type"": ""formula"", ""text"": ""6) 1) 3 * 14 = 42 (км)""}, {""bbox"": [368, 315, 1230, 435], ""type"": ""formula"", ""text"": ""2) 2 · 18 = 36 (km)""}, {""bbox"": [379, 455, 2294, 616], ""type"": ""formula"", ""text"": ""3) (42 + 36) : (3 + 2) = 78 : 5 = 15,6 (км/год)""}, {""bbox"": [264, 1002, 2018, 1161], ""type"": ""formula"", ""text"": ""7) 120 / 100 * 65 = 1,2 * 65 = 78 (kg)""}, {""bbox"": [308, 1143, 1298, 1263], ""type"": ""formula"", ""text"": ""2) 120 - 78 = 42 (кг)""}, {""bbox"": [233, 1664, 1691, 1806], ""type"": ""formula"", ""text"": ""8) 140 : 100 · 36 = 50,4 (км)""}, {""bbox"": [308, 1806, 1724, 1926], ""type"": ""formula"", ""text"": ""2) 140 : 100 · 34 = 47,6 ( км )""}, {""bbox"": [317, 1951, 1473, 2082], ""type"": ""formula"", ""text"": ""3) 47,6 + 50,4 = 98 (км)""}, {""bbox"": [324, 2091, 1389, 2222], ""type"": ""formula"", ""text"": ""4) 140 - 98 = 42 (км)""}]"
c62d730f-2e6b-5d50-8a62-b918bb6b730d.jpg,"[{""bbox"": [261, 2427, 2669, 2579], ""type"": ""formula"", ""text"": ""(2028-216):4+26910:(25+1)=1812:4+26910:26=453+1035=1488.""}]"
b89d652f-b695-5af6-8d04-0a357f3e5e2d.jpg,"[{""bbox"": [119, 143, 1864, 315], ""type"": ""formula"", ""text"": ""1) a + b = (-5; 2) + (6; -4) = (1; -2)""}, {""bbox"": [100, 291, 2069, 478], ""type"": ""formula"", ""text"": ""2) a - b = (-3; -7) (-7; 4) = (4; -11)""}, {""bbox"": [109, 537, 848, 693], ""type"": ""formula"", ""text"": ""\\vec{a}(-12; -5)""}, {""bbox"": [79, 669, 1501, 868], ""type"": ""formula"", ""text"": ""| \\vec{a} | = \\sqrt{(-12)^2 + (-5)^2} = 13""}]"
2f0840d4-76b7-5436-8a0a-4d75262718c8.jpg,[]
9776da08-c0b7-54e7-b4a1-46832e54d403.jpg,[]
75faa630-1735-5948-8d61-b2f3065fbc0a.jpg,[]
5e01477b-61e8-5309-b95c-851ae6c1649e.jpg,[]
08ebba12-1c42-55b7-ac4c-fbb3c4c8ee19.jpg,[]
694ee9eb-cee0-5485-8eb8-48eff4a8b49b.jpg,"[{""bbox"": [182, 805, 1623, 972], ""type"": ""formula"", ""text"": ""1) 5 · (x - 2) = 5x - 10 = 5x""}, {""bbox"": [187, 977, 1682, 1177], ""type"": ""formula"", ""text"": ""2) (a + 7) · 3 = 3a + 21 = 24a""}, {""bbox"": [185, 1174, 2021, 1337], ""type"": ""formula"", ""text"": ""3) 4 · (2x + 3y) = 8x + 12y = 20xy""}, {""bbox"": [190, 1292, 2166, 1520], ""type"": ""formula"", ""text"": ""4) (7a - 2d) * 6 = 42a - 12d = 30ad""}, {""bbox"": [363, 1684, 2592, 1849], ""type"": ""formula"", ""text"": ""1) 125x · 4 = 500x = 500 · 27 = 13 500""}, {""bbox"": [352, 1868, 1430, 2058], ""type"": ""formula"", ""text"": ""2) 4p · 25k = 100pk.""}, {""bbox"": [198, 2261, 1896, 2385], ""type"": ""formula"", ""text"": ""113=100 · 2260=226000""}]"
fc3cd03b-3b86-5126-91d2-429cad57292b.jpg,[]
9d8da901-5b12-5d62-81a1-962131df319d.jpg,[]
5468e01f-8f92-5b15-a43d-e1c1269b0b64.jpg,[]
1159dc24-6691-5129-864d-8658159475f9.jpg,[]
7660ac64-e65f-5f41-9ca4-ec8c0004eb2b.jpg,"[{""bbox"": [1019, 54, 1885, 282], ""type"": ""formula"", ""text"": ""= 5 · 12 = 60 м""}, {""bbox"": [1048, 306, 2118, 512], ""type"": ""formula"", ""text"": ""| V = 60 : 60 = 1 м/с""}]"
69e664d8-6a20-57a1-a841-19e9998cc866.jpg,[]
c340fefe-2c7b-538c-9716-a6e3b4369afe.jpg,[]
7c36a673-b071-54ea-85ce-4c0a83c75bd2.jpg,[]
abf3a9d8-68ba-5eec-9435-9aad1d8db063.jpg,"[{""bbox"": [101, 26, 2453, 165], ""type"": ""formula"", ""text"": ""ABC^2 = 4^2 + 5^2 - 2 * 4 * 5 * 0,4 = 16 + 25 - 16 = 25""}, {""bbox"": [101, 238, 616, 369], ""type"": ""formula"", ""text"": ""AB = 5 cm""}, {""bbox"": [164, 906, 1638, 1127], ""type"": ""formula"", ""text"": ""~~В~~ Розв'язання: 2*х/sin<M=х/sin<K""}, {""bbox"": [237, 1200, 886, 1485], ""type"": ""formula"", ""text"": ""2*х/sin<u=х/(1/4)""}, {""bbox"": [237, 1566, 886, 1821], ""type"": ""formula"", ""text"": ""2*х/sin<M=4х""}, {""bbox"": [237, 1785, 886, 1983], ""type"": ""formula"", ""text"": ""sin<M=1/2""}, {""bbox"": [237, 2041, 735, 2183], ""type"": ""formula"", ""text"": ""<M= 30°""}]"
e1b0696e-ca2d-5fb9-a470-c1e3c5dd4ff3.jpg,[]
6948aa5f-cf32-50a7-8584-b188edfeb141.jpg,"[{""bbox"": [1539, 181, 2817, 390], ""type"": ""formula"", ""text"": ""V = l/t = V = 380/120 = 3,16 м/сек.""}, {""bbox"": [2062, 977, 2811, 1092], ""type"": ""formula"", ""text"": ""13 · 3 = 39 (км)""}, {""bbox"": [329, 1109, 577, 1261], ""type"": ""formula"", ""text"": ""l = ?""}, {""bbox"": [303, 1628, 991, 1759], ""type"": ""formula"", ""text"": ""V = 10 · км/с""}, {""bbox"": [1391, 1641, 3022, 1786], ""type"": ""formula"", ""text"": ""36000 : 10 = 36000 сек = 600 хв.""}, {""bbox"": [287, 1800, 1311, 1963], ""type"": ""formula"", ""text"": ""l = 360 000 км""}, {""bbox"": [258, 2010, 522, 2166], ""type"": ""formula"", ""text"": ""t = ?""}]"
cb9104c0-a93e-53ab-926d-6e783c87f89a.jpg,[]
7f73dbdc-7d97-5978-bacb-676f7afca894.jpg,[]
b71576a0-36e2-5b4e-9c1a-72b464f6772c.jpg,[]
2a5a4711-c56e-5cf6-b1fe-c37d3a6ec2f7.jpg,"[{""bbox"": [0, 787, 196, 948], ""type"": ""formula"", ""text"": ""-6+""}, {""bbox"": [0, 1049, 226, 1154], ""type"": ""formula"", ""text"": ""13+6""}, {""bbox"": [0, 1242, 224, 1407], ""type"": ""formula"", ""text"": ""412-""}]"
b57774d5-b316-5936-b052-112695e9b88a.jpg,[]
2ca62ebf-d055-526e-a8c2-f47df9d4145e.jpg,"[{""bbox"": [460, 456, 997, 597], ""type"": ""formula"", ""text"": ""1: 2000 см""}, {""bbox"": [347, 603, 1033, 825], ""type"": ""formula"", ""text"": ""1) 1 \\cdot 20 = 20 (\\text{м})""}, {""bbox"": [340, 816, 1084, 995], ""type"": ""formula"", ""text"": ""2) 3 \\cdot 20 = 60 (M)""}, {""bbox"": [332, 995, 1111, 1191], ""type"": ""formula"", ""text"": ""3) 3,5 \\cdot 20 = 70 (м)""}, {""bbox"": [328, 1181, 1260, 1370], ""type"": ""formula"", ""text"": ""4) 10,4 \\cdot 20 = 208 (\\text{м})""}, {""bbox"": [344, 1836, 1086, 1960], ""type"": ""formula"", ""text"": ""1: 100 000 см""}, {""bbox"": [335, 2030, 1224, 2190], ""type"": ""formula"", ""text"": ""1) 2,9 \\cdot 1 = 2,9 (KM)""}, {""bbox"": [308, 2232, 1170, 2405], ""type"": ""formula"", ""text"": ""2) 3,6 · 1 = 3,6 (км)""}, {""bbox"": [291, 2448, 1175, 2617], ""type"": ""formula"", ""text"": ""3) 3,7 · 1 = 3,7 (км)""}]"
6b8e93e3-6e2d-58ca-96ca-b9aeabb7b35d.jpg,[]
ae2db30f-97bd-51f0-a957-67a07fc6b6ef.jpg,"[{""bbox"": [92, 434, 473, 514], ""type"": ""formula"", ""text"": ""4) 11x - 9 = 4x + 19""}, {""bbox"": [106, 512, 490, 582], ""type"": ""formula"", ""text"": ""~~7~~11x - 4x = 19 + 9""}, {""bbox"": [122, 587, 299, 650], ""type"": ""formula"", ""text"": ""7x = 28""}, {""bbox"": [103, 663, 205, 719], ""type"": ""formula"", ""text"": ""x = 4""}, {""bbox"": [103, 720, 673, 800], ""type"": ""formula"", ""text"": ""7x - 5(2x + 1) = 5x + 15""}, {""bbox"": [103, 782, 605, 866], ""type"": ""formula"", ""text"": ""7x - 10~~)~~ x - 5 = 5x + 15""}, {""bbox"": [101, 866, 724, 945], ""type"": ""formula"", ""text"": ""7x-10x-5x=15+5""}, {""bbox"": [92, 949, 349, 1033], ""type"": ""formula"", ""text"": ""- 8 x = 20""}, {""bbox"": [86, 1016, 262, 1109], ""type"": ""formula"", ""text"": ""x = -20/8""}, {""bbox"": [91, 1109, 281, 1218], ""type"": ""formula"", ""text"": ""x = - 2,5""}]"
d8d1c3fc-3bff-5c0f-98f1-1b4f3b5ec07e.jpg,[]
c863ef67-1479-518d-b08b-e1c25b7875c6.jpg,[]
270972a8-f6e9-56f0-95bb-941d0d773e9b.jpg,[]
c21c512a-0963-5d83-9454-c08b518c627d.jpg,"[{""bbox"": [429, 1193, 1681, 1322], ""type"": ""formula"", ""text"": ""1.  a)  (1,1 + 2,9) : 2 = 4 : 2 = 2;""}, {""bbox"": [429, 1322, 2258, 1451], ""type"": ""formula"", ""text"": ""б) (0,289 + 0,32) : 2 = 0,609 : 2 = 0,3045.""}, {""bbox"": [41, 1416, 291, 1524], ""type"": ""formula"", ""text"": "":5=""}, {""bbox"": [429, 1451, 2398, 1609], ""type"": ""formula"", ""text"": ""2.  a)  (2,7 + 2,5 + 3,2 + 4,9 + 2,2) : 5 = 15,5 : 5 =""}, {""bbox"": [429, 1584, 659, 1749], ""type"": ""formula"", ""text"": ""= 3, 1;""}, {""bbox"": [429, 1749, 2192, 1882], ""type"": ""formula"", ""text"": ""б) (7,3 + 6,2 + 4,9 + 5,2) : 4 = 23,6 : 4 = 5,9.""}, {""bbox"": [429, 1882, 2503, 2034], ""type"": ""formula"", ""text"": ""3. (17,6 + 16,9 + 18,5 + 16,9 + 16,6) : 5 = 86,5 : 5 =""}, {""bbox"": [3, 2468, 177, 2573], ""type"": ""formula"", ""text"": ""6):""}, {""bbox"": [416, 2487, 1430, 2645], ""type"": ""formula"", ""text"": ""4. (x + 3,8 + 4,7) : 3 = 4,3""}, {""bbox"": [395, 2655, 1308, 2794], ""type"": ""formula"", ""text"": ""(x + 3.8 + 4.7) = (x + 8.5)""}, {""bbox"": [1328, 2850, 1539, 3098], ""type"": ""formula"", ""text"": ""\\begin{array}{r} 4,3 \\\\ * 3 \\\\ \\hline 12,9 \\end{array}""}, {""bbox"": [399, 2851, 1082, 2984], ""type"": ""formula"", ""text"": ""x + 8,5 = 4,3 * 3""}, {""bbox"": [399, 3019, 1012, 3128], ""type"": ""formula"", ""text"": ""x + 8,5 = 12,9""}, {""bbox"": [399, 3153, 1014, 3286], ""type"": ""formula"", ""text"": ""x = 12,9 - 8,5""}, {""bbox"": [1252, 3153, 1537, 3432], ""type"": ""formula"", ""text"": ""\\begin{array}{r} 12,6 \\\\ -8,5 \\\\ \\hline 4,4 \\end{array}""}, {""bbox"": [399, 3286, 686, 3419], ""type"": ""formula"", ""text"": ""x = 4,4""}, {""bbox"": [374, 3419, 1379, 3582], ""type"": ""formula"", ""text"": ""(4,4 + 3,8 + 4,7) : 3 = 4,3.""}]"
d48a93fa-9a0a-53de-9054-c21a141403e0.jpg,[]
41db4a2d-daa6-5751-933b-d0441c552f46.jpg,[]
4c3eb6e5-50a9-5431-aaba-1f9d863bfaec.jpg,[]
4aef6e92-1efe-538e-8a4e-1937a2df6eee.jpg,"[{""bbox"": [1216, 718, 1751, 834], ""type"": ""formula"", ""text"": ""v = v_0 + at""}, {""bbox"": [427, 784, 1150, 910], ""type"": ""formula"", ""text"": ""V_0 = 54 \\text{ км/год} =""}, {""bbox"": [1216, 840, 1687, 982], ""type"": ""formula"", ""text"": ""at = v - v_0""}, {""bbox"": [366, 906, 1156, 1050], ""type"": ""formula"", ""text"": ""= 54 * 1000 м / 3600 с = 15 м/с""}, {""bbox"": [1246, 992, 1734, 1137], ""type"": ""formula"", ""text"": ""t = v - v_0/a""}, {""bbox"": [427, 1082, 845, 1213], ""type"": ""formula"", ""text"": ""v_1 = 5 \\text{ м/с}""}, {""bbox"": [1216, 1136, 2243, 1304], ""type"": ""formula"", ""text"": ""t = \\frac{15 \\mu/c - 5 \\mu/c}{0,5 \\mu/c^2} = 20 c""}, {""bbox"": [427, 1224, 905, 1340], ""type"": ""formula"", ""text"": ""a = 0,5 \\mu/c^2""}, {""bbox"": [427, 1396, 572, 1499], ""type"": ""formula"", ""text"": ""t - ?""}, {""bbox"": [295, 1876, 826, 1999], ""type"": ""formula"", ""text"": ""v_x = -20 + 5t""}, {""bbox"": [959, 1876, 1483, 1999], ""type"": ""formula"", ""text"": ""V_0 = 20 \\mu / c^2""}, {""bbox"": [295, 2009, 905, 2199], ""type"": ""formula"", ""text"": ""t - ?; V - ?; a - ?""}, {""bbox"": [959, 2042, 1417, 2164], ""type"": ""formula"", ""text"": ""a = 5 m/c""}, {""bbox"": [308, 2240, 847, 2359], ""type"": ""formula"", ""text"": ""о = -20 + 5t""}, {""bbox"": [295, 2406, 640, 2538], ""type"": ""formula"", ""text"": ""5t = 20""}, {""bbox"": [269, 2595, 697, 2727], ""type"": ""formula"", ""text"": ""t = 20 : 5""}, {""bbox"": [237, 2800, 544, 2926], ""type"": ""formula"", ""text"": ""t = 5c""}]"
7101e1d4-7ba4-5ecb-8e6f-130d0439ca3e.jpg,[]
58fdd2f4-375b-55ef-957a-79f9f5220866.jpg,"[{""bbox"": [0, 176, 734, 372], ""type"": ""formula"", ""text"": ""R = R_0 (1 + \\alpha t)""}]"
94aefe28-a292-5c4c-bce2-fb43e1876854.jpg,[]
35223a2c-0c69-5ee2-aca8-e5bffd51b70e.jpg,[]
094d93ec-8990-576e-8696-3e00651c3a27.jpg,"[{""bbox"": [92, 1087, 331, 1172], ""type"": ""formula"", ""text"": ""5*4=20""}, {""bbox"": [107, 1985, 640, 2057], ""type"": ""formula"", ""text"": ""4*3*2*1=12*2=24""}, {""bbox"": [107, 2504, 362, 2570], ""type"": ""formula"", ""text"": ""5=8=13""}, {""bbox"": [125, 2886, 352, 2957], ""type"": ""formula"", ""text"": ""5*8=40""}]"
8f8e6637-3459-5be2-8ebe-6b66ca5ba62a.jpg,[]
760d2e61-ea94-5332-ab29-b4f75d635f37.jpg,[]
5794c5e2-22bd-5d73-a646-a4e1a39f6cde.jpg,"[{""bbox"": [376, 658, 747, 730], ""type"": ""formula"", ""text"": ""31 37 41""}, {""bbox"": [36, 849, 204, 942], ""type"": ""formula"", ""text"": ""6 = 15""}, {""bbox"": [296, 1280, 725, 1356], ""type"": ""formula"", ""text"": ""1) 8 = 2 ⋅ 2 ⋅ 2""}, {""bbox"": [860, 1281, 1283, 1352], ""type"": ""formula"", ""text"": ""6) 18 = 2 · 3 · 3""}, {""bbox"": [298, 1365, 619, 1437], ""type"": ""formula"", ""text"": ""2) 10 = 2 ⋅ 5""}, {""bbox"": [855, 1377, 1286, 1448], ""type"": ""formula"", ""text"": ""7) 20 = 2 ⋅ 5""}, {""bbox"": [855, 1461, 1216, 1537], ""type"": ""formula"", ""text"": ""8) 25 = 5 · 5""}, {""bbox"": [288, 1466, 703, 1541], ""type"": ""formula"", ""text"": ""3) 12 = 2 · 2 · 3""}, {""bbox"": [271, 1556, 611, 1633], ""type"": ""formula"", ""text"": ""4) 14 = 2 · 7""}, {""bbox"": [853, 1565, 1292, 1655], ""type"": ""formula"", ""text"": ""9) 27 = 3 ⋅ 3 ⋅ 3""}, {""bbox"": [261, 1645, 570, 1746], ""type"": ""formula"", ""text"": ""5) 17 = 17""}, {""bbox"": [845, 1671, 1207, 1746], ""type"": ""formula"", ""text"": ""10) 31 = 31""}, {""bbox"": [215, 1867, 553, 1942], ""type"": ""formula"", ""text"": ""1) 48 = 2^4 ⋅ 3""}, {""bbox"": [236, 1969, 749, 2063], ""type"": ""formula"", ""text"": ""2) 105 = 3 · 5 · 7""}]"
c0c23483-5307-5e95-aa4f-d33a18d390c4.jpg,[]
97a3c3d2-a680-5e95-9517-c7a2a8c19cab.jpg,"[{""bbox"": [286, 174, 2035, 299], ""type"": ""formula"", ""text"": ""1) CD = \\sqrt{(14 + 2)^2 + (16 + 4)^2} = \\sqrt{36 + 64} = \\sqrt{100} = 10""}, {""bbox"": [270, 299, 1735, 407], ""type"": ""formula"", ""text"": ""2) CD = \\sqrt{(7 - 6)^2 + (1 - (-3))^2 = \\sqrt{1 + 16} = \\sqrt{17}""}, {""bbox"": [1031, 527, 2049, 672], ""type"": ""formula"", ""text"": ""A(5;-7), B(-2;8), C(-10;-15)""}, {""bbox"": [995, 736, 2163, 890], ""type"": ""formula"", ""text"": ""AB = \\sqrt{(-3-5)^2+(8+7)^2} = \\sqrt{64+225} =""}, {""bbox"": [1079, 890, 1390, 998], ""type"": ""formula"", ""text"": ""= 17 (см)""}, {""bbox"": [1021, 979, 2009, 1109], ""type"": ""formula"", ""text"": ""AC = \\sqrt{(1-10-5)^2+(-15+7)^2} =""}, {""bbox"": [352, 1101, 1205, 1226], ""type"": ""formula"", ""text"": ""= \\sqrt{225 + 64} = 17 (см)""}, {""bbox"": [1195, 1456, 1883, 1581], ""type"": ""formula"", ""text"": ""A(-2; 4), B(2; -8).""}, {""bbox"": [336, 1682, 1475, 1830], ""type"": ""formula"", ""text"": ""C((-2+2)/2; 4-8)/2) ; C(0;-2)""}, {""bbox"": [306, 1955, 1674, 2072], ""type"": ""formula"", ""text"": ""DC = \\sqrt{(0-0)^2+(-2-0)^2} = \\sqrt{4} = 2 (см)""}, {""bbox"": [340, 2152, 1434, 2280], ""type"": ""formula"", ""text"": ""M(-4;5), N(-10;7), K(8;1)""}, {""bbox"": [306, 2280, 2083, 2405], ""type"": ""formula"", ""text"": ""MN = \\sqrt{(-10 + 4)^2 + (7 - 5)^2} = \\sqrt{36 + 4} = \\sqrt{40} = 2\\sqrt{10}""}, {""bbox"": [306, 2405, 2155, 2529], ""type"": ""formula"", ""text"": ""MK = \\sqrt{(8 + 4)^2 + (1 - 5)^2} = \\sqrt{144 + 16} = \\sqrt{160} = 4\\sqrt{10}""}, {""bbox"": [306, 2529, 2183, 2654], ""type"": ""formula"", ""text"": ""NK = \\sqrt{(8+10)^2 + (1-7)^2} = \\sqrt{324+36} = \\sqrt{360} = 6\\sqrt{10}""}, {""bbox"": [1208, 2654, 2303, 2803], ""type"": ""formula"", ""text"": ""NK = MN + NK = 2√10 + 4√10""}, {""bbox"": [1213, 2834, 1525, 2932], ""type"": ""formula"", ""text"": ""= 6 \\sqrt{10}""}]"
9a6683cb-7ad0-5a7f-a900-265ad5dadc69.jpg,[]
440d30ef-ff7a-5a6e-8473-ee71da34d784.jpg,[]
be485051-28ff-5487-b439-f7df2a2f937c.jpg,[]
a6f3dd62-e034-5e24-ac0c-772810915416.jpg,"[{""bbox"": [271, 90, 1230, 287], ""type"": ""formula"", ""text"": ""3x + 2 = x + 18""}, {""bbox"": [238, 279, 924, 467], ""type"": ""formula"", ""text"": ""3x-x = 18-2""}, {""bbox"": [281, 482, 816, 663], ""type"": ""formula"", ""text"": ""2x = 16""}, {""bbox"": [281, 693, 879, 857], ""type"": ""formula"", ""text"": ""x = 16 : 2""}]"
7c13a034-b05e-5fc0-97af-b243a0db3b2b.jpg,[]
70a719a6-d967-5787-a584-f67efd5e6e2b.jpg,[]
815d6074-65a9-54f1-86a2-feb30adfa82b.jpg,"[{""bbox"": [138, 540, 799, 589], ""type"": ""formula"", ""text"": ""1) 732 ≈ 730; 397 ≈ 400; 4-7~~0~~ ≈ 410.""}]"
b48ccdf7-033c-5702-89e1-bdcd55febd4b.jpg,"[{""bbox"": [0, 428, 255, 606], ""type"": ""formula"", ""text"": ""5*0=""}, {""bbox"": [366, 432, 1182, 603], ""type"": ""formula"", ""text"": ""9. а = 2019""}, {""bbox"": [433, 595, 2538, 941], ""type"": ""formula"", ""text"": ""((4√а - 4) / (4√а + 4) + (4√а + 4) / (4√а - 4)) ⋅ (√а - 16) / (64 + 4√а) =""}, {""bbox"": [406, 901, 2344, 1260], ""type"": ""formula"", ""text"": ""= ((4\\sqrt{а} - 4)^2 + (4\\sqrt{а} + 4)^2) / (4\\sqrt{а} + 4)(4\\sqrt{а} - 4) * (\\sqrt{а} - 4) / (64 + 4\\sqrt{а}) =""}, {""bbox"": [346, 1238, 2399, 1584], ""type"": ""formula"", ""text"": ""= ((4√а)^2 - 8^4√а + 16 + (4√а)^2 + 8^4√а + 16) / ((4√а)^2 - 16) ⋅""}, {""bbox"": [11, 1443, 255, 1762], ""type"": ""formula"", ""text"": ""1/tg π/7 =""}, {""bbox"": [385, 1574, 2612, 1888], ""type"": ""formula"", ""text"": "".  ~~(√а - 16)~~ 64 + 4~~√а~~ = 2~~√а~~ + 32 ~~(√а - 16)~~ * ~~(√а - 16)~~ 2(32 + 2~~√а~~) =""}, {""bbox"": [370, 1880, 1256, 2123], ""type"": ""formula"", ""text"": ""= 1/2 = 0,5""}, {""bbox"": [315, 2432, 1024, 2629], ""type"": ""formula"", ""text"": ""1. I - 2/3""}, {""bbox"": [531, 2625, 1063, 2842], ""type"": ""formula"", ""text"": ""II - 1/3""}, {""bbox"": [282, 3254, 1224, 3455], ""type"": ""formula"", ""text"": ""2.  4^(2х - 3) = 16""}, {""bbox"": [548, 3448, 1317, 3665], ""type"": ""formula"", ""text"": ""4^(2х - 3) = 4^2""}, {""bbox"": [623, 3603, 1995, 3819], ""type"": ""formula"", ""text"": ""2x - 3 = 2, 2x = 5,""}]"
1ddaf9b4-82bc-5bdf-9a39-704515eef6b0.jpg,[]
80c2c8ad-8950-52c9-a78b-7cdfdd47e0e3.jpg,[]
3ff7702a-0e43-5a5e-9706-d38c12c4006e.jpg,[]
fc19531a-8872-5116-89f6-a0ed2454e11e.jpg,[]
af92f7d4-e539-53fe-a1da-329664f36ee3.jpg,"[{""bbox"": [87, 328, 621, 411], ""type"": ""formula"", ""text"": ""1) (1,15 + x) \\cdot 3,8 = 9,5""}, {""bbox"": [113, 393, 1102, 476], ""type"": ""formula"", ""text"": ""1,15 + x = 9,5 : 3,8 = 9,5 * 10 : 3,8 * 10 = 95 : 38""}, {""bbox"": [107, 481, 405, 544], ""type"": ""formula"", ""text"": ""1,15 + x = 2,5""}, {""bbox"": [98, 555, 374, 621], ""type"": ""formula"", ""text"": ""x = 2,5 - 1,15""}, {""bbox"": [103, 632, 281, 688], ""type"": ""formula"", ""text"": ""x = 1,35""}, {""bbox"": [72, 696, 510, 760], ""type"": ""formula"", ""text"": ""2) \\quad 9 : (7,8 - x) = 3,6""}, {""bbox"": [78, 775, 381, 830], ""type"": ""formula"", ""text"": ""7,8 - x = 9 : 3,6""}, {""bbox"": [79, 850, 312, 914], ""type"": ""formula"", ""text"": ""7,8 - x = 2,5""}, {""bbox"": [82, 916, 321, 982], ""type"": ""formula"", ""text"": ""x = 7,8 - 2,5""}, {""bbox"": [80, 999, 208, 1051], ""type"": ""formula"", ""text"": ""x = 5,3""}, {""bbox"": [75, 1060, 570, 1124], ""type"": ""formula"", ""text"": ""3) 27,6 + 14,6x = 64,1""}, {""bbox"": [87, 1142, 503, 1200], ""type"": ""formula"", ""text"": ""14,6x = 64,1 - 27,6""}, {""bbox"": [85, 1222, 352, 1275], ""type"": ""formula"", ""text"": ""14,6x = 36,5""}, {""bbox"": [77, 1291, 390, 1359], ""type"": ""formula"", ""text"": ""x = 36,5 : 14,6""}, {""bbox"": [78, 1365, 231, 1412], ""type"": ""formula"", ""text"": ""x = 2,5""}, {""bbox"": [75, 1416, 546, 1496], ""type"": ""formula"", ""text"": ""4) 36,5 : x -+ 8,1 = 6,5""}]"
78327536-7faf-531b-bbad-7365b3795bea.jpg,[]
42008893-6380-545d-b11e-cba6ae1c96cf.jpg,[]
474d67b2-9632-52db-86ff-f6f9312a663d.jpg,"[{""bbox"": [834, 90, 1130, 163], ""type"": ""formula"", ""text"": ""mg + Fтертя + N = ma -""}, {""bbox"": [59, 115, 357, 167], ""type"": ""formula"", ""text"": ""V0 = 54 км/год = 15 м/с""}, {""bbox"": [79, 165, 228, 208], ""type"": ""formula"", ""text"": ""М = 0,75""}, {""bbox"": [82, 203, 171, 239], ""type"": ""formula"", ""text"": ""V = 0""}, {""bbox"": [93, 236, 262, 286], ""type"": ""formula"", ""text"": ""ρ = 10 м/с^2""}, {""bbox"": [840, 278, 1100, 324], ""type"": ""formula"", ""text"": ""ОХ: -Fтертя = -ma""}, {""bbox"": [89, 318, 177, 362], ""type"": ""formula"", ""text"": ""S - ?""}, {""bbox"": [861, 323, 1050, 373], ""type"": ""formula"", ""text"": ""Fтертя = ma""}, {""bbox"": [95, 352, 172, 401], ""type"": ""formula"", ""text"": ""t - ?""}, {""bbox"": [176, 589, 571, 638], ""type"": ""formula"", ""text"": ""OY: -mg + N = 0  N = mg""}, {""bbox"": [197, 677, 453, 716], ""type"": ""formula"", ""text"": ""mmg = ma; a = m⋅g""}, {""bbox"": [182, 780, 1109, 870], ""type"": ""formula"", ""text"": ""S_2 = \\frac{V_x^2 - V_0^2}{2 \\cdot a_x}; \\text{ бо } \\frac{V_0^2}{2 \\cdot a} = \\frac{V_0^2}{2 \\cdot (-3)} = \\frac{15 \\text{ м/с}}{2 \\cdot 0,75 \\cdot 10 \\text{ м/с}^2} = \\frac{15 \\text{ м/с} \\cdot 15 \\text{ м/с}}{15 \\text{ м/с}^2} = 15 \\text{ м}""}, {""bbox"": [228, 911, 784, 985], ""type"": ""formula"", ""text"": ""Vx = Vax + axt   0 = V0 - at   t = V0/a = V0/Mg""}, {""bbox"": [232, 980, 490, 1057], ""type"": ""formula"", ""text"": ""t = 15 м/с / 0,75 ⋅10 м/с = 20""}]"
14eb361e-22ca-5f13-a5eb-eb6c74c33eb2.jpg,[]
8b2c80f5-d5fc-574b-880d-662573240a04.jpg,[]
17ae85ca-d17e-5147-81a7-4aee41377d04.jpg,[]
81b06ae5-5fef-52c9-9084-156f60c9ad17.jpg,"[{""bbox"": [170, 642, 778, 744], ""type"": ""formula"", ""text"": ""2x + 3(15 - x = 38;""}, {""bbox"": [170, 733, 764, 867], ""type"": ""formula"", ""text"": ""2 x + 45 - 3 x = 38 ;""}, {""bbox"": [155, 861, 301, 940], ""type"": ""formula"", ""text"": ""x = 7.""}]"
0bb34291-3739-583e-8cee-6ad904eec6c9.jpg,[]
b0613a20-7d4f-5ae0-b79c-bb066d0b4a1e.jpg,[]
4b57ed3c-6cf6-5ec5-b960-3d2c9247281c.jpg,[]
0b88587f-fa10-56a8-91a6-61c6b2aa2b5f.jpg,[]
2ec08df8-d342-5071-8191-ae78a8a9309a.jpg,[]
155d7cae-48e4-534f-8711-20ce357d6e9d.jpg,"[{""bbox"": [286, 835, 1809, 1001], ""type"": ""formula"", ""text"": ""1) 3610 : 100 = 36,1 (ц/хв)""}, {""bbox"": [271, 1018, 1782, 1159], ""type"": ""formula"", ""text"": ""2) 3780 : 100 = 37, 8 (ц/га)""}, {""bbox"": [266, 1193, 1865, 1333], ""type"": ""formula"", ""text"": ""3) 3 5 4 5 / 100 = 35, 45 (4/201)""}, {""bbox"": [259, 1381, 1861, 1510], ""type"": ""formula"", ""text"": ""4) 3565 / 100 = 35,65 (ц)""}, {""bbox"": [240, 1553, 2547, 1686], ""type"": ""formula"", ""text"": ""5) [36,1 + 37,8 + 35,45 + 35,65] / 4 = 36,25""}, {""bbox"": [263, 2288, 2894, 2450], ""type"": ""formula"", ""text"": ""(18,7 + 17,5 · 2 + 48 · 3) : 6 = (18,7 + 35,7 + 54) : 6""}, {""bbox"": [286, 2479, 1317, 2642], ""type"": ""formula"", ""text"": ""= 17,95 (км/год)""}, {""bbox"": [240, 3262, 1693, 3414], ""type"": ""formula"", ""text"": ""(45,3 + 39,7 + x) : 3 = 42,7""}, {""bbox"": [270, 3468, 1208, 3610], ""type"": ""formula"", ""text"": ""85 + x = 42,7 + 35""}, {""bbox"": [277, 3667, 1081, 3800], ""type"": ""formula"", ""text"": ""85 + x = 128,1""}]"
71da1af5-3b3f-5500-b4ba-54e98b07173b.jpg,[]
e8f5021b-94dc-59dc-aba5-f3d8df6fce5a.jpg,[]
671922a2-861a-5982-a053-171d4f64cb1a.jpg,[]
1b4a88b5-4461-5048-ad13-f5b73b2e63d8.jpg,[]
28ef87d2-d96b-5c75-b0de-8369d22d109b.jpg,[]
555a9b52-6dbd-541c-819d-9a3818a86432.jpg,"[{""bbox"": [470, 1331, 1188, 1493], ""type"": ""formula"", ""text"": ""AB = \\frac{1}{2} \\cdot 4 = 2 см""}, {""bbox"": [469, 1539, 1411, 1743], ""type"": ""formula"", ""text"": ""P/І = 2 * 12 = 24 см""}, {""bbox"": [579, 2140, 1875, 2352], ""type"": ""formula"", ""text"": ""x = \\frac{180(20-2)}{20} = 9 \\cdot 18 = 162°""}, {""bbox"": [1144, 2589, 2736, 2733], ""type"": ""formula"", ""text"": ""AB = 4 см, KL = 6 см, LM = 9 см""}, {""bbox"": [303, 3532, 1366, 3658], ""type"": ""formula"", ""text"": ""OK = 3 см ; BC = 6 см""}]"
cc4fd05c-8a35-5df7-9b91-45880b4ef51f.jpg,[]
7148d8bd-5102-5e7a-8a0c-febe0ee498d2.jpg,[]
b0c25a7d-b677-50d9-b176-699660fca87a.jpg,[]
658315a6-f0e7-5473-adce-58f68b7626ee.jpg,[]
50828b21-cc25-50a7-bf2c-837b3d92012e.jpg,[]
55411e45-5a5b-535b-a62e-fb31a8e652e3.jpg,"[{""bbox"": [507, 1111, 915, 1213], ""type"": ""formula"", ""text"": ""560 : 90 = 40""}, {""bbox"": [382, 1500, 1095, 1644], ""type"": ""formula"", ""text"": ""2) 80-10=70(км/год)""}, {""bbox"": [359, 1590, 1009, 1742], ""type"": ""formula"", ""text"": ""3) 560 : 70 = 8 (год)""}, {""bbox"": [325, 2406, 870, 2491], ""type"": ""formula"", ""text"": ""329+х=1351""}, {""bbox"": [219, 2760, 1608, 2901], ""type"": ""formula"", ""text"": ""8. (1203400-875992): 76+614*309""}, {""bbox"": [266, 2891, 1462, 3021], ""type"": ""formula"", ""text"": ""1) 1203400-875992=327408""}, {""bbox"": [224, 3015, 1125, 3136], ""type"": ""formula"", ""text"": ""2) 327408 : 76 = 4308""}, {""bbox"": [208, 3150, 1124, 3266], ""type"": ""formula"", ""text"": ""3)614*309=189726""}, {""bbox"": [186, 3286, 1367, 3426], ""type"": ""formula"", ""text"": ""4) 4308+189726=194034""}]"
250c3077-ea5f-5bcb-8891-74c7dcf1445a.jpg,[]
dee50de9-72ea-5da7-8f5f-b8b8d6e36e96.jpg,[]
4d35f975-4125-5ef7-bffb-79ecfa360249.jpg,[]
01cfdf7e-9de1-5598-aebf-77246d83eacb.jpg,[]
8cbdcfbc-ee7f-5829-9c28-e610396d8145.jpg,[]
10d2b96a-0ecd-5d97-9723-c46b61a4f735.jpg,[]
c5e18cc5-add9-55f5-b448-b9208dc10e7e.jpg,[]
d8944069-1a97-58cb-a4f1-aa731c0a53f1.jpg,[]
3c20151f-2563-5bd9-a4a7-5eacceae8076.jpg,"[{""bbox"": [148, 1170, 1336, 1632], ""type"": ""formula"", ""text"": ""\\begin{aligned} -2x - 4y &= -12 \\\\ 2x - 3y &= -2 \\end{aligned}""}, {""bbox"": [1567, 1711, 2476, 2059], ""type"": ""formula"", ""text"": ""\\begin{cases} 2x - 5y = 8 \\\\ -8y = 10 \\end{cases}""}, {""bbox"": [2396, 1935, 2984, 2340], ""type"": ""formula"", ""text"": ""\\left( \\begin{array}{l} x = -1 \\\\ y = -2 \\end{array} \\right.""}]"
4eb2d6c1-daeb-5bb7-94f6-b89a7cb6d9d2.jpg,[]
61dda061-9c01-5ca2-bc06-57790cdbd6d5.jpg,[]
234a404a-02ef-5ac9-96bb-03d0a511822c.jpg,[]
796420e3-566e-5f11-ae05-43b8e3d8792b.jpg,[]
74a91432-1cb0-53d6-b613-f1189f6b0719.jpg,[]
d2021450-f13f-57c4-8d54-e0ee6b73d916.jpg,[]
dc8755c4-8649-540f-bb56-ee3591ed45d3.jpg,[]
3a2915ac-fd38-5b94-b7fd-b6278984940d.jpg,[]
d8f4b4b8-e221-55d5-b3f1-1d142b684826.jpg,[]
9cbd5bf3-8ea0-55f8-a607-b5560a26171c.jpg,[]
17c7de90-aa2f-58da-8269-271c9ac68a57.jpg,[]
45c7117b-091f-5cf5-b95b-851927bf0ad4.jpg,[]
13e5999b-2046-53f0-99ec-00e05dcf716c.jpg,[]
3afab00f-c63e-5ae3-ab37-8cb7392c40de.jpg,[]
bd13454a-6174-54b2-94f7-87e8542d543d.jpg,[]
afbfc241-5e0f-5c47-a5e9-aea2a9494b7c.jpg,"[{""bbox"": [489, 0, 2072, 82], ""type"": ""formula"", ""text"": ""1) ~~(14 + 11)~~ · 2 = 1~~2~~ : 2 = 12,5""}, {""bbox"": [463, 138, 2226, 248], ""type"": ""formula"", ""text"": ""2) (21 + 27 + 30) : 3 = 78 : 3 = 26""}, {""bbox"": [450, 309, 2878, 482], ""type"": ""formula"", ""text"": ""3) (29,2 + 31,5 + 42,3 + 41,8) : 4 = 144,8 : 4 =""}, {""bbox"": [418, 491, 760, 596], ""type"": ""formula"", ""text"": ""= 36,2""}, {""bbox"": [425, 664, 2262, 786], ""type"": ""formula"", ""text"": ""4) (1 + 1 + 2 + 2 + 3) : 5 = 9 : 5 = 1,8.""}, {""bbox"": [298, 1695, 2984, 1836], ""type"": ""formula"", ""text"": ""(1,9 + 1,87 + 2,01 + 2 + 1,89 + 1,85) : 6 = 11,52 :""}, {""bbox"": [316, 1898, 1078, 2013], ""type"": ""formula"", ""text"": "": 6 = 1, 9 2 ( м )""}]"
c2dd764f-c831-51ce-b341-d2a7cb9c33f6.jpg,[]
9faf6edb-5296-56c4-9eee-5f7f24d78415.jpg,[]
527f12c0-43dc-5593-8b4b-426229bf482f.jpg,"[{""bbox"": [10, 630, 201, 704], ""type"": ""formula"", ""text"": ""2) y = -x^2 - 2""}]"
97d695de-7747-5df8-8f42-66cc25873fc2.jpg,[]
5aae046e-7838-5cd9-8b97-923b3abc5c1e.jpg,[]
c793bac7-e8df-57a4-81c8-71d4fc68e4ad.jpg,[]
5c97f1e4-2fcb-5ba2-93ad-d30db2a3e063.jpg,[]
b3b394d9-c10f-58df-8412-8b0350fb1989.jpg,"[{""bbox"": [483, 765, 2339, 927], ""type"": ""formula"", ""text"": ""a) 5(3x - 6) + 4(3 - 2x) = 5x - 8""}, {""bbox"": [492, 936, 1747, 1107], ""type"": ""formula"", ""text"": ""15x - 30 + 12 - 8x = 5x - 8""}, {""bbox"": [492, 1114, 1338, 1293], ""type"": ""formula"", ""text"": ""7x - 18 = 5x - 8""}, {""bbox"": [492, 1281, 1312, 1443], ""type"": ""formula"", ""text"": ""17x - 5x = -8 + 18""}, {""bbox"": [474, 1476, 888, 1610], ""type"": ""formula"", ""text"": ""2x = 10""}, {""bbox"": [474, 1639, 759, 1776], ""type"": ""formula"", ""text"": ""x = 5""}, {""bbox"": [468, 1784, 2009, 1967], ""type"": ""formula"", ""text"": ""b)-0,3(8-4x)=0,6(x-3)+0,9""}, {""bbox"": [436, 1984, 1831, 2125], ""type"": ""formula"", ""text"": ""-2,4 + 1,2x = 0,6x - 1,8 + 0,9""}, {""bbox"": [452, 2150, 1503, 2292], ""type"": ""formula"", ""text"": ""-2,4 + 1,2x = 0,6x - 0,9""}, {""bbox"": [452, 2317, 1469, 2475], ""type"": ""formula"", ""text"": ""1,2x - 0,6x = -0,9 + 2,4""}, {""bbox"": [436, 2491, 879, 2641], ""type"": ""formula"", ""text"": ""0,6x = 1,5""}, {""bbox"": [405, 2666, 758, 2803], ""type"": ""formula"", ""text"": ""x = 2,5""}, {""bbox"": [421, 2808, 2187, 3016], ""type"": ""formula"", ""text"": ""б) 9(x - 3) - 4(7 - 3x) - 5 = -3x""}, {""bbox"": [421, 3016, 1722, 3211], ""type"": ""formula"", ""text"": ""9x - 27 - 28 + 12x - 5 = -3x""}, {""bbox"": [347, 3224, 1089, 3365], ""type"": ""formula"", ""text"": ""24x - 60 = -3x""}, {""bbox"": [358, 3390, 951, 3565], ""type"": ""formula"", ""text"": ""21x + 3x = 60""}, {""bbox"": [341, 3565, 746, 3723], ""type"": ""formula"", ""text"": ""24x = 6""}, {""bbox"": [336, 3693, 685, 3861], ""type"": ""formula"", ""text"": ""x = 5_{-2}""}]"
327fd19a-e05f-595a-ab57-f4b3c663aa34.jpg,"[{""bbox"": [38, 580, 1260, 742], ""type"": ""formula"", ""text"": ""1 + (-2) + 3 + 4 + 5 + (-6) + 7 + 8 + (-9) = 11""}]"
72f2ef3a-bd78-508a-9af7-c5b13d821afd.jpg,[]
29f1478c-b33f-5cf6-bd47-46835de1c2bb.jpg,"[{""bbox"": [288, 1056, 1687, 1386], ""type"": ""formula"", ""text"": ""(1,15+х) ⋅ 3,8 = 9,5""}, {""bbox"": [2086, 1173, 3247, 1468], ""type"": ""formula"", ""text"": ""9 : (7,8 - x) = 3,6""}, {""bbox"": [295, 1386, 1564, 1651], ""type"": ""formula"", ""text"": ""1,15+х = 9,5:3,8""}, {""bbox"": [2101, 1488, 3063, 1729], ""type"": ""formula"", ""text"": ""7,8-х = 3,6:9""}, {""bbox"": [249, 1670, 1173, 1892], ""type"": ""formula"", ""text"": ""1,15+х = 2,5""}, {""bbox"": [2089, 1767, 2906, 1997], ""type"": ""formula"", ""text"": ""7,8-х = 2,5""}, {""bbox"": [242, 1923, 1185, 2199], ""type"": ""formula"", ""text"": ""x = 2,5 - 1,15""}, {""bbox"": [2124, 2032, 2879, 2300], ""type"": ""formula"", ""text"": ""x = 7,8 - 2,5""}, {""bbox"": [157, 2187, 690, 2498], ""type"": ""formula"", ""text"": ""x = 135""}, {""bbox"": [2082, 2327, 2550, 2538], ""type"": ""formula"", ""text"": ""x = 5,3""}]"
96c6d495-83c0-5b5f-aad7-5af0b22d7c90.jpg,[]
e6757ef2-bbcf-525f-af00-cb65d7ace012.jpg,[]
8c9abf0f-8275-54c4-8b86-a27e256e6a5e.jpg,[]
70c88fe4-92e8-520f-8bfa-025b3ffff409.jpg,"[{""bbox"": [551, 448, 3652, 681], ""type"": ""formula"", ""text"": ""(3 · 18 + 2 · 26 + 2 · 38) : 7 = (54 + 52 +""}]"
8be26325-cd9b-5da8-a72f-2025b242087d.jpg,[]
37ed0abe-0844-59b5-bef6-2d699a6fe679.jpg,"[{""bbox"": [1264, 88, 1496, 349], ""type"": ""formula"", ""text"": ""\\begin{array}{r}\n  6,5 \\\\\n+  8,1 \\\\\n\\hline\n 14,6\n\\end{array}""}, {""bbox"": [1232, 405, 1732, 751], ""type"": ""formula"", ""text"": ""\\begin{array}{r|l} 365 & 146 \\\\ \\cline{2-2} - 292 & 2,5 \\\\ \\cline{1-1} - 730 & \\\\ 730 & \\\\ \\cline{1-1} 0 & \\end{array}""}, {""bbox"": [1460, 877, 2062, 1285], ""type"": ""formula"", ""text"": ""\\begin{array}{r|l} 2106 & 117 \\\\ \\cline{2-2} - 117 & 18 \\\\ \\cline{1-1} - 936 & \\\\ 936 & \\\\ \\cline{1-1} 0 & \\end{array}""}, {""bbox"": [1304, 1526, 1723, 1915], ""type"": ""formula"", ""text"": ""\\begin{array}{r|l} 152 & 2 \\\\ \\cline{2-2} - 14 & 76 \\\\ \\cline{1-1} - 12 & \\\\ 12 & \\\\ \\cline{1-1} 0 & \\end{array}""}, {""bbox"": [165, 2627, 1323, 2751], ""type"": ""formula"", ""text"": ""3) 7,7 · 1,5 = 11,55 (км)""}]"
7f2cad21-6d32-51a2-a65a-f976a35df9f4.jpg,"[{""bbox"": [1453, 553, 1813, 709], ""type"": ""formula"", ""text"": ""№= 80 2""}, {""bbox"": [515, 752, 2102, 931], ""type"": ""formula"", ""text"": ""1) A₀ = 2000, p = 12 n = 2""}, {""bbox"": [550, 931, 3048, 1123], ""type"": ""formula"", ""text"": ""A₂ = 2000 · (1 + 12/100)² = 2000 · 1,12² = 25088""}, {""bbox"": [596, 1137, 3094, 1354], ""type"": ""formula"", ""text"": ""A_4 = 2000 \\cdot (1 + \\frac{12}{100})^4 = 2000 \\cdot 1,12^4 = 31470,39""}, {""bbox"": [511, 1341, 2508, 1540], ""type"": ""formula"", ""text"": ""2) A₂ - A₀ = 25088 - 2000 = 5088""}, {""bbox"": [547, 1559, 2801, 1789], ""type"": ""formula"", ""text"": ""A₄ - A₀ = 31470,39 - 2000 = 11470,39""}]"
89548c27-a828-51d2-afdb-6f84ae2c7988.jpg,[]
084f296f-849d-5448-abf3-b5e4fcb308ba.jpg,[]
cf9ad243-b01c-5c9d-9b59-e70b9a533ee3.jpg,[]
b575e8a8-c480-59e7-b9d3-4f56c9fb80aa.jpg,"[{""bbox"": [593, 218, 1740, 372], ""type"": ""formula"", ""text"": ""x - 15391 = 45497""}, {""bbox"": [580, 387, 1750, 536], ""type"": ""formula"", ""text"": ""x = 45497 + 15391""}, {""bbox"": [553, 590, 1163, 713], ""type"": ""formula"", ""text"": ""x = 60888""}, {""bbox"": [566, 766, 1636, 886], ""type"": ""formula"", ""text"": ""12398 - p = 4597""}, {""bbox"": [515, 932, 1618, 1074], ""type"": ""formula"", ""text"": ""p = 12398 - 4597""}, {""bbox"": [491, 1128, 1042, 1256], ""type"": ""formula"", ""text"": ""p = 7801""}, {""bbox"": [427, 1511, 1174, 1613], ""type"": ""formula"", ""text"": ""1) x = \\frac{560}{16}""}, {""bbox"": [460, 1678, 815, 1798], ""type"": ""formula"", ""text"": ""x = 35""}, {""bbox"": [402, 1880, 1156, 1999], ""type"": ""formula"", ""text"": ""2) x = 182 · 12""}, {""bbox"": [438, 2081, 963, 2173], ""type"": ""formula"", ""text"": ""x = 2184""}, {""bbox"": [362, 2261, 1237, 2385], ""type"": ""formula"", ""text"": ""3) x = 7936 : 31""}, {""bbox"": [396, 2458, 839, 2550], ""type"": ""formula"", ""text"": ""x = 256""}, {""bbox"": [360, 2854, 1003, 2969], ""type"": ""formula"", ""text"": ""x + 25 = 72""}, {""bbox"": [342, 3043, 990, 3161], ""type"": ""formula"", ""text"": ""x = 72 - 25""}, {""bbox"": [304, 3457, 871, 3571], ""type"": ""formula"", ""text"": ""x + 8 = 11""}, {""bbox"": [261, 3657, 864, 3778], ""type"": ""formula"", ""text"": ""x = 8 + 11""}]"
67a83f64-6e33-5a4a-9546-25a0cc2994f3.jpg,[]
921dedc8-9e95-5b3e-9cf3-a4d234cc1e6a.jpg,[]
8b4f826f-bcb3-5dec-bb75-bc78104846b6.jpg,[]
e36e759f-9e40-5543-8e32-b3972e6b2f61.jpg,"[{""bbox"": [127, 187, 1455, 352], ""type"": ""formula"", ""text"": ""4,8 · 100 = 480 (км)""}, {""bbox"": [139, 776, 1858, 968], ""type"": ""formula"", ""text"": ""400 / 80 * 100 = 500 (км)""}]"
fde89093-619c-59ce-b05f-6dedfee19b75.jpg,"[{""bbox"": [381, 720, 3452, 1025], ""type"": ""formula"", ""text"": ""∠OAC = ∠OCA = (180° - 100°) / 2 = 40°""}, {""bbox"": [381, 1194, 1936, 1507], ""type"": ""formula"", ""text"": ""∠BAO = ∠OAC = 40°""}, {""bbox"": [358, 1449, 2067, 1743], ""type"": ""formula"", ""text"": ""∠BCO = ∠OCA = 40°""}, {""bbox"": [381, 1743, 1901, 1989], ""type"": ""formula"", ""text"": ""∠A = 40° + 40 = 80°""}, {""bbox"": [381, 1965, 1977, 2225], ""type"": ""formula"", ""text"": ""∠C = 40 + 40° = 80°""}, {""bbox"": [435, 2480, 2552, 2745], ""type"": ""formula"", ""text"": ""∠B = 180° - (80° + 80°) = 20°""}]"
9a1c4ace-a522-52c7-9600-6bc20cfeddd7.jpg,[]
4470b741-e2c6-54d5-95f1-2621ea40049e.jpg,[]
1b6388ec-dba2-5936-9817-9ff97b57c2ed.jpg,[]
d83fb0bb-781a-5ad7-ab5b-c91cc7cac3ae.jpg,"[{""bbox"": [43, 1082, 1786, 1204], ""type"": ""formula"", ""text"": ""3) 151,2 / 27 * 100 = 5,6 * 100 = 560 кг""}, {""bbox"": [41, 2084, 1790, 2253], ""type"": ""formula"", ""text"": ""3) 91,2 / 38 * 100 = 2,4 * 100 = 240 ( км )""}]"
359e8882-decc-50ed-a706-b9aaa4083cc9.jpg,[]
cfb8b78f-02f9-5897-a4c9-bf76eb4d74e6.jpg,"[{""bbox"": [294, 2033, 727, 2208], ""type"": ""formula"", ""text"": ""v = \\frac{s}{t}""}]"
b9caccf5-35e9-547a-ba85-c264360317c7.jpg,[]
bd52c77c-30e8-55c4-8472-e2ac871d179f.jpg,[]
98c2474f-71bd-5de6-9ae3-4e0f92053926.jpg,[]
b12bff74-25ca-534b-8b46-64721e9450f1.jpg,"[{""bbox"": [224, 1423, 1812, 1582], ""type"": ""formula"", ""text"": ""4. 3(x + 55) + 5x = 685""}, {""bbox"": [425, 1611, 1786, 1796], ""type"": ""formula"", ""text"": ""3x + 165 + 5x = 685""}, {""bbox"": [425, 1846, 1473, 2015], ""type"": ""formula"", ""text"": ""8x = 685 - 165""}, {""bbox"": [425, 2054, 1028, 2226], ""type"": ""formula"", ""text"": ""8x = 520""}, {""bbox"": [425, 2272, 1160, 2451], ""type"": ""formula"", ""text"": ""x = 520 : 8""}]"
8c465505-165a-523b-87a1-bba9797ecd06.jpg,"[{""bbox"": [587, 1159, 1512, 1274], ""type"": ""formula"", ""text"": ""40% = 40 / 100 = 0,4""}, {""bbox"": [583, 1308, 1589, 1439], ""type"": ""formula"", ""text"": ""25% = 25 / 100 = 0,25""}, {""bbox"": [553, 1733, 1439, 1859], ""type"": ""formula"", ""text"": ""= 0,6x - 0,25 = 0,15x""}, {""bbox"": [598, 2077, 1508, 2195], ""type"": ""formula"", ""text"": ""x - 0,4x = 0,15x = 18""}, {""bbox"": [624, 2229, 1075, 2328], ""type"": ""formula"", ""text"": ""0,45x = 18""}, {""bbox"": [613, 2370, 1187, 2462], ""type"": ""formula"", ""text"": ""x = 18 / 0,45""}]"
3c783b6f-ae5f-5788-afee-a9461868b1dc.jpg,[]
7eeb41c1-e7ef-511a-b7ee-e8f7418740fd.jpg,"[{""bbox"": [413, 621, 967, 782], ""type"": ""formula"", ""text"": ""3) 88 = 2^3 * 11""}, {""bbox"": [413, 763, 1379, 924], ""type"": ""formula"", ""text"": ""4) 660 = 2^2 * 3 * 5 * 11""}, {""bbox"": [413, 906, 1185, 1067], ""type"": ""formula"", ""text"": ""5) 600 = 2^3 * 3 * 5^2""}, {""bbox"": [376, 1048, 1553, 1209], ""type"": ""formula"", ""text"": ""6) 3003 = 3 * ~~2~~7 * 11 * 13""}, {""bbox"": [379, 1190, 1498, 1352], ""type"": ""formula"", ""text"": ""7) 2772 = 2^2 * 3^2 * 7 * 11""}, {""bbox"": [376, 1333, 1245, 1494], ""type"": ""formula"", ""text"": ""8) 4900 = 2^2 * 5^2 * 7^2""}]"
4cac3531-4af4-5180-aa6f-d1ac467077ed.jpg,[]
920ba0b2-040f-50d5-80ea-b8bb6db9ffd8.jpg,"[{""bbox"": [383, 188, 685, 261], ""type"": ""formula"", ""text"": ""x = 0,42""}, {""bbox"": [2643, 278, 3078, 402], ""type"": ""formula"", ""text"": ""2) 0,03 = 3%""}, {""bbox"": [3180, 281, 3580, 394], ""type"": ""formula"", ""text"": ""3) 0,5 = 50%""}, {""bbox"": [2099, 305, 2581, 385], ""type"": ""formula"", ""text"": ""1) 0,42 = 42%""}, {""bbox"": [3188, 409, 3736, 519], ""type"": ""formula"", ""text"": ""6) 2,387 = 238,7%.""}, {""bbox"": [2651, 410, 3134, 506], ""type"": ""formula"", ""text"": ""5) 0,318 = 31,8%""}, {""bbox"": [2092, 415, 2567, 499], ""type"": ""formula"", ""text"": ""4) 1,18 = 118%""}, {""bbox"": [534, 421, 990, 497], ""type"": ""formula"", ""text"": ""2) 23,4 : 4,5""}, {""bbox"": [2029, 609, 2547, 730], ""type"": ""formula"", ""text"": ""1) 1 / 2 = 0,5 = 50%""}, {""bbox"": [2667, 609, 3232, 725], ""type"": ""formula"", ""text"": ""2) 1 / 4 = 0,25 = 25%""}, {""bbox"": [2031, 729, 2534, 834], ""type"": ""formula"", ""text"": ""3) 2 / 5 = 0,4 = 40%""}, {""bbox"": [2664, 729, 3174, 836], ""type"": ""formula"", ""text"": ""4) 4 / 5 = 0,8 = 80%""}, {""bbox"": [2786, 842, 3441, 982], ""type"": ""formula"", ""text"": ""6) 12/25 = 0,48 = 48%""}, {""bbox"": [2030, 846, 2706, 981], ""type"": ""formula"", ""text"": ""5) 13 / 50 = 0,26 = 26%""}, {""bbox"": [547, 1357, 1209, 1438], ""type"": ""formula"", ""text"": ""3) 5,8 - 5,2 = 0,6 (у)""}, {""bbox"": [857, 2231, 1353, 2335], ""type"": ""formula"", ""text"": ""2) 13% = 0,13""}, {""bbox"": [348, 2232, 780, 2323], ""type"": ""formula"", ""text"": ""1) 7% = 0,07""}, {""bbox"": [1461, 2232, 1949, 2334], ""type"": ""formula"", ""text"": ""3) 97% = 0,97""}, {""bbox"": [1579, 2350, 2016, 2452], ""type"": ""formula"", ""text"": ""6) 217% = 2,17""}, {""bbox"": [972, 2358, 1463, 2455], ""type"": ""formula"", ""text"": ""5) 145% = 1,45""}, {""bbox"": [343, 2365, 856, 2449], ""type"": ""formula"", ""text"": ""4) 132% = 1,32""}]"
4c0527ac-c77a-5e6d-ab9f-648b6e5d9656.jpg,[]
8a098896-6a5d-5362-a7b8-cce3b394f7b6.jpg,[]
b8c2cde0-c8f0-5a87-abba-d414b46d8f86.jpg,[]
927c2e97-0b95-5031-81af-7cd0012ca811.jpg,"[{""bbox"": [1405, 767, 1902, 932], ""type"": ""formula"", ""text"": ""25% = 0,25""}, {""bbox"": [374, 788, 1119, 967], ""type"": ""formula"", ""text"": ""1) 50 : 0,25 = 200""}, {""bbox"": [1434, 961, 1931, 1126], ""type"": ""formula"", ""text"": ""38% = 0,38""}, {""bbox"": [378, 984, 1080, 1149], ""type"": ""formula"", ""text"": ""2) 95 : 0,38 = 250""}, {""bbox"": [1438, 1149, 1963, 1327], ""type"": ""formula"", ""text"": ""42 % = 0,42""}, {""bbox"": [363, 1171, 1123, 1345], ""type"": ""formula"", ""text"": ""3) 31,5 : 0,42 = 75""}, {""bbox"": [1438, 1339, 2192, 1517], ""type"": ""formula"", ""text"": ""107,4% = 10,74""}, {""bbox"": [374, 1355, 1322, 1533], ""type"": ""formula"", ""text"": ""4) 375,9 : 10,74 = 35""}, {""bbox"": [1438, 1541, 2047, 1719], ""type"": ""formula"", ""text"": ""24,5% = 2,45""}, {""bbox"": [374, 1551, 1173, 1729], ""type"": ""formula"", ""text"": ""5) 147 : 2,45 = 60""}, {""bbox"": [355, 1743, 1047, 1921], ""type"": ""formula"", ""text"": ""6) 0,08 : 20 = 0,4""}, {""bbox"": [1434, 1743, 1911, 1896], ""type"": ""formula"", ""text"": ""0,2 % = 20""}, {""bbox"": [418, 2135, 802, 2279], ""type"": ""formula"", ""text"": ""1% = 0,1""}, {""bbox"": [336, 2339, 1297, 2493], ""type"": ""formula"", ""text"": ""1) 4,8 : 0,1 = 48 (км)""}, {""bbox"": [328, 2529, 1417, 2668], ""type"": ""formula"", ""text"": ""2) 100 - 48 = 52 (~~км~~ км)""}, {""bbox"": [361, 3132, 835, 3307], ""type"": ""formula"", ""text"": ""60% = 0,6""}, {""bbox"": [342, 3354, 1359, 3500], ""type"": ""formula"", ""text"": ""1) 180 : 0,6 = 300 (с.)""}]"
fe0fbe34-e5ba-516e-8d64-78a334f880b3.jpg,[]
9fdaad5f-dcf7-5498-903d-be190eaff146.jpg,[]
2ec4e858-b2fa-55e0-9f99-077f4eb168b8.jpg,"[{""bbox"": [553, 1505, 2395, 1777], ""type"": ""formula"", ""text"": ""(2,43 + 4,15) * 17 = 6,58 * 17 = 111,86""}, {""bbox"": [541, 1733, 2504, 2017], ""type"": ""formula"", ""text"": ""(12,49 - 3,57) / 0,4 = 8,92 / 0,4 = 22,3""}, {""bbox"": [527, 1956, 2860, 2233], ""type"": ""formula"", ""text"": ""(4,17 - 3,8) * (10,1 - 8,1) = 0,27 * 2,2 = 0,54""}, {""bbox"": [518, 2175, 3238, 2470], ""type"": ""formula"", ""text"": ""(15,7 + 14,9 : (2,91 - 1,21) = 30,6 : ~~63,70 =~~ 1,7 = 18.""}]"
25e0752b-c6c5-5ec4-925f-9b81c2b00a19.jpg,"[{""bbox"": [202, 1773, 2994, 2079], ""type"": ""formula"", ""text"": ""1) 7 \\frac{1}{15} - 2 \\frac{1}{3} = 7 \\frac{1}{15} - 2 \\frac{5}{15} = 6 \\frac{16}{15} - 2 \\frac{5}{15} = 4 \\frac{11}{15}""}, {""bbox"": [202, 2129, 3074, 2441], ""type"": ""formula"", ""text"": ""2) 7 \\frac{3}{10} - 2 \\frac{11}{15} = 7 \\frac{9}{30} - 2 \\frac{22}{30} = 6 \\frac{39}{30} - 2 \\frac{22}{30} = 4 \\frac{17}{30}""}]"
4cd6b3e5-27cc-5fad-95ed-8f80892c94eb.jpg,"[{""bbox"": [113, 330, 1297, 592], ""type"": ""formula"", ""text"": ""1.1. d = 3 · 2 = 6 см""}, {""bbox"": [1344, 585, 1908, 783], ""type"": ""formula"", ""text"": ""АС = 17 см""}, {""bbox"": [1350, 800, 2294, 961], ""type"": ""formula"", ""text"": ""r = 4 см DC=8 см""}, {""bbox"": [1055, 942, 2538, 1159], ""type"": ""formula"", ""text"": ""h = AD = \\sqrt{AE^2 - DE^2} = \\sqrt{289 - 64} = \\sqrt{225} =""}, {""bbox"": [1195, 1102, 1645, 1255], ""type"": ""formula"", ""text"": ""= 15 см""}, {""bbox"": [76, 1434, 1824, 1614], ""type"": ""formula"", ""text"": ""1.3. Sповн = 2 Sосн + Sбічн""}, {""bbox"": [839, 1676, 1782, 1868], ""type"": ""formula"", ""text"": ""h = d = \\sqrt{d^2} = \\sqrt{16}""}, {""bbox"": [860, 1888, 1891, 2057], ""type"": ""formula"", ""text"": ""h = d = \\sqrt{16} = 4 см""}, {""bbox"": [1946, 2050, 2791, 2255], ""type"": ""formula"", ""text"": ""Sосн = π * 2^2 = 4π см^2""}, {""bbox"": [955, 2088, 1763, 2249], ""type"": ""formula"", ""text"": ""r = 1/2 d = 2 см""}, {""bbox"": [133, 2250, 2639, 2477], ""type"": ""formula"", ""text"": ""Sбічн = h · l = h · 2πr = 4 · 2π · 2 = 16π см^2""}, {""bbox"": [120, 2447, 2086, 2688], ""type"": ""formula"", ""text"": ""S_повн = 2 * 4π + 16π = 24π см²""}, {""bbox"": [1228, 2757, 2375, 3011], ""type"": ""formula"", ""text"": ""h = d = \\frac{6\\sqrt{2}}{\\sqrt{2}} = 6 см""}, {""bbox"": [1197, 3002, 2030, 3187], ""type"": ""formula"", ""text"": ""r = \\frac{1}{2} d = 3 см""}, {""bbox"": [1110, 3132, 2308, 3386], ""type"": ""formula"", ""text"": ""Sосн = 81 r^2 = 9π см^2""}, {""bbox"": [147, 3394, 2045, 3650], ""type"": ""formula"", ""text"": ""V = Sосн · h = 9π · 6 = 54π см^3""}]"
647275d7-b262-56c3-8925-74a183275334.jpg,[]
595b45e0-5e90-50a7-a938-785811c1d0bd.jpg,"[{""bbox"": [599, 1809, 2312, 2043], ""type"": ""formula"", ""text"": ""2) 23,4 : 4,5 = 5,2 (ц/год)""}, {""bbox"": [594, 2043, 1892, 2268], ""type"": ""formula"", ""text"": ""3) 5,8 - 5,2 = 0,6 (ц)""}]"
30f2d264-4cd9-525d-bf08-5102820fb6d4.jpg,[]
b1612f09-513e-5bc9-994a-b3ef613d14b1.jpg,[]
5de191d8-5ffb-5327-9cc5-717961bd1261.jpg,"[{""bbox"": [940, 606, 4646, 1162], ""type"": ""formula"", ""text"": ""б) 7x - 5(2x + 1) = 5x + 15""}, {""bbox"": [1338, 1103, 3943, 1492], ""type"": ""formula"", ""text"": ""7x - 10x - 5 = 5x = 15""}, {""bbox"": [1323, 1515, 4037, 1889], ""type"": ""formula"", ""text"": ""7x + 10x - 5x = 15 + 5""}, {""bbox"": [1300, 2017, 2330, 2310], ""type"": ""formula"", ""text"": ""8x = 20""}, {""bbox"": [1311, 2356, 2782, 2710], ""type"": ""formula"", ""text"": ""x = 20 / (-8)""}, {""bbox"": [1300, 2831, 2296, 3118], ""type"": ""formula"", ""text"": ""x = -2,5""}, {""bbox"": [688, 6459, 3914, 6899], ""type"": ""formula"", ""text"": ""6. 4(3m - n) - 3(4m + 2n)""}, {""bbox"": [1009, 6889, 3794, 7295], ""type"": ""formula"", ""text"": ""12m - 4 - 3(4m - 2n)""}, {""bbox"": [1002, 7314, 3546, 7731], ""type"": ""formula"", ""text"": ""12 - 4n - 12m - 6n""}, {""bbox"": [984, 7750, 2136, 8022], ""type"": ""formula"", ""text"": ""- 4n - 6n""}, {""bbox"": [950, 8165, 1536, 8410], ""type"": ""formula"", ""text"": ""- 10""}]"
143de3ea-4fe6-5497-98d4-9f125660c26b.jpg,[]
6698906d-4290-513e-82be-a07b3053ce8e.jpg,"[{""bbox"": [1317, 1660, 2392, 1817], ""type"": ""formula"", ""text"": ""∠K = 30°, mo BC = \\frac{1}{2} KB""}, {""bbox"": [1302, 1787, 2366, 1991], ""type"": ""formula"", ""text"": ""KB = 2 BC = 2 * 6 = 12 см""}, {""bbox"": [1270, 3171, 1654, 3328], ""type"": ""formula"", ""text"": ""KL || AB""}, {""bbox"": [256, 3246, 941, 3566], ""type"": ""formula"", ""text"": ""KL = \\frac{1}{2} AB""}, {""bbox"": [1206, 3364, 2382, 3507], ""type"": ""formula"", ""text"": ""AB = 2KL = 2 * 6 = 12 см""}]"
2ae641b1-9f2a-52de-9521-eae75a2db800.jpg,[]
49272118-880d-5d3a-b3de-a58bcb123c95.jpg,"[{""bbox"": [1795, 788, 3498, 985], ""type"": ""formula"", ""text"": ""3) 187 / (- 1) = - 187""}, {""bbox"": [258, 808, 1706, 1022], ""type"": ""formula"", ""text"": ""1) - 13 / 1 = - 13""}, {""bbox"": [1778, 1077, 2519, 1320], ""type"": ""formula"", ""text"": ""4) 0 / 6 = 0""}, {""bbox"": [258, 1092, 1721, 1292], ""type"": ""formula"", ""text"": ""2) -56 / (-1) = 56""}, {""bbox"": [258, 1372, 2728, 1598], ""type"": ""formula"", ""text"": ""5) 8,92 / 1 / (- 0,2) / - 1) = 44,6""}, {""bbox"": [241, 1526, 3905, 1935], ""type"": ""formula"", ""text"": ""6) 1 : 1/2 : (-1) : (-2,5) = 1 : 1/2 : 1 : 5/2 = 1 : 1/2 * 1 2/5 = 4/5""}]"
6a10ed69-25f0-5bff-9eb4-0c5b5dfb17f4.jpg,[]
37efd608-5280-5801-b846-720ebec603ab.jpg,[]
28a56b28-af5f-59ce-a6db-8bd8dfbaed8c.jpg,[]
8721a629-b3dd-5c5c-a7e8-f12ff923ba51.jpg,[]
01d3cd7f-fccf-5930-b556-58c36a5ec47a.jpg,[]
64c6512a-bbbd-5159-927f-afafad55adcb.jpg,"[{""bbox"": [626, 862, 1279, 999], ""type"": ""formula"", ""text"": ""95% = 0,95""}, {""bbox"": [612, 1049, 1803, 1198], ""type"": ""formula"", ""text"": ""42 * 0,95 = 39,9 (кг)""}]"
fdf8f894-7cb1-5d07-aa67-027d30a69bd9.jpg,"[{""bbox"": [228, 1025, 2725, 1221], ""type"": ""formula"", ""text"": ""(1,37 + 4,86) * 17 - 556,89 / 19 = 76,6""}]"
afbe0556-ac00-5784-8d0d-75bd486fdd81.jpg,[]
ddf8084c-390a-5fd5-919b-5fbf1868e06b.jpg,"[{""bbox"": [1757, 1080, 2546, 1243], ""type"": ""formula"", ""text"": ""4) 132% = 1,32""}, {""bbox"": [607, 1087, 1350, 1247], ""type"": ""formula"", ""text"": ""1) 7% = 0,07""}, {""bbox"": [595, 1243, 1307, 1388], ""type"": ""formula"", ""text"": ""2) 13% = 0,13""}, {""bbox"": [1765, 1243, 2546, 1380], ""type"": ""formula"", ""text"": ""5) 145% = 1,45""}, {""bbox"": [1770, 1388, 2563, 1540], ""type"": ""formula"", ""text"": ""6) 217% = 2,17""}, {""bbox"": [607, 1394, 1437, 1546], ""type"": ""formula"", ""text"": ""3) 97% = 0,97%""}, {""bbox"": [1674, 1703, 2469, 1856], ""type"": ""formula"", ""text"": ""4) 1,18 = 118%""}, {""bbox"": [590, 1709, 1339, 1866], ""type"": ""formula"", ""text"": ""1) 0,42 = 42%""}, {""bbox"": [1674, 1856, 2628, 2012], ""type"": ""formula"", ""text"": ""5) 0,318 = 31,8%""}, {""bbox"": [590, 1862, 1266, 2023], ""type"": ""formula"", ""text"": ""2) 0,03 = 3%""}, {""bbox"": [1674, 2017, 2681, 2151], ""type"": ""formula"", ""text"": ""6) 2,387 = 238,7%""}, {""bbox"": [590, 2023, 1266, 2151], ""type"": ""formula"", ""text"": ""3) 0,5 = 50%""}, {""bbox"": [1938, 2309, 2733, 2474], ""type"": ""formula"", ""text"": ""4)  \\frac{4}{5}  = 0,8 = 80%""}, {""bbox"": [542, 2353, 1426, 2507], ""type"": ""formula"", ""text"": ""1) \\frac{1}{2} = 0,5 = 50%""}, {""bbox"": [542, 2507, 1596, 2661], ""type"": ""formula"", ""text"": ""2)  \\frac{1}{4}  = 0,25 = 25%""}, {""bbox"": [1938, 2507, 2875, 2655], ""type"": ""formula"", ""text"": ""5)  \\frac{13}{50}  = 0,26 = 26%""}, {""bbox"": [542, 2661, 1400, 2846], ""type"": ""formula"", ""text"": ""3)  \\frac{2}{5}  = 0,4 = 40%""}, {""bbox"": [1938, 2661, 2890, 2846], ""type"": ""formula"", ""text"": ""6)  \\frac{12}{25}  = 0,48 = 48%""}]"
f6f26970-57e6-5ae9-a648-2397b06543cd.jpg,[]
f8eacb20-bf42-572f-80b3-a4cb779dd290.jpg,[]
8da5e5ff-b066-5f1f-af37-108e21e6d6b0.jpg,[]
3912ce9f-eac7-5ca9-a320-ed701edcf677.jpg,[]
8451c24c-d5fb-53d0-8629-78a8fa81fd4f.jpg,"[{""bbox"": [371, 835, 944, 981], ""type"": ""formula"", ""text"": ""1) P(A) = 0""}, {""bbox"": [373, 999, 925, 1133], ""type"": ""formula"", ""text"": ""2) P(B) = 1""}, {""bbox"": [343, 1370, 1740, 1620], ""type"": ""formula"", ""text"": ""P(A) = \\frac{1}{60} \\cdot 961 \\cdot P(B) = \\frac{1}{30}""}, {""bbox"": [289, 2016, 1140, 2205], ""type"": ""formula"", ""text"": ""1) P(A) = \\frac{25}{40} = \\frac{5}{8}""}, {""bbox"": [289, 2229, 1085, 2423], ""type"": ""formula"", ""text"": ""2) P(B) = \\frac{15}{40} = \\frac{3}{8}""}, {""bbox"": [241, 2689, 1296, 2923], ""type"": ""formula"", ""text"": ""1) P(A_1) = P(A_2) = \\frac{1}{20}""}, {""bbox"": [207, 2911, 1656, 3140], ""type"": ""formula"", ""text"": ""2) P(B_1) = \\frac{3}{10} P(B_2) = \\frac{7}{10} (H_i)""}, {""bbox"": [227, 3124, 1178, 3507], ""type"": ""formula"", ""text"": ""3) P(C_1) = \\frac{3}{6} = \\frac{1}{2} \\\\ P(C_2) = \\frac{2}{6} = \\frac{1}{3}""}, {""bbox"": [226, 3507, 1268, 3765], ""type"": ""formula"", ""text"": ""4) P(O_1) = P(O_2) = \\frac{1}{2}""}]"
9421d963-534f-5f97-b799-025b28e2a567.jpg,"[{""bbox"": [1495, 1088, 2785, 1305], ""type"": ""formula"", ""text"": ""2) - 77 · (0,25 + x) = 0""}, {""bbox"": [107, 1191, 1173, 1383], ""type"": ""formula"", ""text"": ""1) 41 · (x - 41) = 0""}, {""bbox"": [1544, 1316, 2232, 1528], ""type"": ""formula"", ""text"": ""0,25 + x = 0""}, {""bbox"": [116, 1426, 773, 1588], ""type"": ""formula"", ""text"": ""x - 41 = 0""}, {""bbox"": [1524, 1508, 2173, 1683], ""type"": ""formula"", ""text"": ""x = -0,25""}, {""bbox"": [121, 1558, 504, 1705], ""type"": ""formula"", ""text"": ""x = 41""}]"
2f15c564-2580-5962-8a80-ec07ee086fd3.jpg,"[{""bbox"": [708, 402, 2959, 683], ""type"": ""formula"", ""text"": ""8. 12x + 2 = 2x + 18""}, {""bbox"": [724, 760, 2828, 1014], ""type"": ""formula"", ""text"": ""3x - x = x = 18 - 2""}, {""bbox"": [708, 1113, 1785, 1386], ""type"": ""formula"", ""text"": ""2x = 16""}, {""bbox"": [741, 1481, 1509, 1756], ""type"": ""formula"", ""text"": ""x = y""}, {""bbox"": [715, 1839, 2308, 2068], ""type"": ""formula"", ""text"": ""3 * 8 = 2 = 26""}, {""bbox"": [724, 2223, 2032, 2465], ""type"": ""formula"", ""text"": ""8 + 18 = 26""}]"
966a0fbd-9853-5984-8ed6-44ea63dccf6d.jpg,[]
3f4abc35-7daa-53b2-8bc8-9f57bdcd390e.jpg,[]
7c227f9b-4691-581c-968a-db77b7ac4999.jpg,[]
c7f116b6-f582-5d98-ba13-f23590079de8.jpg,[]
7d726757-3587-5bdc-8bf3-a04f151d1a84.jpg,[]
127c0dd2-85ab-53bb-b492-51058f15422c.jpg,[]
649bb182-4fec-532b-83a2-883600b03a5f.jpg,[]
e30ec08c-bcad-523a-9dc6-535782e0644a.jpg,[]
d0abfa88-dc3b-573b-8542-92cceed8a5e2.jpg,[]
a07652e6-9311-56dc-ac46-6ef7cb4f44a2.jpg,"[{""bbox"": [771, 662, 1909, 785], ""type"": ""formula"", ""text"": ""1. 1) 5x - x = 120""}, {""bbox"": [899, 855, 1495, 962], ""type"": ""formula"", ""text"": ""4x = 120""}, {""bbox"": [889, 1021, 1571, 1147], ""type"": ""formula"", ""text"": ""x = 30 (л)""}, {""bbox"": [771, 1210, 1973, 1347], ""type"": ""formula"", ""text"": ""2) 30 * 5 = 150 (м)""}, {""bbox"": [726, 1397, 2631, 1547], ""type"": ""formula"", ""text"": ""2. 7x + 4x(x + 0,75) = 7,95""}, {""bbox"": [836, 1605, 2142, 1734], ""type"": ""formula"", ""text"": ""7x + 4x + 3 = 7,95""}, {""bbox"": [846, 1806, 1776, 1937], ""type"": ""formula"", ""text"": ""11x = 7,95 - 3""}, {""bbox"": [1999, 1913, 3489, 2055], ""type"": ""formula"", ""text"": ""2) 0,45 + 0,75 = 1,2 (грн)""}, {""bbox"": [875, 1995, 1615, 2131], ""type"": ""formula"", ""text"": ""11x = 4,95""}, {""bbox"": [864, 2155, 1701, 2272], ""type"": ""formula"", ""text"": ""x = 0,45 (грн)""}]"
c482cf8b-ec34-59ee-80a3-d634436c0283.jpg,[]
a1959600-4b4c-5608-ba94-980666d80e5f.jpg,"[{""bbox"": [348, 562, 1189, 714], ""type"": ""formula"", ""text"": ""1.1. S_бічн = pl""}, {""bbox"": [1424, 628, 1829, 729], ""type"": ""formula"", ""text"": ""l = 7 cm""}, {""bbox"": [428, 696, 1389, 896], ""type"": ""formula"", ""text"": ""p = \\frac{6 * 8}{2} = 24 см""}, {""bbox"": [1517, 757, 2493, 939], ""type"": ""formula"", ""text"": ""S_бічн= 7 · 24 = 168 см^2""}, {""bbox"": [1436, 1592, 2444, 1754], ""type"": ""formula"", ""text"": ""AB = BC = CD = AC = 6\\sqrt{2}""}, {""bbox"": [1381, 1754, 2157, 1887], ""type"": ""formula"", ""text"": ""∠ OSC = 45°""}, {""bbox"": [341, 2540, 2460, 2741], ""type"": ""formula"", ""text"": ""АС = \\sqrt{(6\\sqrt{2})^2 + (6\\sqrt{2})^2} = \\sqrt{72 + 72} = \\sqrt{144} =""}, {""bbox"": [306, 2746, 634, 2896], ""type"": ""formula"", ""text"": ""= 12""}, {""bbox"": [1455, 2843, 2082, 3067], ""type"": ""formula"", ""text"": ""SO = 6см""}, {""bbox"": [284, 2888, 1306, 3090], ""type"": ""formula"", ""text"": ""OC = \\frac{1}{2} AC = 6 см""}, {""bbox"": [201, 3045, 2299, 3284], ""type"": ""formula"", ""text"": ""V = \\frac{1}{3} S_осн * h = \\frac{1}{3} * (6\\sqrt{2})^2 * 6 =""}, {""bbox"": [246, 3246, 2313, 3410], ""type"": ""formula"", ""text"": ""= \\frac{1}{3} * 36 * 2 * 6 = 72 * 2 = 144см""}]"
4341a85a-d4ef-5a54-a1d0-0f68b2f89f57.jpg,[]
bd69250a-8ee0-5b49-b24b-978846213dc8.jpg,"[{""bbox"": [339, 486, 1297, 702], ""type"": ""formula"", ""text"": ""m1 = 100г = 0,1кг""}, {""bbox"": [1314, 648, 3322, 852], ""type"": ""formula"", ""text"": ""m1 V01 + m2 V02 = m1 V1 + m2 V2""}, {""bbox"": [274, 724, 1232, 876], ""type"": ""formula"", ""text"": ""m2 = 150г = 0,15кг""}, {""bbox"": [294, 927, 736, 1099], ""type"": ""formula"", ""text"": ""V_02 = 0""}, {""bbox"": [288, 1100, 935, 1329], ""type"": ""formula"", ""text"": ""V = 10 м/с""}, {""bbox"": [1287, 1114, 2690, 1321], ""type"": ""formula"", ""text"": ""m_1V_01 = (m_1 + m_2)V""}, {""bbox"": [379, 1311, 847, 1529], ""type"": ""formula"", ""text"": ""V_01 - ?""}, {""bbox"": [1287, 1329, 2446, 1611], ""type"": ""formula"", ""text"": ""V = \\frac{(m_1 + m_2) \\cdot V}{m_1}""}, {""bbox"": [2785, 1524, 3491, 1856], ""type"": ""formula"", ""text"": ""v_{01} = 25 м/с""}, {""bbox"": [262, 1608, 2732, 2136], ""type"": ""formula"", ""text"": ""V_{01} = \\frac{(0,1 \\text{ кг} + 0,15 \\text{ кг}) \\cdot 10 \\frac{\\text{м}}{\\text{с}}}{0,1 \\text{ кг}} = 25 \\frac{\\text{м}}{\\text{с}}.""}]"
870d63eb-74df-5893-b0b6-17e6a017152e.jpg,[]
db1da9aa-caa1-5b0c-93a7-fdc24a02079e.jpg,[]
39b81a64-f6e3-5da6-91de-1d97e3d92d0b.jpg,"[{""bbox"": [239, 1015, 2352, 1215], ""type"": ""formula"", ""text"": ""4\\frac{3}{10} - 1\\frac{1}{5} = (4 - 1) + (\\frac{3}{10} - \\frac{1}{5}) = 3 + \\frac{3+2}{10} =""}, {""bbox"": [222, 1255, 511, 1449], ""type"": ""formula"", ""text"": ""= 3\\frac{5}{10}""}, {""bbox"": [239, 1463, 2280, 1684], ""type"": ""formula"", ""text"": ""4 \\frac{3}{10} + 3 \\frac{5}{10} = (4 + 3) + (\\frac{3}{10} + \\frac{5}{10}) = 7 + \\frac{3+5}{10} =""}, {""bbox"": [222, 1724, 547, 1925], ""type"": ""formula"", ""text"": ""= 7\\frac{8}{10}""}, {""bbox"": [188, 2115, 2583, 2313], ""type"": ""formula"", ""text"": ""1) 5 \\frac{7}{10} + 1 \\frac{8}{15} = (5 + 1) + (\\frac{7}{10} + \\frac{8}{15}) = 6 + \\frac{21 + 16}{30} =""}, {""bbox"": [214, 2360, 523, 2560], ""type"": ""formula"", ""text"": ""= 6\\frac{37}{30}""}, {""bbox"": [214, 2594, 2501, 2795], ""type"": ""formula"", ""text"": ""2) 7 \\frac{4}{15} - 1 \\frac{5}{6} = (7 + 1) + (\\frac{4}{15} + \\frac{5}{6}) = 8 + \\frac{8+25}{30} =""}, {""bbox"": [198, 2828, 523, 2995], ""type"": ""formula"", ""text"": ""= 8\\frac{33}{30}""}, {""bbox"": [214, 3144, 2501, 3390], ""type"": ""formula"", ""text"": ""1) 5 \\frac{1}{6} - 2 \\frac{1}{3} = (5 - 2) + (\\frac{1}{6}^{\\setminus 1} + \\frac{1}{3}^{\\setminus 2}) = 3 + \\frac{5}{12} =""}, {""bbox"": [198, 3457, 474, 3631], ""type"": ""formula"", ""text"": ""= 3\\frac{1}{12}""}]"
fe9ae2cf-47a3-5509-9d0e-68e518df903d.jpg,[]
17738b82-13c4-52e8-9f47-ae0cbe15219f.jpg,[]
4ef3e8b7-2f40-5a15-9b23-67f561e90e80.jpg,[]
294a10d3-0649-5f49-b170-7770ab5be8ab.jpg,[]
8fc345b4-ccf2-5b4e-b453-b184bff7d13b.jpg,[]
fe1d416e-871a-50db-9b4c-ac61c0ed24ac.jpg,[]
071ec639-7315-5e9b-8f0a-1bcfacac2fb7.jpg,[]
89d482bd-c2bf-5855-9933-7c0395046244.jpg,[]
4eb0b299-ede4-5581-b2b6-7ceff52fe8c7.jpg,"[{""bbox"": [113, 135, 2949, 454], ""type"": ""formula"", ""text"": ""~~1) P → P_2O_5~~ 1) P → P_2O_5 → H_3PO_4 → Na_3 PO_4 → Ca_3 (PO_4)2""}, {""bbox"": [115, 290, 1254, 561], ""type"": ""formula"", ""text"": ""~~2)~~ 4P + 5O_2 → 2P_2O_5""}, {""bbox"": [189, 489, 1284, 762], ""type"": ""formula"", ""text"": ""P_2O_5 + 3H_2O → 2H_3PO_4""}, {""bbox"": [165, 718, 1548, 994], ""type"": ""formula"", ""text"": ""H_3PO_4 + 3NaOH -> Na_3PO_4 + 3H_2O""}, {""bbox"": [139, 912, 2217, 1199], ""type"": ""formula"", ""text"": ""2 Na_3PO_4 + 3 CaCl_2 → 6 NaCl + Ca_3 ( PO_4 ) _2""}, {""bbox"": [115, 1130, 2381, 1431], ""type"": ""formula"", ""text"": ""2) Ca → CaO → Ca(OH)2 → CaCO3 → CaO → CaCO3""}, {""bbox"": [127, 1368, 1046, 1575], ""type"": ""formula"", ""text"": ""2Ca + O_2 = 2CaO""}, {""bbox"": [127, 1556, 1623, 1824], ""type"": ""formula"", ""text"": ""CaO + 2NaOH = Ca ( OH ) _2 + Na_2O""}, {""bbox"": [115, 2004, 1730, 2253], ""type"": ""formula"", ""text"": ""~~CaCO_3 = CaO + + CuCO_3 = CaO +~~""}, {""bbox"": [115, 2222, 977, 2454], ""type"": ""formula"", ""text"": ""CaCO_3 = CaO + CO_2""}, {""bbox"": [115, 2430, 1057, 2686], ""type"": ""formula"", ""text"": ""CaO + CO_2 = CaCO_3""}]"
b1f7c6b6-29dc-5692-905d-b9e4386d1c9f.jpg,"[{""bbox"": [527, 1141, 1390, 1263], ""type"": ""formula"", ""text"": ""7a + 2a = 360""}, {""bbox"": [578, 1322, 1401, 1457], ""type"": ""formula"", ""text"": ""360 = (7 + 2) · a""}, {""bbox"": [578, 1497, 1124, 1642], ""type"": ""formula"", ""text"": ""360 = 4a""}, {""bbox"": [578, 1696, 1203, 1835], ""type"": ""formula"", ""text"": ""a = 360 : 9""}, {""bbox"": [589, 1895, 929, 2033], ""type"": ""formula"", ""text"": ""a = 40""}, {""bbox"": [521, 2105, 1789, 2234], ""type"": ""formula"", ""text"": ""1) 80 · 7 = 560 (км)""}, {""bbox"": [564, 2260, 2135, 2449], ""type"": ""formula"", ""text"": ""2) 80 - 10 = 70 (км/год)""}, {""bbox"": [579, 2430, 1887, 2625], ""type"": ""formula"", ""text"": ""3) 560 : 70 = 8 (х-4)""}, {""bbox"": [500, 3059, 2348, 3236], ""type"": ""formula"", ""text"": ""832 ( 329 + x ) - 519 = 832""}, {""bbox"": [511, 3264, 1703, 3406], ""type"": ""formula"", ""text"": ""324 + x = 832 + 519""}, {""bbox"": [500, 3468, 1452, 3601], ""type"": ""formula"", ""text"": ""324 + x = 1351""}, {""bbox"": [474, 3656, 1351, 3813], ""type"": ""formula"", ""text"": ""x = 1351 - 324""}, {""bbox"": [1679, 3680, 2250, 3795], ""type"": ""formula"", ""text"": ""x = 1022""}]"
5269190b-47a6-51cc-bcde-b44ce29e7a94.jpg,"[{""bbox"": [327, 39, 729, 146], ""type"": ""formula"", ""text"": ""11x = 44""}, {""bbox"": [1684, 129, 2109, 228], ""type"": ""formula"", ""text"": ""2 x = 12""}, {""bbox"": [296, 191, 738, 303], ""type"": ""formula"", ""text"": ""11x = 44""}, {""bbox"": [1708, 310, 2140, 412], ""type"": ""formula"", ""text"": ""x = 12 : 2""}, {""bbox"": [1714, 451, 1975, 569], ""type"": ""formula"", ""text"": ""x = 5""}, {""bbox"": [276, 506, 514, 628], ""type"": ""formula"", ""text"": ""x = 4""}, {""bbox"": [193, 826, 792, 1056], ""type"": ""formula"", ""text"": ""(3a + 2b) : 4""}, {""bbox"": [232, 3273, 1100, 3515], ""type"": ""formula"", ""text"": ""6. 40 : 5 = 8""}, {""bbox"": [266, 3568, 886, 3769], ""type"": ""formula"", ""text"": ""10 * 8 = 80""}]"
4c1bbf94-4c08-5682-a8dc-eeb5057bc717.jpg,"[{""bbox"": [175, 1121, 447, 1275], ""type"": ""formula"", ""text"": ""a > b""}, {""bbox"": [127, 1357, 900, 1518], ""type"": ""formula"", ""text"": ""a + 8 > b + 8""}]"
8ef0b739-45a2-5aea-bd3a-290c7289b678.jpg,[]
b9816011-0a78-501c-a431-5a3cfd8747c1.jpg,[]
6f63c9f2-c961-5562-af68-5a96bd8614d8.jpg,[]
e23fa572-4e9a-5ffb-9938-9032103c6963.jpg,[]
d4ba282a-f484-5ab7-bf28-1ec88b6ba766.jpg,[]
f0150ca6-0a33-5abe-89b1-22203a0d581b.jpg,[]
b5222cba-efbf-5688-9d9f-12936599ee38.jpg,[]
77707e03-c421-5e66-b45c-38a69cf56dca.jpg,"[{""bbox"": [1173, 513, 1655, 681], ""type"": ""formula"", ""text"": ""8y = 10 + 3y""}, {""bbox"": [149, 559, 738, 736], ""type"": ""formula"", ""text"": ""5x - 16 = 14""}, {""bbox"": [1164, 690, 2032, 881], ""type"": ""formula"", ""text"": ""8y - 3y = 3y + 10 - 3y""}, {""bbox"": [103, 759, 661, 899], ""type"": ""formula"", ""text"": ""5x = 14 + 16""}, {""bbox"": [1166, 881, 1498, 1070], ""type"": ""formula"", ""text"": ""5y = 10""}, {""bbox"": [103, 935, 547, 1079], ""type"": ""formula"", ""text"": ""5x = 30""}, {""bbox"": [1166, 1070, 1602, 1284], ""type"": ""formula"", ""text"": ""5y / 5 = 10y / 5""}, {""bbox"": [103, 1100, 682, 1245], ""type"": ""formula"", ""text"": ""x = 30 / 5""}, {""bbox"": [108, 1281, 418, 1420], ""type"": ""formula"", ""text"": ""x = 6""}, {""bbox"": [1166, 1343, 1402, 1512], ""type"": ""formula"", ""text"": ""y = 2""}, {""bbox"": [1587, 1548, 2122, 1732], ""type"": ""formula"", ""text"": ""12 - y = 2y + 6""}, {""bbox"": [118, 1572, 887, 1702], ""type"": ""formula"", ""text"": ""24x - 16 = 8 + 12x""}, {""bbox"": [1587, 1732, 2216, 1875], ""type"": ""formula"", ""text"": ""- y + 12 = 2y + 6""}, {""bbox"": [118, 1763, 872, 1905], ""type"": ""formula"", ""text"": ""24x - 16 = 12x + 8""}, {""bbox"": [1587, 1916, 2404, 2039], ""type"": ""formula"", ""text"": ""- y + 12 - 12 = 2y + 6""}, {""bbox"": [107, 1942, 1186, 2090], ""type"": ""formula"", ""text"": ""24x - 16 + 16 = 12x + 8 + 16""}, {""bbox"": [1587, 2059, 2103, 2284], ""type"": ""formula"", ""text"": ""- y = 2y + 6""}, {""bbox"": [99, 2164, 796, 2294], ""type"": ""formula"", ""text"": ""24x = 12x + 24""}, {""bbox"": [1587, 2284, 2441, 2550], ""type"": ""formula"", ""text"": ""-y - 2y = 2y = 6 - 2y""}, {""bbox"": [99, 2373, 1217, 2509], ""type"": ""formula"", ""text"": ""24x - 12x = 12x + 24 - 12""}, {""bbox"": [99, 2601, 496, 2710], ""type"": ""formula"", ""text"": ""12x = 24""}, {""bbox"": [1587, 2611, 2000, 2836], ""type"": ""formula"", ""text"": ""-3y = -6""}, {""bbox"": [59, 2831, 387, 3071], ""type"": ""formula"", ""text"": ""12x / 12 = 24 / 12""}, {""bbox"": [1587, 2836, 2122, 3123], ""type"": ""formula"", ""text"": ""-3y / -3 = -6 / -3""}, {""bbox"": [70, 3164, 267, 3290], ""type"": ""formula"", ""text"": ""x = 2""}, {""bbox"": [1587, 3225, 1831, 3470], ""type"": ""formula"", ""text"": ""y = 2""}]"
2fe406d1-39eb-5172-8e89-170182de7a7a.jpg,"[{""bbox"": [222, 470, 1329, 691], ""type"": ""formula"", ""text"": ""8 * 7 * 6 * 5 = 1680""}, {""bbox"": [300, 964, 1043, 1170], ""type"": ""formula"", ""text"": ""2 * 2 * 2 = 8""}, {""bbox"": [0, 1498, 702, 1716], ""type"": ""formula"", ""text"": ""1. 5 * 4 = 20""}, {""bbox"": [38, 1746, 729, 2014], ""type"": ""formula"", ""text"": ""2) 5 * 5 = 25""}, {""bbox"": [95, 2188, 1188, 2429], ""type"": ""formula"", ""text"": ""5 * 4 * 3 * 2 * 1 = 120""}]"
ca71bae8-a3ad-5472-86fe-659782a0e6ef.jpg,"[{""bbox"": [355, 717, 1003, 866], ""type"": ""formula"", ""text"": ""x + 138 = 423 + 738""}, {""bbox"": [355, 917, 808, 1049], ""type"": ""formula"", ""text"": ""x + 138 = 1461""}, {""bbox"": [362, 1109, 787, 1232], ""type"": ""formula"", ""text"": ""x = 1161 - 138""}, {""bbox"": [383, 1295, 688, 1411], ""type"": ""formula"", ""text"": ""x = 1023""}, {""bbox"": [513, 1432, 2230, 1585], ""type"": ""formula"", ""text"": ""(1105400 - 803336) : 58 + 418 · 507 = 217134""}, {""bbox"": [523, 2399, 2310, 2551], ""type"": ""formula"", ""text"": ""a · 4 - 8 = m, якщо a = 9, то 9 · 4 - 8 = 28 (грн)""}]"
ef343817-29ee-5fab-b0de-ace0e531a640.jpg,"[{""bbox"": [2337, 707, 3358, 1106], ""type"": ""formula"", ""text"": ""\\frac{7 + x}{2} = \\frac{s + x}{4}""}, {""bbox"": [561, 713, 1810, 939], ""type"": ""formula"", ""text"": ""2(7 + x) = 5 + x""}, {""bbox"": [583, 943, 1996, 1152], ""type"": ""formula"", ""text"": ""14 + 2x = 5 + x""}, {""bbox"": [2265, 1139, 3724, 1545], ""type"": ""formula"", ""text"": ""\\frac{7 + x}{2} * 4 = \\frac{s + x}{4} * 4""}, {""bbox"": [594, 1177, 2045, 1417], ""type"": ""formula"", ""text"": ""14 - 5 = -2x + x""}, {""bbox"": [589, 1453, 1296, 1623], ""type"": ""formula"", ""text"": ""9 = -1x""}, {""bbox"": [489, 1667, 826, 1910], ""type"": ""formula"", ""text"": ""-x = 9""}, {""bbox"": [596, 1931, 1250, 2140], ""type"": ""formula"", ""text"": ""x = -9""}]"
07cdfd48-36e6-54d2-9038-26e3f6408e08.jpg,"[{""bbox"": [388, 299, 2537, 507], ""type"": ""formula"", ""text"": ""|→OC| = \\sqrt{(7 + 2)^2 + (9 - 3)^2} = \\sqrt{81 + 144} = \\sqrt{225} = 15""}, {""bbox"": [455, 604, 2075, 858], ""type"": ""formula"", ""text"": ""1.6. b(1 - k; - 4); | →b | = 5""}, {""bbox"": [575, 866, 1537, 1082], ""type"": ""formula"", ""text"": ""| →b | = \\sqrt{(1 - k)^2 + ( - 4)^2}""}, {""bbox"": [545, 1090, 1858, 1261], ""type"": ""formula"", ""text"": ""(| →b |)^2 = 1 - 2k + k^2 + 16""}, {""bbox"": [622, 1242, 1530, 1405], ""type"": ""formula"", ""text"": ""k^2 - 2k + 17 = 25""}, {""bbox"": [687, 1410, 1386, 1552], ""type"": ""formula"", ""text"": ""k^2 - 2k - 8 = 0""}, {""bbox"": [1672, 1500, 1985, 1679], ""type"": ""formula"", ""text"": ""k_1 = 4""}, {""bbox"": [727, 1572, 1196, 1697], ""type"": ""formula"", ""text"": ""k_1 + k_2 = 2""}, {""bbox"": [1694, 1642, 2075, 1791], ""type"": ""formula"", ""text"": ""k1 = 4 k2 = -2""}, {""bbox"": [755, 1669, 1287, 1807], ""type"": ""formula"", ""text"": ""k_1 \\cdot k_2 = -8""}, {""bbox"": [480, 2405, 1504, 2620], ""type"": ""formula"", ""text"": ""3.1. | →a | = | →b | = 4""}, {""bbox"": [664, 2596, 1409, 2804], ""type"": ""formula"", ""text"": ""→a + →2b ⊥ →a""}, {""bbox"": [533, 2966, 1467, 3142], ""type"": ""formula"", ""text"": ""(→a + →2b) * →a = 0;""}, {""bbox"": [540, 3113, 1475, 3311], ""type"": ""formula"", ""text"": ""(→a)^2 + →2ba = 0""}, {""bbox"": [570, 3275, 1445, 3488], ""type"": ""formula"", ""text"": ""|→a|^2 + →2ba = 0""}]"
c6887a79-d65d-5afc-8a93-006a579fc797.jpg,"[{""bbox"": [245, 966, 1157, 1093], ""type"": ""formula"", ""text"": ""p = \\frac{F}{S} - формули тиску""}]"
98a8261f-c751-5401-b9d1-440449a63d5c.jpg,"[{""bbox"": [322, 36, 1011, 362], ""type"": ""formula"", ""text"": ""x = 1991""}, {""bbox"": [362, 103, 2211, 640], ""type"": ""formula"", ""text"": ""8374 * (5973 * 1991) = 439""}, {""bbox"": [468, 2244, 1343, 2340], ""type"": ""formula"", ""text"": ""2) 15 · 3 = 45 (км)""}]"
df5499e4-1db2-5a67-8018-7d465c060404.jpg,"[{""bbox"": [586, 463, 1675, 681], ""type"": ""formula"", ""text"": ""1) 27930 / 57 = 490""}, {""bbox"": [537, 986, 2209, 1182], ""type"": ""formula"", ""text"": ""2) 495,6 / 0,7 = 4956 / 7 = 708""}, {""bbox"": [512, 1570, 2230, 1805], ""type"": ""formula"", ""text"": ""3) 17,02 / 3,7 = 170,2 / 37 = 4,6""}, {""bbox"": [475, 2211, 2382, 2490], ""type"": ""formula"", ""text"": ""4) 18 / 1,25 = 1800 / 125 = 14,4""}, {""bbox"": [445, 3192, 2621, 3516], ""type"": ""formula"", ""text"": ""5) 167,4 / 0,62 = 16740 / 62 = 270""}]"
48047368-2fd1-554a-820f-3e545e4fee05.jpg,[]
b9ca666f-69fc-5884-ba95-23d43b86c2bf.jpg,"[{""bbox"": [239, 619, 1389, 795], ""type"": ""formula"", ""text"": ""(3,8 + 4,7 + x) / 3 = 4,3""}, {""bbox"": [225, 829, 1068, 994], ""type"": ""formula"", ""text"": ""8,5 + x = 4,3 * 3""}, {""bbox"": [225, 1033, 1006, 1203], ""type"": ""formula"", ""text"": ""8, 5 + x = 12, 9""}, {""bbox"": [225, 1235, 1006, 1413], ""type"": ""formula"", ""text"": ""x = 12,9 - 8,5""}, {""bbox"": [225, 1434, 599, 1593], ""type"": ""formula"", ""text"": ""x = 4,4""}, {""bbox"": [258, 1643, 1752, 1825], ""type"": ""formula"", ""text"": ""1) 245 + 325 = 567 (км)""}, {""bbox"": [233, 1842, 1142, 2044], ""type"": ""formula"", ""text"": ""2) 4 + 3 = 7 (год)""}, {""bbox"": [233, 2040, 1773, 2216], ""type"": ""formula"", ""text"": ""3) 567 : 7 = 81 (км / год)""}]"
aa256a95-9f7e-57c0-9f27-8f589fe99895.jpg,"[{""bbox"": [557, 281, 1600, 389], ""type"": ""formula"", ""text"": ""17,02 / 37 = ~~46~~ 1702 / 37 = 46""}, {""bbox"": [503, 926, 1601, 1055], ""type"": ""formula"", ""text"": ""18 / 1,25 = 1800 / 125 = 21,5""}, {""bbox"": [465, 1628, 1576, 1747], ""type"": ""formula"", ""text"": ""167,4 / 0,62 = 1674 / 62 = 27""}, {""bbox"": [535, 2344, 1699, 2486], ""type"": ""formula"", ""text"": ""1,332 / 0,036 = 1332 / 36 = 37""}, {""bbox"": [422, 3087, 2245, 3270], ""type"": ""formula"", ""text"": ""0,57409 / 0,187 = 574,09 / 187 = 3,17""}]"
10d94adf-e6b4-534f-9474-f19a5ee2c15c.jpg,[]
81da3f7e-326e-5d4f-bb18-c162766bb019.jpg,[]
511d1cef-ff01-5043-8449-bc6badcb3d05.jpg,"[{""bbox"": [965, 209, 2153, 369], ""type"": ""formula"", ""text"": ""a) x(x + 4) - x^3 = 2x - 8""}, {""bbox"": [1054, 369, 2153, 543], ""type"": ""formula"", ""text"": ""x^2 + 4x - ~~9~~ = 2x - 8""}, {""bbox"": [1072, 543, 1676, 743], ""type"": ""formula"", ""text"": ""4x = 2x - 8""}, {""bbox"": [1072, 743, 1661, 917], ""type"": ""formula"", ""text"": ""4x - 3x = -8""}, {""bbox"": [1054, 917, 1403, 1077], ""type"": ""formula"", ""text"": ""2x = -8""}, {""bbox"": [1054, 1104, 1352, 1277], ""type"": ""formula"", ""text"": ""x = -8""}, {""bbox"": [1020, 1358, 1419, 1606], ""type"": ""formula"", ""text"": ""x = -4""}, {""bbox"": [937, 1586, 1766, 1817], ""type"": ""formula"", ""text"": ""5. (x - 1)^2 = x^3 + 3""}, {""bbox"": [1054, 1862, 1912, 2091], ""type"": ""formula"", ""text"": ""x^4 - 2x + 1 - x^4 = 3""}, {""bbox"": [1001, 2113, 1596, 2290], ""type"": ""formula"", ""text"": ""-2x = 3 - 1""}, {""bbox"": [1011, 2312, 1447, 2471], ""type"": ""formula"", ""text"": ""-6x = 2""}, {""bbox"": [1029, 2495, 1358, 2706], ""type"": ""formula"", ""text"": ""x = -1""}, {""bbox"": [837, 2951, 2628, 3182], ""type"": ""formula"", ""text"": ""a) 5(3x - 6) + 4(3 - 2x) = 5x - 8""}, {""bbox"": [939, 3182, 2468, 3403], ""type"": ""formula"", ""text"": ""15x - 30 + 12 - 8x = 5x - 8""}, {""bbox"": [944, 3403, 1920, 3625], ""type"": ""formula"", ""text"": ""7x - 18 = 5x - 8""}, {""bbox"": [939, 3625, 1895, 3856], ""type"": ""formula"", ""text"": ""7x - 5x = -8 + 18""}, {""bbox"": [912, 3856, 1464, 4078], ""type"": ""formula"", ""text"": ""2x = 10""}]"
6f5f992e-3f5f-509a-bbbc-66dde2d48435.jpg,"[{""bbox"": [201, 1051, 1959, 1268], ""type"": ""formula"", ""text"": ""3) 114,48 : 1,8 = 63,6 (грн)""}]"
89e6dce3-f601-5fea-8062-5030fa5e6b92.jpg,[]
5ad33733-33f9-5dcc-9278-a1496b21ea4c.jpg,[]
77a6985e-3dea-5c9f-97f7-866cf236bd6d.jpg,[]
dbd41bf6-ac5e-5382-a0f9-07c323f10d13.jpg,[]
720fb398-4310-54a3-92b8-4b4ad9eef05e.jpg,[]
c99bbe02-7960-5bab-98d8-6cc1033a489d.jpg,"[{""bbox"": [1401, 1036, 2335, 1291], ""type"": ""formula"", ""text"": ""HCD(55;132) = 11""}, {""bbox"": [1342, 1520, 2752, 1775], ""type"": ""formula"", ""text"": ""NCK(56;35)=2*2*2*7*5=280""}]"
a6d976b0-60c3-591d-b5ab-45fb437ebcd1.jpg,[]
84181d84-409a-5e56-aa07-67aec35ecba4.jpg,[]
1d7cd678-26a0-53a0-a8ba-3cb20774001b.jpg,"[{""bbox"": [791, 746, 2157, 965], ""type"": ""formula"", ""text"": ""1) 17,3/0,1=173""}, {""bbox"": [769, 948, 1803, 1118], ""type"": ""formula"", ""text"": ""2) 0,9/0,1=9""}, {""bbox"": [766, 1125, 2043, 1319], ""type"": ""formula"", ""text"": ""3) 0,04/0,1=0,4""}, {""bbox"": [694, 1331, 1994, 1516], ""type"": ""formula"", ""text"": ""4) 7,2 / 0,01=720""}, {""bbox"": [661, 1527, 2097, 1722], ""type"": ""formula"", ""text"": ""5) 0,13 / 0,01=13""}, {""bbox"": [668, 1741, 2400, 1936], ""type"": ""formula"", ""text"": ""6) 752 / 0,01 = 75200""}, {""bbox"": [634, 1951, 2354, 2143], ""type"": ""formula"", ""text"": ""7) 0,185 / 0,001=185""}, {""bbox"": [614, 2150, 2390, 2369], ""type"": ""formula"", ""text"": ""8) 5,9 / 0,001=5900""}, {""bbox"": [548, 2372, 2980, 2645], ""type"": ""formula"", ""text"": ""9) 14,59 / 0,0001= 145900""}]"
5a8d8007-6183-5302-bc81-246050244260.jpg,"[{""bbox"": [2023, 227, 2380, 302], ""type"": ""formula"", ""text"": ""1% = 0,01""}, {""bbox"": [2023, 334, 2822, 410], ""type"": ""formula"", ""text"": ""4,8 : 0,01 = 480 (км)""}, {""bbox"": [170, 640, 1448, 761], ""type"": ""formula"", ""text"": ""1) 50 / 25 * 100 = 2 * 100 = 200""}, {""bbox"": [170, 774, 1568, 905], ""type"": ""formula"", ""text"": ""2) 95 / 38 * 100 = 2,5 * 100 = 250""}, {""bbox"": [2023, 824, 3055, 902], ""type"": ""formula"", ""text"": ""400 : 80 · 100 = 500 (км)""}, {""bbox"": [170, 899, 1576, 1020], ""type"": ""formula"", ""text"": ""3) 31,5 / 4,2 * 100 = 7,5 * 100 = 750""}, {""bbox"": [2054, 1348, 2403, 1418], ""type"": ""formula"", ""text"": ""60% = 0,6""}, {""bbox"": [170, 1423, 1786, 1505], ""type"": ""formula"", ""text"": ""4) 37,59 / 107,4 * 100 = 3,5 * 100 = 350""}, {""bbox"": [2023, 1587, 2993, 1665], ""type"": ""formula"", ""text"": ""2) 300 - 180 = 120 (км)""}, {""bbox"": [170, 2015, 1584, 2096], ""type"": ""formula"", ""text"": ""5) 14,7 / 24,5 * 100 = 0,6 * 100 = 60""}, {""bbox"": [133, 2556, 1537, 2669], ""type"": ""formula"", ""text"": ""6) 0,08 / 0,2 * 100 = 0,4 * 100 = 40""}]"
796fc415-0d0b-55ce-9a4e-a4b94a4b355e.jpg,[]
f9fd1aea-2e28-5d1e-affb-3244f3089feb.jpg,[]
969f9862-ab27-5aab-8447-e13d94eba306.jpg,[]
553d841a-1513-50a5-9468-f93849188386.jpg,"[{""bbox"": [219, 1608, 2931, 1889], ""type"": ""formula"", ""text"": ""4.1. \\sqrt[4]{(5 - \\sqrt{30})^4} - \\sqrt[8]{(6 - \\sqrt{30})^8} = |5 - \\sqrt{30}| - |6 - \\sqrt{30}| =""}, {""bbox"": [222, 1859, 2895, 2082], ""type"": ""formula"", ""text"": ""= -(5~~8~~ - \\sqrt{30}) - 6 - \\sqrt{30} = -5 + \\sqrt{30} - 6 - \\sqrt{30} = -11""}, {""bbox"": [201, 2112, 2895, 2369], ""type"": ""formula"", ""text"": ""4.2. (\\sqrt[6]{27} + \\sqrt[4]{100})(\\sqrt[6]{27} - \\sqrt[4]{100}) = (\\sqrt[6]{27})^2 - (\\sqrt[4]{100})^2 =""}, {""bbox"": [196, 2317, 1906, 2540], ""type"": ""formula"", ""text"": ""= \\sqrt[3]{27} - \\sqrt{100} = 3 - 10 = -7.""}]"
5055f73a-c2c0-53e9-9f53-f1eae00d05ce.jpg,"[{""bbox"": [127, 470, 928, 621], ""type"": ""formula"", ""text"": ""m1 = 200г = 0,2кг""}, {""bbox"": [166, 621, 1109, 782], ""type"": ""formula"", ""text"": ""m1 = 120 г = 0,12 кг""}, {""bbox"": [166, 782, 508, 940], ""type"": ""formula"", ""text"": ""W = 200""}, {""bbox"": [156, 1163, 1314, 1446], ""type"": ""formula"", ""text"": """"}, {""bbox"": [142, 1418, 1233, 1715], ""type"": ""formula"", ""text"": """"}, {""bbox"": [148, 1668, 1433, 1938], ""type"": ""formula"", ""text"": ""ox: m_1a = T - F теч""}, {""bbox"": [252, 1911, 1468, 2154], ""type"": ""formula"", ""text"": ""oy : m_2a = T + F тяж""}, {""bbox"": [535, 2119, 2227, 2354], ""type"": ""formula"", ""text"": ""m_1a + m_2a = F_тяж - F_тер""}, {""bbox"": [528, 2326, 2165, 2574], ""type"": ""formula"", ""text"": ""a(m_1 + m_2) = F_тяж - F_тер""}, {""bbox"": [393, 2572, 1648, 2827], ""type"": ""formula"", ""text"": ""a = F_тяж - F_тер""}, {""bbox"": [855, 2827, 1248, 2985], ""type"": ""formula"", ""text"": ""m_1 + m_2""}, {""bbox"": [302, 2895, 2123, 3143], ""type"": ""formula"", ""text"": ""F_тяж = m_2g = 0,12 * 10 = 1,2H""}, {""bbox"": [247, 3067, 2721, 3343], ""type"": ""formula"", ""text"": ""F_тер = μmg = 0,03 * 0,18 * 10 = 0,054H""}, {""bbox"": [293, 3230, 2780, 3617], ""type"": ""formula"", ""text"": ""a = 1,2 - 0,054 / 0,18 + 0,12 = 1,146 / 0,3 = 3,12 м/с^2""}]"
862260e9-5fa0-5c11-83d1-e5e7055d5808.jpg,[]
5f9cb01a-b147-58b5-bdc9-3b7d3fec468f.jpg,"[{""bbox"": [613, 875, 2144, 1063], ""type"": ""formula"", ""text"": ""6) 0,408 / 0,17 = 40,8 / 17 = 2,4""}, {""bbox"": [572, 1482, 2141, 1608], ""type"": ""formula"", ""text"": ""7) 1,332 / 0,036 = 1332 / 36 = 37""}, {""bbox"": [521, 2097, 2695, 2240], ""type"": ""formula"", ""text"": ""8) 0,57409 / 0,187 = 574,09 : 187 = 3,07""}, {""bbox"": [466, 2765, 2524, 2950], ""type"": ""formula"", ""text"": ""9) 5,0075 / 2,5 = 50,075 / 25 = 2,003""}]"
a1a006bc-db03-52c6-9741-f15000e62cb1.jpg,"[{""bbox"": [2114, 1311, 3359, 1521], ""type"": ""formula"", ""text"": ""4) -12 / 6 = -2""}, {""bbox"": [212, 1323, 2033, 1555], ""type"": ""formula"", ""text"": ""1) 1796 / (- 4) = - 49""}, {""bbox"": [2112, 1594, 3944, 1811], ""type"": ""formula"", ""text"": ""5) 22,5 / (-2,25) = -90""}, {""bbox"": [188, 1667, 1368, 1850], ""type"": ""formula"", ""text"": ""2) -42 / 6 = 7""}, {""bbox"": [1972, 1879, 3760, 2165], ""type"": ""formula"", ""text"": ""6) - 14,4 / 0,32 = - 45""}, {""bbox"": [112, 1976, 1568, 2204], ""type"": ""formula"", ""text"": ""3) -0,6 / x = -0,3""}]"
aea62010-23ca-5437-b66c-18357406a84d.jpg,[]
c6184d37-4bcc-57f6-a67d-3edbb77f5e09.jpg,[]
255ec23b-43b1-52be-b291-02dfd3496b9a.jpg,"[{""bbox"": [414, 1039, 1113, 1161], ""type"": ""formula"", ""text"": ""2x + 3(15 - x) = 38""}, {""bbox"": [405, 1224, 1163, 1346], ""type"": ""formula"", ""text"": ""2x + 45 - x = 38""}, {""bbox"": [414, 1426, 945, 1535], ""type"": ""formula"", ""text"": ""47x = 38""}, {""bbox"": [427, 1615, 711, 1733], ""type"": ""formula"", ""text"": ""x = 9""}, {""bbox"": [414, 2739, 901, 2848], ""type"": ""formula"", ""text"": ""5x + x = 120""}, {""bbox"": [414, 2916, 792, 3021], ""type"": ""formula"", ""text"": ""6x = 120""}, {""bbox"": [436, 3097, 854, 3214], ""type"": ""formula"", ""text"": ""x = 720""}, {""bbox"": [461, 3850, 1485, 3976], ""type"": ""formula"", ""text"": ""7x + 4(x + 0,75) = 7,95""}]"
f1953d36-bb03-50d3-9343-d63e92159d54.jpg,[]
35956ea3-5e67-5451-aa0d-2206f6e25301.jpg,[]
a13dbcac-037e-5254-af3e-127c0ae7d823.jpg,[]
7bd8d7f3-6096-59e0-93b9-6ac71623e15e.jpg,"[{""bbox"": [525, 1008, 2169, 1328], ""type"": ""formula"", ""text"": ""3) |-57| · |x| = 0""}, {""bbox"": [534, 1428, 1206, 1692], ""type"": ""formula"", ""text"": ""|x| = 0""}, {""bbox"": [579, 1788, 1068, 2028], ""type"": ""formula"", ""text"": ""x = 0""}]"
c5915cc6-45c9-5e74-8882-ae8260443dec.jpg,[]
494c40ac-7288-5443-a591-e43ea4f9e84c.jpg,"[{""bbox"": [856, 1512, 1681, 1683], ""type"": ""formula"", ""text"": ""9. 1) 8 - 3 = 5""}, {""bbox"": [1020, 1764, 1681, 1914], ""type"": ""formula"", ""text"": ""2) 5 - 2 = 3""}]"
1d138b18-a723-5a37-8ce9-16534786f168.jpg,[]
b3814ea1-7cf3-5989-ab0b-30b11e115585.jpg,[]
b23131c9-d14f-5d74-89f0-e4177c568b1a.jpg,"[{""bbox"": [315, 624, 1241, 781], ""type"": ""formula"", ""text"": ""1.5x - x = 120""}, {""bbox"": [405, 818, 995, 938], ""type"": ""formula"", ""text"": ""4x = 120""}, {""bbox"": [405, 989, 1005, 1123], ""type"": ""formula"", ""text"": ""x = 120 : 4""}, {""bbox"": [280, 1581, 1900, 1734], ""type"": ""formula"", ""text"": ""2. 7x + 4(x + 75) = 795""}, {""bbox"": [475, 1766, 1844, 1909], ""type"": ""formula"", ""text"": ""7x + 4x + 300 = 795""}, {""bbox"": [485, 1979, 1168, 2131], ""type"": ""formula"", ""text"": ""11x = 495""}, {""bbox"": [468, 2173, 912, 2344], ""type"": ""formula"", ""text"": ""x = 45""}, {""bbox"": [242, 3084, 1328, 3246], ""type"": ""formula"", ""text"": ""3. 4x = x + 27""}, {""bbox"": [461, 3296, 1258, 3468], ""type"": ""formula"", ""text"": ""4x - x = 27""}, {""bbox"": [461, 3537, 1068, 3699], ""type"": ""formula"", ""text"": ""3x = 27""}, {""bbox"": [450, 3768, 1144, 3939], ""type"": ""formula"", ""text"": ""x = 27 : 3""}, {""bbox"": [416, 4009, 762, 4180], ""type"": ""formula"", ""text"": ""x = 9""}]"
616fc631-734f-5d2a-bae2-b356d7bcc69f.jpg,[]
c70ae9c9-773a-5498-8676-8c124a12ac8c.jpg,[]
54a916a2-7ba3-51c7-b76f-10658be40a40.jpg,[]
4206b007-9d11-58ca-a390-3962cc064137.jpg,[]
a87cad2c-391c-508a-bc2a-91e2fa10d06c.jpg,"[{""bbox"": [295, 415, 1409, 614], ""type"": ""formula"", ""text"": ""1) 73,63 * 10 = 736, 3""}, {""bbox"": [1673, 424, 2844, 602], ""type"": ""formula"", ""text"": ""7,8468 * 100 = 784.68""}, {""bbox"": [322, 614, 1570, 782], ""type"": ""formula"", ""text"": ""6,645 * 3,7 = 24.5865""}, {""bbox"": [274, 1334, 1579, 1477], ""type"": ""formula"", ""text"": ""0.0064 * 7,6 = 0.04864""}, {""bbox"": [237, 2057, 1358, 2206], ""type"": ""formula"", ""text"": ""2) 78,7 / 100 = 0,787""}, {""bbox"": [1466, 2057, 2853, 2217], ""type"": ""formula"", ""text"": ""7,85 / 1000 = 0,00785""}, {""bbox"": [301, 2243, 1238, 2393], ""type"": ""formula"", ""text"": ""6,48 / 27 = 0,24""}, {""bbox"": [1466, 2250, 2221, 2410], ""type"": ""formula"", ""text"": ""8 / 18 = 0, 44""}, {""bbox"": [235, 2960, 1099, 3123], ""type"": ""formula"", ""text"": ""3) 3,85 / x = 1,54""}, {""bbox"": [1343, 2986, 2148, 3131], ""type"": ""formula"", ""text"": ""1,5 - x = 2,25""}, {""bbox"": [273, 3146, 1105, 3317], ""type"": ""formula"", ""text"": ""x = 3,85 / 1,54""}, {""bbox"": [1349, 3172, 2140, 3341], ""type"": ""formula"", ""text"": ""x = 22,5 / 1,5""}, {""bbox"": [261, 3343, 654, 3503], ""type"": ""formula"", ""text"": ""x = 2,5""}, {""bbox"": [1357, 3367, 1735, 3515], ""type"": ""formula"", ""text"": ""x = 15""}, {""bbox"": [270, 3529, 1163, 3715], ""type"": ""formula"", ""text"": ""3.85 / 2,5 = 1,54""}, {""bbox"": [1345, 3561, 2217, 3714], ""type"": ""formula"", ""text"": ""1,5 * 15 = 22,5""}, {""bbox"": [291, 3724, 948, 3863], ""type"": ""formula"", ""text"": ""1,54 = 1,54""}, {""bbox"": [1335, 3746, 2051, 3941], ""type"": ""formula"", ""text"": ""22,5 = 22,5""}, {""bbox"": [212, 3872, 1175, 4070], ""type"": ""formula"", ""text"": ""4) 96 / 0.16 = 600""}]"
9111bea3-6cc6-5d1c-bbe5-103e9d7be43f.jpg,[]
389bddfb-2eb9-5b53-8039-a2b4e7546a0b.jpg,"[{""bbox"": [474, 39, 1329, 156], ""type"": ""formula"", ""text"": ""12 / 3 = 4 / 2 = 8""}, {""bbox"": [487, 459, 990, 557], ""type"": ""formula"", ""text"": ""12 / 4 = 3""}, {""bbox"": [726, 614, 816, 790], ""type"": ""formula"", ""text"": ""\\frac{1}{4}""}, {""bbox"": [489, 1037, 1420, 1144], ""type"": ""formula"", ""text"": ""12 / 6 = 2 * 5 = 10""}]"
658a3f09-3f8a-5ec7-8f63-23f4a58e2f49.jpg,[]
22fb180b-82dc-5152-8e7b-eed13e100788.jpg,"[{""bbox"": [290, 641, 912, 815], ""type"": ""formula"", ""text"": ""N(N_2) = 0,9 * 10^23""}, {""bbox"": [1041, 829, 2381, 964], ""type"": ""formula"", ""text"": ""n = N / N_A, де N_A = 6,02 * 10^23 моль^-1""}, {""bbox"": [274, 932, 620, 1112], ""type"": ""formula"", ""text"": ""n(N_2) - ?""}, {""bbox"": [927, 960, 2379, 1130], ""type"": ""formula"", ""text"": ""Отже, n(N_2) = (0,9 * 10^23) / (6,02 * 10^23 моль^-1) =""}, {""bbox"": [213, 1766, 1059, 1925], ""type"": ""formula"", ""text"": ""n_1(CO_2) = 0,5 моль""}, {""bbox"": [213, 1925, 961, 2084], ""type"": ""formula"", ""text"": ""n_2(CO_2) = 2 моль""}, {""bbox"": [213, 2084, 528, 2243], ""type"": ""formula"", ""text"": ""n_1(О) - ?""}, {""bbox"": [159, 2243, 528, 2403], ""type"": ""formula"", ""text"": ""n_2(О) - ?""}]"
b22ccc19-ec01-5240-9ba4-fdf2541377f8.jpg,[]
378c0135-9247-547e-b1f4-bccbc2f16571.jpg,"[{""bbox"": [346, 701, 2006, 1032], ""type"": ""formula"", ""text"": ""1) ∠B = ∠A = 48°""}, {""bbox"": [453, 1157, 2818, 1470], ""type"": ""formula"", ""text"": ""∠0 = 180° - (48° + 48°) = 84°""}, {""bbox"": [282, 1482, 2818, 1827], ""type"": ""formula"", ""text"": ""2) ∠A = ∠B""}, {""bbox"": [299, 1804, 2860, 2050], ""type"": ""formula"", ""text"": ""∠A = 180° - 102° = 78 / 2 = 39""}]"
254edfa3-0fbc-5c1f-bf7a-4c66802b7167.jpg,"[{""bbox"": [1785, 1828, 2808, 2120], ""type"": ""formula"", ""text"": ""НСД(55, 132) = 11.""}, {""bbox"": [1719, 2612, 2892, 2806], ""type"": ""formula"", ""text"": ""НСК(56, 35) = 2 * 2 * 2 *""}, {""bbox"": [1733, 2826, 2385, 3012], ""type"": ""formula"", ""text"": ""* 7 * 5 = 280""}]"
6e0d26f8-7f45-5053-bc69-678a123707c5.jpg,"[{""bbox"": [659, 1776, 2335, 1917], ""type"": ""formula"", ""text"": ""366 1) 36^2 = 36 * 36 = 1296 ; 2) 15^3 = 15 * 15 * 15""}, {""bbox"": [783, 1917, 2163, 2057], ""type"": ""formula"", ""text"": ""2) 15^3 = 15^2 * 15 = 225 * 15 = 3375""}, {""bbox"": [783, 2049, 1772, 2163], ""type"": ""formula"", ""text"": ""3) 70^2 = 70 * 70 = 4900 ;""}, {""bbox"": [766, 2160, 2499, 2279], ""type"": ""formula"", ""text"": ""4) 13^3 - 1 = 13 * 13 * 13 - 1 = 169 * 13 - 1 = 2196""}, {""bbox"": [761, 2279, 2412, 2446], ""type"": ""formula"", ""text"": ""5) 42^2 + 17 = 42 * 42 + 17 = 1764 + 17 = 1781""}, {""bbox"": [774, 2403, 2036, 2557], ""type"": ""formula"", ""text"": ""6) 37 - 6^2 = 37 - 6 · 6 = 37 - 36 = 1""}, {""bbox"": [1631, 2594, 2387, 2737], ""type"": ""formula"", ""text"": ""2) 29^2 = 29 * 29 = 841""}, {""bbox"": [611, 2608, 1503, 2752], ""type"": ""formula"", ""text"": ""368 1) 14^2 = 14 * 14 = 196""}, {""bbox"": [626, 2807, 2433, 2983], ""type"": ""formula"", ""text"": ""370. 1) 6^3 = 6 * 6 * 6 = (6 * 6) * 6 = 36 * 6 = 216""}, {""bbox"": [745, 2944, 2546, 3144], ""type"": ""formula"", ""text"": ""2) 15^3 = 15 * 15 * 15 = (15 * 15) * 15 = 225 * 15 *""}, {""bbox"": [505, 3170, 906, 3304], ""type"": ""formula"", ""text"": ""= 3375""}]"
bd36d74a-8f63-599e-89f4-c4df7f294931.jpg,"[{""bbox"": [87, 353, 988, 491], ""type"": ""formula"", ""text"": ""1. a) (x + 3)^2 + (y - 1)^2 = 4""}, {""bbox"": [107, 736, 1047, 909], ""type"": ""formula"", ""text"": ""(x - a)^2 + (y - b)^2 = R^2""}, {""bbox"": [138, 896, 957, 1028], ""type"": ""formula"", ""text"": ""(x + 3)^2 + (y - 1)^2 = 2^2""}, {""bbox"": [107, 1016, 926, 1151], ""type"": ""formula"", ""text"": ""a = -3, b = 1, R = 2""}, {""bbox"": [107, 1459, 879, 1601], ""type"": ""formula"", ""text"": ""d) (x - 9)^2 + y^2 = 6""}, {""bbox"": [107, 1601, 941, 1722], ""type"": ""formula"", ""text"": ""(x - 9)^2 + y^2 = 2^2""}, {""bbox"": [107, 1722, 977, 1864], ""type"": ""formula"", ""text"": ""a = 9, b = 0, R = 2""}]"
1a9dcb93-1c3c-55b9-8b0f-06e7b9c82ab3.jpg,"[{""bbox"": [15, 833, 702, 882], ""type"": ""formula"", ""text"": ""k = F/l = 40 N / 0,001 м = 40 000 Н/м""}]"
18cc5772-57ca-5489-b493-30a9b2d8b3b2.jpg,[]
a63df199-c9de-5f43-9e53-51d9108cf38c.jpg,[]
31a6a637-ce7d-5521-835f-4fc4710fde34.jpg,[]
e1808133-425d-50ee-8461-fb18ba92a47d.jpg,[]
07cff4ca-b5b1-5a65-a171-e045d3d5a46e.jpg,[]
7541d812-731d-5503-97a3-af2034f86e56.jpg,[]
dbe381b8-3659-5d7f-9052-e08a868754ab.jpg,[]
b05e8bcb-5954-5f6b-bd31-c0039e1f401d.jpg,[]
446ca84a-792a-56ba-9c12-a3fd4314a150.jpg,"[{""bbox"": [133, 152, 799, 292], ""type"": ""formula"", ""text"": ""б) 70% = 0,7""}, {""bbox"": [214, 339, 1066, 472], ""type"": ""formula"", ""text"": ""280 * 0,7 = 196""}, {""bbox"": [126, 498, 2053, 655], ""type"": ""formula"", ""text"": ""5) 125 / 100 * 46 = 1,25 * 46 = 57,5""}, {""bbox"": [126, 1260, 818, 1407], ""type"": ""formula"", ""text"": ""6) 60% = 0,6""}, {""bbox"": [133, 1573, 1533, 1758], ""type"": ""formula"", ""text"": ""2) 24,3 + 4,5 = 28,8 (грн)""}]"
060d5ac0-6a93-59f8-860e-c9d022d834d6.jpg,[]
de56b71d-f1a8-5cb5-ad5f-453eff840cba.jpg,"[{""bbox"": [87, 38, 610, 109], ""type"": ""formula"", ""text"": ""9) x = 7 * n + 37""}, {""bbox"": [148, 135, 279, 215], ""type"": ""formula"", ""text"": ""n = 3""}, {""bbox"": [148, 233, 911, 326], ""type"": ""formula"", ""text"": ""x = 7 · 3 + 37 = 58 (грн)""}]"
b6410284-b0fe-55b8-b767-1eddce9c8088.jpg,"[{""bbox"": [321, 840, 2876, 1039], ""type"": ""formula"", ""text"": ""2y = \\sqrt{y^2} + 9 * 2\\sqrt{2} * cos{60} = \\sqrt{y^2 + 9} *""}, {""bbox"": [271, 1031, 2887, 1215], ""type"": ""formula"", ""text"": ""* 2 \\sqrt{2} * \\frac{1}{2} = \\sqrt{2 * (y^2 + 9)} = \\sqrt{2y^2 + 18}""}, {""bbox"": [293, 1223, 1557, 1415], ""type"": ""formula"", ""text"": ""(2y)^2 = 2y^2 + 18""}, {""bbox"": [321, 1423, 1593, 1614], ""type"": ""formula"", ""text"": ""4y^2 = 2y^2 + 18""}, {""bbox"": [349, 1614, 1593, 1798], ""type"": ""formula"", ""text"": ""2y^2 = 18""}, {""bbox"": [405, 1798, 1056, 1982], ""type"": ""formula"", ""text"": ""y^2 = 9""}, {""bbox"": [405, 1982, 989, 2289], ""type"": ""formula"", ""text"": ""y = ± 3""}]"
4bfdb4ff-8433-5e69-970f-1ee370658e0e.jpg,[]
aaa48dd7-a21e-5e25-acae-cfa0f05e2eb6.jpg,"[{""bbox"": [336, 75, 1961, 281], ""type"": ""formula"", ""text"": ""2) a - (-6) > b - (-6); a + 6 > 6 > b + 6;""}, {""bbox"": [321, 315, 850, 419], ""type"": ""formula"", ""text"": ""3) 12a > 12b""}, {""bbox"": [321, 421, 825, 578], ""type"": ""formula"", ""text"": ""4) - 1/3 a < - 1/3 b ;""}, {""bbox"": [321, 531, 1488, 723], ""type"": ""formula"", ""text"": ""5) a : 2/7 > d : 2/7; 7a/2 > 7b/2;""}, {""bbox"": [321, 742, 825, 894], ""type"": ""formula"", ""text"": ""6) -а/4 < -6/4.""}, {""bbox"": [325, 1088, 784, 1180], ""type"": ""formula"", ""text"": ""-3a > -36""}, {""bbox"": [286, 1257, 642, 1361], ""type"": ""formula"", ""text"": ""1) a < b;""}, {""bbox"": [286, 1364, 809, 1521], ""type"": ""formula"", ""text"": ""2) 2/7 a < 2/7 b ;""}, {""bbox"": [262, 1539, 839, 1678], ""type"": ""formula"", ""text"": ""3) b - 4 > a - 4;""}, {""bbox"": [246, 1699, 831, 1835], ""type"": ""formula"", ""text"": ""4) - 5/9 b < - 5/9 a ;""}, {""bbox"": [207, 2370, 1759, 2588], ""type"": ""formula"", ""text"": ""b ≤ 10; 5b ≤ 50; 5b - 9 ≤ 50 - 9;""}, {""bbox"": [179, 2734, 1975, 2950], ""type"": ""formula"", ""text"": ""2) b ≤ 10; - 2b ≥ -20; - 2b + 1 ≥ -20 + 1;""}]"
f61e8e8e-4a08-527d-8205-4558e946075e.jpg,[]
2ca62d64-10e6-509d-88b2-8599cdb8a751.jpg,[]
d9af16f1-d3fd-594a-95a6-f45b465b0a50.jpg,"[{""bbox"": [608, 1854, 1615, 2068], ""type"": ""formula"", ""text"": ""54,67 * 10 = 546,7""}, {""bbox"": [1940, 1909, 3166, 2110], ""type"": ""formula"", ""text"": ""7,4578 * 100 = 745,78""}]"
e53ba919-88fd-55a4-8683-5c03dc6fce61.jpg,[]
f8e4bb7a-4c1a-5594-8035-a50bf9da709a.jpg,"[{""bbox"": [288, 1951, 1529, 2229], ""type"": ""formula"", ""text"": ""HCD(55,132) = 11""}, {""bbox"": [249, 2755, 2516, 3073], ""type"": ""formula"", ""text"": ""НСК (56, 35) = 2 * 2 * 2 * 7 * 5 = 280""}, {""bbox"": [193, 3482, 1674, 3907], ""type"": ""formula"", ""text"": ""НСД(255, 476) = 17""}]"
ca0c116b-0bb9-513d-8728-65af9d9c6598.jpg,[]
0e921768-2570-5eb2-85f3-aaa469d16dd4.jpg,[]
14957515-f0ac-5b3e-b2be-4ea933bea419.jpg,[]
55169a71-e256-5833-be7f-ee710d1bcc04.jpg,[]
44546660-ed23-5317-931e-9f144023f1fd.jpg,[]
eabee135-c461-5e02-8902-ca1057eca520.jpg,[]
5547d1a8-841d-5dce-af70-d852ac26a4db.jpg,[]
f1e4d200-e2c8-5ca4-8d5b-aba818494354.jpg,[]
2ba7c4e3-4085-5b31-a995-82b0e9d37640.jpg,"[{""bbox"": [1303, 732, 2162, 875], ""type"": ""formula"", ""text"": ""(y + 50) + y = 180""}, {""bbox"": [1300, 887, 1954, 1014], ""type"": ""formula"", ""text"": ""2y + 50 = 120""}, {""bbox"": [1293, 1058, 1686, 1204], ""type"": ""formula"", ""text"": ""2y = 70""}, {""bbox"": [1276, 1208, 1771, 1342], ""type"": ""formula"", ""text"": ""y = 70 : 2""}, {""bbox"": [1262, 1335, 1616, 1544], ""type"": ""formula"", ""text"": ""y = 35""}, {""bbox"": [1266, 1543, 2517, 1716], ""type"": ""formula"", ""text"": ""x = y + 50 = 35 + 50 = 85""}, {""bbox"": [1133, 2117, 2012, 2319], ""type"": ""formula"", ""text"": ""4) 3(y + 1,5) = 4y""}, {""bbox"": [1269, 2315, 1913, 2512], ""type"": ""formula"", ""text"": ""3y + 4,5 = 4y""}, {""bbox"": [1308, 2526, 1630, 2706], ""type"": ""formula"", ""text"": ""4,5 = 9""}]"
beee85cf-3272-5dd4-b644-9ae6e0e829ae.jpg,[]
2a5f8725-1dfe-51ab-b9ad-d31ee8927777.jpg,[]
3cf8ad41-8195-51b5-8d44-fed2ef7f1f64.jpg,[]
a83bac7e-b214-5fe3-912d-91cc715b8526.jpg,[]
3b6c2ee1-a3ea-551f-9257-110312ddea20.jpg,[]
3a0318e6-7dee-59c5-a033-7bfeb044e162.jpg,[]
5efa6682-0aa7-5ea0-824b-6a6827d14324.jpg,[]
cc5a6d08-a232-5974-8a4a-fe250fbe5718.jpg,"[{""bbox"": [57, 1140, 1278, 1300], ""type"": ""formula"", ""text"": ""4. a) 11x - 9 = 4x + 19""}, {""bbox"": [114, 1336, 975, 1492], ""type"": ""formula"", ""text"": ""11x - 4 = 19 + 9""}, {""bbox"": [114, 1512, 564, 1692], ""type"": ""formula"", ""text"": ""7x = 28""}, {""bbox"": [114, 1708, 669, 1868], ""type"": ""formula"", ""text"": ""x = 21 : 7""}, {""bbox"": [114, 1868, 381, 2004], ""type"": ""formula"", ""text"": ""x = 4""}, {""bbox"": [114, 2028, 1560, 2188], ""type"": ""formula"", ""text"": ""б) 7x - 5(2x + 1) = 5x + 15""}, {""bbox"": [114, 2220, 1479, 2380], ""type"": ""formula"", ""text"": ""7x - 10x - 5 = 5x + 15""}, {""bbox"": [114, 2421, 1479, 2548], ""type"": ""formula"", ""text"": ""7x - 10x - 5x = 15 + 5""}, {""bbox"": [114, 2617, 669, 2756], ""type"": ""formula"", ""text"": ""-8x = 20""}, {""bbox"": [114, 2802, 559, 2961], ""type"": ""formula"", ""text"": ""8 = -20""}, {""bbox"": [114, 3017, 648, 3190], ""type"": ""formula"", ""text"": ""x = -2,5""}]"
f6a9bfed-d8ea-5f8b-a0a5-0defe4ec9bc0.jpg,"[{""bbox"": [436, 542, 2433, 647], ""type"": ""formula"", ""text"": ""2) 240 : 100 \\cdot 27 = 2,4 \\cdot 27 = 64,8 (km)""}, {""bbox"": [432, 1543, 2802, 1664], ""type"": ""formula"", ""text"": ""2) 160 : 100 · 48 = 1,6 · 48 = 76,8 (км) - про-""}, {""bbox"": [431, 2230, 1553, 2325], ""type"": ""formula"", ""text"": ""4) 83,2 - 76,8 = 6,4 (км)""}]"
7a7288a4-890e-598c-8151-4f953d9502c5.jpg,[]
4badc761-b3ec-5a78-b1c8-3c1a542875ee.jpg,"[{""bbox"": [110, 145, 1953, 308], ""type"": ""formula"", ""text"": ""3) 20,8 / (12 - 11,36) - 8 / 12,5 = 31,86""}, {""bbox"": [123, 1409, 1863, 1553], ""type"": ""formula"", ""text"": ""4) 71,96 - 216 * (225,7 / 7,4) = 6,08""}]"
3e37f107-e0a7-50d8-b181-6654ed1764f0.jpg,"[{""bbox"": [206, 195, 1283, 353], ""type"": ""formula"", ""text"": ""1) x_0 = \\frac{x_1 + x_2}{2} = \\frac{-2 + 2}{2} = 0""}, {""bbox"": [213, 340, 1300, 531], ""type"": ""formula"", ""text"": ""q_0 = \\frac{31 + 32}{2} = \\frac{41 + (-8)}{2} = -2""}, {""bbox"": [156, 658, 1971, 839], ""type"": ""formula"", ""text"": ""2) b = \\sqrt{(-40 + 2)^2 + (-2 - 4)^2} = \\sqrt{4 + 36} = 40""}, {""bbox"": [109, 1947, 1950, 2110], ""type"": ""formula"", ""text"": ""MN = \\sqrt{(-10 + 4)^2 + (7 - 5)^2 = \\sqrt{36 + 4 = \\sqrt{40}""}, {""bbox"": [84, 2154, 2214, 2316], ""type"": ""formula"", ""text"": ""MK = \\sqrt{(8 + 4)^2 + (1 - 5)^2} = \\sqrt{160} = 2\\sqrt{40}""}, {""bbox"": [65, 2353, 2195, 2599], ""type"": ""formula"", ""text"": ""NK = \\sqrt{(8 + 10)^2 + (1 - 7)^2} = \\sqrt{360} = 3\\sqrt{40}""}]"
facc0ae2-f8eb-53f9-bcc4-ba7a0670ef0b.jpg,[]
de073a0a-dee8-5686-8281-ace027da49fb.jpg,[]
5ca69bf9-77cc-5d74-b16b-8a5010bf8d4c.jpg,"[{""bbox"": [206, 20, 927, 158], ""type"": ""formula"", ""text"": ""2K + Cl_2 = 2KCl""}]"
410d65cc-de2e-5c29-acf8-015f0f2a57a4.jpg,"[{""bbox"": [290, 471, 830, 619], ""type"": ""formula"", ""text"": ""ур - 25к;""}, {""bbox"": [315, 599, 864, 728], ""type"": ""formula"", ""text"": ""4*20-25*113;""}, {""bbox"": [454, 716, 1143, 826], ""type"": ""formula"", ""text"": ""2825-80=2745""}]"
133127ff-ddb8-5cd8-b203-fd5d0f38e2fa.jpg,[]
5ee2046f-1a0d-58b2-8997-ef1e17ba3f14.jpg,[]
86047fb9-47fc-57c2-9235-2aa5fc173704.jpg,[]
7b62c8b6-c185-5290-bfd5-5c32eaae2a0c.jpg,[]
18308dc6-3701-5ff7-8396-ff186102d297.jpg,"[{""bbox"": [533, 90, 2629, 340], ""type"": ""formula"", ""text"": ""∠1 = ∠3 = 180° - 63 = 117°""}, {""bbox"": [467, 355, 3106, 569], ""type"": ""formula"", ""text"": ""∠2 + ∠3 + ∠4 = 63° + 119° + 68° = 243°""}, {""bbox"": [1465, 2124, 3551, 2376], ""type"": ""formula"", ""text"": ""∠1 + ∠3 = 320°""}]"
14f1a103-e84d-5436-abf2-7d34dddde421.jpg,"[{""bbox"": [162, 944, 2723, 1206], ""type"": ""formula"", ""text"": ""1 \\frac{4}{9} + 3 \\frac{2}{7} = (1 + 3) + (\\frac{4^3}{9} + \\frac{2^4}{7}) = 4 \\frac{12 + 8}{63} = 4 \\frac{20}{63} = 4 \\frac{4}{13}""}, {""bbox"": [162, 1268, 2723, 1526], ""type"": ""formula"", ""text"": ""7 \\frac{5}{12} + \\frac{3}{8} x = (7 + 1) + (\\frac{5}{12} + \\frac{3}{8}) = 8 + \\frac{10 + 9}{24} = 8 + \\frac{19}{24} = 8 \\frac{3}{4}""}, {""bbox"": [162, 1589, 2820, 1830], ""type"": ""formula"", ""text"": ""8 \\frac{1}{20} + 4 \\frac{19}{30} = (8 + 4) + (\\frac{13}{20} + \\frac{19}{30}) = 12 + \\frac{39 + 38}{60} = 12 \\frac{79}{60} = 13 \\frac{19}{60}""}, {""bbox"": [162, 1901, 2389, 2150], ""type"": ""formula"", ""text"": ""7 \\frac{2}{25} + 1 \\frac{7}{15} = (7 + 1) + (\\frac{21^{|3}}{15} + \\frac{2^{|1}}{25}) = 8 + \\frac{21 + 2}{25} = 8 \\frac{23}{25}""}, {""bbox"": [162, 2450, 2380, 2695], ""type"": ""formula"", ""text"": ""5 \\frac{7}{10} + 1 \\frac{8}{15} = (5 + 1) + (\\frac{7^{|2}}{10} + \\frac{8^{|1}}{15}) = 6 + \\frac{14 + 8}{15} = 6 \\frac{22}{15}""}, {""bbox"": [162, 2753, 2090, 3024], ""type"": ""formula"", ""text"": ""7 \\frac{4}{15} + 1 \\frac{5}{6} = (7 + 1) + (\\frac{4}{15}^{|2} + \\frac{5}{6}^{|5}) = 8 + \\frac{8 + 25}{30} = 8 \\frac{33}{30}""}, {""bbox"": [121, 3107, 2193, 3386], ""type"": ""formula"", ""text"": ""5 \\frac{13}{35} + 2 \\frac{9}{14} = (5 + 2) + (\\frac{13^2}{35} + \\frac{9^5}{14}) = 7 + \\frac{26 + 45}{70} = 7 \\frac{71}{70}""}, {""bbox"": [121, 3452, 2283, 3731], ""type"": ""formula"", ""text"": ""7 \\frac{17}{36} + 4 \\frac{5}{8} = (7 + 4) + (\\frac{17^{12}}{36} + \\frac{5^{45}}{8}) = 11 + \\frac{24 + 45}{72} = 11 \\frac{39}{72}""}]"
ba8de7f8-6cb5-5944-ae15-47085f3f36ca.jpg,[]
ffe39dfb-981b-5991-8e21-e8fca4801a04.jpg,"[{""bbox"": [1306, 544, 2101, 713], ""type"": ""formula"", ""text"": ""Дано: SA = 6\\sqrt{3}""}, {""bbox"": [1448, 810, 2334, 956], ""type"": ""formula"", ""text"": ""∠SCA = ∠SBA = 60°""}, {""bbox"": [469, 2226, 1007, 2356], ""type"": ""formula"", ""text"": ""△ SAC :""}, {""bbox"": [469, 2338, 1467, 2522], ""type"": ""formula"", ""text"": ""SA^2 + x^2 = 4x^2""}, {""bbox"": [677, 2512, 1474, 2680], ""type"": ""formula"", ""text"": ""(6\\sqrt{3})^2 = 3x^2""}, {""bbox"": [783, 2648, 1543, 2862], ""type"": ""formula"", ""text"": ""36 * 3 = 3x^2""}, {""bbox"": [1629, 2804, 2159, 2959], ""type"": ""formula"", ""text"": ""x = 6 см""}, {""bbox"": [825, 2836, 1598, 2985], ""type"": ""formula"", ""text"": ""x^2 = 36,""}, {""bbox"": [425, 2992, 1118, 3193], ""type"": ""formula"", ""text"": ""AB = 6 см""}, {""bbox"": [399, 3079, 1896, 3328], ""type"": ""formula"", ""text"": ""SA = h, бо SA ⊥ ABC""}, {""bbox"": [397, 3191, 1856, 3519], ""type"": ""formula"", ""text"": ""Sосн. = \\frac{6^2 * \\sqrt{3}}{2} = 18\\sqrt{3} см""}]"
3be2fcd3-dfa6-5335-93f2-6cdac75479fa.jpg,[]
36ee552f-42c8-5b3f-9231-0a7c15d48ced.jpg,"[{""bbox"": [300, 55, 1229, 166], ""type"": ""formula"", ""text"": ""1 * (-2) * 3 * 4 * 5 * (-6) * 7 * 8 * (-9) = - 362880""}, {""bbox"": [296, 171, 695, 244], ""type"": ""formula"", ""text"": ""-362 880 < 11""}, {""bbox"": [785, 288, 1332, 402], ""type"": ""formula"", ""text"": ""-77 · (0,25 + x) = 0""}, {""bbox"": [316, 313, 684, 421], ""type"": ""formula"", ""text"": ""41 · (x - 41) = 0""}, {""bbox"": [800, 404, 1165, 502], ""type"": ""formula"", ""text"": ""x+0,25=0""}, {""bbox"": [296, 435, 571, 508], ""type"": ""formula"", ""text"": ""x - 41 = 0""}, {""bbox"": [821, 505, 1058, 614], ""type"": ""formula"", ""text"": ""x = 0,25""}, {""bbox"": [335, 534, 477, 602], ""type"": ""formula"", ""text"": ""x = 41""}, {""bbox"": [335, 590, 740, 709], ""type"": ""formula"", ""text"": ""|-57| · |x| = 0""}, {""bbox"": [313, 709, 502, 793], ""type"": ""formula"", ""text"": ""|x|=0""}, {""bbox"": [326, 838, 464, 905], ""type"": ""formula"", ""text"": ""x = 0""}]"
5e2c3d3b-d829-5e31-8a14-49ec7019a198.jpg,[]
cebdfc5a-b2e7-5be4-98a1-f1fd0e21dabc.jpg,"[{""bbox"": [263, 425, 1505, 649], ""type"": ""formula"", ""text"": ""1.5В. 3x^2 - 10x - 2 = 0""}, {""bbox"": [517, 567, 2431, 817], ""type"": ""formula"", ""text"": ""Д = (-10)^2 - 4 * 3 * (-2) = 100 + 24 = 124""}, {""bbox"": [517, 785, 1371, 1017], ""type"": ""formula"", ""text"": ""x_1 = \\frac{10 + \\sqrt{124}}{6}""}, {""bbox"": [517, 1063, 1371, 1295], ""type"": ""formula"", ""text"": ""x_2 = \\frac{10 - \\sqrt{124}}{6}""}, {""bbox"": [545, 1277, 2797, 1615], ""type"": ""formula"", ""text"": ""1/х₁ + 1/х₂ = 6/(10+√124) + 6/(10-√124) = 6*(10-√124)+6*(10+√124)/(10+√124)*(10-√124)""}, {""bbox"": [540, 1600, 2741, 1903], ""type"": ""formula"", ""text"": ""= \\frac{60 - 6\\sqrt{124} + 60 + 6\\sqrt{124}}{10^2 - (\\sqrt{124})^2} = \\frac{120}{100 - 124} = \\frac{120}{24} = 5""}, {""bbox"": [239, 2486, 1221, 2585], ""type"": ""formula"", ""text"": ""3.1 2x - 6x - 3 = 0""}, {""bbox"": [550, 2591, 1545, 2769], ""type"": ""formula"", ""text"": ""x_1 + x_2 = + \\frac{6}{2} = 3""}, {""bbox"": [550, 2827, 1786, 2967], ""type"": ""formula"", ""text"": ""x_1 · x_2 = - 3/2 = - 1, 5""}, {""bbox"": [333, 2997, 2798, 3195], ""type"": ""formula"", ""text"": ""1) x_1^2 + x_2^2 = (x_1 + x_2) - 2 \\cdot x_1 \\cdot x_2 = 3^2 - 2 \\cdot (-1,5) =""}, {""bbox"": [408, 3181, 923, 3301], ""type"": ""formula"", ""text"": ""= 9 + 3 = 12""}, {""bbox"": [333, 3352, 2706, 3563], ""type"": ""formula"", ""text"": ""2) x_1^3 + x_2^3 = (x_1 + x_2)(x_1^2 + x_2^2 - x_1 \\cdot x_2) =""}, {""bbox"": [408, 3540, 2768, 3783], ""type"": ""formula"", ""text"": ""= 3(12 + (-1,5) = 3(12 - 1,5) = 3 · 10,5 = 31,5""}]"
588ab063-e0e4-5e53-8204-d4a8dc1f3d05.jpg,[]
a111d6d7-056b-5bd7-b359-c457ae1e4f7b.jpg,"[{""bbox"": [28, 879, 257, 965], ""type"": ""formula"", ""text"": ""A) n = m / M""}]"
0579f226-0fa3-5f1a-9a59-f786b5f7e219.jpg,"[{""bbox"": [457, 101, 1156, 249], ""type"": ""formula"", ""text"": ""xy: (-7; 1; 0)""}, {""bbox"": [447, 262, 951, 408], ""type"": ""formula"", ""text"": ""С (-1; 2; 8)""}, {""bbox"": [1060, 262, 1634, 413], ""type"": ""formula"", ""text"": ""D (-4; 0; 2)""}, {""bbox"": [324, 448, 2752, 692], ""type"": ""formula"", ""text"": ""CD = \\sqrt{(-1 + 4)^2 + (2 - 0)^2 + (8 - 2)^2} = \\sqrt{9 + 4 + 36} = \\sqrt{49} = 7""}, {""bbox"": [1162, 1416, 2871, 1600], ""type"": ""formula"", ""text"": ""1139 V = a · b · c = 3 · 6 · 6 = 108 см^3 A.""}, {""bbox"": [1155, 1592, 2529, 1788], ""type"": ""formula"", ""text"": ""1140. V = 4 * 3 * 8 = 96 см^3. А.""}, {""bbox"": [1140, 1948, 2511, 2140], ""type"": ""formula"", ""text"": ""1142. a = 72/12 = 6 (см) A.""}]"
762c7d07-a97c-586b-9559-0b9ebcd46ffb.jpg,[]
c87efe21-b2a5-5d90-af52-fc63a4afca16.jpg,"[{""bbox"": [405, 1066, 779, 1231], ""type"": ""formula"", ""text"": ""x = 4""}]"
a7964907-f53d-5851-9d7e-397bd8b1c542.jpg,"[{""bbox"": [62, 143, 319, 218], ""type"": ""formula"", ""text"": ""2) x₁ = x - 3""}, {""bbox"": [414, 143, 615, 212], ""type"": ""formula"", ""text"": ""y1 = y + 2""}, {""bbox"": [115, 221, 283, 287], ""type"": ""formula"", ""text"": ""x = 0 - 3""}, {""bbox"": [430, 221, 606, 287], ""type"": ""formula"", ""text"": ""y = 0 + 2""}, {""bbox"": [115, 287, 251, 358], ""type"": ""formula"", ""text"": ""x = -3""}, {""bbox"": [430, 311, 566, 367], ""type"": ""formula"", ""text"": ""y = 2""}, {""bbox"": [132, 385, 286, 459], ""type"": ""formula"", ""text"": ""(-3;2)""}, {""bbox"": [372, 569, 561, 634], ""type"": ""formula"", ""text"": ""y1 = y + 1""}, {""bbox"": [53, 570, 291, 635], ""type"": ""formula"", ""text"": ""3) x_1 = x + 2""}, {""bbox"": [100, 651, 313, 726], ""type"": ""formula"", ""text"": ""x2 = x1 - 1""}, {""bbox"": [381, 659, 605, 722], ""type"": ""formula"", ""text"": ""y2 = y1 - 2""}, {""bbox"": [94, 743, 314, 807], ""type"": ""formula"", ""text"": ""x2 = x + 1""}, {""bbox"": [398, 751, 562, 825], ""type"": ""formula"", ""text"": ""y_2 = y - 1""}, {""bbox"": [41, 876, 767, 960], ""type"": ""formula"", ""text"": ""4) A(x; y) → A1(x + a; y + b)""}, {""bbox"": [98, 958, 616, 1036], ""type"": ""formula"", ""text"": ""A (2; 3) → A1 (5; 8)""}, {""bbox"": [98, 1053, 399, 1116], ""type"": ""formula"", ""text"": ""a = 5 - 2 = 3""}, {""bbox"": [121, 1136, 392, 1213], ""type"": ""formula"", ""text"": ""8 = 8 - 3 = 5""}, {""bbox"": [98, 1230, 801, 1326], ""type"": ""formula"", ""text"": ""B(x; y) -> B_1(x + a; y + b)""}, {""bbox"": [82, 1328, 817, 1413], ""type"": ""formula"", ""text"": ""B(-3;-8) → B1(-3+3;-8+5)""}, {""bbox"": [98, 1421, 721, 1507], ""type"": ""formula"", ""text"": ""B(-3; -8) → B1(0; -3)""}]"
10c2ac07-de03-536b-88a1-3300d28f66c3.jpg,[]
47ca0b29-b0d7-517e-93ce-c8c9b7e3d698.jpg,"[{""bbox"": [1706, 232, 2951, 396], ""type"": ""formula"", ""text"": ""1) 5 7/10 + 1 8/15 = (5 + 1) + ( 21/10 + 8/15) = 6 + (63+16)/30 = 6 79/30 = 6 + 1 7/30 =""}, {""bbox"": [428, 278, 1419, 373], ""type"": ""formula"", ""text"": ""2) 8 - 3 7/8 = 7 8/8 - 3 7/8 = (7 - 3) + (8/8 - 7/8) = 4 1/8;""}, {""bbox"": [432, 345, 1533, 464], ""type"": ""formula"", ""text"": ""2) 8 - 3 5/8 = 7 8/8 - 3 5/8 = (7 - 3) + (8/8 - 5/8) = 4 + 3/8 = 4 3/8""}, {""bbox"": [1706, 370, 1921, 472], ""type"": ""formula"", ""text"": ""= 7 7/30;""}, {""bbox"": [1706, 411, 2765, 564], ""type"": ""formula"", ""text"": ""= 7 1/30;""}, {""bbox"": [1706, 664, 2016, 756], ""type"": ""formula"", ""text"": ""+ 1 1/70 = 8 1/70;""}, {""bbox"": [1706, 702, 2951, 855], ""type"": ""formula"", ""text"": ""+ 1 1/70 = 8 1/70;""}, {""bbox"": [1706, 832, 2951, 985], ""type"": ""formula"", ""text"": ""4) 7 17/36 - 4 3/8 = (7 + 4) + (17/36 + 3/8) = 11 + 11/72 = 11 11/72 - 11 1/72 =""}, {""bbox"": [404, 844, 1484, 963], ""type"": ""formula"", ""text"": ""1) 1 4/9 + 3 2/7 = (1 + 3) + (4/9 + 2/7) = 4 + (28 + 18)/63 = 4 46/63;""}, {""bbox"": [399, 946, 1484, 1064], ""type"": ""formula"", ""text"": ""2) 7 5/12 + 1 3/8 = (7 + 1) + (5/12 + 3/8) = 8 + (10 + 9)/24 = 8 19/24;""}, {""bbox"": [399, 1046, 1484, 1134], ""type"": ""formula"", ""text"": ""3) 8 7/20 + 4 15/30 = (8 + 4) + (7/20 + 15/30) = 12 + (21 + 38)/60 = 12 59/60;""}, {""bbox"": [399, 1122, 1484, 1214], ""type"": ""formula"", ""text"": ""4) 7 \\frac{2}{25} + 1 \\frac{7}{15} = (7 + 1) + (\\frac{2}{25} + \\frac{7}{15}) = 8 + \\frac{6 + 35}{75} = 8 \\frac{41}{75}""}, {""bbox"": [370, 1329, 1478, 1415], ""type"": ""formula"", ""text"": ""1) 7 - 5 \\frac{2}{17} = (7 - 5) - \\frac{2}{17} = 2 - \\frac{2}{17} = 1 \\frac{17}{17} - \\frac{2}{17} = 1 \\frac{15}{17};""}, {""bbox"": [370, 1415, 1478, 1501], ""type"": ""formula"", ""text"": ""2) 5 - 1 2/13 = (5 - 1) - 2/13 = 4 - 2/13 = 3 13/13 - 9/13 = 3 4/13;""}, {""bbox"": [370, 1501, 1334, 1590], ""type"": ""formula"", ""text"": ""3) 7 4/7 - 3/14 = 7 + (4/7^2 - 3/14^1) = 7 + (8 - 3)/14 = 7 5/14;""}, {""bbox"": [370, 1590, 1478, 1678], ""type"": ""formula"", ""text"": ""4) 9 4/5 - 3/10 = 9 + (4 ‧ 2/5 - 3 ‧ 1/10) = 9 + (8 - 3)/10 = 9 5/10 = 9 1/2;""}, {""bbox"": [370, 1678, 1478, 1765], ""type"": ""formula"", ""text"": ""5) 7 5/6 - 5 3/4 = (7 - 5) + (5/6/12 - 3/4/12) = 2 + (10 - 9)/12 = 2 1/12;""}, {""bbox"": [370, 1765, 1478, 1852], ""type"": ""formula"", ""text"": ""5) 7 5/6 - 5 3/4 = (7 - 5) + (5/6 - 3/4) = 2 + (10 - 9)/12 = 2 1/12;""}, {""bbox"": [370, 1938, 1478, 2025], ""type"": ""formula"", ""text"": ""7) 5 17/18 - 5 5/12 = (5 - 5) + (17/18 - 5/12) = (22-15)/36 = 7/36;""}]"
2138694c-93a1-58d2-bf1d-efd3e226dad8.jpg,"[{""bbox"": [719, 291, 2424, 452], ""type"": ""formula"", ""text"": ""1) 4,2 / 1,2 = 42 / 12 = 3,5 (км/год)""}, {""bbox"": [699, 961, 1693, 1110], ""type"": ""formula"", ""text"": ""2) 4,2 * 1,5 = 6,3 (км)""}, {""bbox"": [648, 1634, 1742, 1801], ""type"": ""formula"", ""text"": ""3) 3,5 * 1,5 = 5,25 (км)""}, {""bbox"": [621, 2304, 1874, 2519], ""type"": ""formula"", ""text"": ""4) 6,3 + 5,25 = 11, 55 (км)""}]"
55ceb2ca-adac-591a-b569-6463b7c46081.jpg,"[{""bbox"": [106, 1134, 940, 1252], ""type"": ""formula"", ""text"": ""2. 1) х + 26 = 148""}, {""bbox"": [339, 1293, 930, 1395], ""type"": ""formula"", ""text"": ""x = 148 - 26""}, {""bbox"": [356, 1436, 815, 1542], ""type"": ""formula"", ""text"": ""x = 122""}, {""bbox"": [119, 1587, 963, 1713], ""type"": ""formula"", ""text"": ""2) 122 - 26 = 96""}, {""bbox"": [100, 1807, 991, 1966], ""type"": ""formula"", ""text"": ""3. 1) x - 25 = 120""}, {""bbox"": [367, 1978, 1000, 2080], ""type"": ""formula"", ""text"": ""x = 120 - 25""}, {""bbox"": [367, 2129, 780, 2235], ""type"": ""formula"", ""text"": ""x = 145""}, {""bbox"": [137, 2264, 1114, 2427], ""type"": ""formula"", ""text"": ""2) 145 - 120 = 25""}]"
45e9c542-07b5-5c82-984c-fbea195a115e.jpg,[]
db42878b-3b65-504b-9e54-7a8bd1d166e5.jpg,[]
9139c067-536e-586e-9357-70741cf02486.jpg,[]
e2dfb77b-2bac-56ab-a6ea-83a7ab24dc19.jpg,"[{""bbox"": [135, 54, 308, 131], ""type"": ""formula"", ""text"": ""y = \\frac{2}{x} - 1""}]"
b8db8ae8-971c-5446-9f9a-ecbe81986bd3.jpg,[]
c652e935-d2ff-5a54-8fce-b99032402ba4.jpg,[]
d8b360f0-9f82-58f6-ac2a-b7234abed8c9.jpg,[]
8451b5f8-cdb1-5537-8016-aa5483bb712f.jpg,[]
97030573-8255-5921-9a33-6d83381cae19.jpg,"[{""bbox"": [346, 1054, 2351, 1174], ""type"": ""formula"", ""text"": ""1) (2,43 + 4,15) * 1,7 = 6,58 * 1,7 = 11,18~~9~~6;""}, {""bbox"": [315, 1689, 2281, 1801], ""type"": ""formula"", ""text"": ""2) (12,49 - 3,57) / 0,4 = 8,92 / 0,4 = 22,3;""}, {""bbox"": [303, 2520, 2397, 2624], ""type"": ""formula"", ""text"": ""3) (4,17 - 3,8) * (10,1 - 8,1) = 0,37 * 2 = 0,74;""}, {""bbox"": [283, 3045, 2606, 3203], ""type"": ""formula"", ""text"": ""4) (15,7 + 14,9) / (2,91 - 1,21) = 30,6 / 1,7 = 18.""}]"
0b84a9dd-c14a-5956-9cdb-f3ab3e5d09ee.jpg,[]
4bcf0eea-ff85-5784-9fd2-3d370deb2061.jpg,[]
2c12e96d-958c-5fb2-b064-639f56f9087d.jpg,"[{""bbox"": [1092, 478, 1891, 632], ""type"": ""formula"", ""text"": ""4) 1,18 = 118%""}, {""bbox"": [1101, 643, 2452, 808], ""type"": ""formula"", ""text"": ""5) 0,318 * 100% = 31,8%""}, {""bbox"": [1085, 814, 2566, 981], ""type"": ""formula"", ""text"": ""6) 2,387 · 100% = 238,7%""}, {""bbox"": [1092, 1152, 1893, 1414], ""type"": ""formula"", ""text"": ""1) \\frac{1}{2} = 0,5 = 50%""}, {""bbox"": [1070, 1443, 1987, 1701], ""type"": ""formula"", ""text"": ""2) \\frac{1}{4} = 0,25 = 25%""}, {""bbox"": [1054, 1768, 1878, 2061], ""type"": ""formula"", ""text"": ""3) \\frac{2}{5} = 0,4 = 40%""}, {""bbox"": [1042, 2067, 1853, 2329], ""type"": ""formula"", ""text"": ""4) \\frac{4}{5} = 0,8 = 80%""}, {""bbox"": [1038, 2350, 2077, 2620], ""type"": ""formula"", ""text"": ""5) \\frac{13}{50} = 0,26 = 26%""}, {""bbox"": [1038, 2712, 2090, 3034], ""type"": ""formula"", ""text"": ""6) \\frac{12}{25} = 0,48 = 48%""}]"
8fd4ace9-e3eb-5994-8f6a-e550fad17193.jpg,"[{""bbox"": [169, 0, 575, 84], ""type"": ""formula"", ""text"": ""= x - 20""}, {""bbox"": [169, 104, 1124, 250], ""type"": ""formula"", ""text"": ""180° = x + (x - 20)""}, {""bbox"": [169, 300, 692, 431], ""type"": ""formula"", ""text"": ""2x = 160""}, {""bbox"": [169, 454, 640, 585], ""type"": ""formula"", ""text"": ""x = 80°""}]"
e6e125b9-4988-579c-9f49-5863679085fc.jpg,"[{""bbox"": [234, 298, 753, 739], ""type"": ""formula"", ""text"": ""p = \\frac{F}{S}""}, {""bbox"": [923, 1406, 1378, 1715], ""type"": ""formula"", ""text"": ""p = \\frac{F}{S}""}, {""bbox"": [118, 1457, 670, 1634], ""type"": ""formula"", ""text"": ""m = 60г =""}, {""bbox"": [109, 1655, 592, 1825], ""type"": ""formula"", ""text"": ""= 0,006 кг""}, {""bbox"": [990, 1667, 1518, 1873], ""type"": ""formula"", ""text"": ""S = NS_1""}, {""bbox"": [73, 1837, 710, 2028], ""type"": ""formula"", ""text"": ""S_1 = 3мм^2 =""}, {""bbox"": [959, 1864, 1691, 2113], ""type"": ""formula"", ""text"": ""F = P = mg""}, {""bbox"": [82, 2025, 811, 2207], ""type"": ""formula"", ""text"": ""= 0,0003 м^2""}, {""bbox"": [959, 2052, 1958, 2298], ""type"": ""formula"", ""text"": ""P = 0,006 * 10 = 0,6 H""}, {""bbox"": [137, 2222, 410, 2414], ""type"": ""formula"", ""text"": ""N = 4""}, {""bbox"": [1032, 2280, 2569, 2490], ""type"": ""formula"", ""text"": ""S = 4 * 0,0003 = 0,00012 м^2""}, {""bbox"": [1032, 2423, 2684, 2802], ""type"": ""formula"", ""text"": ""p = 0,6 / 0,00012 = 6000 / 12 = 5000 Па""}, {""bbox"": [131, 2438, 474, 2714], ""type"": ""formula"", ""text"": ""p = ?""}]"
d1988833-b296-594a-bf4c-455669aec004.jpg,"[{""bbox"": [282, 734, 2549, 920], ""type"": ""formula"", ""text"": ""1) (2,43 + 4,15) * 1,7 = 6,58 * 1,7 = 11,186;""}, {""bbox"": [262, 930, 1842, 1106], ""type"": ""formula"", ""text"": ""2) (12,49 - 3,57) : 0,4 = 22,3;""}, {""bbox"": [262, 1123, 2549, 1295], ""type"": ""formula"", ""text"": ""3) (4,17 - 3,8) * (10,1 - 8,1) = 0,37 * 2 = 0,74;""}, {""bbox"": [274, 1271, 2730, 1443], ""type"": ""formula"", ""text"": ""4) (15,7 + 14,9) : (2,91 - 1,21) = 30,6 : 1,7 = 18;""}, {""bbox"": [302, 1638, 1030, 1810], ""type"": ""formula"", ""text"": ""1) 3,7y = 7,77;""}, {""bbox"": [1416, 1642, 2269, 1806], ""type"": ""formula"", ""text"": ""2) x * 3,48 = 8,7""}, {""bbox"": [359, 1816, 1093, 1955], ""type"": ""formula"", ""text"": ""y = 7,77 : 3,7""}, {""bbox"": [1457, 1825, 2217, 1997], ""type"": ""formula"", ""text"": ""x = 8,7 : 3,48""}, {""bbox"": [334, 1995, 1138, 2154], ""type"": ""formula"", ""text"": ""y = 7.7,7 : 37""}, {""bbox"": [1505, 2029, 1942, 2173], ""type"": ""formula"", ""text"": ""x = 2,5;""}, {""bbox"": [344, 2173, 771, 2332], ""type"": ""formula"", ""text"": ""y = 21;""}, {""bbox"": [262, 2447, 1045, 2619], ""type"": ""formula"", ""text"": ""3) y : 5,4 = 13,5""}, {""bbox"": [1350, 2447, 2240, 2619], ""type"": ""formula"", ""text"": ""4) 52,54 / x = 3,7""}, {""bbox"": [361, 2637, 1045, 2809], ""type"": ""formula"", ""text"": ""y = 13,5 x 5,4""}, {""bbox"": [1393, 2654, 2241, 2826], ""type"": ""formula"", ""text"": ""x = 52,54 / 3,7""}, {""bbox"": [361, 2826, 848, 2998], ""type"": ""formula"", ""text"": ""y = 72,9;""}, {""bbox"": [1393, 2826, 1916, 2998], ""type"": ""formula"", ""text"": ""x = 14,2;""}]"
4165f43d-07da-5a76-8f5b-00aee03754df.jpg,[]
8a8a6dd9-1040-5b11-9c3c-848571dfc1cd.jpg,"[{""bbox"": [205, 299, 1057, 522], ""type"": ""formula"", ""text"": ""x^2 - 4 ≤ 1""}]"
fc56f671-6f21-53ab-8f34-d8d90e1b8c2f.jpg,"[{""bbox"": [285, 1322, 1158, 1413], ""type"": ""formula"", ""text"": ""(4 + 2 + 3 + 1 + * = 10 + *) : 42318""}, {""bbox"": [144, 2304, 646, 2371], ""type"": ""formula"", ""text"": ""24 * 2 = 48 < 93""}, {""bbox"": [140, 2411, 644, 2472], ""type"": ""formula"", ""text"": ""24 * 3 = 72 < 93""}]"
4c0ced97-690a-52eb-9bec-7941cc25548d.jpg,[]
112ff2f5-5cfa-54b6-97cb-3c59655a334e.jpg,[]
62d4e1c7-0957-5585-802d-6f841190f22d.jpg,"[{""bbox"": [78, 12, 325, 88], ""type"": ""formula"", ""text"": ""y = 3 - f(x)""}, {""bbox"": [40, 686, 304, 761], ""type"": ""formula"", ""text"": ""y = f(x) + 5""}]"
a4967555-385d-51d4-b79b-c81ccebe1703.jpg,"[{""bbox"": [265, 2180, 828, 2284], ""type"": ""formula"", ""text"": """"}, {""bbox"": [281, 2321, 759, 2434], ""type"": ""formula"", ""text"": ""1 Вб = 1 Тл · м^2""}]"
78456101-7337-58a6-914c-02ec6f71e789.jpg,"[{""bbox"": [220, 145, 680, 289], ""type"": ""formula"", ""text"": ""1% = 0,01""}, {""bbox"": [213, 303, 1259, 445], ""type"": ""formula"", ""text"": ""4,8 / 0,01 = 480 (км)""}, {""bbox"": [204, 1025, 680, 1149], ""type"": ""formula"", ""text"": ""80% = 0,8""}, {""bbox"": [213, 1174, 1237, 1324], ""type"": ""formula"", ""text"": ""400 / 0,8 = 500 (кг)""}, {""bbox"": [220, 1918, 694, 2051], ""type"": ""formula"", ""text"": ""60% = 0,6""}, {""bbox"": [137, 2231, 1369, 2381], ""type"": ""formula"", ""text"": ""2) 300 - 180 = 120 (ст)""}]"
3117d3b7-3e8c-5d9a-a25e-b213bdc451ef.jpg,[]
3945863d-a59a-541b-8243-20d34c60c6a7.jpg,[]
f86cee9c-9c93-524b-8532-9f296ce53edd.jpg,"[{""bbox"": [666, 640, 1283, 754], ""type"": ""formula"", ""text"": ""8 * 7 * 6 * 5 = 1680""}, {""bbox"": [670, 874, 1105, 978], ""type"": ""formula"", ""text"": ""2 * 2 * 2 = 8""}, {""bbox"": [666, 1144, 1174, 1275], ""type"": ""formula"", ""text"": ""1) 5 * 4 = 20;""}, {""bbox"": [666, 1302, 1205, 1426], ""type"": ""formula"", ""text"": ""2) 5 * 5 = 25.""}]"
52bcd529-dde6-50bf-aa85-0cd0d54c6d5b.jpg,"[{""bbox"": [1227, 1640, 1930, 1759], ""type"": ""formula"", ""text"": ""a(100/мак)""}]"
1b7d021a-59fd-5c56-affd-9d4465433fa0.jpg,[]
f03b332f-974e-55b6-b595-3e73ca1aab06.jpg,[]
d8c9ec79-20d4-5b11-b6f6-d0543639ec88.jpg,[]
f586452e-16dd-55fe-a896-7a52b9d15402.jpg,[]
b88edc39-3d64-54cf-b9ad-27969e898c76.jpg,"[{""bbox"": [343, 1438, 2480, 1611], ""type"": ""formula"", ""text"": ""∠BOC = ∠BOA + ∠COA = 65° + 65° = 130°""}]"
e02c002f-a328-5fbe-adea-07157c6a977a.jpg,"[{""bbox"": [438, 657, 943, 782], ""type"": ""formula"", ""text"": ""a) x + 2y = 7""}, {""bbox"": [438, 915, 716, 1064], ""type"": ""formula"", ""text"": ""y = 3,5""}, {""bbox"": [438, 1189, 746, 1318], ""type"": ""formula"", ""text"": ""2y = 20""}, {""bbox"": [438, 1318, 1375, 1471], ""type"": ""formula"", ""text"": ""y = 5 (0; 35) (-3; 5)""}, {""bbox"": [438, 1471, 876, 1612], ""type"": ""formula"", ""text"": ""б) 3х - у = 2""}, {""bbox"": [438, 1753, 686, 1907], ""type"": ""formula"", ""text"": ""y = -2""}, {""bbox"": [438, 2048, 1436, 2198], ""type"": ""formula"", ""text"": ""х = 2/3 (0; -2) (2/3; 0)""}, {""bbox"": [438, 2318, 916, 2443], ""type"": ""formula"", ""text"": ""a) y = 5 - 20p""}, {""bbox"": [438, 2721, 1079, 2870], ""type"": ""formula"", ""text"": ""б) 5х-2у=10""}, {""bbox"": [438, 2870, 988, 3011], ""type"": ""formula"", ""text"": ""2y = 5x - 10""}, {""bbox"": [438, 3011, 988, 3153], ""type"": ""formula"", ""text"": ""y = 2,5x - 5""}]"
e6625abf-8380-5a3e-ba7a-d7e1b78533c0.jpg,[]
fda636a9-5afa-5f56-a92a-05cfc758aaf2.jpg,[]
59574d0a-5742-588b-a607-91c6b0b7dcc2.jpg,[]
a3635ce4-15c9-56d2-be3e-926fa0e29ad5.jpg,[]
a148fed5-320e-59bc-a30d-12324def3390.jpg,[]
9fea11c5-5bdc-5f65-a62a-59d97a40ffd0.jpg,[]
3f895574-1139-5b53-a074-35b1d077dd76.jpg,[]
c0305cee-6019-5016-a7f3-8c0196e5abac.jpg,"[{""bbox"": [154, 401, 2052, 580], ""type"": ""formula"", ""text"": ""4) 58 грн 9 к + 43 грн 30 к =""}, {""bbox"": [154, 810, 2106, 995], ""type"": ""formula"", ""text"": ""5) 15грн 60к / 12 = 1грн 30к""}]"
6144aa00-3076-5149-97ba-4dc251a1a5c3.jpg,"[{""bbox"": [550, 565, 2873, 807], ""type"": ""formula"", ""text"": ""1) 4 3/10 - 1 1/5 = 3 3/10 - 2 = 3 1/10 (км) - за другу годину;""}, {""bbox"": [550, 748, 1840, 900], ""type"": ""formula"", ""text"": ""2) 4 \\frac{1}{10} + 3 \\frac{1}{10} = 7 \\frac{2}{10} = 7 \\frac{1}{5} (\\text{км})""}, {""bbox"": [494, 1414, 2892, 1601], ""type"": ""formula"", ""text"": ""1) 5 \\frac{7}{10} + 1 \\frac{8}{15} = (5 + 1) + (\\frac{7}{10} + \\frac{8}{15}) = 6 + \\frac{21 + 16}{30} = 6 \\frac{37}{30} = 6 + 1 \\frac{7}{30} =""}, {""bbox"": [489, 1610, 848, 1763], ""type"": ""formula"", ""text"": ""= 7 \\frac{7}{30};""}, {""bbox"": [494, 1766, 2955, 1969], ""type"": ""formula"", ""text"": ""2) 7 4/15 + 1 5/6 = (7 + 1) + (4^2/15 5^5/6) = 8 25/30 = 8 33/30 = 8 + 33/30 = 9 3/30 = 9 1/10.""}]"
e53dd9eb-c642-527b-b90b-e63b9da07d5e.jpg,[]
9215a962-dce4-55b7-a8fb-816675ea083f.jpg,[]
617e32f4-3846-5ecf-b149-a5a4642a3596.jpg,[]
1988b2c2-b739-538d-8200-ef5aeb996355.jpg,[]
55321f25-56ba-5706-abd8-eb89d909e92f.jpg,[]
e492aa38-99d0-523e-ae5d-2ba6bab69561.jpg,"[{""bbox"": [386, 216, 2491, 432], ""type"": ""formula"", ""text"": ""1) 7 * (a + 2) = 7a + 14 = 21a""}, {""bbox"": [386, 432, 2548, 662], ""type"": ""formula"", ""text"": ""2) (3 - б) * 5 = 3 * 5 = 15 = ~~5~~3б""}, {""bbox"": [386, 720, 3120, 979], ""type"": ""formula"", ""text"": ""3) 9y - y 3 * ( 4x - 2y ) = 3 * 4x = 12x""}, {""bbox"": [386, 993, 1691, 1195], ""type"": ""formula"", ""text"": ""~~4)~~ 12x - 6y = 6x""}, {""bbox"": [386, 1218, 3120, 1460], ""type"": ""formula"", ""text"": ""4) (5p + 2m) · 4 = 4 · 5p = 20 p 4 · 2""}, {""bbox"": [405, 1488, 1752, 1730], ""type"": ""formula"", ""text"": ""20p + 8m = 28p.""}, {""bbox"": [405, 2591, 2404, 2801], ""type"": ""formula"", ""text"": ""1) ~~5 * (x - 2) = 5x - 10 = 15~~""}]"
18005e4f-ba45-5dc9-b19a-da739b6f1b2c.jpg,[]
54241b6b-1552-538a-95fd-f43406dbc38c.jpg,[]
ec9dd609-3242-59f9-9403-0dcc1d1eea4c.jpg,[]
2b441925-abf5-5394-b238-7207f7a9871a.jpg,"[{""bbox"": [558, 1155, 942, 1291], ""type"": ""formula"", ""text"": ""x < 6""}, {""bbox"": [677, 1366, 1427, 1761], ""type"": ""formula"", ""text"": ""4) x/(6+x) > 1/4""}, {""bbox"": [614, 1930, 1413, 2133], ""type"": ""formula"", ""text"": ""4x > 6 + x""}, {""bbox"": [577, 2206, 1140, 2393], ""type"": ""formula"", ""text"": ""3x > 6""}, {""bbox"": [618, 2471, 1001, 2625], ""type"": ""formula"", ""text"": ""x > 2""}]"
2c354d28-811d-532a-b3a1-a865e097d7bf.jpg,"[{""bbox"": [172, 2004, 844, 2112], ""type"": ""formula"", ""text"": ""НСД (55, 132) = 11""}, {""bbox"": [127, 2627, 1554, 2740], ""type"": ""formula"", ""text"": ""НСК ( 56, 35) = 2 * 2 * 2 * 7 * 5 = 280""}]"
c7054268-9ba6-5ce9-b466-71001fe1e1c1.jpg,[]
664e99c0-8635-5dcb-a49b-e269c8f7cde5.jpg,[]
9dee4fc3-628c-5df3-91a9-e46bd3ca6277.jpg,"[{""bbox"": [1288, 921, 1984, 1078], ""type"": ""formula"", ""text"": ""2) 8y = 10 + 3y""}, {""bbox"": [406, 980, 1182, 1102], ""type"": ""formula"", ""text"": ""1) 5x - 16 = 14""}, {""bbox"": [1389, 1056, 2012, 1209], ""type"": ""formula"", ""text"": ""8y - 3y = 10""}, {""bbox"": [627, 1150, 1156, 1274], ""type"": ""formula"", ""text"": ""5x = 16 + 14""}, {""bbox"": [1389, 1254, 1835, 1382], ""type"": ""formula"", ""text"": ""5y = 10""}, {""bbox"": [692, 1330, 1036, 1436], ""type"": ""formula"", ""text"": ""5x = 30""}, {""bbox"": [1414, 1434, 1913, 1610], ""type"": ""formula"", ""text"": ""y = 10 / 5""}, {""bbox"": [667, 1469, 1067, 1598], ""type"": ""formula"", ""text"": ""x = 5 / 30""}, {""bbox"": [1529, 1618, 1775, 1718], ""type"": ""formula"", ""text"": ""y = 2""}, {""bbox"": [675, 1673, 856, 1765], ""type"": ""formula"", ""text"": ""x = 6""}, {""bbox"": [1577, 1769, 2600, 1905], ""type"": ""formula"", ""text"": ""4) [illegible] 12 - y = 2y + 6""}, {""bbox"": [476, 1818, 1359, 1932], ""type"": ""formula"", ""text"": ""3) 24x - 16 = 8 + 12x""}, {""bbox"": [1748, 1947, 2505, 2080], ""type"": ""formula"", ""text"": ""-y - 2y = 6 - 12""}, {""bbox"": [562, 1986, 1268, 2102], ""type"": ""formula"", ""text"": ""24x - 12x = 8 + 16""}, {""bbox"": [1773, 2123, 2201, 2294], ""type"": ""formula"", ""text"": ""-3y = -6""}, {""bbox"": [572, 2180, 1010, 2270], ""type"": ""formula"", ""text"": ""12x = 24""}, {""bbox"": [1843, 2308, 2380, 2420], ""type"": ""formula"", ""text"": ""y = -6 / (-3)""}, {""bbox"": [573, 2341, 1016, 2449], ""type"": ""formula"", ""text"": ""x = 24 / 12""}, {""bbox"": [1853, 2507, 2120, 2647], ""type"": ""formula"", ""text"": ""y = 2""}, {""bbox"": [617, 2530, 855, 2628], ""type"": ""formula"", ""text"": ""x = 2""}, {""bbox"": [1754, 2677, 2683, 2825], ""type"": ""formula"", ""text"": ""6) -3y - 8 = 2y + 7""}, {""bbox"": [572, 2701, 1441, 2810], ""type"": ""formula"", ""text"": ""5) 3x + 3 = 27 - 5x""}, {""bbox"": [1876, 2873, 2649, 3009], ""type"": ""formula"", ""text"": ""-3y + 2y = 7 + 8""}, {""bbox"": [715, 2887, 1402, 2985], ""type"": ""formula"", ""text"": ""3X + 5X = 27 - 3""}, {""bbox"": [1902, 3054, 2353, 3169], ""type"": ""formula"", ""text"": ""-5y = 15""}, {""bbox"": [721, 3065, 1126, 3175], ""type"": ""formula"", ""text"": ""8x = 24""}, {""bbox"": [1983, 3233, 2530, 3377], ""type"": ""formula"", ""text"": ""y = 15 - (51""}, {""bbox"": [748, 3262, 1130, 3357], ""type"": ""formula"", ""text"": ""x = 24 / 8""}, {""bbox"": [766, 3463, 887, 3538], ""type"": ""formula"", ""text"": ""X = 3""}, {""bbox"": [2008, 3464, 2220, 3577], ""type"": ""formula"", ""text"": ""y = 3""}]"
ab6b1740-fd6e-5c86-91bf-89424b62dc90.jpg,"[{""bbox"": [322, 399, 1171, 517], ""type"": ""formula"", ""text"": ""3) X (-4; 0)""}, {""bbox"": [1474, 1863, 2134, 1999], ""type"": ""formula"", ""text"": ""AB = 6 см""}, {""bbox"": [1458, 2066, 2184, 2187], ""type"": ""formula"", ""text"": ""AD = 7\\sqrt{3} см""}, {""bbox"": [1311, 2235, 1848, 2355], ""type"": ""formula"", ""text"": ""∠A = 60°""}, {""bbox"": [290, 2769, 2957, 2971], ""type"": ""formula"", ""text"": ""S = AB \\cdot AD \\cdot \\sin \\angle A = 6 \\cdot 7 \\sqrt{3} \\cdot \\frac{\\sqrt{3}}{2} = 63 (см^2)""}, {""bbox"": [388, 3742, 1383, 3885], ""type"": ""formula"", ""text"": ""180° - 64 = 116°""}]"
cdebd743-9ca2-5f4f-ab58-a8f043165b13.jpg,[]
8c7143ea-afa8-5860-8b15-03e9dcebc20c.jpg,"[{""bbox"": [335, 814, 2438, 1003], ""type"": ""formula"", ""text"": ""BD = \\sqrt{AB^2 + AD^2} = \\sqrt{8^2 + 15^2} = \\sqrt{64 + 225} =""}, {""bbox"": [330, 1003, 1456, 1170], ""type"": ""formula"", ""text"": ""= \\sqrt{289} = 17см""}, {""bbox"": [335, 1331, 2410, 1477], ""type"": ""formula"", ""text"": ""SO = OD = \\frac{1}{2}BD бо ∠ SDO = 45°""}, {""bbox"": [335, 1477, 1559, 1626], ""type"": ""formula"", ""text"": ""SO = \\frac{1}{2} \\cdot AF = 8,5 см""}, {""bbox"": [335, 1626, 1621, 1832], ""type"": ""formula"", ""text"": ""VSABCD = \\frac{1}{3} * Sосн * h""}, {""bbox"": [335, 1780, 1888, 1959], ""type"": ""formula"", ""text"": ""Sосн = 8 * 15 = 120см^2""}, {""bbox"": [335, 1959, 2392, 2196], ""type"": ""formula"", ""text"": ""VSABCD = \\frac{1}{3} * 120 * 8,5 = 40 * 8,5 =""}, {""bbox"": [335, 2178, 1202, 2345], ""type"": ""formula"", ""text"": ""= 340см^3""}]"
e98f2abb-cf5e-5398-957d-7a13751323bc.jpg,"[{""bbox"": [165, 747, 2095, 951], ""type"": ""formula"", ""text"": ""27(7 - 8x) - (9 - 12x) + (5x + 4) = - 16""}, {""bbox"": [369, 943, 2009, 1082], ""type"": ""formula"", ""text"": ""7 - 8x + 9 + 12x + 5x + 4 = - 16""}, {""bbox"": [402, 1098, 2112, 1234], ""type"": ""formula"", ""text"": ""- 8x + 12x + 5x = - 16 - 4 - 7 - 9""}, {""bbox"": [495, 1304, 1100, 1416], ""type"": ""formula"", ""text"": ""9x = - 36""}, {""bbox"": [536, 1481, 1142, 1593], ""type"": ""formula"", ""text"": ""x = -36 / 9""}, {""bbox"": [585, 1635, 987, 1759], ""type"": ""formula"", ""text"": ""x = - 4""}]"
fd218860-1972-55d3-bcde-c00c94ac30da.jpg,[]
acdb685d-6d93-5ef6-9c4f-22357e9be947.jpg,[]
9c46c6d9-1c98-5311-8eb5-69f92a66a9bf.jpg,"[{""bbox"": [186, 450, 755, 566], ""type"": ""formula"", ""text"": ""95% = 0,95""}, {""bbox"": [97, 582, 1206, 735], ""type"": ""formula"", ""text"": ""1) 42 * 0,95 = 39,90 (кг)""}, {""bbox"": [174, 1744, 717, 1853], ""type"": ""formula"", ""text"": ""27% = 0,27""}, {""bbox"": [78, 1890, 1285, 2016], ""type"": ""formula"", ""text"": ""3) 240 * 0,27 = 64,8 (км)""}, {""bbox"": [156, 2615, 687, 2732], ""type"": ""formula"", ""text"": ""48% = 0,48""}]"
a44b9f6c-1485-5dcb-88ea-6610b2fea52f.jpg,[]
b52063e6-3df5-5548-afd3-99157ce58aec.jpg,[]
de2d0c78-d5b5-50b1-a9a2-31a905f5a1ca.jpg,[]
