image,regions
002b94ef-e000-4e76-bc7e-7846166bc806.jpg,"[{""bbox"": [697, 414, 3486, 670], ""type"": ""handwritten"", ""text"": ""Радіодиктант національної єдності""}, {""bbox"": [1402, 653, 2472, 857], ""type"": ""handwritten"", ""text"": ""Пчела несет""}, {""bbox"": [558, 816, 3815, 1060], ""type"": ""handwritten"", ""text"": ""Мати треба цікаво: читати книги,""}, {""bbox"": [360, 1062, 3801, 1282], ""type"": ""handwritten"", ""text"": ""ходить в театр, дресирувати пса Лат""}, {""bbox"": [323, 1281, 685, 1465], ""type"": ""handwritten"", ""text"": ""рона""}, {""bbox"": [521, 1419, 3823, 1646], ""type"": ""handwritten"", ""text"": ""Преба писети! Не впівсеми, не трошке,""}, {""bbox"": [344, 1642, 3502, 1854], ""type"": ""handwritten"", ""text"": ""не завтра, не після. По-справдіному.""}, {""bbox"": [344, 1836, 3571, 2052], ""type"": ""handwritten"", ""text"": ""Зараз. Треба підготувати котів, збирати""}, {""bbox"": [339, 2048, 3880, 2259], ""type"": ""handwritten"", ""text"": ""приби, везти сурџемет из фронта на Њег-""}, {""bbox"": [347, 2244, 3771, 2442], ""type"": ""handwritten"", ""text"": ""сіті, роботи ремонт і приносить срость""}, {""bbox"": [348, 2430, 3763, 2639], ""type"": ""handwritten"", ""text"": ""ним, кого любимо. Треба купувати сукні""}, {""bbox"": [344, 2631, 3793, 2840], ""type"": ""handwritten"", ""text"": ""з мілітками і доматити на військо, бе-""}, {""bbox"": [348, 2814, 3818, 3038], ""type"": ""handwritten"", ""text"": ""вимірювати РЕБи і генератори, а це нема""}, {""bbox"": [349, 3018, 3711, 3233], ""type"": ""handwritten"", ""text"": ""порити вегорами у лісі'єр'ї в ботсаду,""}, {""bbox"": [337, 3220, 3744, 3426], ""type"": ""handwritten"", ""text"": ""бо на первый урок треба принести кале-""}, {""bbox"": [344, 3409, 3613, 3622], ""type"": ""handwritten"", ""text"": ""танів. Треба необхідно свій дієм навіть,""}, {""bbox"": [336, 3620, 3428, 3823], ""type"": ""handwritten"", ""text"": ""якщо він тимчасовий і даліжний від""}, {""bbox"": [344, 3807, 3835, 4035], ""type"": ""handwritten"", ""text"": ""справильного дасу, того, что в серии. Треба""}, {""bbox"": [348, 4014, 3935, 4234], ""type"": ""handwritten"", ""text"": ""здавати кров і, лише, з нею ще у пилку""}, {""bbox"": [347, 4217, 2893, 4434], ""type"": ""handwritten"", ""text"": ""серії пасивнітніх слобов др агів.""}, {""bbox"": [504, 4404, 3845, 4629], ""type"": ""handwritten"", ""text"": ""Треба цілуватися, коли випадає налід,""}, {""bbox"": [332, 4609, 3669, 4834], ""type"": ""handwritten"", ""text"": ""і казати те, що на думці. Немає часу""}, {""bbox"": [356, 4817, 3778, 5040], ""type"": ""handwritten"", ""text"": ""но півторає. Матеріальне крихке писане""}]"
00829c22-1e80-4e13-a395-3f9d8b088f7d.jpg,"[{""bbox"": [833, 134, 1487, 265], ""type"": ""handwritten"", ""text"": ""Треба писати!""}, {""bbox"": [540, 344, 2791, 488], ""type"": ""handwritten"", ""text"": ""Мягкие треба цікаво: кметати квееепские, хорити""}, {""bbox"": [306, 454, 2032, 588], ""type"": ""handwritten"", ""text"": ""в театр, дрессировать пса Патрона.""}, {""bbox"": [541, 567, 2795, 690], ""type"": ""handwritten"", ""text"": ""Треба писати... Не вчівся, не тримає, не завтра,""}, {""bbox"": [296, 669, 2796, 794], ""type"": ""handwritten"", ""text"": ""не після. Ю-спровожнанеу. Зараз. Треба швидше котів,""}, {""bbox"": [282, 774, 2794, 902], ""type"": ""handwritten"", ""text"": ""збирати чиєби, вести цукерки із фронту на \""Тимпер-""}, {""bbox"": [285, 882, 2666, 1005], ""type"": ""handwritten"", ""text"": ""світі\"", робити релігію і приносити щастя тим,""}, {""bbox"": [286, 985, 2751, 1111], ""type"": ""handwritten"", ""text"": ""кого любила. Треба купувати сукні з лелітками,""}, {""bbox"": [292, 1091, 2770, 1214], ""type"": ""handwritten"", ""text"": ""і рокати на військо, вимірювати РЕБи і гене-""}, {""bbox"": [287, 1196, 2771, 1316], ""type"": ""handwritten"", ""text"": ""ратори, а ще - несемпоритеті ваторами в літері:""}, {""bbox"": [292, 1284, 2814, 1437], ""type"": ""handwritten"", ""text"": ""ботсаду, бо на перший урок треба принести кавето-""}, {""bbox"": [294, 1400, 477, 1498], ""type"": ""handwritten"", ""text"": ""нів.""}, {""bbox"": [452, 1490, 2738, 1644], ""type"": ""handwritten"", ""text"": ""Треба любити свій дім, навіть якщо він тісний-""}, {""bbox"": [302, 1625, 2768, 1760], ""type"": ""handwritten"", ""text"": ""часовий і далеко від справедливого думу - того, що""}, {""bbox"": [292, 1732, 2738, 1874], ""type"": ""handwritten"", ""text"": ""в середі. Треба здавати кров - і, моле, з нею ще""}, {""bbox"": [283, 1848, 2780, 1994], ""type"": ""handwritten"", ""text"": ""в числу серії посміяться любов до сеїв: допіру,""}, {""bbox"": [278, 1975, 1281, 2078], ""type"": ""handwritten"", ""text"": ""пітметко чи кесежа.""}, {""bbox"": [503, 2075, 2593, 2210], ""type"": ""handwritten"", ""text"": ""Треба відчуватися, як випаровує нагора, і""}, {""bbox"": [259, 2194, 2782, 2325], ""type"": ""handwritten"", ""text"": ""казати те, що на думці. Немає часу на нівтоко.""}, {""bbox"": [256, 2308, 2837, 2439], ""type"": ""handwritten"", ""text"": ""Матеріальне й креативне підприємство тікає крізь посилання.""}, {""bbox"": [260, 2415, 2842, 2562], ""type"": ""handwritten"", ""text"": ""Справді, виявилося тільки те, за що не могла""}, {""bbox"": [267, 2547, 2381, 2662], ""type"": ""handwritten"", ""text"": ""схопитися руками: спогади, сміх і любов.""}, {""bbox"": [454, 2648, 2744, 2780], ""type"": ""handwritten"", ""text"": ""Ице треба шакати, кали мопеється.- За все""}, {""bbox"": [231, 2772, 2716, 2905], ""type"": ""handwritten"", ""text"": ""те, що ніколи їх не мало у наших статтях. За""}, {""bbox"": [235, 2895, 2608, 3022], ""type"": ""handwritten"", ""text"": ""те, що він не тільки знаємо, як пишеться""}, {""bbox"": [238, 3011, 2630, 3144], ""type"": ""handwritten"", ""text"": ""далекобійний дрон або балістична ракета, а й""}, {""bbox"": [247, 3136, 1457, 3254], ""type"": ""handwritten"", ""text"": ""розрізняємо їх на сидх.""}, {""bbox"": [394, 3238, 2823, 3376], ""type"": ""handwritten"", ""text"": ""Філіми хочуть, щоб ми стали експеримент на""}, {""bbox"": [241, 3363, 2670, 3504], ""type"": ""handwritten"", ""text"": ""нею — східні у вічній чизоті. А ми булимо""}, {""bbox"": [256, 3489, 2786, 3628], ""type"": ""handwritten"", ""text"": ""псевти цікаво — всупереч історії і здраві тих,""}, {""bbox"": [265, 3612, 2560, 3744], ""type"": ""handwritten"", ""text"": ""сто після нас говоритиме нашою мовою,""}]"
00af1ec3-5315-4782-bc61-bf498617e5a2.jpg,"[{""bbox"": [406, 12, 1104, 116], ""type"": ""handwritten"", ""text"": ""Радодиктант 2025""}, {""bbox"": [318, 101, 893, 225], ""type"": ""handwritten"", ""text"": ""Преба пеити!""}, {""bbox"": [141, 213, 1612, 315], ""type"": ""handwritten"", ""text"": ""жити треба цікаво: читати книги-""}, {""bbox"": [39, 317, 1517, 449], ""type"": ""handwritten"", ""text"": ""ки, ходити в театр, дресирувати пса""}, {""bbox"": [55, 427, 425, 545], ""type"": ""handwritten"", ""text"": ""Патрона.""}, {""bbox"": [117, 531, 1613, 642], ""type"": ""handwritten"", ""text"": ""Преба жити! Не впівсеми, не трошки,""}, {""bbox"": [47, 638, 1580, 751], ""type"": ""handwritten"", ""text"": ""не завтра, не після. То-справжньому!""}, {""bbox"": [64, 745, 1585, 866], ""type"": ""handwritten"", ""text"": ""Зараз! Треба шадити котів, збирати""}, {""bbox"": [61, 858, 1542, 975], ""type"": ""handwritten"", ""text"": ""гриби, везти цъцемет из фронту на""}, {""bbox"": [61, 962, 1625, 1080], ""type"": ""handwritten"", ""text"": ""\""Інтерсіті\"", робити ремонт і приносити""}, {""bbox"": [56, 1070, 1429, 1192], ""type"": ""handwritten"", ""text"": ""часть тим, кого любило. Треба""}, {""bbox"": [60, 1185, 1625, 1298], ""type"": ""handwritten"", ""text"": ""купувати сукні з ленітками і донати-""}, {""bbox"": [63, 1288, 1600, 1407], ""type"": ""handwritten"", ""text"": ""ти на військо, вишукувати ВРЕБи""}, {""bbox"": [60, 1401, 1613, 1527], ""type"": ""handwritten"", ""text"": ""та генератори, а ще нішпорити ве-""}, {""bbox"": [60, 1516, 1473, 1635], ""type"": ""handwritten"", ""text"": ""горами в між'єр'ї ботсаду, бо на""}, {""bbox"": [56, 1624, 1592, 1748], ""type"": ""handwritten"", ""text"": ""перший урок треба принести кашта-""}, {""bbox"": [62, 1728, 240, 1826], ""type"": ""handwritten"", ""text"": ""м.в.""}, {""bbox"": [111, 1821, 1538, 1965], ""type"": ""handwritten"", ""text"": ""Преба любити свій дім, навіть""}, {""bbox"": [44, 1955, 1540, 2081], ""type"": ""handwritten"", ""text"": ""якщо він тимчасовий і далеко від""}, {""bbox"": [49, 2071, 1630, 2198], ""type"": ""handwritten"", ""text"": ""справленного дому - того, что в серы.""}]"
010c6dad-2f5d-4e4c-802b-f978a7e1998b.jpg,"[{""bbox"": [542, 121, 3886, 490], ""type"": ""formula"", ""text"": ""518 TC(a)=4a^{2}+40a+400, p=200-2a""}, {""bbox"": [1636, 446, 2441, 699], ""type"": ""formula"", ""text"": ""$PR(40)-?$""}, {""bbox"": [1154, 653, 2973, 979], ""type"": ""formula"", ""text"": ""$$P _ { R } ( a ) = T R ( a ) - T Q ( a )$$""}, {""bbox"": [1308, 942, 2425, 1203], ""type"": ""formula"", ""text"": ""$$\\overline { { R } } ( a ) = p + a$$""}, {""bbox"": [1124, 1201, 3977, 1498], ""type"": ""formula"", ""text"": ""$$T R ( \\alpha ) = ( 2 0 0 - 2 \\alpha ) \\alpha = 2 0 0 \\alpha - 2 \\alpha ^ { 2 }$$""}, {""bbox"": [1129, 1202, 3971, 1498], ""type"": ""formula"", ""text"": ""$$T R ( \\alpha ) = ( 2 0 0 - 2 \\alpha ) \\alpha = 2 0 0 \\alpha - 2 \\alpha ^ { 2 }$$""}, {""bbox"": [1067, 1494, 4501, 1817], ""type"": ""formula"", ""text"": ""PR(Q) = (200Q - 2Q^2) - (4Q^2 + 400Q + 1000)""}, {""bbox"": [900, 1767, 3658, 2063], ""type"": ""formula"", ""text"": ""$$P R = 2 0 0 a - 2 a ^ { 2 } - 4 0 0 ^ { 2 } - 4 0 a - 4 0 0$$""}, {""bbox"": [1061, 2037, 3384, 2300], ""type"": ""formula"", ""text"": ""P(Q)=-6Q^{2}+160Q-600""}, {""bbox"": [1204, 2291, 3850, 2627], ""type"": ""formula"", ""text"": ""$$P R ( 1 0 ) = - 6 ( 1 0 ) ^ { 2 } + 1 6 0 ( 1 0 ) - 4 0 0 0$$""}, {""bbox"": [1500, 2647, 3121, 2911], ""type"": ""formula"", ""text"": ""$PR(10=1000-400$""}, {""bbox"": [1750, 2900, 2874, 3146], ""type"": ""formula"", ""text"": ""PR(10) = 600""}, {""bbox"": [379, 2965, 2494, 3585], ""type"": ""formula"", ""text"": ""$$\\sqrt { 1 9 } \\left( \\begin{array} { l l } { 1 } & { 3 } \\\\ { 0 } & { 2 } \\end{array} \\right) x X = \\left( \\begin{array} { l l } { 2 } & { 1 9 } \\\\ { 2 } & { 6 } \\end{array} \\right)$$""}, {""bbox"": [700, 3674, 2809, 4034], ""type"": ""formula"", ""text"": ""$$A = \\left( \\begin{array} { c c } { { 1 } } & { { 3 } } \\\\ { { 0 } } & { { 2 } } \\end{array} \\right) , B = \\left( \\begin{array} { c c } { { 2 } } & { { 1 } } \\\\ { { 2 } } & { { 6 } } \\end{array} \\right)$$""}, {""bbox"": [687, 3681, 1707, 4027], ""type"": ""formula"", ""text"": ""A = \\left( \\begin{array}{cc} 1 & 3 \\\\ 0 & 2 \\end{array} \\right)""}, {""bbox"": [1826, 3685, 2794, 4029], ""type"": ""formula"", ""text"": ""B = \\left( \\begin{array}{cc} 2 & 1 \\\\ 0 & 0 \\end{array} \\right)""}, {""bbox"": [795, 3988, 2957, 4350], ""type"": ""formula"", ""text"": ""$$\\operatorname* { d e t } ( A ) = ( 1 ) ( 2 ) - ( 3 ) ( 0 ) = 2$$""}, {""bbox"": [630, 4300, 3604, 4812], ""type"": ""formula"", ""text"": ""$$A ^ { - 1 } = \\frac { 1 } { d e t ( A ) } = \\frac { 1 } { 2 } ( \\begin{array} { c c } { { 2 } } & { { - 5 } } \\\\ { { 0 } } & { { 1 } } \\end{array} ) = ( \\begin{array} { c c } { { 1 } } & { { - 3 , 5 } } \\\\ { { 0 } } & { { 0 , 5 } } \\end{array} )$$""}, {""bbox"": [944, 4810, 2627, 5176], ""type"": ""formula"", ""text"": ""$$x = ( \\frac { 1 } { 6 } - 0 , 5 ) \\cdot ( 2 + 1 )$$""}, {""bbox"": [968, 5188, 3664, 5490], ""type"": ""formula"", ""text"": ""a_{11} = (1,1)(2) + (-1,5)(2) = 2 - 3 = -1""}, {""bbox"": [1725, 5480, 2706, 5701], ""type"": ""handwritten"", ""text"": ""Зе крашера""}, {""bbox"": [336, 5494, 1862, 6119], ""type"": ""formula"", ""text"": ""$$\\sqrt { 2 0 } \\left\\{ \\begin{array} { l } { 3 x - 2 y = 5 } \\\\ { 4 x + y = 3 } \\end{array} \\right.$$""}, {""bbox"": [2311, 6030, 5847, 6403], ""type"": ""formula"", ""text"": ""$$\\Delta = \\operatorname { d e t } ( A ) = \\left| \\begin{array} { c c } { { 3 } } & { { - 2 } } \\\\ { { 4 } } & { { 1 } } \\end{array} \\right| = ( 3 ) ( 1 ) - ( - 2 ) ( 4 ) = 3 + 8 = 1 1$$""}, {""bbox"": [920, 6106, 2009, 6460], ""type"": ""formula"", ""text"": ""$$A = \\left( \\begin{array} { c c } { { 3 } } & { { - 2 } } \\\\ { { 4 } } & { { 1 } } \\end{array} \\right)$$""}, {""bbox"": [877, 6491, 3777, 6822], ""type"": ""formula"", ""text"": ""$$\\Delta x = \\left| \\frac { 5 } { 3 } - 2 \\right| = 5 \\cdot 1 - ( - 2 ) \\cdot 3 = 5 + 6 = 1 1$$""}, {""bbox"": [733, 6860, 3564, 7210], ""type"": ""formula"", ""text"": ""\\Delta y = \\left| \\frac{3}{4} - \\frac{5}{3} \\right| = 3 \\cdot 3 \\cdot 5 \\cdot 4 = 9 - 20 = -19""}, {""bbox"": [916, 7301, 2449, 7642], ""type"": ""formula"", ""text"": ""$$x = \\frac { \\Delta x } { \\Delta } = \\frac { 1 9 } { 7 } = 7$$""}, {""bbox"": [2865, 7478, 3872, 7728], ""type"": ""formula"", ""text"": ""x=1,y=-1""}, {""bbox"": [919, 7637, 2627, 7987], ""type"": ""formula"", ""text"": ""$$y = \\frac { A y } { A } = - \\frac { 1 9 } { 1 9 } = - 1$$""}, {""bbox"": [403, 8012, 787, 8257], ""type"": ""handwritten"", ""text"": ""$\\sqrt{2}+1$""}, {""bbox"": [825, 8014, 2844, 8395], ""type"": ""formula"", ""text"": ""$$p = 200 - 2 Q \\quad R ( 3 0 ) - ?$$""}, {""bbox"": [1006, 8375, 2416, 8633], ""type"": ""formula"", ""text"": ""R(a)=a+p(a)""}, {""bbox"": [1113, 8623, 2821, 8884], ""type"": ""formula"", ""text"": ""R(a) = a(100 - 2a)""}, {""bbox"": [1148, 8850, 2772, 9091], ""type"": ""formula"", ""text"": ""R(x)=200x-2x^{2}""}, {""bbox"": [1215, 9065, 4797, 9302], ""type"": ""handwritten"", ""text"": ""R(30)=200(30)-2(30)^2=6000-1800=4200""}]"
011934b4-d919-5000-8c1e-39f96daeba68.jpg,"[{""bbox"": [472, 818, 1155, 948], ""type"": ""handwritten"", ""text"": ""Домашня робота""}, {""bbox"": [9, 931, 212, 1021], ""type"": ""handwritten"", ""text"": ""14.3""}, {""bbox"": [52, 1112, 1358, 1260], ""type"": ""formula"", ""text"": ""$1) \\sqrt{0} = 0^2 \\quad 2) \\sqrt{1} = (-1)^2 \\quad 3) \\sqrt{36} = 6^2$""}, {""bbox"": [44, 1113, 1353, 1261], ""type"": ""formula"", ""text"": ""$-1) \\sqrt{0} = 0^2 \\quad 2) \\sqrt{1} = (-1)^2 \\quad 3) \\sqrt{36} = 6^2$""}, {""bbox"": [2, 1262, 304, 1415], ""type"": ""handwritten"", ""text"": ""/14.5""}, {""bbox"": [2, 1462, 1181, 1583], ""type"": ""handwritten"", ""text"": ""1) так тому що √9=3² (i≥0)""}, {""bbox"": [2, 1586, 1491, 1737], ""type"": ""handwritten"", ""text"": ""1) ни тоглущо √-49 менше \""0\""""}, {""bbox"": [2, 1766, 274, 1917], ""type"": ""handwritten"", ""text"": ""W 14. 2""}, {""bbox"": [46, 1928, 1301, 2063], ""type"": ""handwritten"", ""text"": ""√169 = 13 тақыуыз 13² = 169 > 0""}, {""bbox"": [17, 2088, 345, 2246], ""type"": ""formula"", ""text"": ""$$\\sqrt { \\frac { 1 } { 9 } } = \\frac { 1 } { 3 }$$""}, {""bbox"": [0, 2322, 253, 2466], ""type"": ""handwritten"", ""text"": ""W14.9""}, {""bbox"": [1449, 2467, 1825, 2578], ""type"": ""formula"", ""text"": ""$4\\sqrt{4900}=70^{2}$""}, {""bbox"": [1, 2475, 1365, 2616], ""type"": ""formula"", ""text"": ""$1) \\sqrt{25} = 5^2 \\quad 2) \\sqrt{36} = 6^2 \\quad 3) \\sqrt{0.16} = 0.4^2$""}, {""bbox"": [3, 2596, 1833, 2779], ""type"": ""formula"", ""text"": ""$-9\\sqrt{0.04}=0.2^{2} \\quad 6)\\sqrt{\\frac{7}{64}}=(\\frac{1}{8})^{2} \\quad 7)\\sqrt{\\frac{144}{25}}=(\\frac{12}{5})^{2} \\quad 8)\\sqrt{3\\frac{1}{72}}=3(\\frac{1}{4})^{2}$""}]"
012bfc6a-e224-58a6-8b72-b24159292c64.jpg,"[{""bbox"": [2261, 667, 2480, 780], ""type"": ""handwritten"", ""text"": ""wir""}, {""bbox"": [1151, 834, 2349, 999], ""type"": ""handwritten"", ""text"": ""Компьютерная робототехника""}, {""bbox"": [567, 960, 705, 1056], ""type"": ""handwritten"", ""text"": ""1. a""}, {""bbox"": [550, 1088, 713, 1184], ""type"": ""handwritten"", ""text"": ""2.2""}, {""bbox"": [548, 1209, 717, 1322], ""type"": ""handwritten"", ""text"": ""3.5""}, {""bbox"": [550, 1381, 692, 1467], ""type"": ""handwritten"", ""text"": ""ча""}, {""bbox"": [535, 1497, 702, 1603], ""type"": ""handwritten"", ""text"": ""5.8.""}, {""bbox"": [534, 1644, 706, 1733], ""type"": ""handwritten"", ""text"": ""6.2""}, {""bbox"": [514, 1764, 1716, 1897], ""type"": ""handwritten"", ""text"": ""4. 1-6 2-α 3-2 4-6""}, {""bbox"": [2742, 1822, 2905, 1910], ""type"": ""handwritten"", ""text"": ""чиле""}, {""bbox"": [503, 1910, 1250, 2047], ""type"": ""handwritten"", ""text"": ""8. B, d, 5, 2.""}, {""bbox"": [506, 2050, 1837, 2182], ""type"": ""handwritten"", ""text"": ""9. 1.-6 2.-2 3.-4 4.-3.""}, {""bbox"": [511, 2176, 2299, 2368], ""type"": ""handwritten"", ""text"": ""10. Вагма - це природна рідина""}, {""bbox"": [546, 2325, 2438, 2512], ""type"": ""handwritten"", ""text"": ""від мовного до серного нольору,""}, {""bbox"": [500, 2496, 2460, 2653], ""type"": ""handwritten"", ""text"": ""що зустрігається в геологічних""}, {""bbox"": [506, 2644, 2295, 2808], ""type"": ""handwritten"", ""text"": ""умовленнях під поверхнею Землі""}, {""bbox"": [484, 2800, 2539, 2963], ""type"": ""handwritten"", ""text"": ""м. Права мозолистые мозг - наибольшая""}, {""bbox"": [502, 2935, 2539, 3124], ""type"": ""handwritten"", ""text"": ""працесорною магістраллю брадлії""}, {""bbox"": [481, 3108, 2379, 3266], ""type"": ""handwritten"", ""text"": ""мія моя відігравали змогу""}, {""bbox"": [476, 3244, 2470, 3419], ""type"": ""handwritten"", ""text"": ""роль у вивченні й освоєнні шри-""}, {""bbox"": [466, 3417, 1532, 3572], ""type"": ""handwritten"", ""text"": ""морії вимагомії:""}]"
01b6409c-9e0f-4b10-b79d-61c548d999c8.jpg,"[{""bbox"": [288, 102, 2046, 256], ""type"": ""handwritten"", ""text"": ""Треба цілуватися коли випадає""}, {""bbox"": [143, 246, 1916, 368], ""type"": ""handwritten"", ""text"": ""пагодо ; козаки те, що на дзвінці.""}, {""bbox"": [156, 353, 2062, 478], ""type"": ""handwritten"", ""text"": ""Немає таємної півночі, Матеріон.""}, {""bbox"": [155, 462, 2047, 581], ""type"": ""handwritten"", ""text"": ""альне не - крихке, пеліть пісне криз""}, {""bbox"": [161, 567, 2089, 699], ""type"": ""handwritten"", ""text"": ""пальці. Справжнім виявилось тільки""}, {""bbox"": [161, 663, 2089, 799], ""type"": ""handwritten"", ""text"": ""те, что за что не сложно схватить""}, {""bbox"": [166, 772, 1812, 907], ""type"": ""handwritten"", ""text"": ""руководят - спогади, емейх і емобов.""}, {""bbox"": [261, 849, 2065, 1001], ""type"": ""handwritten"", ""text"": ""Иже треба плахати коли можетьво.""}, {""bbox"": [335, 882, 2067, 1001], ""type"": ""handwritten"", ""text"": ""Иде треба плакати коли може.""}, {""bbox"": [165, 988, 2072, 1113], ""type"": ""handwritten"", ""text"": ""За вee те, що ніколи не могло б ста-""}, {""bbox"": [168, 1079, 1898, 1208], ""type"": ""handwritten"", ""text"": ""пия з ними. За те, що мені не""}, {""bbox"": [173, 1094, 1892, 1217], ""type"": ""handwritten"", ""text"": ""тнєя з ними. За те, що мене не""}, {""bbox"": [168, 1196, 2085, 1322], ""type"": ""handwritten"", ""text"": ""Пільги знаяємо, як неиметься дане.""}, {""bbox"": [184, 1306, 2062, 1430], ""type"": ""handwritten"", ""text"": ""кобілки дрот або балістична ракета,""}, {""bbox"": [175, 1414, 1688, 1528], ""type"": ""handwritten"", ""text"": ""а й розрізняємо їх на слух.""}, {""bbox"": [376, 1512, 2064, 1627], ""type"": ""handwritten"", ""text"": ""росіяни хочуть, щоб ми стали""}, {""bbox"": [181, 1609, 2093, 1730], ""type"": ""handwritten"", ""text"": ""схожішими на них, експлут у вітчиз""}, {""bbox"": [179, 1720, 2105, 1838], ""type"": ""handwritten"", ""text"": ""гризоті. А вони будеало телей цікаво,""}, {""bbox"": [188, 1825, 2055, 1953], ""type"": ""handwritten"", ""text"": ""вежнепер історії, зароди пих, хто""}, {""bbox"": [171, 1938, 2089, 2075], ""type"": ""handwritten"", ""text"": ""писья нас говорибие малого мо-""}, {""bbox"": [192, 2051, 410, 2173], ""type"": ""handwritten"", ""text"": ""вого,""}]"
01e7254a-cda3-4e9f-82ae-f0db5e3ec0a3.jpg,"[{""bbox"": [154, 125, 2502, 352], ""type"": ""handwritten"", ""text"": ""крижке, пенття пікає крізь пальці.""}, {""bbox"": [3, 288, 2680, 544], ""type"": ""handwritten"", ""text"": "", справжнім виявився тільки те, за що""}, {""bbox"": [46, 334, 2691, 685], ""type"": ""handwritten"", ""text"": "", Справжнім виявилося тільки те, за що\nне можна схопитися руками спогади,""}, {""bbox"": [50, 477, 2684, 721], ""type"": ""handwritten"", ""text"": ""не можна схопитися руками спогади, сміх і любов""}, {""bbox"": [160, 617, 1028, 761], ""type"": ""handwritten"", ""text"": ""сміх і любов.""}, {""bbox"": [17, 736, 2672, 952], ""type"": ""handwritten"", ""text"": ""Их треба шкодати коли можеться.""}, {""bbox"": [203, 908, 2701, 1110], ""type"": ""handwritten"", ""text"": ""За все те, що нікому не мало б знамен""}, {""bbox"": [29, 1042, 2418, 1235], ""type"": ""handwritten"", ""text"": ""статися. За те, що ми не тільки""}, {""bbox"": [133, 1214, 2723, 1406], ""type"": ""handwritten"", ""text"": ""знаємо як пишеться далекобійний дрон""}, {""bbox"": [124, 1501, 932, 1661], ""type"": ""handwritten"", ""text"": ""їх на смухс.""}, {""bbox"": [243, 1633, 2727, 1825], ""type"": ""handwritten"", ""text"": ""Росіяни хочуть, щоб ми стали схожи-""}, {""bbox"": [105, 1800, 2569, 1973], ""type"": ""handwritten"", ""text"": ""ми на них, схильні у вігній гризоті.""}, {""bbox"": [98, 1953, 2508, 2118], ""type"": ""handwritten"", ""text"": ""А мне будемо жити цікаво в суперег""}, {""bbox"": [120, 2099, 2586, 2272], ""type"": ""handwritten"", ""text"": ""історії і заради тих, хто після нас""}, {""bbox"": [131, 2259, 1924, 2443], ""type"": ""handwritten"", ""text"": ""говорителе намою мовою.""}]"
0202d8d0-d9a3-4d25-a041-90f5720f3f51.jpg,"[{""bbox"": [203, 17, 402, 77], ""type"": ""handwritten"", ""text"": ""Диктант""}, {""bbox"": [184, 71, 499, 125], ""type"": ""handwritten"", ""text"": ""Преда жити""}, {""bbox"": [92, 106, 765, 173], ""type"": ""handwritten"", ""text"": ""Місти треба цікаво: читати кни-""}, {""bbox"": [0, 153, 765, 225], ""type"": ""handwritten"", ""text"": ""вски, сходить в театр, дресировать пса""}, {""bbox"": [2, 186, 199, 246], ""type"": ""handwritten"", ""text"": ""Патрона.""}, {""bbox"": [75, 225, 783, 300], ""type"": ""handwritten"", ""text"": ""Преба жити! Не в пів сили, не про-""}, {""bbox"": [2, 280, 787, 342], ""type"": ""handwritten"", ""text"": ""лики, не завтра, не після. По-справжньо-""}, {""bbox"": [1, 292, 791, 381], ""type"": ""handwritten"", ""text"": ""лики, не завтра, не після. По-справжньо- му. Зараз. Треба вмідити котів, збирати""}, {""bbox"": [3, 327, 789, 389], ""type"": ""handwritten"", ""text"": ""му. Зараз. Треба швидити котів, збирати""}, {""bbox"": [2, 370, 792, 429], ""type"": ""handwritten"", ""text"": ""грибів, везти уваження із допонту на інтер-""}, {""bbox"": [1, 421, 791, 470], ""type"": ""handwritten"", ""text"": ""сіте, робите ремонт і приносяте участь""}, {""bbox"": [1, 462, 791, 511], ""type"": ""handwritten"", ""text"": ""клем, кого любили. Треба курювати сукні""}, {""bbox"": [5, 507, 794, 555], ""type"": ""handwritten"", ""text"": ""з меліткальці донатити на військо, ви-""}, {""bbox"": [5, 550, 794, 595], ""type"": ""handwritten"", ""text"": ""вважувати ребці і генератори, а це ніш-""}, {""bbox"": [0, 591, 799, 645], ""type"": ""handwritten"", ""text"": ""періоди вегетації в лісах і ботсаду,""}, {""bbox"": [5, 638, 763, 691], ""type"": ""handwritten"", ""text"": ""до на перший урок треба принести""}, {""bbox"": [3, 685, 236, 729], ""type"": ""handwritten"", ""text"": ""каштанів.""}, {""bbox"": [65, 721, 806, 775], ""type"": ""handwritten"", ""text"": ""Треба любити свій дім, навіть, якщо""}, {""bbox"": [3, 764, 806, 815], ""type"": ""handwritten"", ""text"": ""він тимчасовий і далеко від справжньо-""}, {""bbox"": [1, 808, 807, 865], ""type"": ""handwritten"", ""text"": ""го дали, того, що в серці. Пребі здават""}, {""bbox"": [3, 859, 809, 914], ""type"": ""handwritten"", ""text"": ""кров, і лягсе з нею, ще в письму б серц""}, {""bbox"": [5, 960, 231, 1005], ""type"": ""handwritten"", ""text"": ""Пей кваса.""}, {""bbox"": [64, 982, 811, 1072], ""type"": ""handwritten"", ""text"": ""Треба цілуватися, коли випадає налода""}]"
0207523a-9012-42d9-9533-e960eae7f4e0.jpg,"[{""bbox"": [1198, 211, 1943, 360], ""type"": ""printed"", ""text"": ""адіодиктант""}, {""bbox"": [823, 388, 2303, 538], ""type"": ""printed"", ""text"": ""національної єдності 2025""}, {""bbox"": [436, 556, 2721, 751], ""type"": ""printed"", ""text"": ""до Дня української писемності й мови""}, {""bbox"": [891, 740, 1949, 933], ""type"": ""handwritten"", ""text"": ""Нужно жить!""}, {""bbox"": [488, 901, 2765, 1093], ""type"": ""handwritten"", ""text"": ""Жити треба цікаво: читати""}, {""bbox"": [335, 1080, 2932, 1265], ""type"": ""handwritten"", ""text"": ""хитин, ходите в театр, дрессировать все /atro""}, {""bbox"": [335, 1247, 2736, 1439], ""type"": ""handwritten"", ""text"": ""Треба жити. Не в півсеми, ке""}, {""bbox"": [337, 1421, 2559, 1621], ""type"": ""handwritten"", ""text"": ""трошки, не завтра, не після. То-""}, {""bbox"": [312, 1608, 2713, 1801], ""type"": ""handwritten"", ""text"": ""-справжньому! Зарод! Гіреба""}, {""bbox"": [337, 1790, 2541, 1966], ""type"": ""handwritten"", ""text"": ""межити хотів, збирати гриби,""}, {""bbox"": [326, 1968, 2387, 2140], ""type"": ""handwritten"", ""text"": ""визуелни и усценет је обротну лек""}, {""bbox"": [361, 2133, 2384, 2320], ""type"": ""handwritten"", ""text"": "", інтервіни, робити фелесонт і""}, {""bbox"": [313, 2320, 2774, 2486], ""type"": ""handwritten"", ""text"": ""приносити щастя тим, кого люблять.""}, {""bbox"": [305, 2499, 2643, 2682], ""type"": ""handwritten"", ""text"": ""Треба купувати сукні з лейткчем""}, {""bbox"": [304, 2679, 2441, 2844], ""type"": ""handwritten"", ""text"": ""и причиняется судьба тем, кого""}, {""bbox"": [306, 2847, 2730, 3034], ""type"": ""handwritten"", ""text"": ""люблять і допитатися на військо,""}, {""bbox"": [304, 3021, 2806, 3229], ""type"": ""handwritten"", ""text"": ""вимірювати РЕБ-и ; генератори,""}, {""bbox"": [283, 3235, 2676, 3402], ""type"": ""handwritten"", ""text"": ""а ще неспокойно вегориме в""}, {""bbox"": [232, 3407, 2702, 3593], ""type"": ""handwritten"", ""text"": ""мін'єрії ботсегу, бо не періми""}, {""bbox"": [210, 3578, 2639, 3772], ""type"": ""handwritten"", ""text"": ""Урок третій принести хлібтишів.""}]"
028298e9-4d7f-4f77-ada6-f9f0ca7a305e.jpg,"[{""bbox"": [31, 49, 577, 100], ""type"": ""handwritten"", ""text"": ""Як мого, на відміну від нас, там привели""}, {""bbox"": [30, 85, 537, 135], ""type"": ""handwritten"", ""text"": ""відгрути сен горнами сторінок, запам'ятає""}, {""bbox"": [28, 107, 568, 168], ""type"": ""handwritten"", ""text"": ""відчуття сенсорна співвідношення вже паперу будуть невідомі. І як насправді аж""}, {""bbox"": [28, 147, 571, 197], ""type"": ""handwritten"", ""text"": ""паперу будуть віддадені. У\nтоді й заналує сра електронної київщини.""}, {""bbox"": [59, 179, 576, 225], ""type"": ""handwritten"", ""text"": ""Ане и це нестрашно головне - китати""}, {""bbox"": [28, 212, 577, 259], ""type"": ""handwritten"", ""text"": ""і не мав ватажово, з сих посіїв. По кшт""}, {""bbox"": [29, 246, 577, 297], ""type"": ""handwritten"", ""text"": ""ни-де знання й емоції, які, на відміну від""}, {""bbox"": [27, 283, 577, 329], ""type"": ""handwritten"", ""text"": ""іноденого потоку інформації, залишалося""}, {""bbox"": [21, 326, 215, 362], ""type"": ""handwritten"", ""text"": ""з нами надовго.""}, {""bbox"": [30, 576, 571, 618], ""type"": ""handwritten"", ""text"": ""Хочу подякувати цілим прихильникам до орга-""}, {""bbox"": [34, 614, 520, 653], ""type"": ""handwritten"", ""text"": ""ніданий 20-го, совієтного дипломату з""}, {""bbox"": [32, 647, 576, 687], ""type"": ""handwritten"", ""text"": ""української мови. Ви робите важливу справу""}, {""bbox"": [33, 678, 534, 717], ""type"": ""handwritten"", ""text"": ""На хвилинку знову опинилася у теплому""}, {""bbox"": [32, 708, 577, 747], ""type"": ""handwritten"", ""text"": ""класі української мови в своїй києвській школі""}, {""bbox"": [32, 743, 577, 784], ""type"": ""handwritten"", ""text"": ""не дивитись на те, що фізично перебувала""}, {""bbox"": [31, 774, 304, 808], ""type"": ""handwritten"", ""text"": ""у данной Мюнхен""}, {""bbox"": [30, 803, 227, 845], ""type"": ""handwritten"", ""text"": ""Ще раз дякую!""}, {""bbox"": [29, 845, 251, 868], ""type"": ""handwritten"", ""text"": ""/no_think""}, {""bbox"": [247, 862, 540, 898], ""type"": ""handwritten"", ""text"": ""французами побажаннями,""}]"
029de491-d8ee-4fb8-a689-cbfdb14c1f8a.jpg,"[{""bbox"": [2225, 496, 2632, 589], ""type"": ""annotation"", ""text"": ""27.10.25""}, {""bbox"": [796, 580, 1878, 710], ""type"": ""handwritten"", ""text"": ""Треба вмерти.""}, {""bbox"": [527, 686, 2336, 813], ""type"": ""handwritten"", ""text"": ""мети треба у'якаво:""}, {""bbox"": [403, 794, 2504, 940], ""type"": ""handwritten"", ""text"": ""хорошо\nреклама нет в театре, реклам""}, {""bbox"": [402, 912, 2164, 1049], ""type"": ""handwritten"", ""text"": ""мешок не, дрессировати""}, {""bbox"": [424, 1036, 1439, 1153], ""type"": ""handwritten"", ""text"": ""и са Багрона.""}, {""bbox"": [656, 1119, 2347, 1266], ""type"": ""handwritten"", ""text"": ""Треба овсети. Не в""}, {""bbox"": [664, 1127, 1800, 1267], ""type"": ""handwritten"", ""text"": ""Треба вмерти,""}, {""bbox"": [419, 1248, 2506, 1386], ""type"": ""handwritten"", ""text"": ""пів-сесеє, не троєлік, не""}, {""bbox"": [413, 1368, 2655, 1519], ""type"": ""handwritten"", ""text"": ""завтра, не иісле 100-сіркав-""}, {""bbox"": [414, 1488, 2235, 1638], ""type"": ""handwritten"", ""text"": ""мишо́леу! Зараз! Треба""}, {""bbox"": [435, 1612, 2572, 1759], ""type"": ""handwritten"", ""text"": ""плядит койтв, дбирачи,""}, {""bbox"": [423, 1733, 2478, 1881], ""type"": ""handwritten"", ""text"": ""греби, верни скудеси!""}, {""bbox"": [419, 1851, 2574, 2006], ""type"": ""handwritten"", ""text"": ""фроску на тікіреяді, ро-""}, {""bbox"": [453, 1991, 2707, 2139], ""type"": ""handwritten"", ""text"": ""били ремонти і пристосовані""}, {""bbox"": [450, 2119, 2676, 2275], ""type"": ""handwritten"", ""text"": ""цага тийм, кого хожило.""}, {""bbox"": [711, 2250, 2715, 2400], ""type"": ""handwritten"", ""text"": ""Треба керувати садом""}, {""bbox"": [367, 2388, 2625, 2543], ""type"": ""handwritten"", ""text"": ""у леліткасемі присно селя""}, {""bbox"": [346, 2488, 2796, 2688], ""type"": ""handwritten"", ""text"": ""Очайная тоска, кого любило.""}, {""bbox"": [356, 2515, 2781, 2684], ""type"": ""handwritten"", ""text"": ""Очага дыя, кого неодноко""}, {""bbox"": [414, 2641, 2843, 2822], ""type"": ""handwritten"", ""text"": ""і досвідчі на робочі відсвіо,""}, {""bbox"": [395, 2798, 2834, 2987], ""type"": ""handwritten"", ""text"": ""використовувати речовини і препарати,""}, {""bbox"": [385, 2947, 2833, 3127], ""type"": ""handwritten"", ""text"": ""а где имена поросят вегорялес,""}, {""bbox"": [352, 3100, 2695, 3285], ""type"": ""handwritten"", ""text"": ""в сейм'яр'ії Бойсагу, до ия""}, {""bbox"": [342, 3247, 2763, 3453], ""type"": ""handwritten"", ""text"": ""перший урок треба прийняти""}, {""bbox"": [351, 3437, 1269, 3613], ""type"": ""handwritten"", ""text"": ""памятник,""}]"
02d9ea31-d60e-40b3-9197-6bbea1d816dc.jpg,"[{""bbox"": [23, 10, 1367, 80], ""type"": ""handwritten"", ""text"": ""Розірково кавіння міні стрів вілочі примінним""}, {""bbox"": [16, 78, 756, 146], ""type"": ""handwritten"", ""text"": ""свої робновання у раді:""}, {""bbox"": [30, 138, 789, 213], ""type"": ""handwritten"", ""text"": ""1. Відставити Презер міністра""}, {""bbox"": [19, 195, 706, 270], ""type"": ""handwritten"", ""text"": ""в. Слуги Прем'єр міністра""}, {""bbox"": [17, 248, 1248, 350], ""type"": ""handwritten"", ""text"": ""3. Прийняття Верховною Радою резолюції: недовіра,""}, {""bbox"": [42, 328, 1412, 436], ""type"": ""handwritten"", ""text"": ""Члени кабінету міністрів України не мають права""}, {""bbox"": [13, 403, 1441, 563], ""type"": ""handwritten"", ""text"": ""займаються іншою діяльністю крім сільгоспової. Вважається, що право займатися підприємницькою, викладацькою, науковою діяльністю.""}, {""bbox"": [14, 422, 1441, 563], ""type"": ""handwritten"", ""text"": ""унаслідок іншою діяльністю крім сільгоспової. Вийняти є право займатися підприємством, викладацькою, науковою діяльністю.""}, {""bbox"": [10, 472, 1433, 570], ""type"": ""handwritten"", ""text"": ""є право здійснювати підприємницьку, викладацьку, наукову діяльність.""}, {""bbox"": [14, 525, 333, 595], ""type"": ""handwritten"", ""text"": ""діяльності.""}, {""bbox"": [42, 720, 211, 789], ""type"": ""handwritten"", ""text"": ""Месии:""}, {""bbox"": [23, 786, 153, 842], ""type"": ""handwritten"", ""text"": ""+ 4)""}, {""bbox"": [17, 841, 272, 898], ""type"": ""formula"", ""text"": ""(2,2),(3),(4)""}, {""bbox"": [11, 894, 120, 947], ""type"": ""handwritten"", ""text"": ""3 3.)""}, {""bbox"": [10, 951, 182, 1013], ""type"": ""handwritten"", ""text"": ""4 2) -""}, {""bbox"": [9, 1014, 121, 1072], ""type"": ""handwritten"", ""text"": ""5 3.)""}, {""bbox"": [7, 1076, 116, 1138], ""type"": ""handwritten"", ""text"": ""6 3.)""}, {""bbox"": [8, 1145, 110, 1213], ""type"": ""handwritten"", ""text"": ""4.3)""}, {""bbox"": [10, 1215, 132, 1271], ""type"": ""handwritten"", ""text"": ""8 8)""}, {""bbox"": [8, 1277, 158, 1342], ""type"": ""handwritten"", ""text"": ""9 3) 44""}, {""bbox"": [9, 1347, 119, 1411], ""type"": ""handwritten"", ""text"": ""(0.2.)""}]"
0316ef50-0619-485b-9144-51f92b343dbf.jpg,"[{""bbox"": [970, 783, 1648, 939], ""type"": ""handwritten"", ""text"": ""Треба жити""}, {""bbox"": [783, 945, 2247, 1132], ""type"": ""handwritten"", ""text"": ""жити треба цікаво: чи-""}, {""bbox"": [555, 1096, 2379, 1276], ""type"": ""handwritten"", ""text"": ""мати книжки, ходити в театр,""}, {""bbox"": [538, 1246, 2010, 1446], ""type"": ""handwritten"", ""text"": ""дресирувати пса Патрона.""}, {""bbox"": [800, 1382, 2327, 1563], ""type"": ""handwritten"", ""text"": ""Треба жити. Не в півсилі,""}, {""bbox"": [549, 1539, 2356, 1715], ""type"": ""handwritten"", ""text"": ""не трошки, не завтра, не після""}, {""bbox"": [532, 1680, 2228, 1859], ""type"": ""handwritten"", ""text"": ""По-справжньому. Зараз. Треба""}, {""bbox"": [541, 1833, 2321, 2025], ""type"": ""handwritten"", ""text"": ""шадити котів, збирати гриби,""}, {""bbox"": [5, 1916, 191, 1953], ""type"": ""printed"", ""text"": ""/no_think""}, {""bbox"": [5, 1935, 190, 1974], ""type"": ""printed"", ""text"": ""/no_think""}, {""bbox"": [538, 1995, 2292, 2179], ""type"": ""handwritten"", ""text"": ""везти цуцніят із орпоіту на""}, {""bbox"": [4, 2072, 191, 2123], ""type"": ""printed"", ""text"": ""/no_think""}, {""bbox"": [5, 2113, 222, 2150], ""type"": ""printed"", ""text"": ""/no_think""}, {""bbox"": [4, 2137, 222, 2185], ""type"": ""printed"", ""text"": ""/no_think""}, {""bbox"": [558, 2148, 2337, 2344], ""type"": ""handwritten"", ""text"": ""інтерсіті, робити ремонт с""}, {""bbox"": [5, 2161, 196, 2212], ""type"": ""printed"", ""text"": ""/no_think""}, {""bbox"": [547, 2302, 2368, 2495], ""type"": ""handwritten"", ""text"": ""приносити црести тим, кого""}, {""bbox"": [6, 2315, 204, 2354], ""type"": ""printed"", ""text"": ""/no_think""}, {""bbox"": [539, 2458, 2223, 2659], ""type"": ""handwritten"", ""text"": ""мобилю. Треба купувати""}, {""bbox"": [533, 2636, 2483, 2848], ""type"": ""handwritten"", ""text"": ""сукні з лялітками і докатити""}, {""bbox"": [509, 2779, 2430, 3017], ""type"": ""handwritten"", ""text"": ""на військо, вишукувати РЕБи""}, {""bbox"": [5, 2858, 190, 2902], ""type"": ""printed"", ""text"": ""/no_think""}, {""bbox"": [2690, 2892, 2905, 2920], ""type"": ""printed"", ""text"": ""/no_think""}, {""bbox"": [2693, 2923, 2907, 2953], ""type"": ""printed"", ""text"": ""/no_think""}, {""bbox"": [2700, 2947, 2909, 2993], ""type"": ""printed"", ""text"": ""/no_think""}, {""bbox"": [2704, 2949, 2910, 3023], ""type"": ""printed"", ""text"": ""/no_think""}, {""bbox"": [532, 2983, 2594, 3190], ""type"": ""handwritten"", ""text"": ""і генератори, а це нішпорити""}, {""bbox"": [2718, 2983, 2909, 3028], ""type"": ""printed"", ""text"": ""/no_think""}, {""bbox"": [2741, 3053, 2917, 3098], ""type"": ""printed"", ""text"": ""/no_think""}, {""bbox"": [2735, 3054, 2916, 3094], ""type"": ""printed"", ""text"": ""/no_think""}, {""bbox"": [2738, 3094, 2917, 3129], ""type"": ""printed"", ""text"": ""/no_think""}, {""bbox"": [2738, 3127, 2917, 3164], ""type"": ""printed"", ""text"": ""/ no_think""}, {""bbox"": [519, 3145, 2540, 3396], ""type"": ""handwritten"", ""text"": ""вегорами в місцевій ботсаду,""}, {""bbox"": [493, 3351, 2531, 3604], ""type"": ""handwritten"", ""text"": ""бо на перший урок треба при-""}, {""bbox"": [2519, 3680, 2702, 3802], ""type"": ""annotation"", ""text"": ""·43·""}, {""bbox"": [2758, 3807, 2944, 3841], ""type"": ""printed"", ""text"": ""/no_think""}]"
0341e0e1-a15e-4c05-9492-112a1fdba233.jpg,"[{""bbox"": [235, 219, 2768, 361], ""type"": ""handwritten"", ""text"": ""не мало з наших снашивая. За""}, {""bbox"": [230, 348, 2721, 479], ""type"": ""handwritten"", ""text"": ""тке, ико ми не пільки знаючи,""}, {""bbox"": [225, 463, 2841, 609], ""type"": ""handwritten"", ""text"": ""як пишеться \""далекобійний дрон\""""}, {""bbox"": [229, 588, 2704, 725], ""type"": ""handwritten"", ""text"": ""або \""балістична ракета\"", але й""}, {""bbox"": [205, 707, 2012, 837], ""type"": ""handwritten"", ""text"": ""розрізняємо їх на сух.""}, {""bbox"": [356, 820, 2835, 960], ""type"": ""handwritten"", ""text"": ""Всяким хочуть, щоб ми стали""}, {""bbox"": [225, 948, 2749, 1066], ""type"": ""handwritten"", ""text"": ""схожими на них, скрім у вітчій""}, {""bbox"": [229, 1051, 2799, 1190], ""type"": ""handwritten"", ""text"": ""гризопі. А ми будемо жити шкаво,""}, {""bbox"": [229, 1169, 2841, 1314], ""type"": ""handwritten"", ""text"": ""всупереч історії, і заради них, хто""}, {""bbox"": [236, 1291, 2548, 1422], ""type"": ""handwritten"", ""text"": ""ріала нас говорилише мамою""}, {""bbox"": [250, 1402, 692, 1515], ""type"": ""handwritten"", ""text"": ""мовою.""}]"
03edb2e3-11b4-4b45-98c8-45ce1936cf83.jpg,"[{""bbox"": [362, 281, 2028, 402], ""type"": ""printed"", ""text"": ""ТОВАРИСТВО ДІАЧІВ УКРАЇНСЬКОГО""}, {""bbox"": [364, 395, 2028, 499], ""type"": ""printed"", ""text"": ""ПЛАСТИЧНОГО МИСТЕЦТВА\"" має за""}, {""bbox"": [362, 492, 2028, 599], ""type"": ""printed"", ""text"": ""Честь запросити Вас на відкриття з'їз""}, {""bbox"": [361, 590, 2025, 693], ""type"": ""printed"", ""text"": ""Діячів Українського Мистецтва, рік""}, {""bbox"": [361, 682, 2027, 795], ""type"": ""printed"", ""text"": ""ДБРДАМБІА Р Київі року 1918 червна 9 чис""}, {""bbox"": [361, 782, 2028, 882], ""type"": ""printed"", ""text"": ""а о 12 год. дна в помещании Украйнск""}]"
0414761c-70d3-48f4-ad2d-23b965d67685.jpg,"[{""bbox"": [37, 15, 939, 141], ""type"": ""formula"", ""text"": ""$$3 . \\mathrm { C u } \\rightarrow \\mathrm { C u O } \\rightarrow \\mathrm { C u S O } _ { 4 } \\rightarrow \\left[ \\mathrm { C u } ( \\mathrm { N H } _ { 3 } ) _ { 4 } \\right] \\mathrm { S O } _ { 4 }$$""}, {""bbox"": [260, 111, 647, 215], ""type"": ""formula"", ""text"": ""\\rightarrow \\mathrm{Cu}\\left(\\mathrm{NO}_{3}\\right)_{2} \\rightarrow \\mathrm{CuO}""}, {""bbox"": [438, 194, 761, 264], ""type"": ""handwritten"", ""text"": ""Овистенне мид""}, {""bbox"": [69, 239, 400, 308], ""type"": ""formula"", ""text"": ""$$2 \\mathrm { C u } + \\mathrm { O } _ { 2 } \\rightleftharpoons 2 \\mathrm { C u O }$$""}, {""bbox"": [47, 315, 442, 394], ""type"": ""handwritten"", ""text"": ""Реакция диссоциацией""}, {""bbox"": [784, 403, 1194, 818], ""type"": ""annotation"", ""text"": ""Тип реакції?\nНазва реплівім?\n± 155.""}, {""bbox"": [32, 406, 655, 499], ""type"": ""formula"", ""text"": ""$$C u O + H _ { 2 } S O _ { 4 } \\rightarrow C u S O _ { 4 } + H _ { 2 } O \\quad O B P$$""}, {""bbox"": [40, 501, 551, 604], ""type"": ""handwritten"", ""text"": ""Комплектующие""}, {""bbox"": [34, 595, 710, 718], ""type"": ""formula"", ""text"": ""$$C u S O _ { 4 } + 4 N H _ { 3 } \\rightarrow \\left[ C u \\left( N H _ { 3 } \\right) _ { 4 } \\right] S O _ { 4 }$$""}, {""bbox"": [958, 615, 1149, 815], ""type"": ""annotation"", ""text"": ""±15°.""}, {""bbox"": [28, 712, 479, 836], ""type"": ""formula"", ""text"": ""$$\\mathrm { C u } \\rightarrow \\mathrm { C u ( N O _ { 3 } ) _ { 2 } } \\rightarrow \\mathrm { C u O }$$""}, {""bbox"": [33, 831, 826, 936], ""type"": ""formula"", ""text"": ""$$C u + 4 H N O _ { 3 } \\rightarrow C u ( N O _ { 3 } ) _ { 2 } + 2 N O _ { 2 } + 2 H _ { 2 } O$$""}, {""bbox"": [15, 954, 681, 1088], ""type"": ""formula"", ""text"": ""$$2 \\mathrm{Cu}(\\mathrm{NO}_{3})_{2} \\rightarrow 2 \\mathrm{CuO} + 4 \\mathrm{NO}_{2} + \\mathrm{O}_{2}$$""}, {""bbox"": [39, 1086, 1442, 1196], ""type"": ""handwritten"", ""text"": ""5. Написать структурную формулу 2-метил-1-пентен-3-ола""}, {""bbox"": [1043, 1165, 1611, 1332], ""type"": ""annotation"", ""text"": ""±108° H-C=O O-C₂H₅""}, {""bbox"": [1045, 1169, 1224, 1321], ""type"": ""annotation"", ""text"": ""±100""}, {""bbox"": [1046, 1171, 1220, 1321], ""type"": ""annotation"", ""text"": ""±108°""}, {""bbox"": [71, 1174, 436, 1267], ""type"": ""handwritten"", ""text"": ""етилфенілсіту""}, {""bbox"": [47, 1271, 486, 1340], ""type"": ""handwritten"", ""text"": ""2-метил-1-пентен""}, {""bbox"": [924, 1330, 1630, 1417], ""type"": ""handwritten"", ""text"": ""етимологія структурні""}, {""bbox"": [29, 1339, 620, 1441], ""type"": ""formula"", ""text"": ""C_{H_2}=CH-CH(CH_3)-CH_2-CH_3""}, {""bbox"": [848, 1401, 1262, 1496], ""type"": ""formula"", ""text"": ""H-COO-CH_{2}-CH_{3}""}, {""bbox"": [51, 1462, 1299, 1580], ""type"": ""handwritten"", ""text"": ""И. 1) 3C₂H₂ → C₆H₆ - ацетилен - реакция тримеризации""}, {""bbox"": [120, 1568, 1335, 1674], ""type"": ""handwritten"", ""text"": ""2) C6H6 + HNO3 K2SO4 → C6H5NO2 + H2O - бензой - нитрування""}, {""bbox"": [119, 1656, 1630, 1770], ""type"": ""handwritten"", ""text"": ""(4) C6H5CH3 → C6H5COOH - ізопропілбромід бініріна кислота""}, {""bbox"": [119, 1656, 1630, 1770], ""type"": ""formula"", ""text"": ""\\text{(4) } \\mathrm{C_6H_5CH_3} \\rightarrow \\mathrm{C_6H_5COOH} \\text{ (бензойная кислота)}""}, {""bbox"": [115, 1752, 1494, 1839], ""type"": ""handwritten"", ""text"": ""4) C6H5COOH + NH3 → C6H5CONH2 + H2O - амф. бензойной кислоте""}, {""bbox"": [983, 1819, 1343, 1898], ""type"": ""handwritten"", ""text"": ""Реакція конденсації""}, {""bbox"": [980, 1819, 1342, 1899], ""type"": ""handwritten"", ""text"": ""Текущие конденсации""}, {""bbox"": [104, 1835, 651, 1928], ""type"": ""formula"", ""text"": ""$$3) \\ C_6H_6 + CH_3-CH=CH_2 \\xrightarrow{H_2SO_4}$$""}, {""bbox"": [511, 1939, 754, 2130], ""type"": ""annotation"", ""text"": ""страницу\nдо_ти?""}, {""bbox"": [1095, 1979, 1644, 2066], ""type"": ""handwritten"", ""text"": ""электродные залеження""}, {""bbox"": [838, 1995, 1022, 2152], ""type"": ""annotation"", ""text"": ""±205.""}, {""bbox"": [838, 2018, 1020, 2151], ""type"": ""annotation"", ""text"": ""±205.""}]"
0425cda8-0aef-4c01-a241-1c66e73a2153.jpg,"[{""bbox"": [1535, 88, 1713, 262], ""type"": ""annotation"", ""text"": ""65""}, {""bbox"": [277, 353, 1072, 476], ""type"": ""printed"", ""text"": ""ЗАПРОСИНИ""}, {""bbox"": [554, 546, 1032, 592], ""type"": ""printed"", ""text"": ""на урочисте відкриття""}, {""bbox"": [555, 600, 1374, 655], ""type"": ""printed"", ""text"": ""Українського Наукового Інститута""}, {""bbox"": [552, 657, 797, 714], ""type"": ""printed"", ""text"": ""в Берліні,""}, {""bbox"": [283, 725, 626, 768], ""type"": ""printed"", ""text"": ""яке відбудеться""}, {""bbox"": [546, 774, 1369, 825], ""type"": ""printed"", ""text"": ""в середу, 10. падолиста 1926 року,""}, {""bbox"": [550, 822, 1366, 870], ""type"": ""printed"", ""text"": ""в 12 год. дня, в будинку Берлінського""}, {""bbox"": [553, 867, 1280, 912], ""type"": ""printed"", ""text"": ""Університета, Dorotheenstraße 6,""}, {""bbox"": [556, 911, 884, 959], ""type"": ""printed"", ""text"": ""Авдиторія № 3""}, {""bbox"": [282, 1009, 988, 1084], ""type"": ""printed"", ""text"": ""ПРОГРАМ СВЯТА:""}, {""bbox"": [497, 1134, 1134, 1182], ""type"": ""printed"", ""text"": ""1. Німецький народний гімн.""}, {""bbox"": [497, 1183, 1369, 1234], ""type"": ""printed"", ""text"": ""2. Вступне слово голови Кураторії б.""}, {""bbox"": [549, 1236, 1374, 1284], ""type"": ""printed"", ""text"": ""міністра Німецької Держави, генерал-""}, {""bbox"": [550, 1287, 1262, 1332], ""type"": ""printed"", ""text"": ""лейтенанта Вільгельма Гренера.""}, {""bbox"": [496, 1335, 1375, 1383], ""type"": ""printed"", ""text"": ""3. Інавгураційна промова директора Ін-""}, {""bbox"": [552, 1384, 1374, 1433], ""type"": ""printed"", ""text"": ""ститута професора Дмитра Дорошенка.""}, {""bbox"": [502, 1434, 821, 1482], ""type"": ""printed"", ""text"": ""4. Привітання.""}, {""bbox"": [628, 1578, 1033, 1626], ""type"": ""printed"", ""text"": ""Голова Кураторії:""}, {""bbox"": [490, 1686, 1171, 1733], ""type"": ""printed"", ""text"": ""Заступник голови:""}, {""bbox"": [290, 1728, 1372, 1786], ""type"": ""printed"", ""text"": ""олександр скоропис-йолтуховський""}, {""bbox"": [315, 1793, 1350, 1836], ""type"": ""printed"", ""text"": ""Член Кураторії і Українського Товариства допомоги""}, {""bbox"": [413, 1871, 1238, 1922], ""type"": ""printed"", ""text"": ""Д-р. ВОЛОДИМИР КОРОСТОВЕЦЬ""}, {""bbox"": [500, 1935, 1161, 1980], ""type"": ""printed"", ""text"": ""Директор Института:""}, {""bbox"": [550, 1978, 1108, 2028], ""type"": ""printed"", ""text"": ""ДМИТРО ДОРОШЕНКО""}, {""bbox"": [281, 2071, 1077, 2137], ""type"": ""handwritten"", ""text"": ""До Впов. Михили Юхимо-""}, {""bbox"": [310, 2133, 1071, 2195], ""type"": ""handwritten"", ""text"": ""Ана Мановала, голови""}, {""bbox"": [286, 2188, 1151, 2269], ""type"": ""handwritten"", ""text"": ""Ткр. соціологічного Ін-тів.""}, {""bbox"": [456, 2357, 1209, 2400], ""type"": ""printed"", ""text"": ""für Ukrainisches Wissenschaftliches Institut.""}]"
046af991-93eb-4357-9638-7748c7a5c413.jpg,"[{""bbox"": [80, 14, 1654, 129], ""type"": ""handwritten"", ""text"": ""Такий підхід може гарно сприяти на підвищення""}, {""bbox"": [76, 83, 1654, 205], ""type"": ""handwritten"", ""text"": ""репутації компанії, наприклад як це було у Patagonia""}, {""bbox"": [82, 190, 1628, 288], ""type"": ""handwritten"", ""text"": ""підсилюють едукативність, завдяки енергоозначним тонам сприймають""}, {""bbox"": [79, 254, 1539, 366], ""type"": ""handwritten"", ""text"": ""технологіям, як це зробила Nestle. Також допоможе""}, {""bbox"": [63, 333, 1493, 438], ""type"": ""handwritten"", ""text"": ""унікали ризиків втрати інвесторів. В цю х черу""}, {""bbox"": [67, 373, 1650, 513], ""type"": ""handwritten"", ""text"": ""дни інвесторів це показує компанію більш стабільною""}, {""bbox"": [66, 419, 1653, 521], ""type"": ""handwritten"", ""text"": ""для інвесторів це показує компанію більш стабільною""}, {""bbox"": [70, 475, 1575, 603], ""type"": ""handwritten"", ""text"": ""прибутковою та етичною, що робить компанію""}, {""bbox"": [79, 544, 1651, 679], ""type"": ""handwritten"", ""text"": ""прибутковою та етичною, що привабливою для інвестування. Таким чином ESG""}, {""bbox"": [87, 569, 1599, 754], ""type"": ""handwritten"", ""text"": ""превабливовою для інвестування. Таким чином ES\nне не право тренд, а стратегія, яка забезпечує""}, {""bbox"": [88, 650, 1518, 760], ""type"": ""handwritten"", ""text"": ""це не просто тренд, а стратегія, яка забезпечує""}, {""bbox"": [86, 703, 1610, 841], ""type"": ""handwritten"", ""text"": ""це не просто тренд, а стратегія довгостроковий успіх і впливає на всіх учасників.""}, {""bbox"": [77, 855, 397, 943], ""type"": ""handwritten"", ""text"": ""Завдання 3""}, {""bbox"": [380, 951, 494, 1009], ""type"": ""handwritten"", ""text"": ""6. d""}, {""bbox"": [92, 968, 201, 1013], ""type"": ""handwritten"", ""text"": ""≠. a""}, {""bbox"": [374, 1021, 486, 1083], ""type"": ""handwritten"", ""text"": ""≠ e""}, {""bbox"": [79, 1025, 170, 1078], ""type"": ""handwritten"", ""text"": ""α. β""}, {""bbox"": [694, 1078, 787, 1179], ""type"": ""annotation"", ""text"": ""A2""}, {""bbox"": [365, 1090, 479, 1146], ""type"": ""handwritten"", ""text"": ""8. a""}, {""bbox"": [197, 1096, 267, 1158], ""type"": ""annotation"", ""text"": ""/no_think""}, {""bbox"": [77, 1097, 172, 1153], ""type"": ""handwritten"", ""text"": ""3. b""}, {""bbox"": [197, 1097, 267, 1161], ""type"": ""annotation"", ""text"": ""/no_think""}, {""bbox"": [76, 1159, 173, 1214], ""type"": ""handwritten"", ""text"": ""4.6""}, {""bbox"": [359, 1159, 468, 1213], ""type"": ""handwritten"", ""text"": ""g. e""}, {""bbox"": [78, 1222, 175, 1281], ""type"": ""handwritten"", ""text"": ""S.c""}, {""bbox"": [345, 1240, 461, 1295], ""type"": ""handwritten"", ""text"": ""10. a""}, {""bbox"": [1372, 1308, 1481, 1372], ""type"": ""annotation"", ""text"": ""20""}, {""bbox"": [75, 1309, 391, 1395], ""type"": ""handwritten"", ""text"": ""Завдання 4.""}, {""bbox"": [75, 1380, 1580, 1465], ""type"": ""handwritten"", ""text"": ""2) Менеджмент - це процес планування, організації;""}, {""bbox"": [93, 1452, 1597, 1539], ""type"": ""handwritten"", ""text"": ""мотивації та контролю ресурсів для досягнення""}, {""bbox"": [98, 1515, 242, 1560], ""type"": ""handwritten"", ""text"": ""цілій""}, {""bbox"": [75, 1547, 1601, 1643], ""type"": ""handwritten"", ""text"": ""2) Соціальна відповідальність — зобов'язання бізнесу""}, {""bbox"": [92, 1616, 1485, 1710], ""type"": ""handwritten"", ""text"": ""дюти на користь суспільства та екології; а у""}, {""bbox"": [95, 1632, 1582, 1772], ""type"": ""handwritten"", ""text"": ""діяти на користь суспільства та етнології, а у випадку порушення - звітувати та нести покарання""}, {""bbox"": [91, 1658, 1610, 1773], ""type"": ""handwritten"", ""text"": ""дноти на користь суспільства та дієт, випадку порушення - звітувати та нести покарання.""}, {""bbox"": [89, 1746, 1640, 1897], ""type"": ""handwritten"", ""text"": "") Недіякансові ризики - це ризики які не пов'язані на\nпремію з фінансовими операціями, але можуть впли""}, {""bbox"": [92, 1801, 1651, 1957], ""type"": ""handwritten"", ""text"": "") Медіаконсультанти - це діяльність, яка можуть впливати на діяльність організації. Це, наприклад - репутаційні ризики та інші.""}, {""bbox"": [90, 1863, 1651, 2011], ""type"": ""handwritten"", ""text"": ""арему з фінансових на діяльність організації. Це, наприклад - репутаційні ризи ризики порушення законодавства, схильність ризики та інші.""}, {""bbox"": [78, 1917, 1652, 2068], ""type"": ""handwritten"", ""text"": ""на діяльність організації. Внутрішні умови, у яких розуміння закладається, соціальні ризики та інші.\nі) Корпоративна культура це - система цінностей, переконань, норм, звичаїв, які виникають в компанії та""}, {""bbox"": [86, 1976, 1654, 2128], ""type"": ""handwritten"", ""text"": "") Корпоративна культура це - система цінностей, переконань, норм і правил поведінки, яка формуються в компанії та""}, {""bbox"": [90, 2035, 1649, 2191], ""type"": ""handwritten"", ""text"": ""корпоративна інформація, яка діє в компанії, норми правил поведінки, вона діє в компанії, визначає спосіб взаємодії співробітників між собою та з""}, {""bbox"": [95, 2139, 1650, 2253], ""type"": ""handwritten"", ""text"": ""визначає сполуку відповідно до зовнішнім світом. Я усі можу порівнювати лише з РНК люд""}, {""bbox"": [95, 2245, 1656, 2336], ""type"": ""handwritten"", ""text"": ""де залишені усі її звички, особливості, принципи та,""}]"
04cf4a71-95e9-442b-8b09-ffbba912e1e9.jpg,"[{""bbox"": [248, 86, 443, 167], ""type"": ""printed"", ""text"": ""у.и.г.""}, {""bbox"": [2200, 122, 2396, 301], ""type"": ""annotation"", ""text"": ""166""}, {""bbox"": [67, 315, 666, 380], ""type"": ""printed"", ""text"": ""дня 5. червня 1928.""}, {""bbox"": [809, 515, 1239, 576], ""type"": ""printed"", ""text"": ""о 4.г. попол""}, {""bbox"": [303, 563, 2324, 647], ""type"": ""printed"", ""text"": ""серду дня 6. червня у Науково- методольгічному семінарі відбуд""}, {""bbox"": [303, 668, 2325, 748], ""type"": ""printed"", ""text"": ""клад Вп.п. В. Петрова на тему: \"" Обопільна залежність між су""}, {""bbox"": [303, 783, 2322, 848], ""type"": ""printed"", ""text"": ""ми здвигами та боєвими операціями у війнах під проводом гетьмана""}, {""bbox"": [233, 878, 1405, 956], ""type"": ""printed"", ""text"": ""на Хмельницького (\""1648-49)""}, {""bbox"": [299, 1044, 2107, 1109], ""type"": ""printed"", ""text"": ""Повідомляючи Вас про це просимо відвідати згаданий виклад.""}, {""bbox"": [1515, 1254, 1898, 1308], ""type"": ""printed"", ""text"": ""З пош жанням""}, {""bbox"": [930, 1361, 2055, 1425], ""type"": ""printed"", ""text"": ""Директор Відділу і керовник семінару""}, {""bbox"": [1144, 1463, 1957, 1532], ""type"": ""printed"", ""text"": ""Проф. Л. Білецький (в.р.)""}]"
052068c9-4ed7-5f3a-8951-c37a606a5af7.jpg,"[{""bbox"": [853, 44, 2188, 324], ""type"": ""handwritten"", ""text"": ""Прете мотоло""}, {""bbox"": [540, 279, 2053, 555], ""type"": ""handwritten"", ""text"": ""Электрическое поле""}, {""bbox"": [314, 509, 2171, 803], ""type"": ""handwritten"", ""text"": ""Самостійна робота""}, {""bbox"": [1572, 808, 1920, 1058], ""type"": ""handwritten"", ""text"": ""8/13""}, {""bbox"": [174, 975, 581, 1237], ""type"": ""handwritten"", ""text"": ""2/x""}, {""bbox"": [175, 980, 584, 1242], ""type"": ""handwritten"", ""text"": ""2/x""}, {""bbox"": [921, 1005, 1347, 1281], ""type"": ""handwritten"", ""text"": ""0/七""}, {""bbox"": [1610, 1035, 1966, 1266], ""type"": ""handwritten"", ""text"": ""8/13""}, {""bbox"": [179, 1216, 549, 1468], ""type"": ""handwritten"", ""text"": ""3)5""}, {""bbox"": [875, 1278, 1265, 1511], ""type"": ""handwritten"", ""text"": ""61B""}, {""bbox"": [1603, 1296, 1960, 1526], ""type"": ""handwritten"", ""text"": ""9/13""}]"
057f608d-67ad-42b4-b6bb-7cb75acb1317.jpg,"[{""bbox"": [31, 0, 1634, 83], ""type"": ""formula"", ""text"": ""$$I _ { B 2 } = \\frac { 1 6 0 0 0 0 + 4 0 0 0 0 0 } { 3 5 0 0 - 2 0 0 0 } = \\frac { 2 6 0 0 0 0 } { 1 5 0 0 } = \\frac { 5 2 0 } { 3 }$$""}, {""bbox"": [63, 1, 1635, 84], ""type"": ""formula"", ""text"": ""$$1 6 2 = \\frac { 1 1 6 + 4 0 0 0 0 0 ( 1 1 ) } { y _ { 7 } \\cdot 1 1 - 3 8 1 } = \\frac { 1 6 0 0 0 0 + 4 0 0 0 0 0 } { 3 5 0 0 - 2 0 0 0 } = \\frac { 2 6 0 0 0 0 } { 1 5 0 0 } = \\frac { 5 2 0 } { 3 }$$""}, {""bbox"": [93, 80, 492, 149], ""type"": ""handwritten"", ""text"": ""= 173 скудіседау""}, {""bbox"": [36, 135, 1231, 234], ""type"": ""formula"", ""text"": ""$$3 ) A ) T B 3 = \\frac { 1 6 0 0 0 0 } { 3 2 0 0 - 2 0 0 0 } = \\frac { 1 6 0 0 0 0 } { 1 2 0 0 } = 1 3 3 ( к р і с л а )$$""}, {""bbox"": [55, 236, 797, 323], ""type"": ""formula"", ""text"": ""$\\sqrt{6})\\ \\sqrt{6}\\ 4 = \\frac{1600000\\ \\mathrm{m}}{1300} \\approx 123$""}, {""bbox"": [103, 303, 1109, 380], ""type"": ""handwritten"", ""text"": ""зм витрати на орендию: 2000 * 1,10 = 2200""}, {""bbox"": [40, 398, 1579, 511], ""type"": ""handwritten"", ""text"": ""3500-2200=1300\nЗниження ціни або зростання злінних витрат негативно\nвпливає на беззбитковий зростає.""}, {""bbox"": [39, 399, 1544, 585], ""type"": ""handwritten"", ""text"": ""Зниження ціни або зростання змінних витрат негативно впливають на ефективність - точка беззбитковості зростає.""}, {""bbox"": [29, 467, 1510, 597], ""type"": ""handwritten"", ""text"": ""Зниження ціни або дроселювання впливають на ефективність - точка безвихідковості зростає""}, {""bbox"": [1024, 715, 1338, 776], ""type"": ""annotation"", ""text"": ""12.06.2025""}]"
060d7b29-7c95-55ee-bc57-346ea5c41c10.jpg,"[{""bbox"": [389, 80, 2785, 334], ""type"": ""handwritten"", ""text"": ""Найвищий вищовий орган: робітят мейістрів""}, {""bbox"": [483, 322, 3171, 559], ""type"": ""handwritten"", ""text"": ""Рейтінг: (мінімізм (76%), буддизм (46%) і християнство""}, {""bbox"": [540, 533, 1824, 722], ""type"": ""handwritten"", ""text"": ""Валюта: 6на = 100 левам""}, {""bbox"": [492, 736, 2339, 975], ""type"": ""handwritten"", ""text"": ""Імператор Акіхіто з 7 асм 1989 р.""}, {""bbox"": [498, 954, 2912, 1186], ""type"": ""handwritten"", ""text"": ""Мені подобається Японія, тому що там""}, {""bbox"": [394, 1169, 2819, 1408], ""type"": ""handwritten"", ""text"": ""дивовижні події утворюються довгі традиції та""}, {""bbox"": [327, 1397, 3177, 1623], ""type"": ""handwritten"", ""text"": ""цитрачаем зелень. Мене зоюкиме існі культури,""}, {""bbox"": [326, 1596, 3270, 1837], ""type"": ""handwritten"", ""text"": ""поболю до деталей. Якірний вільно умовлявши крау""}, {""bbox"": [302, 1813, 3174, 2072], ""type"": ""handwritten"", ""text"": ""в простих речах, цікавить природу та горионів""}, {""bbox"": [292, 2054, 3072, 2299], ""type"": ""handwritten"", ""text"": "") це робить країну визивою та надихаючою.""}]"
06623e41-7d44-4d16-8318-07ed6e8414d1.jpg,"[{""bbox"": [425, 88, 2157, 252], ""type"": ""handwritten"", ""text"": ""якого бін тимчасовий і далеко""}, {""bbox"": [417, 210, 2166, 377], ""type"": ""handwritten"", ""text"": ""від справжнього дому - того, що""}, {""bbox"": [413, 344, 2191, 510], ""type"": ""handwritten"", ""text"": ""в сену: Треба здавати кров""}, {""bbox"": [423, 486, 2201, 641], ""type"": ""handwritten"", ""text"": ""і, може, з нею ще в глибшій""}, {""bbox"": [430, 617, 2236, 768], ""type"": ""handwritten"", ""text"": ""серці, поселиться любов до слів""}, {""bbox"": [449, 747, 2081, 901], ""type"": ""handwritten"", ""text"": ""\""допіру\"", \""нітянко\"" та \""княжи\"".""}, {""bbox"": [570, 888, 2234, 1027], ""type"": ""handwritten"", ""text"": ""Преба чілуватися, коли випа-""}, {""bbox"": [385, 1024, 2248, 1170], ""type"": ""handwritten"", ""text"": ""дає налода, і казати те, що на""}, {""bbox"": [392, 1163, 2259, 1306], ""type"": ""handwritten"", ""text"": ""думці. Немає часу на півтони.""}, {""bbox"": [389, 1300, 2137, 1438], ""type"": ""handwritten"", ""text"": ""Матеріальні - крихке, ниття""}, {""bbox"": [408, 1425, 2204, 1580], ""type"": ""handwritten"", ""text"": ""тікає крізь пальці... Справжнім""}, {""bbox"": [395, 1558, 2170, 1734], ""type"": ""handwritten"", ""text"": ""виявилось тільки те, за що""}, {""bbox"": [431, 1722, 2282, 1856], ""type"": ""handwritten"", ""text"": ""не могли сжаться руками:""}, {""bbox"": [441, 1853, 1819, 1992], ""type"": ""handwritten"", ""text"": ""спогади, сміх і любов.""}, {""bbox"": [574, 1988, 2186, 2131], ""type"": ""handwritten"", ""text"": ""Все треба шкодати, коли""}, {""bbox"": [392, 2135, 2316, 2287], ""type"": ""handwritten"", ""text"": ""можеться. За все те, що ніким""}, {""bbox"": [347, 2282, 2242, 2434], ""type"": ""handwritten"", ""text"": ""бне мало з нами станися,""}, {""bbox"": [389, 2419, 2241, 2571], ""type"": ""handwritten"", ""text"": ""За те, що ми не мільки""}, {""bbox"": [389, 2571, 2343, 2734], ""type"": ""handwritten"", ""text"": ""знаю, ек пичметьва \""далекобійни\""""}, {""bbox"": [379, 2710, 2339, 2884], ""type"": ""handwritten"", ""text"": ""дрон\"" або \""балістична ракета\"",""}]"
068ff756-0ff6-43d4-b6c4-bce168837290.jpg,"[{""bbox"": [29, 70, 1385, 183], ""type"": ""handwritten"", ""text"": ""Внимание иллюзия - или не диктуется,""}, {""bbox"": [23, 166, 1439, 263], ""type"": ""handwritten"", ""text"": ""напечатанная итальянская драма, как на предположе""}, {""bbox"": [22, 247, 1422, 330], ""type"": ""handwritten"", ""text"": ""въ възпоминание фигуры великаго ордена""}, {""bbox"": [1318, 266, 1460, 363], ""type"": ""annotation"", ""text"": ""902""}, {""bbox"": [6, 315, 1441, 397], ""type"": ""handwritten"", ""text"": ""зовання нових цілк\"", винісів середньо умов""}, {""bbox"": [29, 390, 1439, 474], ""type"": ""handwritten"", ""text"": ""ло організували 15 коротких шляхів і що 11 че""}, {""bbox"": [24, 463, 1429, 547], ""type"": ""handwritten"", ""text"": ""кит. і Хр. русских (українських\"") Овійле див""}, {""bbox"": [26, 542, 1442, 631], ""type"": ""handwritten"", ""text"": ""17.400 дітей украйнських, що на 1923 рік було""}, {""bbox"": [14, 623, 1442, 701], ""type"": ""handwritten"", ""text"": ""подаюською - Нижоки і для 126 чесних днів""}, {""bbox"": [21, 695, 1442, 779], ""type"": ""handwritten"", ""text"": ""- 11 чур. Так можно было думать. И""}, {""bbox"": [50, 761, 1469, 850], ""type"": ""handwritten"", ""text"": ""зайно ти душе ито радо́сно. біо це сум-""}, {""bbox"": [25, 847, 1442, 936], ""type"": ""handwritten"", ""text"": ""нічне світло кови овіверитили вітла ітв""}, {""bbox"": [31, 931, 1396, 1026], ""type"": ""handwritten"", ""text"": ""нема на дрібність. Помиляю їх, чи""}, {""bbox"": [50, 1017, 1460, 1114], ""type"": ""handwritten"", ""text"": ""уя дітейність у першому та останньому кале.""}, {""bbox"": [51, 1105, 1479, 1201], ""type"": ""handwritten"", ""text"": ""про абсурдність нашою передположення""}, {""bbox"": [50, 1184, 1467, 1278], ""type"": ""handwritten"", ""text"": ""вона конфліктують між собою розв'язує аграрну""}, {""bbox"": [32, 1268, 1441, 1362], ""type"": ""handwritten"", ""text"": ""Проверим драконьих калачи, что \""Речи""}, {""bbox"": [40, 1350, 1422, 1448], ""type"": ""handwritten"", ""text"": ""іншими посиланнями проплаки в герви""}, {""bbox"": [45, 1438, 1410, 1534], ""type"": ""handwritten"", ""text"": ""у.р. аана міні адра шуатнинц ибла""}, {""bbox"": [45, 1524, 1441, 1620], ""type"": ""handwritten"", ""text"": ""по Гігросардійі, сеять озборення но""}, {""bbox"": [43, 1611, 1442, 1711], ""type"": ""handwritten"", ""text"": ""вих 11 років і цікаво на письмо україн""}, {""bbox"": [41, 1706, 631, 1787], ""type"": ""handwritten"", ""text"": ""Своих силах\"" (хх)""}, {""bbox"": [42, 1817, 1340, 1893], ""type"": ""handwritten"", ""text"": ""4) „Охотница“-Ум.24. 1429 г. 32 5) „Распред“-Ум. 1429 г. 17-""}]"
069c4bf2-1f06-4d67-becf-9bbbd255b347.jpg,"[{""bbox"": [632, 93, 1345, 237], ""type"": ""handwritten"", ""text"": ""Треба жити!""}, {""bbox"": [189, 286, 2359, 432], ""type"": ""handwritten"", ""text"": ""Жити треба цікаво: читати книжки, ходити""}, {""bbox"": [30, 407, 1758, 584], ""type"": ""handwritten"", ""text"": ""в театр, дресирувати пса Патрона.""}, {""bbox"": [179, 560, 2462, 752], ""type"": ""handwritten"", ""text"": ""Треба жити. Не впівсими, не трошки, не завтра,""}, {""bbox"": [25, 697, 2464, 897], ""type"": ""handwritten"", ""text"": ""не піля. По-справжньому. Зараз. Треба шадити котів,""}, {""bbox"": [18, 736, 2469, 1014], ""type"": ""handwritten"", ""text"": ""не підля. По-справжньому. Зараз. Потрібно швидкими котів, збирати гриби, везти вузьким із фронту на інтересі,""}, {""bbox"": [19, 844, 2470, 1126], ""type"": ""handwritten"", ""text"": ""Вибрати чиїби, везти вузьким із фронту на інтересі, робити ремонт і приносити щастя тим, кого люблю.""}, {""bbox"": [21, 954, 2464, 1149], ""type"": ""handwritten"", ""text"": ""любити релігію і приносити щастя тим, кого люблять.""}, {""bbox"": [17, 978, 2418, 1267], ""type"": ""handwritten"", ""text"": ""носити ранимт і приносити щастя тим, кого любиш\nТреба купувати сукні з лелітками і докатати\nна військо він""}, {""bbox"": [18, 1105, 2334, 1375], ""type"": ""handwritten"", ""text"": ""треба купувати сукні з лелітками і докатети\nна військо, вишукувати реби і генератори, а""}, {""bbox"": [23, 1211, 2309, 1508], ""type"": ""handwritten"", ""text"": ""на військо, вишукувати неби і генератори, а\nще, кишпорітити веторалем у мініслярії ботсаду""}, {""bbox"": [22, 1290, 2315, 1539], ""type"": ""handwritten"", ""text"": ""ик, кишпорити ветохален у міністерії ботсаду,""}, {""bbox"": [18, 1332, 2271, 1641], ""type"": ""handwritten"", ""text"": ""ік, німпопійти веоранем у мінєяр'ї ботсаду\nво на перимії урок треба принести калітанів.""}, {""bbox"": [171, 1562, 2449, 1802], ""type"": ""handwritten"", ""text"": ""Треба любити свій діл, навіть якщо вік тимла-""}, {""bbox"": [110, 1607, 2422, 1920], ""type"": ""handwritten"", ""text"": ""Мірка любити свій дім, навіть якщо він тимга\nвий і далеко від справжнього дому - того, що в""}, {""bbox"": [37, 1740, 2264, 2029], ""type"": ""handwritten"", ""text"": ""сериї. Треба здавати кров-і, моле, з нею не в""}, {""bbox"": [33, 1851, 2323, 2158], ""type"": ""handwritten"", ""text"": ""серії. Треба здавати кров-і, може, з нею же в чималусь серії посміттям любов до слив: \""допіру""}, {""bbox"": [41, 1983, 2342, 2270], ""type"": ""handwritten"", ""text"": ""селились серії поселиться людей до слів: \""допіру\"", \""пітметко\"", \""кі\"", \""кімехи\"". Преба змінюватися.""}, {""bbox"": [30, 2071, 1151, 2210], ""type"": ""handwritten"", ""text"": ""«пітметко», «не», «кичахи»""}, {""bbox"": [233, 2160, 2437, 2390], ""type"": ""handwritten"", ""text"": ""Треба чинуватися, сам випаровує налоду, і казати""}, {""bbox"": [35, 2216, 2461, 2502], ""type"": ""handwritten"", ""text"": ""Треба шнуруватися, сам випаровує наледь, і казати\nте, що на думці. Немає гасу на півтони. Матеріально""}, {""bbox"": [28, 2338, 2469, 2617], ""type"": ""handwritten"", ""text"": ""те, що на думці. Нимає гасу на півтони. Матеріальне\n- крижке, нсмето тікає крізь пальці. Справжнім вияви-""}, {""bbox"": [29, 2430, 2456, 2649], ""type"": ""handwritten"", ""text"": ""- криєвке, якість тікає крізь пальці. Справжнім вияви-""}, {""bbox"": [24, 2483, 2453, 2754], ""type"": ""handwritten"", ""text"": ""крижке, несеться тікає крізь пальці. Справжнім вияви- мися тільки те, за що не можна схопитись руками - спогади, сніт, і любов""}, {""bbox"": [22, 2692, 1165, 2803], ""type"": ""handwritten"", ""text"": ""- спогади, сміх і любов.""}, {""bbox"": [182, 2782, 2453, 2973], ""type"": ""handwritten"", ""text"": ""Исе треба тихати, каш миоцетъя. За все те, ио""}, {""bbox"": [38, 2828, 2401, 3076], ""type"": ""handwritten"", ""text"": ""Не треба тікати, коли молисься. За все те, що ніким б не мало з нами статися. За те, що ми""}, {""bbox"": [26, 2934, 2370, 3181], ""type"": ""handwritten"", ""text"": ""ніколи б не мало з нами стаття. За те, що ми не тільки знають, але пишеться \""далекобійний""}, {""bbox"": [22, 3022, 2406, 3295], ""type"": ""handwritten"", ""text"": ""не тільки знають, як пишеться \""далекобійний дрон\"" або \""балістична ракета\"", а й розрізняють їх""}, {""bbox"": [13, 3131, 2428, 3387], ""type"": ""handwritten"", ""text"": ""дрон\"" або \""балістична ракета\"", а й розрізняємо їх\nна слух.""}, {""bbox"": [22, 3236, 415, 3358], ""type"": ""handwritten"", ""text"": ""на слух.""}]"
07018594-65ad-4879-b7ee-bf0bbcc609a6.jpg,"[{""bbox"": [1596, 55, 1755, 189], ""type"": ""annotation"", ""text"": ""ys""}, {""bbox"": [70, 159, 1802, 255], ""type"": ""handwritten"", ""text"": ""1. р. Письмо вышло 28. й. 1927 р. Редактор: М. Волоцук""}, {""bbox"": [60, 247, 1826, 327], ""type"": ""handwritten"", ""text"": ""і М. Кабота. Виходила до 1930 р. Цього року була при-""}, {""bbox"": [128, 306, 1835, 372], ""type"": ""handwritten"", ""text"": ""через брак трансляції завантажень на вибірний та кризу""}, {""bbox"": [315, 308, 1827, 367], ""type"": ""handwritten"", ""text"": ""через брак трансоповит завовів на вибрання та кнізу""}, {""bbox"": [61, 410, 692, 466], ""type"": ""handwritten"", ""text"": ""редакторськіт сил:""}, {""bbox"": [59, 432, 1785, 529], ""type"": ""handwritten"", ""text"": ""Підактівський сіл. Піску, до неї масляна зверху. 1932-33 н.р. була відновлена.""}, {""bbox"": [56, 519, 1807, 619], ""type"": ""handwritten"", ""text"": ""в кітівну працю виказують і виказували сама молодь-""}, {""bbox"": [66, 612, 1799, 715], ""type"": ""handwritten"", ""text"": ""студентами з домашнього проф. Крихорська. Студентами і дітями-""}, {""bbox"": [64, 703, 1335, 794], ""type"": ""handwritten"", ""text"": ""сують і самі на свої копії вирахують.""}, {""bbox"": [63, 782, 1798, 884], ""type"": ""handwritten"", ""text"": ""Одно видання тепер (180л.) вони́тє около 60- К. Ціна""}, {""bbox"": [60, 876, 905, 975], ""type"": ""handwritten"", ""text"": ""подрядного числа 050 Хо.""}, {""bbox"": [56, 961, 1756, 1050], ""type"": ""handwritten"", ""text"": ""В первых молитвах видавано до 40 рисел (рукой писал""}, {""bbox"": [60, 1043, 1782, 1140], ""type"": ""handwritten"", ""text"": ""Кіно). Відніме викорила літографічно (100-в см. ріках 120-""}, {""bbox"": [59, 1134, 1789, 1228], ""type"": ""handwritten"", ""text"": ""150 чисел), а в мк році 36/37 випускається 180 чисел.""}, {""bbox"": [60, 1218, 1821, 1321], ""type"": ""handwritten"", ""text"": ""ситуация с проф. персоналом до Киси\"" с доброе, тильки госпра""}, {""bbox"": [63, 1309, 1784, 1407], ""type"": ""handwritten"", ""text"": ""цензура проф. Крихурька не дозволяє деякі спільні добре""}, {""bbox"": [50, 1411, 575, 1500], ""type"": ""handwritten"", ""text"": ""зумаючої думки.""}, {""bbox"": [58, 1481, 1793, 1582], ""type"": ""handwritten"", ""text"": ""Коли, що Яким виразливий лільовий у вузькій бірузі зле-""}, {""bbox"": [67, 1570, 1773, 1665], ""type"": ""handwritten"", ""text"": ""миків, а загал про мно мало знав, важливих відгуків""}, {""bbox"": [67, 1659, 1728, 1759], ""type"": ""handwritten"", ""text"": ""ми рецензій не було. Критик Мусин сказав, що писа""}, {""bbox"": [77, 1747, 1778, 1842], ""type"": ""handwritten"", ""text"": ""мав співпрацівні значення, і що його видає сама мо-""}, {""bbox"": [80, 1840, 1196, 1917], ""type"": ""handwritten"", ""text"": ""лодь, є досить цікавим масовим.""}, {""bbox"": [48, 1994, 1829, 2096], ""type"": ""handwritten"", ""text"": ""+ Кожевого мк. р. Индивиду Жили \""Рідна Сіль\"" вибирає редакцій-""}, {""bbox"": [77, 2085, 1809, 2179], ""type"": ""handwritten"", ""text"": ""му колегію. Попер редакція така: головний редактор Я. Козь,""}, {""bbox"": [81, 2170, 1830, 2270], ""type"": ""handwritten"", ""text"": ""корректор В. Пейрашко, зам. главного редактора И. Романко, член.""}, {""bbox"": [86, 2258, 1811, 2355], ""type"": ""handwritten"", ""text"": ""перекладач І. Валінук, скарбник Маруся Іорба, і помісна""}, {""bbox"": [84, 2345, 803, 2444], ""type"": ""handwritten"", ""text"": ""редакторка М. Богоноко.""}]"
07855b12-5b9f-43b6-ac01-036b879c0a7a.jpg,"[{""bbox"": [4, 87, 269, 192], ""type"": ""handwritten"", ""text"": ""Здрава 8.31.""}, {""bbox"": [8, 186, 396, 291], ""type"": ""handwritten"", ""text"": ""Дисперсия (σ²) - 6""}, {""bbox"": [5, 286, 498, 394], ""type"": ""handwritten"", ""text"": ""ймовірність (F) - 0,954""}, {""bbox"": [8, 363, 1293, 485], ""type"": ""handwritten"", ""text"": ""коефіцієнтів фвіри (t)-Для ймовірн. 0,954 значення t=2""}, {""bbox"": [5, 480, 285, 616], ""type"": ""formula"", ""text"": ""$$n = \\frac { c ^ { 2 } \\cdot \\sigma ^ { 2 } } { \\Delta _ { z } ^ { 2 } }$$""}, {""bbox"": [12, 617, 508, 730], ""type"": ""formula"", ""text"": ""$$h = \\frac { 2 ^ { 2 } \\cdot 6 } { 1 ^ { 2 } } = \\frac { 4 \\cdot 6 } { 1 } = 2 4$$""}, {""bbox"": [9, 723, 1869, 842], ""type"": ""handwritten"", ""text"": ""Відповідь: Для того щоб з імовірністю 0,954 виокремити середній зріст хоро-""}, {""bbox"": [9, 833, 1879, 922], ""type"": ""handwritten"", ""text"": ""сних головок з урахуванням не більше 1 см (при дисперсії 6), нео-""}, {""bbox"": [8, 902, 1032, 1001], ""type"": ""handwritten"", ""text"": ""Багно відібрати та обстежити 24 особи.""}, {""bbox"": [1250, 1079, 1562, 1189], ""type"": ""annotation"", ""text"": ""24.12.2025p.""}, {""bbox"": [1739, 2598, 1834, 2714], ""type"": ""handwritten"", ""text"": ""4.""}]"
07d8b7fe-beb0-58c8-8fd8-71b863a62225.jpg,"[{""bbox"": [898, 0, 1907, 66], ""type"": ""printed"", ""text"": ""корисним або небезпечним для ор\nвнесени виділення у разі великих оп""}, {""bbox"": [902, 0, 1878, 113], ""type"": ""printed"", ""text"": ""корисним або небезпечним для о\nпорушуються процеси виділення у разі великих о\nпроцеси виділення під""}, {""bbox"": [0, 0, 704, 67], ""type"": ""printed"", ""text"": ""випіння можуть бути по-""}, {""bbox"": [1, 0, 702, 123], ""type"": ""printed"", ""text"": ""процеси виділення можуть бути по-\nзахворювань нирок (спадко-""}, {""bbox"": [869, 5, 1478, 244], ""type"": ""image"", ""text"": """"}, {""bbox"": [902, 11, 1860, 152], ""type"": ""printed"", ""text"": ""корисним або небезпечним д\nпорушуються процеси виділення у разі великих\nків? 4. Як порушуються процеси виділення під""}, {""bbox"": [1, 13, 702, 159], ""type"": ""printed"", ""text"": ""процеси виділення можуть бути по-\nвідок захворювань нирок (спадко-\nномального дисбалансу,""}, {""bbox"": [0, 124, 706, 244], ""type"": ""printed"", ""text"": ""дийних), гормонального дисбалансу, заем нирок.""}, {""bbox"": [2, 189, 249, 271], ""type"": ""printed"", ""text"": ""равм нирок.""}, {""bbox"": [290, 731, 1956, 947], ""type"": ""handwritten"", ""text"": ""и. Під час індустріалізації удавлюваний процеси""}, {""bbox"": [286, 839, 1989, 1042], ""type"": ""handwritten"", ""text"": ""4. Під час апгрейду виходили порушення серед масиву непротипічних в""}, {""bbox"": [279, 1002, 1790, 1180], ""type"": ""handwritten"", ""text"": ""пров тонших продуктів розпаду тканин""}, {""bbox"": [280, 1024, 1983, 1282], ""type"": ""handwritten"", ""text"": ""крок токсичних продуктів розпаду тканин\n(міоглобін, креатинін, сечовина), що спричиняє""}, {""bbox"": [278, 1112, 1991, 1281], ""type"": ""handwritten"", ""text"": ""(міогенін, креатинін, сесовина), що сприяє""}, {""bbox"": [286, 1236, 1989, 1426], ""type"": ""handwritten"", ""text"": ""чотру мирову недостатність (ГНН), яка є""}, {""bbox"": [287, 1394, 1820, 1538], ""type"": ""handwritten"", ""text"": ""живыми факторами риска для життя.""}, {""bbox"": [0, 1933, 274, 2078], ""type"": ""handwritten"", ""text"": ""шови),""}, {""bbox"": [0, 2710, 206, 2832], ""type"": ""handwritten"", ""text"": ""иділину""}, {""bbox"": [0, 2843, 195, 2953], ""type"": ""handwritten"", ""text"": ""может,""}]"
08072687-8a58-407d-9dff-8086728d04f6.jpg,"[{""bbox"": [26, 30, 312, 92], ""type"": ""handwritten"", ""text"": ""І.В. Багара""}, {""bbox"": [49, 65, 1540, 170], ""type"": ""formula"", ""text"": ""$C=65; \\quad \\Sigma g=6; \\quad G=20; \\quad R=3; \\quad P=10; \\quad A=16; \\quad i=8; \\quad T_H=19;$""}, {""bbox"": [44, 66, 1538, 169], ""type"": ""formula"", ""text"": ""$C=65; \\underline{g}=6; G=20; R=3; P=10; A=16; i=8; T_{H}=19;$""}, {""bbox"": [39, 164, 667, 241], ""type"": ""formula"", ""text"": ""$W=42;X_{n}=3;NT_{r}=7$""}, {""bbox"": [1, 236, 1365, 340], ""type"": ""formula"", ""text"": ""a) \\text{BB} \\cap \\text{C}_{\\text{wip}} = C + Ig + G + X_n = 65 + 6 + 20 + 3 = 94""}, {""bbox"": [25, 313, 1614, 428], ""type"": ""formula"", ""text"": ""$$B B P _ { q o p } = W + R + P + i + T _ { H } + A = 4 2 + 3 + 1 0 + 8 + 1 9 + 1 6 = 9 8$$""}, {""bbox"": [9, 460, 1587, 588], ""type"": ""handwritten"", ""text"": ""8) В+1-А = ВВВП + Доходи, які отримані резидентами із-за кордону - не резидентами ін країн""}, {""bbox"": [38, 599, 701, 705], ""type"": ""formula"", ""text"": ""$94+12-4=99-13+17$""}]"
0836598e-1ee3-4093-ac54-71eeea855f7b.jpg,"[{""bbox"": [87, 241, 615, 453], ""type"": ""image"", ""text"": """"}, {""bbox"": [343, 507, 1162, 582], ""type"": ""handwritten"", ""text"": ""- Для доходів ніякіх:""}, {""bbox"": [347, 507, 1162, 583], ""type"": ""handwritten"", ""text"": ""- Для доходів низькіше:""}, {""bbox"": [369, 585, 1203, 684], ""type"": ""formula"", ""text"": ""$$2 0 1 9 ) k _ { \\mathrm { d } \\mathrm { o } \\mathrm { r } } = \\frac { 1 2 4 . 2 } { 1 0 0 } = 1 , 2 4 2$$""}, {""bbox"": [361, 703, 1178, 796], ""type"": ""formula"", ""text"": ""$$2 0 2 0 : K _ { \\mathrm { g a x } } = \\frac { 1 0 8 , 6 } { 1 2 4 , 2 } \\approx 0 , 8 7 1$$""}, {""bbox"": [370, 800, 1175, 970], ""type"": ""formula"", ""text"": ""$$2 0 2 1 : K _ { \\mathrm { d o r } } = \\frac { 7 1 3 , 6 } { 1 0 8 , 6 } \\approx 1 , 0 4 6$$\n$$2 0 2 2 : K _ { \\mathrm { d o r } } = 1 0 6 , 2 : 1 1 3 , 6 \\approx 0 ,$$""}, {""bbox"": [364, 974, 1127, 1095], ""type"": ""formula"", ""text"": ""$$2 0 2 3 : K _ { \\mathrm { g o x } } = \\frac { 1 0 9 , 4 } { 1 0 6 , 2 } \\approx 1 , 0 3 1$$""}, {""bbox"": [311, 1144, 1090, 1252], ""type"": ""formula"", ""text"": ""$$K _ { \\mathrm { B u n } } ( 2 0 1 9 ) = \\frac { 7 , 1 0 1 } { 7 , 2 4 2 } \\approx 0 , 8 8 7$$""}, {""bbox"": [289, 1295, 1100, 1405], ""type"": ""formula"", ""text"": ""$$K _ { \\mathrm { \\tiny б и т } } ( 2 0 2 0 ) = \\frac { 1 , 0 9 0 } { 0 , 8 7 4 } \\approx 1 , 2 4 7$$""}, {""bbox"": [289, 1433, 1086, 1551], ""type"": ""formula"", ""text"": ""$$K _ { \\mathrm { \\tiny б у п } } ( 2 0 2 1 ) = \\frac { 0 , 9 9 3 } { 1 , 0 4 6 } \\approx 0 , 9 4 9$$""}, {""bbox"": [277, 1559, 1085, 1679], ""type"": ""formula"", ""text"": ""$$K _ { \\mathrm { B u n } } ( 2 0 2 2 ) = \\frac { 7 , 0 5 3 } { 0 , 9 3 5 } \\approx 1 , 1 2 6$$""}, {""bbox"": [288, 1684, 1013, 1787], ""type"": ""formula"", ""text"": ""$$K _ { \\mathrm { E u n } } ( 2 0 2 3 ) = \\frac { 1 , 0 6 9 } { 1 , 0 3 7 } \\approx 1 , 0 3 7$$""}, {""bbox"": [795, 2045, 1384, 2122], ""type"": ""handwritten"", ""text"": ""n - розмір вибірки""}, {""bbox"": [119, 2092, 242, 2153], ""type"": ""handwritten"", ""text"": ""8.21""}, {""bbox"": [338, 2155, 607, 2214], ""type"": ""formula"", ""text"": ""\\Delta \\leq x.2""}, {""bbox"": [327, 2214, 874, 2290], ""type"": ""formula"", ""text"": ""$P = 0,95, T = 1,96$""}, {""bbox"": [272, 2280, 1649, 2439], ""type"": ""formula"", ""text"": ""$$n = \\frac { \\overline { p } ^ { 2 } \\cdot \\overline { b } ^ { 2 } } { s ^ { 2 } } = ( \\frac { 0 , 9 5 \\cdot 4 5 } { 2 , 2 ^ { 2 } } ) = \\frac { 1 , 9 6 ^ { 2 } \\cdot 4 5 } { 2 , 2 ^ { 2 } } \\approx 3 5 , 7$$""}, {""bbox"": [242, 2445, 1646, 2542], ""type"": ""handwritten"", ""text"": ""Отте, для обладування необхідно відібрати""}, {""bbox"": [461, 2534, 739, 2601], ""type"": ""handwritten"", ""text"": ""35 купюр""}, {""bbox"": [146, 2662, 755, 2746], ""type"": ""handwritten"", ""text"": ""24 грудня 2025 року""}]"
085cede2-f64a-4ce5-b12a-89edde06ce9d.jpg,"[{""bbox"": [1519, 1, 1662, 72], ""type"": ""annotation"", ""text"": ""CT1""}, {""bbox"": [34, 173, 192, 259], ""type"": ""handwritten"", ""text"": ""Мега:""}, {""bbox"": [43, 189, 1884, 325], ""type"": ""handwritten"", ""text"": ""Мода:\nМедіанний інтервал (де В) з найбільшою частотою 66. Оскільки усі відкриті інтервали""}, {""bbox"": [47, 228, 1766, 386], ""type"": ""handwritten"", ""text"": ""Медіанний інтервал (де 8) з найбільшою частотою 66. Оскільки у відкритому інтервалі, ми маємо дерівисте 4, тоді з № 26 (середня інтервалу)""}, {""bbox"": [48, 382, 1812, 478], ""type"": ""handwritten"", ""text"": ""Модана (МС). Касая модана = 125/2 = 51,5. Усі значення потрапляють в перший""}, {""bbox"": [55, 472, 438, 547], ""type"": ""handwritten"", ""text"": ""силовик (добр).""}, {""bbox"": [58, 532, 918, 624], ""type"": ""handwritten"", ""text"": ""Відповідь: Мода: 6; Медіана = 52,5.""}, {""bbox"": [70, 612, 433, 703], ""type"": ""handwritten"", ""text"": ""Завдання №5""}, {""bbox"": [52, 680, 1556, 790], ""type"": ""handwritten"", ""text"": ""Відповідь: в) родовіє сукупності за зроспаного однаково.""}, {""bbox"": [71, 776, 413, 864], ""type"": ""handwritten"", ""text"": ""Завданим №""}, {""bbox"": [56, 851, 241, 935], ""type"": ""handwritten"", ""text"": ""Дано:""}, {""bbox"": [49, 871, 1658, 988], ""type"": ""handwritten"", ""text"": ""Дані (місячні темпи росту): +10,9%; +14,19%; -7,2%; -5,8%""}, {""bbox"": [56, 961, 1110, 1056], ""type"": ""handwritten"", ""text"": ""Коефіцієнти: 1,103; 1,141; 0,528; 0,942.""}, {""bbox"": [62, 1047, 641, 1129], ""type"": ""handwritten"", ""text"": ""11 Задние зрительные:""}, {""bbox"": [79, 1102, 1761, 1202], ""type"": ""handwritten"", ""text"": ""K = 1,109 1,141 0,928 0,942 ≈ 1,106 (або 10,6% за весь період)""}, {""bbox"": [71, 1192, 854, 1278], ""type"": ""handwritten"", ""text"": ""2) Средні місячні зростання:""}, {""bbox"": [69, 1256, 1507, 1362], ""type"": ""handwritten"", ""text"": ""$\\overline{K}=\\sqrt[4]{1,106}\\approx1,0255$(або 2,56%, в середньому чамінку).""}, {""bbox"": [70, 1343, 1855, 1484], ""type"": ""handwritten"", ""text"": ""Відновів: Залиш зростани КЗЛ, КБ або 10,6%; Середньомісячно зростання\nКЗЛ 10235 або 2,5%.""}, {""bbox"": [65, 1427, 662, 1517], ""type"": ""handwritten"", ""text"": ""k ≈ 1,0235 adc 2,55%.""}, {""bbox"": [88, 1456, 1896, 1611], ""type"": ""handwritten"", ""text"": ""ε ≈ 1,0235 або 1,0235. Завдання №7 Кількість модулів, т Уча за 1а, уч Кількість уча 1а, Багато звітів Результат - звіт""}, {""bbox"": [76, 1504, 398, 1592], ""type"": ""handwritten"", ""text"": ""Завдання 27""}, {""bbox"": [1000, 1624, 1140, 1695], ""type"": ""handwritten"", ""text"": ""10,5""}, {""bbox"": [76, 2079, 581, 2211], ""type"": ""formula"", ""text"": ""$$1 . \\frac { \\dot { I } } { I F } = \\frac { 1 } { 1 , 2 7 0 5 } \\approx 0 , 8 2 5 8$$""}, {""bbox"": [94, 2317, 589, 2413], ""type"": ""handwritten"", ""text"": ""Индекс Помпе - 1,2757\nИндекс Помпе - 1,2705""}, {""bbox"": [86, 2325, 596, 2466], ""type"": ""handwritten"", ""text"": ""Індекс Ломінг = 1,2457\nІндекс Фішера = 1,2105\nІндекс найвідомій стр""}, {""bbox"": [78, 2363, 1037, 2567], ""type"": ""handwritten"", ""text"": ""Індекс Життя = 1,2105\nІндекс нарівний строювання = 0,9258\n24.12.25 д""}, {""bbox"": [79, 2502, 329, 2622], ""type"": ""handwritten"", ""text"": ""24 12.25 8""}]"
093acb37-3606-4e0b-90b5-09bddd661111.jpg,"[{""bbox"": [196, 98, 801, 239], ""type"": ""handwritten"", ""text"": ""віддав часу на півтони. Матеріальне\nкрижке, ниття тікав крізь пальці:\nкрижке, ниття виявилося тільки те, за""}, {""bbox"": [203, 150, 847, 268], ""type"": ""handwritten"", ""text"": ""Нелас тасу на крізь пальці. криже, ниття тікав тільки те, за що Сравненім виявилося тільки те, за що""}, {""bbox"": [202, 195, 874, 271], ""type"": ""handwritten"", ""text"": ""крижке, неиттє\nсправжнім виявилось тільки те, за що не\nниками - спогади, сильні""}, {""bbox"": [198, 308, 279, 345], ""type"": ""handwritten"", ""text"": ""мобов.""}, {""bbox"": [279, 320, 887, 377], ""type"": ""handwritten"", ""text"": ""Иде треба плакати коли ложеться""}, {""bbox"": [201, 365, 885, 423], ""type"": ""handwritten"", ""text"": ""За все те, що нікому б немало знамі""}, {""bbox"": [194, 412, 866, 461], ""type"": ""handwritten"", ""text"": ""статися. За те, що ми не тільки""}, {""bbox"": [191, 453, 886, 511], ""type"": ""handwritten"", ""text"": ""знаємо як пишеться, далекобійний дрон, або""}, {""bbox"": [194, 501, 857, 554], ""type"": ""handwritten"", ""text"": ""балістична ракета, а й розрізняють""}, {""bbox"": [189, 550, 396, 590], ""type"": ""handwritten"", ""text"": ""їх на слух.""}, {""bbox"": [253, 586, 809, 636], ""type"": ""handwritten"", ""text"": ""Росіяни хотять, щоб ми стали""}, {""bbox"": [185, 632, 825, 681], ""type"": ""handwritten"", ""text"": ""схожими, на них - східним у вічній""}, {""bbox"": [184, 668, 882, 726], ""type"": ""handwritten"", ""text"": ""ризоті. А ми будемо жити укаво,""}, {""bbox"": [181, 715, 860, 772], ""type"": ""handwritten"", ""text"": ""всупереч історії; і заради тих, хто""}, {""bbox"": [175, 762, 869, 818], ""type"": ""handwritten"", ""text"": ""тільки нас говорилише нашою мовою.""}]"
095598e0-a443-4e8b-a567-e03b889d2d61.jpg,"[{""bbox"": [935, 64, 1625, 252], ""type"": ""handwritten"", ""text"": ""Тырёба жили!""}, {""bbox"": [294, 239, 2603, 430], ""type"": ""handwritten"", ""text"": ""Жити треба цікаво: читати книжки, ходити""}, {""bbox"": [223, 361, 2175, 615], ""type"": ""handwritten"", ""text"": ""в театр, дресирувать Эса Гамрона...""}, {""bbox"": [334, 566, 968, 728], ""type"": ""handwritten"", ""text"": ""Горе́ба жити.""}, {""bbox"": [313, 664, 2501, 843], ""type"": ""handwritten"", ""text"": ""Не в пів сили, не трушен, не завича, не""}, {""bbox"": [230, 683, 2550, 991], ""type"": ""handwritten"", ""text"": ""Не в пів сили, не трохи, не завтра, не після! По-справжньому! Зараз! Треба людити""}, {""bbox"": [222, 789, 2560, 1001], ""type"": ""handwritten"", ""text"": ""не в твоїх силах, не\nпісля! По-справжньому! Зараз! Треба піддати\nвашим шинам із""}, {""bbox"": [207, 819, 2516, 1131], ""type"": ""handwritten"", ""text"": ""після! По-справжньому! Зараз! Треба швидко копів, збирати гриби, везти сухим із""}, {""bbox"": [218, 908, 2522, 1133], ""type"": ""handwritten"", ""text"": ""після: по-справжньому\nкотів, збіроти гриби, везти снуцемет із""}, {""bbox"": [214, 952, 2510, 1284], ""type"": ""handwritten"", ""text"": ""котів, збирати гриби, везти снуцемет з\nдроппу на інтерсіні, робити ремонт і\nсвою модилю. Треб""}, {""bbox"": [207, 1060, 2501, 1419], ""type"": ""handwritten"", ""text"": ""кото, збираючи\nдрону на інтересі, робити ремонт\nприносити часті шин, рого мобіло. Бред""}, {""bbox"": [196, 1176, 2587, 1436], ""type"": ""handwritten"", ""text"": ""дрону на інтернет, кого модило. Треба приносити щастя шини, кого модило. Треба""}, {""bbox"": [193, 1216, 2592, 1563], ""type"": ""handwritten"", ""text"": ""приносити частку типи, рого модилю. Мріва\nкучувати сусні з неймікали і допомити на\nРБи і генератори, а""}, {""bbox"": [190, 1353, 2586, 1703], ""type"": ""handwritten"", ""text"": ""купувати сусіді з чейніками і допомогти по військо, вишукувати РЕБи і генератори, а""}, {""bbox"": [192, 1464, 2588, 1816], ""type"": ""handwritten"", ""text"": ""купувати дешеві РЕБи і генератори, а військо, вишукувати РЕБи і генератори, а це нічим не вигодніше в між'єр'ї бат-""}, {""bbox"": [180, 1594, 2598, 2043], ""type"": ""handwritten"", ""text"": ""військо, вищували\nне нинішніми вгорами в між'єр'ї дом-\nсаду, бо на перший урок чудова принесли\nсвів""}, {""bbox"": [177, 1741, 2579, 2108], ""type"": ""handwritten"", ""text"": ""це нинішній урок підбір привнесли саду, бо на перший урок підбір привнесли каштанів.""}, {""bbox"": [170, 1978, 716, 2125], ""type"": ""handwritten"", ""text"": ""компанів.""}, {""bbox"": [143, 2180, 2660, 2493], ""type"": ""handwritten"", ""text"": ""Треба віддати справляльного дачу- мінігосовий і далеко від справляльного дачу- тільки в селі. Треба здавати кров, і, може""}, {""bbox"": [135, 2192, 2684, 2580], ""type"": ""handwritten"", ""text"": ""треба від сироваткового діаг- тимгосовий і далеко від сироваткового діаг- того, що в серці. Треба здавати кров, і, може,""}, {""bbox"": [141, 2320, 2684, 2732], ""type"": ""handwritten"", ""text"": ""тимчасовий і дати. Гурбада здавати кров, і, може, того, що в серці. Гурбада здавати кров, і, може, того, що в серці. Гурбада здавати кров, і, може, того, що в серці. Гурбада здавати кров, і, може, того, що в серці. Гурбада здавати кров, і, може, того, що в серці. Гурбада здавати кров, і, може, того, що в серці. Гурбада здавати кров, і, може, того, що в серці. Гурбада здавати кров, і, може, того, що в серці. Гурбада здавати кров, і, може, того, що в серці. Гурбада здавати кров, і""}, {""bbox"": [144, 2471, 2687, 2829], ""type"": ""handwritten"", ""text"": ""того, що в серці. з нею ще в зайвій гнітілісь серці поселитися любов до слів \""допіру\"", \""пітметко\"" чи \""смоги вимагає ніколи,""}, {""bbox"": [152, 2578, 2712, 3014], ""type"": ""handwritten"", ""text"": ""з нею ще в читанні \""допіру\"", \""пітімко\"" чи \""смоги\nлюдов до слів \""допіру\"", \""пітімко\"" чи \""смоги\nТреба читуватися, коли випадає нагода,\nними. Немає гасу на""}, {""bbox"": [198, 2728, 2664, 3146], ""type"": ""handwritten"", ""text"": ""юдів до сів. дій\nТреба усімуватися, сам витягав нала, \nказати те, що на думці. Немає гасу на""}, {""bbox"": [137, 2910, 2646, 3315], ""type"": ""handwritten"", ""text"": ""Треба усвідомити, що немає чого на і казати те, що на думці. Немає чого на півтони. Матеріальне крихке якимто мікое""}, {""bbox"": [115, 3092, 2668, 3463], ""type"": ""handwritten"", ""text"": ""с. казанські. Матеріальне крижке асистентів такіс півтони. Матеріальне крижке асистентів такіс півтони. Матеріальне крижке асистентів такіс півтони. Матеріальне крижке асистентів такіс півтони. Матеріальне крижке асистентів такіс півтони. Матеріальне крижке асистентів такіс півтони. Матеріальне крижке асистентів такіс півтони. Матеріальне крижке асистентів такіс півтони. Матеріальне крижке асистентів такіс півтони. Матеріальне крижке асистентів такіс півтон""}, {""bbox"": [113, 3219, 2623, 3627], ""type"": ""handwritten"", ""text"": ""півтоми. Мандрів крізь пальмі. Справді їм виявилося тільки те, за що не можна схопитись руками:""}, {""bbox"": [105, 3368, 2559, 3631], ""type"": ""handwritten"", ""text"": ""крізь полів: те, за що не можна схопитись руками:""}, {""bbox"": [116, 3572, 1385, 3831], ""type"": ""handwritten"", ""text"": ""спогади, синіх і любов.""}]"
097e615e-6a67-4dfc-8a8d-8e8ebb809fcc.jpg,"[{""bbox"": [105, 1, 420, 79], ""type"": ""formula"", ""text"": ""m Na_{2}CO_{3}~?""}, {""bbox"": [1036, 6, 1513, 292], ""type"": ""annotation"", ""text"": ""жано: ? - ? роз'яг. -? ± 188""}, {""bbox"": [111, 68, 1012, 143], ""type"": ""formula"", ""text"": ""$M(Na_{2}CO_{3})=2\\cdot23+12+3\\cdot16=106\\ \\frac{g}{mol}$""}, {""bbox"": [123, 148, 382, 205], ""type"": ""formula"", ""text"": ""Q = C_{m} \\cdot V""}, {""bbox"": [128, 201, 864, 329], ""type"": ""formula"", ""text"": ""$$n = 0 , 1 \\frac { m o l } { L } \\cdot 0 , 5 ^ { - 1 } = 0 , 0 5 ^ { - } m o l$$""}, {""bbox"": [140, 280, 405, 351], ""type"": ""formula"", ""text"": ""m = 0. \\mathcal{M}""}, {""bbox"": [1047, 313, 1595, 600], ""type"": ""annotation"", ""text"": ""Тип реакцій\nназва реакції? + 50\n± √55.""}, {""bbox"": [1046, 316, 1578, 599], ""type"": ""annotation"", ""text"": ""Тип реакції\nнавби речов. ? + 3\n± √55.""}, {""bbox"": [165, 346, 726, 425], ""type"": ""formula"", ""text"": ""$$m = 0 , 0 5 \\cdot 1 0 6 = 5 , 3 ( 2 )$$""}, {""bbox"": [46, 457, 574, 543], ""type"": ""formula"", ""text"": ""③ $\\mathrm{Fe} + \\mathrm{Cl}_{2} \\rightarrow \\mathrm{FeCl}_{2}$""}, {""bbox"": [127, 539, 655, 613], ""type"": ""formula"", ""text"": ""2\\text{FeCl}_2 + \\text{Cl}_2 \\rightarrow 2\\text{FeCl}_3""}, {""bbox"": [146, 610, 1136, 682], ""type"": ""formula"", ""text"": ""$$F e + 2 H _ { 2 } + 6 K C N - 5 3 K C E + K _ { 3 } [ F e ( C N ) _ { 6 } ]$$""}, {""bbox"": [157, 687, 948, 751], ""type"": ""formula"", ""text"": ""$$F e C l _ { 2 } + 2 K O H = F e ( O H ) _ { 2 } + 2 K C l$$""}, {""bbox"": [153, 687, 949, 753], ""type"": ""formula"", ""text"": ""$$F e C l _ { 2 } + 2 K O H = F e ( O H ) _ { 2 } + 2 K C l$$""}, {""bbox"": [164, 749, 672, 817], ""type"": ""formula"", ""text"": ""$$F e ( O H ) _ { 2 } \\xrightarrow { \\Delta } F e O + H _ { 2 } O$$""}, {""bbox"": [30, 811, 119, 904], ""type"": ""handwritten"", ""text"": ""у""}, {""bbox"": [1121, 843, 1278, 1003], ""type"": ""annotation"", ""text"": ""+105.""}, {""bbox"": [165, 873, 915, 973], ""type"": ""formula"", ""text"": ""$$1) \\mathrm { H C = C H } \\xrightarrow { \\mathrm { C a n t } } \\bigcirc - \\text { бензен Соль }$$""}, {""bbox"": [179, 1021, 772, 1168], ""type"": ""formula"", ""text"": ""$$3) \\ \\mathrm{H_2S \\ C_6H_5 \\ COOH}$$""}, {""bbox"": [190, 1091, 256, 1165], ""type"": ""formula"", ""text"": ""4)""}, {""bbox"": [989, 1158, 1427, 1217], ""type"": ""handwritten"", ""text"": ""мале і навіть слої""}, {""bbox"": [59, 1168, 704, 1245], ""type"": ""handwritten"", ""text"": ""⑤ 2 мети -1,3-перетворену""}, {""bbox"": [1424, 1168, 1602, 1341], ""type"": ""annotation"", ""text"": ""+205°""}, {""bbox"": [976, 1227, 1379, 1392], ""type"": ""annotation"", ""text"": ""H O=C-CH-COOH\n    |   |\n    O   OH""}, {""bbox"": [147, 1265, 706, 1380], ""type"": ""formula"", ""text"": ""$$\\mathrm{H}_{2} \\mathrm{C} = \\mathrm{C} - \\mathrm{CH} = \\mathrm{CH} - \\mathrm{CH}_{3}$$""}, {""bbox"": [307, 1352, 398, 1413], ""type"": ""formula"", ""text"": ""\\mathrm{CH_3}""}]"
0a331d40-206e-4185-bd31-51e369f07578.jpg,"[{""bbox"": [67, 116, 346, 185], ""type"": ""handwritten"", ""text"": ""Завдання 9""}, {""bbox"": [68, 201, 782, 416], ""type"": ""table"", ""text"": ""Продукти|Видано в баз. пер. цін|Приріст к-ті прод. пр., %|Обсяг реалізації\nМолоко|1245|+12,8|1404,36\nСметана|1200|-2,8|1466,4\nВсього|2445|к|1520,76""}, {""bbox"": [66, 209, 776, 419], ""type"": ""table"", ""text"": ""Продукт|Видано в баз. пер. грн|Приріст к.п. заод. пр., %|Обсяг реалізації\nМолоко|1245|+12,8|1404,36\nСметана|1200|-2,8|1166,4\nВсього|2445|к|1520,76""}, {""bbox"": [448, 429, 901, 518], ""type"": ""formula"", ""text"": ""$$\\Sigma q = \\frac { 2 5 7 0 , 7 6 } { 2 4 4 5 } = 1 , 0 5 1$$""}, {""bbox"": [1004, 430, 1362, 494], ""type"": ""formula"", ""text"": ""$$\\Delta Q = \\Sigma Q _ { 1 } - \\Sigma Q _ { 0 }$$""}, {""bbox"": [994, 504, 1604, 571], ""type"": ""formula"", ""text"": ""$$\\Delta Q = 2 5 8 0 , 4 6 - 2 4 4 5 = 1 2 5 , 7 6$$""}, {""bbox"": [68, 568, 320, 637], ""type"": ""handwritten"", ""text"": ""Завдання 8""}, {""bbox"": [76, 629, 1181, 713], ""type"": ""formula"", ""text"": ""$N = 8000 \\quad \\Delta = 0,5 \\quad P = 0,954 \\quad t = 2 \\quad b^1 = 1,8$""}, {""bbox"": [69, 729, 1023, 857], ""type"": ""formula"", ""text"": ""$$n = \\frac { \\delta ^ { 2 } \\cdot G ^ { 4 } \\cdot N } { \\Delta ^ { 2 } \\cdot N + \\delta ^ { 2 } \\cdot G ^ { 4 } } = \\frac { 2 ^ { 4 } \\cdot 1 , 8 \\cdot 8 0 0 0 } { 0 , 5 ^ { 2 } \\cdot 8 0 0 0 + 2 ^ { 2 } \\cdot 1 , 8 } = 2 8 , 7$$""}, {""bbox"": [69, 732, 994, 856], ""type"": ""formula"", ""text"": ""$$n = \\frac { f ^ { 2 } \\cdot G ^ { 1 } \\cdot N } { \\Delta ^ { 2 } \\cdot N + f ^ { 2 } \\cdot G ^ { 1 } } = \\frac { 2 ^ { 2 } \\cdot 1 , 8 \\cdot 8 0 0 0 } { 0 , 5 ^ { 2 } \\cdot 8 0 0 0 + 2 ^ { 2 } \\cdot 1 , 8 } = 2 8 , 9$$""}, {""bbox"": [54, 891, 1842, 972], ""type"": ""handwritten"", ""text"": ""Щоб визначити середній розмір сім'ї з помилкою не більше 0,5 га""}, {""bbox"": [48, 965, 1798, 1045], ""type"": ""handwritten"", ""text"": ""ймовірністю 0,954, у випадковій вибірці з 8000 сімей необхідно обстежити не""}, {""bbox"": [36, 1054, 488, 1111], ""type"": ""handwritten"", ""text"": ""меньше 29 семей.""}, {""bbox"": [53, 1218, 293, 1275], ""type"": ""annotation"", ""text"": ""24.12.2025""}]"
0aa00698-470c-4193-9b38-4dfa1fc11adb.jpg,"[{""bbox"": [1225, 9, 1483, 87], ""type"": ""annotation"", ""text"": ""29.π23""}, {""bbox"": [1031, 11, 1116, 144], ""type"": ""annotation"", ""text"": ""88""}, {""bbox"": [1032, 12, 1115, 139], ""type"": ""annotation"", ""text"": ""88""}, {""bbox"": [351, 102, 1355, 209], ""type"": ""handwritten"", ""text"": ""Високопобожный! Павло Олександрович!""}, {""bbox"": [1387, 120, 1496, 241], ""type"": ""annotation"", ""text"": ""29""}, {""bbox"": [101, 181, 1446, 288], ""type"": ""handwritten"", ""text"": ""Одногаю з хіл листол посиламо Вам (в друпом""}, {""bbox"": [87, 283, 1461, 371], ""type"": ""handwritten"", ""text"": ""конверті) сра́зно: „Архітектура Креховського монасти-""}, {""bbox"": [84, 351, 1440, 442], ""type"": ""handwritten"", ""text"": ""ря по деревориту 1699 р.\"", яка мав 48 стр. + Ⅰ + 3""}, {""bbox"": [86, 430, 1451, 518], ""type"": ""handwritten"", ""text"": ""даб. з рисунками. Сдать прошу зпогарку передать.""}, {""bbox"": [91, 507, 1447, 591], ""type"": ""handwritten"", ""text"": ""Пресногії У. Г. Калиніна, Яко „доказ“, що в не партівав""}, {""bbox"": [89, 579, 1261, 653], ""type"": ""handwritten"", ""text"": ""стрічкою, а потім до недільних: \""Нов. Укр.\""""}, {""bbox"": [171, 645, 1498, 717], ""type"": ""handwritten"", ""text"": ""Старою підрав на засіданню пурха Біл. Укр. міс-""}, {""bbox"": [89, 714, 1486, 802], ""type"": ""handwritten"", ""text"": ""реквізиту у мовній і террів дуже прихільне відношення""}, {""bbox"": [87, 787, 1430, 867], ""type"": ""handwritten"", ""text"": ""і похвал... Спеціально С. Хоминовсько підкреслював""}, {""bbox"": [86, 851, 1494, 938], ""type"": ""handwritten"", ""text"": ""кінністю роботи. Тих що я навіть і не сподіваюся ріко""}, {""bbox"": [82, 918, 1470, 1002], ""type"": ""handwritten"", ""text"": ""осідки. Тоді у мові мені вже робити пропозиції""}, {""bbox"": [68, 987, 1455, 1080], ""type"": ""handwritten"", ""text"": ""що до видання сраті, але я не врю галманам, що""}, {""bbox"": [70, 1074, 1463, 1154], ""type"": ""handwritten"", ""text"": ""вон діяло скоро надрукують, а по друре межі хді-""}, {""bbox"": [66, 1145, 1508, 1227], ""type"": ""handwritten"", ""text"": ""лось би, щоби сьомою розвідку надрукувати 4.» Нов.""}, {""bbox"": [58, 1213, 1509, 1299], ""type"": ""handwritten"", ""text"": ""Україні\"". Орше проти Вашої допомоги в цьогопра-""}, {""bbox"": [64, 1287, 1496, 1374], ""type"": ""handwritten"", ""text"": ""ві: Як що з яких-небудь причин \""м. Укр.\"" не змогає""}, {""bbox"": [59, 1361, 1483, 1448], ""type"": ""handwritten"", ""text"": ""дружувати, то проте мене орім спокеріра в нал-""}, {""bbox"": [64, 1437, 366, 1506], ""type"": ""handwritten"", ""text"": ""більші дні.""}, {""bbox"": [145, 1493, 1243, 1585], ""type"": ""handwritten"", ""text"": ""Як що будуть архівувати, то ої мої уваги:""}, {""bbox"": [128, 1592, 1456, 1684], ""type"": ""handwritten"", ""text"": ""1. Треба, розуміння, умістити всі 3 інтеграції""}, {""bbox"": [66, 1669, 1460, 1759], ""type"": ""handwritten"", ""text"": ""Т раб. з загальним видом дереворіза. Горова кліма""}, {""bbox"": [72, 1752, 1525, 1834], ""type"": ""handwritten"", ""text"": ""для друкарні в мій бригад і міг би виглядати""}, {""bbox"": [67, 1822, 1450, 1902], ""type"": ""handwritten"", ""text"": ""нахурком до потріб на упразану. Ваши адресу/до""}, {""bbox"": [72, 1892, 1467, 1964], ""type"": ""handwritten"", ""text"": ""ледністю?) з умовою, що клин Рт пізніше не –""}, {""bbox"": [69, 1957, 1465, 2039], ""type"": ""handwritten"", ""text"": ""вернер\"". Дві зручні робочі з рівних частин руха""}, {""bbox"": [58, 2029, 1469, 2107], ""type"": ""handwritten"", ""text"": ""зроби річною розміру, щоби кім виходив на""}, {""bbox"": [56, 2092, 1463, 2177], ""type"": ""handwritten"", ""text"": ""цілих сороких, с.р. полегшить мої хопі в 1/2""}, {""bbox"": [58, 2169, 1465, 2250], ""type"": ""handwritten"", ""text"": ""раз. В храмову різі можна упісати лише""}, {""bbox"": [59, 2241, 1508, 2324], ""type"": ""handwritten"", ""text"": ""одну клятву злобного вида монахиря, але при річ""}, {""bbox"": [54, 2299, 1400, 2409], ""type"": ""handwritten"", ""text"": ""вихідти приблизно 1 на 24 год. рукотеу""}]"
0b090a2b-d45b-4ffe-a338-8e6c276b6ab6.jpg,"[{""bbox"": [107, 32, 551, 210], ""type"": ""image"", ""text"": """"}, {""bbox"": [116, 248, 197, 318], ""type"": ""handwritten"", ""text"": ""?""}, {""bbox"": [122, 331, 645, 465], ""type"": ""handwritten"", ""text"": ""а) Fe - ферум.""}, {""bbox"": [280, 461, 562, 541], ""type"": ""handwritten"", ""text"": ""Пе́ріод - 4""}, {""bbox"": [289, 526, 788, 623], ""type"": ""handwritten"", ""text"": ""Група: VІІ В""}, {""bbox"": [102, 657, 492, 763], ""type"": ""handwritten"", ""text"": ""51 3p452""}, {""bbox"": [101, 659, 533, 773], ""type"": ""handwritten"", ""text"": ""51 3p4s2""}, {""bbox"": [224, 758, 555, 838], ""type"": ""handwritten"", ""text"": ""Період : 3.""}, {""bbox"": [217, 827, 732, 911], ""type"": ""handwritten"", ""text"": ""Тріумф: VІІІ А.""}, {""bbox"": [210, 901, 812, 990], ""type"": ""handwritten"", ""text"": ""якіруне: чоловіка""}, {""bbox"": [21, 976, 310, 1121], ""type"": ""handwritten"", ""text"": ""2. Ранее:""}, {""bbox"": [20, 977, 110, 1040], ""type"": ""handwritten"", ""text"": ""2""}, {""bbox"": [643, 1096, 1633, 1258], ""type"": ""handwritten"", ""text"": ""Масса KNO₃, в перманганате рода. 100 : 0,14 = 14""}, {""bbox"": [98, 1125, 586, 1224], ""type"": ""handwritten"", ""text"": ""100л 14% розчину.""}, {""bbox"": [633, 1179, 1088, 1289], ""type"": ""formula"", ""text"": ""100 \\cdot 0,14 = 14a""}, {""bbox"": [634, 1192, 1114, 1304], ""type"": ""formula"", ""text"": ""100 \\cdot 0,14 = 14c.""}, {""bbox"": [98, 1208, 614, 1310], ""type"": ""handwritten"", ""text"": ""хочу 40% розчину""}, {""bbox"": [613, 1352, 1046, 1427], ""type"": ""formula"", ""text"": ""144 + 60 = 944""}, {""bbox"": [616, 1415, 1497, 1559], ""type"": ""formula"", ""text"": ""n(KNO_{3}) = \\frac{84}{300} = 0,313 =""}, {""bbox"": [1330, 1508, 1525, 1702], ""type"": ""annotation"", ""text"": ""±150.\nx 45""}, {""bbox"": [16, 1630, 1101, 1805], ""type"": ""handwritten"", ""text"": ""3) Переворот за іменем""}, {""bbox"": [2, 1884, 986, 2190], ""type"": ""formula"", ""text"": ""$$2 . 2 \\mathrm { C } + \\mathrm { O } _ { 2 } \\rightarrow 2 \\mathrm { C O } . \\text { незвон резонанс. титан } \\mathrm { Z n } \\mathrm { K } \\mathrm { O } \\mathrm { P }$$""}, {""bbox"": [828, 1888, 1067, 2166], ""type"": ""annotation"", ""text"": ""тим же концом руки""}, {""bbox"": [1039, 1964, 1616, 2143], ""type"": ""handwritten"", ""text"": ""тих реакцій: сполучення, заміно-\nвідновлення,""}, {""bbox"": [1, 1987, 987, 2221], ""type"": ""formula"", ""text"": ""$$3 . \\mathrm { C O } + \\mathrm { O } _ { 2 } \\rightarrow \\mathrm { C O } _ { 2 } .$$\n$$4 . \\mathrm { C O } _ { 2 } + 2 \\mathrm { K O H } . \\rightarrow \\mathrm { K } _ { 2 } \\mathrm { C O } _ { 3 } + \\mathrm { H } _ { 2 } \\mathrm { O } .$$\n$$5 . \\mathrm { K } _ { 2 } \\mathrm { C O } _ { 3 } + \\mathrm { C a C l } _ { 2 } \\rightarrow \\mathrm { C a C O } _ { 3 } \\downarrow + 2 \\mathrm { K C l }$$""}, {""bbox"": [1, 2074, 992, 2240], ""type"": ""formula"", ""text"": ""$$1 . \\mathrm { C O } _ { 2 } + 2 \\mathrm { K O H } . \\rightarrow \\mathrm { K } _ { 2 } \\mathrm { C O } _ { 3 } + \\mathrm { H } _ { 2 } \\mathrm { O } .$$\n$$5 . \\mathrm { K } _ { 2 } \\mathrm { C O } _ { 3 } + \\mathrm { C a } \\mathrm { C l } _ { 2 } \\rightarrow \\mathrm { C a C O } _ { 3 } \\downarrow + 2 \\mathrm { K C l }$$""}]"
0b7cdc2a-76d6-4db5-933b-d677aaf54448.jpg,"[{""bbox"": [135, 84, 314, 136], ""type"": ""handwritten"", ""text"": ""Завдання 4.""}, {""bbox"": [140, 130, 1651, 195], ""type"": ""handwritten"", ""text"": ""соціальний менеджмент - це система управління соціальними процесами в організації;""}, {""bbox"": [598, 182, 1540, 236], ""type"": ""handwritten"", ""text"": ""та суспільстві, яка спричинена на забезпечення збереження""}, {""bbox"": [602, 232, 1509, 286], ""type"": ""handwritten"", ""text"": ""працівників, участь та вирішення соціальних проблем.""}, {""bbox"": [128, 291, 1545, 353], ""type"": ""handwritten"", ""text"": ""Менеджер з КСВ - це спеціаліст, який планує, організує та керує соціальними""}, {""bbox"": [469, 356, 1483, 412], ""type"": ""handwritten"", ""text"": ""ініціативи компанії', займається благодійними проектами,""}, {""bbox"": [484, 404, 1609, 459], ""type"": ""handwritten"", ""text"": ""екологічними програмами та підтримкою працівників і молоді.""}, {""bbox"": [141, 459, 1508, 522], ""type"": ""handwritten"", ""text"": ""відільне партнерство - це співпраця між державою, бізнесом, урядовськими""}, {""bbox"": [544, 517, 1525, 574], ""type"": ""handwritten"", ""text"": ""організаціями та населенням для розв'язання спільних""}, {""bbox"": [579, 556, 1456, 606], ""type"": ""handwritten"", ""text"": ""оціальних проблем, підвищення якості життя та с""}, {""bbox"": [570, 595, 1256, 654], ""type"": ""handwritten"", ""text"": ""комфортного социального средовища,""}, {""bbox"": [161, 657, 1646, 724], ""type"": ""handwritten"", ""text"": ""стейкхолдер - це будь-яка зацікавлена сторона, яка прямо або опосередковано впливає""}, {""bbox"": [391, 720, 1559, 778], ""type"": ""handwritten"", ""text"": ""на діяльність організації і або відгукувати вплив, ще можуть бути,""}, {""bbox"": [394, 771, 1653, 830], ""type"": ""handwritten"", ""text"": ""працівникам, споживачам, держава, підприємці, роботодавцям, інвесторам,""}, {""bbox"": [394, 827, 667, 872], ""type"": ""handwritten"", ""text"": ""громада Тбілю,""}, {""bbox"": [1365, 836, 1478, 913], ""type"": ""annotation"", ""text"": ""do""}]"
0bb6a86a-b5a1-4e68-97eb-a1f503c040d9.jpg,"[{""bbox"": [646, 175, 934, 233], ""type"": ""handwritten"", ""text"": ""Треба жити""}, {""bbox"": [330, 251, 1545, 358], ""type"": ""handwritten"", ""text"": ""Жити треба цікаво: читати книжки, дресерува-""}, {""bbox"": [294, 326, 1149, 424], ""type"": ""handwritten"", ""text"": ""тке неа патрона, ходили в театр.""}, {""bbox"": [331, 407, 1418, 505], ""type"": ""handwritten"", ""text"": ""Треба жити! Не в тів сине, не трошке, не""}, {""bbox"": [290, 496, 1502, 590], ""type"": ""handwritten"", ""text"": ""завтра, не після. По-справжньому. Зараз! Треба""}, {""bbox"": [295, 576, 1515, 673], ""type"": ""handwritten"", ""text"": ""гладити котів, збирати гриби, везти цукерки""}, {""bbox"": [298, 662, 1547, 761], ""type"": ""handwritten"", ""text"": ""із Франту на Інтересіті, робити релізонт і прино-""}, {""bbox"": [299, 750, 1534, 834], ""type"": ""handwritten"", ""text"": ""сити щастя тим, кого любишо. Треба купувати""}, {""bbox"": [303, 823, 1532, 914], ""type"": ""handwritten"", ""text"": ""сукні з леєтками і донатити на військо, ви-""}, {""bbox"": [298, 902, 1527, 994], ""type"": ""handwritten"", ""text"": ""вважувати РЕБи і генератори, а це нещодавно""}, {""bbox"": [301, 978, 1438, 1075], ""type"": ""handwritten"", ""text"": ""вбирали в між'єрі ботсаду, бо на перший""}, {""bbox"": [300, 1061, 1123, 1148], ""type"": ""handwritten"", ""text"": ""урок треба принести кальцанів.""}, {""bbox"": [330, 1119, 1540, 1222], ""type"": ""handwritten"", ""text"": ""Треба любити свій дім, навіть якщо він пишна-""}, {""bbox"": [299, 1193, 1502, 1309], ""type"": ""handwritten"", ""text"": ""сових ; далеко від справжньою ділу, того що в""}, {""bbox"": [299, 1299, 449, 1383], ""type"": ""handwritten"", ""text"": ""серці.""}, {""bbox"": [323, 1317, 1506, 1452], ""type"": ""handwritten"", ""text"": ""Треба здавати кров і може з нею ще в чиємось""}, {""bbox"": [321, 1323, 1508, 1456], ""type"": ""handwritten"", ""text"": ""Треба здавати кров і може з нею ще в чиємось""}, {""bbox"": [302, 1433, 1465, 1527], ""type"": ""handwritten"", ""text"": ""сері; посміхнесь любов до сеїв допіру, пітметко""}, {""bbox"": [306, 1518, 590, 1577], ""type"": ""handwritten"", ""text"": ""чи київці.""}, {""bbox"": [328, 1535, 1541, 1647], ""type"": ""handwritten"", ""text"": ""и кільки. Треба чілуватися ким випадок підхода: каза-""}, {""bbox"": [312, 1556, 1540, 1706], ""type"": ""handwritten"", ""text"": ""Треба чілуватися коли випадає нагода: каза-\nти те, що на душі. Немає часу напів тощі. Ма-""}, {""bbox"": [309, 1601, 1540, 1704], ""type"": ""handwritten"", ""text"": ""Треба здивуватися від того, що ти те, що на думці. Немає часу напівтони. Ма""}, {""bbox"": [310, 1632, 1537, 1773], ""type"": ""handwritten"", ""text"": ""ти те, що на душі. Немає часу натхнення, ма- теріальне крихке, життя тікає крізь пальці. Справж-""}, {""bbox"": [304, 1648, 1539, 1770], ""type"": ""handwritten"", ""text"": ""ти те, що на думці. Немає часу натиснути, що теріальне крімже, життя тікає крізь пальці. Справ-""}, {""bbox"": [313, 1747, 1537, 1837], ""type"": ""handwritten"", ""text"": ""нім виявились тільки те, що не можна схопити-""}, {""bbox"": [318, 1802, 1229, 1912], ""type"": ""handwritten"", ""text"": ""в руках: спогади, сих і любов.""}]"
0bfb347f-9b53-4c8d-b971-e7ddc2fe4ea9.jpg,"[{""bbox"": [63, 54, 514, 229], ""type"": ""image"", ""text"": """"}, {""bbox"": [34, 226, 503, 300], ""type"": ""handwritten"", ""text"": ""Завдання 3-12.""}, {""bbox"": [36, 344, 173, 406], ""type"": ""handwritten"", ""text"": ""x - 3""}, {""bbox"": [26, 402, 174, 467], ""type"": ""handwritten"", ""text"": ""5.-2""}, {""bbox"": [24, 460, 168, 524], ""type"": ""handwritten"", ""text"": ""6 - 3""}, {""bbox"": [21, 519, 165, 587], ""type"": ""handwritten"", ""text"": ""7.-2""}, {""bbox"": [18, 589, 164, 654], ""type"": ""handwritten"", ""text"": ""8.-1""}, {""bbox"": [8, 654, 157, 728], ""type"": ""handwritten"", ""text"": ""9. -±""}, {""bbox"": [6, 724, 159, 789], ""type"": ""handwritten"", ""text"": ""10-2""}, {""bbox"": [6, 783, 156, 846], ""type"": ""handwritten"", ""text"": ""/1. -1""}, {""bbox"": [9, 851, 181, 917], ""type"": ""handwritten"", ""text"": ""12-2""}, {""bbox"": [5, 917, 434, 993], ""type"": ""handwritten"", ""text"": ""Завдання 13""}, {""bbox"": [14, 924, 1656, 1036], ""type"": ""handwritten"", ""text"": ""Завдання 13. Завдяки світового ринку схови, в моїй історії юнітарна, відкритий, світовоінформацій""}, {""bbox"": [18, 937, 1656, 1101], ""type"": ""handwritten"", ""text"": ""Завдання 13. Визначити, які з наведених нижче визначення відносяться до поняття «відносна ціна товару»: а) ціна товару, виражена в іншому товарі; б) ціна товару, виражена в грошовій формі; в) ціна товару, виражена в трудовій вартості; г) ціна товару, виражена в іншому товарі, який є альтернативою; д) ціна товару, виражена в іншому товарі, який є замінником; е) ціна товару, виражена в іншому товарі, який є суперечником; ж) ціна товару, виражена в іншому товарі, який є рівнозначним; з) ціна товару, виражена в ін""}, {""bbox"": [18, 990, 1656, 1125], ""type"": ""handwritten"", ""text"": ""кові вимірювання встановленої відповідності з відповідними вимірами відповідно до вимог, що визначаються відповідними нормативними документами, а також відповідно до вимог, що визначаються відповідними нормативними документами, а також відповідно до вимог, що визначаються відповідними нормативними документами, а також відповідно до вимог, що визначаються відповідними нормативними документами, а також відповідно до вимог, що визначаються відповідними нормативними документами, а також відповідно до вимог, що визначаються""}, {""bbox"": [18, 1038, 1656, 1189], ""type"": ""handwritten"", ""text"": ""у світі відомої та розповіді, що відбувалося у певний момент часу, що відбувалося у певний момент часу, відомої та розповіді, що відбувалося у певний момент часу, відомої та розповіді, що відбувалося у певний момент часу, відомої та розповіді, що відбувалося у певний момент часу, відомої та розповіді, що відбувалося у певний момент часу, відомої та розповіді, що відбувалося у певний момент часу, відомої та розповіді, що відбувалося у п""}, {""bbox"": [10, 1088, 1656, 1245], ""type"": ""handwritten"", ""text"": ""у певний момент часу, з рівнем ум, обсягом шорів, розвитком мови, динамікою їхнього руху та іншими властивостями.""}, {""bbox"": [13, 1171, 758, 1286], ""type"": ""handwritten"", ""text"": ""динамічною тяговою динамікою феноморами.""}, {""bbox"": [12, 1215, 757, 1295], ""type"": ""handwritten"", ""text"": ""ними рекордами.""}, {""bbox"": [14, 1279, 470, 1359], ""type"": ""handwritten"", ""text"": ""Завдання 14.""}, {""bbox"": [13, 1297, 1526, 1409], ""type"": ""handwritten"", ""text"": ""Завраних 14.\n2. Визначення часових розмірів пам'ятосовіння""}, {""bbox"": [25, 1329, 1571, 1768], ""type"": ""table"", ""text"": ""1. Вирахування чисельного розміру підприємств\nмежі в зростанні: 21/20 = x_n / x_n-20|23/22|24/23\nкраїни - ОЕЕР|1,2216|1,1995|1,2223|1,4492\nкраїни - не ОЕЕР|1,4136|1,4362|1,4454|1,4436\nкраїни ЄС|1,104|1,0238|1,0414|1,0443\nкраїни світу|-|-|-|-\nВсього|1,3169|1,2593|1,3808|1,2899""}, {""bbox"": [14, 1745, 1589, 1839], ""type"": ""handwritten"", ""text"": ""4. Рані порожніві на напівдні місту. Наприкінці д.""}, {""bbox"": [19, 1761, 1600, 1894], ""type"": ""handwritten"", ""text"": ""4. Рані нормовані на вальцований, кавернальний, країни - ОЕСР 24/23 - 46,3/64,4 = 1,1492 (у майб.""}, {""bbox"": [24, 1798, 1502, 1945], ""type"": ""handwritten"", ""text"": ""в. Рахунок роботи відповідно до ОЕСР 14/23 - 36, 3/64, 4 = 1, 1292 (у ма\n2. Визначення середнього шешену зростання""}, {""bbox"": [24, 1952, 681, 2032], ""type"": ""formula"", ""text"": ""$$T = \\frac { n ^ { 2 } - 1 } { 2 } \\sqrt { T _ { 1 } \\cdot T _ { 2 } \\cdot T _ { 3 } \\cdots T _ { n } }$$""}, {""bbox"": [24, 2026, 1483, 2122], ""type"": ""formula"", ""text"": ""$$1 ) \\quad \\bar { T } = \\sqrt [ 4 ] { 1 , 2 2 1 6 \\cdot 1 , 1 9 9 5 \\cdot 1 , 2 2 3 \\cdot 1 , 1 8 9 2 } = 1 , 2 0 5 8 9$$""}, {""bbox"": [24, 2134, 1519, 2220], ""type"": ""formula"", ""text"": ""2) T = \\sqrt{1,4126 \\cdot 1,4362 \\cdot 1,4454 \\cdot 1,4436} = 1,59248""}, {""bbox"": [1470, 2228, 1560, 2303], ""type"": ""handwritten"", ""text"": ""3""}]"
0c185e35-0fe4-4682-b6b7-dbb2fc9521e7.jpg,"[{""bbox"": [1608, 335, 3468, 415], ""type"": ""printed"", ""text"": ""методологічного забезпечення його діяльності. Педагогічна компонента 361""}, {""bbox"": [1673, 429, 3469, 496], ""type"": ""printed"", ""text"": ""Робота концертмейстера классу оркестрового диригуван-""}, {""bbox"": [836, 477, 1124, 521], ""type"": ""printed"", ""text"": ""477) (ЯК""}, {""bbox"": [1609, 488, 3467, 544], ""type"": ""printed"", ""text"": ""ня оркестром народних або ж духових (інструментів) передбачає обіг""}, {""bbox"": [1605, 584, 3431, 645], ""type"": ""printed"", ""text"": ""/но_тінк""}, {""bbox"": [1614, 691, 2348, 829], ""type"": ""handwritten"", ""text"": ""Пребо асеми""}, {""bbox"": [1108, 765, 3475, 961], ""type"": ""handwritten"", ""text"": ""Ната трудо ухово, читати книжки, ходити в""}, {""bbox"": [1046, 954, 2854, 1064], ""type"": ""handwritten"", ""text"": ""твам дресерувати їхо Патрона""}, {""bbox"": [1061, 1034, 3434, 1183], ""type"": ""handwritten"", ""text"": ""багато дитини. Не в рів сили, не трошки, не""}, {""bbox"": [1049, 1170, 3167, 1304], ""type"": ""handwritten"", ""text"": ""завтра, я підам. По-справжньому. Зарод""}, {""bbox"": [1051, 1282, 3278, 1411], ""type"": ""handwritten"", ""text"": ""Грєда плодити котів, збарому зриди, ведри""}, {""bbox"": [1051, 1369, 3676, 1523], ""type"": ""handwritten"", ""text"": ""удаєт з допиту на інтерві, любити релігії""}, {""bbox"": [1039, 1495, 3094, 1640], ""type"": ""handwritten"", ""text"": ""1 приносиите жале тим, кого любили.""}, {""bbox"": [1022, 1596, 3490, 1734], ""type"": ""handwritten"", ""text"": ""Треба купувати сукні з неелітними пришиттями""}, {""bbox"": [1026, 1699, 3634, 1843], ""type"": ""handwritten"", ""text"": ""удовлетворити і докотити на військо, вимінувати""}, {""bbox"": [1010, 1793, 3577, 1956], ""type"": ""handwritten"", ""text"": ""реби і генератори, а суг: неімпорти вигорали""}, {""bbox"": [991, 1909, 3365, 2091], ""type"": ""handwritten"", ""text"": ""в сільвієр'ї ботсаду, бо на перший урок треба""}, {""bbox"": [988, 1918, 3369, 2092], ""type"": ""handwritten"", ""text"": ""в сільвієр'ї ботсаду, бо на перший урок треба""}, {""bbox"": [983, 2020, 2066, 2177], ""type"": ""handwritten"", ""text"": ""принести калитками.""}, {""bbox"": [1185, 2214, 3320, 2357], ""type"": ""handwritten"", ""text"": ""Переса любити свій дім, навіть сенку він""}, {""bbox"": [972, 2339, 3631, 2487], ""type"": ""handwritten"", ""text"": ""тисягавши; даний від справильного дому.""}, {""bbox"": [974, 2468, 3618, 2621], ""type"": ""handwritten"", ""text"": ""того що в веруї. Турець здавати кров і моле з""}, {""bbox"": [941, 2597, 3712, 2752], ""type"": ""handwritten"", ""text"": ""нею, иже вчіслять серці, поселять від мудров досвід""}, {""bbox"": [929, 2702, 2495, 2880], ""type"": ""handwritten"", ""text"": ""до піру піпметко чи пилехи.""}, {""bbox"": [1148, 2865, 3685, 3061], ""type"": ""handwritten"", ""text"": ""Треба цілуватися, коли випадає калода і""}, {""bbox"": [983, 3036, 2464, 3187], ""type"": ""handwritten"", ""text"": ""казати те, що на думку:""}, {""bbox"": [1013, 3164, 3413, 3342], ""type"": ""handwritten"", ""text"": ""Невелик часу на півтому. Матеріальне""}, {""bbox"": [938, 3271, 3571, 3491], ""type"": ""handwritten"", ""text"": ""кризке влетів тікає крізь палмові. Справжнім""}, {""bbox"": [931, 3403, 3555, 3670], ""type"": ""handwritten"", ""text"": ""вимів велось тільки те, що це не своя""}, {""bbox"": [963, 3595, 3595, 3880], ""type"": ""handwritten"", ""text"": ""сжатием в руках: стогода, селіх і""}, {""bbox"": [980, 3728, 1462, 3873], ""type"": ""handwritten"", ""text"": ""'чудов.""}, {""bbox"": [762, 3943, 3592, 4240], ""type"": ""handwritten"", ""text"": ""Их треба підкати, коли шляхтає - за все""}, {""bbox"": [702, 4156, 3670, 4504], ""type"": ""handwritten"", ""text"": ""те, що ріквеми б не мало заселені статися.""}, {""bbox"": [690, 4175, 3659, 4655], ""type"": ""handwritten"", ""text"": ""те, що між ними б не мало заселення статися. За те, що він не тільки знаємо як пишеться далекобійний""}, {""bbox"": [692, 4333, 3666, 4670], ""type"": ""handwritten"", ""text"": ""За те, що ви не тільки знаємо як пишеться\nдоменовий ім'я""}, {""bbox"": [680, 4389, 3723, 4850], ""type"": ""handwritten"", ""text"": ""я те, що вони не тільки знають як пишеться\nдомашній урок, або балістика ракета\nАй розірвав""}, {""bbox"": [665, 4547, 3751, 4858], ""type"": ""handwritten"", ""text"": ""даний війний урок, або балістична ракета,""}, {""bbox"": [657, 4713, 2508, 5034], ""type"": ""handwritten"", ""text"": ""а й розпізнаємо по слух.""}]"
0c3a5c00-b135-48c0-9f46-a3d152c68e2e.jpg,"[{""bbox"": [1865, 212, 2093, 415], ""type"": ""annotation"", ""text"": ""the""}, {""bbox"": [624, 286, 925, 353], ""type"": ""printed"", ""text"": ""Відозва.""}, {""bbox"": [945, 330, 1864, 452], ""type"": ""handwritten"", ""text"": ""До 13. ЦД-ів овінким""}, {""bbox"": [1173, 443, 1651, 514], ""type"": ""handwritten"", ""text"": ""Мапозама""}, {""bbox"": [495, 528, 1829, 584], ""type"": ""printed"", ""text"": ""21. III. 1927 року помер на вигнанні український видатний уче-""}, {""bbox"": [420, 585, 1824, 628], ""type"": ""printed"", ""text"": ""ний професор Володимир Коваль — агроном-машинознавець та ко-""}, {""bbox"": [411, 634, 1021, 679], ""type"": ""printed"", ""text"": ""оператор-сільськогосподарник.""}, {""bbox"": [498, 672, 1824, 720], ""type"": ""printed"", ""text"": ""В цілях вшанування памяти небіжчика 19. III. 1928 р. нижчепід-""}, {""bbox"": [412, 765, 1117, 811], ""type"": ""printed"", ""text"": ""яти проф. Володимира Ковала\"".""}, {""bbox"": [509, 857, 1822, 907], ""type"": ""printed"", ""text"": ""а) збірання матеріалів з життя й діяльності небіжчика, відповідне їх упо-""}, {""bbox"": [559, 902, 1106, 937], ""type"": ""printed"", ""text"": ""рядковання та опубліковання;""}, {""bbox"": [523, 930, 1829, 972], ""type"": ""printed"", ""text"": ""б) вияснення та реєстрацію літературних праць небіжчика, як по спеці-""}, {""bbox"": [557, 968, 1790, 1014], ""type"": ""printed"", ""text"": ""яльних, так і по загальних питаннях, підготовку їх до друку та опу""}, {""bbox"": [564, 1082, 1263, 1118], ""type"": ""printed"", ""text"": ""сільського господарства та кооперації;""}, {""bbox"": [560, 1156, 901, 1191], ""type"": ""printed"", ""text"": ""його похоронами;""}, {""bbox"": [522, 1180, 1832, 1232], ""type"": ""printed"", ""text"": ""д) перевіз на Україну тлінних останків небіжчика, коли для того скла-""}, {""bbox"": [555, 1227, 1063, 1261], ""type"": ""printed"", ""text"": ""дуться відповідні обставини;""}, {""bbox"": [525, 1251, 1829, 1299], ""type"": ""printed"", ""text"": "") переведення всякої іншої роботи, зв'язаної в основним завданням Ко-""}, {""bbox"": [566, 1298, 689, 1336], ""type"": ""printed"", ""text"": ""мітету.""}, {""bbox"": [497, 1335, 1827, 1381], ""type"": ""printed"", ""text"": ""Повідомляючи про це Вас, презідія загальних Зборів Комітету""}, {""bbox"": [494, 1656, 1832, 1705], ""type"": ""printed"", ""text"": ""Одночасно повідомляємо, що загальні збори Комітету для оста-""}, {""bbox"": [400, 1745, 1827, 1794], ""type"": ""printed"", ""text"": ""брадах, на 2 г. дня в Кабінеті Загального Хліборобства (замок, кім-""}, {""bbox"": [404, 1798, 650, 1839], ""type"": ""printed"", ""text"": ""ната ч. 19).""}, {""bbox"": [502, 1837, 1827, 1876], ""type"": ""printed"", ""text"": ""Сподіючись на прихильне з Вашого боку ставлення до заіні-""}, {""bbox"": [489, 1933, 1706, 1979], ""type"": ""printed"", ""text"": ""Голова Загальних зборів Комітету для вшанування памяти""}, {""bbox"": [1060, 2028, 1716, 2080], ""type"": ""printed"", ""text"": ""Секретар зборів В. Дрикалович.""}, {""bbox"": [499, 2081, 1589, 2132], ""type"": ""printed"", ""text"": ""Фундатори: За себе персонально проф. К. Мацієвич.""}, {""bbox"": [1177, 2135, 1681, 2184], ""type"": ""printed"", ""text"": ""лектор В. Доманицький.""}, {""bbox"": [1286, 2242, 1717, 2290], ""type"": ""printed"", ""text"": ""Микола Литвицький.""}, {""bbox"": [518, 2299, 1451, 2350], ""type"": ""printed"", ""text"": ""» Ощ.-поз. т-во „Єдність“ В. Дрикалович.""}, {""bbox"": [517, 2346, 1442, 2395], ""type"": ""printed"", ""text"": ""» Спож. т-во „Україна“ Я. Шабельський.""}, {""bbox"": [578, 2390, 1382, 2437], ""type"": ""printed"", ""text"": ""„Астрономічне т-во при УГА“ Л. Рибак.""}, {""bbox"": [567, 2391, 1383, 2438], ""type"": ""printed"", ""text"": ""„Агрономічне т-во при УГА“ Л. Рибак.""}, {""bbox"": [523, 2435, 1331, 2485], ""type"": ""printed"", ""text"": ""» В-во „Вільна Спілка“ Б. Залевський.""}, {""bbox"": [500, 2504, 1162, 2555], ""type"": ""printed"", ""text"": ""Подебради-Лазнє. 23. III. 1928 р.""}, {""bbox"": [500, 2578, 1025, 2617], ""type"": ""printed"", ""text"": ""Зразок. (заяви про вступ)""}, {""bbox"": [505, 2651, 1833, 2700], ""type"": ""printed"", ""text"": ""Приймаючи статут Комітету для вшанування пам'яті проф. Володимира""}, {""bbox"": [406, 2748, 1834, 2792], ""type"": ""printed"", ""text"": ""добровільним внеском в сумі""}, {""bbox"": [410, 2752, 928, 2790], ""type"": ""printed"", ""text"": ""добровільним внеском в сумі""}, {""bbox"": [577, 2794, 690, 2832], ""type"": ""printed"", ""text"": ""(Дата)""}, {""bbox"": [1225, 2837, 1362, 2881], ""type"": ""printed"", ""text"": ""(підпис)""}, {""bbox"": [580, 2840, 837, 2883], ""type"": ""printed"", ""text"": ""(точна адреса)""}, {""bbox"": [579, 2840, 835, 2880], ""type"": ""printed"", ""text"": ""(точна адреса)""}]"
0c6d05a0-bc4a-4640-80d0-4639da07c382.jpg,"[{""bbox"": [761, 156, 1989, 396], ""type"": ""handwritten"", ""text"": ""Треба засіти 1""}, {""bbox"": [423, 184, 2818, 611], ""type"": ""handwritten"", ""text"": ""Треба читати! __/____/____\nЖити треба чітко: читати\nкнижки, ходити в те""}, {""bbox"": [545, 324, 1527, 476], ""type"": ""handwritten"", ""text"": ""Ниже треба""}, {""bbox"": [414, 369, 2782, 726], ""type"": ""handwritten"", ""text"": ""Життя треба жити:\nкнижки, ходини цікаво: глядати\nсирувати пса Татаро, дре-""}, {""bbox"": [415, 496, 2831, 823], ""type"": ""handwritten"", ""text"": ""жнійські, ходити в театр, дре- вити! Не в пів си""}, {""bbox"": [395, 554, 2868, 880], ""type"": ""handwritten"", ""text"": ""сирувати пса Патрома. Треба""}, {""bbox"": [412, 591, 2862, 915], ""type"": ""handwritten"", ""text"": ""сирувати пса Патрома. Треба\nосити. Не в пів сиці, не тримає\nзавтра не піде""}, {""bbox"": [385, 721, 2863, 1017], ""type"": ""handwritten"", ""text"": ""піти. Не в пів сини, не тримає, не завтра, не має. По-справжньому. Залі. Треба зра""}, {""bbox"": [363, 825, 2691, 1112], ""type"": ""handwritten"", ""text"": ""не завтра, не після. По-справжньому\nЗараз. Треба швидше котів,""}, {""bbox"": [350, 921, 2835, 1241], ""type"": ""handwritten"", ""text"": ""Зараз, треба падати котів, збирати гриби, везти щущення""}, {""bbox"": [385, 1040, 2847, 1349], ""type"": ""handwritten"", ""text"": ""збирати гриби, безти у цукерки, її фронту на \""інтерсіти\"", робити""}, {""bbox"": [386, 1139, 2858, 1355], ""type"": ""handwritten"", ""text"": ""і фронту, на \""Інтерсіон\"", роботи""}, {""bbox"": [379, 1186, 2913, 1464], ""type"": ""handwritten"", ""text"": ""у фронтну на \""Інтерсіті\"", робити ремонт і працювати щастя тим""}, {""bbox"": [328, 1294, 2879, 1574], ""type"": ""handwritten"", ""text"": ""ремонт\"", привесити щасте тих\nкого любив. Треба купувати""}, {""bbox"": [340, 1310, 2788, 1584], ""type"": ""handwritten"", ""text"": ""кого любил. Треба куривать""}, {""bbox"": [306, 1409, 2892, 1699], ""type"": ""handwritten"", ""text"": ""кого любимо. Треба купувати\nсукні з велітками і премоєнне""}, {""bbox"": [315, 1469, 2901, 1702], ""type"": ""handwritten"", ""text"": ""сукні з велітками і приносять""}, {""bbox"": [307, 1558, 2716, 1811], ""type"": ""handwritten"", ""text"": ""сусід з відмітками і дрімоси\nцюєте тим, кого люблять.""}, {""bbox"": [291, 1685, 2889, 1939], ""type"": ""handwritten"", ""text"": ""цюєте тим, кого любимо.\nдонатити на військо, вену-""}, {""bbox"": [292, 1808, 2721, 2047], ""type"": ""handwritten"", ""text"": ""донатини ма військо, всім кувати роби, генератори, а""}, {""bbox"": [294, 1905, 2729, 2057], ""type"": ""handwritten"", ""text"": ""куватие рейки і генератори, а""}, {""bbox"": [276, 2009, 3021, 2203], ""type"": ""handwritten"", ""text"": ""це - мініпорети вечерами в мійсврі""}, {""bbox"": [295, 2131, 2755, 2319], ""type"": ""handwritten"", ""text"": ""ботсару, бо на перший урок""}, {""bbox"": [305, 2273, 2664, 2437], ""type"": ""handwritten"", ""text"": ""треба примести касетанів.""}, {""bbox"": [382, 2387, 3014, 2565], ""type"": ""handwritten"", ""text"": ""Преба любити свій дім, навіть.""}, {""bbox"": [386, 2412, 3007, 2593], ""type"": ""handwritten"", ""text"": ""Преба любити свій дім, навіть,""}, {""bbox"": [178, 2553, 2870, 2710], ""type"": ""handwritten"", ""text"": ""якщо він тимчасовий ; далеко""}, {""bbox"": [199, 2682, 2987, 2855], ""type"": ""handwritten"", ""text"": ""вд справжнього дому, того, що""}, {""bbox"": [242, 2833, 2820, 2995], ""type"": ""handwritten"", ""text"": ""В серии: Треба здавати кров,""}, {""bbox"": [243, 2969, 2874, 3130], ""type"": ""handwritten"", ""text"": "", моле, у нее бьце в сектырь""}, {""bbox"": [218, 3106, 2914, 3275], ""type"": ""handwritten"", ""text"": ""сру́: поселя́тые любов до бе́в:""}, {""bbox"": [147, 3264, 2920, 3423], ""type"": ""handwritten"", ""text"": ""\""договор\"", \""підписко\"" чи \""книги\"".""}, {""bbox"": [248, 3389, 2913, 3569], ""type"": ""handwritten"", ""text"": ""Предъявленная, комм вы-""}, {""bbox"": [199, 3546, 2794, 3705], ""type"": ""handwritten"", ""text"": ""надав нагода, якаєте те,""}, {""bbox"": [187, 3685, 3038, 3872], ""type"": ""handwritten"", ""text"": ""цю на душе. Невдовчасу неа""}, {""bbox"": [184, 3841, 2927, 4074], ""type"": ""handwritten"", ""text"": ""півтони. Матеріальне - крихке:""}]"
0d5f90e2-3f58-4aee-ac5e-1577a42392dd.jpg,"[{""bbox"": [474, 40, 945, 102], ""type"": ""handwritten"", ""text"": ""Треба писати!""}, {""bbox"": [207, 103, 1525, 165], ""type"": ""handwritten"", ""text"": ""жить треба цікаво: читати книжки, ходити""}, {""bbox"": [103, 154, 1343, 216], ""type"": ""handwritten"", ""text"": ""в театр, дрессировать пса Патрона. Пирога""}, {""bbox"": [107, 211, 1423, 273], ""type"": ""handwritten"", ""text"": ""жити! Ніє впівсими, ніє трохи, ніє завтра""}, {""bbox"": [110, 266, 1474, 328], ""type"": ""handwritten"", ""text"": ""не після... Тіо-справжньому! Зароз! Піреба гла-""}, {""bbox"": [104, 324, 1427, 385], ""type"": ""handwritten"", ""text"": ""дити котів, збирати гриби, водити снушенет""}, {""bbox"": [101, 434, 1440, 494], ""type"": ""handwritten"", ""text"": ""принесите сюда телевизор. Требо""}, {""bbox"": [96, 488, 1386, 549], ""type"": ""handwritten"", ""text"": ""купувати сирки з лелітками і донатити""}, {""bbox"": [92, 542, 1442, 605], ""type"": ""handwritten"", ""text"": ""на військо, вимірювати РЕТБи і генератори,""}, {""bbox"": [85, 600, 1349, 661], ""type"": ""handwritten"", ""text"": ""а ще — нимпорити вегорали в меж'яр'ї""}, {""bbox"": [82, 651, 1459, 718], ""type"": ""handwritten"", ""text"": ""Тьотсаду, бо на перший урок треба принести""}, {""bbox"": [89, 707, 404, 760], ""type"": ""handwritten"", ""text"": ""каштанів""}, {""bbox"": [193, 765, 1449, 824], ""type"": ""handwritten"", ""text"": ""Піреба любити свій дрім навіть якщо він""}, {""bbox"": [85, 817, 1394, 878], ""type"": ""handwritten"", ""text"": ""тимчасовий і далеко від строкового ділу -""}, {""bbox"": [83, 868, 1424, 931], ""type"": ""handwritten"", ""text"": ""того, що в серці. Потрібно здавати кров, і, може,""}, {""bbox"": [83, 924, 1359, 987], ""type"": ""handwritten"", ""text"": ""з нею ще в п'ялмусе серед посміятися любов""}, {""bbox"": [78, 980, 1476, 1043], ""type"": ""handwritten"", ""text"": ""до сілев \""допіру\"", \""пітятко\"" чи \""селянки\"". Переба цілу -""}, {""bbox"": [74, 1035, 1448, 1099], ""type"": ""handwritten"", ""text"": ""ватися, коли випадає негодо, і казати те, що""}, {""bbox"": [76, 1093, 1571, 1154], ""type"": ""handwritten"", ""text"": ""на дулиці! Уважає гасу на півтори! Матеріалом""}, {""bbox"": [74, 1147, 1492, 1206], ""type"": ""handwritten"", ""text"": ""Матеріальне - крихке; вмить тікає крізь пальці.""}, {""bbox"": [80, 1201, 1493, 1261], ""type"": ""handwritten"", ""text"": ""Справжніми виявилися тільки те, за що не вможно""}, {""bbox"": [404, 1256, 1280, 1315], ""type"": ""handwritten"", ""text"": ""руками; спогади, сміх і любо""}, {""bbox"": [190, 1309, 1464, 1370], ""type"": ""handwritten"", ""text"": ""Це треба плакати, коли можеться. За все""}, {""bbox"": [186, 1309, 1462, 1370], ""type"": ""handwritten"", ""text"": ""Це треба плакати, ком можеться. За все""}, {""bbox"": [76, 1364, 1479, 1428], ""type"": ""handwritten"", ""text"": ""те, що ніколи б не мало з кали статись. За те,""}, {""bbox"": [72, 1423, 1319, 1483], ""type"": ""handwritten"", ""text"": ""що ми не тільки знаємо, як пишеться""}, {""bbox"": [58, 1475, 1409, 1539], ""type"": ""handwritten"", ""text"": ""\""далекобійний орієнтований\"" або \""балістична ракета\"",""}, {""bbox"": [59, 1532, 890, 1588], ""type"": ""handwritten"", ""text"": ""але й розрізняємо на смузі.""}, {""bbox"": [215, 1584, 1495, 1644], ""type"": ""handwritten"", ""text"": ""Россиян хотят, чтобы мы стали схожими""}, {""bbox"": [69, 1640, 1441, 1701], ""type"": ""handwritten"", ""text"": ""на них - схеми у вінцій призоті. А ми будемо""}, {""bbox"": [64, 1747, 1170, 1811], ""type"": ""handwritten"", ""text"": ""після нас говоритиме нашою мовою!""}]"
0d663978-be4a-4860-9685-1bb0aa5802e2.jpg,"[{""bbox"": [3163, 85, 4388, 323], ""type"": ""handwritten"", ""text"": ""Радиодинаман""}, {""bbox"": [3182, 457, 4414, 700], ""type"": ""annotation"", ""text"": ""27.10.2025p.""}, {""bbox"": [1307, 973, 2795, 1358], ""type"": ""handwritten"", ""text"": ""Треба дешти.""}, {""bbox"": [702, 1375, 4595, 1691], ""type"": ""handwritten"", ""text"": ""Жити треба живо, злетати вгору зі всіх,""}, {""bbox"": [653, 1682, 4726, 2004], ""type"": ""handwritten"", ""text"": ""ходили в театр, срещаха се там""}, {""bbox"": [661, 1967, 1706, 2276], ""type"": ""handwritten"", ""text"": ""най ро няг.""}, {""bbox"": [764, 2943, 5000, 3322], ""type"": ""handwritten"", ""text"": ""значит котёв, зверят, грибов, везде""}, {""bbox"": [754, 3116, 4832, 3586], ""type"": ""handwritten"", ""text"": ""знадійні котів, зберігаючи ферти, цуценят із фронту на інберсаті,""}, {""bbox"": [760, 3246, 4928, 3843], ""type"": ""handwritten"", ""text"": ""цифрових із французької та інтерполяції, розширили великість і привласнили унікальні""}, {""bbox"": [774, 3473, 4964, 3859], ""type"": ""handwritten"", ""text"": ""розвиччі величезні і чимало сьогодні цікавих""}, {""bbox"": [724, 3532, 4943, 4065], ""type"": ""handwritten"", ""text"": ""родича, религии и прочее саят идёт тем, кого любил. Тебя ищут все""}, {""bbox"": [728, 3703, 4954, 4099], ""type"": ""handwritten"", ""text"": ""тсем, кого поболее. Треба идти вверх""}, {""bbox"": [707, 3784, 4926, 4366], ""type"": ""handwritten"", ""text"": ""тсем, кого любилее. Греба, ищите ветер сущей в ленивке и ищите сестру фанатичн""}, {""bbox"": [693, 4201, 4994, 4613], ""type"": ""handwritten"", ""text"": ""суміші з кетчупом. додати чи\nтільки тим, що люблять. фебчі і""}, {""bbox"": [684, 4262, 5018, 4801], ""type"": ""handwritten"", ""text"": ""на відсіч, вимагаючи даних і РЕБЧ і""}, {""bbox"": [686, 4283, 4998, 4814], ""type"": ""handwritten"", ""text"": ""На військово, винагрувати""}, {""bbox"": [685, 4466, 4713, 5051], ""type"": ""handwritten"", ""text"": ""На військові, винищувати генератори, а це - несвідомо різет""}, {""bbox"": [690, 4565, 4676, 5024], ""type"": ""handwritten"", ""text"": ""На військові, винищувачі\nгенератори, а це - невеличкі річечки""}, {""bbox"": [698, 4696, 4858, 5293], ""type"": ""handwritten"", ""text"": ""генераторы, а все - нееепо риетер\nвсегоранни\nв али овр'и' дот саду\nвсегоранни\nв али овр'и' дот саду""}, {""bbox"": [681, 4904, 4874, 5415], ""type"": ""handwritten"", ""text"": ""все горячие в линейке р'я батс аду\nвсе горячие в линейке р'я батс аду""}, {""bbox"": [651, 5432, 4111, 6027], ""type"": ""handwritten"", ""text"": ""прекрати ванитарів, треба любити свій дія,""}, {""bbox"": [577, 5768, 4771, 6339], ""type"": ""handwritten"", ""text"": ""Треба любити свій дім, звідси він стає савій і далеко""}, {""bbox"": [565, 5991, 4688, 6549], ""type"": ""handwritten"", ""text"": ""зелено вин олигосахариди і далеко\nвід сира в ХНФО20 даний - 7020, не""}, {""bbox"": [564, 6235, 4793, 6606], ""type"": ""handwritten"", ""text"": ""від супер в ХНФО20 даний - 7020, що""}, {""bbox"": [579, 6428, 4732, 6858], ""type"": ""handwritten"", ""text"": ""в сердце, треба здавати кров:""}, {""bbox"": [579, 6769, 4943, 7128], ""type"": ""handwritten"", ""text"": ""може з нього вже є не є лігу са сораз!""}]"
0dd25909-0295-45f0-9c52-c318abb01d41.jpg,"[{""bbox"": [1125, 380, 1874, 584], ""type"": ""handwritten"", ""text"": ""М реба дшит""}, {""bbox"": [193, 558, 2191, 701], ""type"": ""handwritten"", ""text"": ""Митя реда цілівво; сіята іншими,""}, {""bbox"": [216, 682, 2483, 830], ""type"": ""handwritten"", ""text"": ""ходят в театр, дрессировать пса Патрона.""}, {""bbox"": [319, 808, 2401, 962], ""type"": ""handwritten"", ""text"": ""Треба знати. Не впівсилу, не трошина,""}, {""bbox"": [150, 953, 2545, 1096], ""type"": ""handwritten"", ""text"": ""не завтра, не після. - По-справжньому!""}, {""bbox"": [197, 1078, 2412, 1246], ""type"": ""handwritten"", ""text"": ""Зараз! Треба гладити котів, збирати гриби,""}, {""bbox"": [132, 1221, 2446, 1374], ""type"": ""handwritten"", ""text"": ""вєдчі буденат із фронту на Знтерсії, рабіти""}, {""bbox"": [167, 1358, 2207, 1503], ""type"": ""handwritten"", ""text"": ""ремонт ; приносит мать тим, кого""}, {""bbox"": [218, 1481, 2226, 1636], ""type"": ""handwritten"", ""text"": ""любимо. Треба купувати сині з""}, {""bbox"": [230, 1620, 2225, 1760], ""type"": ""handwritten"", ""text"": ""лелітками: донатити на відмову,""}, {""bbox"": [194, 1749, 2317, 1909], ""type"": ""handwritten"", ""text"": ""вимірювати речі і генератори, а це""}, {""bbox"": [203, 1885, 2437, 2051], ""type"": ""handwritten"", ""text"": ""німпорити вегорами в ділянці Басаду,""}, {""bbox"": [182, 2027, 2259, 2183], ""type"": ""handwritten"", ""text"": ""до на 'перший' урок треба принести""}, {""bbox"": [173, 2168, 726, 2288], ""type"": ""handwritten"", ""text"": ""камітанів.""}, {""bbox"": [352, 2274, 2462, 2428], ""type"": ""handwritten"", ""text"": ""Треба любити свій дім, навіть якщо""}, {""bbox"": [147, 2416, 2444, 2563], ""type"": ""handwritten"", ""text"": ""він падіголосний і діалектно від справжнього""}, {""bbox"": [232, 2550, 2424, 2704], ""type"": ""handwritten"", ""text"": ""дому, того, що ві серві. Підбіга здавати""}, {""bbox"": [147, 2676, 2188, 2831], ""type"": ""handwritten"", ""text"": ""пров, а лови з нею ще в тієму св""}, {""bbox"": [196, 2803, 2394, 2978], ""type"": ""handwritten"", ""text"": ""серу) поселилися людей до сіл \""Доніпу\"",""}, {""bbox"": [168, 2959, 1259, 3097], ""type"": ""handwritten"", ""text"": ""\""норітетно\"" чи \""ввіяхи\"".""}, {""bbox"": [341, 3081, 2368, 3236], ""type"": ""handwritten"", ""text"": ""Треба відчуватися, коли випадат навода""}, {""bbox"": [148, 3208, 2320, 3361], ""type"": ""handwritten"", ""text"": ""і назати те, що на думці! Немає часу""}, {""bbox"": [188, 3339, 2345, 3522], ""type"": ""handwritten"", ""text"": ""на пів годи. Матеріальне прихиле життя""}]"
0de7d55f-9c74-452d-b277-daac64fcead5.jpg,"[{""bbox"": [636, 59, 2207, 199], ""type"": ""handwritten"", ""text"": ""Двадцять своле жовтня""}, {""bbox"": [633, 193, 2436, 346], ""type"": ""handwritten"", ""text"": ""Всеукраїнський радіодиспант""}, {""bbox"": [901, 329, 1877, 473], ""type"": ""handwritten"", ""text"": ""Жреба висипе!""}, {""bbox"": [608, 459, 2631, 603], ""type"": ""handwritten"", ""text"": ""Жили треба цього, гитари княж-""}, {""bbox"": [530, 589, 2430, 758], ""type"": ""handwritten"", ""text"": ""ходом в театре, ки, дресструваю пое Багрона.""}, {""bbox"": [628, 734, 2475, 883], ""type"": ""handwritten"", ""text"": ""Треба жити! Не впевнені, не""}, {""bbox"": [520, 860, 2548, 1032], ""type"": ""handwritten"", ""text"": ""трошке, не заброя, не плаче. То-""}, {""bbox"": [528, 1009, 2624, 1179], ""type"": ""handwritten"", ""text"": ""справжньому. Зарод, зарод. Уреба""}, {""bbox"": [528, 1163, 2564, 1322], ""type"": ""handwritten"", ""text"": ""глодари котб, збироние гриби,""}, {""bbox"": [528, 1312, 2394, 1464], ""type"": ""handwritten"", ""text"": ""везти чувствене у ормону /no""}, {""bbox"": [495, 1444, 2426, 1612], ""type"": ""handwritten"", ""text"": ""Інтерсіті, робити релізну і""}, {""bbox"": [525, 1600, 2422, 1748], ""type"": ""handwritten"", ""text"": ""приносили часть тли, кого""}, {""bbox"": [528, 1731, 2354, 1907], ""type"": ""handwritten"", ""text"": ""онобісмо. Треба купувати""}, {""bbox"": [541, 1891, 2667, 2066], ""type"": ""handwritten"", ""text"": ""сухої леліткової і криво-""}, {""bbox"": [513, 2050, 2656, 2207], ""type"": ""handwritten"", ""text"": ""снятие чувств от тех, кого любимо.""}, {""bbox"": [510, 2190, 2711, 2371], ""type"": ""handwritten"", ""text"": ""докажете не військо, вишу-""}, {""bbox"": [513, 2354, 2673, 2542], ""type"": ""handwritten"", ""text"": ""кувати РЕБи і генератори, а ще""}, {""bbox"": [499, 2525, 2682, 2689], ""type"": ""handwritten"", ""text"": ""непророчие вегородые в емжк-""}, {""bbox"": [491, 2680, 2551, 2891], ""type"": ""handwritten"", ""text"": ""ерії в ботсаду, бо не перим?""}]"
0e0c130a-605d-4a1d-8b04-0ba81f744790.jpg,"[{""bbox"": [483, 655, 4612, 1092], ""type"": ""formula"", ""text"": ""$$A Q = 1 1 0 \\quad 0 . 0 0 4 \\cdot 1 1 0 ^ { 3 } - 0 . 0 3 \\cdot 1 1 0 ^ { 2 } = 1 3 3 1 - 3 6 3 = 9 6 8$$""}, {""bbox"": [1491, 1421, 4543, 1697], ""type"": ""formula"", ""text"": ""0,004 \\cdot 100^{3} - 0,03 \\cdot 100^{2} = 100 - 300 = -200""}, {""bbox"": [1827, 1815, 3546, 2073], ""type"": ""formula"", ""text"": ""\\Delta TC=96P-400=26P""}, {""bbox"": [540, 3076, 855, 3360], ""type"": ""annotation"", ""text"": ""cv""}, {""bbox"": [442, 3572, 914, 3967], ""type"": ""handwritten"", ""text"": ""1 1""}, {""bbox"": [472, 4244, 805, 4475], ""type"": ""handwritten"", ""text"": ""12""}, {""bbox"": [470, 4848, 746, 5128], ""type"": ""annotation"", ""text"": ""13""}, {""bbox"": [498, 6003, 788, 6287], ""type"": ""annotation"", ""text"": ""AS""}]"
0e12b373-fea2-4b95-af05-85a2bdee3235.jpg,"[{""bbox"": [990, 92, 1624, 196], ""type"": ""handwritten"", ""text"": ""Глеба женим!""}, {""bbox"": [363, 175, 2746, 290], ""type"": ""handwritten"", ""text"": ""жити треба унаво: читати книжки, ходити""}, {""bbox"": [180, 258, 2005, 369], ""type"": ""handwritten"", ""text"": ""в театр, дресировать пос. Гатуево...""}, {""bbox"": [309, 319, 2782, 453], ""type"": ""handwritten"", ""text"": ""жити, дрібніші, не впівсвітні, не трусики, не довгі,""}, {""bbox"": [166, 433, 2685, 534], ""type"": ""handwritten"", ""text"": ""не певая. То- справляемому! Зароз!\"" Греба \""найдети""}, {""bbox"": [156, 604, 2670, 706], ""type"": ""handwritten"", ""text"": ""на \""Інтерсіті\"", робите рекламу і привносите""}, {""bbox"": [148, 655, 2749, 793], ""type"": ""handwritten"", ""text"": ""на \""Нітерсті\"", робота здійснюється з приводу чого тільки, кого люблять. Треба купувати сукні з""}, {""bbox"": [142, 739, 2754, 888], ""type"": ""handwritten"", ""text"": ""доповіть такі, кого вважаєте, зробивши відповідні вимітки та докладніше на військо, вивчуючи в""}, {""bbox"": [137, 785, 2757, 981], ""type"": ""handwritten"", ""text"": ""мнітками і докатетеся на військв, вимкнувавте РСВи і генераторне, а це-німеепорітне вкорачення в""}, {""bbox"": [135, 869, 2780, 1069], ""type"": ""handwritten"", ""text"": ""ЧСВи і генератори, а це-некомп'ютерні веборідні мініс'ярії відседу, бо на перебіг урок треба при""}, {""bbox"": [137, 1054, 1096, 1139], ""type"": ""handwritten"", ""text"": ""нестій каветанів.""}, {""bbox"": [267, 1116, 2800, 1239], ""type"": ""handwritten"", ""text"": ""Треба любовити свій рід, мовитися кого він тиєїся -""}, {""bbox"": [126, 1172, 2816, 1329], ""type"": ""handwritten"", ""text"": ""Одна любов'я свій рід, навіть якщо ти не в серці.\nсовій, далеко від спровокованого дому, не в гетьмеусь""}, {""bbox"": [118, 1465, 643, 1564], ""type"": ""handwritten"", ""text"": ""не писался.""}, {""bbox"": [307, 1543, 2828, 1646], ""type"": ""handwritten"", ""text"": ""Губка уснуваетеся, косее випадає колода, і каза-""}, {""bbox"": [161, 1626, 2838, 1738], ""type"": ""handwritten"", ""text"": ""ти те, що на думки. Уміват гаву, нафівтоне. На-""}, {""bbox"": [158, 1721, 2756, 1816], ""type"": ""handwritten"", ""text"": ""періодичне - крихке: життя тікає крізь пальці.""}, {""bbox"": [152, 1798, 2819, 1911], ""type"": ""handwritten"", ""text"": ""Справжніми виявилися тільки те, за що не мого-""}, {""bbox"": [150, 1888, 2615, 1999], ""type"": ""handwritten"", ""text"": ""на схотитись руками: спогади, сміх і любов""}, {""bbox"": [134, 2068, 2794, 2175], ""type"": ""handwritten"", ""text"": ""все те, що нікому з не маю з нами статися.""}, {""bbox"": [124, 2156, 2827, 2273], ""type"": ""handwritten"", ""text"": ""За те, що мене не тільки знають, як пишеться \""да-""}, {""bbox"": [129, 2260, 2805, 2376], ""type"": ""handwritten"", ""text"": ""некодівний дзвон\"" або \""бакстична ракета\"", а""}, {""bbox"": [122, 2355, 1525, 2467], ""type"": ""handwritten"", ""text"": ""і зрозумілий їх на слух.""}, {""bbox"": [311, 2446, 2650, 2566], ""type"": ""handwritten"", ""text"": ""После чего, чтоб мне стало схожеем""}, {""bbox"": [126, 2552, 2836, 2673], ""type"": ""handwritten"", ""text"": ""на них - східні у вічній грезоті. А миє бурено жи-""}, {""bbox"": [114, 2655, 2674, 2767], ""type"": ""handwritten"", ""text"": ""ти уікаво-всупереч історії, заради тих, хто""}, {""bbox"": [112, 2750, 2229, 2869], ""type"": ""handwritten"", ""text"": ""після нас говоритиме наше слово.""}]"
0e7d83b5-ed95-4dc9-889d-a5f44dea0fcf.jpg,"[{""bbox"": [590, 667, 2770, 793], ""type"": ""handwritten"", ""text"": ""нагода, і казати те, що на думці.""}, {""bbox"": [581, 785, 2629, 917], ""type"": ""handwritten"", ""text"": ""немає гасу напівтони. Матеріальне""}, {""bbox"": [584, 916, 2638, 1039], ""type"": ""handwritten"", ""text"": ""Крихке мчить-е Тікає крізь пальці,""}, {""bbox"": [580, 1034, 2610, 1146], ""type"": ""handwritten"", ""text"": ""Справжнім виявилося тільки те, за що""}, {""bbox"": [570, 1045, 2609, 1166], ""type"": ""handwritten"", ""text"": ""Справжнім виявилося тільки те, за що""}, {""bbox"": [572, 1180, 2738, 1294], ""type"": ""handwritten"", ""text"": ""не мочь сосчитать руками: спогади,""}, {""bbox"": [565, 1317, 1503, 1416], ""type"": ""handwritten"", ""text"": ""сних і любов.""}, {""bbox"": [652, 1434, 2775, 1550], ""type"": ""handwritten"", ""text"": ""ще треба шматки, коли може́ться:""}, {""bbox"": [557, 1553, 2760, 1676], ""type"": ""handwritten"", ""text"": ""За все те, що ніколи б не мало""}, {""bbox"": [558, 1693, 2635, 1813], ""type"": ""handwritten"", ""text"": ""з нами відбуватися. За те, що ми""}, {""bbox"": [563, 1818, 2534, 1947], ""type"": ""handwritten"", ""text"": ""не тільки знавимо, як пишеться""}, {""bbox"": [562, 1946, 2748, 2083], ""type"": ""handwritten"", ""text"": ""\""далекобійний дрон\"" або \""балистична""}, {""bbox"": [554, 2081, 2629, 2214], ""type"": ""handwritten"", ""text"": ""ракета\"", а її розрізкаємо їх на""}, {""bbox"": [584, 2238, 865, 2337], ""type"": ""handwritten"", ""text"": ""силу х.""}, {""bbox"": [644, 2352, 2580, 2470], ""type"": ""handwritten"", ""text"": ""Росіяни хтуть, щоб ми стали""}, {""bbox"": [555, 2475, 2823, 2613], ""type"": ""handwritten"", ""text"": ""схожими на них, скісними у бігні""}, {""bbox"": [547, 2614, 2806, 2752], ""type"": ""handwritten"", ""text"": ""призоті. А ми будемо мати цікаво,""}, {""bbox"": [512, 2753, 2738, 2896], ""type"": ""handwritten"", ""text"": ""всупереч історії, і заради тих,""}, {""bbox"": [520, 2890, 2644, 3023], ""type"": ""handwritten"", ""text"": ""осто письме нас говорите намою""}, {""bbox"": [542, 3062, 950, 3150], ""type"": ""handwritten"", ""text"": ""и.ю.воро.""}]"
0eba8f38-64bb-4c0e-a28c-61572efb7b10.jpg,"[{""bbox"": [1763, 132, 1880, 278], ""type"": ""annotation"", ""text"": ""39""}, {""bbox"": [615, 263, 1164, 330], ""type"": ""printed"", ""text"": ""ПОВИСТКА.""}, {""bbox"": [234, 265, 478, 437], ""type"": ""annotation"", ""text"": ""2.378""}, {""bbox"": [618, 467, 1585, 534], ""type"": ""printed"", ""text"": ""До Члена Надзірної Ради УГВФ""}, {""bbox"": [446, 540, 1726, 658], ""type"": ""handwritten"", ""text"": ""П. М. П. М. М. М. М. М. М. М. М. М. М. М. М. М. М. М. М. М. М. М. М. М. М. М. М. М. М. М. М. М. М. М. М. М. М. М. М. М. М. М. М. М. М. М. М. М. М. М. М. М. М. М. М. М. М. М. М. М. М. М. М. М. М. М. М. М. М. М. М. М. М. М. М. М. М. М. М. М. М. М. М. М. М. М. М. М. М. М. М. М. М. М. М. М. М. М. М. М. М. М. М. М. М. М. М. М. М. М. М. М. М. М. М. М. М. М. М. М. М. М. М. М. М. М. М. М.""}, {""bbox"": [918, 656, 1689, 769], ""type"": ""handwritten"", ""text"": ""В. Празл""}, {""bbox"": [347, 825, 1850, 890], ""type"": ""printed"", ""text"": ""Правління УГВФ має честь просити Вас прибути""}, {""bbox"": [216, 927, 1840, 990], ""type"": ""printed"", ""text"": ""на спільне засідання Правління і Надзвірної Ради,""}, {""bbox"": [221, 1022, 1851, 1096], ""type"": ""printed"", ""text"": ""яке має відбутися 15-го Червня 1926р. о 13-й го-""}, {""bbox"": [220, 1129, 1857, 1193], ""type"": ""printed"", ""text"": ""дині в помешканні Правління (Прага II, Краковсь-""}, {""bbox"": [213, 1218, 554, 1295], ""type"": ""annotation"", ""text"": ""ка, 10/√ )""}, {""bbox"": [215, 1219, 553, 1296], ""type"": ""printed"", ""text"": ""ка, 10/√ )""}, {""bbox"": [517, 1333, 1031, 1393], ""type"": ""printed"", ""text"": ""Порядок дней:""}, {""bbox"": [322, 1427, 1444, 1498], ""type"": ""printed"", ""text"": ""I) Інформаційний доклад Правління""}, {""bbox"": [323, 1530, 1919, 1601], ""type"": ""printed"", ""text"": ""2) Участь у книжній виставці 28 Черв.-3 ЛИП.26р""}, {""bbox"": [321, 1632, 1436, 1698], ""type"": ""printed"", ""text"": ""3) Біжучі справи і вільні внески.""}, {""bbox"": [991, 1839, 1480, 1899], ""type"": ""printed"", ""text"": ""Правління УГВФ""}, {""bbox"": [931, 1842, 1943, 2103], ""type"": ""handwritten"", ""text"": ""Правління УГВФ\nМ. Гомола, с. Рогатинці""}]"
0ee54300-0c40-5a7f-90bb-7d738e564a76.jpg,"[{""bbox"": [1347, 35, 1579, 189], ""type"": ""handwritten"", ""text"": ""167 3t""}, {""bbox"": [110, 43, 351, 206], ""type"": ""handwritten"", ""text"": ""1) B""}, {""bbox"": [1340, 184, 1599, 345], ""type"": ""handwritten"", ""text"": ""1415""}, {""bbox"": [97, 219, 327, 382], ""type"": ""handwritten"", ""text"": ""21 j""}, {""bbox"": [1339, 349, 1607, 512], ""type"": ""handwritten"", ""text"": ""181 B""}, {""bbox"": [94, 393, 362, 557], ""type"": ""handwritten"", ""text"": ""3) √2""}, {""bbox"": [1334, 498, 1752, 694], ""type"": ""handwritten"", ""text"": ""191 50 5""}, {""bbox"": [102, 558, 340, 724], ""type"": ""handwritten"", ""text"": ""4) β""}, {""bbox"": [1337, 680, 1613, 832], ""type"": ""handwritten"", ""text"": ""20j B""}, {""bbox"": [106, 728, 334, 898], ""type"": ""handwritten"", ""text"": ""51B""}, {""bbox"": [1335, 834, 1614, 1009], ""type"": ""handwritten"", ""text"": ""21) B""}, {""bbox"": [114, 900, 320, 1064], ""type"": ""handwritten"", ""text"": ""61 d""}, {""bbox"": [1330, 1011, 1609, 1164], ""type"": ""handwritten"", ""text"": ""221 β""}, {""bbox"": [117, 1072, 480, 1252], ""type"": ""handwritten"", ""text"": ""4) A, B""}, {""bbox"": [1329, 1179, 1589, 1333], ""type"": ""handwritten"", ""text"": ""23| A""}, {""bbox"": [111, 1244, 462, 1416], ""type"": ""handwritten"", ""text"": ""81 d, J3""}, {""bbox"": [1331, 1330, 1719, 1510], ""type"": ""handwritten"", ""text"": ""24) A, B""}, {""bbox"": [113, 1428, 346, 1585], ""type"": ""handwritten"", ""text"": ""9) f""}, {""bbox"": [104, 1572, 346, 1739], ""type"": ""handwritten"", ""text"": ""10) 55""}, {""bbox"": [100, 1745, 457, 1927], ""type"": ""handwritten"", ""text"": ""1) A·B""}, {""bbox"": [95, 1916, 374, 2081], ""type"": ""handwritten"", ""text"": ""12) √2""}, {""bbox"": [82, 2071, 354, 2266], ""type"": ""handwritten"", ""text"": ""*137 J2""}, {""bbox"": [67, 2244, 355, 2421], ""type"": ""handwritten"", ""text"": ""14) 50""}, {""bbox"": [58, 2427, 340, 2593], ""type"": ""handwritten"", ""text"": ""15] B""}]"
0f30872e-56cd-43d4-a77c-6d9fbd129f6f.jpg,"[{""bbox"": [53, 139, 532, 204], ""type"": ""handwritten"", ""text"": ""Двадцатый диктант начисленной едности""}, {""bbox"": [65, 213, 389, 258], ""type"": ""handwritten"", ""text"": ""Виклики кшиткової оргі""}, {""bbox"": [83, 261, 539, 309], ""type"": ""handwritten"", ""text"": ""На прикінці минулого тижня відбулося""}, {""bbox"": [47, 302, 471, 343], ""type"": ""handwritten"", ""text"": ""читає стурбовано занітнувалис""}, {""bbox"": [46, 330, 542, 380], ""type"": ""handwritten"", ""text"": ""нівти електрокіні нойі витіснення тра""}, {""bbox"": [47, 370, 532, 414], ""type"": ""handwritten"", ""text"": ""другіму кривому?\"" він каже Джон Роллінг""}, {""bbox"": [48, 405, 547, 448], ""type"": ""handwritten"", ""text"": ""неписале \""Гаррі Поттера\"" і її серії романів""}, {""bbox"": [47, 437, 548, 487], ""type"": ""handwritten"", ""text"": ""розігнними оточіліонними паперовими""}, {""bbox"": [53, 478, 529, 520], ""type"": ""handwritten"", ""text"": ""накладали, че племене въгратимео своя""}, {""bbox"": [55, 520, 157, 554], ""type"": ""handwritten"", ""text"": ""поетроту.""}, {""bbox"": [69, 551, 547, 589], ""type"": ""handwritten"", ""text"": ""Сьогодні більш менше зрозуміло, чи влек""}, {""bbox"": [48, 585, 540, 624], ""type"": ""handwritten"", ""text"": ""трокий насії принаймні поміччю не створюють""}, {""bbox"": [49, 623, 539, 661], ""type"": ""handwritten"", ""text"": ""кардиальной запроти поперовине кистожке.""}, {""bbox"": [53, 657, 537, 696], ""type"": ""handwritten"", ""text"": ""Проте з'явилася вона не випадково. Тадаю""}, {""bbox"": [55, 692, 548, 732], ""type"": ""handwritten"", ""text"": ""— це Бог так потому що до далеких ман-""}, {""bbox"": [46, 730, 512, 771], ""type"": ""handwritten"", ""text"": ""дровок. Це вон підсунув ніби гадтити,""}, {""bbox"": [50, 768, 538, 808], ""type"": ""handwritten"", ""text"": ""щоб ми змогли колись забрати з собою""}, {""bbox"": [49, 805, 544, 844], ""type"": ""handwritten"", ""text"": ""на іншій планети свої улюблені миттє""}]"
0fd11bc7-a7c8-4767-9b72-26a4a9ce23a0.jpg,"[{""bbox"": [1144, 52, 1672, 157], ""type"": ""printed"", ""text"": ""Ukrajinskyj 53""}, {""bbox"": [1145, 104, 1659, 154], ""type"": ""printed"", ""text"": ""Ukrajinskyj""}, {""bbox"": [987, 163, 1648, 220], ""type"": ""printed"", ""text"": ""Hromadskyj Vydavnyčyj""}, {""bbox"": [70, 170, 736, 223], ""type"": ""printed"", ""text"": ""Громадський Видавничий""}, {""bbox"": [986, 304, 1649, 355], ""type"": ""printed"", ""text"": ""Představenstvo: Praha II.,""}, {""bbox"": [103, 312, 733, 362], ""type"": ""printed"", ""text"": ""Правління: Praha II.,""}, {""bbox"": [1150, 370, 1484, 413], ""type"": ""printed"", ""text"": ""Krakovská č. 10""}, {""bbox"": [236, 380, 570, 418], ""type"": ""printed"", ""text"": ""Krakovská č. 10""}, {""bbox"": [93, 432, 1650, 502], ""type"": ""printed"", ""text"": ""Pošt.adresa: Praha-Vršovice č.665. Československo""}, {""bbox"": [676, 620, 1656, 694], ""type"": ""printed"", ""text"": ""До Члена Надзірної Ради УТВФ""}, {""bbox"": [367, 694, 1685, 821], ""type"": ""handwritten"", ""text"": ""Вып. М. Ю. Шаповалова""}, {""bbox"": [836, 850, 1680, 970], ""type"": ""handwritten"", ""text"": ""Проект.""}, {""bbox"": [227, 980, 1692, 1049], ""type"": ""printed"", ""text"": ""Правління УГВФ має честь просити Вас прибу-""}, {""bbox"": [167, 1087, 1697, 1152], ""type"": ""printed"", ""text"": ""ім на спільне засідання Правління і Надзвірної""}, {""bbox"": [166, 1188, 1625, 1254], ""type"": ""printed"", ""text"": ""Ради, яке має відбутися 12-го жовтня 1926 р.""}, {""bbox"": [164, 1288, 1643, 1352], ""type"": ""printed"", ""text"": ""о І4-й год. в помешканні Правління (ПрагаII,""}, {""bbox"": [165, 1384, 630, 1458], ""type"": ""printed"", ""text"": ""Краковська, 10)""}, {""bbox"": [333, 1498, 834, 1560], ""type"": ""printed"", ""text"": ""Порядок денній:""}, {""bbox"": [199, 1593, 1314, 1662], ""type"": ""printed"", ""text"": ""1) Інформаційний доклад Правління""}, {""bbox"": [197, 1697, 1306, 1765], ""type"": ""printed"", ""text"": ""2) Біжучі справи і вільні внески.""}, {""bbox"": [938, 1804, 1414, 1863], ""type"": ""printed"", ""text"": ""Правління УТВФ""}, {""bbox"": [159, 1947, 581, 2024], ""type"": ""annotation"", ""text"": ""Прага, I/X.26""}]"
108c913f-0a78-5005-adc7-7858d0a3736f.jpg,"[{""bbox"": [405, 63, 843, 171], ""type"": ""formula"", ""text"": ""$$\\sqrt { 8 } + \\sqrt { 2 } = \\sqrt { 1 0 }$$""}, {""bbox"": [89, 97, 241, 177], ""type"": ""handwritten"", ""text"": ""2-A""}, {""bbox"": [77, 222, 255, 309], ""type"": ""handwritten"", ""text"": ""3-Φ""}, {""bbox"": [398, 321, 1864, 561], ""type"": ""formula"", ""text"": ""$$\\left( \\frac { x ^ { \\frac { 3 } { 4 } } \\cdot 2 ^ { \\frac { 3 } { 4 } } } { 2 ^ { - \\frac { 1 } { 4 } } \\cdot x ^ { \\frac { 1 } { 4 } } } \\right) ^ { 4 } = \\left( \\frac { \\sqrt [ 4 ] { x ^ { 3 } } \\cdot \\sqrt [ 4 ] { 2 ^ { 3 } } } { \\frac { x ^ { \\frac { 1 } { 4 } } } { \\sqrt [ 4 ] { 2 } } } \\right) ^ { 4 } = \\frac { x ^ { 3 } \\cdot 2 ^ { 3 } } { \\frac { 3 8 4 1 6 } { 2 } } =$$""}, {""bbox"": [74, 359, 262, 437], ""type"": ""handwritten"", ""text"": ""4-B""}, {""bbox"": [0, 525, 662, 706], ""type"": ""formula"", ""text"": ""$$= \\frac { 2 \\pi + 4 4 } { 1 9 2 0 8 } = \\frac { 1 } { \\pi }$$""}, {""bbox"": [95, 797, 1585, 935], ""type"": ""handwritten"", ""text"": ""6) Знайдіть косинус кута, якщо x = -√3""}, {""bbox"": [196, 925, 553, 1040], ""type"": ""formula"", ""text"": ""$$\\cot x = - \\sqrt { 3 }$$""}, {""bbox"": [200, 1055, 1103, 1161], ""type"": ""formula"", ""text"": ""$$x = \\pi - \\operatorname{arccot} \\sqrt { 3 } + \\pi n , n \\in Z$$""}, {""bbox"": [181, 1203, 902, 1320], ""type"": ""formula"", ""text"": ""$$x = \\pi - \\frac { 2 \\pi } { 3 } + \\pi n , n \\in Z$$""}, {""bbox"": [197, 1380, 833, 1496], ""type"": ""formula"", ""text"": ""$$x = \\frac { \\pi } { 3 } + \\pi n , n \\in Z$$""}, {""bbox"": [90, 1567, 1602, 1691], ""type"": ""handwritten"", ""text"": ""7) Знайдіть критичні точки функції:""}, {""bbox"": [187, 1681, 681, 1769], ""type"": ""formula"", ""text"": ""f(x)=x^{3}-3x^{2}""}, {""bbox"": [159, 1786, 1099, 1891], ""type"": ""formula"", ""text"": ""f'(x)=(x^3-3x^2)'=3x^2-6x""}, {""bbox"": [202, 1917, 816, 2034], ""type"": ""formula"", ""text"": ""$$3 x ^ { 2 } - 6 x = 0 \\div ( 3 )$$""}, {""bbox"": [225, 2036, 593, 2133], ""type"": ""formula"", ""text"": ""x^{2}-2x=0""}, {""bbox"": [214, 2163, 587, 2243], ""type"": ""formula"", ""text"": ""x(x-2)=0""}, {""bbox"": [518, 2263, 784, 2321], ""type"": ""formula"", ""text"": ""x - 2 = 0""}, {""bbox"": [186, 2264, 362, 2348], ""type"": ""formula"", ""text"": ""x_{1}=0""}, {""bbox"": [541, 2327, 735, 2414], ""type"": ""formula"", ""text"": ""$$x _ { 2 } = 2$$""}, {""bbox"": [100, 2436, 993, 2560], ""type"": ""handwritten"", ""text"": ""Bigrobigs : x₁ = 0 ; x₂ = 2""}]"
11d1616a-bad6-4f2c-8a1a-42dcc6f335c4.jpg,"[{""bbox"": [1192, 311, 1581, 447], ""type"": ""handwritten"", ""text"": ""Твій дім""}, {""bbox"": [167, 434, 2821, 595], ""type"": ""handwritten"", ""text"": ""Розкажи мені про свій дім. Той, що пом'ятає твої перші""}, {""bbox"": [43, 567, 2948, 729], ""type"": ""handwritten"", ""text"": ""хиткі кроки, і берете ігорічні зарубки часу, залишенні рукою моєї на розвідки.""}, {""bbox"": [33, 659, 669, 763], ""type"": ""handwritten"", ""text"": ""тирі на овбірну.""}, {""bbox"": [158, 727, 2954, 945], ""type"": ""handwritten"", ""text"": ""Родители про його запах - теплий сонний дух книжкових полок -""}, {""bbox"": [53, 755, 2947, 1086], ""type"": ""handwritten"", ""text"": ""Розкажи про його запах - теплий сонний дух книжкових паперів- любитого шампуня крижка, неовитого луку з терткою петрушкию""}, {""bbox"": [52, 892, 2943, 1193], ""type"": ""handwritten"", ""text"": ""Або, мовляв, повнами: бадьорі пахніці дарми, ману, повинна— як все""}, {""bbox"": [50, 995, 2913, 1207], ""type"": ""handwritten"", ""text"": ""Або, моле, навпаки: Бадьорі пахні: дарі, ману, повинна— як ає""}, {""bbox"": [54, 1067, 2269, 1328], ""type"": ""handwritten"", ""text"": ""дово, чи не пів тента, схрівся про власний дім.""}, {""bbox"": [118, 1197, 2993, 1460], ""type"": ""handwritten"", ""text"": ""Розкажи про його скрипи і мірехи, тіні й залиті світлом нім.""}, {""bbox"": [108, 1269, 2996, 1583], ""type"": ""handwritten"", ""text"": ""познайте про його скрипи іх шерехи, тілі й залиті світлом ніч\nосно заловореним ки, або надтрімнуті голоси, які зізнаютька капівло-""}, {""bbox"": [80, 1387, 2993, 1684], ""type"": ""handwritten"", ""text"": ""осно зазвороним про те, що, більше нічого не буде як рані""}, {""bbox"": [76, 1446, 2994, 1706], ""type"": ""handwritten"", ""text"": ""всіх, або надтрибутні чогоси, які зменшують напіввід""}, {""bbox"": [117, 1549, 2991, 1838], ""type"": ""handwritten"", ""text"": ""Навчений, поміркований, у заміненими навхрест шляхами - твій""}, {""bbox"": [120, 1663, 2959, 1941], ""type"": ""handwritten"", ""text"": ""Повернення, поновлення, із заміненими навхрест нимбами - тв""}, {""bbox"": [71, 1782, 2983, 2057], ""type"": ""handwritten"", ""text"": ""см, безважний під час вищої біди, тепер ірсеним називаються\nбути дротицю: десь у його нутрощах, у тіньовому недатинному\nмісці, світо хвальове, від""}, {""bbox"": [63, 1878, 2989, 2157], ""type"": ""handwritten"", ""text"": ""дуги дротицею: десь у його пітроцях, у тільному недатинному\nмідвані часто ховаються від бістрів люди і доглянні звірі.""}, {""bbox"": [114, 2009, 2984, 2269], ""type"": ""handwritten"", ""text"": ""двані гаєто хвільове від Бострісів люди і дослідні звіри. А деякі дії здатні умистити до розмірів ваги. Їм ні""}, {""bbox"": [167, 2092, 2719, 2392], ""type"": ""handwritten"", ""text"": ""А деяким діям здатні умістити тільки до розмірів ваги. Пор слов ті рівеньки - знавець ціну вищих переселень.""}, {""bbox"": [91, 2099, 2635, 2398], ""type"": ""handwritten"", ""text"": ""А деяким діям здатні умістити від розмірів вищі типу емов ті рівеньки - знову що ціну вищих переселень.""}, {""bbox"": [197, 2209, 2626, 2405], ""type"": ""handwritten"", ""text"": ""ур слов ті рівняння - знову ж таки вищих пересечень.""}, {""bbox"": [181, 2291, 2923, 2561], ""type"": ""handwritten"", ""text"": ""На головне - це місце сили і пам'яті роду. З нього германи""}, {""bbox"": [111, 2367, 2899, 2680], ""type"": ""handwritten"", ""text"": ""Та головне - це сім'єве сині і пам'яті роду. З нього черпають твої попередники, перемічені жорнали теплих саєв:""}, {""bbox"": [88, 2492, 2931, 2806], ""type"": ""handwritten"", ""text"": ""війнами, репресіями, боротьбою з двоголовою ідіою. Їх ламали.""}, {""bbox"": [155, 2585, 2978, 2817], ""type"": ""handwritten"", ""text"": ""пали, репресіями, боротьбою з двоголовою ідіою. Їх ламали, а""}, {""bbox"": [76, 2618, 2949, 2939], ""type"": ""handwritten"", ""text"": ""вони бились за право витіснити й зберегти в собі свої дім.""}, {""bbox"": [90, 2814, 1042, 3013], ""type"": ""handwritten"", ""text"": ""От лк і ми тпер.""}, {""bbox"": [153, 2889, 2983, 3230], ""type"": ""handwritten"", ""text"": ""і ми типу.\nЯ точно знаю - він виєтоїть, виборається, дочекається твоєго\nвильованого викид""}, {""bbox"": [78, 2967, 2949, 3459], ""type"": ""handwritten"", ""text"": ""Я точно знаю - вы выстоите, выберетесь, доженетесь твоего волю: \""Я вдруга!\"" А ты про все-все меня раз""}, {""bbox"": [78, 3228, 256, 3313], ""type"": ""handwritten"", ""text"": ""лени.""}]"
11d27c9c-9ba2-49af-8155-b6457478e75b.jpg,"[{""bbox"": [11, 120, 863, 231], ""type"": ""formula"", ""text"": ""x_{1} \\frac{2x}{a} = \\frac{11}{11} = 1, y_{1} \\frac{2y}{a} = \\frac{-6}{11} = -1 (1, -1)""}, {""bbox"": [908, 295, 1198, 374], ""type"": ""annotation"", ""text"": ""19.12.2025.""}]"
11fa2396-a758-4153-896f-0f18b14b4874.jpg,"[{""bbox"": [560, 243, 2420, 449], ""type"": ""handwritten"", ""text"": ""Требе імпувавшися, коли випадає""}, {""bbox"": [276, 438, 2720, 615], ""type"": ""handwritten"", ""text"": ""нагода, і кадами те, сер на думці. Немає""}, {""bbox"": [298, 598, 2533, 781], ""type"": ""handwritten"", ""text"": ""гаєу на півночі. Матеріальне зрихке,""}, {""bbox"": [288, 777, 2480, 966], ""type"": ""handwritten"", ""text"": ""дмитро пікає крізь пальці. Справжнім""}, {""bbox"": [299, 937, 2600, 1135], ""type"": ""handwritten"", ""text"": ""виявилось тільки те, за що не мігня""}, {""bbox"": [313, 1128, 2635, 1293], ""type"": ""handwritten"", ""text"": ""схопитись рукавом: сногаси, селіх і любов.""}, {""bbox"": [562, 1294, 2641, 1462], ""type"": ""handwritten"", ""text"": ""Име нужда плащани, когато се оттеглят.""}, {""bbox"": [312, 1487, 2725, 1658], ""type"": ""handwritten"", ""text"": ""За все те, що нікому не сьшло б з ними""}, {""bbox"": [300, 1662, 2789, 1836], ""type"": ""handwritten"", ""text"": ""станився. За те, що мій не тільки знати,""}, {""bbox"": [296, 1850, 2459, 2016], ""type"": ""handwritten"", ""text"": ""як пишеться \""даменобійний дрон\"" або""}, {""bbox"": [288, 1983, 2675, 2177], ""type"": ""handwritten"", ""text"": "", балістичне, ракета\"", а й розрізняємо їх на""}, {""bbox"": [282, 2184, 508, 2335], ""type"": ""handwritten"", ""text"": ""слух.""}, {""bbox"": [558, 2314, 2424, 2517], ""type"": ""handwritten"", ""text"": ""Росіяни хогуни, щоб леси стали""}, {""bbox"": [277, 2500, 2742, 2692], ""type"": ""handwritten"", ""text"": ""схопили на них - скили у вглиб гризоні""}, {""bbox"": [301, 2680, 2536, 2877], ""type"": ""handwritten"", ""text"": ""А мы будем это читать: вперед""}, {""bbox"": [283, 2861, 2459, 3056], ""type"": ""handwritten"", ""text"": ""історії і заради тих, хто після неї""}, {""bbox"": [285, 3042, 1890, 3223], ""type"": ""handwritten"", ""text"": ""говорившие нашою словом.""}]"
12051900-9032-4631-bcfc-fce24e43e5d8.jpg,"[{""bbox"": [70, 38, 492, 227], ""type"": ""image"", ""text"": """"}, {""bbox"": [113, 206, 1088, 309], ""type"": ""handwritten"", ""text"": ""у2 = 0,83 · 41,31 = 59,19 дол. США за барель""}, {""bbox"": [113, 206, 1088, 309], ""type"": ""formula"", ""text"": ""$$y _ { 2 } = 0 , 8 3 \\cdot 4 1 , 3 1 = 5 9 , 1 9 \\text { д о л . } \\mathrm { С Ш А } \\text { з а б а р е л }$$""}, {""bbox"": [27, 280, 1618, 393], ""type"": ""handwritten"", ""text"": ""42 = 6183 + 47,54 200,10\n\nВисновок: за даними розрахунків, карти не є випадковим поділом, оскільки""}, {""bbox"": [34, 363, 1543, 502], ""type"": ""handwritten"", ""text"": ""виконати. За даною функцією, знайти пластичності підприємства для кожної країни по модулю менше 6,""}, {""bbox"": [55, 467, 678, 555], ""type"": ""handwritten"", ""text"": ""для того, щоб потім зріс у:""}, {""bbox"": [93, 492, 1533, 611], ""type"": ""handwritten"", ""text"": ""іх того, що потім зрос у. СМТ на 1,5 % ціна має збільшитись до 82,92 грн. СМТ за барель""}, {""bbox"": [93, 502, 1510, 686], ""type"": ""handwritten"", ""text"": ""на того, що попереднє зростання СМТ на 1,5 % у цих міст збільшилось до 82,02 дол. США за барель Кирпії на 1,6 % у цих міст збільшилось до 71 дол. США за барель""}, {""bbox"": [95, 627, 1588, 776], ""type"": ""handwritten"", ""text"": ""Вищий на 1,6 % уна час знижень до 59,19 дн. СМ.І за бараль\nЯпонії на 1,4 %. Ціна має зменшитись до""}, {""bbox"": [1366, 1980, 1474, 2100], ""type"": ""handwritten"", ""text"": ""3""}]"
12113942-a50f-4d2c-b731-d8a8afb0e875.jpg,"[{""bbox"": [1520, 302, 2694, 496], ""type"": ""handwritten"", ""text"": ""Треба ніяти""}, {""bbox"": [1065, 472, 3556, 654], ""type"": ""handwritten"", ""text"": ""Жити треба цікаво: читати""}, {""bbox"": [721, 644, 3465, 820], ""type"": ""handwritten"", ""text"": ""книжки, ходит в театр, дре-""}, {""bbox"": [715, 801, 3549, 977], ""type"": ""handwritten"", ""text"": ""сверувати пса Батрона. Треба""}, {""bbox"": [709, 953, 3579, 1132], ""type"": ""handwritten"", ""text"": ""жити! Не впівсем, не трошки,""}, {""bbox"": [713, 1113, 3598, 1295], ""type"": ""handwritten"", ""text"": ""не завтра, не після. По-справжньо-""}, {""bbox"": [703, 1269, 3258, 1469], ""type"": ""handwritten"", ""text"": ""мус! Зараз. Треба падіти""}, {""bbox"": [704, 1443, 3297, 1640], ""type"": ""handwritten"", ""text"": ""котів, збирати гриби, везти""}, {""bbox"": [659, 1791, 3273, 1984], ""type"": ""handwritten"", ""text"": ""Зробите релаксацію і приносите""}, {""bbox"": [666, 1945, 3677, 2145], ""type"": ""handwritten"", ""text"": ""часть тел, кого любили. Треба""}, {""bbox"": [666, 2143, 3513, 2334], ""type"": ""handwritten"", ""text"": ""керувати сукні з лейтками,""}, {""bbox"": [638, 2312, 3642, 2508], ""type"": ""handwritten"", ""text"": ""докатити ка військо, вишуку-""}, {""bbox"": [636, 2497, 3602, 2689], ""type"": ""handwritten"", ""text"": ""вати РЕБи і генератори, а ще""}, {""bbox"": [643, 2664, 3556, 2873], ""type"": ""handwritten"", ""text"": ""напорите вгорахе в літнірі""}, {""bbox"": [638, 2856, 3782, 3065], ""type"": ""handwritten"", ""text"": ""Ботсаду, бо на перший урок треба""}, {""bbox"": [634, 3053, 2524, 3243], ""type"": ""handwritten"", ""text"": ""приносять камітанів.""}, {""bbox"": [1026, 3218, 3603, 3420], ""type"": ""handwritten"", ""text"": ""Треба любити свій дім,""}, {""bbox"": [617, 3398, 3618, 3612], ""type"": ""handwritten"", ""text"": ""навіть якщо він тилічасовий і""}, {""bbox"": [583, 3619, 3499, 3838], ""type"": ""handwritten"", ""text"": ""далеко від справжнього дому -""}, {""bbox"": [628, 3822, 2352, 4014], ""type"": ""handwritten"", ""text"": ""того, что в серии""}, {""bbox"": [991, 3997, 3700, 4215], ""type"": ""handwritten"", ""text"": ""Треба здавати кров і може""}, {""bbox"": [487, 4201, 3702, 4429], ""type"": ""handwritten"", ""text"": ""з нею ще вишломуся серед посе-""}, {""bbox"": [569, 4399, 3722, 4626], ""type"": ""handwritten"", ""text"": ""литься мобов до слів „допіру,""}, {""bbox"": [585, 4617, 2747, 4836], ""type"": ""handwritten"", ""text"": ""пітятко\"" чи \""княжні\""""}]"
121aa35c-0b20-48d9-8a3f-d8bef3b9cbf6.jpg,"[{""bbox"": [2064, 210, 2840, 488], ""type"": ""annotation"", ""text"": ""John 1912""}, {""bbox"": [1878, 862, 2243, 1014], ""type"": ""handwritten"", ""text"": ""смл""}, {""bbox"": [1988, 1001, 2137, 1203], ""type"": ""annotation"", ""text"": ""A""}, {""bbox"": [2318, 1109, 2792, 1170], ""type"": ""printed"", ""text"": ""ов язки Додат-""}, {""bbox"": [992, 1177, 1805, 1260], ""type"": ""printed"", ""text"": ""БЕНЕДІКТОВИЧ""}, {""bbox"": [2318, 1212, 2765, 1274], ""type"": ""printed"", ""text"": ""удді при Бах-""}, {""bbox"": [2323, 1319, 2737, 1377], ""type"": ""printed"", ""text"": ""ових Суддів""}, {""bbox"": [936, 1346, 1463, 1412], ""type"": ""printed"", ""text"": ""Іван Дмитрович""}, {""bbox"": [2338, 1419, 2762, 1472], ""type"": ""printed"", ""text"": ""ЕНЕДІКТОВИЧА""}, {""bbox"": [1214, 1533, 2065, 1612], ""type"": ""printed"", ""text"": ""Додатковий Мировий Суддя""}, {""bbox"": [1154, 1668, 2585, 1797], ""type"": ""printed"", ""text"": ""Просиця Мировим Суддею додатковим ННЯ.""}, {""bbox"": [1798, 1775, 2181, 2219], ""type"": ""annotation"", ""text"": ""(w384)""}, {""bbox"": [2346, 1894, 2754, 1955], ""type"": ""printed"", ""text"": ""в назначен-""}, {""bbox"": [2355, 1999, 2803, 2057], ""type"": ""printed"", ""text"": ""аційного Суд-""}, {""bbox"": [2375, 2102, 2744, 2165], ""type"": ""printed"", ""text"": ""зі 3 іздів""}, {""bbox"": [2382, 2216, 2633, 2262], ""type"": ""printed"", ""text"": ""скінчив""}, {""bbox"": [2374, 2310, 2734, 2364], ""type"": ""printed"", ""text"": ""іломом 2-ої""}, {""bbox"": [2374, 2410, 2721, 2472], ""type"": ""printed"", ""text"": ""ві юстіції""}, {""bbox"": [2378, 2514, 2735, 2578], ""type"": ""printed"", ""text"": ""років по-""}, {""bbox"": [2388, 2625, 2720, 2680], ""type"": ""printed"", ""text"": ""овенської""}, {""bbox"": [2392, 2729, 2672, 2787], ""type"": ""printed"", ""text"": ""до цього""}, {""bbox"": [2395, 2730, 2671, 2785], ""type"": ""printed"", ""text"": ""до цього""}, {""bbox"": [2400, 2820, 2762, 2891], ""type"": ""printed"", ""text"": ""ькім з'їзді""}, {""bbox"": [2397, 2932, 2729, 2996], ""type"": ""printed"", ""text"": ""им Росій-""}, {""bbox"": [2401, 3048, 2714, 3101], ""type"": ""printed"", ""text"": ""бставинах""}, {""bbox"": [2430, 3155, 2747, 3211], ""type"": ""printed"", ""text"": ""де служив""}, {""bbox"": [853, 3362, 1129, 3426], ""type"": ""printed"", ""text"": ""берні\"".-""}, {""bbox"": [943, 3783, 2410, 3854], ""type"": ""printed"", ""text"": ""Адреса моя: м. Бахмут, Садова вул. № 60.-""}, {""bbox"": [1430, 4170, 2047, 4369], ""type"": ""handwritten"", ""text"": ""Героями""}]"
12b986a4-7c98-5adb-ad30-4c4e86d4b8cf.jpg,"[{""bbox"": [646, 38, 1825, 249], ""type"": ""handwritten"", ""text"": ""Двонардые кротого""}, {""bbox"": [461, 220, 1717, 404], ""type"": ""handwritten"", ""text"": ""домашня робота""}, {""bbox"": [831, 383, 1455, 557], ""type"": ""handwritten"", ""text"": ""15239161""}, {""bbox"": [140, 539, 1568, 783], ""type"": ""formula"", ""text"": ""\\mathrm{H_{3}PO_{4} \\rightleftharpoons Ba_{3}(PO_{4})_{2}}""}, {""bbox"": [123, 731, 2542, 1043], ""type"": ""formula"", ""text"": ""\\mathrm{Al_{3}PO_{4}+3Ba(OH)_{2}\\rightarrow Ba_{3}(PO_{4})_{2}+6H_{2}O}""}]"
12f1756c-9f50-473a-8299-b46f0102d032.jpg,"[{""bbox"": [182, 221, 231, 243], ""type"": ""handwritten"", ""text"": ""/no_think""}, {""bbox"": [45, 243, 555, 292], ""type"": ""handwritten"", ""text"": ""определяют, в их шкафах бриллианты и""}, {""bbox"": [43, 291, 139, 331], ""type"": ""handwritten"", ""text"": ""здоровья?""}, {""bbox"": [74, 325, 504, 360], ""type"": ""handwritten"", ""text"": ""Оттой роки Нан Маск ще тільки не""}, {""bbox"": [50, 358, 564, 397], ""type"": ""handwritten"", ""text"": ""підзорці до інших філів - паперова книжка""}, {""bbox"": [55, 394, 559, 431], ""type"": ""handwritten"", ""text"": ""в бурші. Однак, дані науковці суперечать,""}, {""bbox"": [55, 428, 562, 464], ""type"": ""handwritten"", ""text"": ""что вам надо, пересмотрите, змотнуть загатие""}, {""bbox"": [54, 464, 509, 502], ""type"": ""handwritten"", ""text"": ""в народить в навалітних умовах нове""}, {""bbox"": [53, 501, 521, 534], ""type"": ""handwritten"", ""text"": ""шамане, то таки мудрые таинственные душе""}, {""bbox"": [50, 530, 546, 567], ""type"": ""handwritten"", ""text"": ""буде схоже на звичайний кінематографічний""}, {""bbox"": [57, 565, 536, 601], ""type"": ""handwritten"", ""text"": ""образ енитно з вашиме словоно з типик""}, {""bbox"": [58, 600, 508, 633], ""type"": ""handwritten"", ""text"": ""за повітря та точними підходами. Як""}, {""bbox"": [57, 635, 518, 671], ""type"": ""handwritten"", ""text"": ""рього, на відміну від них, такі привілеї""}, {""bbox"": [61, 671, 538, 708], ""type"": ""handwritten"", ""text"": ""відсутні, як сертетні створінок, датак""}, {""bbox"": [61, 706, 507, 743], ""type"": ""handwritten"", ""text"": ""паперу, будуть навідати. Тобі, шановний,""}, {""bbox"": [60, 741, 507, 779], ""type"": ""handwritten"", ""text"": ""і ті тоді і запалець зра електросилові""}, {""bbox"": [70, 775, 168, 802], ""type"": ""handwritten"", ""text"": ""книгами,""}, {""bbox"": [66, 806, 558, 847], ""type"": ""handwritten"", ""text"": ""Ан и не страшно — головне гітати.""}, {""bbox"": [54, 841, 562, 881], ""type"": ""handwritten"", ""text"": ""Чи так ватицько з цих носіїв. Бо книжка—""}, {""bbox"": [54, 880, 542, 929], ""type"": ""handwritten"", ""text"": ""ом думках і почутті, як на відміну від""}]"
1300b172-ae72-4b09-aa11-17200a26119a.jpg,"[{""bbox"": [461, 75, 1227, 213], ""type"": ""handwritten"", ""text"": ""Фиктампт""}, {""bbox"": [364, 215, 1281, 359], ""type"": ""handwritten"", ""text"": ""Пирога жити""}, {""bbox"": [180, 351, 1591, 501], ""type"": ""handwritten"", ""text"": ""Жити треба цікаво:""}, {""bbox"": [64, 494, 1695, 624], ""type"": ""handwritten"", ""text"": ""читати крімоки, ходити""}, {""bbox"": [55, 614, 1643, 752], ""type"": ""handwritten"", ""text"": ""в театр, дрессировать пса""}, {""bbox"": [66, 738, 1662, 868], ""type"": ""handwritten"", ""text"": ""Патрона. \""Приба жити!""}, {""bbox"": [69, 860, 1688, 1005], ""type"": ""handwritten"", ""text"": ""Не в північ, не трош-""}, {""bbox"": [68, 997, 1376, 1125], ""type"": ""handwritten"", ""text"": ""ки, не завтра, не""}, {""bbox"": [69, 1117, 1562, 1249], ""type"": ""handwritten"", ""text"": ""паяя. По-справедливому.""}, {""bbox"": [83, 1238, 1574, 1379], ""type"": ""handwritten"", ""text"": ""Зараз! Треба гладити""}, {""bbox"": [78, 1364, 1615, 1505], ""type"": ""handwritten"", ""text"": ""котів, збирати гриби,""}, {""bbox"": [85, 1490, 1324, 1632], ""type"": ""handwritten"", ""text"": ""везти цуценят из""}, {""bbox"": [65, 1618, 1597, 1759], ""type"": ""handwritten"", ""text"": ""фронтu на \""Интерсити\"",""}, {""bbox"": [45, 1748, 1632, 1881], ""type"": ""handwritten"", ""text"": ""робити релігії і при-""}, {""bbox"": [50, 1865, 1475, 2004], ""type"": ""handwritten"", ""text"": ""носити щастя тільк""}, {""bbox"": [51, 1984, 1597, 2117], ""type"": ""handwritten"", ""text"": ""ного мобилно. Треба ку-""}, {""bbox"": [49, 2100, 1583, 2248], ""type"": ""handwritten"", ""text"": ""нувати сукні з леліт-""}, {""bbox"": [55, 2232, 1467, 2367], ""type"": ""handwritten"", ""text"": ""ками і домагитися на""}, {""bbox"": [57, 2340, 1445, 2474], ""type"": ""handwritten"", ""text"": ""військо, вимукувати""}, {""bbox"": [54, 2456, 1555, 2610], ""type"": ""handwritten"", ""text"": ""27 Рейдио і генератори, а""}]"
1341c5bc-0e6e-4830-8634-a10e0228de71.jpg,"[{""bbox"": [797, 149, 1718, 311], ""type"": ""handwritten"", ""text"": ""«Ты себя жмите!»""}, {""bbox"": [700, 312, 2201, 438], ""type"": ""handwritten"", ""text"": ""Жити треба цікаво, гитати""}, {""bbox"": [551, 367, 2380, 543], ""type"": ""handwritten"", ""text"": ""Жити треда чікаво, єнтики, ходити в театр, дресиру-""}, {""bbox"": [534, 406, 2389, 535], ""type"": ""handwritten"", ""text"": ""книжки, ходити в театр, дресиру""}, {""bbox"": [531, 533, 1558, 625], ""type"": ""handwritten"", ""text"": ""вати пса Тамфона.""}, {""bbox"": [694, 605, 2428, 736], ""type"": ""handwritten"", ""text"": ""Пуреда жити. Не вітали, не трон-""}, {""bbox"": [541, 706, 2426, 839], ""type"": ""handwritten"", ""text"": ""ки, не завтра, не після. По-справжньо""}, {""bbox"": [550, 817, 2291, 942], ""type"": ""handwritten"", ""text"": ""му! Зараз! Потрібно гладити котів,""}, {""bbox"": [536, 930, 2377, 1072], ""type"": ""handwritten"", ""text"": ""збирати гриби, ведти чужемет із""}, {""bbox"": [544, 1031, 2367, 1159], ""type"": ""handwritten"", ""text"": ""фронту на інтернеті, робити ре-""}, {""bbox"": [551, 1140, 2365, 1260], ""type"": ""handwritten"", ""text"": ""монт с приносити часть тися,""}, {""bbox"": [552, 1242, 2450, 1368], ""type"": ""handwritten"", ""text"": ""кого любимо. Треба купувати сук-""}, {""bbox"": [552, 1355, 2380, 1475], ""type"": ""handwritten"", ""text"": ""ні з лелітками і дона тити на""}, {""bbox"": [555, 1461, 2432, 1575], ""type"": ""handwritten"", ""text"": ""відсвіт, вимірювати РЕБи і гоне-""}, {""bbox"": [547, 1563, 2481, 1694], ""type"": ""handwritten"", ""text"": ""ратори, а ще нимпорити вегорами""}, {""bbox"": [552, 1675, 2361, 1806], ""type"": ""handwritten"", ""text"": ""в ліон'єр'ї ботсаду, бо на перимі""}, {""bbox"": [549, 1784, 2364, 1921], ""type"": ""handwritten"", ""text"": ""урок треба принести каштанів.""}, {""bbox"": [683, 1900, 2476, 2023], ""type"": ""handwritten"", ""text"": ""Треба любити свій дім, навіть""}, {""bbox"": [546, 2014, 2478, 2141], ""type"": ""handwritten"", ""text"": ""якщо він тимчасовий і далеко від""}, {""bbox"": [542, 2125, 2508, 2264], ""type"": ""handwritten"", ""text"": ""справжнього долу - того, що всер-""}, {""bbox"": [546, 2249, 2478, 2382], ""type"": ""handwritten"", ""text"": ""іст. Треба здавати кров і, моте,""}, {""bbox"": [519, 2370, 2572, 2502], ""type"": ""handwritten"", ""text"": ""з него идёт в титлусв серии посеметвя""}, {""bbox"": [529, 2487, 2573, 2626], ""type"": ""handwritten"", ""text"": ""любов до слів \""допіру\"", \""піметко\"" зм""}, {""bbox"": [513, 2620, 1016, 2745], ""type"": ""handwritten"", ""text"": ""«килжик»""}, {""bbox"": [678, 2730, 2579, 2869], ""type"": ""handwritten"", ""text"": ""Треба німуватися, коли випадає""}, {""bbox"": [520, 2857, 2485, 2997], ""type"": ""handwritten"", ""text"": ""находа, і каяти те, що на думці,""}, {""bbox"": [514, 2991, 2577, 3128], ""type"": ""handwritten"", ""text"": ""Немає гасу на півтони. Матеріаль-""}, {""bbox"": [516, 3116, 2471, 3253], ""type"": ""handwritten"", ""text"": ""не - кривої, життя мікав крізь""}, {""bbox"": [504, 3243, 2338, 3394], ""type"": ""handwritten"", ""text"": ""пальці. Справжнім виявилося""}]"
134b0c22-9958-4f48-8349-f30862a83209.jpg,"[{""bbox"": [1197, 45, 1356, 125], ""type"": ""annotation"", ""text"": ""446""}, {""bbox"": [1381, 46, 1514, 128], ""type"": ""annotation"", ""text"": ""(34""}, {""bbox"": [45, 93, 1399, 175], ""type"": ""handwritten"", ""text"": ""псайтограмм удалось завербовать""}, {""bbox"": [60, 166, 1492, 248], ""type"": ""handwritten"", ""text"": ""більше число русалок дітей, тому""}, {""bbox"": [60, 238, 1492, 311], ""type"": ""handwritten"", ""text"": ""жаль вже після середини дріб науки""}, {""bbox"": [60, 305, 1491, 383], ""type"": ""handwritten"", ""text"": ""народ, якби були зговорилися всі ви""}, {""bbox"": [60, 374, 1492, 453], ""type"": ""handwritten"", ""text"": ""дити із севської школи і нерідко салися""}, {""bbox"": [60, 447, 1492, 527], ""type"": ""handwritten"", ""text"": ""до русакої \""3) А оці обстановище димоці""}, {""bbox"": [60, 520, 1492, 602], ""type"": ""handwritten"", ""text"": ""Игнать на сей путь идти в, Краевому цер""}, {""bbox"": [60, 596, 1491, 675], ""type"": ""handwritten"", ""text"": ""Ситавленную: = проголошено при розитог""}, {""bbox"": [60, 663, 1488, 742], ""type"": ""handwritten"", ""text"": ""У аралі: «Окреміччю звагу присвя-""}, {""bbox"": [58, 735, 1442, 814], ""type"": ""handwritten"", ""text"": ""мико нацоллу народзеволіц бухтк.""}, {""bbox"": [60, 805, 1413, 884], ""type"": ""handwritten"", ""text"": ""ницату. Головного ткацтво здатнію""}, {""bbox"": [56, 877, 1443, 973], ""type"": ""handwritten"", ""text"": ""буде розширений сільськогосподарські""}, {""bbox"": [53, 953, 1444, 1037], ""type"": ""handwritten"", ""text"": ""городом своих цит, ита серова в""}, {""bbox"": [54, 1028, 1444, 1116], ""type"": ""handwritten"", ""text"": ""въховувавшіхъ дѣйств. Будѣмо сроч""}, {""bbox"": [57, 1110, 1444, 1190], ""type"": ""handwritten"", ""text"": ""чайной, чтобы по всей линии вагонов,""}, {""bbox"": [53, 1184, 1444, 1269], ""type"": ""handwritten"", ""text"": ""де просло госу нема ані ухови, ані""}, {""bbox"": [61, 1263, 1491, 1350], ""type"": ""handwritten"", ""text"": ""учителів, були організовані порядачі""}, {""bbox"": [62, 1342, 1492, 1429], ""type"": ""handwritten"", ""text"": ""ичкови, цуба на Ніжкарій амігито не од""}, {""bbox"": [60, 1420, 1491, 1505], ""type"": ""handwritten"", ""text"": ""но Атеї одро село бу сухови......""}, {""bbox"": [68, 1497, 1492, 1591], ""type"": ""handwritten"", ""text"": ""Виразно підтверджуємо, що відноситься на_""}, {""bbox"": [62, 1576, 1487, 1654], ""type"": ""handwritten"", ""text"": ""рід культурно мовних звичок в його""}, {""bbox"": [61, 1583, 1484, 1664], ""type"": ""handwritten"", ""text"": ""рід культурно людина лише в собо""}, {""bbox"": [60, 1653, 1492, 1747], ""type"": ""handwritten"", ""text"": ""рідній селові, котому його уважно вимо""}, {""bbox"": [58, 1741, 862, 1838], ""type"": ""handwritten"", ""text"": ""а Овоща\"" Журн. 1926 г. VI.""}]"
140b17cd-461e-4ee6-bf04-4b822997e247.jpg,"[{""bbox"": [21, 10, 289, 82], ""type"": ""handwritten"", ""text"": ""Завдання 3.""}, {""bbox"": [832, 31, 935, 90], ""type"": ""annotation"", ""text"": ""70""}, {""bbox"": [39, 81, 1484, 147], ""type"": ""handwritten"", ""text"": ""Інтервенційна чи на - це чи на, як їхою державні органи або спеціально""}, {""bbox"": [27, 144, 1566, 212], ""type"": ""handwritten"", ""text"": ""уновновлені організації склубують сільськогосподарську продукцію, щоб підтримати""}, {""bbox"": [23, 200, 1547, 270], ""type"": ""handwritten"", ""text"": ""фермерів та стабілізувати ринок. Це мінімальний рівень чини, народжують""}, {""bbox"": [20, 252, 1565, 338], ""type"": ""handwritten"", ""text"": ""вчинене якого чини на продукцію не впливається, оскільки держава виступає""}, {""bbox"": [21, 317, 225, 366], ""type"": ""handwritten"", ""text"": ""покупаем.""}, {""bbox"": [34, 385, 290, 454], ""type"": ""handwritten"", ""text"": ""Завдання 4""}, {""bbox"": [1062, 411, 1192, 450], ""type"": ""annotation"", ""text"": ""20""}, {""bbox"": [43, 531, 293, 611], ""type"": ""handwritten"", ""text"": ""Задание 5""}, {""bbox"": [954, 547, 1074, 600], ""type"": ""annotation"", ""text"": ""20""}, {""bbox"": [11, 605, 1493, 686], ""type"": ""handwritten"", ""text"": ""1) На сучасному європейському ринку, враховуючи його різноманітність та""}, {""bbox"": [22, 680, 1605, 746], ""type"": ""handwritten"", ""text"": ""фрагментованість (через мовні та технічні відмінності, а також різні платформи системи),""}, {""bbox"": [34, 736, 1559, 796], ""type"": ""handwritten"", ""text"": ""Найбільш ефективно можуть діяти компанії типу \""Click-and-mortar\"", що поєднують""}, {""bbox"": [48, 897, 1612, 990], ""type"": ""handwritten"", ""text"": ""критично важливим на ринках, де електронна торгівля комерція ще не повністю""}, {""bbox"": [37, 956, 1536, 1044], ""type"": ""handwritten"", ""text"": ""заклади. Кінцеві чиновці відіграють логічну, отримати консультацію та отримати""}, {""bbox"": [28, 1021, 1472, 1096], ""type"": ""handwritten"", ""text"": ""товар особисто. По-друге, такі компанії можуть впроваджувати, омніканальну""}, {""bbox"": [25, 1079, 1542, 1153], ""type"": ""handwritten"", ""text"": ""стратегію, яка забезпечує безпосередній доступ для війська, незалежно від того, де він""}, {""bbox"": [22, 1138, 1417, 1216], ""type"": ""handwritten"", ""text"": ""бажано діє з брендом - онлайн та офлайн (це покращує діяльність продажів).""}, {""bbox"": [22, 1208, 1522, 1283], ""type"": ""handwritten"", ""text"": ""2) Для подальшого розвитку електронного бізнесу в Європі необхідно сівкорити""}, {""bbox"": [25, 1272, 1444, 1344], ""type"": ""handwritten"", ""text"": ""нижу волимливих переру́дів. Насамперед, це парламенда́ція законодавства та""}, {""bbox"": [23, 1317, 1537, 1400], ""type"": ""handwritten"", ""text"": ""регулювання між країнами ЄС, особливо у сферах захисту прав споживачів""}, {""bbox"": [22, 1379, 1527, 1460], ""type"": ""handwritten"", ""text"": ""відображування на умісту даних (GDPR), що може супроводжувати практикою""}, {""bbox"": [24, 1443, 1506, 1527], ""type"": ""handwritten"", ""text"": ""електронну комерцію. Також важливим кроком є уніфікація практикних""}, {""bbox"": [25, 1505, 1488, 1587], ""type"": ""handwritten"", ""text"": ""систем, щоб позаявлення процес, покупки клієнтів та інтеграцію для бізнесу.""}, {""bbox"": [26, 1547, 1423, 1653], ""type"": ""handwritten"", ""text"": ""Ще розвивати логістичну інфраструктуру. Всі ці фактори допоможуть""}, {""bbox"": [27, 1616, 1585, 1720], ""type"": ""handwritten"", ""text"": ""Європейському електронному біржеві на тільки народного, а й винедичит""}, {""bbox"": [34, 1679, 1312, 1784], ""type"": ""handwritten"", ""text"": ""інші ринки, використовуючи всі більш передові технології;""}]"
14fce619-19e9-569d-89ff-6a48c7a4f22b.jpg,"[{""bbox"": [236, 18, 1547, 152], ""type"": ""handwritten"", ""text"": ""8. Густота населення України - 70 осіб/км²""}, {""bbox"": [662, 159, 1106, 243], ""type"": ""handwritten"", ""text"": ""gang x e. 195""}, {""bbox"": [257, 243, 1506, 337], ""type"": ""handwritten"", ""text"": ""Найбільше у рокі відіграють екологічні чинники.""}, {""bbox"": [248, 337, 1491, 455], ""type"": ""handwritten"", ""text"": ""9 зв'язку з вибухом АЕС у Горноці все""}, {""bbox"": [202, 452, 1673, 552], ""type"": ""handwritten"", ""text"": ""миселення з того регіону було переселено. Саме""}, {""bbox"": [206, 551, 1612, 637], ""type"": ""handwritten"", ""text"": ""тому у Північній частині країни найменше""}, {""bbox"": [209, 651, 1575, 735], ""type"": ""handwritten"", ""text"": ""густота населення, а на Заході найбільше.""}, {""bbox"": [707, 748, 1093, 833], ""type"": ""handwritten"", ""text"": ""Зап. 3 с. 255""}, {""bbox"": [294, 851, 1687, 943], ""type"": ""handwritten"", ""text"": ""Населённым пунктом называют такие поселения""}, {""bbox"": [223, 967, 1687, 1059], ""type"": ""handwritten"", ""text"": ""виклики як осередки розвитку ремесел торгівлі""}, {""bbox"": [204, 1071, 1687, 1165], ""type"": ""handwritten"", ""text"": ""оборотні пункти пізніше звільняються за вільним""}, {""bbox"": [204, 1172, 1687, 1260], ""type"": ""handwritten"", ""text"": ""населения. Вони ставали центрами культури, освіти""}, {""bbox"": [206, 1278, 1573, 1385], ""type"": ""handwritten"", ""text"": ""декулярної та оборонної промисловості міжних""}, {""bbox"": [207, 1400, 1043, 1514], ""type"": ""handwritten"", ""text"": ""музей спорт послуг.""}, {""bbox"": [282, 1498, 1672, 1608], ""type"": ""handwritten"", ""text"": ""Населений пункт - місця концентрації людей""}, {""bbox"": [184, 1619, 1687, 1738], ""type"": ""handwritten"", ""text"": ""разом із житловою, курінничою та обалюючуа""}, {""bbox"": [188, 1733, 1687, 1849], ""type"": ""handwritten"", ""text"": ""пою завудозою а окуту реними миаиофами""}, {""bbox"": [737, 1853, 1306, 1960], ""type"": ""handwritten"", ""text"": ""jang u c. 255""}, {""bbox"": [233, 1992, 581, 2074], ""type"": ""formula"", ""text"": ""(913-34,2""}, {""bbox"": [237, 2109, 666, 2207], ""type"": ""formula"", ""text"": ""1940-31,3""}]"
151eddb2-dedf-4ab3-a536-a47483708b8b.jpg,"[{""bbox"": [1140, 7, 1283, 190], ""type"": ""handwritten"", ""text"": ""ε""}, {""bbox"": [254, 206, 1697, 501], ""type"": ""formula"", ""text"": ""-p^{2}-6 p+64=p^{2}+8 p+4""}, {""bbox"": [266, 497, 1966, 738], ""type"": ""formula"", ""text"": ""$$0 = ( p ^ { 2 } + p ^ { 2 } ) + ( 8 p + 6 p ) + ( 4 - 6 4 )$$""}, {""bbox"": [281, 773, 1228, 977], ""type"": ""formula"", ""text"": ""$$\\theta = 2 p ^ { 2 } + 1 4 p - 6 0$$""}, {""bbox"": [248, 966, 1086, 1175], ""type"": ""formula"", ""text"": ""p^{2}+4p-30=0""}, {""bbox"": [3213, 969, 4666, 1308], ""type"": ""formula"", ""text"": ""$$\\frac { 1 } { 3 } = \\frac { 5 } { 2 } = \\frac { 1 + 3 } { 1 + 1 } = \\cos \\theta$$""}, {""bbox"": [229, 1173, 1315, 1517], ""type"": ""formula"", ""text"": ""$$p = \\frac { - 4 \\pm \\sqrt { 4 ^ { 2 } - 4 ( 7 ) ( - 3 0 ) } } { - 4 \\pm \\sqrt { 4 8 + 7 2 0 } }$$""}, {""bbox"": [3296, 1285, 4675, 1608], ""type"": ""formula"", ""text"": ""$$\\left[ \\frac { 1 } { \\sin x } - \\frac { 1 } { \\tan x } \\right] \\cdot \\frac { 1 } { \\cos x } =$$""}, {""bbox"": [226, 1410, 1095, 1670], ""type"": ""formula"", ""text"": ""$$p = \\frac { - 4 \\pm \\sqrt { 4 8 + 7 2 0 } } { 2 }$$""}, {""bbox"": [4110, 1589, 4675, 1913], ""type"": ""formula"", ""text"": ""$$= \\frac { 1 } { 2 } [ x _ { 3 } ] _ { 1 } ^ { 3 }$$""}, {""bbox"": [226, 1653, 914, 1920], ""type"": ""formula"", ""text"": ""$$p = \\frac { - b \\pm \\sqrt { b ^ { 2 } - 4 a c } } { 2 }$$""}, {""bbox"": [226, 1907, 844, 2096], ""type"": ""formula"", ""text"": ""p = \\frac{-4 \\pm 13}{2}""}, {""bbox"": [3635, 1927, 4670, 2270], ""type"": ""formula"", ""text"": ""$$= \\frac { 1 } { 2 } \\left( \\frac { 1 } { ( 1 - 3 ) ^ { 2 } } - \\frac { 1 } { ( 1 - 1 ) ^ { 2 } } \\right)$$""}, {""bbox"": [221, 2128, 1471, 2367], ""type"": ""formula"", ""text"": ""$$p = p _ { 1 } = \\frac { - 8 4 + 1 3 } { 2 } = \\frac { - 6 } { 2 } = 3$$""}, {""bbox"": [4146, 2258, 4667, 2532], ""type"": ""formula"", ""text"": ""$$\\left( \\frac { 1 } { 2 } - \\frac { 1 } { 3 } \\right) \\div \\frac { 1 } { 2 } =$$""}, {""bbox"": [397, 2380, 1671, 2635], ""type"": ""formula"", ""text"": ""$$p _ { 2 } = \\frac { - 4 - 1 3 } { 2 } = \\frac { - 2 0 } { 2 } = - 1 0$$""}, {""bbox"": [4116, 2537, 4658, 2840], ""type"": ""formula"", ""text"": ""$$\\left( \\frac { 9 } { 4 } - \\frac { 1 } { 6 } \\right) \\div \\frac { 1 } { 2 } =$$""}, {""bbox"": [236, 2653, 3692, 2888], ""type"": ""handwritten"", ""text"": ""Корінь р2 = -10, відкидається; р ≠ -0,5, р = 3, Відповідь: р* = 3""}, {""bbox"": [4192, 2816, 4660, 3071], ""type"": ""formula"", ""text"": ""$$\\left( \\frac { 2 } { 3 } - \\right) \\frac { 1 } { 2 } =$$""}, {""bbox"": [218, 2866, 1278, 3034], ""type"": ""handwritten"", ""text"": ""781 I = ∫ cos(5x)dx""}, {""bbox"": [3259, 3083, 4650, 3370], ""type"": ""handwritten"", ""text"": ""$\\frac{2}{3}-\\frac{5}{6}=-\\frac{1}{6},\\frac{5}{6}-\\frac{8}{6}=-\\frac{3}{6}$""}, {""bbox"": [385, 3127, 747, 3271], ""type"": ""formula"", ""text"": ""u = 5x""}, {""bbox"": [332, 3310, 1106, 3496], ""type"": ""formula"", ""text"": ""du = d(5x) = 5dx""}, {""bbox"": [4485, 3353, 4675, 3505], ""type"": ""handwritten"", ""text"": ""(2)""}, {""bbox"": [3851, 3426, 4485, 3811], ""type"": ""formula"", ""text"": ""$$x = \\left| \\begin{array} { c c c } { 1 } & { 2 } & { - 1 } \\\\ { 2 } & { 3 } & { - 2 } \\\\ { 1 } & { 3 } & { 0 } \\end{array} \\right|$$""}, {""bbox"": [365, 3513, 862, 3727], ""type"": ""formula"", ""text"": ""dx = \\frac{1}{5} du""}, {""bbox"": [279, 3720, 1209, 3953], ""type"": ""handwritten"", ""text"": ""I = ∫ cos(t(u)) (1/5) du""}, {""bbox"": [242, 4002, 1122, 4235], ""type"": ""handwritten"", ""text"": ""I = \\frac{1}{5} \\int \\cos(u) du""}, {""bbox"": [210, 4253, 985, 4472], ""type"": ""formula"", ""text"": ""I = \\frac{1}{5} \\sin (u) + C""}, {""bbox"": [210, 4254, 983, 4469], ""type"": ""handwritten"", ""text"": ""I = \\frac{1}{5} \\sin (u) + C""}, {""bbox"": [3278, 4464, 4625, 4808], ""type"": ""formula"", ""text"": ""$$\\frac { \\alpha _ { 1 } + \\alpha _ { 2 } \\beta t + \\alpha _ { 3 } \\gamma t ^ { 2 } } { \\beta _ { 1 } - \\alpha _ { 1 } \\beta + ( \\beta _ { 2 } + \\alpha _ { 2 } ) \\gamma t + \\alpha _ { 3 } \\gamma ^ { 2 } t ^ { 2 } } \\quad \\mathrm { w h e r e } \\quad \\alpha _ { i } \\neq 0$$""}, {""bbox"": [205, 4485, 2537, 4754], ""type"": ""handwritten"", ""text"": ""I = 1/5 sin(15x) + C; Bignobig6: I = 1/5 sin(15x) + C""}, {""bbox"": [203, 4741, 1920, 4955], ""type"": ""handwritten"", ""text"": ""49) має єдиний розв'язок""}, {""bbox"": [3607, 4824, 4485, 5011], ""type"": ""formula"", ""text"": ""$(8+59)11+54c9=11$""}, {""bbox"": [189, 4928, 1686, 5143], ""type"": ""formula"", ""text"": ""20) f(x)=\\frac{1+x}{1+x^{2}} y monyi x=1""}, {""bbox"": [3157, 5013, 4494, 5163], ""type"": ""formula"", ""text"": ""$G_{15}=8+S_{15}=(\\frac{1}{2}+1)\\cdot(\\frac{5}{2}+1)\\sim N$""}, {""bbox"": [316, 5136, 1160, 5404], ""type"": ""formula"", ""text"": ""$$\\left( \\frac { u } { v } \\right) ^ { \\prime } = \\frac { v u ^ { \\prime } - u v ^ { \\prime } } { v ^ { 2 } }$$""}, {""bbox"": [3464, 5189, 4497, 5376], ""type"": ""formula"", ""text"": ""$$\\therefore ( x _ { 3 } + x _ { 3 } ^ { 3 } + x _ { 3 } ^ { 5 } - 1 )$$""}, {""bbox"": [275, 5357, 1733, 5688], ""type"": ""formula"", ""text"": ""$$f ^ { \\prime } ( x ) = \\frac { ( \\frac { 1 } { x } ) ( 1 + x ^ { 2 } ) - ( \\ln x ) ( 2 x ) } { ( 1 + x ^ { 2 } ) ^ { 2 } }$$""}, {""bbox"": [282, 5364, 1741, 5685], ""type"": ""formula"", ""text"": ""$$f ^ { \\prime } ( x ) = \\frac { ( \\frac { 1 } { x } ) ( 1 + x ^ { 2 } ) - ( \\ln x ) ( 2 x ) } { ( 1 + x ^ { 2 } ) ^ { 2 } }$$""}, {""bbox"": [3615, 5396, 4499, 5557], ""type"": ""formula"", ""text"": ""D = m^2 + 8m + 4m^2 + 16m + 16""}, {""bbox"": [286, 5621, 1404, 5931], ""type"": ""formula"", ""text"": ""$$f ^ { \\prime } ( x ) : \\frac { \\frac { 1 } { x ^ { 2 } } - 2 x \\ln x } { ( 1 + x ^ { 2 } ) ^ { 2 } }$$""}, {""bbox"": [2887, 5629, 4508, 5934], ""type"": ""formula"", ""text"": ""$$\\frac { P _ { \\mathrm { \\scriptsize ~ m a x } } \\cos \\alpha } { \\sigma _ { \\mathrm { \\scriptsize ~ m a x } } } = \\frac { \\left( 3 \\pi ^ { 2 } + 4 \\pi \\right) \\left( 3 \\pi ^ { 2 } + 3 \\pi \\right) } { 4 \\pi ^ { 2 } - 4 \\pi + 3 \\pi ^ { 2 } }$$""}, {""bbox"": [269, 5892, 1460, 6175], ""type"": ""formula"", ""text"": ""$$f ^ { \\prime } ( 1 ) = \\frac { 1 + ( 1 ) ^ { 2 } - 2 ( 1 ) \\ln ( 1 ) } { [ 1 + ( 1 ) ^ { 2 } ] ^ { 2 } }$$""}, {""bbox"": [255, 6152, 1176, 6439], ""type"": ""formula"", ""text"": ""$$f ( 1 ) = \\frac { 1 + 1 - 2 ( 0 ) } { ( 1 + 1 ) ^ { 2 } }$$""}, {""bbox"": [3185, 6278, 4451, 6519], ""type"": ""handwritten"", ""text"": ""0:26160000000000000000000000000000000000000000000000000000000000000000000000000000000000000000000000000000000000000000000000000000000000000000000000000000000000000000000000000000000000000000000000000000000000000000000000000000000000000000000000000000000000""}, {""bbox"": [254, 6424, 913, 6643], ""type"": ""formula"", ""text"": ""f'(1) = \\frac{2 - 0}{2^2}""}, {""bbox"": [3865, 6517, 4479, 6666], ""type"": ""formula"", ""text"": ""EP = 269 (x^p)""}, {""bbox"": [238, 6641, 702, 6817], ""type"": ""formula"", ""text"": ""f'(1) = \\frac{2}{y}""}, {""bbox"": [239, 6642, 699, 6818], ""type"": ""formula"", ""text"": ""f'(1) = \\frac{2}{y}""}, {""bbox"": [3205, 6651, 4417, 6921], ""type"": ""formula"", ""text"": ""$$\\frac { x + 4 5 + 5 0 } { x + 9 5 } = \\frac { x 2 + 9 3 - 9 1 } { 1 + 9 5 }$$""}, {""bbox"": [220, 6783, 1362, 6995], ""type"": ""handwritten"", ""text"": ""f'(1)=1/2, Bignakigb: 1/2""}]"
158dffcf-d9ef-4c75-9081-22414baed387.jpg,"[{""bbox"": [654, 545, 2931, 731], ""type"": ""handwritten"", ""text"": ""Треба цілуватися, коли випадає""}, {""bbox"": [350, 692, 2885, 848], ""type"": ""handwritten"", ""text"": ""нагода : ходати те, що на думці""}, {""bbox"": [343, 816, 2921, 995], ""type"": ""handwritten"", ""text"": ""Жила касу на пів-тони. Матеріаль-""}, {""bbox"": [316, 965, 2959, 1149], ""type"": ""handwritten"", ""text"": ""не - хриєске, асисття тікає крізь кальці,""}, {""bbox"": [323, 1077, 2897, 1286], ""type"": ""handwritten"", ""text"": ""Справжнім виявилося тільки те, до цьо""}, {""bbox"": [306, 1264, 2895, 1442], ""type"": ""handwritten"", ""text"": ""не можема схопитись духами: спо-""}, {""bbox"": [294, 1403, 1698, 1543], ""type"": ""handwritten"", ""text"": ""годи, сім'ях і любові.""}, {""bbox"": [557, 1531, 2963, 1720], ""type"": ""handwritten"", ""text"": ""Не треба плакати, коли любить""}, {""bbox"": [267, 1676, 2901, 1858], ""type"": ""handwritten"", ""text"": ""ся. За все те, що не мав ніколи би""}, {""bbox"": [274, 1845, 2889, 2007], ""type"": ""handwritten"", ""text"": ""мало з нашої статися. За те, що""}, {""bbox"": [280, 1993, 2898, 2149], ""type"": ""handwritten"", ""text"": ""ми не тільки знавимо, як не мається""}, {""bbox"": [271, 2125, 2922, 2301], ""type"": ""handwritten"", ""text"": ""дальновидний дрон або балістичний""}, {""bbox"": [274, 2283, 2955, 2466], ""type"": ""handwritten"", ""text"": ""ракета, а й розділили їх на сеук,""}, {""bbox"": [464, 2420, 2814, 2604], ""type"": ""handwritten"", ""text"": ""Восімн хокуть, щоб ми стали""}, {""bbox"": [267, 2584, 2657, 2759], ""type"": ""handwritten"", ""text"": ""схожими на неё - синими у""}, {""bbox"": [252, 2880, 2742, 3058], ""type"": ""handwritten"", ""text"": ""вікаво всупереч історії і заради""}, {""bbox"": [251, 3030, 2867, 3214], ""type"": ""handwritten"", ""text"": ""тех, кто писал нас говорятиме""}, {""bbox"": [252, 3190, 1476, 3333], ""type"": ""handwritten"", ""text"": ""какою любою.""}]"
15b01904-3e29-5816-abc2-574e00458aea.jpg,"[{""bbox"": [604, 1388, 1239, 1520], ""type"": ""handwritten"", ""text"": ""десяте морого""}, {""bbox"": [562, 1513, 1290, 1675], ""type"": ""handwritten"", ""text"": ""Данная работа""}, {""bbox"": [171, 1525, 2898, 1803], ""type"": ""handwritten"", ""text"": ""Домашня робота\n1. Оказ Ерасима Камітки \""Сто тисяч\"" - це сільський баладій""}, {""bbox"": [171, 1598, 2897, 1828], ""type"": ""handwritten"", ""text"": ""1. Образ Ерасима Камитки \""Сто тисяч\"" - уе сільський волати""}, {""bbox"": [228, 1669, 2899, 1957], ""type"": ""handwritten"", ""text"": ""Ураз Трассима Калиткин: «Сто тисяч... Заради цього він недосягає і найбільше бажання якого - звільнення,""}, {""bbox"": [208, 1749, 2912, 2099], ""type"": ""handwritten"", ""text"": ""найбільше бажання якого - зваблення, заради цього він нервовий і нерідко, сам тяжко працює і своїм рідним не дає спуску. Жити""}, {""bbox"": [206, 1889, 2923, 2116], ""type"": ""handwritten"", ""text"": ""надійде, сам тяжко працює і своїм рідним не дає спуску. Якщо""}, {""bbox"": [169, 1990, 2927, 2259], ""type"": ""handwritten"", ""text"": ""недійде, сам тяглою працює в його розумінні складається з двох понять - грамати і землі,""}, {""bbox"": [162, 2064, 2937, 2392], ""type"": ""handwritten"", ""text"": ""В його розумінні складається з двох понять - грамати і звучання, всі думки його і мрії, розмови і вчинки базуються на них""}, {""bbox"": [149, 2200, 2950, 2412], ""type"": ""handwritten"", ""text"": ""всі думки його і мій; розмови і вчинки базуються на них""}, {""bbox"": [115, 2346, 2946, 2561], ""type"": ""handwritten"", ""text"": ""2. Калимка: „... Как Бог вкріме, а то жує та й жує,""}, {""bbox"": [167, 2533, 2819, 2765], ""type"": ""handwritten"", ""text"": ""мо душу з тебе вилитує: люб з їдас і час пайть""}]"
15c9fa9d-bd4c-42bb-a928-89ca886d0595.jpg,"[{""bbox"": [134, 177, 458, 217], ""type"": ""handwritten"", ""text"": ""Високи княжкової ери""}, {""bbox"": [95, 224, 475, 257], ""type"": ""handwritten"", ""text"": ""Оваприкінці мінімального тисячоліття""}, {""bbox"": [52, 246, 442, 279], ""type"": ""handwritten"", ""text"": ""ритаги стурбовано записували:""}, {""bbox"": [51, 248, 440, 279], ""type"": ""handwritten"", ""text"": ""виміряли стурбовано депістібували:""}, {""bbox"": [56, 264, 466, 300], ""type"": ""handwritten"", ""text"": ""істазі стуробові, Усвєє експіровані касії випіснятів""}, {""bbox"": [51, 266, 489, 320], ""type"": ""handwritten"", ""text"": ""\""Уважає енергетичні космічні випромінювання традиційну книжку? Але коли Ярослав""}, {""bbox"": [51, 267, 476, 320], ""type"": ""handwritten"", ""text"": ""\""Чи вважаєте ви, що вони виконують \""традиційну книжку\""? Але коли ви в""}, {""bbox"": [52, 330, 487, 364], ""type"": ""handwritten"", ""text"": ""серія романів розділяється стилістичними""}, {""bbox"": [51, 358, 469, 383], ""type"": ""handwritten"", ""text"": ""найдем, что плотность в трахеи не влек""}, {""bbox"": [53, 377, 150, 399], ""type"": ""handwritten"", ""text"": ""честной.""}, {""bbox"": [85, 396, 516, 421], ""type"": ""handwritten"", ""text"": ""Своярні більші-менші зрозуміло, що експерти-""}, {""bbox"": [56, 415, 549, 444], ""type"": ""handwritten"", ""text"": ""рокні косі, пранайочні пови + що, не співберігають""}, {""bbox"": [54, 439, 488, 461], ""type"": ""handwritten"", ""text"": ""хімічної загрози паперовими книгами.""}, {""bbox"": [56, 455, 530, 479], ""type"": ""handwritten"", ""text"": ""Ніяких змін не вини не виражено. Задано""}, {""bbox"": [53, 477, 510, 500], ""type"": ""handwritten"", ""text"": ""це юз так сотує нас до датерів македонське.""}, {""bbox"": [54, 497, 520, 522], ""type"": ""handwritten"", ""text"": ""це він підсудний нам відомостям, щоб ми змогли""}, {""bbox"": [53, 517, 535, 541], ""type"": ""handwritten"", ""text"": ""колись зібрати з собою на інші планети або""}, {""bbox"": [53, 534, 521, 562], ""type"": ""handwritten"", ""text"": ""унаблені книжки, музика, фотографії, кав-""}, {""bbox"": [52, 555, 530, 580], ""type"": ""handwritten"", ""text"": ""тани, бо як інакше вдягатися б це зробити?""}, {""bbox"": [87, 575, 537, 601], ""type"": ""handwritten"", ""text"": ""отоле, дожи Звон. Масер ще търси на рів-""}, {""bbox"": [50, 598, 521, 621], ""type"": ""handwritten"", ""text"": ""доро́ги до інших сьвітів, паперова ри́хлера с""}, {""bbox"": [49, 617, 532, 643], ""type"": ""handwritten"", ""text"": ""відпеці. Однак, деякі науковці стверджують,""}, {""bbox"": [46, 639, 541, 663], ""type"": ""handwritten"", ""text"": ""яко коли люди нарешті змогають вказати і на-""}, {""bbox"": [45, 660, 521, 686], ""type"": ""handwritten"", ""text"": ""рецитін в Космічному цивілах наве психтія, т""}, {""bbox"": [48, 681, 528, 710], ""type"": ""handwritten"", ""text"": ""такие жорские дитя буде охолое, радше, на""}, {""bbox"": [40, 700, 556, 735], ""type"": ""handwritten"", ""text"": ""днівніми вінніматофарігним ограх Експ.ятка,""}, {""bbox"": [38, 725, 505, 756], ""type"": ""handwritten"", ""text"": ""з великою любов'ю, омила не пів обличчя""}, {""bbox"": [41, 740, 532, 775], ""type"": ""handwritten"", ""text"": ""важкими міздрами. Але нічого, на відміну від""}, {""bbox"": [41, 751, 536, 799], ""type"": ""handwritten"", ""text"": ""впливи на відділи. Для нього, на відміну від нас, такі привинні відкриття вважаються спо-""}, {""bbox"": [39, 795, 528, 847], ""type"": ""handwritten"", ""text"": ""стек, давай паперу віддати невірні. Госп, ки певна, все що туті званце ера електронний кицері""}, {""bbox"": [39, 830, 133, 856], ""type"": ""handwritten"", ""text"": ""книжки.""}, {""bbox"": [64, 841, 516, 898], ""type"": ""handwritten"", ""text"": ""Аже й це-не страшно, головне - витрати, і""}, {""bbox"": [44, 877, 542, 927], ""type"": ""handwritten"", ""text"": ""не так власиво, з яких носіїв. Дворянськи-""}]"
1642dd31-e018-441a-97ee-3b9a619798ed.jpg,"[{""bbox"": [464, 135, 1998, 254], ""type"": ""handwritten"", ""text"": ""ТОВ. М. Н. Шафовалов""}, {""bbox"": [2209, 145, 2330, 325], ""type"": ""annotation"", ""text"": ""96""}, {""bbox"": [743, 314, 2569, 389], ""type"": ""printed"", ""text"": ""Запрошується Вас на Загальні збори Празького від-""}, {""bbox"": [594, 424, 2471, 497], ""type"": ""printed"", ""text"": ""ділу, котрі відбудуться в пятницю 28 цього січня о""}, {""bbox"": [586, 527, 2432, 594], ""type"": ""printed"", ""text"": ""3 год. пополудні в помешканні: Прага III, Шежікова""}, {""bbox"": [593, 631, 1680, 697], ""type"": ""printed"", ""text"": ""зі слідуючим порядком денним:""}, {""bbox"": [916, 723, 2052, 792], ""type"": ""printed"", ""text"": ""Зміни в складі членів відділу.""}, {""bbox"": [869, 787, 1858, 850], ""type"": ""printed"", ""text"": "". Матеріали до Конференції,""}, {""bbox"": [952, 843, 1311, 898], ""type"": ""printed"", ""text"": ""Інформації""}, {""bbox"": [827, 887, 1453, 951], ""type"": ""printed"", ""text"": ""4. Біжучі справи.""}, {""bbox"": [1676, 976, 2281, 1048], ""type"": ""printed"", ""text"": ""Президія.""}, {""bbox"": [445, 1079, 897, 1155], ""type"": ""printed"", ""text"": ""25/I-1927 p.""}]"
1646ae0b-5f44-4cc3-84fa-5a14cf09be3e.jpg,"[{""bbox"": [99, 102, 629, 310], ""type"": ""image"", ""text"": """"}, {""bbox"": [86, 378, 756, 467], ""type"": ""handwritten"", ""text"": ""8. Хорошевская 7.7.""}, {""bbox"": [112, 658, 419, 751], ""type"": ""formula"", ""text"": ""i_{d_1} = 1584""}, {""bbox"": [108, 763, 441, 866], ""type"": ""formula"", ""text"": ""$$l _ { a 5 } = 1 , 2 8 7$$""}, {""bbox"": [101, 900, 864, 1060], ""type"": ""formula"", ""text"": ""$$I _ { d } ^ { c a p . c . p . } = \\frac { i _ { d 3 } + i _ { d 4 } + i _ { d 5 } } { 3 }$$""}, {""bbox"": [88, 1095, 1332, 1247], ""type"": ""formula"", ""text"": ""$$I _ { q } ^ { \\mathrm { c a p . a p } } = \\frac { 1 , 8 8 4 + 1 , 5 8 4 + 1 , 2 8 7 } { 3 } = \\frac { 4 , 7 5 5 } { 3 } = 1 , 5 8 5$$""}, {""bbox"": [85, 1362, 722, 1489], ""type"": ""formula"", ""text"": ""$$I _ { a } ^ { a p } = I _ { 9 } ^ { c e p . a p . } = 1 , 5 8 5$$""}, {""bbox"": [151, 1542, 719, 1649], ""type"": ""formula"", ""text"": ""$$\\Delta Q = (I_{d} - 1) \\cdot Q_{0}$$""}, {""bbox"": [154, 1712, 1191, 1801], ""type"": ""formula"", ""text"": ""$$\\Delta Q = 1 , 5 8 5 - 1 = 0 , 5 8 5 \\cdot 1 0 0 \\% = 5 8 , 5 .$$""}, {""bbox"": [122, 1898, 1574, 1979], ""type"": ""handwritten"", ""text"": ""Опте, дея банків 3-5 середніх арифметичних""}, {""bbox"": [72, 2004, 1711, 2104], ""type"": ""handwritten"", ""text"": ""загальний індекс фізичного обсягу реалізації, обчислений""}, {""bbox"": [103, 2115, 1914, 2216], ""type"": ""handwritten"", ""text"": ""за даними графи \""Ф\"" становив 1,585, і є належним""}, {""bbox"": [91, 2207, 1523, 2292], ""type"": ""handwritten"", ""text"": ""агрегатному індексу. Ув світимо про зростання""}, {""bbox"": [82, 2285, 1669, 2383], ""type"": ""handwritten"", ""text"": ""фізичного обсягу реалізують на 58,5 % у звітному""}, {""bbox"": [54, 2404, 970, 2495], ""type"": ""handwritten"", ""text"": ""періоді порівняно з базисним.""}, {""bbox"": [541, 2628, 676, 2719], ""type"": ""annotation"", ""text"": ""3ap""}, {""bbox"": [57, 2641, 354, 2705], ""type"": ""annotation"", ""text"": ""24.12.2025""}]"
172ded73-72b7-50cd-ac5f-1fb6e90a9496.jpg,"[{""bbox"": [246, 1051, 2035, 1155], ""type"": ""printed"", ""text"": ""170 І. Спишіть речення, розкриваючи дужки. Доведіть, що всі ці речення є узагальнюючими. Підкресліть головні члени речення.""}, {""bbox"": [243, 1123, 1326, 1186], ""type"": ""printed"", ""text"": ""нено-особовими. Підкресліть головні члени речення.""}, {""bbox"": [229, 1186, 2028, 1286], ""type"": ""printed"", ""text"": ""1. Вовка пастухом (не)ставлять 2. (Не)хвали коня, поки з дороги (вернеться) 3. Як сіно косять, то дощів (не)просить. (ІІ""}, {""bbox"": [2811, 1218, 3023, 1274], ""type"": ""printed"", ""text"": ""СУПЕРЕ""}, {""bbox"": [227, 1226, 1964, 1305], ""type"": ""printed"", ""text"": ""1. Бовка пастухом (не)стабіль 2. (не)посередньо 3. Як сіно косять, то дошів (не)просякнути 4. верн(е,и)шся. 3. Як сіно косять, то дошів (не)просякнути 4. верн(е,и)шся.""}, {""bbox"": [2808, 1226, 3021, 1271], ""type"": ""printed"", ""text"": ""СУПЕРЕ""}, {""bbox"": [232, 1245, 1658, 1310], ""type"": ""printed"", ""text"": ""верн(е,и)шся. 3. Як сіно косять, то дошів (не)просять. (ІІ""}, {""bbox"": [2258, 1263, 3024, 1363], ""type"": ""printed"", ""text"": ""1. Ми - яскраві особистості. Ос""}, {""bbox"": [1000, 1427, 1377, 1576], ""type"": ""handwritten"", ""text"": ""буково 140""}, {""bbox"": [433, 1511, 1929, 1687], ""type"": ""handwritten"", ""text"": ""і вовна помираєм не сповнявши""}, {""bbox"": [435, 1650, 2428, 1816], ""type"": ""handwritten"", ""text"": ""2. Не вважаю моя, моя з діром не вернешся""}, {""bbox"": [428, 1771, 2330, 1911], ""type"": ""handwritten"", ""text"": ""з як ано подень, ано дочів не пройдь""}, {""bbox"": [422, 1886, 2370, 2039], ""type"": ""handwritten"", ""text"": ""и. Нелюбимо, в серці нічиме трошо, прежде""}, {""bbox"": [404, 2010, 1022, 2153], ""type"": ""handwritten"", ""text"": ""диво, коли любе""}, {""bbox"": [401, 2013, 1020, 2154], ""type"": ""handwritten"", ""text"": ""диво, коли любе""}, {""bbox"": [385, 2115, 2433, 2305], ""type"": ""handwritten"", ""text"": ""5. Мобільну правильну, і ніборичну, і сонце завиро-""}, {""bbox"": [375, 2275, 930, 2397], ""type"": ""handwritten"", ""text"": ""милые дни.""}, {""bbox"": [363, 2362, 2447, 2531], ""type"": ""handwritten"", ""text"": ""б. Дивишися і не подивишися, дивишся і не поди-""}, {""bbox"": [365, 2505, 2456, 2692], ""type"": ""handwritten"", ""text"": ""шения чистым, горячим с находятся новыми""}]"
173db2f4-bc3a-446b-90aa-27d00caa9e1a.jpg,"[{""bbox"": [596, 357, 1184, 465], ""type"": ""handwritten"", ""text"": ""Преда жити.""}, {""bbox"": [2143, 365, 2568, 506], ""type"": ""handwritten"", ""text"": ""смъ до,""}, {""bbox"": [3303, 390, 3827, 512], ""type"": ""handwritten"", ""text"": ""\""не, \""книгах\""""}, {""bbox"": [386, 483, 2028, 616], ""type"": ""handwritten"", ""text"": ""Мести треба цікаво: читати книжки,""}, {""bbox"": [2161, 505, 3904, 654], ""type"": ""handwritten"", ""text"": ""Треба цілуватись, нам випадає нагода,""}, {""bbox"": [268, 610, 2034, 752], ""type"": ""handwritten"", ""text"": ""перели в театр, дрессировали Патрик""}, {""bbox"": [2137, 632, 3745, 756], ""type"": ""handwritten"", ""text"": ""і казали те, що на думку. Немає""}, {""bbox"": [266, 734, 2034, 872], ""type"": ""handwritten"", ""text"": ""Треба пити! Не в лоб сине, не граєш""}, {""bbox"": [2139, 745, 3736, 881], ""type"": ""handwritten"", ""text"": ""часу на півтони. Матеріальні -""}, {""bbox"": [253, 857, 2030, 999], ""type"": ""handwritten"", ""text"": ""не довіряє, не після. По-оправдливому!""}, {""bbox"": [2140, 874, 3783, 1005], ""type"": ""handwritten"", ""text"": ""крихке, якість така крізь пальці.""}, {""bbox"": [262, 989, 1992, 1126], ""type"": ""handwritten"", ""text"": ""Зараз! Треба гмарити котів, дівча-""}, {""bbox"": [2138, 992, 3795, 1134], ""type"": ""handwritten"", ""text"": ""Справжнім виявилось тільки те, що""}, {""bbox"": [259, 1119, 1871, 1251], ""type"": ""handwritten"", ""text"": ""ти гриби, веди чуцелась у дронгу""}, {""bbox"": [2151, 1131, 3827, 1247], ""type"": ""handwritten"", ""text"": ""ию не слопена сропись рукалии -""}, {""bbox"": [254, 1234, 1974, 1376], ""type"": ""handwritten"", ""text"": ""на \""Інтернеті\"", робили рекламу і при-""}, {""bbox"": [2139, 1247, 3297, 1370], ""type"": ""handwritten"", ""text"": ""екологи, еміїх і мовоб.""}, {""bbox"": [244, 1368, 1863, 1491], ""type"": ""handwritten"", ""text"": ""после просте ться, кого слабьше.""}, {""bbox"": [2281, 1369, 3866, 1495], ""type"": ""handwritten"", ""text"": ""Иде треба плахати, коли омови-""}, {""bbox"": [250, 1493, 1895, 1628], ""type"": ""handwritten"", ""text"": ""Приба купувати сумки з меланжем""}, {""bbox"": [2128, 1494, 3882, 1620], ""type"": ""handwritten"", ""text"": ""цел. За все те, что неизолее 6 не мало""}, {""bbox"": [253, 1617, 2020, 1750], ""type"": ""handwritten"", ""text"": ""і донатити на вілько, вонеукувати""}, {""bbox"": [2115, 1620, 3861, 1745], ""type"": ""handwritten"", ""text"": ""у нас не ехали. За те, что они не""}, {""bbox"": [254, 1741, 1988, 1878], ""type"": ""handwritten"", ""text"": ""РЕБИ і генератори, а це-німеоторим""}, {""bbox"": [2129, 1744, 3867, 1881], ""type"": ""handwritten"", ""text"": ""только знаешься як не писется, далеко-""}, {""bbox"": [240, 1868, 1893, 2018], ""type"": ""handwritten"", ""text"": ""вегорамее умитирри ботеаду, бо на""}, {""bbox"": [2131, 1871, 3853, 2006], ""type"": ""handwritten"", ""text"": ""більшої дрон \""або, балістична раке-""}, {""bbox"": [2129, 2001, 3790, 2137], ""type"": ""handwritten"", ""text"": ""та\"", а її розріднили їх на сідлах.""}, {""bbox"": [233, 2008, 1982, 2137], ""type"": ""handwritten"", ""text"": ""перший урок треба принесете ками-""}, {""bbox"": [2245, 2131, 3758, 2258], ""type"": ""handwritten"", ""text"": ""росіяни хочуть, щоб ми стали""}, {""bbox"": [229, 2132, 513, 2242], ""type"": ""handwritten"", ""text"": ""там в.""}, {""bbox"": [2135, 2254, 3833, 2384], ""type"": ""handwritten"", ""text"": ""сражаемся на нек-кое время у веч""}, {""bbox"": [378, 2256, 2012, 2395], ""type"": ""handwritten"", ""text"": ""Треба мобільний світ діти, мобільну екіпаж""}, {""bbox"": [2135, 2373, 3861, 2517], ""type"": ""handwritten"", ""text"": ""мечтает фразоты. А они будемо жить""}, {""bbox"": [222, 2386, 2037, 2540], ""type"": ""handwritten"", ""text"": ""він пилласовий і далеко від справжньо-""}, {""bbox"": [2134, 2501, 3728, 2643], ""type"": ""handwritten"", ""text"": ""чікаво, безперерв історії і закоцн""}, {""bbox"": [216, 2528, 2022, 2666], ""type"": ""handwritten"", ""text"": ""но далее-того, что в серии: Треба дда-""}, {""bbox"": [2135, 2631, 3887, 2761], ""type"": ""handwritten"", ""text"": ""так кто мала нас ивзриглиме нашою""}, {""bbox"": [218, 2653, 1852, 2804], ""type"": ""handwritten"", ""text"": ""ваги крові, може, з нею ще б""}, {""bbox"": [2117, 2761, 2487, 2874], ""type"": ""handwritten"", ""text"": ""мовою.""}, {""bbox"": [228, 2794, 1993, 2912], ""type"": ""handwritten"", ""text"": ""гильмов серии посвящая особов до""}]"
176081e8-907f-4bd3-b881-5cc2052cde31.jpg,"[{""bbox"": [425, 126, 825, 241], ""type"": ""annotation"", ""text"": ""24.10.25.""}, {""bbox"": [852, 348, 1692, 531], ""type"": ""handwritten"", ""text"": ""Радіоактивний""}, {""bbox"": [1059, 500, 1770, 669], ""type"": ""handwritten"", ""text"": ""Греби жижи""}, {""bbox"": [615, 637, 2689, 830], ""type"": ""handwritten"", ""text"": ""Жити треба цікаво чи бути крихітним,""}, {""bbox"": [390, 811, 2469, 967], ""type"": ""handwritten"", ""text"": ""хочути в театр, дресирувати на патрона.""}, {""bbox"": [670, 921, 2714, 1088], ""type"": ""handwritten"", ""text"": ""Треба жити. Ще в пів сили не трошки не""}, {""bbox"": [388, 1064, 2471, 1246], ""type"": ""handwritten"", ""text"": ""зубы не пиле. Поспрашиваемому. Зарег""}, {""bbox"": [435, 1216, 2493, 1400], ""type"": ""handwritten"", ""text"": ""Треба спожити ковів, збірать гриби,""}, {""bbox"": [438, 1373, 2702, 1561], ""type"": ""handwritten"", ""text"": ""ведім удільний із фронту на інберсіві,""}, {""bbox"": [361, 1533, 2663, 1694], ""type"": ""handwritten"", ""text"": ""роблячи ремонт і приносить ушкодження більшого""}, {""bbox"": [357, 1668, 2669, 1843], ""type"": ""handwritten"", ""text"": ""/но_чимо. Треба нудувати сукні з лейбраном, і""}, {""bbox"": [348, 1806, 2639, 2010], ""type"": ""handwritten"", ""text"": ""допустимі на відміну, використовуються PE5 чи""}, {""bbox"": [358, 1971, 2926, 2147], ""type"": ""handwritten"", ""text"": ""переработки, а ще килимпореби веогорения в ліжк'орі""}, {""bbox"": [356, 2128, 2937, 2300], ""type"": ""handwritten"", ""text"": ""бог-соду, бо на перший урок треба приносити келих та пів""}, {""bbox"": [461, 2269, 2689, 2456], ""type"": ""handwritten"", ""text"": ""Треба підбрати свій дім на відміну від""}, {""bbox"": [335, 2443, 2672, 2630], ""type"": ""handwritten"", ""text"": ""Гінекологічні і державні від справжнього дому.""}, {""bbox"": [326, 2582, 2773, 2780], ""type"": ""handwritten"", ""text"": ""Того що в серці. Треба здивувати кров і мози у""}, {""bbox"": [330, 2752, 2726, 2958], ""type"": ""handwritten"", ""text"": ""нею ще в чимницькій серії поселилися мобов до""}, {""bbox"": [311, 2940, 1935, 3120], ""type"": ""handwritten"", ""text"": ""сів горіну, підметко чи кислах..""}, {""bbox"": [482, 3081, 2758, 3277], ""type"": ""handwritten"", ""text"": ""Треби цілуватися коли випадає релігія:""}, {""bbox"": [313, 3258, 2687, 3454], ""type"": ""handwritten"", ""text"": ""вадеяи бе що ни думиця. Несвоя човека""}, {""bbox"": [306, 3411, 2936, 3637], ""type"": ""handwritten"", ""text"": ""півночі. Матерічніше й крижане земля біля крізь""}, {""bbox"": [309, 3591, 2895, 3806], ""type"": ""handwritten"", ""text"": ""переміці. Сприймаємі виявляється тільки тоді, коли""}, {""bbox"": [308, 3789, 2939, 3987], ""type"": ""handwritten"", ""text"": ""неможна схопитись руками - сьогодні, сьогодні""}]"
17fd976f-8a79-4d74-a066-61bdb02a3afb.jpg,"[{""bbox"": [836, 40, 991, 238], ""type"": ""annotation"", ""text"": ""247.251\n232""}, {""bbox"": [72, 188, 956, 297], ""type"": ""handwritten"", ""text"": ""Огневидарки тебе, хороша, что в""}, {""bbox"": [46, 285, 963, 370], ""type"": ""handwritten"", ""text"": ""Очее приручено, что ты так""}, {""bbox"": [50, 366, 966, 449], ""type"": ""handwritten"", ""text"": ""Рентом Закривало \""Ряжун\""""}, {""bbox"": [48, 432, 977, 512], ""type"": ""handwritten"", ""text"": ""Погано тільки, що в тебе""}, {""bbox"": [67, 505, 977, 583], ""type"": ""handwritten"", ""text"": ""и це зоставляє гімнастичний""}, {""bbox"": [72, 578, 1009, 656], ""type"": ""handwritten"", ""text"": ""спосіб звертання до това""}, {""bbox"": [68, 648, 1012, 728], ""type"": ""handwritten"", ""text"": ""римів з документами. Ко_""}, {""bbox"": [65, 718, 1018, 794], ""type"": ""handwritten"", ""text"": ""или ты хочешь проехать дорогу-""}, {""bbox"": [72, 786, 1014, 866], ""type"": ""handwritten"", ""text"": ""пилили мені, ти неодмінн-""}, {""bbox"": [78, 862, 1009, 944], ""type"": ""handwritten"", ""text"": ""но мусимо зарані найвко""}, {""bbox"": [76, 933, 1006, 1014], ""type"": ""handwritten"", ""text"": ""сказали: \""а ну, побачимо.""}, {""bbox"": [85, 1003, 1030, 1089], ""type"": ""handwritten"", ""text"": ""чи ти справжній това-""}, {""bbox"": [71, 1076, 1029, 1162], ""type"": ""handwritten"", ""text"": ""рим\"". Пора б, Кейтре, заки-""}, {""bbox"": [71, 1149, 1020, 1239], ""type"": ""handwritten"", ""text"": ""Дніпро відмінною. Невже""}, {""bbox"": [74, 1226, 1022, 1313], ""type"": ""handwritten"", ""text"": ""ти думаете, что, не маючи""}, {""bbox"": [80, 1300, 1020, 1415], ""type"": ""handwritten"", ""text"": ""Змоги або не бажаючи""}]"
1857446a-5a5e-53df-9bea-8d439f766b2a.jpg,"[{""bbox"": [433, 109, 798, 326], ""type"": ""handwritten"", ""text"": ""8) a""}, {""bbox"": [467, 330, 851, 584], ""type"": ""handwritten"", ""text"": ""a) b""}, {""bbox"": [454, 594, 837, 829], ""type"": ""handwritten"", ""text"": ""35 r""}, {""bbox"": [466, 855, 856, 1124], ""type"": ""handwritten"", ""text"": ""qsa""}, {""bbox"": [500, 1130, 865, 1357], ""type"": ""handwritten"", ""text"": ""5)a""}, {""bbox"": [493, 1364, 859, 1633], ""type"": ""handwritten"", ""text"": ""6) a""}, {""bbox"": [494, 1631, 880, 1893], ""type"": ""handwritten"", ""text"": ""y) b""}, {""bbox"": [554, 1887, 940, 2137], ""type"": ""handwritten"", ""text"": ""对书""}, {""bbox"": [556, 2134, 959, 2399], ""type"": ""handwritten"", ""text"": ""g16""}, {""bbox"": [538, 2357, 1055, 2647], ""type"": ""handwritten"", ""text"": ""80.18""}, {""bbox"": [525, 2626, 918, 2909], ""type"": ""handwritten"", ""text"": ""林海""}, {""bbox"": [568, 2904, 988, 3145], ""type"": ""handwritten"", ""text"": ""82)6""}, {""bbox"": [548, 3149, 1005, 3401], ""type"": ""handwritten"", ""text"": ""13) a""}, {""bbox"": [550, 3377, 1100, 3645], ""type"": ""handwritten"", ""text"": ""2415""}, {""bbox"": [596, 3624, 1063, 3866], ""type"": ""handwritten"", ""text"": ""856""}]"
185edf0e-7bd8-4e62-8839-0e8d095c4c7c.jpg,"[{""bbox"": [224, 0, 327, 19], ""type"": ""handwritten"", ""text"": ""Тіваче""}, {""bbox"": [52, 22, 352, 76], ""type"": ""formula"", ""text"": ""$$2 C u + O _ { 2 } \\rightarrow 2 C a O$$""}, {""bbox"": [42, 96, 437, 142], ""type"": ""handwritten"", ""text"": ""Пчик реакції: Сполу́чливе""}, {""bbox"": [907, 118, 1325, 465], ""type"": ""annotation"", ""text"": ""назви\nреактив за\nупр. номенклат.\n+ 905""}, {""bbox"": [912, 119, 1291, 457], ""type"": ""annotation"", ""text"": ""назви\nрелеван за\nпир. номинал\n+ 908""}, {""bbox"": [38, 162, 697, 218], ""type"": ""handwritten"", ""text"": ""ОВТ: Піч, це очисно-відновна каменця""}, {""bbox"": [12, 265, 201, 325], ""type"": ""handwritten"", ""text"": ""2)перетягивание:""}, {""bbox"": [39, 323, 320, 372], ""type"": ""formula"", ""text"": ""$$\\mathrm { C a ( O H ) _ { 2 } } \\rightarrow \\mathrm { C a C l _ { 2 } }$$""}, {""bbox"": [34, 376, 273, 428], ""type"": ""formula"", ""text"": ""$$C a O \\rightarrow C a ( O H )$$""}, {""bbox"": [1152, 380, 1334, 508], ""type"": ""annotation"", ""text"": ""+908""}, {""bbox"": [190, 430, 299, 463], ""type"": ""handwritten"", ""text"": ""Tilvenw""}, {""bbox"": [33, 456, 405, 518], ""type"": ""formula"", ""text"": ""$$C u O + H _ { 2 } O \\rightarrow C a ( O H ) _ { 2 }$$""}, {""bbox"": [42, 538, 449, 584], ""type"": ""handwritten"", ""text"": ""Глин неждії: Сполучення""}, {""bbox"": [40, 605, 1055, 664], ""type"": ""handwritten"", ""text"": ""ОВР: Ні ступені окиснення елементів не змінюються""}, {""bbox"": [42, 707, 265, 761], ""type"": ""handwritten"", ""text"": ""3) перемещения:""}, {""bbox"": [74, 756, 345, 814], ""type"": ""formula"", ""text"": ""$$\\mathrm { C a ( O H ) _ { 2 } \\rightarrow C u ( O H ) _ { 2 } }$$""}, {""bbox"": [56, 852, 581, 919], ""type"": ""formula"", ""text"": ""$$Ca(OH)_{2} + 2HCl \\rightarrow CaCl_{2} + 2H_{2}O$$""}, {""bbox"": [66, 930, 438, 982], ""type"": ""handwritten"", ""text"": ""Тісні реакції: Обмінну""}, {""bbox"": [61, 957, 1050, 1047], ""type"": ""handwritten"", ""text"": ""ОВР: Ні, інші Описні вимірників не змінюються""}, {""bbox"": [64, 965, 766, 1045], ""type"": ""handwritten"", ""text"": ""ОВР: Ni ітудей Опишеме виміннів не""}, {""bbox"": [38, 1063, 247, 1116], ""type"": ""handwritten"", ""text"": ""а) переміщення:""}, {""bbox"": [71, 1106, 328, 1162], ""type"": ""formula"", ""text"": ""$$C u C l _ { 2 } - C u ( O N _ { 3 } ) _ { 2 }$$""}, {""bbox"": [130, 1171, 246, 1213], ""type"": ""handwritten"", ""text"": ""Tilvenne""}, {""bbox"": [55, 1211, 654, 1282], ""type"": ""formula"", ""text"": ""$$C a C l _ { 2 } + 2 K N O _ { 3 } \\rightarrow C a ( N O _ { 3 } ) _ { 2 } + 2 K C l$$""}, {""bbox"": [67, 1278, 448, 1341], ""type"": ""handwritten"", ""text"": ""Псих релігії: обміну""}, {""bbox"": [65, 1322, 1117, 1398], ""type"": ""handwritten"", ""text"": ""ОЗР: Ні, ступені окиснення влітку не змінюються""}, {""bbox"": [66, 1332, 804, 1394], ""type"": ""handwritten"", ""text"": ""ОЗР: Ні, ступені окиснення елементів""}, {""bbox"": [50, 1423, 261, 1472], ""type"": ""handwritten"", ""text"": ""5) перемещения""}, {""bbox"": [69, 1472, 464, 1535], ""type"": ""formula"", ""text"": ""$$C a ( N O _ { 3 } ) _ { 2 } \\rightarrow C a ( N O _ { 2 } ) _ { 2 }$$""}, {""bbox"": [170, 1540, 313, 1587], ""type"": ""handwritten"", ""text"": ""Тівсарина""}, {""bbox"": [62, 1576, 643, 1643], ""type"": ""formula"", ""text"": ""$$2 \\mathrm{Ca}(\\mathrm{NO}_{3})_{2} \\xrightarrow{t^{\\circ}} 2 \\mathrm{Ca}(\\mathrm{NO}_{2})_{2} + \\mathrm{O}_{2}$$""}, {""bbox"": [64, 1646, 465, 1707], ""type"": ""handwritten"", ""text"": ""Пили реакцій: Розклачку""}, {""bbox"": [68, 1711, 812, 1768], ""type"": ""handwritten"", ""text"": ""ОВР: Під час це окисно-відновна реакція""}, {""bbox"": [55, 1848, 96, 1891], ""type"": ""handwritten"", ""text"": ""4.""}, {""bbox"": [92, 1906, 1634, 1964], ""type"": ""handwritten"", ""text"": ""Етимен → Етимон → Огунда Кисоре - Хористий музичний → андальізм Огундої Кисоре""}, {""bbox"": [903, 1966, 1136, 2155], ""type"": ""annotation"", ""text"": ""строчку?""}, {""bbox"": [906, 1966, 1134, 2156], ""type"": ""annotation"", ""text"": ""строчку?""}, {""bbox"": [72, 1971, 724, 2027], ""type"": ""formula"", ""text"": ""$$11 \\mathrm{C}_{2} \\mathrm{H}_{4} + \\mathrm{H}_{2} \\mathrm{O} \\rightarrow \\mathrm{C}_{2} \\mathrm{H}_{5} \\mathrm{OH} \\left( \\mathrm{H}_{2} \\mathrm{SO}_{4} \\mathrm{~h}, \\mathrm{t}^{\\circ} \\right)$$""}, {""bbox"": [1060, 2023, 1230, 2190], ""type"": ""annotation"", ""text"": ""±206.""}, {""bbox"": [68, 2041, 635, 2094], ""type"": ""formula"", ""text"": ""$$2 ) C _ { 2 } H _ { 5 } O H + O _ { 2 } \\rightarrow C H _ { 3 } C O O H + H _ { 2 } O$$""}, {""bbox"": [64, 2096, 877, 2167], ""type"": ""formula"", ""text"": ""$$3 ) \\ C H _ { 3 } C O O N + P C l _ { 5 } \\rightarrow C H _ { 3 } C O O C l + P O C l _ { 3 } + H C l$$""}, {""bbox"": [1294, 2106, 1653, 2295], ""type"": ""annotation"", ""text"": ""± срччкф. орму ? i5""}, {""bbox"": [59, 2176, 641, 2228], ""type"": ""formula"", ""text"": ""4) 2 CH_3COXCl \\rightarrow (CH_3CO)_2O + 2 HCl""}, {""bbox"": [863, 2204, 1212, 2257], ""type"": ""handwritten"", ""text"": ""2,4,6 - Трибромфенол""}, {""bbox"": [74, 2242, 421, 2285], ""type"": ""handwritten"", ""text"": ""5. молочна кислоти""}]"
18695f3c-c4dc-4427-9e10-7c77b2684ecf.jpg,"[{""bbox"": [1079, 97, 1791, 217], ""type"": ""printed"", ""text"": ""Радіодиктант""}, {""bbox"": [926, 269, 1939, 350], ""type"": ""printed"", ""text"": ""національної єдності""}, {""bbox"": [1123, 346, 1743, 432], ""type"": ""handwritten"", ""text"": ""Преба нсвети""}, {""bbox"": [899, 428, 1973, 517], ""type"": ""handwritten"", ""text"": ""Нсєти треба цікаво:""}, {""bbox"": [815, 508, 2103, 596], ""type"": ""handwritten"", ""text"": ""читати вченьоке, ходити""}, {""bbox"": [816, 584, 2014, 680], ""type"": ""handwritten"", ""text"": ""в театрах, дресирувать""}, {""bbox"": [823, 669, 1556, 755], ""type"": ""handwritten"", ""text"": ""пса Пайтрона.""}, {""bbox"": [928, 745, 2145, 837], ""type"": ""handwritten"", ""text"": ""Піреба' несете. Не в пів""}, {""bbox"": [142, 825, 2185, 920], ""type"": ""handwritten"", ""text"": ""сими, не тренінг, не завтра, не після""}, {""bbox"": [135, 905, 2190, 1004], ""type"": ""handwritten"", ""text"": ""По-справжньому. Зараз. Треба падити""}, {""bbox"": [136, 987, 2163, 1086], ""type"": ""handwritten"", ""text"": ""котів, збирати гриби, везти цуце-""}, {""bbox"": [143, 1071, 2174, 1169], ""type"": ""handwritten"", ""text"": ""нят із архіву на інтернеті, роботи""}, {""bbox"": [143, 1153, 2195, 1249], ""type"": ""handwritten"", ""text"": ""ремовет і приносити щастя тим""}, {""bbox"": [144, 1233, 1992, 1329], ""type"": ""handwritten"", ""text"": ""кого любимо. Треба купувати""}, {""bbox"": [129, 1316, 2188, 1411], ""type"": ""handwritten"", ""text"": ""сухарі з мелітусами і принц донати""}, {""bbox"": [125, 1395, 2184, 1492], ""type"": ""handwritten"", ""text"": ""на військо, вишкуювати ребе і гене-""}, {""bbox"": [125, 1480, 2185, 1571], ""type"": ""handwritten"", ""text"": ""рамори, а ще-нічиморіти вегора-""}, {""bbox"": [125, 1558, 2105, 1654], ""type"": ""handwritten"", ""text"": ""мен в'єдінській болотіди, бо нес""}, {""bbox"": [133, 1641, 2010, 1732], ""type"": ""handwritten"", ""text"": ""перший урок треба привітати""}, {""bbox"": [133, 1719, 2060, 1813], ""type"": ""handwritten"", ""text"": ""псевдомаркіїв. Треба любити свій""}, {""bbox"": [129, 1801, 2147, 1896], ""type"": ""handwritten"", ""text"": ""дієм, навіть якщо він тимчасовий""}, {""bbox"": [130, 1883, 2148, 1979], ""type"": ""handwritten"", ""text"": ""і данико від справжнього дому,""}, {""bbox"": [128, 1964, 2143, 2057], ""type"": ""handwritten"", ""text"": ""того, що в серії. Треба здаватись""}, {""bbox"": [134, 2044, 2095, 2139], ""type"": ""handwritten"", ""text"": ""кров' і леонсе з него ще в гнємусь""}, {""bbox"": [120, 2125, 1925, 2220], ""type"": ""handwritten"", ""text"": ""серці, поселиться любов до слів""}, {""bbox"": [182, 2210, 2001, 2302], ""type"": ""handwritten"", ""text"": ""добіру\"", \""пітмінко\"" чес \""всевіли""}, {""bbox"": [114, 2530, 1900, 2627], ""type"": ""handwritten"", ""text"": ""мaтериaльные, крeмные, пeсчaнaя""}, {""bbox"": [115, 2620, 1924, 2711], ""type"": ""handwritten"", ""text"": ""тікесе крізь насівці. Справис-""}, {""bbox"": [112, 2701, 1902, 2794], ""type"": ""handwritten"", ""text"": ""рілее визвичнося тільки те, за""}, {""bbox"": [118, 2786, 1727, 2873], ""type"": ""handwritten"", ""text"": ""що не можна схопитись""}, {""bbox"": [108, 2863, 1608, 2955], ""type"": ""handwritten"", ""text"": ""режиме: сногади, соні́х""}, {""bbox"": [127, 2936, 655, 3024], ""type"": ""handwritten"", ""text"": ""«Любов.""}, {""bbox"": [85, 3091, 2099, 3169], ""type"": ""handwritten"", ""text"": ""можеться. За все те, що відомо б""}, {""bbox"": [82, 3159, 2145, 3227], ""type"": ""handwritten"", ""text"": ""не мало з нами статися. За те""}]"
18729e79-2f24-4db6-ba11-39d5650a2e68.jpg,"[{""bbox"": [193, 38, 1001, 110], ""type"": ""handwritten"", ""text"": ""Всеукраїнський диктант 4-АБ 2025 р.""}, {""bbox"": [306, 122, 613, 184], ""type"": ""handwritten"", ""text"": ""Треба писати""}, {""bbox"": [63, 175, 1117, 254], ""type"": ""handwritten"", ""text"": ""днити треба цікаво: читати книжки, жодити""}, {""bbox"": [15, 195, 1113, 308], ""type"": ""handwritten"", ""text"": ""длити треба ськаво: читати книжки, відійти в театр, дресирувати пса Гомрона. Треба пити!""}, {""bbox"": [17, 230, 1095, 364], ""type"": ""handwritten"", ""text"": ""в театр, дресирувати поа Натрона. Треба піти, не в півсіми, не тронки, не завтра, не після.""}, {""bbox"": [22, 287, 1048, 372], ""type"": ""handwritten"", ""text"": ""Не в-півсім, не тронки, не завтра, не після""}, {""bbox"": [21, 323, 1048, 426], ""type"": ""handwritten"", ""text"": ""Не в-помини, не привык! По-справжньому! Зараз! Треба сходити котів,""}, {""bbox"": [21, 347, 1049, 482], ""type"": ""handwritten"", ""text"": ""По-справжньому! Зараз! Треба сходити котів, збирати гриби, вести ізуванням із фронту на""}, {""bbox"": [23, 402, 1041, 487], ""type"": ""handwritten"", ""text"": ""збирати ариби, вести цуценят із фронту на""}, {""bbox"": [30, 452, 982, 533], ""type"": ""handwritten"", ""text"": ""\""Інтерсіті\"", робити ремонт і приносити""}, {""bbox"": [24, 482, 1080, 579], ""type"": ""handwritten"", ""text"": ""\""Інтерсіті\"", робити ремонт і працювати на власній вищій із застосуванням тих, кого любиш. Треба купувати сукні""}, {""bbox"": [23, 522, 1083, 630], ""type"": ""handwritten"", ""text"": ""изаєте тим, кого любимо. Треба купувати сукні\nз лелітками і донатити на вієсько, вимічку-""}, {""bbox"": [25, 614, 1040, 682], ""type"": ""handwritten"", ""text"": ""вати РЕБИ і генератори, а це - кміпорити""}, {""bbox"": [23, 655, 1083, 727], ""type"": ""handwritten"", ""text"": ""вегорами в міністерії ботсаду, бо на перший урок""}, {""bbox"": [24, 692, 1084, 776], ""type"": ""handwritten"", ""text"": ""вигорами в ливневій водовідводі та перетворенням треба прийняти комітетів. Треба любити свій""}, {""bbox"": [28, 741, 1026, 821], ""type"": ""handwritten"", ""text"": ""треба принести кавалерію. він тимчасовий і далеко дім, навіть якщо він тимчасовий і далеко""}, {""bbox"": [31, 794, 1047, 868], ""type"": ""handwritten"", ""text"": ""вёр справивного дачу,- того, что в серии. Преда""}, {""bbox"": [33, 854, 1000, 928], ""type"": ""handwritten"", ""text"": ""здавати кров і, мове, з нею ще в гнівсмусь""}, {""bbox"": [35, 907, 1092, 980], ""type"": ""handwritten"", ""text"": ""сери: поселитель снобов до слив \""допиру\"", \""побег-""}, {""bbox"": [30, 973, 388, 1025], ""type"": ""handwritten"", ""text"": ""ко\"" и \""книги\"".""}, {""bbox"": [82, 1015, 1046, 1090], ""type"": ""handwritten"", ""text"": ""Треба цілуватись, коли випадає нагода, і""}, {""bbox"": [43, 1056, 1036, 1139], ""type"": ""handwritten"", ""text"": ""Мріва (згадуватися), що\nказати те, що на думці. Немає часу на""}, {""bbox"": [39, 1098, 1046, 1184], ""type"": ""handwritten"", ""text"": ""казати те, що на думку, півтони, матеріальне крихке, пиття тікає""}, {""bbox"": [37, 1120, 1052, 1238], ""type"": ""handwritten"", ""text"": ""півтони, сватеріальне крихке, римття тікав криз пальців. Справнили виявившось тільки те,""}, {""bbox"": [40, 1145, 1059, 1234], ""type"": ""handwritten"", ""text"": ""півтони, матеріальні крижкі, вантажні крижі палівці. Справними виявились тільки те,""}, {""bbox"": [39, 1214, 1038, 1289], ""type"": ""handwritten"", ""text"": ""да что не мопика сжопитись руками : спогари,""}, {""bbox"": [46, 1266, 317, 1324], ""type"": ""handwritten"", ""text"": ""смієх і любов.""}, {""bbox"": [75, 1292, 1065, 1374], ""type"": ""handwritten"", ""text"": ""Це треба підхопити, коли мопнеться. За все те,""}, {""bbox"": [47, 1302, 1062, 1417], ""type"": ""handwritten"", ""text"": ""Це треба пишати, коли молитися. За все те,\nщо ніким б не мало з нами статися. За те,""}, {""bbox"": [40, 1303, 1054, 1418], ""type"": ""handwritten"", ""text"": ""Ще треба міахати, коли молитися. За все те,\nщо ніким б не мало з нами статися. За те,""}, {""bbox"": [42, 1355, 1079, 1467], ""type"": ""handwritten"", ""text"": ""що ніким б не мало з нами статись. За те, що ми не тільки знайомі, як пишеться і далекові""}, {""bbox"": [41, 1398, 1091, 1515], ""type"": ""handwritten"", ""text"": ""що ми не тільки діяльно, але пишеться \""даниховий\"" ний дрон\"" або \""балистична ракета\"", а її розріднень-""}, {""bbox"": [39, 1447, 1092, 1524], ""type"": ""handwritten"", ""text"": ""ним дрон\"" або \""балістична ракета\"", а її розріджене-""}, {""bbox"": [45, 1523, 337, 1578], ""type"": ""handwritten"", ""text"": ""мо їх на слух""}]"
188c50b7-b537-42cf-b0bc-b336780d0710.jpg,"[{""bbox"": [2671, 159, 2796, 327], ""type"": ""annotation"", ""text"": ""8""}, {""bbox"": [1980, 728, 2129, 783], ""type"": ""printed"", ""text"": ""шого""}, {""bbox"": [149, 751, 1972, 843], ""type"": ""printed"", ""text"": ""СТАРШІЙ ПРЕДСЪДАТЕЛЬ Панові Директорові Першо-""}, {""bbox"": [145, 752, 785, 837], ""type"": ""printed"", ""text"": ""СТАРШІЙ ПРЕДСЪДАТЕЛЬ""}, {""bbox"": [317, 868, 631, 927], ""type"": ""printed"", ""text"": ""ХАРЬКОВСКОЙ""}, {""bbox"": [901, 874, 1882, 949], ""type"": ""printed"", ""text"": ""го Департаменту Міністер-""}, {""bbox"": [207, 967, 1400, 1039], ""type"": ""printed"", ""text"": ""СУДЕБНОЙ ПАЛАТЫ. ства Юстициі.""}, {""bbox"": [84, 1067, 826, 1212], ""type"": ""handwritten"", ""text"": ""Вересня 14 дня 1918 р.""}, {""bbox"": [232, 1497, 569, 1825], ""type"": ""annotation"", ""text"": ""ччк""}, {""bbox"": [590, 1498, 1936, 1567], ""type"": ""printed"", ""text"": ""го Департаменту Міністерства Юсти-""}, {""bbox"": [588, 1599, 1960, 1670], ""type"": ""printed"", ""text"": ""ції Ф.Л.Мартиновського від 20 липня""}, {""bbox"": [587, 1701, 1896, 1776], ""type"": ""printed"", ""text"": ""ц.р. під № I38I повідомляю Вас, що""}, {""bbox"": [593, 1809, 1968, 1884], ""type"": ""printed"", ""text"": ""міський суддя м.Билкомира, прилучен-""}, {""bbox"": [1992, 1862, 2281, 1916], ""type"": ""printed"", ""text"": ""го обов'""}, {""bbox"": [598, 1917, 1977, 1986], ""type"": ""printed"", ""text"": ""ний до вик.об. мирового судді Бах-""}, {""bbox"": [593, 2015, 1940, 2091], ""type"": ""printed"", ""text"": ""мутської судово-мирової округи БЕ-""}, {""bbox"": [597, 2120, 1991, 2194], ""type"": ""printed"", ""text"": ""НЕДІКТОВИЧ, за час пробування з жов-""}, {""bbox"": [607, 2229, 1886, 2306], ""type"": ""printed"", ""text"": ""тня 1915 року у останньої посаді,""}, {""bbox"": [608, 2332, 1942, 2407], ""type"": ""printed"", ""text"": ""проявляв інтерес до справи і знан-""}, {""bbox"": [1996, 2382, 2219, 2441], ""type"": ""printed"", ""text"": ""видат-""}, {""bbox"": [606, 2444, 1912, 2509], ""type"": ""printed"", ""text"": ""ня цівільних та карних законів, а""}, {""bbox"": [605, 2544, 1893, 2617], ""type"": ""printed"", ""text"": ""тако-ж кассаційної практики, але,""}, {""bbox"": [1994, 2598, 2214, 2651], ""type"": ""printed"", ""text"": ""илось,""}, {""bbox"": [603, 2652, 1907, 2723], ""type"": ""printed"", ""text"": ""по заявлению Предсідателя Бахмут-""}, {""bbox"": [1987, 2698, 2193, 2755], ""type"": ""handwritten"", ""text"": ""O XO-""}]"
19b47e1f-1439-4c6d-84e3-762aae6ec1f1.jpg,"[{""bbox"": [999, 165, 1651, 223], ""type"": ""printed"", ""text"": ""Hromadskyj Vydavnyčyj""}, {""bbox"": [81, 167, 738, 220], ""type"": ""printed"", ""text"": ""Громадський Видавничий""}, {""bbox"": [1252, 231, 1399, 281], ""type"": ""printed"", ""text"": ""Fond""}, {""bbox"": [339, 233, 488, 282], ""type"": ""printed"", ""text"": ""Фонд""}, {""bbox"": [1567, 301, 1687, 466], ""type"": ""annotation"", ""text"": ""II.,""}, {""bbox"": [84, 307, 739, 359], ""type"": ""printed"", ""text"": ""Правління: Praha II.,""}, {""bbox"": [245, 375, 578, 414], ""type"": ""printed"", ""text"": ""Krakovská č. 10""}, {""bbox"": [246, 375, 578, 415], ""type"": ""printed"", ""text"": ""Krakovská č. 10""}, {""bbox"": [1157, 376, 1493, 417], ""type"": ""printed"", ""text"": ""Krakovská č. 10""}, {""bbox"": [1158, 376, 1493, 417], ""type"": ""printed"", ""text"": ""Krakovská č. 10""}, {""bbox"": [877, 617, 1393, 687], ""type"": ""printed"", ""text"": ""Прага, 24.XI.26.""}, {""bbox"": [464, 819, 1561, 897], ""type"": ""printed"", ""text"": ""До члена Надзвірної Ради У.Г.В.Ф.""}, {""bbox"": [469, 886, 1541, 1013], ""type"": ""handwritten"", ""text"": ""М. Ю. Марковская""}, {""bbox"": [1043, 1012, 1532, 1116], ""type"": ""handwritten"", ""text"": ""В Прази...""}, {""bbox"": [267, 1176, 1658, 1254], ""type"": ""printed"", ""text"": ""Правління У.Г.В.Ф. має честь просити при-""}, {""bbox"": [140, 1292, 1664, 1360], ""type"": ""printed"", ""text"": ""бути на спільне засідання Правління і Надзвір-""}, {""bbox"": [134, 1387, 1684, 1464], ""type"": ""printed"", ""text"": ""ної Ради,яке має відбутись 30 листопада 1926р.""}, {""bbox"": [129, 1494, 1655, 1567], ""type"": ""printed"", ""text"": ""о І4-й год. в помешканні Правління ( Прага ІІ,""}, {""bbox"": [133, 1584, 636, 1659], ""type"": ""printed"", ""text"": ""Краковська, 10).""}, {""bbox"": [393, 1701, 904, 1764], ""type"": ""printed"", ""text"": ""Порядок денній:""}, {""bbox"": [269, 1792, 1282, 1870], ""type"": ""printed"", ""text"": ""I) Інформаційний звіт Правління""}, {""bbox"": [260, 1899, 1582, 1976], ""type"": ""printed"", ""text"": ""2)Проєкт змін адміністративних видатків""}, {""bbox"": [256, 2004, 1347, 2076], ""type"": ""printed"", ""text"": ""3) Біжучі справи і вільні внески""}, {""bbox"": [966, 2120, 1445, 2189], ""type"": ""printed"", ""text"": ""Правління УТВФ""}, {""bbox"": [250, 2200, 1410, 2292], ""type"": ""printed"", ""text"": ""Прага, 24 листопаду М. Голішапов""}]"
1a25dd59-a5ea-48dc-a5b1-bad49ee8d4e0.jpg,"[{""bbox"": [1675, 368, 2662, 594], ""type"": ""handwritten"", ""text"": ""Радіодиктант""}, {""bbox"": [1611, 560, 2657, 774], ""type"": ""handwritten"", ""text"": ""Преда земли""}, {""bbox"": [830, 753, 3658, 1040], ""type"": ""handwritten"", ""text"": ""Нити треба цікаво: читати книжки""}, {""bbox"": [490, 981, 3681, 1272], ""type"": ""handwritten"", ""text"": ""ходит в театр, дресирувати пса Патрона.""}, {""bbox"": [814, 1200, 3635, 1485], ""type"": ""handwritten"", ""text"": ""Треба жити! Не впівсилу, не трошки,""}, {""bbox"": [449, 1424, 3341, 1712], ""type"": ""handwritten"", ""text"": ""не завтра, не після. По-справжньому!""}, {""bbox"": [454, 1647, 3680, 1952], ""type"": ""handwritten"", ""text"": ""Зараз! Треба гладити котів, збирати гриби,""}, {""bbox"": [432, 1870, 3564, 2159], ""type"": ""handwritten"", ""text"": ""везте църквата из фронта на \""Метерсити""}, {""bbox"": [391, 2108, 3405, 2356], ""type"": ""handwritten"", ""text"": ""робити релігію і приносити щастя""}, {""bbox"": [384, 2346, 3617, 2629], ""type"": ""handwritten"", ""text"": ""тени, кого любимо. Треба купувати сукні""}, {""bbox"": [346, 2577, 3302, 2812], ""type"": ""handwritten"", ""text"": ""з літками і донатити на військо,""}, {""bbox"": [353, 2795, 3461, 3071], ""type"": ""handwritten"", ""text"": ""вимірювати РЕБи і генератори, а це -""}, {""bbox"": [354, 3054, 3180, 3302], ""type"": ""handwritten"", ""text"": ""непорити вечерами в місяці""}, {""bbox"": [348, 3270, 3174, 3570], ""type"": ""handwritten"", ""text"": ""Ботсаду, бо на перший урок треба""}, {""bbox"": [316, 3542, 2012, 3766], ""type"": ""handwritten"", ""text"": ""принести кавтанів.""}, {""bbox"": [472, 3771, 3602, 4042], ""type"": ""handwritten"", ""text"": ""Преба любити свій дім, навіть якщо""}, {""bbox"": [316, 4020, 3656, 4302], ""type"": ""handwritten"", ""text"": ""він тимчасовий і далеко від справжнього""}, {""bbox"": [281, 4282, 3555, 4570], ""type"": ""handwritten"", ""text"": ""дому - того, что в серии. Треба здавати""}, {""bbox"": [271, 4547, 3472, 4837], ""type"": ""handwritten"", ""text"": ""кров, і, може, з нею ще вчелесь середі""}, {""bbox"": [264, 4796, 3779, 5122], ""type"": ""handwritten"", ""text"": ""поселиться любов до слив „допіру“, пітятко""}]"
1a7d3f8a-9f10-4918-a768-9b5c04caf859.jpg,"[{""bbox"": [25, 0, 1621, 71], ""type"": ""handwritten"", ""text"": ""2) дейтнодозатність - це здатність особи кесіти порищелення відповідних...""}, {""bbox"": [54, 40, 1235, 140], ""type"": ""handwritten"", ""text"": "") для надання звіту про виконання діяльності за рік, а також до сесії, запрошену із протокольними діями.""}, {""bbox"": [33, 230, 199, 289], ""type"": ""handwritten"", ""text"": ""Данко.""}, {""bbox"": [33, 263, 887, 366], ""type"": ""handwritten"", ""text"": ""Україна Енергетичний відділ""}, {""bbox"": [17, 550, 243, 642], ""type"": ""handwritten"", ""text"": "":формулы:""}, {""bbox"": [14, 580, 781, 701], ""type"": ""handwritten"", ""text"": ""Формула:\nекспортна квота - експорт / 100%""}, {""bbox"": [9, 665, 694, 775], ""type"": ""handwritten"", ""text"": ""непортная квота - (непортный взвн / взвн) * 100%""}, {""bbox"": [7, 753, 990, 872], ""type"": ""handwritten"", ""text"": ""Зовн. торг. оборот - (експорт + імпорт) / ВВП . 100%""}, {""bbox"": [1395, 767, 1471, 845], ""type"": ""annotation"", ""text"": ""P""}, {""bbox"": [1079, 769, 1379, 881], ""type"": ""handwritten"", ""text"": ""Айгъ. Борза.""}, {""bbox"": [18, 869, 206, 954], ""type"": ""handwritten"", ""text"": ""dharu'e:""}, {""bbox"": [1059, 874, 1634, 986], ""type"": ""formula"", ""text"": ""$$E K = \\frac { 6 6 0 } { 1 7 5 0 } \\cdot 1 0 0 \\% \\approx 3 7 , 7 \\%$$""}, {""bbox"": [541, 879, 703, 952], ""type"": ""handwritten"", ""text"": ""16,2810""}, {""bbox"": [20, 934, 876, 1066], ""type"": ""formula"", ""text"": ""$$E R = \\frac { 4 0 0 } { 4 3 0 0 } \\cdot 1 0 0 \\% \\approx 9 . 3 0 \\% ( 9 . 3 5 \\% )$$""}, {""bbox"": [997, 988, 1627, 1094], ""type"": ""formula"", ""text"": ""$$1 k = \\frac { 6 0 0 } { 1 4 5 0 } \\cdot 1 0 0 \\% \\approx 3 8 , 8 6 \\%$$""}, {""bbox"": [11, 1059, 763, 1166], ""type"": ""formula"", ""text"": ""$$1 k = \\frac { 8 1 0 } { 4 3 0 0 } \\cdot 1 0 0 \\% \\approx 8 8 , 8 4 \\%$$""}, {""bbox"": [978, 1089, 1621, 1189], ""type"": ""formula"", ""text"": ""$$\\widehat { S T K } = \\frac { 1 3 4 0 } { 1 7 5 0 } \\cdot 1 0 0 \\% \\approx 7 6 , 5 7 \\%$$""}, {""bbox"": [8, 1159, 672, 1266], ""type"": ""formula"", ""text"": ""$$\\overline { { 3 T K } } = \\frac { 1 5 1 0 } { 4 3 0 0 } \\cdot 1 0 0 \\% \\approx 3 5 , 1 2 \\%$$""}, {""bbox"": [16, 1271, 229, 1347], ""type"": ""handwritten"", ""text"": ""Келтась:""}, {""bbox"": [16, 1322, 639, 1427], ""type"": ""formula"", ""text"": ""$$E K = \\frac { 3 4 0 0 } { 1 8 0 0 0 } \\cdot 1 0 0 \\% \\approx 4 8 , 8 9 \\%$$""}, {""bbox"": [10, 1418, 728, 1528], ""type"": ""formula"", ""text"": ""$$1 k = \\frac { 2 6 0 0 } { 1 9 0 0 0 } \\cdot 1 0 0 \\% \\approx 1 3 . 6 8 \\%$$""}, {""bbox"": [8, 1515, 813, 1633], ""type"": ""formula"", ""text"": ""$$3 \\overline { 1 } K = \\frac { 6 0 0 0 } { 1 8 0 0 0 } \\cdot 1 0 0 \\% \\approx 3 3 , 3 3 \\%$$""}, {""bbox"": [18, 1518, 1556, 1783], ""type"": ""handwritten"", ""text"": ""ЗРК = 60000 / 180000 · 100% ≈ 33,33%\nАналіз:\nЗгідно з розрахунками. Надано корінь має величезну різницю відкритості.\nТак, репорти так, репорти перевищує 30%, а ЗРК зміни""}, {""bbox"": [9, 1541, 1581, 1760], ""type"": ""handwritten"", ""text"": ""ЗВК = 6000 / 18000 · 100% ≈ 33,33%\nАдсумую:\nЗагалом з розрахунків видно, що відділ має високий рівень відкритості.\nТакож, відділ має перевищувати 30%, а ЗВК зразково""}, {""bbox"": [35, 1617, 1577, 1839], ""type"": ""handwritten"", ""text"": ""Андулак: Загалом з розрахунками. Андулако короле має величезні різниці відкритої торгівлі - як відкритої так і непорівнянно перевищує 30%, а 38к зразка""}, {""bbox"": [21, 1626, 261, 1716], ""type"": ""handwritten"", ""text"": ""Айдемулов:""}, {""bbox"": [12, 1701, 1632, 1956], ""type"": ""handwritten"", ""text"": ""Згідно з розрахунками. Виду, непортні перевищують 30%, а 88 к дралася порігів - як висортки так, непортні перевищують 60%. Вплив на дослідні середні відрубів, оскільки від воли перевищують у межах 15-30%. Троян вважає, що вказує на сильні""}, {""bbox"": [34, 1784, 1642, 1996], ""type"": ""handwritten"", ""text"": ""боргів - як\nвсего 60%.\nспонів досмострує середній рівень відуробок, оскільки він квоти перевищує\nменше 15-30%, трохи вище.\nі більш суттєво впливає на ринок, але не впливає на синьої\nвідуробок відкритого ринку.""}, {""bbox"": [22, 1817, 296, 1887], ""type"": ""handwritten"", ""text"": ""безде 60%.""}, {""bbox"": [13, 1874, 1618, 2012], ""type"": ""handwritten"", ""text"": ""влияние диссоциирует сердечно-сосудистой системы. У мелких 15-30%, тяжелых вялотекущих, что вялую на сильные. Влияние на сердечно-сосудистую систему и вялотекущих, что вялую на сильные.""}, {""bbox"": [20, 1893, 772, 1980], ""type"": ""handwritten"", ""text"": ""влияние физических факторов у мелких 15-30% ; тройке везде.""}, {""bbox"": [14, 1895, 1584, 2076], ""type"": ""handwritten"", ""text"": ""впливає досить значно, у межах 15-30 %, трохи вище. Вибір має середню експортну квоту, але несе універсальну, що вказує на відносно експортний сектор та відносну автономію від безпеки енергійного ринку.""}, {""bbox"": [800, 2047, 1092, 2148], ""type"": ""annotation"", ""text"": ""(92(A)""}, {""bbox"": [570, 2267, 822, 2326], ""type"": ""annotation"", ""text"": ""16.06.25""}]"
1af72a02-665a-41b9-91c7-e031d763fbb2.jpg,"[{""bbox"": [346, 129, 2914, 274], ""type"": ""handwritten"", ""text"": ""Намає насу на півтони. Матеріальне""}, {""bbox"": [336, 262, 2472, 398], ""type"": ""handwritten"", ""text"": ""криже, пенття, тікає крізь пальці.""}, {""bbox"": [327, 377, 3042, 529], ""type"": ""handwritten"", ""text"": ""Справленим виявилось тільки те, за що""}, {""bbox"": [307, 522, 2912, 695], ""type"": ""handwritten"", ""text"": ""не можна схопитиєв руками: спогади,""}, {""bbox"": [304, 668, 1355, 810], ""type"": ""handwritten"", ""text"": ""смих і любов.""}, {""bbox"": [729, 810, 3060, 970], ""type"": ""handwritten"", ""text"": ""Мне треба плякати, кале моецца.""}, {""bbox"": [272, 959, 2795, 1136], ""type"": ""handwritten"", ""text"": ""За все те, що нікому б не мали з""}, {""bbox"": [278, 1119, 2806, 1289], ""type"": ""handwritten"", ""text"": ""нами статися. За те, що ми не""}, {""bbox"": [248, 1266, 3083, 1443], ""type"": ""handwritten"", ""text"": ""тільки знають, як писатись \""далекобійні""}, {""bbox"": [220, 1422, 2962, 1619], ""type"": ""handwritten"", ""text"": ""дрон\"" або \""байстична ракета\"", але""}, {""bbox"": [228, 1590, 2246, 1791], ""type"": ""handwritten"", ""text"": ""й розрізняємо їх на слух.""}, {""bbox"": [714, 1785, 2985, 1978], ""type"": ""handwritten"", ""text"": ""Росіяни хочуть, щоб ми стали""}, {""bbox"": [200, 1958, 2923, 2153], ""type"": ""handwritten"", ""text"": ""схопили на них, скили у вічний""}, {""bbox"": [186, 2124, 3072, 2332], ""type"": ""handwritten"", ""text"": ""придоме. Я ми будемо певти цікаво,""}, {""bbox"": [169, 2281, 3078, 2505], ""type"": ""handwritten"", ""text"": ""всупереч історії і заради тих, хто""}, {""bbox"": [159, 2302, 3073, 2528], ""type"": ""handwritten"", ""text"": ""всупереч історії і заради тих, хто""}, {""bbox"": [145, 2492, 3072, 2708], ""type"": ""handwritten"", ""text"": ""після нас говоритиме нашою мовою.""}, {""bbox"": [215, 4302, 731, 4404], ""type"": ""printed"", ""text"": ""Galaxy A52""}]"
1b8832df-3748-4cc3-9f7d-11fa1880106e.jpg,"[{""bbox"": [1451, 218, 2224, 380], ""type"": ""handwritten"", ""text"": ""Треба жити!""}, {""bbox"": [494, 351, 3613, 547], ""type"": ""handwritten"", ""text"": ""Имити треба цікаво: читати книжки, ходити в театр,""}, {""bbox"": [332, 561, 1864, 744], ""type"": ""handwritten"", ""text"": ""дресировать пса Патрона...""}, {""bbox"": [495, 734, 3702, 922], ""type"": ""handwritten"", ""text"": ""Треба жити! Не впівсими, не трошки, не завтра, не після.""}, {""bbox"": [326, 925, 3663, 1116], ""type"": ""handwritten"", ""text"": ""То - справдівальну! Зараз! Треба підняти котів, забрати чиби,""}, {""bbox"": [329, 1106, 3583, 1305], ""type"": ""handwritten"", ""text"": ""везти нуцніст із арронту на Інтерсіті, робити ремонт;""}, {""bbox"": [336, 1295, 3693, 1480], ""type"": ""handwritten"", ""text"": ""приносить часть тины, кого любило. Треба купувати сукні""}, {""bbox"": [334, 1482, 3732, 1684], ""type"": ""handwritten"", ""text"": ""з лелітками і донатити на військо, вишукувати ЗЕЗи і""}, {""bbox"": [329, 1662, 3781, 1867], ""type"": ""handwritten"", ""text"": ""генератори, а це - килипорити векторами в лінії яр'є ботсаду,""}, {""bbox"": [310, 1865, 2912, 2058], ""type"": ""handwritten"", ""text"": ""бо на перший урок треба причести каштанів.""}, {""bbox"": [487, 2044, 3662, 2220], ""type"": ""handwritten"", ""text"": ""Потреба любити свій дім, навіть якщо він тимчасовий є""}, {""bbox"": [488, 2054, 3665, 2245], ""type"": ""handwritten"", ""text"": ""Треба любити свій дім, навіть якщо він тимчасовий і""}, {""bbox"": [308, 2236, 3806, 2441], ""type"": ""handwritten"", ""text"": ""далеко від справжнього дому - тою, що в серці. Піреба здравити""}, {""bbox"": [301, 2436, 3815, 2633], ""type"": ""handwritten"", ""text"": ""кров - і, моне, з нею це в чиєму серці поселилась любов до""}, {""bbox"": [302, 2632, 2307, 2819], ""type"": ""handwritten"", ""text"": ""сієв \""допіру\"", \""пітятко\"" чи \""княжи\"".""}, {""bbox"": [420, 2809, 3674, 3006], ""type"": ""handwritten"", ""text"": ""Піреба чілуватися, коли випадає нагода, і казати те, що на""}, {""bbox"": [304, 3007, 3669, 3199], ""type"": ""handwritten"", ""text"": ""дужі. Немає часу на півтони. Матеріальне крихке: ниття""}, {""bbox"": [304, 3203, 3640, 3396], ""type"": ""handwritten"", ""text"": ""тікає крізь пальці. Справжнім виявилося тільки те, за що не""}, {""bbox"": [294, 3384, 3013, 3560], ""type"": ""handwritten"", ""text"": ""можна схопитися руками: спогади, сміх і любов.""}, {""bbox"": [452, 3570, 3794, 3761], ""type"": ""handwritten"", ""text"": ""Це треба плакати, коли лопиться. За все те, що ніким б не""}, {""bbox"": [294, 3767, 3755, 3966], ""type"": ""handwritten"", ""text"": ""мало з нами статися. За те, що ми не тільки знаємо, як""}, {""bbox"": [302, 3956, 3623, 4165], ""type"": ""handwritten"", ""text"": ""пишеться \""дальновідний дрон\"" або \""балістична ракета\"", а й""}, {""bbox"": [312, 4170, 1698, 4361], ""type"": ""handwritten"", ""text"": ""розрізняємо їх на сух.""}, {""bbox"": [439, 4353, 3754, 4518], ""type"": ""handwritten"", ""text"": ""Всіляки хочуть, щоб ми стали схожими на них - скинім""}, {""bbox"": [292, 4532, 3499, 4747], ""type"": ""handwritten"", ""text"": ""у вічній чизоті. А ми будемо жити цікаво: всупереч""}, {""bbox"": [311, 4734, 3622, 4929], ""type"": ""handwritten"", ""text"": ""історії і заради тих, хто після нас говоритиме намою""}, {""bbox"": [293, 4950, 675, 5091], ""type"": ""handwritten"", ""text"": ""мовою.""}]"
1b908b1b-dbb0-563c-bd3d-a0c0b5935ab7.jpg,"[{""bbox"": [181, 203, 1379, 339], ""type"": ""handwritten"", ""text"": ""Висновок: Найшвидше розгнилася сіль, цукр""}, {""bbox"": [180, 303, 1340, 428], ""type"": ""handwritten"", ""text"": ""сода. Миліона кілограм розчинялася най""}, {""bbox"": [174, 408, 306, 501], ""type"": ""handwritten"", ""text"": ""вне.""}, {""bbox"": [180, 494, 1380, 618], ""type"": ""handwritten"", ""text"": ""Більше розмножуються сіль, чукол, мімоза""}, {""bbox"": [162, 618, 405, 700], ""type"": ""handwritten"", ""text"": ""княжна.""}]"
1b9c2bc8-98cf-46e8-8e05-70821257960b.jpg,"[{""bbox"": [851, 0, 1165, 68], ""type"": ""annotation"", ""text"": ""/ no_think""}, {""bbox"": [2, 43, 1204, 162], ""type"": ""handwritten"", ""text"": ""- я прийму це, як необхідне, і злобу""}, {""bbox"": [20, 149, 1199, 243], ""type"": ""handwritten"", ""text"": ""скрипачи без критики,""}, {""bbox"": [15, 163, 1202, 322], ""type"": ""handwritten"", ""text"": ""скрипки без народничества; я играл. — Отвоя правда тим самим:""}, {""bbox"": [16, 218, 1202, 333], ""type"": ""handwritten"", ""text"": ""я играю. — Отважная правда тим савом:""}, {""bbox"": [31, 301, 1200, 403], ""type"": ""handwritten"", ""text"": ""я даки давно хочу мислба на ва-три""}, {""bbox"": [33, 386, 1199, 482], ""type"": ""handwritten"", ""text"": ""Складає за вілл, Западу, Косу і т. и.""}, {""bbox"": [29, 466, 1192, 560], ""type"": ""handwritten"", ""text"": ""Иди відом снаряду. Що пойді... Яку""}, {""bbox"": [32, 546, 1202, 653], ""type"": ""handwritten"", ""text"": ""силу рабох я вре бадушав! Яку силу я""}, {""bbox"": [30, 615, 1218, 721], ""type"": ""handwritten"", ""text"": ""получают зарплату, когда обдумывают их? Все""}, {""bbox"": [30, 629, 1220, 732], ""type"": ""handwritten"", ""text"": ""получают зараз, коли обдумую їх? Все""}, {""bbox"": [27, 719, 1222, 810], ""type"": ""handwritten"", ""text"": ""навимо не берусь до 14, щоб виносливих""}, {""bbox"": [33, 800, 1229, 893], ""type"": ""handwritten"", ""text"": ""в мене, щоб бали, як срібні збірка,""}, {""bbox"": [34, 887, 1208, 980], ""type"": ""handwritten"", ""text"": ""випали з бути на папер. Свідчуся""}, {""bbox"": [27, 973, 1203, 1067], ""type"": ""handwritten"", ""text"": ""Свјетлих 3 месеца, равномерно с Тобом,""}, {""bbox"": [59, 1051, 138, 1113], ""type"": ""annotation"", ""text"": ""00""}, {""bbox"": [27, 1057, 1231, 1150], ""type"": ""handwritten"", ""text"": ""але я... я хочу будь ще більшим за""}, {""bbox"": [24, 1131, 1190, 1230], ""type"": ""handwritten"", ""text"": ""Ібсена. Я радіть кому не мафіка""}, {""bbox"": [15, 1214, 1235, 1310], ""type"": ""handwritten"", ""text"": ""Правда, князь? Могила и треска, аби""}, {""bbox"": [33, 1305, 1246, 1394], ""type"": ""handwritten"", ""text"": ""Погружаясь снизу на де. Полосно, что кима""}, {""bbox"": [24, 1386, 1253, 1492], ""type"": ""handwritten"", ""text"": ""у нас людей, які ввійшли б ту їх вороже""}, {""bbox"": [37, 1476, 1202, 1564], ""type"": ""handwritten"", ""text"": ""Вами, вами? Не были Сударевы...""}, {""bbox"": [25, 1549, 970, 1665], ""type"": ""handwritten"", ""text"": ""Председателю Нуд, кей їм всадина.""}, {""bbox"": [60, 1639, 1257, 1774], ""type"": ""handwritten"", ""text"": ""Як у тирану посміх і посмідимем досвід""}]"
1bf0c1cd-effe-49cb-899c-0b1af6dccff4.jpg,"[{""bbox"": [22, 25, 856, 299], ""type"": ""formula"", ""text"": ""42: (2^{3}-2^{2}-1)""}, {""bbox"": [3398, 39, 4631, 632], ""type"": ""formula"", ""text"": ""$$0 = 5 - 4 2 + x 2$$""}, {""bbox"": [177, 353, 2054, 584], ""type"": ""formula"", ""text"": ""$$M _ { 3 3 } = 3 \\cdot ( - 1 ) - 2 \\cdot 2 = - 3 - 4 = - 7$$""}, {""bbox"": [0, 679, 492, 854], ""type"": ""formula"", ""text"": ""43. -2""}, {""bbox"": [0, 948, 630, 1137], ""type"": ""handwritten"", ""text"": ""44. 3 x 2""}, {""bbox"": [0, 1275, 989, 1558], ""type"": ""formula"", ""text"": ""$$4 5 . 1 ) \\frac { 1 } { x ^ { n } } = x ^ { - n }$$""}, {""bbox"": [185, 1595, 1146, 1806], ""type"": ""formula"", ""text"": ""$$\\cdot ) a ^ { x } b ^ { x } = ( a b ) ^ { x }$$""}, {""bbox"": [180, 1827, 866, 2030], ""type"": ""formula"", ""text"": ""$$\\sqrt[n]{x} = x^{\\frac{1}{n}}$$""}, {""bbox"": [52, 2164, 1914, 2367], ""type"": ""handwritten"", ""text"": ""46. БЕЗПОСРЕДНЕЕ ИНТЕГРИРОВАНИЕ""}, {""bbox"": [316, 2418, 1967, 2623], ""type"": ""handwritten"", ""text"": ""метод записи данных;""}, {""bbox"": [329, 2632, 1965, 2807], ""type"": ""handwritten"", ""text"": ""інтерування частинами""}, {""bbox"": [2179, 2804, 4626, 3069], ""type"": ""formula"", ""text"": ""$$\\theta _ { 2 } - \\theta _ { 0 0 0 } = \\theta \\cdot ( \\theta _ { 2 } - \\theta _ { 0 } ) = ( \\theta ) \\cdot 1 = \\theta$$""}, {""bbox"": [48, 2933, 924, 3119], ""type"": ""handwritten"", ""text"": ""И7. однимиою""}, {""bbox"": [2044, 3025, 4498, 3269], ""type"": ""formula"", ""text"": ""(600+800+500)-(600-300)+(400+200)""}, {""bbox"": [0, 3209, 558, 3373], ""type"": ""handwritten"", ""text"": ""48. 4200""}, {""bbox"": [2503, 3448, 4537, 3708], ""type"": ""formula"", ""text"": ""PR(100)=-6\\cdot10^{3}+460\\cdot10-400""}, {""bbox"": [0, 3466, 757, 3650], ""type"": ""handwritten"", ""text"": ""49. ad-bc""}, {""bbox"": [2222, 5595, 2857, 5752], ""type"": ""annotation"", ""text"": ""16.12.2025""}]"
1c8cc545-241f-4da1-b46b-429064fc9f13.jpg,"[{""bbox"": [21, 13, 720, 67], ""type"": ""handwritten"", ""text"": ""Матеріальне прихиле, певною мірою період""}, {""bbox"": [22, 55, 769, 110], ""type"": ""handwritten"", ""text"": ""нашесті. Справжній впевненості тільки те,""}, {""bbox"": [24, 96, 729, 151], ""type"": ""handwritten"", ""text"": ""зв что не можем схотялись руками:""}, {""bbox"": [28, 145, 451, 202], ""type"": ""handwritten"", ""text"": ""спогади, силих і мовов.""}, {""bbox"": [89, 194, 727, 255], ""type"": ""handwritten"", ""text"": ""Иже треба писакати, коли смотреться.""}, {""bbox"": [24, 244, 797, 305], ""type"": ""handwritten"", ""text"": ""За все те, що відомо б не мало з нами,""}, {""bbox"": [23, 269, 806, 346], ""type"": ""handwritten"", ""text"": ""За все те, що виконав і не виконав статися. За те, що мені не тільки діяло,""}, {""bbox"": [23, 287, 810, 347], ""type"": ""handwritten"", ""text"": ""сталися. За те, що вони не тільки знавали,""}, {""bbox"": [24, 335, 825, 400], ""type"": ""handwritten"", ""text"": ""як ними єть джекобінські зрон або балістичні""}, {""bbox"": [27, 392, 676, 454], ""type"": ""handwritten"", ""text"": ""ралега, а й розрізняємо їх на акут.""}, {""bbox"": [94, 443, 827, 501], ""type"": ""handwritten"", ""text"": ""росієні жогу́, щоб ми стали схожими,""}, {""bbox"": [33, 488, 777, 553], ""type"": ""handwritten"", ""text"": ""на них, скінчи у вігесій чиазоти. А нес""}, {""bbox"": [35, 523, 785, 601], ""type"": ""handwritten"", ""text"": ""на них, скинали у вітчизняних будемо писати цікаво, всупереч історії і""}, {""bbox"": [29, 583, 784, 661], ""type"": ""handwritten"", ""text"": ""заряди тих, хто підняв нас говоритиме""}, {""bbox"": [31, 645, 320, 706], ""type"": ""handwritten"", ""text"": ""нашою мовою.""}]"
1d4953af-c8e6-4095-b58a-b2bc9f26a415.jpg,"[{""bbox"": [1039, 189, 2413, 381], ""type"": ""handwritten"", ""text"": ""Треба жити!""}, {""bbox"": [644, 405, 2704, 598], ""type"": ""handwritten"", ""text"": ""Жити треба цілково,""}, {""bbox"": [524, 552, 3034, 767], ""type"": ""handwritten"", ""text"": ""читати книжки, ходити в""}, {""bbox"": [516, 742, 2776, 940], ""type"": ""handwritten"", ""text"": ""театр, дресирувать пса""}, {""bbox"": [495, 953, 1238, 1091], ""type"": ""handwritten"", ""text"": ""Яатро на.""}, {""bbox"": [628, 1065, 3226, 1260], ""type"": ""handwritten"", ""text"": ""Треба жити! Не в півсім,""}, {""bbox"": [408, 1240, 3277, 1418], ""type"": ""handwritten"", ""text"": ""не трошки, не завтра, не після""}, {""bbox"": [552, 1400, 3054, 1579], ""type"": ""handwritten"", ""text"": ""По справтнному! Зараз! Треба""}, {""bbox"": [474, 1568, 3212, 1748], ""type"": ""handwritten"", ""text"": ""гладити котів, збирати гриби,""}, {""bbox"": [470, 1741, 3127, 1911], ""type"": ""handwritten"", ""text"": ""везти чуенат із фронту на""}, {""bbox"": [456, 1902, 3079, 2070], ""type"": ""handwritten"", ""text"": ""інтерсомі, робити ремонт і""}, {""bbox"": [418, 2051, 3042, 2237], ""type"": ""handwritten"", ""text"": ""приносити щастя тим, кого""}, {""bbox"": [414, 2204, 3144, 2387], ""type"": ""handwritten"", ""text"": ""любимо. Треба купувати сукні""}, {""bbox"": [403, 2358, 3167, 2558], ""type"": ""handwritten"", ""text"": ""з лейтками і донатити на""}, {""bbox"": [393, 2510, 2988, 2711], ""type"": ""handwritten"", ""text"": ""військо, вимірювати РЕБи і""}, {""bbox"": [395, 2662, 3375, 2846], ""type"": ""handwritten"", ""text"": ""генератори, а ще нимпорити""}, {""bbox"": [387, 2811, 3293, 3024], ""type"": ""handwritten"", ""text"": ""вегорали в літері бот.саду, бо""}, {""bbox"": [368, 2950, 3349, 3170], ""type"": ""handwritten"", ""text"": ""на первый урок треба принести""}, {""bbox"": [372, 3155, 1242, 3326], ""type"": ""handwritten"", ""text"": ""каштанів.""}, {""bbox"": [465, 3269, 3157, 3492], ""type"": ""handwritten"", ""text"": ""Треба любити свій дім,""}, {""bbox"": [353, 3383, 3207, 3657], ""type"": ""handwritten"", ""text"": ""Треба любити, навіть, якщо він тимчасовий і""}, {""bbox"": [325, 3434, 3231, 3816], ""type"": ""handwritten"", ""text"": ""навіть, якщо він тимчасовий і далеко від справжнього дому, того""}, {""bbox"": [322, 3596, 3246, 3826], ""type"": ""handwritten"", ""text"": ""далеко від справжнього дому, того""}, {""bbox"": [311, 3727, 3248, 3980], ""type"": ""handwritten"", ""text"": ""далеко від серця. Преба здавати кров""}, {""bbox"": [313, 3817, 3178, 4151], ""type"": ""handwritten"", ""text"": ""що в серці. Треба здати присягу і може з нього ще в числусь""}, {""bbox"": [312, 3943, 3163, 4164], ""type"": ""handwritten"", ""text"": ""і може з нею ще в чимось""}, {""bbox"": [305, 4087, 3082, 4335], ""type"": ""handwritten"", ""text"": ""орії поселившись любов до""}, {""bbox"": [292, 4310, 3115, 4532], ""type"": ""handwritten"", ""text"": ""слів \""допіру\"", \""пітятко\"" чи""}]"
1d4a28f7-d9f8-4bf1-9f62-5b9a62bd0d39.jpg,"[{""bbox"": [58, 14, 1494, 144], ""type"": ""handwritten"", ""text"": ""Правінки думаю, що свої роб""}, {""bbox"": [68, 22, 1491, 169], ""type"": ""handwritten"", ""text"": ""Правінки знало, що свої роб""}, {""bbox"": [76, 61, 1489, 235], ""type"": ""handwritten"", ""text"": ""Правінки мало, що моя\nта не обіцялися від \""світів\nвас""}, {""bbox"": [79, 117, 1472, 304], ""type"": ""handwritten"", ""text"": ""та не обіцялися на \""чесний мелейчному\"", як це до вас""}, {""bbox"": [82, 193, 1466, 310], ""type"": ""handwritten"", ""text"": ""межейчному\"", як це зо вас""}, {""bbox"": [82, 206, 1486, 388], ""type"": ""handwritten"", ""text"": ""межев'чному\"", бо це до вас\nйшов й. Волацький, а що би""}, {""bbox"": [84, 270, 1491, 454], ""type"": ""handwritten"", ""text"": ""лише й. Болацький в церкві\nтреба, щоб власним прац""}, {""bbox"": [87, 357, 1494, 536], ""type"": ""handwritten"", ""text"": ""гаймо треба туде власним правом лоза \""межейкою\"". Експедиція""}, {""bbox"": [82, 446, 1493, 627], ""type"": ""handwritten"", ""text"": ""и лоза\"" межевкой. Скачущий замбийский левачко и я ма""}, {""bbox"": [79, 509, 1493, 698], ""type"": ""handwritten"", ""text"": ""занятися небачно и я маю му на увазі Олена́на, які""}, {""bbox"": [78, 593, 1492, 780], ""type"": ""handwritten"", ""text"": ""иму на увазі: Слідківна, як""}, {""bbox"": [80, 661, 1492, 789], ""type"": ""handwritten"", ""text"": ""як ти самі зробив, саме з по""}, {""bbox"": [105, 691, 1530, 860], ""type"": ""handwritten"", ""text"": ""як ти самі усвідомлюєш, що вже відповідно до цього, що вже""}, {""bbox"": [105, 750, 1533, 934], ""type"": ""handwritten"", ""text"": ""лому ще відмінні дуже дотримувалися. Зрештою, пограбувані місця""}, {""bbox"": [71, 832, 1494, 1010], ""type"": ""handwritten"", ""text"": ""мев. Зрецийного, повръдни ма обново зелтия ще, ня и х ви.""}, {""bbox"": [80, 958, 1480, 1088], ""type"": ""handwritten"", ""text"": ""на обновлении их, явится что міська правління.""}, {""bbox"": [82, 989, 1486, 1171], ""type"": ""handwritten"", ""text"": ""Явить что-нибудь правильное.\nОдно молчание всё написанное до""}, {""bbox"": [83, 1067, 1491, 1174], ""type"": ""handwritten"", ""text"": ""Одне може́те ще Кайисаєм до""}, {""bbox"": [82, 1076, 1493, 1252], ""type"": ""handwritten"", ""text"": ""Одне можеше ще най-своя дъ\nКоали, що переизбираем на""}, {""bbox"": [86, 1147, 1492, 1264], ""type"": ""handwritten"", ""text"": ""Крах, что переоценивает не""}, {""bbox"": [86, 1171, 1493, 1342], ""type"": ""handwritten"", ""text"": ""Крах ио преамидови на\nвашине и овна и гури,""}, {""bbox"": [83, 1220, 1446, 1427], ""type"": ""handwritten"", ""text"": ""начальник и бывал в губернии, но в моих предпосылках""}, {""bbox"": [642, 1405, 1405, 1566], ""type"": ""handwritten"", ""text"": ""Здоровия церо""}, {""bbox"": [91, 1412, 387, 1536], ""type"": ""handwritten"", ""text"": ""и неут.""}, {""bbox"": [959, 1511, 1485, 1655], ""type"": ""handwritten"", ""text"": ""В.Сикова""}, {""bbox"": [195, 1619, 1220, 1763], ""type"": ""handwritten"", ""text"": ""Біркенбергд, 8/10.1922.""}, {""bbox"": [139, 1744, 1530, 1836], ""type"": ""handwritten"", ""text"": ""Р.З. Хрип: амб. д-р. Ордичева и Балан""}, {""bbox"": [182, 1815, 1397, 1895], ""type"": ""handwritten"", ""text"": ""'чиха (з ліжка) звернеться, хвора!'""}]"
1d50d7b6-f5a7-4b32-86c7-65c7e965f800.jpg,"[{""bbox"": [180, 38, 434, 136], ""type"": ""annotation"", ""text"": ""86 23726""}, {""bbox"": [54, 38, 435, 136], ""type"": ""annotation"", ""text"": ""25686 23726""}, {""bbox"": [15, 109, 1099, 216], ""type"": ""handwritten"", ""text"": ""Оо мого письменнику во боде.""}, {""bbox"": [12, 211, 1089, 302], ""type"": ""handwritten"", ""text"": ""мо балакать, писать не""}, {""bbox"": [34, 294, 1098, 390], ""type"": ""handwritten"", ""text"": ""хочется. А обратить я не""}, {""bbox"": [17, 388, 1091, 479], ""type"": ""handwritten"", ""text"": ""не хотів і, підшур, не думав,""}, {""bbox"": [18, 388, 1090, 479], ""type"": ""handwritten"", ""text"": ""не хотів і, підшур, не думав,""}, {""bbox"": [16, 470, 1106, 564], ""type"": ""handwritten"", ""text"": ""що це може тебе образити.""}, {""bbox"": [24, 556, 1089, 641], ""type"": ""handwritten"", ""text"": ""Всегда так и так думал, а ду""}, {""bbox"": [22, 637, 1093, 716], ""type"": ""handwritten"", ""text"": ""мав так на підставі твоїх""}, {""bbox"": [26, 711, 1085, 798], ""type"": ""handwritten"", ""text"": ""вла́вних сійб, які, між іншим,""}, {""bbox"": [22, 790, 1084, 891], ""type"": ""handwritten"", ""text"": ""і і високих звоях, (які я собі""}, {""bbox"": [30, 878, 958, 967], ""type"": ""handwritten"", ""text"": ""тобі колись показати).""}, {""bbox"": [31, 955, 1081, 1067], ""type"": ""handwritten"", ""text"": ""Ну, бувай здорова. До по-""}, {""bbox"": [30, 1054, 1080, 1147], ""type"": ""handwritten"", ""text"": ""Зачем?! Не сознавая""}, {""bbox"": [16, 1137, 1000, 1233], ""type"": ""handwritten"", ""text"": ""і 630 вже будь у Києві!""}, {""bbox"": [23, 1223, 1084, 1298], ""type"": ""handwritten"", ""text"": ""Твоя кімната на розі Пань-""}, {""bbox"": [19, 1288, 1087, 1381], ""type"": ""handwritten"", ""text"": ""ковской и Н.-Гоманичное, (за стиликою краиниця)""}, {""bbox"": [6, 1350, 1080, 1450], ""type"": ""handwritten"", ""text"": ""по выходу на Н.Фом. Можем пері""}, {""bbox"": [10, 1358, 1077, 1450], ""type"": ""handwritten"", ""text"": ""βο βεχοδυρ κα Η. Τομ. Μοσευ περί""}, {""bbox"": [10, 1369, 1076, 1504], ""type"": ""handwritten"", ""text"": ""не виходить на Н. Тот. Може резі\nлишить на вакзалі і йди до сьоме;""}, {""bbox"": [10, 1423, 1074, 1545], ""type"": ""handwritten"", ""text"": ""лишень на вакзалі і йди до села; але в 620 році в Університеті зв""}, {""bbox"": [10, 1476, 1073, 1578], ""type"": ""handwritten"", ""text"": ""але в 1920 році в Університеті. Зранку,""}, {""bbox"": [7, 1502, 1075, 1638], ""type"": ""handwritten"", ""text"": ""яке відбуде в Університеті. Зранку, ти, зважаючи, почекай у мене, і попереди""}, {""bbox"": [6, 1594, 686, 1677], ""type"": ""handwritten"", ""text"": ""присягу. Підприємство 520.""}, {""bbox"": [33, 1668, 1087, 1769], ""type"": ""handwritten"", ""text"": ""Гл. отческаго имения рфку Валад""}]"
1d83146e-892d-41d2-a8bb-1aa67a4e1cd4.jpg,"[{""bbox"": [106, 752, 1532, 899], ""type"": ""handwritten"", ""text"": ""а на півтони. Матеріальні - крихке,""}, {""bbox"": [99, 802, 1625, 975], ""type"": ""handwritten"", ""text"": ""ау на півтони. Матеріалові злиття тікає крізь пальці. Справжнім""}, {""bbox"": [111, 918, 1623, 1080], ""type"": ""handwritten"", ""text"": ""зпиття таке краще виявилось тільки те, за що не мож""}, {""bbox"": [114, 1012, 1624, 1232], ""type"": ""handwritten"", ""text"": ""на скотитися руками: спади, сили: щобов.""}, {""bbox"": [123, 1148, 319, 1238], ""type"": ""handwritten"", ""text"": ""чобов.""}, {""bbox"": [210, 1179, 1686, 1319], ""type"": ""handwritten"", ""text"": ""Иде треба підкачати, коли можеться.""}, {""bbox"": [122, 1235, 1658, 1407], ""type"": ""handwritten"", ""text"": ""Ще треба підкачати, коли було... За все те, що ніколи б не мило з на-""}, {""bbox"": [110, 1290, 1588, 1493], ""type"": ""handwritten"", ""text"": ""За все те, що нікому б не мігло з на\nми спатися. За те, що ми не тільки""}, {""bbox"": [101, 1404, 1565, 1582], ""type"": ""handwritten"", ""text"": ""ми статисе. За те, що ми не тавімо\nзравило, як пишеться \""далекобійній\""""}, {""bbox"": [100, 1520, 1534, 1668], ""type"": ""handwritten"", ""text"": ""зрелище, як пилотська \""у дрон\"" або \""білістивна ракета\"", а й""}, {""bbox"": [115, 1657, 861, 1759], ""type"": ""handwritten"", ""text"": ""розрізнявши на сиру.""}, {""bbox"": [127, 1809, 1675, 1917], ""type"": ""handwritten"", ""text"": ""сними на них - снігом у вічній зрезо-""}, {""bbox"": [106, 1898, 1682, 2007], ""type"": ""handwritten"", ""text"": ""ті. А ми будемо жити цікаво - всере-""}, {""bbox"": [96, 1996, 1567, 2101], ""type"": ""handwritten"", ""text"": ""рек історії і заради тих, хто писав""}, {""bbox"": [100, 2089, 1290, 2193], ""type"": ""handwritten"", ""text"": ""нас говоритиме маленько любовью.""}]"
1dd10944-9049-4ca8-9944-fb83e3d1daeb.jpg,"[{""bbox"": [534, 1036, 2524, 1206], ""type"": ""handwritten"", ""text"": ""не можем вхопитись руками:""}, {""bbox"": [526, 1183, 1966, 1359], ""type"": ""handwritten"", ""text"": ""спогади, яких є любов""}, {""bbox"": [596, 1854, 2363, 2016], ""type"": ""handwritten"", ""text"": ""за те, що ми не пильки""}, {""bbox"": [1639, 3258, 2634, 3477], ""type"": ""handwritten"", ""text"": ""нашою любою. ❤️""}, {""bbox"": [562, 3482, 786, 3603], ""type"": ""annotation"", ""text"": ""мас""}]"
1deb4fbf-10bd-489e-b3f3-6b0597a67499.jpg,"[{""bbox"": [11, 6, 229, 74], ""type"": ""handwritten"", ""text"": ""Заведомо ч""}, {""bbox"": [28, 71, 1637, 139], ""type"": ""handwritten"", ""text"": ""Копии - копии слоёв дермальных имплантов, закреплённые, что занимал""}, {""bbox"": [27, 131, 1637, 193], ""type"": ""handwritten"", ""text"": ""інтереси держави та їх пролетарські колективи через інші країни,""}, {""bbox"": [27, 186, 1633, 244], ""type"": ""handwritten"", ""text"": ""Детская магазинная аптека - официальное представительство дерматолога за консу-""}, {""bbox"": [35, 235, 1012, 292], ""type"": ""handwritten"", ""text"": ""ним, що виконує унікальними функціями:""}, {""bbox"": [33, 284, 1651, 358], ""type"": ""handwritten"", ""text"": ""Міжнародна політика - діяльність держав і міжнародних організацій""}, {""bbox"": [29, 334, 1098, 405], ""type"": ""handwritten"", ""text"": ""щого реліктового відчуття на відтінок аркі""}, {""bbox"": [32, 390, 1638, 474], ""type"": ""handwritten"", ""text"": ""Величина момента импульса - це орієнтовна кількість перенесеного циліндричного масиву -""}, {""bbox"": [30, 442, 1633, 532], ""type"": ""handwritten"", ""text"": ""ним представителям, что занимается и иные гарантирует с тезотир-""}, {""bbox"": [38, 475, 255, 524], ""type"": ""handwritten"", ""text"": ""компію.""}, {""bbox"": [25, 537, 1625, 613], ""type"": ""handwritten"", ""text"": ""Нитрифікація - однією з найпримітніших державних міжнародних""}, {""bbox"": [32, 595, 1618, 662], ""type"": ""handwritten"", ""text"": ""організації про прийняття вами своїх рішень чи впливати серед""}, {""bbox"": [35, 642, 1334, 723], ""type"": ""handwritten"", ""text"": ""ним для цільової інтерв'ювання, загальних""}, {""bbox"": [18, 721, 257, 799], ""type"": ""handwritten"", ""text"": ""Задание 5.""}, {""bbox"": [21, 842, 1618, 985], ""type"": ""table"", ""text"": ""Меленародна діяльність країн|Моніторинг ірраціональної діяльності|Ринкові позиції країн|Оптимальний потенціал""}, {""bbox"": [63, 992, 1556, 1074], ""type"": ""handwritten"", ""text"": ""Інтернет-контент диверсифікації засобів впливу дієпсихологічних""}, {""bbox"": [443, 1109, 599, 1174], ""type"": ""handwritten"", ""text"": ""Медиа-""}, {""bbox"": [901, 1118, 1014, 1166], ""type"": ""handwritten"", ""text"": ""шев-""}, {""bbox"": [1278, 1156, 1520, 1216], ""type"": ""handwritten"", ""text"": ""дипломатий""}, {""bbox"": [98, 1157, 242, 1214], ""type"": ""handwritten"", ""text"": ""Digital-""}, {""bbox"": [842, 1166, 1116, 1221], ""type"": ""handwritten"", ""text"": ""дипломатия""}, {""bbox"": [431, 1173, 673, 1236], ""type"": ""handwritten"", ""text"": ""дипломатія""}, {""bbox"": [1266, 1211, 1629, 1258], ""type"": ""handwritten"", ""text"": ""це інтеріори вико-""}, {""bbox"": [53, 1213, 287, 1267], ""type"": ""handwritten"", ""text"": ""дипломатия""}, {""bbox"": [844, 1218, 1186, 1274], ""type"": ""handwritten"", ""text"": ""- ведение дело-""}, {""bbox"": [412, 1230, 734, 1288], ""type"": ""handwritten"", ""text"": ""- заинтересованы""}, {""bbox"": [1270, 1252, 1630, 1297], ""type"": ""handwritten"", ""text"": ""митапи огливо""}, {""bbox"": [852, 1271, 1189, 1312], ""type"": ""handwritten"", ""text"": ""неістинної діяльності.""}, {""bbox"": [418, 1283, 740, 1336], ""type"": ""handwritten"", ""text"": ""злочовів мало-""}, {""bbox"": [39, 1287, 303, 1330], ""type"": ""handwritten"", ""text"": ""\""за концепција""}, {""bbox"": [1272, 1297, 1534, 1342], ""type"": ""handwritten"", ""text"": ""ним искрене дил""}, {""bbox"": [419, 1329, 744, 1379], ""type"": ""handwritten"", ""text"": ""вое искренность""}, {""bbox"": [36, 1332, 306, 1381], ""type"": ""handwritten"", ""text"": ""використання""}, {""bbox"": [1270, 1337, 1600, 1389], ""type"": ""handwritten"", ""text"": ""имиджно посм-""}, {""bbox"": [851, 1344, 1214, 1394], ""type"": ""handwritten"", ""text"": ""члени веб. власими,""}, {""bbox"": [413, 1376, 715, 1423], ""type"": ""handwritten"", ""text"": ""/таксисты,""}, {""bbox"": [31, 1379, 313, 1429], ""type"": ""handwritten"", ""text"": ""і заінструкування""}, {""bbox"": [1273, 1384, 1631, 1434], ""type"": ""handwritten"", ""text"": ""мин. информ.""}, {""bbox"": [850, 1392, 1229, 1434], ""type"": ""handwritten"", ""text"": ""пертіли чи інші""}, {""bbox"": [409, 1427, 765, 1478], ""type"": ""handwritten"", ""text"": ""расјо, прела, линго).""}, {""bbox"": [30, 1427, 334, 1476], ""type"": ""handwritten"", ""text"": ""цифровой техно""}, {""bbox"": [1273, 1430, 1629, 1484], ""type"": ""handwritten"", ""text"": ""змінних змін, котрі""}, {""bbox"": [851, 1435, 1193, 1477], ""type"": ""handwritten"", ""text"": ""отмасін-ресурси""}, {""bbox"": [412, 1471, 769, 1530], ""type"": ""handwritten"", ""text"": ""Для фронтседания""}, {""bbox"": [24, 1472, 335, 1515], ""type"": ""handwritten"", ""text"": ""чной для прокур.""}, {""bbox"": [847, 1478, 1221, 1523], ""type"": ""handwritten"", ""text"": ""що зобов'язують""}, {""bbox"": [1277, 1481, 1602, 1538], ""type"": ""handwritten"", ""text"": ""північні пересічних""}, {""bbox"": [24, 1511, 328, 1558], ""type"": ""handwritten"", ""text"": ""вони зовнішньо""}, {""bbox"": [414, 1523, 764, 1583], ""type"": ""handwritten"", ""text"": ""позитивного лид-""}, {""bbox"": [851, 1523, 1165, 1564], ""type"": ""handwritten"", ""text"": ""щохівнісний""}, {""bbox"": [1295, 1532, 1642, 1583], ""type"": ""handwritten"", ""text"": ""очевиднее все мы""}, {""bbox"": [20, 1552, 352, 1600], ""type"": ""handwritten"", ""text"": ""політичних цілей;""}, {""bbox"": [850, 1564, 1252, 1613], ""type"": ""handwritten"", ""text"": ""дотыр дрі інфрақти-""}, {""bbox"": [411, 1571, 743, 1630], ""type"": ""handwritten"", ""text"": ""диз критики, та""}, {""bbox"": [1302, 1577, 1630, 1627], ""type"": ""handwritten"", ""text"": ""ісбото інубнічних.""}, {""bbox"": [22, 1591, 339, 1633], ""type"": ""handwritten"", ""text"": ""використання та""}, {""bbox"": [852, 1611, 1280, 1657], ""type"": ""handwritten"", ""text"": ""ції та інших, додат.""}, {""bbox"": [407, 1624, 717, 1675], ""type"": ""handwritten"", ""text"": ""доглядіти нію""}, {""bbox"": [1316, 1625, 1605, 1671], ""type"": ""handwritten"", ""text"": ""м сердечных""}, {""bbox"": [20, 1626, 353, 1675], ""type"": ""handwritten"", ""text"": ""спертивном сим""}, {""bbox"": [850, 1655, 1221, 1702], ""type"": ""handwritten"", ""text"": ""кого: валидність з""}, {""bbox"": [18, 1665, 346, 1715], ""type"": ""handwritten"", ""text"": ""ну информационного""}, {""bbox"": [1321, 1673, 1558, 1718], ""type"": ""handwritten"", ""text"": ""випести на""}, {""bbox"": [417, 1674, 701, 1720], ""type"": ""handwritten"", ""text"": ""він увісів і""}, {""bbox"": [23, 1704, 307, 1751], ""type"": ""handwritten"", ""text"": ""між різними""}, {""bbox"": [424, 1719, 719, 1771], ""type"": ""handwritten"", ""text"": ""інтелігу на зро-""}, {""bbox"": [21, 1745, 341, 1797], ""type"": ""handwritten"", ""text"": ""депізитами вітч""}, {""bbox"": [423, 1766, 774, 1828], ""type"": ""handwritten"", ""text"": ""маусіке дынку.""}, {""bbox"": [20, 1793, 332, 1839], ""type"": ""handwritten"", ""text"": ""Колімськеоти""}, {""bbox"": [18, 1836, 321, 1888], ""type"": ""handwritten"", ""text"": ""предывают на""}, {""bbox"": [16, 1883, 343, 1936], ""type"": ""handwritten"", ""text"": ""великій відстані""}, {""bbox"": [11, 1929, 313, 1980], ""type"": ""handwritten"", ""text"": ""один вид орлино""}]"
1e6f8da7-84bf-516e-a4a7-d1cea06b6526.jpg,"[{""bbox"": [87, 60, 436, 139], ""type"": ""handwritten"", ""text"": ""2. Апмепіі""}, {""bbox"": [99, 147, 426, 253], ""type"": ""handwritten"", ""text"": ""3. Кипілями""}, {""bbox"": [91, 267, 345, 355], ""type"": ""handwritten"", ""text"": ""ч. Беки.""}, {""bbox"": [169, 371, 651, 492], ""type"": ""handwritten"", ""text"": ""Будова серця""}, {""bbox"": [91, 496, 370, 590], ""type"": ""handwritten"", ""text"": ""1. Химени""}, {""bbox"": [83, 611, 363, 710], ""type"": ""handwritten"", ""text"": ""2. Шари""}, {""bbox"": [94, 720, 407, 816], ""type"": ""handwritten"", ""text"": ""3. Химия""}, {""bbox"": [121, 807, 1691, 942], ""type"": ""handwritten"", ""text"": ""Функція серця: забезпечення руху крові; забезпечен""}, {""bbox"": [100, 936, 1438, 1060], ""type"": ""handwritten"", ""text"": ""скорогенним серцевого м'яза (відокурда).""}, {""bbox"": [191, 1059, 1256, 1165], ""type"": ""handwritten"", ""text"": ""Властивості серебра м'яза.""}, {""bbox"": [88, 1196, 591, 1329], ""type"": ""handwritten"", ""text"": ""1. Збудливість.""}, {""bbox"": [88, 1337, 601, 1437], ""type"": ""handwritten"", ""text"": ""2. провідність""}, {""bbox"": [103, 1450, 681, 1563], ""type"": ""handwritten"", ""text"": ""3. споромивість""}, {""bbox"": [87, 1577, 639, 1683], ""type"": ""handwritten"", ""text"": ""4. Автоматизм""}, {""bbox"": [259, 1691, 1127, 1817], ""type"": ""handwritten"", ""text"": ""Фазы чернового шлифу:""}, {""bbox"": [86, 1796, 1479, 1947], ""type"": ""handwritten"", ""text"": ""1. кислота система передсфера (0,1 с.)""}, {""bbox"": [99, 1936, 1204, 2093], ""type"": ""handwritten"", ""text"": ""2. Сайтна мінулочив (10,3с.)""}, {""bbox"": [107, 2074, 1182, 2226], ""type"": ""handwritten"", ""text"": ""3. Стільки науза - діастола""}, {""bbox"": [139, 2217, 1318, 2373], ""type"": ""handwritten"", ""text"": ""Один цикл триває 0,8 секунди.""}]"
1f0c78f3-41af-49bc-85fc-4640533cb6f8.jpg,"[{""bbox"": [365, 7, 611, 163], ""type"": ""handwritten"", ""text"": ""∴5""}, {""bbox"": [3346, 214, 4636, 694], ""type"": ""image"", ""text"": """"}, {""bbox"": [1098, 218, 1424, 348], ""type"": ""annotation"", ""text"": ""/ no_think""}, {""bbox"": [290, 378, 1705, 634], ""type"": ""handwritten"", ""text"": ""14. має єдиний розв'язок""}, {""bbox"": [281, 562, 726, 735], ""type"": ""handwritten"", ""text"": ""15. - $\\frac{2}{9}$""}, {""bbox"": [286, 768, 2182, 945], ""type"": ""formula"", ""text"": ""16. PR(10) = -600 + 1600 - 400 = 600""}, {""bbox"": [274, 975, 1232, 1267], ""type"": ""formula"", ""text"": ""$$1 7 . \\frac { 1 4 1 0 0 0 } { 3 0 0 } = 4 7 0$$""}, {""bbox"": [303, 1301, 850, 1504], ""type"": ""handwritten"", ""text"": ""18. снагае""}, {""bbox"": [289, 1505, 1048, 1691], ""type"": ""handwritten"", ""text"": ""19. о (шумо)""}, {""bbox"": [283, 1694, 925, 1855], ""type"": ""formula"", ""text"": ""20. b_{12}=i""}, {""bbox"": [290, 1871, 731, 2021], ""type"": ""handwritten"", ""text"": ""21、3×2""}, {""bbox"": [284, 2051, 1117, 2209], ""type"": ""formula"", ""text"": ""22, R(30)=4200""}, {""bbox"": [287, 2208, 927, 2391], ""type"": ""handwritten"", ""text"": ""23、(1;0;2)""}, {""bbox"": [297, 2405, 659, 2556], ""type"": ""handwritten"", ""text"": ""24.3""}, {""bbox"": [315, 2570, 745, 2705], ""type"": ""handwritten"", ""text"": ""25, 2×3""}, {""bbox"": [311, 2668, 1604, 2892], ""type"": ""handwritten"", ""text"": ""26. усі варіанти вірні""}, {""bbox"": [305, 2878, 1791, 3096], ""type"": ""handwritten"", ""text"": ""27. мое единий род'елок""}, {""bbox"": [288, 3091, 1398, 3361], ""type"": ""formula"", ""text"": ""$$2 8 . \\frac { n ^ { 3 } } { 2 n ^ { 2 } } = \\frac { n } { 2 } = \\infty$$""}, {""bbox"": [540, 3396, 1146, 3634], ""type"": ""handwritten"", ""text"": ""Відповідь: ∞""}, {""bbox"": [271, 3664, 767, 3782], ""type"": ""handwritten"", ""text"": ""29、-12""}, {""bbox"": [267, 3690, 2804, 3968], ""type"": ""formula"", ""text"": ""29. -12 \\\\ 30. a^{x}b^{x} = (ab)^{x}, \\sqrt[4]{x^{7}} = x^{\\frac{7}{4}}, \\frac{1}{x^{n}} = x^{-n}""}, {""bbox"": [264, 4012, 723, 4156], ""type"": ""handwritten"", ""text"": ""31. 35""}, {""bbox"": [263, 4154, 681, 4343], ""type"": ""handwritten"", ""text"": ""32. 1/2""}, {""bbox"": [258, 4377, 1445, 4519], ""type"": ""formula"", ""text"": ""33, \\quad TC = 968 - 700 = 268""}, {""bbox"": [502, 4527, 1138, 4738], ""type"": ""handwritten"", ""text"": ""Bignobigo: 268""}, {""bbox"": [252, 4724, 1073, 4873], ""type"": ""formula"", ""text"": ""54. A_{12} = -10""}, {""bbox"": [234, 4863, 1981, 5145], ""type"": ""formula"", ""text"": ""$$3 5 . \\int \\cos ( 5 x ) d x = \\frac { 1 } { 5 } \\sin ( 5 x ) + C$$""}, {""bbox"": [242, 5342, 1316, 5533], ""type"": ""handwritten"", ""text"": ""57. рачи, матриці""}, {""bbox"": [226, 5493, 2947, 5736], ""type"": ""formula"", ""text"": ""38. \\quad x = \\frac{\\Delta x}{\\Delta} = \\frac{11}{11} = 1 \\quad y = \\frac{\\Delta y}{\\Delta} = \\frac{-11}{11} = -1""}, {""bbox"": [457, 5742, 1510, 5964], ""type"": ""handwritten"", ""text"": ""Big nobigo: x = 1, y = -1""}, {""bbox"": [239, 5960, 1026, 6129], ""type"": ""formula"", ""text"": ""59. \\lim_{z} \\frac{2}{1} = 2""}, {""bbox"": [241, 6159, 801, 6301], ""type"": ""formula"", ""text"": ""$40. ad-bc$""}, {""bbox"": [238, 6312, 2184, 6561], ""type"": ""handwritten"", ""text"": ""41. 2 (максимум за 1 сиропинко)""}]"
1f6e5a65-089f-4135-a20a-c72aaa4747eb.jpg,"[{""bbox"": [587, 102, 843, 255], ""type"": ""handwritten"", ""text"": ""Albin""}, {""bbox"": [1554, 114, 1704, 294], ""type"": ""annotation"", ""text"": ""54""}, {""bbox"": [245, 312, 1581, 406], ""type"": ""handwritten"", ""text"": ""ла 1192К (словом писатать сто д""}, {""bbox"": [201, 402, 1536, 505], ""type"": ""handwritten"", ""text"": ""чланиві (короті) котрій підбраві""}, {""bbox"": [201, 481, 1537, 596], ""type"": ""handwritten"", ""text"": ""стілку для студентів-співачів в Іоо""}, {""bbox"": [97, 554, 430, 662], ""type"": ""handwritten"", ""text"": ""/но_think""}, {""bbox"": [282, 655, 1492, 807], ""type"": ""handwritten"", ""text"": ""Попастерника, дни 131.1919.""}, {""bbox"": [1119, 807, 1398, 979], ""type"": ""handwritten"", ""text"": ""вагир""}]"
1f7e87e1-0fe9-47a8-be81-ee4d109e74a0.jpg,"[{""bbox"": [73, 48, 1110, 157], ""type"": ""handwritten"", ""text"": ""те, що нікому б не ма-""}, {""bbox"": [91, 145, 1113, 219], ""type"": ""handwritten"", ""text"": ""но к ним отомися.""}, {""bbox"": [95, 211, 1109, 275], ""type"": ""handwritten"", ""text"": ""За те, що ми не тіль""}, {""bbox"": [91, 267, 1098, 333], ""type"": ""handwritten"", ""text"": ""ки знаєшо аку півметь-""}, {""bbox"": [85, 327, 1014, 393], ""type"": ""handwritten"", ""text"": ""са „файеробійний дрон“""}, {""bbox"": [89, 383, 1099, 451], ""type"": ""handwritten"", ""text"": ""або \"", башістияна ракета\"",""}, {""bbox"": [91, 439, 1008, 507], ""type"": ""handwritten"", ""text"": ""але й розрізняємо їх""}, {""bbox"": [86, 500, 465, 565], ""type"": ""handwritten"", ""text"": ""на этих.""}, {""bbox"": [181, 553, 1030, 623], ""type"": ""handwritten"", ""text"": ""Фосіяни осочуть, щоб""}, {""bbox"": [82, 616, 1084, 675], ""type"": ""handwritten"", ""text"": ""ими стали союзники""}, {""bbox"": [82, 670, 1082, 734], ""type"": ""handwritten"", ""text"": ""на, ніос, скуйіли увіг-""}, {""bbox"": [83, 730, 1004, 793], ""type"": ""handwritten"", ""text"": ""ний призоти. А ним""}, {""bbox"": [98, 847, 1096, 915], ""type"": ""handwritten"", ""text"": ""всупереч історії і заради""}, {""bbox"": [79, 908, 1020, 973], ""type"": ""handwritten"", ""text"": ""тих, хто після кас""}, {""bbox"": [75, 970, 950, 1035], ""type"": ""handwritten"", ""text"": ""говорітиме нашою""}, {""bbox"": [0, 1029, 377, 1094], ""type"": ""handwritten"", ""text"": ""и-человека.""}]"
1f9d8b95-820b-4309-9307-8e8071c372aa.jpg,"[{""bbox"": [1031, 345, 1819, 487], ""type"": ""handwritten"", ""text"": ""Треба жити""}, {""bbox"": [359, 488, 2354, 650], ""type"": ""handwritten"", ""text"": ""Жити треба уікаво: читати""}, {""bbox"": [223, 629, 2096, 785], ""type"": ""handwritten"", ""text"": ""книжки, ходити в театр,""}, {""bbox"": [220, 637, 2100, 805], ""type"": ""handwritten"", ""text"": ""книжки, ходити в театр,""}, {""bbox"": [213, 756, 2002, 950], ""type"": ""handwritten"", ""text"": ""дресерувати пса Патрона...""}, {""bbox"": [377, 901, 2467, 1063], ""type"": ""handwritten"", ""text"": ""Треба жити! Не впівсими, не""}, {""bbox"": [214, 1047, 2279, 1210], ""type"": ""handwritten"", ""text"": ""трошки, не завтра, не після.""}, {""bbox"": [230, 1182, 2413, 1355], ""type"": ""handwritten"", ""text"": ""По-справжньому! Зараз! Треба""}, {""bbox"": [232, 1332, 2496, 1491], ""type"": ""handwritten"", ""text"": ""гнадити котів, збирати гриби,""}, {""bbox"": [223, 1476, 2438, 1631], ""type"": ""handwritten"", ""text"": ""взяти уцюенят сз фронту на""}, {""bbox"": [209, 1602, 2381, 1776], ""type"": ""handwritten"", ""text"": "", інтерсіті, робити ремонт і""}, {""bbox"": [224, 1761, 2576, 1899], ""type"": ""handwritten"", ""text"": ""приносить участь тиси, кого""}, {""bbox"": [223, 1890, 2685, 2049], ""type"": ""handwritten"", ""text"": ""любвило. Треба купувати сукні""}, {""bbox"": [218, 2028, 2750, 2191], ""type"": ""handwritten"", ""text"": ""з неїткамии с донатити на""}, {""bbox"": [203, 2177, 2126, 2338], ""type"": ""handwritten"", ""text"": ""військо, висилкувати ФЕБи""}, {""bbox"": [201, 2316, 2544, 2477], ""type"": ""handwritten"", ""text"": ""генератори, а єце-ниситорито""}, {""bbox"": [206, 2457, 2610, 2611], ""type"": ""handwritten"", ""text"": ""вегорами в синяярі Ботсаду,""}, {""bbox"": [204, 2598, 2482, 2755], ""type"": ""handwritten"", ""text"": ""бо на перший урок треба""}, {""bbox"": [197, 2733, 1822, 2886], ""type"": ""handwritten"", ""text"": ""принести каситанів.""}, {""bbox"": [350, 2868, 2755, 3023], ""type"": ""handwritten"", ""text"": ""Треба любити свій дім, навіть""}, {""bbox"": [187, 3010, 2125, 3165], ""type"": ""handwritten"", ""text"": ""якійо він тисячолітній с""}, {""bbox"": [204, 3144, 2745, 3311], ""type"": ""handwritten"", ""text"": ""далеко від справжнього досвіду -""}, {""bbox"": [191, 3297, 2606, 3463], ""type"": ""handwritten"", ""text"": ""того, що в серці. Треба здаватис""}, {""bbox"": [174, 3441, 2416, 3622], ""type"": ""handwritten"", ""text"": ""кров, і, сложе, з нею ще в""}]"
1fea3754-fb07-56c3-a574-82c82a7a3ff4.jpg,"[{""bbox"": [345, 596, 2426, 906], ""type"": ""formula"", ""text"": ""$$4 ) 1 . \\frac { 1 8 } { \\sqrt { 3 1 } } = \\frac { 1 8 \\cdot \\sqrt { 9 } } { \\sqrt { 3 } - \\sqrt { 3 } } = \\frac { 1 8 \\cdot \\sqrt { 3 } } { 3 } = 6 \\sqrt { 3 }$$""}, {""bbox"": [445, 846, 2317, 1173], ""type"": ""formula"", ""text"": ""$$2 . \\frac { 5 } { \\sqrt { 1 6 } } = \\frac { 5 \\cdot \\sqrt { 1 6 } } { \\sqrt { 1 6 } \\cdot \\sqrt { 1 5 } } = \\frac { 1 5 \\sqrt { 1 5 } } { 3 \\times 5 } = \\frac { \\sqrt { 1 5 } } { 3 }$$""}, {""bbox"": [452, 1182, 2388, 1507], ""type"": ""formula"", ""text"": ""$$3 . \\frac { 2 0 } { 7 \\sqrt { 1 0 } } = \\frac { 2 0 } { 7 \\sqrt { 1 0 } } , \\frac { \\sqrt { 1 0 } } { \\sqrt { 1 0 } } = \\frac { 2 \\times 2 \\sqrt { 1 0 } } { 2 \\cdot \\sqrt { 1 0 } } = \\frac { 2 \\sqrt { 1 0 } } { 7 }$$""}, {""bbox"": [0, 2925, 111, 3005], ""type"": ""handwritten"", ""text"": ""-7""}, {""bbox"": [0, 2997, 138, 3097], ""type"": ""handwritten"", ""text"": ""b1 +""}]"
202ff567-7604-4950-a149-97b0ba73f971.jpg,"[{""bbox"": [521, 5, 1258, 170], ""type"": ""handwritten"", ""text"": ""«Треба міцніше\""""}, {""bbox"": [295, 133, 2312, 306], ""type"": ""handwritten"", ""text"": ""Шини треба цікаво: чимони кишен,""}, {""bbox"": [112, 278, 2371, 447], ""type"": ""handwritten"", ""text"": ""ходите в театры, прослушивали ли вы Пашкову""}, {""bbox"": [289, 410, 2393, 580], ""type"": ""handwritten"", ""text"": ""треба силий. Не вибселий, не шпрацю""}, {""bbox"": [118, 549, 2305, 711], ""type"": ""handwritten"", ""text"": ""не завтра, не після. По-сухому мимо сед!""}, {""bbox"": [122, 681, 2404, 842], ""type"": ""handwritten"", ""text"": ""Зараз! Треба швидше ходити, збираючи при""}, {""bbox"": [117, 819, 2405, 975], ""type"": ""handwritten"", ""text"": ""да, бісім цуцешем із орочину по-іншері-""}, {""bbox"": [116, 955, 2391, 1107], ""type"": ""handwritten"", ""text"": ""свії\"", робити релігійні і приносити відс-""}, {""bbox"": [112, 956, 2372, 1107], ""type"": ""handwritten"", ""text"": ""свії, робити релігійні і приносити шде-""}, {""bbox"": [110, 1093, 2391, 1244], ""type"": ""handwritten"", ""text"": ""те шим, хого шобилию. Треба кулифами""}, {""bbox"": [111, 1229, 2388, 1383], ""type"": ""handwritten"", ""text"": ""сукні з лейпішками і донадити на військо""}, {""bbox"": [106, 1370, 2283, 1520], ""type"": ""handwritten"", ""text"": ""вимірювання РЕБц і температури, а""}, {""bbox"": [111, 1499, 2391, 1649], ""type"": ""handwritten"", ""text"": ""це-ниниторити бегорали в шийкепі""}, {""bbox"": [121, 1625, 2405, 1793], ""type"": ""handwritten"", ""text"": ""Боисаду, во на первый урок треба при-""}, {""bbox"": [121, 1771, 1101, 1916], ""type"": ""handwritten"", ""text"": ""несени каштанів.""}, {""bbox"": [301, 1892, 2335, 2053], ""type"": ""handwritten"", ""text"": ""треба любити світ дім, навіть серце""}, {""bbox"": [108, 2032, 2399, 2189], ""type"": ""handwritten"", ""text"": ""він нічим не схожий; дивлячись на сироватину""}, {""bbox"": [106, 2172, 2407, 2334], ""type"": ""handwritten"", ""text"": ""то даних-ного, що й синці. Треба здавати""}, {""bbox"": [87, 2314, 2396, 2471], ""type"": ""handwritten"", ""text"": ""короб, і, молив, з нею леє в'ячесьєв сар-""}, {""bbox"": [74, 2450, 2301, 2633], ""type"": ""handwritten"", ""text"": ""ці посещаться моделі фрілів, феріру,""}, {""bbox"": [81, 2610, 1378, 2763], ""type"": ""handwritten"", ""text"": ""\""кітенько\"" чи \""кішечки\"",""}, {""bbox"": [250, 2726, 2447, 2905], ""type"": ""handwritten"", ""text"": ""Треба цілуванням юні вишодяч непора,""}, {""bbox"": [51, 2884, 2400, 3045], ""type"": ""handwritten"", ""text"": ""і. казали те, що на думці. Несуть гасу""}, {""bbox"": [56, 3029, 2261, 3188], ""type"": ""handwritten"", ""text"": ""но шівши. маєртаське-крихке:""}, {""bbox"": [42, 3166, 2334, 3335], ""type"": ""handwritten"", ""text"": ""житище після кризь пасеці. Справжнім""}, {""bbox"": [40, 3320, 2391, 3482], ""type"": ""handwritten"", ""text"": ""не вимов нічого не за що не винен""}, {""bbox"": [45, 3450, 2446, 3634], ""type"": ""handwritten"", ""text"": ""схожими руками: смотри, сий і пода""}, {""bbox"": [213, 3613, 2400, 3814], ""type"": ""handwritten"", ""text"": ""Це треба писати, щоб 240 відміть.""}]"
20bfbef3-798c-4b69-ace9-dc8850e8dbc3.jpg,"[{""bbox"": [130, 22, 718, 103], ""type"": ""handwritten"", ""text"": ""4) Реакція обміну (осадження)""}, {""bbox"": [129, 101, 745, 183], ""type"": ""formula"", ""text"": ""$$N a _ { 3 } P O _ { 4 } + 3 A g _ { 3 } P O _ { 4 } \\downarrow + 3 N a N O _ { 3 }$$""}, {""bbox"": [120, 183, 746, 270], ""type"": ""handwritten"", ""text"": ""5) Зтворите фосфатне ками""}, {""bbox"": [121, 266, 1009, 348], ""type"": ""formula"", ""text"": ""$$2 \\mathrm { N } _ { 3 } \\mathrm { P O } _ { 4 } + 3 \\mathrm { C a } ( \\mathrm { O H } ) _ { 2 } \\rightarrow \\mathrm { C a } _ { 3 } ( \\mathrm { P O } _ { 4 } ) _ { 2 } \\downarrow + 6 \\mathrm { H } _ { 2 } \\mathrm { O }$$""}, {""bbox"": [1354, 329, 1515, 447], ""type"": ""annotation"", ""text"": ""±20%.""}, {""bbox"": [98, 355, 976, 437], ""type"": ""handwritten"", ""text"": ""④) Ацетилен → бензол; 3C₂H₂ → C₆H₆""}, {""bbox"": [937, 374, 1426, 886], ""type"": ""annotation"", ""text"": ""структури\nор-мі-ОН\nCH3\nCH3\nструктури""}, {""bbox"": [93, 434, 648, 519], ""type"": ""handwritten"", ""text"": ""2) бензол → изопропилбензол: AlCl3""}, {""bbox"": [99, 490, 902, 594], ""type"": ""formula"", ""text"": ""\\ce{K C6H6 + CH(CH3)2Cl ->[AlCl3] C6H5CH(CH3)2}""}, {""bbox"": [104, 586, 680, 664], ""type"": ""handwritten"", ""text"": ""3) Изопропилбензол → фенол:""}, {""bbox"": [90, 666, 878, 740], ""type"": ""formula"", ""text"": ""$$C _ { 6 } H _ { 5 } C N ( C N ) _ { 2 } \\rightarrow C _ { 6 } H _ { 5 } C N + ( C N ) _ { 2 } \\uparrow$$""}, {""bbox"": [91, 740, 663, 798], ""type"": ""handwritten"", ""text"": ""4) Ренат -> Камуфляж. Финишен!""}, {""bbox"": [90, 813, 815, 879], ""type"": ""formula"", ""text"": ""$$C _ { 6 } H _ { 5 } O H + N a O H \\rightarrow C _ { 6 } H _ { 5 } O N a + H _ { 2 } O$$""}, {""bbox"": [84, 884, 672, 959], ""type"": ""handwritten"", ""text"": ""б) 2,5-диинетил-3-гексен:""}, {""bbox"": [90, 954, 938, 1032], ""type"": ""formula"", ""text"": ""$$\\mathrm { C H _ { 3 } - C H ( C H _ { 3 } ) - C H = C H - C H ( C H _ { 3 } ) - C H _ { 3 } }$$""}, {""bbox"": [96, 1039, 572, 1108], ""type"": ""handwritten"", ""text"": ""Валеріанова кислота""}, {""bbox"": [94, 1102, 718, 1163], ""type"": ""formula"", ""text"": ""\\mathrm{CH_{3}-CH_{2}-CH_{2}-CH_{2}-COOH}""}]"
2167e4da-6505-5f5d-8520-d6ab360ff9d3.jpg,"[{""bbox"": [91, 126, 263, 177], ""type"": ""printed"", ""text"": ""/no_think""}, {""bbox"": [137, 508, 1474, 672], ""type"": ""handwritten"", ""text"": ""раїн; Білорусь, Вулиця""}, {""bbox"": [129, 653, 1313, 777], ""type"": ""handwritten"", ""text"": ""Польша, Словакия,""}, {""bbox"": [136, 767, 1333, 894], ""type"": ""handwritten"", ""text"": ""Португалия, Молдова с""}, {""bbox"": [140, 881, 1398, 1012], ""type"": ""handwritten"", ""text"": ""суспільними державами,""}, {""bbox"": [137, 972, 1770, 1117], ""type"": ""handwritten"", ""text"": ""народи цих країн відносяться""}, {""bbox"": [136, 1094, 1646, 1219], ""type"": ""handwritten"", ""text"": ""до індоєвропейської мовної""}, {""bbox"": [156, 1195, 486, 1320], ""type"": ""handwritten"", ""text"": ""оїм'я.""}, {""bbox"": [474, 1306, 1018, 1444], ""type"": ""handwritten"", ""text"": ""Завдання 3""}, {""bbox"": [132, 1426, 1490, 1550], ""type"": ""handwritten"", ""text"": ""Одноповідомальна держхави""}, {""bbox"": [127, 1532, 1583, 1670], ""type"": ""handwritten"", ""text"": ""відносяться до країни як: вір-""}, {""bbox"": [121, 1662, 1725, 1788], ""type"": ""handwritten"", ""text"": ""Ленія, Південня та Північна""}, {""bbox"": [110, 1777, 1052, 1919], ""type"": ""handwritten"", ""text"": ""Корея, Тибетия.""}, {""bbox"": [103, 1936, 1599, 2084], ""type"": ""handwritten"", ""text"": ""Болатаналдіяналыні державы""}, {""bbox"": [113, 2069, 1545, 2219], ""type"": ""handwritten"", ""text"": ""де: Україна, Росія, Китай,""}, {""bbox"": [112, 2198, 1270, 2366], ""type"": ""handwritten"", ""text"": ""Ірон, Іралк, Пайлоңд.""}]"
224b1921-dc40-427b-a87d-44816cc96bab.jpg,"[{""bbox"": [14, 30, 97, 89], ""type"": ""handwritten"", ""text"": ""N5""}, {""bbox"": [593, 88, 772, 241], ""type"": ""annotation"", ""text"": ""±186.""}, {""bbox"": [3, 145, 294, 206], ""type"": ""handwritten"", ""text"": ""CH3-C≡CH-CH3""}, {""bbox"": [243, 239, 499, 368], ""type"": ""annotation"", ""text"": ""CH3-C=O\n  |  \n  H""}, {""bbox"": [1, 301, 168, 350], ""type"": ""handwritten"", ""text"": ""CH3-CHO""}, {""bbox"": [9, 363, 76, 426], ""type"": ""handwritten"", ""text"": ""√4""}, {""bbox"": [19, 398, 1616, 490], ""type"": ""handwritten"", ""text"": ""очетніми діями в ізопропілбензолі → бензойна кислота → мета- і пара-бензойна""}, {""bbox"": [691, 471, 991, 732], ""type"": ""annotation"", ""text"": ""супергерои? + 208.""}, {""bbox"": [30, 513, 189, 555], ""type"": ""handwritten"", ""text"": ""кислота""}, {""bbox"": [24, 573, 281, 655], ""type"": ""formula"", ""text"": ""$1) \\mathrm{C}_{2} \\mathrm{H}_{2} \\xrightarrow{t} \\mathrm{C}_{6} \\mathrm{H}_{6} \\mathrm{Cl}$""}, {""bbox"": [18, 652, 669, 721], ""type"": ""formula"", ""text"": ""2) \\mathrm{C_6H_6} + \\mathrm{CH_3 - CH - CH_3} \\rightarrow \\mathrm{C_6H_5 - CH(CH_3)_2}""}, {""bbox"": [8, 724, 569, 793], ""type"": ""formula"", ""text"": ""3) \\mathrm{C_6H_5-CI(CH_3)_2 \\rightarrow C_6H_5-COOH}""}, {""bbox"": [5, 791, 725, 864], ""type"": ""formula"", ""text"": ""4) \\mathrm{C_6H_5-COOH} + \\mathrm{HNO_3} \\rightarrow \\mathrm{m-NO_2-C_6H_4-COOH}""}]"
2290b0a6-82f3-4443-b19b-68f7fc82f8ae.jpg,"[{""bbox"": [556, 503, 842, 779], ""type"": ""annotation"", ""text"": ""ТОВАРИСТВО ЧЕРВОНОГО ХРЕСТА УКРАЇНИ""}, {""bbox"": [878, 569, 1498, 663], ""type"": ""printed"", ""text"": ""УКРАЇНСЬКИЙ""}, {""bbox"": [881, 654, 1650, 749], ""type"": ""printed"", ""text"": ""ЧЕРВОНИЙ ХРЕСТ""}, {""bbox"": [1476, 806, 2080, 942], ""type"": ""handwritten"", ""text"": ""Треба жити""}, {""bbox"": [861, 922, 2643, 1052], ""type"": ""handwritten"", ""text"": ""Треба жити. Жити треба цікаво.""}, {""bbox"": [619, 1030, 2970, 1171], ""type"": ""handwritten"", ""text"": ""читать книги, ходить в театр, дрессировать.""}, {""bbox"": [603, 1135, 1233, 1252], ""type"": ""handwritten"", ""text"": ""пса Шампиона.""}, {""bbox"": [785, 1229, 2723, 1344], ""type"": ""handwritten"", ""text"": ""Треба хати. Невгівсими, не трошки, не""}, {""bbox"": [842, 1332, 2575, 1446], ""type"": ""handwritten"", ""text"": ""а, не після. Як-справжньому. Зара""}, {""bbox"": [589, 1436, 2612, 1551], ""type"": ""handwritten"", ""text"": ""Треба влагати котів, збирати приби, безпід""}, {""bbox"": [599, 1536, 2802, 1654], ""type"": ""handwritten"", ""text"": ""відчуття з фронту, на \""Вітерсіті\"", робити""}, {""bbox"": [600, 1641, 2819, 1747], ""type"": ""handwritten"", ""text"": ""ремонт і приносити частку тим, кого люблять.""}, {""bbox"": [784, 1734, 2699, 1849], ""type"": ""handwritten"", ""text"": ""Треба купувати сухі з малітками і""}, {""bbox"": [623, 1818, 2734, 1947], ""type"": ""handwritten"", ""text"": ""допатити на військо, випликувати, РЕДИ і.""}, {""bbox"": [641, 1921, 2801, 2038], ""type"": ""handwritten"", ""text"": ""генератори, а их — нимпорити вегорами в""}, {""bbox"": [630, 2021, 2738, 2147], ""type"": ""handwritten"", ""text"": ""міжс'яр'її ботсаду, бо на перший урбк треба""}, {""bbox"": [629, 2130, 1585, 2240], ""type"": ""handwritten"", ""text"": ""принести каштанів.""}, {""bbox"": [821, 2208, 2774, 2331], ""type"": ""handwritten"", ""text"": ""Треба любити свій дім, навіть, якщо він""}, {""bbox"": [629, 2309, 2883, 2436], ""type"": ""handwritten"", ""text"": ""тимпановий, і далеко від справжнього дому — того,""}, {""bbox"": [626, 2422, 1214, 2537], ""type"": ""handwritten"", ""text"": ""ио в серии.""}, {""bbox"": [833, 2500, 2788, 2624], ""type"": ""handwritten"", ""text"": ""Потрібно здавати кров і, може, з нею ще""}, {""bbox"": [629, 2602, 2702, 2731], ""type"": ""handwritten"", ""text"": ""в чиємусь серці поселиться любов до слів:""}, {""bbox"": [641, 2720, 1878, 2831], ""type"": ""handwritten"", ""text"": ""допіру, пітятко чи князя.""}, {""bbox"": [929, 2799, 2717, 2924], ""type"": ""handwritten"", ""text"": ""Потреба цілуватися, коли випадає напада,""}, {""bbox"": [636, 2896, 2734, 3025], ""type"": ""handwritten"", ""text"": ""і казати те, що на душі: Хеллак васу на""}, {""bbox"": [630, 2998, 2686, 3126], ""type"": ""handwritten"", ""text"": ""півтони. Матеріальне — крижке; життя тихає""}, {""bbox"": [638, 3093, 2742, 3228], ""type"": ""handwritten"", ""text"": ""крізь пальці: Справді, виявилось тільки те,""}, {""bbox"": [659, 3197, 2574, 3321], ""type"": ""handwritten"", ""text"": ""Та що не любися вхопились руками:""}, {""bbox"": [668, 3292, 1719, 3410], ""type"": ""handwritten"", ""text"": ""спогади, сили і любов.""}, {""bbox"": [943, 3369, 2874, 3497], ""type"": ""handwritten"", ""text"": ""Их треба підняти, коли можеться. За""}, {""bbox"": [650, 3475, 2864, 3612], ""type"": ""handwritten"", ""text"": ""все те, що ми не тільки знаємо як пишеться""}, {""bbox"": [664, 3572, 2881, 3726], ""type"": ""handwritten"", ""text"": ""\""далекобійним зрон\"" або \""болістина ракета\"",""}, {""bbox"": [655, 3693, 2064, 3859], ""type"": ""handwritten"", ""text"": ""а й розрізняємо їх на сиру.""}]"
22cd3c93-0e4f-47f3-9607-2ea577f8f78c.jpg,"[{""bbox"": [92, 1, 1209, 84], ""type"": ""handwritten"", ""text"": ""має виконувати правило допітання""}, {""bbox"": [84, 12, 796, 118], ""type"": ""handwritten"", ""text"": ""має обов'язати прави єдиний розвивіх""}, {""bbox"": [44, 79, 1020, 209], ""type"": ""handwritten"", ""text"": ""4 Обчислити похідну в точці x=1\nf(x)=ln x""}, {""bbox"": [23, 119, 376, 287], ""type"": ""formula"", ""text"": ""$$f ( x ) = \\frac { \\ln x } { 1 + x ^ { 2 } }$$""}, {""bbox"": [14, 230, 1443, 481], ""type"": ""formula"", ""text"": ""$$\\text { Given } f ( x ) = \\frac { u ( x ) } { v ^ { \\prime } ( x ) } , \\text { then } f ^ { \\prime } ( x ) = \\frac { u ^ { \\prime } ( x ) v ^ { \\prime } ( x ) - u ( x ) v ^ { \\prime \\prime } ( x ) } { v ^ { \\prime } ( x ) ^ { 2 } }$$\n$$\\text { where } u ( x ) = \\ln x , v ^ { \\prime } ( x ) = 1 + x ^ { 2 }$$\n$$u ^ { \\prime } ( x ) = \\frac { 1 } { x }$$""}, {""bbox"": [21, 371, 860, 530], ""type"": ""formula"", ""text"": ""$$\\begin{aligned} & u ( x ) = \\ln x , v ( x ) = 1 + x ^ { 2 } \\\\ & u ^ { \\prime } ( x ) = \\frac { 1 } { x } , v ^ { \\prime } ( x ) = 2 x \\end{aligned}$$""}, {""bbox"": [24, 473, 465, 596], ""type"": ""handwritten"", ""text"": ""Отже посідна""}, {""bbox"": [37, 551, 1265, 793], ""type"": ""formula"", ""text"": ""$$f ^ { \\prime } ( x ) = \\frac { \\frac { 1 } { x } ( 1 + x ^ { 2 } ) - ( \\ln x ) ( 2 x ) } { ( 1 + x ^ { 2 } ) ^ { 2 } } = \\frac { \\frac { 7 + x ^ { 2 } } { x } - 2 x \\ln x } { ( 1 + x ^ { 2 } ) ^ { 2 } }$$""}, {""bbox"": [39, 683, 211, 795], ""type"": ""formula"", ""text"": ""f'(1)""}, {""bbox"": [40, 783, 1157, 965], ""type"": ""formula"", ""text"": ""$$f ^ { \\prime } ( 1 ) = \\frac { 1 + 1 ^ { 2 } - 2 \\cdot 1 \\cdot 1 \\ln 1 } { ( 1 + 1 ^ { 2 } ) ^ { 2 } } = \\frac { 2 - 0 } { ( 2 ) ^ { 2 } } = \\frac { 2 } { 4 } = \\frac { 1 } { 2 }$$""}, {""bbox"": [50, 933, 1318, 1060], ""type"": ""handwritten"", ""text"": ""Відповідь: похідна в точці x=1 = f'(1) = 1/2""}, {""bbox"": [42, 1039, 464, 1221], ""type"": ""formula"", ""text"": ""$$1 5 \\quad b _ { 1 2 } = 1$$\n$$1 6 . \\int _ { 1 } ^ { 2 } \\frac { d x } { ( 1 - 2 x ) ^ { 3 } }$$""}, {""bbox"": [54, 1206, 1002, 1281], ""type"": ""formula"", ""text"": ""$u = 1 - 2x \\Rightarrow du = -2dx \\Rightarrow dx = -\\frac{1}{2}du$""}, {""bbox"": [41, 1276, 1244, 1346], ""type"": ""handwritten"", ""text"": ""Маємо інтегрування при цій підстановці:""}, {""bbox"": [46, 1339, 867, 1394], ""type"": ""handwritten"", ""text"": ""Коли х = 1 = 1, u = 1 = 1 - √2, 1 = -1""}, {""bbox"": [49, 1389, 855, 1448], ""type"": ""handwritten"", ""text"": ""Коли x = 2 => u = 1 - 2.2 = -3""}, {""bbox"": [73, 1440, 901, 1572], ""type"": ""formula"", ""text"": ""$$\\int _ { u = - 1 } ^ { - 3 } - \\frac { 1 } { 2 } \\frac { d u } { 2 e ^ { 3 } } = - \\frac { 1 } { 2 } \\int _ { - 1 } ^ { - 3 } u ^ { - 3 } d u$$""}, {""bbox"": [70, 1530, 1192, 1673], ""type"": ""formula"", ""text"": ""$$- \\frac { 1 } { 2 } \\int _ { - 1 } ^ { 3 } u ^ { - 3 } d u = - \\frac { 1 } { 2 } \\left[ - \\frac { 1 } { 2 u ^ { 2 } } \\right] _ { - 1 } ^ { 3 } = \\frac { 1 } { 4 } \\left[ \\frac { 1 } { u ^ { 2 } } \\right] _ { - 1 } ^ { 3 }$$""}, {""bbox"": [52, 1659, 1239, 1794], ""type"": ""formula"", ""text"": ""$$\\frac { 1 } { 4 } \\left( \\frac { 1 } { ( - 3 ) ^ { 2 } } - \\frac { 1 } { ( - 1 ) ^ { 2 } } \\right) = \\frac { 1 } { 4 } \\left( \\frac { 1 } { 9 } - 1 \\right) = \\frac { 1 } { 4 } \\left( - \\frac { 8 } { 9 } \\right) = - \\frac { 2 } { 9 }$$""}, {""bbox"": [42, 1790, 419, 1886], ""type"": ""handwritten"", ""text"": ""Відповідь: - 2/9""}, {""bbox"": [44, 1871, 370, 1938], ""type"": ""formula"", ""text"": ""$$1 7 A _ { 1 2 } = 1 6$$""}, {""bbox"": [43, 1908, 1970, 2014], ""type"": ""handwritten"", ""text"": ""18 метод заміни змінної; безпосереднє інтегрування, інтегрува-""}, {""bbox"": [44, 2042, 440, 2177], ""type"": ""formula"", ""text"": ""$$1 9 \\left\\{ \\begin{array} { l } { 3 x - 2 y = 5 } \\\\ { 4 x + y = 3 } \\end{array} \\right.$$""}, {""bbox"": [50, 2169, 991, 2277], ""type"": ""formula"", ""text"": ""$$D = \\left| \\begin{array}{cc} 3 & - 2 \\\\ 4 & 1 \\end{array} \\right| = 3 \\cdot 1 - ( - 2 ) \\cdot 4 = 3 + 8 = 1 1$$""}, {""bbox"": [46, 2172, 995, 2279], ""type"": ""formula"", ""text"": ""$$D = \\left| \\begin{array}{cc} 3 & - 2 \\\\ 4 & 1 \\end{array} \\right| = 3 \\cdot 1 - ( - 2 ) \\cdot 4 = 3 + 8 = 1 1$$""}, {""bbox"": [47, 2271, 1067, 2376], ""type"": ""formula"", ""text"": ""$$D _ { y } = \\left| \\begin{array} { l l } { 5 } & { - 2 } \\\\ { 3 } & { 1 } \\end{array} \\right| = 5 \\cdot 1 - ( - 2 ) \\cdot 3 = 5 + 6 = 1 1$$""}, {""bbox"": [52, 2473, 488, 2577], ""type"": ""formula"", ""text"": ""$$y = \\frac { D x } { D } = \\frac { 1 1 } { 1 1 } = 1$$""}, {""bbox"": [69, 2573, 562, 2699], ""type"": ""formula"", ""text"": ""$$y = \\frac { D y } { D } = - \\frac { 1 - 1 } { 1 1 } = - 1$$""}, {""bbox"": [56, 2681, 778, 2774], ""type"": ""handwritten"", ""text"": ""x = 1; y = -1 Bignewigb.""}]"
23a5880a-b005-4c52-bbde-7188f01e46fb.jpg,"[{""bbox"": [53, 7, 624, 74], ""type"": ""handwritten"", ""text"": ""• Принцип системности:""}, {""bbox"": [66, 73, 1551, 172], ""type"": ""handwritten"", ""text"": ""Психіка - це суцільна система, де всі елементи такі як емоції,""}, {""bbox"": [63, 111, 1656, 265], ""type"": ""handwritten"", ""text"": ""система - це суцільна система, де всі елементи такі як емоції, пам'ять, мислення тощо взаємопов'язані. Якщо буде зміна одного компонента, то воно повливає на інші""}, {""bbox"": [62, 186, 983, 290], ""type"": ""handwritten"", ""text"": ""компанетка, то воно повливає на інші.""}, {""bbox"": [64, 251, 1656, 392], ""type"": ""handwritten"", ""text"": ""Приклад - навчання новим навичкам активізує не лише мислення але й і мовлення.""}, {""bbox"": [57, 309, 555, 385], ""type"": ""handwritten"", ""text"": ""оне й і моребацію.""}, {""bbox"": [62, 334, 1656, 522], ""type"": ""handwritten"", ""text"": ""але й і мотивацію.\nЦей принцип запобігає спрощенню трактування, коли психіг. ста\nзводять лише до психології.""}, {""bbox"": [62, 365, 1656, 618], ""type"": ""handwritten"", ""text"": ""Цей принцип запобігає спрощенням трактуванням, коли психіг, стан зводять лише до психології.\nПринцип розвитку: психіка постійно змінюється, досвід, різними""}, {""bbox"": [60, 418, 748, 533], ""type"": ""handwritten"", ""text"": ""зводять між де психології.""}, {""bbox"": [59, 423, 1656, 682], ""type"": ""handwritten"", ""text"": ""зводять лише до психології.\n• Принцип розвитку: психіка постійно змін. під впливом навгачи\nдосвіду, різних умов.""}, {""bbox"": [52, 483, 1626, 804], ""type"": ""handwritten"", ""text"": ""Принцип розвитку: психіка постійно змін. під впливом навгами досвіду, різних умов. Приклад - Людина може розвивати свій інтелект за допомогою різних курсів або тренінгів.""}, {""bbox"": [47, 619, 1576, 910], ""type"": ""handwritten"", ""text"": ""Прислід - Людина що не розвиває свій інтелект за допомогою різних курсів або тренінгів.\n• Причини свідомості: психічні процеси проявляються через дієльність, роботу або спілкування.""}, {""bbox"": [61, 687, 781, 793], ""type"": ""handwritten"", ""text"": ""різних курсів або тренінгів.""}, {""bbox"": [47, 758, 1523, 965], ""type"": ""handwritten"", ""text"": ""Принцип свідомості: психічні процеси проявляються через діяльність, роботу або спілкування, а діяльність впливає на свідомість""}, {""bbox"": [49, 842, 1653, 1078], ""type"": ""handwritten"", ""text"": ""діяльністю, роботу або спілкування, а діяльність вплив на свідомість. Прикладом може бути коли: групова робота формує комунікативні навички.""}, {""bbox"": [58, 881, 320, 945], ""type"": ""handwritten"", ""text"": ""свідомість.""}, {""bbox"": [55, 922, 1656, 1083], ""type"": ""handwritten"", ""text"": ""Прикладом можуть бути такі: групова робота формує комунікативні навички.""}, {""bbox"": [55, 1004, 364, 1074], ""type"": ""handwritten"", ""text"": ""ні навіть.""}, {""bbox"": [50, 1072, 1248, 1179], ""type"": ""handwritten"", ""text"": ""3. Методика вивч. уваги, пам'яті, мислення,""}, {""bbox"": [48, 1165, 237, 1226], ""type"": ""handwritten"", ""text"": ""Увага:""}, {""bbox"": [53, 1233, 942, 1322], ""type"": ""handwritten"", ""text"": ""Можна використати таблицю Шульце:""}, {""bbox"": [49, 1288, 1321, 1419], ""type"": ""handwritten"", ""text"": ""ії мета: визначення швидкості переключення уваги.""}, {""bbox"": [49, 1312, 1545, 1502], ""type"": ""handwritten"", ""text"": ""и Нета: визначення швидкої переключення уваги.\nЯк воно проходить: випробування знаходив гіпса утабліні і\nпорядку зроблення.""}, {""bbox"": [45, 1380, 1559, 1584], ""type"": ""handwritten"", ""text"": ""як вона проходив: випробування згідно з гіпсом утабліні у порядку зростання.\nякщо кисень гас - то гарна концентрація, а""}, {""bbox"": [50, 1427, 535, 1498], ""type"": ""handwritten"", ""text"": ""порядку зростання""}, {""bbox"": [51, 1428, 537, 1497], ""type"": ""handwritten"", ""text"": ""порядку зростання""}, {""bbox"": [46, 1437, 1568, 1624], ""type"": ""handwritten"", ""text"": ""порядку зробляння.\nЯкщо низький гас - то гарна концентрація, якщо високий гас -""}, {""bbox"": [47, 1535, 1166, 1677], ""type"": ""handwritten"", ""text"": ""надлишок гас -10 гарна концентрація, які можливі проблеми з увагою (інтерпритація) Память:""}, {""bbox"": [50, 1613, 287, 1679], ""type"": ""handwritten"", ""text"": ""Память:""}, {""bbox"": [43, 1673, 683, 1760], ""type"": ""handwritten"", ""text"": ""Тест методика \""10 слив\"":""}, {""bbox"": [47, 1695, 1112, 1865], ""type"": ""handwritten"", ""text"": ""Тест Методика \""10 сків\"":\nМета: оцінка об'єму короткочасної пам'яті.\nТреба запам'ятовувати""}, {""bbox"": [54, 1746, 1058, 1938], ""type"": ""handwritten"", ""text"": ""Мета: оцінка об'єму коротковідної пам'яті. Треба запам'ятовувати та відтворити слова, якщо 25 слів то норма""}, {""bbox"": [50, 1806, 1049, 2002], ""type"": ""handwritten"", ""text"": ""Треба запам'ятовували та відібрати слова.\nСкільки 25 слів то норма, <5 - помилки п\nМислення:""}, {""bbox"": [52, 1822, 1602, 2013], ""type"": ""handwritten"", ""text"": ""треба запам'ятовували та візівр слова.\nякщо 35 слів то норма, <5 - можливі проблеми. (інтерпретація)\nМислення:""}, {""bbox"": [44, 1934, 350, 2000], ""type"": ""handwritten"", ""text"": ""Миссия:""}, {""bbox"": [45, 1998, 439, 2068], ""type"": ""handwritten"", ""text"": ""Тест \""Аналогии\"":""}, {""bbox"": [59, 2059, 1090, 2174], ""type"": ""handwritten"", ""text"": ""Мета: досягнення асоціативного мислення\nВстановлення зв'язків""}, {""bbox"": [56, 2116, 687, 2211], ""type"": ""handwritten"", ""text"": ""Вегановлення позібностей.""}, {""bbox"": [62, 2176, 1521, 2310], ""type"": ""handwritten"", ""text"": ""Втора асоціація - ознака тяжкості мислення (інтерпретація)""}]"
23a8e4cb-50b6-47ed-b754-4bb18e8cda29.jpg,"[{""bbox"": [26, 906, 752, 976], ""type"": ""handwritten"", ""text"": ""1) ВТО = Экспорт + Импорт Экспорт""}, {""bbox"": [18, 963, 946, 1064], ""type"": ""formula"", ""text"": ""$$2 ) \\text { Экспорт } \\text { ( \\% ) } = \\left( \\frac { \\text { Экспорт } } { \\text { ВВП } } \\right) \\cdot 100 \\%$$""}, {""bbox"": [18, 1044, 873, 1197], ""type"": ""handwritten"", ""text"": ""3) Супер. квота (%) = (супер / ВВП) * 100%\n4) Квота ЗТб (%) = (ЗТб / ВВП) * 100% - (ВВП кра""}, {""bbox"": [17, 1156, 1145, 1270], ""type"": ""handwritten"", ""text"": ""5) Дане у світовому ВВП (‰%) = (ВВП країни / ВВП світу) - 100%""}, {""bbox"": [28, 1252, 603, 1332], ""type"": ""handwritten"", ""text"": ""Розрахунки для Світу:""}, {""bbox"": [834, 1268, 1417, 1335], ""type"": ""handwritten"", ""text"": ""Розпорядник Кетай:""}, {""bbox"": [842, 1320, 1593, 1396], ""type"": ""handwritten"", ""text"": ""376=3300+2700=6000 ммррд $""}, {""bbox"": [13, 1325, 718, 1396], ""type"": ""formula"", ""text"": ""370^{1}=28700+63200=91600\\text{ mmrd }\\$""}, {""bbox"": [14, 1380, 1599, 1471], ""type"": ""handwritten"", ""text"": ""ε<sub>соп.КВ</sub> = (28500 / 91600000) · 100% ≈ 0,0311% ε<sub>соп.КВ</sub> = (3200 / 16900) · 100% ≈ 1,89%""}, {""bbox"": [847, 1380, 1591, 1453], ""type"": ""handwritten"", ""text"": ""ε<sub>сср.кв.</sub> = (3300 / 16900) · 100% ≈ 19,53%""}, {""bbox"": [16, 1443, 1606, 1545], ""type"": ""handwritten"", ""text"": ""kcn. kb. = (63000 / 94760000) * 100% ≈ 0,0689% Sup. kb. = (27000 / 169000) * 100% ≈ 15,98% 169000 * 100% ≈ 35,50%""}, {""bbox"": [13, 1464, 745, 1541], ""type"": ""handwritten"", ""text"": ""hur. kv. = (63000 / 91600000) * 100% ≈ 0,0689%""}, {""bbox"": [17, 1506, 1643, 1622], ""type"": ""handwritten"", ""text"": ""Квота ЗТО = (91600 / 91600000) * 100% ≈ 0,1% Сквота ЗТО = (6000 / 18900) * 100% ≈ 35,50% План від 8600 = (16800) : 100% ≈""}, {""bbox"": [1211, 1662, 1473, 1720], ""type"": ""handwritten"", ""text"": ""≈ 0,0185%""}, {""bbox"": [36, 1709, 1622, 1800], ""type"": ""handwritten"", ""text"": ""висновок: високі показники зовнішньоторговельних обвіт""}, {""bbox"": [39, 1775, 1495, 1871], ""type"": ""handwritten"", ""text"": ""(35,50 % для ЗТО) свідчать про значну відкритість та""}, {""bbox"": [36, 1833, 1491, 1950], ""type"": ""handwritten"", ""text"": ""інтеграційної економіки Китаю у світову торгівлю""}, {""bbox"": [42, 1947, 284, 2017], ""type"": ""handwritten"", ""text"": ""систему.""}, {""bbox"": [1043, 1988, 1305, 2054], ""type"": ""annotation"", ""text"": ""09.06.2025""}]"
24127c01-a407-45e6-af73-02562354378c.jpg,"[{""bbox"": [552, 34, 1006, 112], ""type"": ""handwritten"", ""text"": ""Преба пити""}, {""bbox"": [207, 113, 1483, 192], ""type"": ""handwritten"", ""text"": ""читати треба цікаво: читати книжки, ходи-""}, {""bbox"": [83, 190, 1184, 274], ""type"": ""handwritten"", ""text"": ""ти в театр, дресирувать пса Патрона.""}, {""bbox"": [176, 266, 1426, 342], ""type"": ""handwritten"", ""text"": ""Преба очити! Не впівсими, не трошки,""}, {""bbox"": [76, 338, 1371, 413], ""type"": ""handwritten"", ""text"": ""не завтра, не після. Тво-справдіньому. Зараз!""}, {""bbox"": [76, 409, 1388, 489], ""type"": ""handwritten"", ""text"": ""Треба підготити котів, збирати гриби, везти""}, {""bbox"": [81, 485, 1410, 563], ""type"": ""handwritten"", ""text"": ""чуженят із фронту на \""Інтерсіті\"", робити""}, {""bbox"": [88, 553, 1457, 633], ""type"": ""handwritten"", ""text"": ""ремонт і приносити щастя тим, кого любимо.""}, {""bbox"": [88, 630, 1480, 719], ""type"": ""handwritten"", ""text"": ""Треба купувати сукні з латітками і донати-""}, {""bbox"": [93, 715, 1487, 793], ""type"": ""handwritten"", ""text"": ""ти на військо, вимукувати РЕБи і генерато-""}, {""bbox"": [88, 793, 1392, 868], ""type"": ""handwritten"", ""text"": ""ри, а use нині порити вечерали в міст'яр'ї""}, {""bbox"": [88, 860, 1364, 942], ""type"": ""handwritten"", ""text"": ""ботсаду, бо на перший урок треба принести""}, {""bbox"": [94, 930, 346, 988], ""type"": ""handwritten"", ""text"": ""кампанів.""}, {""bbox"": [194, 999, 1409, 1079], ""type"": ""handwritten"", ""text"": ""Преба любити свій дім, навіть якщо він""}, {""bbox"": [88, 1078, 1474, 1163], ""type"": ""handwritten"", ""text"": ""тиччасовий і далеко від справжнього дому — того,""}, {""bbox"": [90, 1157, 1416, 1235], ""type"": ""handwritten"", ""text"": ""що в серії. Треба здавати крив і, може, з""}, {""bbox"": [86, 1231, 1482, 1305], ""type"": ""handwritten"", ""text"": ""него ще в чиєму серці поселить любов до слів""}, {""bbox"": [86, 1297, 867, 1377], ""type"": ""handwritten"", ""text"": ""\""допіру\"", \""пітятко\"", \""кияхи\"".""}, {""bbox"": [177, 1370, 1446, 1453], ""type"": ""handwritten"", ""text"": ""Преба цілуватися, коли випадає нагода, і""}, {""bbox"": [84, 1453, 1461, 1529], ""type"": ""handwritten"", ""text"": ""казати те, що на думці. Немає часу на півтони.""}, {""bbox"": [68, 1522, 1345, 1597], ""type"": ""handwritten"", ""text"": ""Матеріальне причасе життя тікає крізь пальці.""}, {""bbox"": [72, 1587, 1504, 1676], ""type"": ""handwritten"", ""text"": ""Справжнім виявилося тільки те, за що не мотна""}, {""bbox"": [70, 1672, 1270, 1745], ""type"": ""handwritten"", ""text"": ""схопитись руками: спогади, сніж і любов.""}, {""bbox"": [201, 1736, 1441, 1816], ""type"": ""handwritten"", ""text"": ""Мне треба плакати, коли мояється. За все""}, {""bbox"": [71, 1816, 1407, 1892], ""type"": ""handwritten"", ""text"": ""те, що ніколи б не мало з нами стаття.""}, {""bbox"": [70, 1892, 1397, 1968], ""type"": ""handwritten"", ""text"": ""За те, що ми не тільки знаємо як пишеться""}, {""bbox"": [63, 1968, 1366, 2056], ""type"": ""handwritten"", ""text"": ""\""далекобійний дрон\"" або \""балістична ракета\"", а й""}, {""bbox"": [34, 2049, 662, 2141], ""type"": ""handwritten"", ""text"": ""розрізняємо їх на аух.""}]"
24f70abb-c16d-4368-ab50-8892d269512e.jpg,"[{""bbox"": [4, 0, 1550, 85], ""type"": ""handwritten"", ""text"": ""4. Запишите перетворення: етан → 7,2-дихлоретан → дихлоретил""}, {""bbox"": [7, 63, 1509, 153], ""type"": ""handwritten"", ""text"": ""епіторні кислоти → епіторні рицоти → дієтичний еспр.""}, {""bbox"": [17, 155, 478, 224], ""type"": ""handwritten"", ""text"": ""внутрі кислот.""}, {""bbox"": [9, 225, 1496, 308], ""type"": ""handwritten"", ""text"": ""5. Напишіть структурні формули 5-метил-2-іксану та""}, {""bbox"": [13, 304, 518, 378], ""type"": ""handwritten"", ""text"": ""митингующую.""}]"
24f7d274-b6ce-4495-939f-9528a1fe42f4.jpg,"[{""bbox"": [1077, 106, 1923, 391], ""type"": ""table"", ""text"": ""A|412|101.3\nB|650|38.4\nC|520|102.6""}, {""bbox"": [201, 169, 322, 235], ""type"": ""handwritten"", ""text"": ""4.7""}, {""bbox"": [222, 317, 702, 579], ""type"": ""formula"", ""text"": ""$$x _ { - } = \\frac { \\sum x _ { i } w _ { i } } { \\sum w _ { i } }$$""}, {""bbox"": [197, 560, 1034, 759], ""type"": ""formula"", ""text"": ""$$x - = \\frac { 1 0 1 , 3 \\cdot 4 1 2 + 8 8 , 4 \\cdot 6 5 0 } { 4 1 2 + 6 5 0 + 5 2 0 }$$""}, {""bbox"": [190, 565, 1350, 759], ""type"": ""formula"", ""text"": ""$$x - : \\frac { 1 0 1 , 3 \\cdot 4 1 2 + 8 8 , 4 \\cdot 6 5 0 + 1 0 0 , 6 \\cdot 5 2 0 } { 4 1 2 + 6 5 0 + 5 2 0 }$$""}, {""bbox"": [189, 806, 1022, 967], ""type"": ""formula"", ""text"": ""$$x ^ { - } = \\frac { 1 5 8 5 6 2 } { 1 5 8 2 } \\approx 1 0 0 , 2 2 \\%$$""}, {""bbox"": [121, 1088, 241, 1163], ""type"": ""handwritten"", ""text"": ""5.7""}, {""bbox"": [257, 1179, 540, 1254], ""type"": ""formula"", ""text"": ""x^{-} = 13,5""}, {""bbox"": [294, 1270, 1049, 1441], ""type"": ""formula"", ""text"": ""$$\\sigma ^ { 2 } = \\frac { \\sum ( x - \\bar { x } ) ^ { 2 } } { n } = 5 , 2 5$$""}, {""bbox"": [301, 1475, 1039, 1579], ""type"": ""formula"", ""text"": ""$\\sigma = \\sqrt{5,25} = 2,29$""}, {""bbox"": [270, 1658, 1280, 1781], ""type"": ""formula"", ""text"": ""$$V = \\frac { 2 , 2 8 } { 1 3 , 5 } \\cdot 1 0 0 \\% = 1 6 , 9 6 \\% \\approx 1 7 \\%$$""}, {""bbox"": [245, 1873, 1910, 2025], ""type"": ""handwritten"", ""text"": ""14,6+9,6-3,8 / 3 = 5,13% - абсолютный прирост средний""}, {""bbox"": [90, 1919, 203, 1988], ""type"": ""handwritten"", ""text"": ""6.7""}, {""bbox"": [57, 2049, 1798, 2152], ""type"": ""handwritten"", ""text"": ""3√1,146·1,046·0,362 = 1,048 -середній темп зростання.""}, {""bbox"": [118, 2213, 801, 2307], ""type"": ""handwritten"", ""text"": ""1,049·100%=104,9%""}]"
251ddee6-e8e2-58a3-91c2-eb4970a2648d.jpg,"[{""bbox"": [1012, 732, 1346, 877], ""type"": ""handwritten"", ""text"": ""N5-51""}, {""bbox"": [383, 834, 2434, 1042], ""type"": ""handwritten"", ""text"": ""Дано: у ΔАВС АВ=6см, ВС=12см, ∠С=60°,""}, {""bbox"": [0, 1033, 1166, 1182], ""type"": ""handwritten"", ""text"": ""80°-(90°+ Значит: АС""}, {""bbox"": [0, 1186, 1091, 1337], ""type"": ""handwritten"", ""text"": ""ниміто розбіжності:""}, {""bbox"": [0, 1198, 347, 1334], ""type"": ""handwritten"", ""text"": ""нмито""}, {""bbox"": [1098, 1296, 1538, 1418], ""type"": ""handwritten"", ""text"": ""AB=BC""}, {""bbox"": [0, 1311, 356, 1536], ""type"": ""formula"", ""text"": ""$$y = \\sqrt { 8 } = \\frac { 2 8 } { }$$""}, {""bbox"": [1193, 1426, 2724, 1707], ""type"": ""formula"", ""text"": ""$$\\frac { A B } { B C } = \\frac { A C } { L C } = \\frac { 6 } { 1 2 } = \\frac { A C } { 6 } = 3 6 = 4 1 2 =$$""}, {""bbox"": [1172, 1702, 2706, 1885], ""type"": ""formula"", ""text"": ""$AL=3cm, AC=AL+LC=3+6=9cm$""}, {""bbox"": [417, 1909, 1280, 2117], ""type"": ""handwritten"", ""text"": ""Відповідь: 9 см.""}, {""bbox"": [1264, 2155, 1555, 2260], ""type"": ""handwritten"", ""text"": ""555""}, {""bbox"": [444, 2263, 2649, 2463], ""type"": ""handwritten"", ""text"": ""Дано: АВС - прямоугольный, АС = АВ = 9 см,""}, {""bbox"": [420, 2475, 1053, 2598], ""type"": ""handwritten"", ""text"": ""∠L:∠B=5:2""}, {""bbox"": [474, 2757, 1292, 2913], ""type"": ""handwritten"", ""text"": ""Когда золотая:""}, {""bbox"": [998, 2842, 2297, 3023], ""type"": ""formula"", ""text"": ""Неском $BC = x$, то $AC = x - 9$""}, {""bbox"": [391, 2890, 1058, 3432], ""type"": ""graph"", ""text"": """"}, {""bbox"": [391, 2895, 1049, 3429], ""type"": ""image"", ""text"": """"}, {""bbox"": [1109, 3016, 2530, 3240], ""type"": ""formula"", ""text"": ""$$\\frac { A C } { A B } = \\frac { C L } { L B } , \\frac { x } { x - 9 } \\frac { x - 9 } { x } = \\frac { 2 } { 5 } ;$$""}, {""bbox"": [1087, 3240, 2579, 3378], ""type"": ""formula"", ""text"": ""$$5 x - 4 5 = 2 x ; 3 x = 4 5 ; x = 1 5 c m ;$$""}, {""bbox"": [0, 3324, 259, 3468], ""type"": ""formula"", ""text"": ""\\omega PC=""}, {""bbox"": [438, 3383, 2808, 3531], ""type"": ""formula"", ""text"": ""$AC=AB-9=75-9=66cm;BC=AB-15;P_{\\triangle ABC}=AB+BC+AC=$""}, {""bbox"": [442, 3522, 1154, 3612], ""type"": ""formula"", ""text"": ""=15+15+6=36cm""}, {""bbox"": [608, 3593, 1319, 3681], ""type"": ""handwritten"", ""text"": ""Відповідь: 36 см""}]"
25482213-5d8f-40f3-bf91-a7931d78381e.jpg,"[{""bbox"": [302, 303, 2604, 445], ""type"": ""handwritten"", ""text"": ""День української писемності та мови 27 жовтня""}, {""bbox"": [767, 471, 1656, 693], ""type"": ""handwritten"", ""text"": ""Треба жити!""}, {""bbox"": [764, 473, 1662, 688], ""type"": ""handwritten"", ""text"": ""Треба жити!""}, {""bbox"": [426, 673, 2036, 864], ""type"": ""handwritten"", ""text"": ""Жити треба цікаво: читати""}, {""bbox"": [299, 878, 2164, 1056], ""type"": ""handwritten"", ""text"": ""книжки, ходити в театр, дресиру-""}, {""bbox"": [299, 1051, 1551, 1209], ""type"": ""handwritten"", ""text"": ""вать пса Патрона...""}, {""bbox"": [423, 1211, 2646, 1381], ""type"": ""handwritten"", ""text"": ""Преба жити! Не в півсими, не троянами, не""}, {""bbox"": [315, 1386, 2570, 1587], ""type"": ""handwritten"", ""text"": ""завтра, не після. Тобі-справжньому! Зараз!""}, {""bbox"": [296, 1577, 2632, 1769], ""type"": ""handwritten"", ""text"": ""Преба пладине котів, збіратьте гриби, везти""}, {""bbox"": [313, 1765, 2651, 1939], ""type"": ""handwritten"", ""text"": ""цуземят із дорожку на інтерсіті, робити ре-""}, {""bbox"": [330, 1928, 2666, 2097], ""type"": ""handwritten"", ""text"": ""моят і приносити щастя тим, кого люблю.""}, {""bbox"": [324, 2096, 2644, 2284], ""type"": ""handwritten"", ""text"": ""Треба хрупувати сурмі з лейтками і прино-др-""}, {""bbox"": [348, 2282, 2678, 2441], ""type"": ""handwritten"", ""text"": ""матити на військо, вишукувати реби і гене-""}, {""bbox"": [341, 2440, 2811, 2629], ""type"": ""handwritten"", ""text"": ""рамоці, а це-мініморити венорами в міжзарі""}, {""bbox"": [342, 2615, 2630, 2792], ""type"": ""handwritten"", ""text"": ""ботсаду, бо на перший урок треба принести""}, {""bbox"": [363, 2782, 904, 2925], ""type"": ""handwritten"", ""text"": ""каметалів.""}, {""bbox"": [492, 2947, 2635, 3121], ""type"": ""handwritten"", ""text"": ""Треба любити свій дім, навіть якщо він""}, {""bbox"": [558, 3123, 2727, 3318], ""type"": ""handwritten"", ""text"": ""підчасовий і далеко від справжнього дому-""}, {""bbox"": [841, 3296, 2694, 3509], ""type"": ""handwritten"", ""text"": ""того, що в серці. Преба здавати кров,""}, {""bbox"": [841, 3298, 2696, 3511], ""type"": ""handwritten"", ""text"": ""того, що в серці. Преба здавати кров,""}, {""bbox"": [871, 3484, 2633, 3683], ""type"": ""handwritten"", ""text"": ""і може з нею, це в сиелусь серці""}, {""bbox"": [1046, 3649, 2606, 3869], ""type"": ""handwritten"", ""text"": ""поселиться чобов до сів; допіру,""}]"
25849906-8ae6-4b9d-8dca-8c298e9d00a7.jpg,"[{""bbox"": [344, 51, 876, 167], ""type"": ""handwritten"", ""text"": ""Треба жити""}, {""bbox"": [184, 156, 1645, 281], ""type"": ""handwritten"", ""text"": ""Жити треба цікаво: читати книжки, хо-""}, {""bbox"": [42, 272, 1514, 379], ""type"": ""handwritten"", ""text"": ""дити в театр, дресирувать пса Патрона...""}, {""bbox"": [170, 363, 1655, 473], ""type"": ""handwritten"", ""text"": ""Преба пеєте! Не впівсими, не троями, не""}, {""bbox"": [24, 462, 1647, 581], ""type"": ""handwritten"", ""text"": ""завтра, не після. По-справжньому! Зараз! Треба плад-""}, {""bbox"": [31, 567, 1649, 689], ""type"": ""handwritten"", ""text"": ""ти котів, збираєте зриб, ведти цуценят із орнаму""}, {""bbox"": [42, 669, 1636, 764], ""type"": ""handwritten"", ""text"": ""на \""Інтерсіті\"", робити ремонт і приносити цвєть""}, {""bbox"": [33, 749, 1637, 854], ""type"": ""handwritten"", ""text"": ""тим, кого любимо. Треба купувати сумні з левітка-""}, {""bbox"": [35, 846, 1617, 951], ""type"": ""handwritten"", ""text"": ""ми є донатити на військо, вимірувати РЕБи і""}, {""bbox"": [40, 939, 1619, 1026], ""type"": ""handwritten"", ""text"": ""генератори, а це: мініміруйте вегетацію в літній""}, {""bbox"": [44, 943, 1621, 1038], ""type"": ""handwritten"", ""text"": ""генераторе, а це: неприємне вчорашнє в минулій""}, {""bbox"": [45, 1027, 1461, 1131], ""type"": ""handwritten"", ""text"": ""ботсаду, бо на перший урок треба принести""}, {""bbox"": [50, 1127, 344, 1192], ""type"": ""handwritten"", ""text"": ""раштанов.""}, {""bbox"": [230, 1198, 1536, 1300], ""type"": ""handwritten"", ""text"": ""Треба любити свій діал, навіть якщо він""}, {""bbox"": [57, 1294, 1581, 1392], ""type"": ""handwritten"", ""text"": ""тимчасовий і діяльність від справжнього дому, то""}, {""bbox"": [57, 1380, 1536, 1479], ""type"": ""handwritten"", ""text"": ""що в серці. Треба здравити кров і мозок з меню""}, {""bbox"": [56, 1467, 1466, 1565], ""type"": ""handwritten"", ""text"": ""их в челябинске серий насильственных любов до сив""}, {""bbox"": [60, 1559, 1044, 1646], ""type"": ""handwritten"", ""text"": ""«допіру», «німетко» чи «келесе».""}, {""bbox"": [248, 1633, 1499, 1731], ""type"": ""handwritten"", ""text"": ""Треба цілуватися, коли випадає нагода і""}, {""bbox"": [67, 1718, 1568, 1818], ""type"": ""handwritten"", ""text"": ""паяти те, що на думці. Немав часу на півтони.""}, {""bbox"": [70, 1808, 1543, 1899], ""type"": ""handwritten"", ""text"": ""Матеріальне крижове пилоте тікає крізь пам'ять.""}, {""bbox"": [74, 1893, 1607, 1991], ""type"": ""handwritten"", ""text"": ""Справжніми виявилися тільки ті, за що не можна""}, {""bbox"": [70, 1983, 1347, 2064], ""type"": ""handwritten"", ""text"": ""скажитися руками: спогади, сміх є любов.""}, {""bbox"": [291, 2057, 1591, 2165], ""type"": ""handwritten"", ""text"": ""Их треба пікати, які можуться. За все""}]"
25bababa-7207-425a-93bb-a7c95856ba42.jpg,"[{""bbox"": [743, 121, 1496, 265], ""type"": ""handwritten"", ""text"": ""Треба життя!""}, {""bbox"": [219, 266, 1986, 397], ""type"": ""handwritten"", ""text"": ""Наші преба чітко: питання книжки,""}, {""bbox"": [106, 391, 2126, 513], ""type"": ""handwritten"", ""text"": ""ходили в театр, дресирувать пса Папуана.""}, {""bbox"": [174, 500, 2057, 622], ""type"": ""handwritten"", ""text"": ""Треба жити! Не впіввіччя, не прагнення,""}, {""bbox"": [98, 617, 2138, 740], ""type"": ""handwritten"", ""text"": ""не завжди, не після. Но-справжньому! Зарад!""}, {""bbox"": [105, 728, 1985, 861], ""type"": ""handwritten"", ""text"": ""Проба мадини копів, збірання прибутку, везти""}, {""bbox"": [110, 855, 1927, 983], ""type"": ""handwritten"", ""text"": ""нуденням з оранню на Індерсіні, робити""}, {""bbox"": [98, 978, 1976, 1094], ""type"": ""handwritten"", ""text"": ""ремонт і приносити час на північ, кого""}, {""bbox"": [80, 1088, 2114, 1212], ""type"": ""handwritten"", ""text"": ""любимо. Перед снуванням сіркі з чимітками і""}, {""bbox"": [95, 1205, 2068, 1327], ""type"": ""handwritten"", ""text"": ""данними на військо, вимірювання РЕБи і""}, {""bbox"": [114, 1318, 2104, 1444], ""type"": ""handwritten"", ""text"": ""генератором, а це ними порівняні вентилями в""}, {""bbox"": [53, 1431, 2188, 1552], ""type"": ""handwritten"", ""text"": ""між'ярі баркаду, бо на нарийний урок праве принастіє калітанів.""}, {""bbox"": [180, 1547, 2049, 1672], ""type"": ""handwritten"", ""text"": ""Пребе зробити свій дім, мабуть якщо він""}, {""bbox"": [114, 1674, 2015, 1797], ""type"": ""handwritten"", ""text"": ""мимоасові і далеко від справжньою далиць,""}, {""bbox"": [101, 1785, 2151, 1915], ""type"": ""handwritten"", ""text"": ""того, що в серці. Треба здавати кров, і може,""}, {""bbox"": [76, 1910, 2146, 2028], ""type"": ""handwritten"", ""text"": ""з нею ще в телевізійній серії поселиться чоловік до""}, {""bbox"": [75, 2014, 1718, 2135], ""type"": ""handwritten"", ""text"": ""сів «допіру», «півдніка» та «києвські».""}, {""bbox"": [118, 2130, 2137, 2265], ""type"": ""handwritten"", ""text"": ""Потреба чілуватися, коли випадає нагода, і каза-""}, {""bbox"": [53, 2257, 2156, 2374], ""type"": ""handwritten"", ""text"": ""ти те, що на думці. Немає часу на півтони.""}, {""bbox"": [99, 2366, 2094, 2498], ""type"": ""handwritten"", ""text"": ""Матеріальне - крише, життя під час кризь""}, {""bbox"": [88, 2489, 2135, 2616], ""type"": ""handwritten"", ""text"": ""палимі. Справжнім виявилося тільки те, за""}, {""bbox"": [76, 2610, 2123, 2734], ""type"": ""handwritten"", ""text"": ""иа не можно ссопить руками: мопаде,""}, {""bbox"": [59, 2728, 715, 2827], ""type"": ""handwritten"", ""text"": ""сміх і любов.""}]"
26112b81-a0b5-4337-924a-a527fec99c42.jpg,"[{""bbox"": [55, 5, 1474, 73], ""type"": ""handwritten"", ""text"": ""Рекомендации: щодо відкриття бізнесу в США.""}, {""bbox"": [66, 67, 1649, 133], ""type"": ""handwritten"", ""text"": ""Необхідно вражувати подієм повноважень між доеде-""}, {""bbox"": [29, 124, 1654, 182], ""type"": ""handwritten"", ""text"": ""рольовим по витратним рівнями, адже закони міня-""}, {""bbox"": [25, 169, 1144, 231], ""type"": ""handwritten"", ""text"": ""тів можуть суттєво відрізнятися.""}, {""bbox"": [31, 224, 1591, 298], ""type"": ""handwritten"", ""text"": ""Взаємно здійснюються з місцевими законами,""}, {""bbox"": [29, 286, 1388, 355], ""type"": ""handwritten"", ""text"": ""імтому, де тільки є пільга відкриття бізнесу.""}, {""bbox"": [31, 346, 1651, 415], ""type"": ""handwritten"", ""text"": ""Вотримання судових процедур та консультація""}, {""bbox"": [23, 405, 1656, 467], ""type"": ""handwritten"", ""text"": ""з юристом, який спеціалізується на американсько-""}, {""bbox"": [26, 458, 1526, 522], ""type"": ""handwritten"", ""text"": ""му праві, значно знизить ризики діяльності бізнесу.""}, {""bbox"": [23, 511, 1635, 586], ""type"": ""handwritten"", ""text"": ""Малої сид прийняти увагу підписаним корпора-""}, {""bbox"": [20, 575, 1631, 651], ""type"": ""handwritten"", ""text"": ""гивного права', свода трудового законода-""}, {""bbox"": [13, 634, 778, 717], ""type"": ""handwritten"", ""text"": ""ветвей по лицензированию.""}]"
26479da6-9ab4-46e7-b38a-bacbd3b9f094.jpg,"[{""bbox"": [2674, 165, 2795, 331], ""type"": ""annotation"", ""text"": ""8""}, {""bbox"": [256, 355, 2395, 528], ""type"": ""printed"", ""text"": ""24.IV 1918. Вел. № 43. Довірчно.""}, {""bbox"": [246, 530, 523, 600], ""type"": ""printed"", ""text"": ""ДИРЕКТОР""}, {""bbox"": [244, 531, 521, 595], ""type"": ""printed"", ""text"": ""ДИРЕКТОР""}, {""bbox"": [170, 597, 592, 671], ""type"": ""printed"", ""text"": ""ДЕПАРТАМЕНТУ""}, {""bbox"": [1216, 657, 1808, 723], ""type"": ""printed"", ""text"": ""Шановний Добродію""}, {""bbox"": [175, 668, 604, 731], ""type"": ""printed"", ""text"": ""МІНІСТЕРСТВА""}, {""bbox"": [246, 730, 499, 789], ""type"": ""printed"", ""text"": ""дстіції""}, {""bbox"": [828, 1217, 2431, 1297], ""type"": ""printed"", ""text"": ""трович БЕНЕДІКТОВИЧ звернувся до Пана Міністра""}, {""bbox"": [830, 1316, 2448, 1397], ""type"": ""printed"", ""text"": ""Остіції в проханням аби його було призначено на""}, {""bbox"": [829, 1419, 2292, 1501], ""type"": ""printed"", ""text"": ""посаду Додаткового Мирового Судді взагалі.""}, {""bbox"": [860, 1523, 2465, 1608], ""type"": ""printed"", ""text"": ""З огляду на це, прошу Вас висловитись про слух-""}, {""bbox"": [842, 1625, 2482, 1711], ""type"": ""printed"", ""text"": ""бову здатність і моральні якості добродія БЕНЕ-""}, {""bbox"": [200, 1643, 355, 1714], ""type"": ""handwritten"", ""text"": ""0.0.""}, {""bbox"": [143, 1728, 385, 1787], ""type"": ""printed"", ""text"": ""КРИЛОВУ""}, {""bbox"": [810, 1736, 2489, 1812], ""type"": ""printed"", ""text"": ""ЛІКТОВИЙ А, а також оскільки таке призначення буде""}, {""bbox"": [80, 1838, 604, 1901], ""type"": ""printed"", ""text"": ""арш.Предс.Харь-""}, {""bbox"": [813, 1852, 1828, 1926], ""type"": ""printed"", ""text"": ""взагалі користним для справи.""}, {""bbox"": [78, 1922, 569, 1989], ""type"": ""printed"", ""text"": ""вської Судової""}, {""bbox"": [955, 1994, 2184, 2075], ""type"": ""printed"", ""text"": ""Прошу прийняти засвідчення в повазі""}, {""bbox"": [891, 2134, 1106, 2193], ""type"": ""printed"", ""text"": ""до Вас""}, {""bbox"": [81, 2229, 541, 2300], ""type"": ""printed"", ""text"": ""Липня 1.18 р.""}]"
266c3214-adc6-4caa-95cb-dca7eea5c6bd.jpg,"[{""bbox"": [4821, 3, 5040, 209], ""type"": ""handwritten"", ""text"": ""5)""}, {""bbox"": [0, 207, 3248, 847], ""type"": ""formula"", ""text"": ""$$\\left( \\begin{array} { c c } { { 1 } } & { { 2 } } \\\\ { { - 1 } } & { { 3 } } \\end{array} \\right) - \\left( \\begin{array} { c c } { { - 3 } } & { { - 1 } } \\\\ { { 1 } } & { { - 2 } } \\end{array} \\right) = C _ { 1 2 } = 2 - ( - 1 ) = 3$$""}, {""bbox"": [3547, 325, 5083, 949], ""type"": ""image"", ""text"": """"}, {""bbox"": [0, 823, 3440, 1431], ""type"": ""formula"", ""text"": ""7. $\\begin{pmatrix} 1 & 2 \\\\ -1 & 3 \\end{pmatrix} + \\begin{pmatrix} -3 & -1 \\\\ 1 & -2 \\end{pmatrix} = b_{12} = 2 + (-1) = 1$""}, {""bbox"": [0, 1602, 5254, 1976], ""type"": ""formula"", ""text"": ""8. $f(x) = (2x^3 - 3)(x + 5) = f'(x) = 6x^2 \\cdot (x + 5) + 2x^3 - 3. \\quad t = $""}, {""bbox"": [0, 1980, 3045, 2266], ""type"": ""formula"", ""text"": ""= 6x^3 + 30x^2 + 2x^3 - 3 = 8x^3 + 30x^2 - 3""}, {""bbox"": [0, 2247, 3045, 2592], ""type"": ""formula"", ""text"": ""$$f ^ { \\prime } ( 1 ) = 8 \\cdot 1 ^ { 3 } + 3 0 \\cdot 1 ^ { 2 } - 3 = 8 + 3 0 - 3 = 3 5 .$$""}, {""bbox"": [0, 2885, 1282, 3853], ""type"": ""formula"", ""text"": ""$$9 . \\left( \\begin{array} { l l l } { 3 } & { 2 } & { - 1 } \\\\ { 2 } & { - 1 } & { 2 } \\\\ { - 1 } & { 3 } & { 1 } \\end{array} \\right)$$""}, {""bbox"": [1348, 3106, 3842, 3749], ""type"": ""formula"", ""text"": ""$$M _ { 3 3 } = \\left| \\begin{array} { l l } { 3 } & { 2 } \\\\ { 2 } & { - 1 } \\end{array} \\right| = 3 \\cdot ( - 1 ) - 2 \\cdot 2 = - 7$$""}, {""bbox"": [3516, 3812, 5236, 4168], ""type"": ""formula"", ""text"": ""f(t) = -5^5 + 5^4 + 30""}, {""bbox"": [0, 3948, 678, 4175], ""type"": ""handwritten"", ""text"": ""30, 3 x 2""}, {""bbox"": [0, 4207, 3106, 4568], ""type"": ""handwritten"", ""text"": ""31. поглибне множення двох радків""}, {""bbox"": [0, 4561, 227, 4771], ""type"": ""handwritten"", ""text"": ""32.""}, {""bbox"": [218, 4568, 1227, 5600], ""type"": ""table"", ""text"": ""| | I | II |\n|---|---|---|\n| A | 2 | 3 |\n| B | 5 | 20 |""}, {""bbox"": [1420, 5257, 4748, 5742], ""type"": ""formula"", ""text"": ""$$2 ) \\left\\{ \\begin{array} { l } { I _ { \\mathrm { H a } } A = 2 \\cdot 1 0 0 = 2 0 0 } \\\\ { I I _ { \\mathrm { H a } } A = 3 \\cdot 1 0 0 = 3 0 0 } \\end{array} \\right. \\quad 2 0 0 + 3 0 0 = 5 0 0$$""}, {""bbox"": [43, 5649, 1232, 5899], ""type"": ""formula"", ""text"": ""A = 100 \\quad \\beta = 60""}, {""bbox"": [0, 6036, 504, 6228], ""type"": ""handwritten"", ""text"": ""33. -2""}, {""bbox"": [0, 6139, 5305, 6597], ""type"": ""formula"", ""text"": ""34. $A_{12} = (-1)^{1+2} \\cdot M_{12} = (-1)^3 \\cdot \\begin{vmatrix} 2 & -2 \\\\ 4 & 1 \\end{vmatrix} = 2 \\cdot 1 - (-2) \\cdot 4 = (-1)^3 \\cdot 10 = -10$""}, {""bbox"": [26, 6646, 1145, 6939], ""type"": ""formula"", ""text"": ""35. 0 (кулию)""}, {""bbox"": [28, 6977, 248, 7153], ""type"": ""handwritten"", ""text"": ""36.""}, {""bbox"": [116, 7136, 1781, 7796], ""type"": ""formula"", ""text"": ""$$A = \\begin{pmatrix} 1 & -2 & -1 \\\\ 0 & 3 & 1 \\\\ 0 & 0 & 5 \\end{pmatrix} \\quad r ( A ) = 3$$""}, {""bbox"": [122, 7136, 1775, 7793], ""type"": ""formula"", ""text"": ""$$A = \\begin{pmatrix} 1 & -2 & -1 \\\\ 0 & 3 & 1 \\\\ 0 & 0 & 5 \\end{pmatrix} \\quad r ( A ) = 3$$""}]"
26b25869-e0e6-486e-a7bd-ebe8433cc1ae.jpg,"[{""bbox"": [945, 39, 1018, 83], ""type"": ""handwritten"", ""text"": ""N=4""}, {""bbox"": [225, 90, 374, 140], ""type"": ""handwritten"", ""text"": ""У.Н.Р.""}, {""bbox"": [860, 113, 1063, 150], ""type"": ""handwritten"", ""text"": ""Коні з коній""}, {""bbox"": [134, 164, 500, 211], ""type"": ""handwritten"", ""text"": ""Український губерніяльний""}, {""bbox"": [226, 226, 358, 268], ""type"": ""handwritten"", ""text"": ""Камісар""}, {""bbox"": [126, 280, 964, 337], ""type"": ""handwritten"", ""text"": ""Квітень 28-го дня 1919 року Камандуючому Північному""}, {""bbox"": [544, 334, 957, 393], ""type"": ""handwritten"", ""text"": ""зруною війсок У. М. Р.""}, {""bbox"": [233, 343, 308, 376], ""type"": ""handwritten"", ""text"": ""t. 2""}, {""bbox"": [203, 399, 863, 450], ""type"": ""handwritten"", ""text"": ""м. Рівне. Отоману Осекілко.""}, {""bbox"": [535, 399, 862, 447], ""type"": ""handwritten"", ""text"": ""Отошману Осекілько.""}, {""bbox"": [210, 569, 1034, 627], ""type"": ""handwritten"", ""text"": ""Начало міліції 11-го району Осмінського""}, {""bbox"": [144, 626, 1017, 684], ""type"": ""handwritten"", ""text"": ""Повіту, повідомив мене, що військові готиним,""}, {""bbox"": [149, 693, 1058, 740], ""type"": ""handwritten"", ""text"": ""перейдзячими через м. Точи, вимагають від єврей""}, {""bbox"": [150, 749, 1046, 798], ""type"": ""handwritten"", ""text"": ""свого поселения кампирбугзію, як гріємі, так""}, {""bbox"": [142, 801, 1046, 862], ""type"": ""handwritten"", ""text"": ""і одеською, загорожуючою пограниччям, при чому були ви:""}, {""bbox"": [144, 859, 1042, 923], ""type"": ""handwritten"", ""text"": ""надки пробування. Новий масштаб дуже перевз""}, {""bbox"": [143, 924, 725, 976], ""type"": ""handwritten"", ""text"": ""ний з огляду на Балашов. належить.""}, {""bbox"": [202, 974, 1044, 1031], ""type"": ""handwritten"", ""text"": ""Про вище зазначене повідомляю Вам дійсно:""}, {""bbox"": [144, 1032, 1024, 1096], ""type"": ""handwritten"", ""text"": ""хідних з Вашого боку розпоряджень. При своїй""}, {""bbox"": [147, 1092, 1053, 1147], ""type"": ""handwritten"", ""text"": ""надіслано також копію відмовлення Міністра""}, {""bbox"": [145, 1148, 693, 1204], ""type"": ""handwritten"", ""text"": ""Еврейских Соров за ч. 435""}, {""bbox"": [295, 1209, 1019, 1269], ""type"": ""handwritten"", ""text"": ""Губернійманий Калісаф (відмінок) Сумський""}, {""bbox"": [325, 1268, 1009, 1325], ""type"": ""handwritten"", ""text"": ""Підпис за управлінням Комісаріату""}, {""bbox"": [411, 1364, 820, 1424], ""type"": ""handwritten"", ""text"": ""З оригіналом згідно""}, {""bbox"": [393, 1419, 877, 1489], ""type"": ""handwritten"", ""text"": ""За ділові імперія відд""}, {""bbox"": [464, 1479, 841, 1541], ""type"": ""handwritten"", ""text"": ""Р. Шбанд 19³/₁₂/20""}]"
26c766e1-81f4-4b88-b03f-9ba1d71190e5.jpg,"[{""bbox"": [1119, 72, 1944, 203], ""type"": ""handwritten"", ""text"": ""Мановамові М.""}, {""bbox"": [909, 76, 1971, 260], ""type"": ""handwritten"", ""text"": ""І. Т. Мановалові М.""}, {""bbox"": [133, 90, 643, 151], ""type"": ""printed"", ""text"": ""Працьський Відділ""}, {""bbox"": [2182, 91, 2407, 278], ""type"": ""annotation"", ""text"": ""148""}, {""bbox"": [2180, 93, 2408, 277], ""type"": ""annotation"", ""text"": ""148""}, {""bbox"": [131, 186, 507, 262], ""type"": ""annotation"", ""text"": ""3.0.У.П.С.Р.""}, {""bbox"": [566, 419, 2217, 498], ""type"": ""printed"", ""text"": ""Загальні Надз. Збори відділу з таким порядком денним:""}, {""bbox"": [625, 515, 2057, 605], ""type"": ""printed"", ""text"": ""I. Зачитання протоколів попередніх заг. Зборів.""}, {""bbox"": [629, 583, 2201, 708], ""type"": ""printed"", ""text"": ""2. Поповнення складу Презідії: дообрання одного чл""}, {""bbox"": [1550, 644, 2243, 712], ""type"": ""printed"", ""text"": ""дообрання одного члена""}, {""bbox"": [674, 738, 1088, 791], ""type"": ""printed"", ""text"": ""т. Мезенцева.""}, {""bbox"": [625, 792, 1878, 867], ""type"": ""printed"", ""text"": ""3.Реєстрація нового члена -т. Прищинка.""}, {""bbox"": [622, 844, 2354, 922], ""type"": ""printed"", ""text"": ""4. Справа членських внесків та внесків на партійний фонд.""}, {""bbox"": [624, 862, 2128, 973], ""type"": ""printed"", ""text"": ""5. Справа дальнього видання часопису \""Вартовий\""""}, {""bbox"": [588, 996, 1367, 1062], ""type"": ""printed"", ""text"": ""7. Справа Партконференції.""}, {""bbox"": [559, 1039, 1081, 1111], ""type"": ""printed"", ""text"": ""8. Біжучі справи.""}, {""bbox"": [950, 1208, 1450, 1278], ""type"": ""printed"", ""text"": ""ПРЕЗІДІЯ.""}, {""bbox"": [226, 1371, 483, 1507], ""type"": ""handwritten"", ""text"": ""Арага""}, {""bbox"": [199, 1506, 590, 1651], ""type"": ""annotation"", ""text"": ""1925/12 28р.""}]"
26db9d85-0974-483b-b53e-0a2cff4f30c5.jpg,"[{""bbox"": [1057, 415, 2096, 607], ""type"": ""handwritten"", ""text"": ""Ліреба пессіи""}, {""bbox"": [620, 644, 3669, 822], ""type"": ""handwritten"", ""text"": ""Жити треба цікаво: вчити ким ти,""}, {""bbox"": [297, 812, 3613, 1015], ""type"": ""handwritten"", ""text"": ""сходите в театр, дрессировать иса Лейрона.""}, {""bbox"": [574, 1013, 3755, 1217], ""type"": ""handwritten"", ""text"": ""Греба писи! Не впівсем, не тромки,""}, {""bbox"": [286, 1217, 3398, 1428], ""type"": ""handwritten"", ""text"": ""не завтра, не після. Несправдивою!""}, {""bbox"": [293, 1421, 3871, 1646], ""type"": ""handwritten"", ""text"": ""Зараз! Греба гладити котів, збирати гриби,""}, {""bbox"": [279, 1636, 3559, 1840], ""type"": ""handwritten"", ""text"": ""већи чудесеј из фронту на Југер-Сиј,""}, {""bbox"": [284, 1816, 3550, 2003], ""type"": ""handwritten"", ""text"": ""роботи реклами є приносити користі тим,""}, {""bbox"": [308, 1996, 3604, 2196], ""type"": ""handwritten"", ""text"": ""ного любчиео. Треба купувати сукні з""}, {""bbox"": [326, 2191, 3797, 2363], ""type"": ""handwritten"", ""text"": ""челніками і донатити на військо, виму-""}, {""bbox"": [308, 2370, 3793, 2558], ""type"": ""handwritten"", ""text"": ""кувати реби і генератори, а ще, ми вибираємо""}, {""bbox"": [311, 2547, 3744, 2755], ""type"": ""handwritten"", ""text"": ""рити вегорасим в мініларі сотеаду, бо""}, {""bbox"": [306, 2731, 3786, 2921], ""type"": ""handwritten"", ""text"": ""на перший урок треба принести касетанів.""}, {""bbox"": [493, 2896, 3686, 3077], ""type"": ""handwritten"", ""text"": ""Ліреда любити свій дім, навіть якщо""}, {""bbox"": [271, 3074, 3800, 3261], ""type"": ""handwritten"", ""text"": ""він пильно слухав і дуже боявся від справжнього""}, {""bbox"": [272, 3248, 3536, 3439], ""type"": ""handwritten"", ""text"": ""дому, того, що в серці. Глібка здавати""}, {""bbox"": [285, 3437, 3625, 3645], ""type"": ""handwritten"", ""text"": ""ків, і, мовч, з нею ще в сяємось серці""}, {""bbox"": [284, 3626, 3864, 3833], ""type"": ""handwritten"", ""text"": ""посилитися мовов до слів: допіру, нігтяко се""}, {""bbox"": [266, 3778, 782, 3919], ""type"": ""handwritten"", ""text"": ""какже.""}, {""bbox"": [513, 3951, 3893, 4204], ""type"": ""handwritten"", ""text"": ""Треба читуватися, коли випадає нагода і""}, {""bbox"": [240, 4164, 3655, 4368], ""type"": ""handwritten"", ""text"": ""кажата те, що на думці. Немає часу на""}, {""bbox"": [224, 4353, 3718, 4540], ""type"": ""handwritten"", ""text"": ""ністю. Матеріально крихке, неїї півав""}, {""bbox"": [229, 4524, 3836, 4714], ""type"": ""handwritten"", ""text"": ""придь нальці. Справжнім виявилось пільги""}, {""bbox"": [243, 4717, 3575, 4927], ""type"": ""handwritten"", ""text"": ""те, за що немотиа ссопитись рука сесі:""}, {""bbox"": [228, 4909, 2351, 5076], ""type"": ""handwritten"", ""text"": ""спогади, сміх і любов.""}, {""bbox"": [226, 4917, 2343, 5091], ""type"": ""handwritten"", ""text"": ""спогади, сміх і любов.""}, {""bbox"": [504, 5070, 3844, 5254], ""type"": ""handwritten"", ""text"": ""Иде треба плакати, коли неометься. За""}, {""bbox"": [238, 5254, 3583, 5436], ""type"": ""handwritten"", ""text"": ""все те, що ніколи б не мали з нами""}, {""bbox"": [256, 5433, 3856, 5621], ""type"": ""handwritten"", ""text"": ""статус, за те, що мені не тільки знаємо,""}]"
27067f3f-09db-45ff-b654-1d183398076c.jpg,"[{""bbox"": [581, 93, 2420, 315], ""type"": ""handwritten"", ""text"": ""Радіодиктант національної єдності""}, {""bbox"": [1053, 269, 1881, 404], ""type"": ""handwritten"", ""text"": ""«Пу́реба по́йти.""}, {""bbox"": [412, 320, 2620, 523], ""type"": ""handwritten"", ""text"": ""днити треба цікаво: читати книжки,""}, {""bbox"": [408, 423, 2639, 600], ""type"": ""handwritten"", ""text"": ""ити в театре, дресирувать Йса Патроно.""}, {""bbox"": [399, 526, 1288, 679], ""type"": ""handwritten"", ""text"": ""Треба засити.""}, {""bbox"": [362, 632, 2615, 793], ""type"": ""handwritten"", ""text"": ""Не впівсими не трогати не довтра, не""}, {""bbox"": [169, 691, 2487, 868], ""type"": ""handwritten"", ""text"": ""Не вп'ясили, не трогали, не довтри, після. По-справжньому! Зайоз! Пудова""}, {""bbox"": [182, 725, 2542, 869], ""type"": ""handwritten"", ""text"": ""рісля. По-справжньому! Зарод! Підеба""}, {""bbox"": [200, 1018, 2610, 1154], ""type"": ""handwritten"", ""text"": ""рамонт і приносити сувоєте тили, хоє""}, {""bbox"": [198, 1062, 2618, 1236], ""type"": ""handwritten"", ""text"": ""димонт і приносити сувеніри тими, ко\nлюбими. Преба купувати сукні з лепітком,""}, {""bbox"": [193, 1175, 2618, 1323], ""type"": ""handwritten"", ""text"": ""уонатити на військо, вишукувати РЕБИ""}, {""bbox"": [192, 1249, 2652, 1398], ""type"": ""handwritten"", ""text"": ""та генератори, а ще неиспорити ветерови""}, {""bbox"": [185, 1356, 2673, 1501], ""type"": ""handwritten"", ""text"": ""в міжвірі відсіду, бо на перший урок треба""}, {""bbox"": [159, 1470, 1429, 1572], ""type"": ""handwritten"", ""text"": ""принести камітанів.""}, {""bbox"": [369, 1545, 2622, 1672], ""type"": ""handwritten"", ""text"": ""Потреба любити свій дім, навіть якщо""}, {""bbox"": [165, 1646, 2589, 1760], ""type"": ""handwritten"", ""text"": ""він тимчасовий і далеко від справжнього""}, {""bbox"": [173, 1820, 2567, 1937], ""type"": ""handwritten"", ""text"": ""кров, і ліюче з нею ще вчилань серці""}, {""bbox"": [161, 1899, 2665, 2034], ""type"": ""handwritten"", ""text"": ""поселились любов до аль \""допра\"", \""петяпко\""""}, {""bbox"": [169, 2015, 881, 2111], ""type"": ""handwritten"", ""text"": ""чм «киев».""}, {""bbox"": [318, 2084, 2701, 2209], ""type"": ""handwritten"", ""text"": ""Потреба цілуватися ким випадає навпр""}, {""bbox"": [116, 2183, 2642, 2298], ""type"": ""handwritten"", ""text"": ""і козати теж що на думці. Невдов чому""}, {""bbox"": [114, 2270, 2442, 2382], ""type"": ""handwritten"", ""text"": ""на півтони. Матеріальне крихке,""}, {""bbox"": [128, 2364, 2694, 2473], ""type"": ""handwritten"", ""text"": ""всмітте тіхає крізь пальці! Справжнім""}, {""bbox"": [131, 2458, 2677, 2565], ""type"": ""handwritten"", ""text"": ""виявилось тільки те, що не є чомусь""}, {""bbox"": [128, 2547, 2710, 2660], ""type"": ""handwritten"", ""text"": ""схопитись руками; спогади, сніх і любов""}, {""bbox"": [78, 2730, 2641, 2850], ""type"": ""handwritten"", ""text"": ""За всі те, що ніхам б не мало з нами""}, {""bbox"": [92, 2795, 2721, 2949], ""type"": ""handwritten"", ""text"": ""статистик. За те, що ми не мали знавців""}, {""bbox"": [88, 2877, 2658, 3051], ""type"": ""handwritten"", ""text"": ""ек пішеться \""далекобійним броньово""}, {""bbox"": [78, 2978, 2706, 3133], ""type"": ""handwritten"", ""text"": ""\""балістична \""ракета\"", але й розрізняється""}, {""bbox"": [124, 3114, 964, 3210], ""type"": ""handwritten"", ""text"": ""їх на смугу.""}, {""bbox"": [86, 3249, 2603, 3409], ""type"": ""handwritten"", ""text"": ""російській мові, що має стати\nсхрещеними на кількох східних у вічній""}, {""bbox"": [74, 3342, 2731, 3524], ""type"": ""handwritten"", ""text"": ""призоті. А ми будемо жити цікаво""}, {""bbox"": [76, 3386, 2734, 3629], ""type"": ""handwritten"", ""text"": ""призоті. А ми будемо збити цікаво\nфутерез історії і зароди тих, хі""}, {""bbox"": [36, 3551, 2758, 3770], ""type"": ""handwritten"", ""text"": ""пляе нас говоритише нашою мовою""}]"
272b57f4-1fc7-4cf8-97af-7fe575fbf601.jpg,"[{""bbox"": [537, 320, 2797, 482], ""type"": ""handwritten"", ""text"": ""це в минусь серії поселиться любов""}, {""bbox"": [538, 462, 2654, 634], ""type"": ""handwritten"", ""text"": ""до сілб: допіру, пітятко чи ревеж.""}, {""bbox"": [702, 606, 2732, 812], ""type"": ""handwritten"", ""text"": ""Треба уникатися, коли випадає""}, {""bbox"": [694, 606, 2737, 809], ""type"": ""handwritten"", ""text"": ""Треба уникатися, коли випадає""}, {""bbox"": [519, 781, 2800, 965], ""type"": ""handwritten"", ""text"": ""находа, і казати те, що на думці.""}, {""bbox"": [497, 919, 2842, 1132], ""type"": ""handwritten"", ""text"": ""Немає часу на півтони. Матеріальне""}, {""bbox"": [490, 1087, 2658, 1287], ""type"": ""handwritten"", ""text"": ""крихке - маєть місце крізь посельці.""}, {""bbox"": [489, 1253, 2672, 1462], ""type"": ""handwritten"", ""text"": ""Справжнім виявимось тільки те, за""}, {""bbox"": [495, 1451, 2882, 1636], ""type"": ""handwritten"", ""text"": ""что не можна схомететься руками-""}, {""bbox"": [492, 1620, 1894, 1773], ""type"": ""handwritten"", ""text"": ""спогади, сміх і любов.""}, {""bbox"": [602, 1764, 2918, 1947], ""type"": ""handwritten"", ""text"": ""Иде треба плахати, коли можеться.""}, {""bbox"": [478, 1925, 2848, 2136], ""type"": ""handwritten"", ""text"": ""За все те, що ніколи б не мали з""}, {""bbox"": [461, 2131, 2841, 2299], ""type"": ""handwritten"", ""text"": ""нами статися. За те, що ми не""}, {""bbox"": [431, 2299, 2825, 2498], ""type"": ""handwritten"", ""text"": ""тільки знаємо, як минеться далеко-""}, {""bbox"": [417, 2478, 2861, 2681], ""type"": ""handwritten"", ""text"": ""Бійний дрон або балістична ракета""}, {""bbox"": [427, 2659, 2596, 2857], ""type"": ""handwritten"", ""text"": ""а й розрізняємо їх на слух.""}, {""bbox"": [518, 2820, 2545, 3039], ""type"": ""handwritten"", ""text"": ""Росіяни хочуть, щоб ми стали""}, {""bbox"": [404, 3033, 2824, 3234], ""type"": ""handwritten"", ""text"": ""скончавшись на них, скончавшись у вічній""}, {""bbox"": [397, 3192, 2943, 3424], ""type"": ""handwritten"", ""text"": ""чезоті. А ми будемо жити цікаво""}, {""bbox"": [378, 3402, 2696, 3621], ""type"": ""handwritten"", ""text"": ""всупереч історії і заради тих, хто""}, {""bbox"": [353, 3599, 2759, 3780], ""type"": ""handwritten"", ""text"": ""писья нас говорите намою любою.""}]"
27855adb-b372-4d01-a0c3-9dc209e9c93b.jpg,"[{""bbox"": [9, 186, 433, 228], ""type"": ""handwritten"", ""text"": ""улюблені книжки, музику,""}, {""bbox"": [7, 214, 467, 261], ""type"": ""handwritten"", ""text"": ""фотографії, крім того - 80""}, {""bbox"": [14, 238, 514, 286], ""type"": ""handwritten"", ""text"": ""як інші, вдалося було зробити,""}, {""bbox"": [55, 266, 504, 314], ""type"": ""handwritten"", ""text"": ""такие будто\nОтопе доки Япон Помоск""}, {""bbox"": [541, 272, 577, 303], ""type"": ""handwritten"", ""text"": ""bo""}, {""bbox"": [61, 272, 503, 316], ""type"": ""handwritten"", ""text"": ""Отопе доки Клон Пмск""}, {""bbox"": [10, 298, 490, 350], ""type"": ""handwritten"", ""text"": ""це тільки не південної до""}, {""bbox"": [539, 300, 577, 336], ""type"": ""handwritten"", ""text"": ""То""}, {""bbox"": [16, 328, 487, 383], ""type"": ""handwritten"", ""text"": ""інших світів попередо""}, {""bbox"": [542, 338, 577, 365], ""type"": ""handwritten"", ""text"": ""900""}, {""bbox"": [547, 363, 577, 393], ""type"": ""handwritten"", ""text"": ""6""}, {""bbox"": [19, 367, 351, 406], ""type"": ""handwritten"", ""text"": ""книпека в безпеці""}, {""bbox"": [71, 389, 448, 435], ""type"": ""handwritten"", ""text"": ""Однак деякі науковці""}, {""bbox"": [535, 391, 577, 423], ""type"": ""handwritten"", ""text"": ""ind""}, {""bbox"": [15, 423, 520, 464], ""type"": ""handwritten"", ""text"": ""ствердпсуговть, що коли влоди""}, {""bbox"": [20, 456, 504, 492], ""type"": ""handwritten"", ""text"": ""нордвет! злоперть за чати і""}, {""bbox"": [20, 480, 518, 520], ""type"": ""handwritten"", ""text"": ""нвродити в хосвейчнсех деловх""}, {""bbox"": [25, 515, 522, 547], ""type"": ""handwritten"", ""text"": ""нвсе псиитте, то таке днедське""}, {""bbox"": [19, 540, 513, 576], ""type"": ""handwritten"", ""text"": ""дите буде скоцсе радиме /no""}, {""bbox"": [18, 569, 520, 603], ""type"": ""handwritten"", ""text"": ""Ізмаїловські кімнати топографічній""}, {""bbox"": [34, 600, 506, 634], ""type"": ""handwritten"", ""text"": ""образ элементка, з ведеєкого""}, {""bbox"": [28, 628, 521, 661], ""type"": ""handwritten"", ""text"": ""где-то, очень жалобно-облично""}, {""bbox"": [24, 686, 482, 721], ""type"": ""handwritten"", ""text"": ""нього, мо відділку від має,""}, {""bbox"": [26, 717, 510, 750], ""type"": ""handwritten"", ""text"": ""такі приємні, відчуття, як""}, {""bbox"": [21, 744, 483, 781], ""type"": ""handwritten"", ""text"": ""щотаків стовпів, і замов""}, {""bbox"": [16, 772, 481, 812], ""type"": ""handwritten"", ""text"": ""паперу - будуть, невідомі.""}, {""bbox"": [18, 798, 500, 844], ""type"": ""handwritten"", ""text"": ""д ась у магазине втее ане тод""}, {""bbox"": [15, 825, 475, 886], ""type"": ""handwritten"", ""text"": ""и запоминает его электронной""}]"
27ef34c2-c89a-4117-9e6a-b497c961735c.jpg,"[{""bbox"": [299, 143, 694, 207], ""type"": ""printed"", ""text"": ""УКРАЇНСЬКА""}, {""bbox"": [2190, 158, 2314, 303], ""type"": ""annotation"", ""text"": ""58""}, {""bbox"": [219, 209, 838, 272], ""type"": ""printed"", ""text"": ""АКАДЕМІЧНА ГРОМАДА""}, {""bbox"": [361, 345, 694, 407], ""type"": ""printed"", ""text"": ""UKRAJINSKA""}, {""bbox"": [189, 408, 864, 464], ""type"": ""printed"", ""text"": ""AKADEMIČNA HROMADA""}, {""bbox"": [403, 465, 660, 528], ""type"": ""printed"", ""text"": ""V Č.-S. R.""}, {""bbox"": [205, 574, 943, 634], ""type"": ""printed"", ""text"": ""Прага, 10 жовтня 1926.-""}, {""bbox"": [446, 751, 614, 796], ""type"": ""printed"", ""text"": ""PRAHA,""}, {""bbox"": [818, 975, 2075, 1044], ""type"": ""printed"", ""text"": ""Хвальної Дирекції українського Інституту""}, {""bbox"": [1230, 1088, 1699, 1140], ""type"": ""printed"", ""text"": ""Громадознавства""}, {""bbox"": [986, 1366, 2309, 1436], ""type"": ""printed"", ""text"": ""Рада У.А.Р. в ЧСР. рішила улаштувати Свято""}, {""bbox"": [825, 1462, 1872, 1546], ""type"": ""printed"", ""text"": ""ПЕРВОГО ПАДОЛИСТА\""""}, {""bbox"": [381, 1569, 2377, 1643], ""type"": ""printed"", ""text"": ""і запросити до улаштування цього Свята всі українські Установи та""}, {""bbox"": [376, 1682, 1035, 1747], ""type"": ""printed"", ""text"": ""Організації в Празі.-""}, {""bbox"": [376, 1882, 2440, 1961], ""type"": ""printed"", ""text"": ""гатів на конститууюче засідання Комітету, яке відбудеться в п'ятницю""}, {""bbox"": [374, 1984, 2466, 2064], ""type"": ""printed"", ""text"": ""дня 15 жовтня п.р. о год. 15-ій, в домівці У.А.Г. на Сміхові, /Смі-""}, {""bbox"": [371, 2096, 1413, 2168], ""type"": ""printed"", ""text"": ""хівський пивовар, вул. Падрамні/..-""}, {""bbox"": [1912, 2610, 2323, 2753], ""type"": ""printed"", ""text"": ""А.А. Карпин\nсекретарь""}, {""bbox"": [474, 2686, 674, 2736], ""type"": ""printed"", ""text"": ""ГОЛОВА""}]"
2930d9df-572f-4514-802d-bd13be6d0003.jpg,"[{""bbox"": [1008, 102, 1815, 217], ""type"": ""handwritten"", ""text"": ""24 ноября.""}, {""bbox"": [540, 205, 2216, 364], ""type"": ""handwritten"", ""text"": ""Всеукраїнський диктант.""}, {""bbox"": [556, 324, 1495, 472], ""type"": ""handwritten"", ""text"": ""Треба писати.""}, {""bbox"": [332, 443, 2222, 607], ""type"": ""handwritten"", ""text"": ""Нити треба цікаво; гіта-""}, {""bbox"": [137, 588, 2248, 748], ""type"": ""handwritten"", ""text"": ""ти книги, ходити в театр,""}, {""bbox"": [133, 719, 2201, 888], ""type"": ""handwritten"", ""text"": ""дремувати пса Патрона.""}, {""bbox"": [231, 837, 1337, 986], ""type"": ""handwritten"", ""text"": ""Ти треба вчити!""}, {""bbox"": [227, 959, 2129, 1138], ""type"": ""handwritten"", ""text"": ""Не впівсем, не трошки,""}, {""bbox"": [233, 1111, 2119, 1266], ""type"": ""handwritten"", ""text"": ""не завтра, не після!""}, {""bbox"": [273, 1238, 2290, 1416], ""type"": ""handwritten"", ""text"": ""Ко- епра́вленному! Зараз!""}, {""bbox"": [265, 1240, 2282, 1416], ""type"": ""handwritten"", ""text"": ""По-справжньому! Зараз!""}, {""bbox"": [328, 1376, 2275, 1556], ""type"": ""handwritten"", ""text"": ""Треба гладити котиків,""}, {""bbox"": [150, 1525, 2274, 1702], ""type"": ""handwritten"", ""text"": ""збільшати прибуток, ведти цу-""}, {""bbox"": [152, 1674, 1926, 1823], ""type"": ""handwritten"", ""text"": ""ценят із фронту на""}, {""bbox"": [136, 1795, 2210, 1963], ""type"": ""handwritten"", ""text"": ""Інтере́сти, робити реалізат""}, {""bbox"": [127, 1944, 2205, 2135], ""type"": ""handwritten"", ""text"": ""і приносити цвєтів тосир,""}, {""bbox"": [120, 2087, 1161, 2211], ""type"": ""handwritten"", ""text"": ""кого любимо.""}, {""bbox"": [337, 2220, 2150, 2398], ""type"": ""handwritten"", ""text"": ""Треба купувати сукні з""}, {""bbox"": [121, 2383, 2167, 2529], ""type"": ""handwritten"", ""text"": ""місткали і донатити""}, {""bbox"": [129, 2514, 2218, 2684], ""type"": ""handwritten"", ""text"": ""на військо, вимукувати""}, {""bbox"": [127, 2667, 2238, 2827], ""type"": ""handwritten"", ""text"": ""РЕБИ і генератори, а ще-""}, {""bbox"": [98, 2814, 2181, 2975], ""type"": ""handwritten"", ""text"": ""нимпорити бегорами в""}, {""bbox"": [87, 2963, 2037, 3134], ""type"": ""handwritten"", ""text"": ""місяці\"" Ботсаду, бо на""}, {""bbox"": [82, 3110, 2155, 3284], ""type"": ""handwritten"", ""text"": ""перший урок треба при-""}, {""bbox"": [56, 3265, 1424, 3407], ""type"": ""handwritten"", ""text"": ""нєєти каштанів.""}]"
2a8a7785-2a06-5b1c-92af-35397c96bdd0.jpg,"[{""bbox"": [402, 382, 3016, 588], ""type"": ""handwritten"", ""text"": ""/но_think""}, {""bbox"": [410, 573, 2706, 753], ""type"": ""handwritten"", ""text"": ""Правилами иллюстрированного с""}, {""bbox"": [305, 747, 2941, 931], ""type"": ""handwritten"", ""text"": ""один из наилучшим выживших плем""}, {""bbox"": [295, 920, 2734, 1111], ""type"": ""handwritten"", ""text"": ""для оформления здания,""}, {""bbox"": [306, 1097, 2944, 1280], ""type"": ""handwritten"", ""text"": ""обіймач нові механічні проміти""}, {""bbox"": [250, 1291, 2771, 1481], ""type"": ""handwritten"", ""text"": ""Илья́ль Пате́рнус радилабы́сь""}, {""bbox"": [252, 1462, 3111, 1652], ""type"": ""handwritten"", ""text"": ""змінити наші квіти, виконує""}, {""bbox"": [249, 1640, 3137, 1848], ""type"": ""handwritten"", ""text"": ""то навкакамине середовищі. Однак""}, {""bbox"": [231, 1829, 2815, 2033], ""type"": ""handwritten"", ""text"": ""з оценки направлень розвитку""}, {""bbox"": [290, 2019, 3184, 2220], ""type"": ""handwritten"", ""text"": ""светильного прибору, ближайшем""}, {""bbox"": [218, 2212, 2872, 2412], ""type"": ""handwritten"", ""text"": ""спокойно включить полуверный""}, {""bbox"": [194, 2399, 2660, 2624], ""type"": ""handwritten"", ""text"": ""заводил лесопромышленных,""}, {""bbox"": [182, 2608, 2616, 2812], ""type"": ""handwritten"", ""text"": ""Ми просуваємося керу підпису""}, {""bbox"": [196, 2810, 3125, 3029], ""type"": ""handwritten"", ""text"": ""взяли магнітні поля, відкрив""}, {""bbox"": [214, 3027, 3115, 3255], ""type"": ""handwritten"", ""text"": ""непримиримы с вирусами. Есморо""}, {""bbox"": [209, 3243, 3192, 3484], ""type"": ""handwritten"", ""text"": ""двічімира письки віршівля, оле""}, {""bbox"": [202, 3462, 3308, 3694], ""type"": ""handwritten"", ""text"": ""і екологічно безпечні, селітряні,""}, {""bbox"": [176, 3674, 3334, 3933], ""type"": ""handwritten"", ""text"": ""і віддайте індивідуальні вклади.""}, {""bbox"": [155, 3910, 3272, 4181], ""type"": ""handwritten"", ""text"": ""Кри піло, вони від дідечки""}, {""bbox"": [112, 4173, 3024, 4416], ""type"": ""handwritten"", ""text"": ""разбила окуляры, побы""}]"
2a9a0fa6-30af-45d8-8fde-8eccfda9af19.jpg,"[{""bbox"": [1010, 48, 1569, 168], ""type"": ""handwritten"", ""text"": ""Птреба жити""}, {""bbox"": [349, 178, 2642, 327], ""type"": ""handwritten"", ""text"": ""Мити треба цікаво: читати книжки, ходити в театр,""}, {""bbox"": [106, 333, 1293, 481], ""type"": ""handwritten"", ""text"": ""дремувати Тса Патрона.""}, {""bbox"": [318, 496, 2745, 670], ""type"": ""handwritten"", ""text"": ""Треба жити. Не в півдні, не трохи, не завтра, не після.""}, {""bbox"": [92, 635, 2656, 862], ""type"": ""handwritten"", ""text"": ""По-справжньому. Зораз. Треба впадини потів, збирати гриби,""}, {""bbox"": [102, 698, 2454, 981], ""type"": ""handwritten"", ""text"": ""со-справжньому. Зараз. Потреба людини потів, збирати у везти цуценят із фронту на Інтернеті, робити ремонти і приймати шкоду""}, {""bbox"": [102, 816, 2563, 1092], ""type"": ""handwritten"", ""text"": ""здійснити відпустку із фронту на Інтернеті, робити ремонт і приносити частка тим, кого любило. Треба купувати с""}, {""bbox"": [107, 920, 2413, 1205], ""type"": ""handwritten"", ""text"": ""і приносити цінності тим, кого любиш. Треба купувати з мілітками і донатити на військо; вимукувати РЕБи""}, {""bbox"": [92, 1021, 2411, 1284], ""type"": ""handwritten"", ""text"": ""з мілітками і донатити на військо; вилікувати РЕБи\nі генератори, а це - нимпорити вегорами в мілітках""}, {""bbox"": [103, 1070, 2714, 1343], ""type"": ""handwritten"", ""text"": ""і генератори, а ще-німпорти вегорали в міжярі ботсаду-""}, {""bbox"": [287, 1282, 2656, 1576], ""type"": ""handwritten"", ""text"": ""Перший урок треба принести компанів.\nТреба любити свій дім, навіть якщо він тимчасовий і далеко""}, {""bbox"": [283, 1379, 2647, 1661], ""type"": ""handwritten"", ""text"": ""Преба любити свій дім, навіть якщо він тимчасовий і далеко\nправжнього дому - того, що в серці. Преба здавати кров""}, {""bbox"": [95, 1469, 2652, 1719], ""type"": ""handwritten"", ""text"": ""від справжнього дому — того, що в серці. Преба здавати кров, і може\nз нею — це в тисність серці — посміття""}, {""bbox"": [72, 1516, 2619, 1818], ""type"": ""handwritten"", ""text"": ""од справжнього дому - то, що в серці. Треба здавати кров, і може з ньо-це в тісність серці - посилити любов до слів: «допіру», «пітятко» ти «княжи»""}, {""bbox"": [64, 1721, 952, 1838], ""type"": ""handwritten"", ""text"": ""«пітятко» та «князя».""}, {""bbox"": [267, 1812, 2727, 2142], ""type"": ""handwritten"", ""text"": ""Треба читувати, коли випадає погода, і казати те, що на думці""}, {""bbox"": [258, 1824, 2724, 2156], ""type"": ""handwritten"", ""text"": ""Треба цінувати, коли випадає погода, і казати те, що на душі""}, {""bbox"": [69, 1931, 2584, 2220], ""type"": ""handwritten"", ""text"": ""Немає часу на півтори. Матеріальне-круїже, життя тільки крізь панні. Справжнім виявляють тільки те, до чого не мають сві""}, {""bbox"": [54, 2015, 2598, 2277], ""type"": ""handwritten"", ""text"": ""пальці. Справжнім виявляють тільки те, за що не можна схопити руками: сподівання, сили і любов.""}, {""bbox"": [219, 2104, 2559, 2456], ""type"": ""handwritten"", ""text"": ""ди. Справжні виявляються тільки те, за що не можна схопити\nним: спогади, сніж і любов.\nЩе треба тлакати, коли можеться. За все те що ніколи б\nало з нами стати.""}, {""bbox"": [49, 2171, 1271, 2288], ""type"": ""handwritten"", ""text"": ""руками: спади, спіх і любов.""}, {""bbox"": [225, 2230, 2549, 2479], ""type"": ""handwritten"", ""text"": ""Ще треба підказати, коли можеться. За все те, що писали б\nало з нами стаття. За те, що""}, {""bbox"": [82, 2280, 2531, 2590], ""type"": ""handwritten"", ""text"": ""Ще треба такішти, коли можеться. За все те, що писали: б\nе мало з нами статися. За те, що ми не тільки знамо, аж\nмістяться «далекобійний архів» або «ба""}, {""bbox"": [34, 2413, 2661, 2734], ""type"": ""handwritten"", ""text"": ""не вийшло з нами статися. За те, що ми не тільки знаємо, аж\nрішень «далекобійний дрон» або «балістична ракета», а й роздільна\nємо їх на слух.""}, {""bbox"": [46, 2493, 2719, 2773], ""type"": ""handwritten"", ""text"": ""пиніття «далекобійний дрон» або «балістична ракета», а й роздільна- ємо їх на слух.""}, {""bbox"": [203, 2540, 2590, 2896], ""type"": ""handwritten"", ""text"": ""«дивовижний дрон» або «балістична ракета», а й розділ\nпо їх на слух.\nРосіяни хочуть щоб ми стояли схожими на них, схожими\nний уривок. А ми були""}, {""bbox"": [125, 2588, 766, 2688], ""type"": ""handwritten"", ""text"": ""Ємо їх на слух.""}, {""bbox"": [218, 2692, 2526, 2994], ""type"": ""handwritten"", ""text"": ""Усійни хочуть щоб ми стали схожими на них,скільки мій згидоті, А ми Будемо жити укаво-вступерег іспінії ради тих хто різь на зов""}, {""bbox"": [45, 2823, 2401, 3110], ""type"": ""handwritten"", ""text"": ""у вчений гризоти. А ми будемо жити укаво - відтереч історії і заради тих, хто піля нас, говоритиме нашою мовою.""}]"
2ab689ce-5a01-4285-aacf-f48a680fe422.jpg,"[{""bbox"": [2171, 1, 2681, 115], ""type"": ""annotation"", ""text"": ""27.10.2025p.""}, {""bbox"": [370, 8, 1447, 180], ""type"": ""handwritten"", ""text"": ""Радіо диктант 2025""}, {""bbox"": [617, 153, 1397, 269], ""type"": ""handwritten"", ""text"": ""\""Треба жити""}, {""bbox"": [125, 233, 2900, 395], ""type"": ""handwritten"", ""text"": ""Нема потреби чукао: читати книжке, ходити""}, {""bbox"": [51, 368, 2306, 511], ""type"": ""handwritten"", ""text"": ""в театр, буресирувать пса Катрона.""}, {""bbox"": [133, 482, 1044, 607], ""type"": ""handwritten"", ""text"": ""треба ожили!""}, {""bbox"": [46, 579, 2694, 725], ""type"": ""handwritten"", ""text"": ""Не в півсічі, не трошки, не завтра, не після.""}, {""bbox"": [55, 690, 2765, 845], ""type"": ""handwritten"", ""text"": ""До-сирав основну ! Зараз ! Перед шарийми копів,""}, {""bbox"": [43, 824, 2775, 949], ""type"": ""handwritten"", ""text"": ""збирати гриби, везти лукузенят із фронту на""}, {""bbox"": [38, 934, 2795, 1053], ""type"": ""handwritten"", ""text"": ""інтересів, робини ремонт і приносивши цясть""}, {""bbox"": [33, 1028, 2721, 1144], ""type"": ""handwritten"", ""text"": ""ними, кою вмогили. Треба кукування сукні з""}, {""bbox"": [44, 1130, 2924, 1244], ""type"": ""handwritten"", ""text"": ""лемітками і доматиним на військо, вишукуват""}, {""bbox"": [28, 1131, 2854, 1245], ""type"": ""handwritten"", ""text"": ""лемітками і доматини на військо, вишукова""}, {""bbox"": [90, 1229, 2830, 1349], ""type"": ""handwritten"", ""text"": ""РЕБИ і генератори, а це непідприємні вегетарії""}, {""bbox"": [96, 1334, 2810, 1460], ""type"": ""handwritten"", ""text"": ""у лікар'ї Ботсаду, до на перший урок трей""}, {""bbox"": [103, 1426, 2824, 1561], ""type"": ""handwritten"", ""text"": ""принести каштанів. Треба модніми в свій звім,""}, {""bbox"": [94, 1499, 2735, 1649], ""type"": ""handwritten"", ""text"": ""принести Каштанів. навіть якщо він пилигасовий і дуже вод""}, {""bbox"": [83, 1557, 2883, 1746], ""type"": ""handwritten"", ""text"": ""Навіть якщо він пишучасьний і дуже від\nсировонього дому: того, що в серці. треба здаватися\nсерді посмітись""}, {""bbox"": [76, 1602, 2834, 1836], ""type"": ""handwritten"", ""text"": ""навіть якщо він навіть не має сенсу. треба віддавати сироваткового дому: того, що в серці. треба віддавати кров і може з ньою в глибшусь серці посіситись""}, {""bbox"": [93, 1706, 2889, 1948], ""type"": ""handwritten"", ""text"": ""кров і може з нію це в сильну серці посилитись\nмовов до слів \""допіру\"", пітятко \""чи києжі\"".""}, {""bbox"": [121, 1821, 2919, 2051], ""type"": ""handwritten"", ""text"": ""мовав до слів \""дошку\"", \""п'ятко\"" та \""кішка. Треба чільуваним, коли випадає мала і казати""}, {""bbox"": [73, 2029, 1191, 2169], ""type"": ""handwritten"", ""text"": ""те, що на думці!""}, {""bbox"": [72, 2032, 1192, 2173], ""type"": ""handwritten"", ""text"": ""те, що на думці.""}, {""bbox"": [113, 2083, 2771, 2261], ""type"": ""handwritten"", ""text"": ""Немає часу на півтони. Матеріальне-крихке""}, {""bbox"": [109, 2096, 2917, 2360], ""type"": ""handwritten"", ""text"": ""не, що не півтони. Матеріальне-крихке. Немає часу на півтони. Справжніми виявляється під час півтони. Справжніми виявляється під час півтони. Справжніми виявляється під час півтони. Справжніми виявляється під час півтони. Справжніми виявляється під час півтони. Справжніми виявляється під час півтони. Справжніми виявляється під час півтони. Справжніми виявляється під час півтони. Справжніми виявляється під час півтони. Справжніми виявляється під час півтони.""}, {""bbox"": [122, 2206, 2923, 2450], ""type"": ""handwritten"", ""text"": ""Сиття микає крізь пальці. Сировосніми виєвил тільки те, за що не можна сховитись руками;""}, {""bbox"": [139, 2303, 2930, 2561], ""type"": ""handwritten"", ""text"": ""Ситтє пака, за що не можна схопитись руками; тільки те, за що не можна схопитись руками; спогади, сміх і любов.""}, {""bbox"": [149, 2440, 2940, 2639], ""type"": ""handwritten"", ""text"": ""спогади, смих і мовов. це треба пікаючи, коли можеться. За все те,""}, {""bbox"": [121, 2534, 2647, 2740], ""type"": ""handwritten"", ""text"": ""Мне треба плахотин, кілька мовчать. Якщо ніколи б не мало з нами стайним.""}, {""bbox"": [215, 2690, 2929, 2843], ""type"": ""handwritten"", ""text"": ""За те, що ми не тільки знавлио як пишеться""}, {""bbox"": [175, 2805, 2939, 2947], ""type"": ""handwritten"", ""text"": ""\""данихобійними\"" дрон \""або\"" \""балистична ракета\"";""}, {""bbox"": [170, 2913, 1950, 3044], ""type"": ""handwritten"", ""text"": ""а й розрізняємо їх на слух.""}, {""bbox"": [209, 3016, 2824, 3155], ""type"": ""handwritten"", ""text"": ""Звсієні хочуть, щоб ми стали схожими""}, {""bbox"": [188, 3135, 2594, 3246], ""type"": ""handwritten"", ""text"": ""на них, скільки у вігній гризопи. А ми""}, {""bbox"": [193, 3224, 2596, 3344], ""type"": ""handwritten"", ""text"": ""будвило осіннім цікаво, всупереч історії і""}, {""bbox"": [231, 3327, 2614, 3449], ""type"": ""handwritten"", ""text"": ""заряди пихо сто говоринные після нас""}, {""bbox"": [252, 3436, 1964, 3568], ""type"": ""handwritten"", ""text"": ""говори ниме нашою мовою.""}]"
2c0ef89b-07e4-45f8-9bdc-81360d08de8c.jpg,"[{""bbox"": [603, 178, 1968, 446], ""type"": ""handwritten"", ""text"": ""Треба мини""}, {""bbox"": [220, 449, 4326, 773], ""type"": ""handwritten"", ""text"": ""Тіліні тұрба ызғау, читалли илітіш, подили""}, {""bbox"": [88, 716, 3488, 988], ""type"": ""handwritten"", ""text"": ""у театр, дресирувани иса Томирона""}, {""bbox"": [180, 949, 4434, 1260], ""type"": ""handwritten"", ""text"": ""Треба тілін. Не в ізвесним, не шуточним, не завтра,""}, {""bbox"": [92, 1201, 4361, 1517], ""type"": ""handwritten"", ""text"": ""не шляя. По-сравнению. Зараз! Треба гладити""}, {""bbox"": [83, 1466, 4335, 1775], ""type"": ""handwritten"", ""text"": ""потів, збирати гриби, везти щуренят із бурої""}, {""bbox"": [97, 1711, 4088, 1986], ""type"": ""handwritten"", ""text"": ""на інтереси, робити ремонти, приносити""}, {""bbox"": [82, 1966, 4068, 2255], ""type"": ""handwritten"", ""text"": ""издания мин.ного мобильно. Треба изучавати""}, {""bbox"": [86, 2212, 4348, 2467], ""type"": ""handwritten"", ""text"": ""длин з несмітнами гармонованими звеними шини,""}, {""bbox"": [77, 2437, 4528, 2748], ""type"": ""handwritten"", ""text"": ""чого-небудь і докатили на військо, вештували""}, {""bbox"": [87, 2650, 4315, 2970], ""type"": ""handwritten"", ""text"": ""реби і генератори, а гіє ініціаторами вегорами""}, {""bbox"": [99, 2929, 4014, 3236], ""type"": ""handwritten"", ""text"": ""в міті серії бомбаду, бо на перший урон""}, {""bbox"": [92, 3183, 2525, 3401], ""type"": ""handwritten"", ""text"": ""треба примеси палиганів.""}, {""bbox"": [258, 3399, 3932, 3683], ""type"": ""handwritten"", ""text"": ""Треба любити свій дім, навіть синцю вм""}, {""bbox"": [61, 3673, 4229, 3954], ""type"": ""handwritten"", ""text"": ""мінімальний і дано від суспільного дому,""}, {""bbox"": [71, 3897, 4293, 4209], ""type"": ""handwritten"", ""text"": ""мого що в серії. Треба здавати пров, що не з""}, {""bbox"": [76, 4172, 4185, 4456], ""type"": ""handwritten"", ""text"": ""него где у читателей серия посещаемых шабов до""}, {""bbox"": [80, 4388, 3062, 4651], ""type"": ""handwritten"", ""text"": ""сів, до ігру, ніжемно чи німени.""}, {""bbox"": [220, 4622, 4304, 4945], ""type"": ""handwritten"", ""text"": ""Преба цінувавшия, коші випадав налода і назами""}, {""bbox"": [68, 4906, 3813, 5195], ""type"": ""handwritten"", ""text"": ""ме, що на душі. Немає чиму нічимоми.""}, {""bbox"": [54, 5167, 4141, 5433], ""type"": ""handwritten"", ""text"": ""Матеріальні прийме, титанія під час врізь""}, {""bbox"": [50, 5396, 4193, 5685], ""type"": ""handwritten"", ""text"": ""мальці. Сравними виявилося нічого не, за що""}, {""bbox"": [48, 5672, 4610, 6003], ""type"": ""handwritten"", ""text"": ""не мічна спочилився рупами: влогади, синіх і сноб""}]"
2c17848f-8fe2-4ed4-abf3-8705a4603384.jpg,"[{""bbox"": [594, 239, 2401, 382], ""type"": ""handwritten"", ""text"": ""Радіодистанція національної єдності - 2025""}, {""bbox"": [747, 374, 1577, 504], ""type"": ""handwritten"", ""text"": ""«Преба жити!»""}, {""bbox"": [305, 492, 2599, 641], ""type"": ""handwritten"", ""text"": ""Имею право усаво: геноти вчнеше, ходити""}, {""bbox"": [169, 645, 2084, 783], ""type"": ""handwritten"", ""text"": ""в театр, грезить про Патрона...""}, {""bbox"": [342, 762, 2600, 899], ""type"": ""handwritten"", ""text"": ""Треба жити! Не в пів села, не прачка,""}, {""bbox"": [153, 887, 2510, 1044], ""type"": ""handwritten"", ""text"": ""не завтра, не після. По-справді! Зараз!""}, {""bbox"": [150, 887, 2491, 1043], ""type"": ""handwritten"", ""text"": ""не завтра, не після. По-справжньому! Зараз!""}, {""bbox"": [148, 1037, 2603, 1189], ""type"": ""handwritten"", ""text"": ""Піреба зварити котів, збурати гриби, везти уу-""}, {""bbox"": [142, 1171, 2593, 1313], ""type"": ""handwritten"", ""text"": ""уенам із орочену на \""інтерсіті\"", робити реліоні""}, {""bbox"": [136, 1296, 2597, 1454], ""type"": ""handwritten"", ""text"": ""с приносити щастя тим, кого люблять. Треба""}, {""bbox"": [142, 1453, 2454, 1593], ""type"": ""handwritten"", ""text"": ""купували сукні з леїнкоми й доканати на""}, {""bbox"": [138, 1582, 2582, 1730], ""type"": ""handwritten"", ""text"": ""вітчизно, вимушували РЕБи й генератори, а""}, {""bbox"": [117, 1719, 2675, 1867], ""type"": ""handwritten"", ""text"": ""муе непоря́дки вчорашні в мін'яр'ї волсаду,""}, {""bbox"": [115, 1861, 2628, 2011], ""type"": ""handwritten"", ""text"": ""во на перший урок треба принести каватонів.""}, {""bbox"": [245, 1994, 2560, 2144], ""type"": ""handwritten"", ""text"": ""Преба любити свій діє, навіть якщо він""}, {""bbox"": [104, 2145, 2509, 2298], ""type"": ""handwritten"", ""text"": ""мимчасовий і даємо від спровокованого дому,""}, {""bbox"": [97, 2281, 2462, 2429], ""type"": ""handwritten"", ""text"": ""того, що в серці. Преба здавати кров, і може""}, {""bbox"": [104, 2422, 2594, 2575], ""type"": ""handwritten"", ""text"": ""з нею, ще в чималусь серці, поселиться любов""}, {""bbox"": [102, 2567, 2551, 2721], ""type"": ""handwritten"", ""text"": ""до слів: допіру, пімето не виявляє. Преба""}, {""bbox"": [103, 2708, 2502, 2862], ""type"": ""handwritten"", ""text"": ""уілуватися, коли випадає нолоде й созати""}, {""bbox"": [96, 2860, 2564, 3011], ""type"": ""handwritten"", ""text"": ""ме, що на думці. Немає часу на півтони.""}, {""bbox"": [100, 2996, 2646, 3153], ""type"": ""handwritten"", ""text"": ""Матеріальне - вримке зміння місця крізь польу:""}, {""bbox"": [101, 3144, 2691, 3292], ""type"": ""handwritten"", ""text"": ""Сравніння виявилося мільяе те, де що не можна""}, {""bbox"": [126, 3294, 2417, 3455], ""type"": ""handwritten"", ""text"": ""сюлитись руками: спогади, сміх і любов.""}]"
2c4689f3-1195-4adc-bf62-8ec3a1b7b339.jpg,"[{""bbox"": [752, 26, 1390, 196], ""type"": ""handwritten"", ""text"": ""Диктант""}, {""bbox"": [634, 220, 1479, 423], ""type"": ""handwritten"", ""text"": ""Преба житие""}, {""bbox"": [317, 417, 1916, 597], ""type"": ""handwritten"", ""text"": ""Игити треба цікаво, читати""}, {""bbox"": [152, 446, 1698, 690], ""type"": ""handwritten"", ""text"": ""Жити треба цікаво, читати книги, ходити в театр,""}, {""bbox"": [115, 540, 1671, 701], ""type"": ""handwritten"", ""text"": ""княжеские, ходити в театр,""}, {""bbox"": [107, 565, 1651, 782], ""type"": ""handwritten"", ""text"": ""английские, ходити в театр, дресувати пса Катропка.""}, {""bbox"": [132, 657, 1709, 871], ""type"": ""handwritten"", ""text"": ""зрісувати Інса Катропка. Інса жити. Же в півсіч""}, {""bbox"": [169, 760, 1864, 962], ""type"": ""handwritten"", ""text"": ""Життя життя. Же в півсічні ітроліми, не завтра, не під""}, {""bbox"": [233, 852, 1735, 1065], ""type"": ""handwritten"", ""text"": ""пройшли, не завтра, не піс\nто-справжньому. Зараз""}, {""bbox"": [229, 923, 1680, 1083], ""type"": ""handwritten"", ""text"": ""По-справжньому. Зараз""}, {""bbox"": [208, 943, 1643, 1163], ""type"": ""handwritten"", ""text"": ""Чо-справтисьбалику. Зараз\nПроба чмадити котів!""}, {""bbox"": [221, 944, 1625, 1163], ""type"": ""handwritten"", ""text"": ""по-справжньому. Зара\nПроба чиадити котів!""}, {""bbox"": [209, 1030, 1620, 1169], ""type"": ""handwritten"", ""text"": ""Преб члажити котів!""}, {""bbox"": [120, 1103, 1498, 1254], ""type"": ""handwritten"", ""text"": ""збирати флейби, везти""}, {""bbox"": [90, 1138, 1668, 1350], ""type"": ""handwritten"", ""text"": ""збірати філе, везти\nвирізняють із орігіналу на""}, {""bbox"": [82, 1220, 1681, 1363], ""type"": ""handwritten"", ""text"": ""вывденият из орловти на""}, {""bbox"": [87, 1249, 1821, 1457], ""type"": ""handwritten"", ""text"": ""відбувається із орієнту на інтереси, пробити неможет""}, {""bbox"": [83, 1336, 1814, 1519], ""type"": ""handwritten"", ""text"": ""Інтерсіті, Пробити ремоет""}, {""bbox"": [51, 1426, 1784, 1571], ""type"": ""handwritten"", ""text"": ""і примножити цястя тим,""}, {""bbox"": [43, 1444, 1784, 1682], ""type"": ""handwritten"", ""text"": ""і приносити щастя тим, кого любимо. Треба купуват""}, {""bbox"": [50, 1544, 1847, 1682], ""type"": ""handwritten"", ""text"": ""кого любили. Треба купувати""}, {""bbox"": [52, 1581, 1794, 1765], ""type"": ""handwritten"", ""text"": ""яко вважаємо. Треба купувати сухі з листками і до-""}, {""bbox"": [62, 1653, 1784, 1796], ""type"": ""handwritten"", ""text"": ""секції з лесітками дідо-""}, {""bbox"": [24, 1746, 1836, 1879], ""type"": ""handwritten"", ""text"": ""катиби на військо, виліку""}, {""bbox"": [14, 1851, 1787, 1987], ""type"": ""handwritten"", ""text"": ""бати + РЕБи і генератори,""}, {""bbox"": [28, 1956, 1761, 2089], ""type"": ""handwritten"", ""text"": ""иус жемепорити вехорадим""}, {""bbox"": [35, 2057, 1759, 2185], ""type"": ""handwritten"", ""text"": ""в лип'яр'ї ботсаду, бо на""}, {""bbox"": [27, 2170, 1849, 2296], ""type"": ""handwritten"", ""text"": ""перший (урок треба принести""}, {""bbox"": [22, 2274, 703, 2389], ""type"": ""handwritten"", ""text"": ""хвєєтанив.""}]"
2c52754e-ce26-415c-8878-de4bca776ed7.jpg,"[{""bbox"": [381, 91, 765, 163], ""type"": ""handwritten"", ""text"": ""Пусть жить!""}, {""bbox"": [239, 191, 943, 253], ""type"": ""handwritten"", ""text"": ""Жити треба цілковітно: міцно,""}, {""bbox"": [138, 259, 847, 328], ""type"": ""handwritten"", ""text"": ""книгами, ходити в театр,""}, {""bbox"": [132, 326, 858, 393], ""type"": ""handwritten"", ""text"": ""десертирати та Патрона.""}, {""bbox"": [243, 391, 915, 450], ""type"": ""handwritten"", ""text"": ""Літей тільки! Не в півсипи,""}, {""bbox"": [149, 456, 927, 522], ""type"": ""handwritten"", ""text"": ""не трони, не завтра, не мила""}, {""bbox"": [153, 519, 930, 593], ""type"": ""handwritten"", ""text"": ""По-справтивому! Зараз! Треба""}, {""bbox"": [164, 591, 939, 656], ""type"": ""handwritten"", ""text"": ""младити котів, збирати ци-""}, {""bbox"": [165, 653, 924, 725], ""type"": ""handwritten"", ""text"": ""би, відти зрушення із фронту""}, {""bbox"": [169, 721, 959, 790], ""type"": ""handwritten"", ""text"": ""на \""Интернет\"", родити ралоніз""}, {""bbox"": [173, 792, 861, 864], ""type"": ""handwritten"", ""text"": ""і приносити частки тим,""}, {""bbox"": [165, 861, 879, 929], ""type"": ""handwritten"", ""text"": ""как мобилио. Треба купувати""}, {""bbox"": [169, 934, 966, 1014], ""type"": ""handwritten"", ""text"": ""суми з ланцюгами і приводом""}, {""bbox"": [170, 1011, 836, 1080], ""type"": ""handwritten"", ""text"": ""врачами мира, которые подобно""}, {""bbox"": [165, 1072, 959, 1158], ""type"": ""handwritten"", ""text"": ""донатити на військо, війну""}, {""bbox"": [172, 1146, 912, 1220], ""type"": ""handwritten"", ""text"": ""вати РЕБИ і генератори, а""}, {""bbox"": [162, 1215, 963, 1302], ""type"": ""handwritten"", ""text"": ""ще — нимпоро́йти вгорами""}, {""bbox"": [155, 1291, 952, 1373], ""type"": ""handwritten"", ""text"": ""в дитячі лікарні ботсаду,""}, {""bbox"": [481, 1366, 670, 1449], ""type"": ""annotation"", ""text"": ""LoopMe™""}]"
2c52e21f-f145-4e1e-ae0e-f44e3769a8d0.jpg,"[{""bbox"": [637, 33, 1670, 179], ""type"": ""handwritten"", ""text"": ""Преба желим!""}, {""bbox"": [435, 171, 2369, 351], ""type"": ""handwritten"", ""text"": ""Жити треба цікаво - читати""}, {""bbox"": [288, 305, 2391, 491], ""type"": ""handwritten"", ""text"": ""юме́жски, ходити в театр, дресиру-""}, {""bbox"": [274, 414, 1467, 560], ""type"": ""handwritten"", ""text"": ""вать иса Гатрона.""}, {""bbox"": [416, 524, 1347, 664], ""type"": ""handwritten"", ""text"": ""Треба оценти!""}, {""bbox"": [275, 596, 2425, 800], ""type"": ""handwritten"", ""text"": ""Не в пів сіми, не троєчки, не завтра,""}, {""bbox"": [254, 661, 2241, 914], ""type"": ""handwritten"", ""text"": ""Не в пів сили, не троянки, не заві не пісня. По-справжньому! Зараз!""}, {""bbox"": [236, 760, 2252, 1008], ""type"": ""handwritten"", ""text"": ""не пісня. По-справжньому! Зараз! Треба чистити котів, збирати ч""}, {""bbox"": [232, 822, 2454, 1032], ""type"": ""handwritten"", ""text"": ""Преба чадити котів, збирати гриби""}, {""bbox"": [234, 958, 2199, 1131], ""type"": ""handwritten"", ""text"": ""вести із фронту на""}, {""bbox"": [235, 1059, 2395, 1238], ""type"": ""handwritten"", ""text"": ""\""житті\"", робити революції і при-""}, {""bbox"": [240, 1146, 2418, 1352], ""type"": ""handwritten"", ""text"": "", робити ремонт і приносити частин тінь, кого люблю.""}, {""bbox"": [230, 1218, 2404, 1463], ""type"": ""handwritten"", ""text"": ""посіти цієї тілі, кого любиш. Треба купувати сукні з неїтками""}, {""bbox"": [225, 1309, 2405, 1471], ""type"": ""handwritten"", ""text"": ""Преба купувати сукні з пейтками""}, {""bbox"": [218, 1416, 2444, 1589], ""type"": ""handwritten"", ""text"": ""і донатити на військо, венчкувати""}, {""bbox"": [227, 1528, 2471, 1706], ""type"": ""handwritten"", ""text"": ""Рейки і генератори, а це: німпорети""}, {""bbox"": [224, 1635, 2423, 1818], ""type"": ""handwritten"", ""text"": ""вчорашнє в сім'ї в Ботсаду, бо""}, {""bbox"": [225, 1795, 2382, 1941], ""type"": ""handwritten"", ""text"": ""на первый урок треба принести""}, {""bbox"": [228, 1912, 922, 2028], ""type"": ""handwritten"", ""text"": ""кампаніїв.""}, {""bbox"": [371, 2023, 2476, 2174], ""type"": ""handwritten"", ""text"": ""Треба любити свій дім, навіть""}, {""bbox"": [175, 2160, 2372, 2296], ""type"": ""handwritten"", ""text"": ""акицю він тимчасовий і дійсно""}, {""bbox"": [174, 2271, 2447, 2424], ""type"": ""handwritten"", ""text"": ""від справжнього дому- того, що в""}, {""bbox"": [165, 2397, 2476, 2551], ""type"": ""handwritten"", ""text"": ""серісі. Потрібно здавати кров, і є щось""}, {""bbox"": [146, 2536, 2538, 2683], ""type"": ""handwritten"", ""text"": ""з нього лізе в чималусь серії посміятися""}, {""bbox"": [151, 2658, 2521, 2828], ""type"": ""handwritten"", ""text"": ""елобов до слів-дб: \""Піру\"", \""Пітметко\""""}, {""bbox"": [137, 2785, 881, 2914], ""type"": ""handwritten"", ""text"": ""чи, \""Киевже\"".""}, {""bbox"": [313, 2913, 2539, 3084], ""type"": ""handwritten"", ""text"": ""Преба цілуватися, коли випадає""}, {""bbox"": [118, 3050, 2525, 3214], ""type"": ""handwritten"", ""text"": ""находа, і сказати те, що на думці""}, {""bbox"": [86, 3193, 2602, 3367], ""type"": ""handwritten"", ""text"": ""Немає часу напівтони. Матеріальні""}, {""bbox"": [76, 3354, 2564, 3544], ""type"": ""handwritten"", ""text"": ""крихке півтня тірає крізь пальці.""}]"
2cd6b7b0-e0b1-4459-b39f-1dda4134fb57.jpg,"[{""bbox"": [1144, 102, 2396, 352], ""type"": ""handwritten"", ""text"": ""До. Укр. інсп. Івашкадорновська 70""}, {""bbox"": [218, 176, 446, 246], ""type"": ""printed"", ""text"": ""С о д 3""}, {""bbox"": [187, 287, 541, 352], ""type"": ""printed"", ""text"": ""УКРАЇНСЬКИХ""}, {""bbox"": [126, 388, 688, 459], ""type"": ""printed"", ""text"": ""ОРГАНИЗАЦИЙ в ЧСР.""}, {""bbox"": [132, 467, 714, 601], ""type"": ""annotation"", ""text"": ""137x1......I926 p.""}, {""bbox"": [1119, 652, 2407, 713], ""type"": ""printed"", ""text"": ""Ласкаво прошу прислати свого представника.""}, {""bbox"": [877, 754, 2430, 824], ""type"": ""printed"", ""text"": ""на негайні збори Президії Союзу Українських Орга -""}, {""bbox"": [879, 866, 2381, 930], ""type"": ""printed"", ""text"": ""нізацій в ЧСР.для обміркування справи з заміткою""}, {""bbox"": [875, 967, 1403, 1041], ""type"": ""printed"", ""text"": ""в ч. 52 \""Тризуба\"".""}, {""bbox"": [1068, 1074, 2346, 1142], ""type"": ""printed"", ""text"": ""Збори відбудуться у вівторок 16 листопаду""}, {""bbox"": [878, 1184, 2410, 1249], ""type"": ""printed"", ""text"": ""в 2 годині в помешканню Інституту Громадознавства""}, {""bbox"": [880, 1299, 1227, 1354], ""type"": ""printed"", ""text"": ""Шежікова 4.""}]"
2d6d084a-84db-5133-832d-cee551c9cd94.jpg,"[{""bbox"": [205, 316, 3351, 693], ""type"": ""handwritten"", ""text"": ""почи, вон підписувався він підписом""}, {""bbox"": [213, 346, 3299, 861], ""type"": ""handwritten"", ""text"": ""помі, він підгідливий він підгідний кале поворосіло і переувовноч""}, {""bbox"": [198, 584, 3214, 857], ""type"": ""handwritten"", ""text"": ""поли, ви туди\nколи підкоряєте і переулювості,""}, {""bbox"": [180, 810, 2663, 1050], ""type"": ""handwritten"", ""text"": ""малои без олиру. Плюс""}, {""bbox"": [187, 1023, 2553, 1226], ""type"": ""handwritten"", ""text"": ""вид прямоугольника, как построить его""}, {""bbox"": [169, 1207, 2586, 1414], ""type"": ""handwritten"", ""text"": ""малыми надули, могли""}, {""bbox"": [165, 1393, 3255, 1575], ""type"": ""handwritten"", ""text"": ""даними сьвідчать до відповідної""}, {""bbox"": [133, 1567, 3269, 1789], ""type"": ""handwritten"", ""text"": ""щоралийого наслугувалося""}, {""bbox"": [112, 1779, 2918, 1974], ""type"": ""handwritten"", ""text"": ""королевские декоративные козы""}, {""bbox"": [77, 1949, 2786, 2190], ""type"": ""handwritten"", ""text"": ""великі відмінки. Шановні вони""}, {""bbox"": [49, 2161, 2734, 2397], ""type"": ""handwritten"", ""text"": ""заседании рабочей группы""}, {""bbox"": [41, 2359, 2841, 2592], ""type"": ""handwritten"", ""text"": ""мельницы - синие волшебники""}, {""bbox"": [41, 2582, 3077, 2820], ""type"": ""handwritten"", ""text"": ""пуревев думих камуев ссвягусь""}, {""bbox"": [0, 2795, 3147, 3043], ""type"": ""handwritten"", ""text"": ""принципами на неизвестное""}, {""bbox"": [0, 3000, 3029, 3277], ""type"": ""handwritten"", ""text"": ""високих швидкоплинних зоводень""}, {""bbox"": [2, 3230, 2467, 3551], ""type"": ""handwritten"", ""text"": ""зменшали одну повітря.""}]"
2d7ee75e-a401-46bc-b4e8-c536c7ecfd9b.jpg,"[{""bbox"": [221, 7, 1471, 104], ""type"": ""handwritten"", ""text"": ""Двадцять свійс нсовтня""}, {""bbox"": [527, 94, 1038, 164], ""type"": ""handwritten"", ""text"": ""Диктоант""}, {""bbox"": [339, 152, 1130, 256], ""type"": ""handwritten"", ""text"": ""Преба нсити!""}, {""bbox"": [231, 243, 2124, 341], ""type"": ""handwritten"", ""text"": ""Жити треба цікаво: читати книжки,""}, {""bbox"": [149, 315, 2196, 416], ""type"": ""handwritten"", ""text"": ""ходите в театр, дресирувати поа Патрона,""}, {""bbox"": [189, 376, 2183, 490], ""type"": ""handwritten"", ""text"": ""Преба піти! Не впівсими, не трошки.""}, {""bbox"": [128, 437, 2204, 566], ""type"": ""handwritten"", ""text"": ""первой жить! Не впівсими, не трошки, не завтра, не після. По-справжньому! За-""}, {""bbox"": [119, 531, 2192, 641], ""type"": ""handwritten"", ""text"": ""раз! Потрібно швидити котів, збирати гри-""}, {""bbox"": [122, 616, 2219, 720], ""type"": ""handwritten"", ""text"": ""бес, везти щуценият из фронту на Интери-""}, {""bbox"": [121, 698, 2185, 794], ""type"": ""handwritten"", ""text"": ""ті, робити ремонт і приносити щастя""}, {""bbox"": [119, 779, 2205, 874], ""type"": ""handwritten"", ""text"": ""тим, кого любили. Піреба купувати сук""}, {""bbox"": [117, 861, 2211, 954], ""type"": ""handwritten"", ""text"": ""ні з лейтками і донатити на військо,""}, {""bbox"": [110, 940, 2206, 1024], ""type"": ""handwritten"", ""text"": ""вимірювати РЕБи й генератори, а ще ни-""}, {""bbox"": [104, 1010, 2182, 1094], ""type"": ""handwritten"", ""text"": ""испорити вегорами в мінській ботсаду, бо""}, {""bbox"": [103, 1080, 2181, 1159], ""type"": ""handwritten"", ""text"": ""на перший урок треба принести каштанів.""}, {""bbox"": [108, 1218, 2206, 1297], ""type"": ""handwritten"", ""text"": ""тимчасовий і далеко від справжнього дому.""}, {""bbox"": [103, 1279, 2212, 1379], ""type"": ""handwritten"", ""text"": ""того, що в серці. Треба здавати кров, і,""}, {""bbox"": [101, 1360, 2227, 1461], ""type"": ""handwritten"", ""text"": ""може, з нею ще в чималісь серці поселить""}, {""bbox"": [103, 1433, 2156, 1534], ""type"": ""handwritten"", ""text"": ""ся мовов до слів \""допіру\"", \""пітятко\"" чи""}, {""bbox"": [96, 1537, 521, 1615], ""type"": ""handwritten"", ""text"": ""\""князии\"".""}, {""bbox"": [109, 1571, 2210, 1687], ""type"": ""handwritten"", ""text"": ""Преба цілуватися, коли випадає нагода,""}, {""bbox"": [99, 1662, 2176, 1763], ""type"": ""handwritten"", ""text"": ""і казати те, що на думці. Немає часу""}, {""bbox"": [93, 1735, 2231, 1837], ""type"": ""handwritten"", ""text"": ""на півтони. Матеріально не й крихке, навіть""}, {""bbox"": [93, 1805, 2232, 1911], ""type"": ""handwritten"", ""text"": ""тікає крізь пальці. Справжнім виявило""}, {""bbox"": [90, 1885, 2235, 1989], ""type"": ""handwritten"", ""text"": ""ся тільки те, за що не можна схопити-""}, {""bbox"": [83, 1954, 2031, 2065], ""type"": ""handwritten"", ""text"": ""ся руками: спогади, сміх і любов.""}, {""bbox"": [88, 1955, 2006, 2063], ""type"": ""handwritten"", ""text"": ""ся руками: спогади, сміх і любов.""}, {""bbox"": [144, 2041, 2239, 2144], ""type"": ""handwritten"", ""text"": ""цце треба плакати, коли монкеться. За""}, {""bbox"": [90, 2123, 2115, 2219], ""type"": ""handwritten"", ""text"": ""все те, що нікому б' не мало з нами""}, {""bbox"": [84, 2197, 2236, 2295], ""type"": ""handwritten"", ""text"": ""статися. За те, що ми не тільки знавмо,""}, {""bbox"": [77, 2274, 2225, 2374], ""type"": ""handwritten"", ""text"": ""як пишеться далекобійний дрон або ба""}, {""bbox"": [75, 2357, 2228, 2451], ""type"": ""handwritten"", ""text"": ""листична ракета, а й розрізняємо їх на""}, {""bbox"": [77, 2439, 373, 2525], ""type"": ""handwritten"", ""text"": ""слух.""}, {""bbox"": [164, 2504, 2165, 2611], ""type"": ""handwritten"", ""text"": ""Росіяни хочуть, щоб ми стали схо-""}, {""bbox"": [64, 2599, 2196, 2700], ""type"": ""handwritten"", ""text"": ""мішке на них, сніли у вічній гри-""}, {""bbox"": [59, 2684, 2202, 2789], ""type"": ""handwritten"", ""text"": ""зоті. А ми будемо жити цікаво,""}, {""bbox"": [80, 2774, 2240, 2885], ""type"": ""handwritten"", ""text"": ""всупереч історії і заради тих, хто""}, {""bbox"": [82, 2863, 2265, 2973], ""type"": ""handwritten"", ""text"": ""після нас говорите ми нашою мо-""}, {""bbox"": [96, 2962, 375, 3063], ""type"": ""handwritten"", ""text"": ""воро.""}]"
2e216d29-29f6-49de-837c-42d4400e5389.jpg,"[{""bbox"": [498, 493, 4311, 806], ""type"": ""handwritten"", ""text"": ""Справжнім виявилося тільки те,""}, {""bbox"": [512, 795, 4751, 1066], ""type"": ""handwritten"", ""text"": ""За что не можем сгонимись руками:""}, {""bbox"": [590, 1034, 4369, 1305], ""type"": ""handwritten"", ""text"": ""Смогади, сміх і любов. Ще публіка""}, {""bbox"": [541, 1272, 4716, 1538], ""type"": ""handwritten"", ""text"": ""показание, кото можешься. За все те,""}, {""bbox"": [493, 1518, 4720, 1775], ""type"": ""handwritten"", ""text"": ""що ніколи б не мало з нами спати-""}, {""bbox"": [490, 1741, 4631, 2015], ""type"": ""handwritten"", ""text"": ""Са. За те, що лиш не пильки знаємо,""}, {""bbox"": [485, 1979, 4480, 2239], ""type"": ""handwritten"", ""text"": ""як пишеться \""домекобійний діюк\"" або""}, {""bbox"": [458, 2215, 4663, 2487], ""type"": ""handwritten"", ""text"": ""«Балістична ракета», а й розрізняємо""}, {""bbox"": [543, 2439, 1912, 2674], ""type"": ""handwritten"", ""text"": ""іа на сиус.""}, {""bbox"": [1011, 2644, 4498, 2946], ""type"": ""handwritten"", ""text"": ""Росіяни хочуть, щоб им стояли""}, {""bbox"": [477, 2922, 4467, 3181], ""type"": ""handwritten"", ""text"": ""схованими на них, скилим у вічній""}, {""bbox"": [460, 3146, 4658, 3439], ""type"": ""handwritten"", ""text"": ""умізомі. А ми будемо всімни уіково,""}, {""bbox"": [464, 3356, 4578, 3673], ""type"": ""handwritten"", ""text"": ""всупереч історії і зброями німе, хто""}, {""bbox"": [471, 3624, 4705, 3931], ""type"": ""handwritten"", ""text"": ""місля нас говоритиме нашою мовою.""}]"
2e3b30e8-c613-5716-8403-e41cee116ca4.jpg,"[{""bbox"": [9, 178, 1152, 1089], ""type"": ""graph"", ""text"": """"}, {""bbox"": [905, 1445, 1995, 1620], ""type"": ""handwritten"", ""text"": ""Романня роботи""}, {""bbox"": [0, 1486, 183, 1612], ""type"": ""handwritten"", ""text"": ""2.01""}, {""bbox"": [1169, 1587, 1485, 1763], ""type"": ""handwritten"", ""text"": ""N8.3""}, {""bbox"": [178, 1797, 2114, 1996], ""type"": ""handwritten"", ""text"": ""1) AB ⊥ m, адже ABC - лінійний кут""}, {""bbox"": [203, 2097, 2760, 2260], ""type"": ""handwritten"", ""text"": ""2) m⊥(ABC), α∈m, m⊥AB, m⊥BC, AB∩BC=B,""}, {""bbox"": [171, 2300, 539, 2429], ""type"": ""handwritten"", ""text"": ""β∈m""}, {""bbox"": [950, 2428, 1307, 2582], ""type"": ""handwritten"", ""text"": ""N8.7""}, {""bbox"": [157, 2657, 2780, 2869], ""type"": ""handwritten"", ""text"": ""1) BC ⊥ (ABC), бо BC ⊥ AB (як прямокутник) T-01""}, {""bbox"": [168, 2860, 1870, 3031], ""type"": ""handwritten"", ""text"": ""BC⊥BK (угол при основании квадрата)""}, {""bbox"": [152, 3060, 2812, 3231], ""type"": ""handwritten"", ""text"": ""21 LK || (ABC), острое LK & (ABC) i LC || AB, AB (ABC)""}]"
2efee78e-0580-4604-b0b1-fa084de91814.jpg,"[{""bbox"": [46, 4, 1169, 107], ""type"": ""handwritten"", ""text"": ""Радіодиктант національної єдності 2025""}, {""bbox"": [660, 122, 1099, 213], ""type"": ""handwritten"", ""text"": ""Треба жити!""}, {""bbox"": [219, 196, 1610, 297], ""type"": ""handwritten"", ""text"": ""Преба жити із'яково: читати княжени, ходите в""}, {""bbox"": [130, 287, 1064, 367], ""type"": ""handwritten"", ""text"": ""театр, дресирувати пеа Патрона.""}, {""bbox"": [209, 346, 1612, 429], ""type"": ""handwritten"", ""text"": ""Піреба нити! Не зпівсеки, не трошини, не завтра,""}, {""bbox"": [137, 419, 1543, 495], ""type"": ""handwritten"", ""text"": ""не після. По-справжньому! Зараз! Треба швидше""}, {""bbox"": [135, 482, 1577, 558], ""type"": ""handwritten"", ""text"": ""котів, збирати гриби, везти цукерки із фронту ног""}, {""bbox"": [139, 546, 1596, 618], ""type"": ""handwritten"", ""text"": ""інтересі, робити ремонт і приносити вдачі тільки""}, {""bbox"": [140, 551, 1602, 623], ""type"": ""handwritten"", ""text"": ""інтересі, робити ремонт і приносити вигоди тим,""}, {""bbox"": [145, 613, 1530, 679], ""type"": ""handwritten"", ""text"": ""кого любило. Треба пупувати сунні з пелітроямие:""}, {""bbox"": [148, 671, 1627, 745], ""type"": ""handwritten"", ""text"": ""донатити на військо, вишукувати РЕБи і генератори,""}, {""bbox"": [156, 736, 1611, 807], ""type"": ""handwritten"", ""text"": ""а це-непорити векторами в лінійрі ботсаду, бо""}, {""bbox"": [166, 797, 1429, 867], ""type"": ""handwritten"", ""text"": ""на перший урок треба принести кахетомів.""}, {""bbox"": [159, 797, 1428, 867], ""type"": ""handwritten"", ""text"": ""на перший урок треба принести кахетомів.""}, {""bbox"": [219, 858, 1641, 932], ""type"": ""handwritten"", ""text"": ""Треба любити свій дім, навіть якщо він тимчасовий""}, {""bbox"": [154, 920, 1612, 1004], ""type"": ""handwritten"", ""text"": ""і далеко від справжнього дому - того, що в серці. Треба""}, {""bbox"": [154, 992, 1506, 1071], ""type"": ""handwritten"", ""text"": ""здавати пров, і, може з нею ще у числу сорігі""}, {""bbox"": [154, 1060, 1556, 1136], ""type"": ""handwritten"", ""text"": ""посмітять любов до сив \""допіру\"", \""пітятко\"" че""}, {""bbox"": [148, 1120, 1571, 1195], ""type"": ""handwritten"", ""text"": ""киях\"". Треба чілуватися, коли випадає нагода, і""}, {""bbox"": [154, 1180, 1601, 1260], ""type"": ""handwritten"", ""text"": ""назати те, що на думки. Намає часу на півтоне.""}, {""bbox"": [149, 1231, 1522, 1323], ""type"": ""handwritten"", ""text"": ""Матеріальні - крихке, життя - тікає крізь пальці.""}, {""bbox"": [143, 1290, 1486, 1377], ""type"": ""handwritten"", ""text"": ""Справними виявилися тільки те, за що не мотивна""}, {""bbox"": [152, 1364, 1226, 1435], ""type"": ""handwritten"", ""text"": ""скопитиється руками: спогади, сміх і любов.""}, {""bbox"": [254, 1425, 1567, 1496], ""type"": ""handwritten"", ""text"": ""Исе треба пікнати, коли можеться. За все те,""}, {""bbox"": [254, 1428, 1568, 1502], ""type"": ""handwritten"", ""text"": ""Исе треба пілакати, коли мотеться, За все те,""}, {""bbox"": [161, 1491, 1598, 1559], ""type"": ""handwritten"", ""text"": ""що ніколи б не мало з нами стоятися. За те, що""}, {""bbox"": [161, 1553, 1566, 1614], ""type"": ""handwritten"", ""text"": ""ли не тільки знають як пишеться \""далекобійний\""""}, {""bbox"": [160, 1608, 1587, 1680], ""type"": ""handwritten"", ""text"": ""дрон\"" або \""байістична ракета\"", а й розрізняючи їх на""}, {""bbox"": [165, 1672, 280, 1735], ""type"": ""handwritten"", ""text"": ""след.""}, {""bbox"": [211, 1721, 1599, 1786], ""type"": ""handwritten"", ""text"": ""Росіяни хотять, щоб ми стали схожими на них—""}, {""bbox"": [210, 1724, 1596, 1792], ""type"": ""handwritten"", ""text"": ""Всіляки, хочуть, щоб ми стали схожими на них—""}, {""bbox"": [159, 1783, 1591, 1860], ""type"": ""handwritten"", ""text"": ""сквіли у вічній грезоті. А ми будемо піти цікаво-""}, {""bbox"": [159, 1851, 1468, 1924], ""type"": ""handwritten"", ""text"": ""всупереч інтересам; згороди тих, хто після нас""}, {""bbox"": [166, 1914, 927, 2002], ""type"": ""handwritten"", ""text"": ""говоритие нашою мовою.""}, {""bbox"": [163, 1914, 924, 2002], ""type"": ""handwritten"", ""text"": ""говорите на нашей мове.""}]"
305f4f1b-8ba5-4a9b-9450-0e1a5042eadc.jpg,"[{""bbox"": [121, 192, 229, 230], ""type"": ""handwritten"", ""text"": ""Вискасик""}, {""bbox"": [42, 382, 555, 430], ""type"": ""handwritten"", ""text"": ""«Таррі\nшлас\nсталинськими\nпамеровими\nнаклад""}, {""bbox"": [45, 415, 532, 463], ""type"": ""handwritten"", ""text"": ""милась Ставицкой\nмне, где пита́лия вратило свою гостроту.""}, {""bbox"": [34, 456, 557, 496], ""type"": ""handwritten"", ""text"": ""Сьогодні більшість зрозуміло, що електрон""}, {""bbox"": [26, 483, 556, 529], ""type"": ""handwritten"", ""text"": ""ні носій, принаймні поки́нуто, не створюють""}, {""bbox"": [35, 518, 558, 554], ""type"": ""handwritten"", ""text"": ""кардинальной загрозы паперовские кислоскалы.""}, {""bbox"": [25, 548, 563, 591], ""type"": ""handwritten"", ""text"": ""Троту з'явилася вона не випадково. Тадаю-""}, {""bbox"": [35, 584, 560, 622], ""type"": ""handwritten"", ""text"": ""це Бог так веде нас до великих лаврівок.""}, {""bbox"": [37, 618, 529, 655], ""type"": ""handwritten"", ""text"": ""іде він підсумовує малі гадністі, проблеми—""}, {""bbox"": [38, 651, 518, 685], ""type"": ""handwritten"", ""text"": ""змогли б калісь забрати з собою на імееє""}, {""bbox"": [36, 680, 559, 712], ""type"": ""handwritten"", ""text"": ""пам'ятає свої звичайні князівські ледзярки, дро-""}, {""bbox"": [33, 708, 551, 741], ""type"": ""handwritten"", ""text"": ""твоєрарії, картими, бо як інакше вдалося б""}, {""bbox"": [65, 762, 544, 798], ""type"": ""handwritten"", ""text"": ""Оточке, докес Сьон Маск ще тільки на""}, {""bbox"": [30, 789, 549, 827], ""type"": ""handwritten"", ""text"": ""південної до інших світів — палмеров князьова в""}, {""bbox"": [31, 819, 548, 858], ""type"": ""handwritten"", ""text"": ""безнею. Однак деякі науковці стверджують,""}, {""bbox"": [29, 854, 554, 891], ""type"": ""handwritten"", ""text"": ""кто каки люди маркетинг знаете загаты""}, {""bbox"": [30, 885, 568, 926], ""type"": ""handwritten"", ""text"": ""ії народити в космічних приємках нове життя,""}, {""bbox"": [28, 923, 567, 967], ""type"": ""handwritten"", ""text"": ""то твое людское дитя будет схожее радисе на""}]"
306a30ef-da46-49d0-b8b3-8ffb24871d90.jpg,"[{""bbox"": [25, 22, 333, 125], ""type"": ""handwritten"", ""text"": ""Завдання 2.""}, {""bbox"": [20, 108, 1612, 220], ""type"": ""handwritten"", ""text"": ""Назвіть та охарактеризуйте основні методики релігійного розвитку""}, {""bbox"": [12, 200, 602, 275], ""type"": ""handwritten"", ""text"": ""внадёжного интеллекту.""}, {""bbox"": [14, 262, 1610, 370], ""type"": ""handwritten"", ""text"": ""Емоційний інтелект (EQ) - здатність розпізнавати, розуміти й""}, {""bbox"": [17, 355, 1552, 446], ""type"": ""handwritten"", ""text"": ""управлять власними емоціями та емоціями інших людей.""}, {""bbox"": [18, 438, 1456, 529], ""type"": ""handwritten"", ""text"": ""Основними методиками розвитку EQ є: рефлексія;""}, {""bbox"": [24, 518, 1614, 605], ""type"": ""handwritten"", ""text"": ""розвиток емпатії; управління емоціями; соціальні навички;""}, {""bbox"": [28, 592, 1616, 683], ""type"": ""handwritten"", ""text"": ""самомотивация; практика разбору конкретных ситуаций.""}, {""bbox"": [16, 687, 1588, 788], ""type"": ""handwritten"", ""text"": ""Её волшебной силу, что позитивно влияет на особене""}, {""bbox"": [17, 780, 1622, 869], ""type"": ""handwritten"", ""text"": ""продесійне асисття; такого на подурку ефективних""}, {""bbox"": [8, 854, 1505, 958], ""type"": ""handwritten"", ""text"": ""стосуєтків, прийняття рішень та управління стресом.""}, {""bbox"": [25, 976, 300, 1069], ""type"": ""handwritten"", ""text"": ""Завдання 3.""}, {""bbox"": [16, 1049, 1554, 1146], ""type"": ""handwritten"", ""text"": ""а) Дерфреймінг - це психологічний прийом, який передбачає""}, {""bbox"": [22, 1136, 1590, 1219], ""type"": ""handwritten"", ""text"": ""зміну сприйняття та перевіснення ситуації, порівняно""}, {""bbox"": [19, 1205, 1556, 1298], ""type"": ""handwritten"", ""text"": ""проблем з метою зміни емоційної реакції та поведінки.""}, {""bbox"": [21, 1288, 1558, 1372], ""type"": ""handwritten"", ""text"": ""Водночас дозволяє поглянути ситуацію з іншого кута,""}, {""bbox"": [20, 1362, 1281, 1453], ""type"": ""handwritten"", ""text"": ""чтоб снизить стрес и узнать новый сенс.""}, {""bbox"": [24, 1447, 1642, 1553], ""type"": ""handwritten"", ""text"": ""2) Перші дослідження в серії \""чудких мавпок\"" рдпогалися д:""}, {""bbox"": [280, 1645, 648, 1726], ""type"": ""annotation"", ""text"": ""17.06.2025 р.""}]"
331635e6-a19f-40e0-9898-d550f24170be.jpg,"[{""bbox"": [89, 156, 944, 222], ""type"": ""printed"", ""text"": ""UKRAЇNSKYJ HROMADSKYJ VYDAVNYČYJ FOND""}, {""bbox"": [2359, 166, 2571, 360], ""type"": ""annotation"", ""text"": ""Vol""}, {""bbox"": [1405, 233, 2084, 303], ""type"": ""printed"", ""text"": ""Прага. 14-VI- 1928р.""}, {""bbox"": [88, 234, 943, 295], ""type"": ""printed"", ""text"": ""tiskové a nakladatelské družstvo""}, {""bbox"": [414, 298, 631, 345], ""type"": ""printed"", ""text"": ""v Praz e,""}, {""bbox"": [91, 343, 953, 416], ""type"": ""printed"", ""text"": ""zapsané společenstvo s ručením obmezeným.""}, {""bbox"": [729, 440, 2492, 505], ""type"": ""printed"", ""text"": ""Вп. ЧИЕН Українського Громадського Видавничого Фонду""}, {""bbox"": [1204, 540, 1477, 604], ""type"": ""printed"", ""text"": ""в Празі.""}, {""bbox"": [1046, 671, 1362, 729], ""type"": ""printed"", ""text"": ""М Шаповал""}, {""bbox"": [536, 1035, 2546, 1107], ""type"": ""printed"", ""text"": ""16 і 17 червня ц.р. юбілейний зізд і урочисте свято, на яке""}, {""bbox"": [562, 1145, 2217, 1208], ""type"": ""printed"", ""text"": ""е також запрошений УТВФ, як член названого Союзу.""}, {""bbox"": [524, 1337, 2522, 1413], ""type"": ""printed"", ""text"": ""ційний похід по Празі, в якому Видавничий Фонд матиме своє""}, {""bbox"": [517, 1447, 1501, 1511], ""type"": ""printed"", ""text"": ""місце під власним штандартом.""}, {""bbox"": [619, 1595, 2457, 1666], ""type"": ""printed"", ""text"": ""Правління УТВФ запрошує Вас з приятелями Фонду прийняти""}, {""bbox"": [518, 1698, 1639, 1766], ""type"": ""printed"", ""text"": ""участь у маніфестаційному поході.""}, {""bbox"": [616, 1852, 2587, 1921], ""type"": ""printed"", ""text"": ""Місце зустрічі для членів Фонду: ганок німецького дівадла,""}, {""bbox"": [521, 1941, 1775, 2026], ""type"": ""printed"", ""text"": ""біля двірця Вільзона, о ½9 год. рано.""}, {""bbox"": [959, 2156, 1611, 2221], ""type"": ""printed"", ""text"": ""З правдивою пошаною""}, {""bbox"": [1059, 2306, 1540, 2371], ""type"": ""printed"", ""text"": ""Правління УТВФ""}, {""bbox"": [1023, 2449, 1670, 2527], ""type"": ""printed"", ""text"": ""П. Богацький (в.р.)""}, {""bbox"": [893, 2552, 1668, 2627], ""type"": ""printed"", ""text"": ""Др. Е. Приходько (в.р.)""}]"
331ab90e-daef-42a7-b577-f761b052d663.jpg,"[{""bbox"": [199, 45, 712, 101], ""type"": ""handwritten"", ""text"": ""підлягли чи ніяких.""}, {""bbox"": [243, 100, 1164, 179], ""type"": ""handwritten"", ""text"": ""Треба чікуватися, коли випадає""}, {""bbox"": [245, 101, 1158, 179], ""type"": ""handwritten"", ""text"": ""Треба чікуватися, коли випадає""}, {""bbox"": [176, 172, 1108, 238], ""type"": ""handwritten"", ""text"": ""налоги, і казали їм, що на думці""}, {""bbox"": [171, 231, 1125, 300], ""type"": ""handwritten"", ""text"": ""Не має часу на північ. Матеріальні""}, {""bbox"": [191, 289, 1114, 358], ""type"": ""handwritten"", ""text"": ""прихове питання тікає крізь пам'ять.""}, {""bbox"": [190, 343, 1124, 417], ""type"": ""handwritten"", ""text"": ""Справжнім виявилося тільки те, за""}, {""bbox"": [192, 466, 798, 523], ""type"": ""handwritten"", ""text"": ""спогади, сміх і любов""}, {""bbox"": [277, 520, 1133, 589], ""type"": ""handwritten"", ""text"": ""Иде треба такайти, коли мо-""}, {""bbox"": [179, 581, 1109, 649], ""type"": ""handwritten"", ""text"": ""псейться. За все те, що нікому б не""}, {""bbox"": [184, 645, 1111, 705], ""type"": ""handwritten"", ""text"": ""мого з ними спати. За те, що""}, {""bbox"": [176, 698, 1119, 757], ""type"": ""handwritten"", ""text"": ""ими не тільки знавців, а й німців було""}, {""bbox"": [171, 751, 1083, 814], ""type"": ""handwritten"", ""text"": ""доменовий дрон або домініття""}, {""bbox"": [176, 810, 1038, 872], ""type"": ""handwritten"", ""text"": ""раних, а й розрізняємо їх на""}, {""bbox"": [274, 912, 1111, 983], ""type"": ""handwritten"", ""text"": ""Росіяни хочуть, щоб ми сіяли""}, {""bbox"": [178, 978, 1125, 1039], ""type"": ""handwritten"", ""text"": ""схопили на них: синіми у вічній""}, {""bbox"": [175, 1034, 987, 1093], ""type"": ""handwritten"", ""text"": ""гризоти. А ми будемо писати""}, {""bbox"": [186, 1086, 1058, 1152], ""type"": ""handwritten"", ""text"": ""чітко во всупереч більшій і заходи""}, {""bbox"": [166, 1196, 566, 1256], ""type"": ""handwritten"", ""text"": ""нашою любою.""}]"
33331ef7-02fe-4d53-a1c2-19940d128b49.jpg,"[{""bbox"": [1267, 226, 1703, 351], ""type"": ""handwritten"", ""text"": ""Треба жити!""}, {""bbox"": [801, 359, 2408, 498], ""type"": ""handwritten"", ""text"": ""Жити треба цікаво: читати книжки, ходити в театр,""}, {""bbox"": [793, 491, 1562, 583], ""type"": ""handwritten"", ""text"": ""тренерувати пса Латрона.""}, {""bbox"": [856, 585, 2432, 690], ""type"": ""handwritten"", ""text"": ""Треба жити! Не впівсими, не трошки, не завтра,""}, {""bbox"": [815, 679, 1974, 777], ""type"": ""handwritten"", ""text"": ""не після. По-справжньому! Зараз!""}, {""bbox"": [838, 756, 2436, 851], ""type"": ""handwritten"", ""text"": ""Треба падіти котів, збирати гриби, везти цукерки""}, {""bbox"": [792, 841, 2455, 924], ""type"": ""handwritten"", ""text"": ""13 фронту на \""Інтерсіті\"", робили ремонт і приносили""}, {""bbox"": [792, 914, 2446, 997], ""type"": ""handwritten"", ""text"": ""щастя тим, кого любишо. Треба купувати сукні""}, {""bbox"": [789, 915, 2449, 997], ""type"": ""handwritten"", ""text"": ""щастя тим, кого любишо. Треба купувати сукні""}, {""bbox"": [788, 988, 2450, 1086], ""type"": ""handwritten"", ""text"": ""з мелітками і докапити на військо, вимірювані""}, {""bbox"": [798, 1073, 2452, 1175], ""type"": ""handwritten"", ""text"": ""РЕБИ і генератори, и ще, кимпорити вектора-""}, {""bbox"": [792, 1166, 2339, 1264], ""type"": ""handwritten"", ""text"": ""ми в міні-курсі ботаніки на перший урок""}, {""bbox"": [774, 1245, 1660, 1328], ""type"": ""handwritten"", ""text"": ""Требы принести каштаны.""}, {""bbox"": [881, 1322, 2345, 1413], ""type"": ""handwritten"", ""text"": ""Треба любити свій рім, навіть якщо він""}, {""bbox"": [794, 1401, 2451, 1482], ""type"": ""handwritten"", ""text"": ""тиччасовий і далеко від справжнього дому, того,""}, {""bbox"": [797, 1470, 2366, 1550], ""type"": ""handwritten"", ""text"": ""що в серці. Трепа здавати кров і, шовес, з""}, {""bbox"": [797, 1538, 2359, 1627], ""type"": ""handwritten"", ""text"": ""хено иже в чюшцев сръг поселисться любов до""}, {""bbox"": [794, 1618, 1921, 1699], ""type"": ""handwritten"", ""text"": ""сілів: допіру, пітятко чи кияжі.""}, {""bbox"": [873, 1690, 2358, 1774], ""type"": ""handwritten"", ""text"": ""Треба цілуватися коли випаровує нагори""}, {""bbox"": [829, 1766, 2462, 1850], ""type"": ""handwritten"", ""text"": ""хазани те, що на душі. Немає часу на півтони""}, {""bbox"": [814, 1843, 2449, 1928], ""type"": ""handwritten"", ""text"": ""Матеріальні - крижке, нещія тікає крізь пальці.""}, {""bbox"": [806, 1921, 2442, 2004], ""type"": ""handwritten"", ""text"": ""Справжнім виявилося тільки те, що не вважається""}, {""bbox"": [797, 1992, 2352, 2078], ""type"": ""handwritten"", ""text"": ""схопитиєв руками: спогади, сміх і любов.""}, {""bbox"": [870, 2069, 2441, 2155], ""type"": ""handwritten"", ""text"": ""Иде преды плахоти, коли монеется. За все""}, {""bbox"": [786, 2148, 2435, 2234], ""type"": ""handwritten"", ""text"": ""те, що ніколи не читало б у наших статтях. За""}, {""bbox"": [780, 2228, 2347, 2305], ""type"": ""handwritten"", ""text"": ""те, що ми не тільки знаємо як пишеться""}, {""bbox"": [764, 2301, 2436, 2394], ""type"": ""handwritten"", ""text"": ""\""дальновідбійний дрот\"" або \""балістична ракета\"",""}, {""bbox"": [769, 2386, 2000, 2483], ""type"": ""handwritten"", ""text"": ""але й розрізняємо їх на сиць.""}, {""bbox"": [865, 2466, 2463, 2567], ""type"": ""handwritten"", ""text"": ""Восіяни хочуть, щоб ми стали єднісними""}, {""bbox"": [790, 2563, 2345, 2655], ""type"": ""handwritten"", ""text"": ""на них - синіми у вічній тіні. А ми""}, {""bbox"": [776, 2642, 2479, 2754], ""type"": ""handwritten"", ""text"": ""будемо жити цікаво вступаючи історії і заради""}, {""bbox"": [769, 2734, 2432, 2815], ""type"": ""handwritten"", ""text"": ""тих, хто після нас говоритиме нашою мовою.""}]"
3403933d-c115-4371-9368-f9b6c0c6020e.jpg,"[{""bbox"": [558, 119, 1029, 209], ""type"": ""handwritten"", ""text"": ""Мрежа женич""}, {""bbox"": [362, 229, 1607, 313], ""type"": ""handwritten"", ""text"": ""Жити треба чи каво: питати кишку""}, {""bbox"": [358, 229, 1605, 315], ""type"": ""handwritten"", ""text"": ""Жити треба чікаво: читати книжки""}, {""bbox"": [165, 304, 1607, 389], ""type"": ""handwritten"", ""text"": ""ходили в місці, де серувати пса Патрона""}, {""bbox"": [354, 373, 851, 445], ""type"": ""handwritten"", ""text"": ""ІТТреба жити!""}, {""bbox"": [287, 438, 1562, 518], ""type"": ""handwritten"", ""text"": ""Неврів сели, не праціки, не травиці,""}, {""bbox"": [161, 477, 1553, 579], ""type"": ""handwritten"", ""text"": ""тава в сені, не трагічна, не проблема, не завтра, не після. Постражденьому. Зараз!""}, {""bbox"": [162, 533, 1617, 644], ""type"": ""handwritten"", ""text"": ""Проба надити, котів, збирати гриби, везт.""}, {""bbox"": [171, 596, 1557, 701], ""type"": ""handwritten"", ""text"": ""учнів, 15 дітей на \""Інтернеті\"", робити""}, {""bbox"": [170, 668, 1619, 768], ""type"": ""handwritten"", ""text"": ""ремаєт і прикоєміті часті, птим юзо любим""}, {""bbox"": [167, 723, 1628, 826], ""type"": ""handwritten"", ""text"": ""Пробу купувати сукні з лентами і докати""}, {""bbox"": [162, 789, 1629, 887], ""type"": ""handwritten"", ""text"": ""ти на військо, винукувати РЕБА і генера-""}, {""bbox"": [161, 855, 1624, 960], ""type"": ""handwritten"", ""text"": ""птори, а це швидкорити вегороми в між'яр'""}, {""bbox"": [113, 878, 1585, 1021], ""type"": ""handwritten"", ""text"": ""птори, а це нічим не відрізняється від міжвід\nбовіваду, бо на перший урок треба привести\nконтролів""}, {""bbox"": [187, 995, 539, 1053], ""type"": ""handwritten"", ""text"": ""какі такі в.""}, {""bbox"": [279, 1045, 1640, 1144], ""type"": ""handwritten"", ""text"": ""Преда любити свій дім, навіть якщо він""}, {""bbox"": [166, 1120, 1564, 1202], ""type"": ""handwritten"", ""text"": ""тимчасовій і діячів від справжнього дому-""}, {""bbox"": [166, 1174, 1610, 1267], ""type"": ""handwritten"", ""text"": ""того що в серці. Треба давати кров, каж""}, {""bbox"": [166, 1188, 1628, 1270], ""type"": ""handwritten"", ""text"": ""того що в серці. Треба давати кров, може""}, {""bbox"": [165, 1242, 1575, 1338], ""type"": ""handwritten"", ""text"": ""5 квєю, ще може, в тієму серці поселиться""}, {""bbox"": [188, 1306, 1471, 1405], ""type"": ""handwritten"", ""text"": ""мобов до емв: \""добру\"", \""допиняю\"" ч""}, {""bbox"": [178, 1384, 395, 1445], ""type"": ""handwritten"", ""text"": ""\""княжн\""""}, {""bbox"": [284, 1437, 1570, 1525], ""type"": ""handwritten"", ""text"": ""Преда чинуватися коли винадеє нагору і""}, {""bbox"": [164, 1507, 1545, 1594], ""type"": ""handwritten"", ""text"": ""кадами тіє що на думці. Немає госуна""}, {""bbox"": [166, 1559, 1554, 1652], ""type"": ""handwritten"", ""text"": ""пивтами. Наберіанське крихке життя""}, {""bbox"": [170, 1616, 1569, 1719], ""type"": ""handwritten"", ""text"": ""втікає крізь пальці. Справжнім виявилося""}, {""bbox"": [175, 1693, 1490, 1783], ""type"": ""handwritten"", ""text"": ""тільки те, за що не можна схопитись""}, {""bbox"": [178, 1765, 1153, 1839], ""type"": ""handwritten"", ""text"": ""реками: спогади, сміх і мови.""}, {""bbox"": [294, 1821, 1475, 1903], ""type"": ""handwritten"", ""text"": ""Ще треба плякати коли можеться.""}, {""bbox"": [177, 1886, 1437, 1969], ""type"": ""handwritten"", ""text"": ""За все те - що школі б не мало знати""}, {""bbox"": [179, 1957, 1566, 2034], ""type"": ""handwritten"", ""text"": ""аватися. За те що ми не підписали угоду""}, {""bbox"": [176, 2021, 1500, 2100], ""type"": ""handwritten"", ""text"": ""як пишеться \""далекобійні дрони\"" або""}, {""bbox"": [148, 2079, 1569, 2176], ""type"": ""handwritten"", ""text"": ""\""бази ти ма ракета\"", а ї розрізняємо їх""}, {""bbox"": [150, 2150, 464, 2225], ""type"": ""handwritten"", ""text"": ""на слух.""}]"
34f945c0-7e77-4309-92ea-59975b0798d4.jpg,"[{""bbox"": [429, 0, 2719, 90], ""type"": ""handwritten"", ""text"": ""/ no_think""}, {""bbox"": [408, 0, 2645, 91], ""type"": ""handwritten"", ""text"": ""ge 17.10. упразднение кадетского""}, {""bbox"": [1009, 96, 1902, 241], ""type"": ""handwritten"", ""text"": ""Треба жити!""}, {""bbox"": [274, 308, 2420, 422], ""type"": ""handwritten"", ""text"": ""Мити треба ужово: читати книги,""}, {""bbox"": [271, 490, 2572, 628], ""type"": ""handwritten"", ""text"": ""ходить в театр, дресирувати пса Патрон""}, {""bbox"": [270, 653, 2572, 800], ""type"": ""handwritten"", ""text"": ""Преба почити! Уже в пів сили, не троєкін""}, {""bbox"": [269, 859, 2512, 1003], ""type"": ""handwritten"", ""text"": ""ми завтра, не після. Ти-справжньому. Завтра""}, {""bbox"": [269, 1030, 2571, 1183], ""type"": ""handwritten"", ""text"": ""треба падити котів, збирати гриби, вес""}, {""bbox"": [270, 1419, 2516, 1560], ""type"": ""handwritten"", ""text"": ""ремонт, і приносити щастя тим, кого""}, {""bbox"": [270, 1621, 694, 1729], ""type"": ""handwritten"", ""text"": ""любимо.""}, {""bbox"": [419, 1780, 2512, 1918], ""type"": ""handwritten"", ""text"": ""Потрібно купувати сукні з лелітками і""}, {""bbox"": [350, 1956, 2646, 2106], ""type"": ""handwritten"", ""text"": ""донатите на військо, вимукувати ребон і""}, {""bbox"": [346, 2137, 2648, 2287], ""type"": ""handwritten"", ""text"": ""міратори, а ще нинішніми вогорами в""}, {""bbox"": [346, 2322, 2649, 2477], ""type"": ""handwritten"", ""text"": ""іїтоярії\"" від-саду, бо на перший урок тріб""}, {""bbox"": [275, 2502, 2572, 2677], ""type"": ""handwritten"", ""text"": ""принести каштанів. Треба любити свій дім""}, {""bbox"": [346, 2675, 2580, 2862], ""type"": ""handwritten"", ""text"": ""авіть якщо він тимчасовий, і далеко від""}, {""bbox"": [280, 2854, 2513, 3052], ""type"": ""handwritten"", ""text"": ""справжнього дому, - того що в серці. Піреба""}]"
35d3aafe-680d-495b-ac73-c02c3982d096.jpg,"[{""bbox"": [84, 35, 412, 115], ""type"": ""annotation"", ""text"": ""2548623586""}, {""bbox"": [25, 82, 1090, 163], ""type"": ""handwritten"", ""text"": ""посижатись, я вже натрапив на""}, {""bbox"": [23, 148, 1095, 231], ""type"": ""handwritten"", ""text"": ""самого себе, але на перших кроках""}, {""bbox"": [26, 192, 1104, 296], ""type"": ""handwritten"", ""text"": ""Самого себе, але на перший мені також іноді було. А ти це""}, {""bbox"": [23, 276, 1099, 366], ""type"": ""handwritten"", ""text"": ""иноді обираються, що їх не посміюю""}, {""bbox"": [23, 303, 1100, 427], ""type"": ""handwritten"", ""text"": ""иноді обмікаються, що ця не піддається тоді своїх видань, що не дієсово""}, {""bbox"": [23, 337, 1104, 491], ""type"": ""handwritten"", ""text"": ""тоді своїх видань, що не було б\nз тобою з приводу моїх робіт діре-""}, {""bbox"": [21, 394, 1103, 507], ""type"": ""handwritten"", ""text"": ""З тобою з приводу моїх робот бере-""}, {""bbox"": [23, 416, 1101, 548], ""type"": ""handwritten"", ""text"": ""З тобою з приводу моєї зовсім були ками! — Ну, та ким це є? Мислу-""}, {""bbox"": [28, 450, 1098, 551], ""type"": ""handwritten"", ""text"": ""З тобою з правого ками! — Ну, та крім цього! Мисл-""}, {""bbox"": [28, 493, 1107, 612], ""type"": ""handwritten"", ""text"": ""ками! — Ну, та річ вже іде. Мало моя. А те, що сменуло, не згадую.""}, {""bbox"": [108, 589, 1104, 675], ""type"": ""handwritten"", ""text"": ""Так твоей сестры справа \""чертов""}, {""bbox"": [24, 636, 1096, 723], ""type"": ""handwritten"", ""text"": ""Так ты всегда сидишь так, ски\"" га́нн? Ну, знаешь, клянусь так,""}, {""bbox"": [26, 655, 1094, 743], ""type"": ""handwritten"", ""text"": ""Ски\"" гарні? Ну, зважай, коли так,""}, {""bbox"": [22, 720, 1078, 807], ""type"": ""handwritten"", ""text"": ""то ревиду не ревну, а я мушеч""}, {""bbox"": [23, 770, 1083, 863], ""type"": ""handwritten"", ""text"": ""в якую захопитись. Так ти її і""}, {""bbox"": [24, 791, 1084, 922], ""type"": ""handwritten"", ""text"": ""в якую занозитись. Так ти си і скари. І байдуже не меру відносі.""}, {""bbox"": [26, 794, 1083, 889], ""type"": ""handwritten"", ""text"": ""в відсуті закохатися. Так ти вигід""}, {""bbox"": [26, 843, 1087, 936], ""type"": ""handwritten"", ""text"": ""своїми. І байдуже не можу відносит""}, {""bbox"": [33, 911, 1099, 993], ""type"": ""handwritten"", ""text"": ""тиєв до краєв. Горе тільки, що во""}, {""bbox"": [32, 939, 1106, 1062], ""type"": ""handwritten"", ""text"": ""тиєв до краєв. Горе тільки, що ви\nни не українки! Ну, то, може, ви""}, {""bbox"": [30, 978, 1104, 1073], ""type"": ""handwritten"", ""text"": ""ни не українки! Ну, то, може, він""}, {""bbox"": [31, 1054, 1096, 1126], ""type"": ""handwritten"", ""text"": ""і без українства вони не зопеч-""}, {""bbox"": [25, 1176, 1073, 1251], ""type"": ""handwritten"", ""text"": ""тира! Дорогі і мало. Їм знайдем""}, {""bbox"": [29, 1235, 1106, 1313], ""type"": ""handwritten"", ""text"": ""та після 3-го кімнату? Мове, на""}, {""bbox"": [24, 1302, 1107, 1382], ""type"": ""handwritten"", ""text"": ""нять для тебе? Твоєв дільки, що не""}, {""bbox"": [26, 1368, 1089, 1440], ""type"": ""handwritten"", ""text"": ""сподоблятися тобі, бо від це, що""}, {""bbox"": [23, 1434, 1092, 1502], ""type"": ""handwritten"", ""text"": ""я виберу, мусить бути на війні смак""}, {""bbox"": [24, 1493, 1101, 1560], ""type"": ""handwritten"", ""text"": ""роланим. Было краще въке погане, кік""}, {""bbox"": [27, 1548, 1100, 1612], ""type"": ""handwritten"", ""text"": ""мігого в даному разі. Як ти думаєш?""}, {""bbox"": [24, 1605, 1105, 1661], ""type"": ""handwritten"", ""text"": ""Чудні / бед / з і всі твої доручення виконано.""}, {""bbox"": [19, 1653, 1109, 1707], ""type"": ""handwritten"", ""text"": ""Місце тут знайдеться, може, не зараз, але бу""}]"
364474eb-bc10-482f-82c3-503b8c1ff194.jpg,"[{""bbox"": [2355, 896, 4911, 1383], ""type"": ""handwritten"", ""text"": ""Треба писати!""}, {""bbox"": [647, 1330, 6987, 1772], ""type"": ""handwritten"", ""text"": ""Жити треба уміваво: читати книжки,""}, {""bbox"": [211, 1759, 6141, 2189], ""type"": ""handwritten"", ""text"": ""ходить в театр, дресирувати пса""}, {""bbox"": [200, 2143, 6841, 2600], ""type"": ""handwritten"", ""text"": ""Матрака. Треба хити! Не вривсень, не""}, {""bbox"": [180, 2537, 6944, 2972], ""type"": ""handwritten"", ""text"": ""трошки, не завтра, не після. По-справ-""}, {""bbox"": [170, 2911, 6659, 3370], ""type"": ""handwritten"", ""text"": ""хньому! Зараз! Треба падати котів,""}, {""bbox"": [140, 3331, 6929, 3781], ""type"": ""handwritten"", ""text"": ""збирати ариби, везти сувеніри із фронту""}, {""bbox"": [130, 3731, 6775, 4157], ""type"": ""handwritten"", ""text"": ""на інтересі, робити релект, при-""}, {""bbox"": [132, 4088, 6818, 4525], ""type"": ""handwritten"", ""text"": ""носити щастя тим, кого люблять. Треба""}, {""bbox"": [133, 4484, 6668, 4903], ""type"": ""handwritten"", ""text"": ""купувати секції з пелітками і архі""}, {""bbox"": [125, 4831, 6934, 5310], ""type"": ""handwritten"", ""text"": ""докатите на військо, вишукувати РЕБИ""}, {""bbox"": [152, 5231, 7079, 5667], ""type"": ""handwritten"", ""text"": "": лекарствами, а це нічим не відрізняється""}, {""bbox"": [122, 5645, 6631, 6064], ""type"": ""handwritten"", ""text"": ""в між'яр'ії ботсаду, бо кв персей""}, {""bbox"": [111, 6009, 5842, 6431], ""type"": ""handwritten"", ""text"": ""урок. Треба принести компактів.""}, {""bbox"": [659, 6357, 6457, 6808], ""type"": ""handwritten"", ""text"": ""Преба любити свій дія, кавіть""}, {""bbox"": [124, 6774, 6102, 7198], ""type"": ""handwritten"", ""text"": ""якщо вік тимчасовий і далеко від""}, {""bbox"": [137, 7134, 6503, 7583], ""type"": ""handwritten"", ""text"": ""справжнього дому, того що в сорні""}, {""bbox"": [109, 7533, 6658, 7960], ""type"": ""handwritten"", ""text"": ""Треба здавати кров-і, може з нею""}, {""bbox"": [143, 7925, 6708, 8342], ""type"": ""handwritten"", ""text"": ""це в чималусь серці посепитися лю-""}, {""bbox"": [177, 8293, 6581, 8731], ""type"": ""handwritten"", ""text"": ""бов дос, сів, доніпу, німатько чи""}, {""bbox"": [183, 8715, 1297, 9069], ""type"": ""handwritten"", ""text"": ""хияхл.""}, {""bbox"": [478, 9023, 6672, 9486], ""type"": ""handwritten"", ""text"": ""Треба упуватися, коли випадає ка-""}, {""bbox"": [70, 9401, 6724, 9899], ""type"": ""handwritten"", ""text"": ""лода, і казати те, що на душу. Ко-""}]"
36784a07-53cb-4e89-81e3-9263dc488243.jpg,"[{""bbox"": [511, 57, 1084, 154], ""type"": ""handwritten"", ""text"": ""Треба жити!""}, {""bbox"": [379, 182, 1728, 275], ""type"": ""handwritten"", ""text"": ""Жити треба уікаво: читати книж-""}, {""bbox"": [210, 276, 1772, 372], ""type"": ""handwritten"", ""text"": ""ки, ходити в театр, дресирувать псог Пат-""}, {""bbox"": [202, 370, 435, 459], ""type"": ""handwritten"", ""text"": ""рона...""}, {""bbox"": [384, 435, 1732, 522], ""type"": ""handwritten"", ""text"": ""злеба ожити! Не впівсими, не трац-""}, {""bbox"": [198, 524, 1649, 618], ""type"": ""handwritten"", ""text"": ""ки, не завтра, не після. По-справжньому!""}, {""bbox"": [191, 609, 1697, 701], ""type"": ""handwritten"", ""text"": ""зараз! Треба гладити котів, збирати гриби,""}, {""bbox"": [191, 685, 1636, 789], ""type"": ""handwritten"", ""text"": ""везти чуєннят із фронту на „Інтерсіті“,""}, {""bbox"": [182, 783, 1709, 871], ""type"": ""handwritten"", ""text"": ""робити ремонт і приносити часте тим,""}, {""bbox"": [190, 862, 1765, 948], ""type"": ""handwritten"", ""text"": ""кого любимо. Треба купувати сукні з леліт-""}, {""bbox"": [192, 941, 1724, 1035], ""type"": ""handwritten"", ""text"": ""ками і донатити на військо, вишукувати""}, {""bbox"": [208, 1032, 1634, 1110], ""type"": ""handwritten"", ""text"": ""Ребя і генератори, а ще — нищопорити""}, {""bbox"": [203, 1105, 1717, 1201], ""type"": ""handwritten"", ""text"": ""вечорами в ліснярії ботсаду, бо на перічні""}, {""bbox"": [202, 1192, 1276, 1285], ""type"": ""handwritten"", ""text"": ""урок треба принести каштанів.""}, {""bbox"": [360, 1272, 1720, 1361], ""type"": ""handwritten"", ""text"": ""Треба любити світ діти, навіть якщо""}, {""bbox"": [189, 1357, 1691, 1450], ""type"": ""handwritten"", ""text"": ""він тимчасовий, і далеко від справжнього до-""}, {""bbox"": [187, 1440, 1553, 1536], ""type"": ""handwritten"", ""text"": ""му - того, що в серці. Треба здавати""}, {""bbox"": [187, 1526, 1636, 1617], ""type"": ""handwritten"", ""text"": ""кров – і може, з нею ще в чиєму серці""}, {""bbox"": [180, 1612, 1687, 1703], ""type"": ""handwritten"", ""text"": ""поселяться любов до слів „допіру”, „пітятко”""}, {""bbox"": [178, 1710, 577, 1786], ""type"": ""handwritten"", ""text"": ""чи „кияхи“.""}, {""bbox"": [352, 1783, 1688, 1869], ""type"": ""handwritten"", ""text"": ""треба чілуватися, коли випадає нагода,""}, {""bbox"": [153, 1870, 1652, 1962], ""type"": ""handwritten"", ""text"": ""і казати те, чо на думці. Немає чому на""}, {""bbox"": [160, 1947, 1653, 2040], ""type"": ""handwritten"", ""text"": ""півтони. Матеріальне крихке, життя тікає""}, {""bbox"": [162, 2032, 1709, 2127], ""type"": ""handwritten"", ""text"": ""крізь пальці. Справжнім виявилось тільки те,""}, {""bbox"": [158, 2126, 1759, 2230], ""type"": ""handwritten"", ""text"": ""за що не можна схопитись руками, — спогади,""}, {""bbox"": [147, 2220, 677, 2301], ""type"": ""handwritten"", ""text"": ""сміх і любов.""}, {""bbox"": [149, 2221, 678, 2299], ""type"": ""handwritten"", ""text"": ""сміх і любов.""}]"
371b0d30-9363-4656-b752-8976d42098cd.jpg,"[{""bbox"": [776, 40, 980, 107], ""type"": ""annotation"", ""text"": ""253 415""}, {""bbox"": [792, 93, 966, 223], ""type"": ""annotation"", ""text"": ""234.""}, {""bbox"": [48, 156, 1001, 259], ""type"": ""handwritten"", ""text"": ""Ну, я рад, что ты таки любовь""}, {""bbox"": [41, 258, 1030, 341], ""type"": ""handwritten"", ""text"": ""Всего втюрьму, хотя потерпая,""}, {""bbox"": [40, 338, 1026, 412], ""type"": ""handwritten"", ""text"": ""и не з'явиться у тебе ще одна яка""}, {""bbox"": [44, 405, 1035, 480], ""type"": ""handwritten"", ""text"": ""небудь п'ятниця на твовому веред""}, {""bbox"": [45, 406, 1039, 480], ""type"": ""handwritten"", ""text"": ""небудь п'ятниця на твояму веред""}, {""bbox"": [44, 475, 1033, 550], ""type"": ""handwritten"", ""text"": ""ливому тибеті. Трощі твої я""}, {""bbox"": [49, 547, 1032, 626], ""type"": ""handwritten"", ""text"": ""и без тебе сховав, бо так і знав,""}, {""bbox"": [54, 623, 1047, 700], ""type"": ""handwritten"", ""text"": ""що доля їхня ще не раз змінюв.""}, {""bbox"": [57, 691, 1039, 769], ""type"": ""handwritten"", ""text"": ""ся. А что ты так такая и не""}, {""bbox"": [54, 766, 1039, 837], ""type"": ""handwritten"", ""text"": ""купити моїх творів, це мені""}, {""bbox"": [51, 830, 1045, 909], ""type"": ""handwritten"", ""text"": ""а трішечки не божкував, бо це""}, {""bbox"": [53, 907, 1053, 984], ""type"": ""handwritten"", ""text"": ""Глеб б таки некоррмально, чтоб""}, {""bbox"": [58, 979, 1055, 1063], ""type"": ""handwritten"", ""text"": ""Іти купувала. Її таки зди-""}, {""bbox"": [64, 1056, 1053, 1131], ""type"": ""handwritten"", ""text"": ""вувався, коли прогуляв, що ти""}, {""bbox"": [70, 1120, 1056, 1208], ""type"": ""handwritten"", ""text"": ""хорем купити\"", відті. \""А\"" \""Раду\""""}, {""bbox"": [64, 1194, 1051, 1276], ""type"": ""handwritten"", ""text"": ""у Києві тобі все таки барто""}, {""bbox"": [66, 1272, 1053, 1356], ""type"": ""handwritten"", ""text"": ""передтлчувати, як не як, а з""}, {""bbox"": [70, 1342, 1071, 1440], ""type"": ""handwritten"", ""text"": ""неї найбільше моря довіда-""}, {""bbox"": [56, 1479, 1082, 1564], ""type"": ""handwritten"", ""text"": ""*) Слово „потерпяю“ значит „богосъ“, по российскому""}, {""bbox"": [57, 1517, 1086, 1609], ""type"": ""handwritten"", ""text"": ""*) Слово „потерпяно“ значит „боясь, побоявшись, прибейтесь, побиваясь“, „опасаюсь.“""}, {""bbox"": [57, 1544, 1078, 1654], ""type"": ""handwritten"", ""text"": ""'побливаюсь', 'опасаюсь': розуміється, прийняте, бо дати вичерпуючи звісат діре варко""}]"
373c7720-1c00-4ea9-874f-5486bdb46879.jpg,"[{""bbox"": [862, 189, 1963, 373], ""type"": ""handwritten"", ""text"": ""Радіодиктант""}, {""bbox"": [754, 334, 1882, 495], ""type"": ""handwritten"", ""text"": ""Пребой жители!""}, {""bbox"": [276, 459, 2561, 636], ""type"": ""handwritten"", ""text"": ""Жити треба цікаво: читати""}, {""bbox"": [97, 610, 2675, 792], ""type"": ""handwritten"", ""text"": ""книжки, ходит в театр, дресиру-""}, {""bbox"": [92, 764, 1537, 920], ""type"": ""handwritten"", ""text"": ""вати пса Матрона.""}, {""bbox"": [289, 874, 2578, 1048], ""type"": ""handwritten"", ""text"": ""Преба жити! Не впісими, не""}, {""bbox"": [72, 1008, 2696, 1194], ""type"": ""handwritten"", ""text"": ""троянки, не завтра, не після. По-справж""}, {""bbox"": [79, 1152, 2656, 1332], ""type"": ""handwritten"", ""text"": ""ньому. Заробіть! Треба підняти котів,""}, {""bbox"": [77, 1260, 2667, 1475], ""type"": ""handwritten"", ""text"": ""зобрости фриди, везти цуцемят из""}, {""bbox"": [76, 1431, 2683, 1633], ""type"": ""handwritten"", ""text"": ""фронту на Интерсит, родился ремонт""}, {""bbox"": [75, 1566, 2725, 1758], ""type"": ""handwritten"", ""text"": ""і превосходити щастя тим, кого мо-""}, {""bbox"": [80, 1737, 2741, 1903], ""type"": ""handwritten"", ""text"": ""біло. Треба купувати сухі з не-""}, {""bbox"": [74, 1866, 2746, 2055], ""type"": ""handwritten"", ""text"": ""міграли с донатити на військо, ви-""}, {""bbox"": [75, 2026, 2764, 2197], ""type"": ""handwritten"", ""text"": ""силу вати НЕ би і генератори, а ще-таки-""}, {""bbox"": [66, 2151, 2708, 2341], ""type"": ""handwritten"", ""text"": ""порити вчоралим в сілік'ярі і дох-""}, {""bbox"": [86, 2313, 2792, 2501], ""type"": ""handwritten"", ""text"": ""соглу, бо на перший урок треба при-""}, {""bbox"": [83, 2473, 1366, 2637], ""type"": ""handwritten"", ""text"": ""неби капитанів.""}, {""bbox"": [248, 2594, 2677, 2784], ""type"": ""handwritten"", ""text"": ""Треба слухати свій діл, навіть""}, {""bbox"": [98, 2759, 2727, 2940], ""type"": ""handwritten"", ""text"": ""якщо він Тимчасовий і дрібно від""}, {""bbox"": [94, 3064, 2780, 3240], ""type"": ""handwritten"", ""text"": ""Треба здавати курів, і, може з'явило""}, {""bbox"": [82, 3217, 2800, 3399], ""type"": ""handwritten"", ""text"": ""ще вважають верію посмітливим мо-""}, {""bbox"": [71, 3372, 2746, 3645], ""type"": ""handwritten"", ""text"": ""дов до елів, доніру, пітетко чи""}]"
3750514a-eb49-460f-8b56-64b3cea0443f.jpg,"[{""bbox"": [24, 19, 1258, 85], ""type"": ""handwritten"", ""text"": ""Ключові елементи формування соціального бренду""}, {""bbox"": [24, 78, 1278, 138], ""type"": ""handwritten"", ""text"": "". місце по уривкам, що підкреслюють соціальні ідеали""}, {""bbox"": [21, 131, 1442, 195], ""type"": ""handwritten"", ""text"": ""Програми ІСВЗ, співпрацювали на укладу, професійних, соціальних""}, {""bbox"": [22, 187, 1357, 255], ""type"": ""handwritten"", ""text"": ""Теоріями і діяльність-публікації нерідкісних звітів""}, {""bbox"": [18, 243, 1309, 317], ""type"": ""handwritten"", ""text"": ""- Порівняння Подірцева з ЗМІ та соціальними мережами""}, {""bbox"": [15, 299, 1611, 379], ""type"": ""handwritten"", ""text"": ""Согранимая алгебра - унарная алгебра с операцией, определённой на множестве элементов, удовлетворяющих определённым условиям.""}, {""bbox"": [20, 359, 1607, 433], ""type"": ""handwritten"", ""text"": ""половину попричі від джилівості північної східної пам'ятки""}, {""bbox"": [13, 428, 257, 483], ""type"": ""handwritten"", ""text"": ""/но_мышлить""}, {""bbox"": [30, 477, 898, 539], ""type"": ""handwritten"", ""text"": ""Основні завдання сороковської служби.""}, {""bbox"": [1397, 480, 1516, 573], ""type"": ""annotation"", ""text"": ""20""}, {""bbox"": [23, 523, 1085, 592], ""type"": ""handwritten"", ""text"": ""1. Заберечься от сильного землетрясения и прорывов""}, {""bbox"": [21, 587, 1170, 651], ""type"": ""handwritten"", ""text"": ""2. Калібрація тропалі з опорамі праці та здоров'я""}, {""bbox"": [19, 648, 1475, 711], ""type"": ""handwritten"", ""text"": ""3. Підприємство корпоративних інвестицій та мікрокредитування""}, {""bbox"": [17, 705, 1158, 764], ""type"": ""handwritten"", ""text"": ""И. Залурений прорівнив до соціальних ініціатив""}, {""bbox"": [23, 758, 1127, 824], ""type"": ""handwritten"", ""text"": ""5. Моніторинг очікуваних потреб колективу""}, {""bbox"": [24, 823, 177, 889], ""type"": ""handwritten"", ""text"": ""фунції""}, {""bbox"": [17, 857, 1591, 940], ""type"": ""handwritten"", ""text"": ""Аналітична (відчуття, суб'єкт, роздуми), «Комунікативна» (відповідна про)""}, {""bbox"": [15, 925, 1580, 1020], ""type"": ""handwritten"", ""text"": ""Ортодія філіал (міністерство здоров’я) / «Всеукраїнська (ординарна) Світлова школа»""}, {""bbox"": [17, 1000, 1531, 1082], ""type"": ""handwritten"", ""text"": ""(володарючий (фізичного диверсійної або іншої структури (сільські""}, {""bbox"": [17, 1060, 277, 1136], ""type"": ""handwritten"", ""text"": ""Завдання 3.""}, {""bbox"": [8, 1126, 99, 1182], ""type"": ""handwritten"", ""text"": ""1)d""}, {""bbox"": [10, 1178, 102, 1226], ""type"": ""handwritten"", ""text"": ""21℃""}, {""bbox"": [13, 1223, 95, 1280], ""type"": ""handwritten"", ""text"": ""3.) b""}, {""bbox"": [9, 1283, 93, 1344], ""type"": ""handwritten"", ""text"": ""4) b""}, {""bbox"": [17, 1347, 107, 1400], ""type"": ""handwritten"", ""text"": ""s/a""}, {""bbox"": [11, 1403, 106, 1464], ""type"": ""handwritten"", ""text"": ""6719""}, {""bbox"": [547, 1422, 654, 1504], ""type"": ""annotation"", ""text"": ""3~""}, {""bbox"": [16, 1468, 111, 1536], ""type"": ""handwritten"", ""text"": ""7)c""}, {""bbox"": [19, 1542, 108, 1607], ""type"": ""handwritten"", ""text"": ""8) C""}, {""bbox"": [20, 1610, 106, 1678], ""type"": ""handwritten"", ""text"": ""g) b""}, {""bbox"": [17, 1674, 115, 1745], ""type"": ""handwritten"", ""text"": ""/ no ) b""}, {""bbox"": [1347, 1740, 1449, 1805], ""type"": ""annotation"", ""text"": ""20""}, {""bbox"": [17, 1747, 241, 1799], ""type"": ""handwritten"", ""text"": ""Завдати ч""}, {""bbox"": [4, 1792, 1636, 1888], ""type"": ""handwritten"", ""text"": ""Модели социальной нормативности - усреднённые оценки правильного поведения в группе.""}, {""bbox"": [14, 1841, 235, 1895], ""type"": ""handwritten"", ""text"": ""с уртовым""}, {""bbox"": [7, 1970, 1585, 2084], ""type"": ""handwritten"", ""text"": ""3) буральний лінгвістичний - уповноважені соціальними інноваціями в організації""}, {""bbox"": [8, 2071, 1647, 2174], ""type"": ""handwritten"", ""text"": ""1) Менеджер з СССР - фронтовець з виробництва сорочкової відповідальності""}, {""bbox"": [10, 2136, 379, 2223], ""type"": ""handwritten"", ""text"": ""нoсти біркв.""}]"
377e3119-9473-4695-aed1-c9a56c9bee8b.jpg,"[{""bbox"": [678, 0, 2796, 1698], ""type"": ""table"", ""text"": ""|а здравати кров, і, може, з схожими на них|де в чиємось серці поселилися|грізоті. А ми|\n|---|---|---|\n|смів \""депіду\"", пітятко, чи|цікаво в супер|тих, хто після|\n|аба цілуватися нам|намого мовного|—|\n|є нагада, і надати те,|—|—|\n|думці. Немає часу на|—|—|\n|ни.|—|—|\n|еріальне христе, життя|—|—|\n|скрізь пальці. Справжнім|—|—|\n|оса пільни те, зо що не|—|—|\n|на скотитись руками —|—|—|\n|ди, стіх і любов.|—|—|\n|треба плачати, коли|""}, {""bbox"": [2049, 225, 3461, 352], ""type"": ""handwritten"", ""text"": ""гризоті. А ли будемо знати""}, {""bbox"": [2057, 322, 3638, 430], ""type"": ""handwritten"", ""text"": ""цілково в суспереч історії і ради""}, {""bbox"": [2054, 416, 3636, 521], ""type"": ""handwritten"", ""text"": ""тих, хто після нас говорить""}, {""bbox"": [333, 488, 686, 608], ""type"": ""handwritten"", ""text"": ""князь.""}, {""bbox"": [2061, 511, 2810, 599], ""type"": ""handwritten"", ""text"": ""нашого мовота.""}, {""bbox"": [365, 559, 1950, 774], ""type"": ""handwritten"", ""text"": ""Потрібна цілісність, потрібна випадає нагада, і казати те,""}, {""bbox"": [352, 629, 1990, 942], ""type"": ""handwritten"", ""text"": ""випадає нагадати, що на думку, немає часу ні""}, {""bbox"": [367, 856, 849, 964], ""type"": ""handwritten"", ""text"": ""півтони.""}, {""bbox"": [429, 893, 2021, 1048], ""type"": ""handwritten"", ""text"": ""метои. Матеріальні кризисе, миття""}, {""bbox"": [343, 936, 2027, 1144], ""type"": ""handwritten"", ""text"": ""Матеріальні крихкі, мають\nпінає скрізь пальці. Справжнім""}, {""bbox"": [345, 1052, 2011, 1243], ""type"": ""handwritten"", ""text"": ""тікає скрізь пільгову, сту виявилася пільгом те, зо цьо не""}, {""bbox"": [339, 1133, 2021, 1342], ""type"": ""handwritten"", ""text"": ""виявилася тільки те, що вона\nмежами скотитись руками -""}, {""bbox"": [347, 1218, 1650, 1433], ""type"": ""handwritten"", ""text"": ""можна схотитись ру\nспогоди, спіх і любов.""}, {""bbox"": [348, 1291, 1627, 1435], ""type"": ""handwritten"", ""text"": ""спогади, сміх і любов.""}, {""bbox"": [432, 1363, 1956, 1536], ""type"": ""handwritten"", ""text"": ""Иде треба платити, коли""}, {""bbox"": [351, 1456, 1900, 1635], ""type"": ""handwritten"", ""text"": ""Ще треба під мажиться. За все те, що""}, {""bbox"": [349, 1559, 1829, 1734], ""type"": ""handwritten"", ""text"": ""можливість. За багатьма ніколи не мало б з ними""}, {""bbox"": [355, 1688, 1878, 1825], ""type"": ""handwritten"", ""text"": ""статися. За те, що ми не""}, {""bbox"": [343, 1787, 2057, 1931], ""type"": ""handwritten"", ""text"": ""тільки знаю, як пишеся""}, {""bbox"": [330, 1892, 2083, 2035], ""type"": ""handwritten"", ""text"": ""\""даменобійний дрот \""або\"" балістична""}, {""bbox"": [333, 1993, 2034, 2142], ""type"": ""handwritten"", ""text"": ""\""палета\"", а й розрізняємо їх на""}, {""bbox"": [334, 2013, 2025, 2163], ""type"": ""handwritten"", ""text"": ""ралета\"", а й розрізняємо їх на""}, {""bbox"": [343, 2142, 681, 2244], ""type"": ""handwritten"", ""text"": ""слух.""}, {""bbox"": [514, 2206, 2081, 2350], ""type"": ""handwritten"", ""text"": ""Росіяни хочуть, щоб ми стали""}]"
382c3795-d27c-4e20-a6f4-3704045a9c19.jpg,"[{""bbox"": [1423, 353, 2325, 515], ""type"": ""handwritten"", ""text"": ""Треба жити""}, {""bbox"": [583, 551, 3917, 749], ""type"": ""handwritten"", ""text"": ""Жити треба ужаво: читати книги, дріздати""}, {""bbox"": [367, 743, 2601, 927], ""type"": ""handwritten"", ""text"": ""в театр, дрессировать иса Патржа.""}, {""bbox"": [553, 899, 4004, 1087], ""type"": ""handwritten"", ""text"": ""Мреба тиети! Не в пъв силен, не трошке, не завтра,""}, {""bbox"": [367, 1080, 3974, 1282], ""type"": ""handwritten"", ""text"": ""мі підня. То-справжньому! Зараз! Треба шадити котів,""}, {""bbox"": [353, 1242, 4002, 1473], ""type"": ""handwritten"", ""text"": ""зберегти гриби, відти цукерку із аромату на \""інтернеті\"",""}, {""bbox"": [368, 1455, 4000, 1645], ""type"": ""handwritten"", ""text"": ""зробити рахунок і приносити счастья тим, кого люблять.""}, {""bbox"": [391, 1640, 3840, 1832], ""type"": ""handwritten"", ""text"": ""Треба купувати арку з лелітками і докатити не""}, {""bbox"": [383, 1815, 3970, 2012], ""type"": ""handwritten"", ""text"": ""втосо, вимірювати РЕБи і генераторне, але, неце-""}, {""bbox"": [378, 2000, 3863, 2205], ""type"": ""handwritten"", ""text"": ""порити вкорачені в міті здії ботсаду, бо на периметр""}, {""bbox"": [371, 2192, 2515, 2355], ""type"": ""handwritten"", ""text"": ""урок треба принесете каштанів.""}, {""bbox"": [486, 2347, 3953, 2546], ""type"": ""handwritten"", ""text"": ""Нужно любить святых, навести смерть в их телах.""}, {""bbox"": [403, 2536, 3936, 2733], ""type"": ""handwritten"", ""text"": ""і далеко від справжнього дому — того, що в серці. Підеба""}, {""bbox"": [391, 2718, 3961, 2917], ""type"": ""handwritten"", ""text"": ""здавати кров, і моне з нею ще в шелмув серіб посели-""}, {""bbox"": [394, 2895, 3802, 3077], ""type"": ""handwritten"", ""text"": ""твоя любов до слів, \""донізу\"", \""підметко\"", чи \""книжки\""""}, {""bbox"": [481, 3105, 3915, 3363], ""type"": ""handwritten"", ""text"": ""Приба чилуватима, коли випадат навода, і кращи те,""}, {""bbox"": [396, 3345, 3692, 3537], ""type"": ""handwritten"", ""text"": ""що на думку: Намагаюся не півтони. Матеріальне""}, {""bbox"": [418, 3515, 3910, 3708], ""type"": ""handwritten"", ""text"": ""крихке - пшиття тілько хруть пальців. Справними виз-""}, {""bbox"": [447, 3690, 3961, 3885], ""type"": ""handwritten"", ""text"": ""велися тільки те, за що не можна схопити руками:""}, {""bbox"": [443, 3855, 1818, 4012], ""type"": ""handwritten"", ""text"": ""спогади, аміх і любов.""}, {""bbox"": [579, 4006, 3793, 4214], ""type"": ""handwritten"", ""text"": ""Треба их плакать, какие молчать. За все те, что""}, {""bbox"": [453, 4206, 3838, 4390], ""type"": ""handwritten"", ""text"": ""віками б не мало даних статися. За те, що ми не""}, {""bbox"": [443, 4376, 3776, 4580], ""type"": ""handwritten"", ""text"": ""тільки знати як підметваз \""далекобійні дрон\"" або""}, {""bbox"": [453, 4535, 3720, 4760], ""type"": ""handwritten"", ""text"": ""\""балістичне ракета\"", а й розріджено їх на сидх.""}, {""bbox"": [615, 4695, 3857, 4925], ""type"": ""handwritten"", ""text"": ""росіяне хотять, щоб ми стали схожими на""}, {""bbox"": [482, 4823, 3922, 5101], ""type"": ""handwritten"", ""text"": ""них, синіле у вічній призмі. Нее міє бідного ду""}, {""bbox"": [506, 4882, 3761, 5261], ""type"": ""handwritten"", ""text"": ""них, синіми у вічній призоті. Нее міє будівлю я\nти чіваво, виперегх історії і заради них, ято""}, {""bbox"": [516, 5038, 3693, 5281], ""type"": ""handwritten"", ""text"": ""те штаво, випередж історії і заради них, що""}, {""bbox"": [518, 5198, 3250, 5408], ""type"": ""handwritten"", ""text"": ""після нас буде повернення нашою любовю.""}]"
3908ae7d-5692-4c49-aa2a-5741baf6de47.jpg,"[{""bbox"": [718, 713, 2312, 843], ""type"": ""handwritten"", ""text"": ""же, з нього ще вчимось серці""}, {""bbox"": [710, 827, 2352, 955], ""type"": ""handwritten"", ""text"": ""посе́йтися любов, до слив, до піру""}, {""bbox"": [716, 935, 1767, 1040], ""type"": ""handwritten"", ""text"": ""пітятко чи кияхм.""}, {""bbox"": [876, 1017, 2427, 1154], ""type"": ""handwritten"", ""text"": ""Преба цілуватися, коли ви-""}, {""bbox"": [694, 1126, 2426, 1254], ""type"": ""handwritten"", ""text"": ""подове погода, і казати те, що на""}, {""bbox"": [698, 1207, 2289, 1346], ""type"": ""handwritten"", ""text"": ""дулиці. Немає чосу на півтони.""}, {""bbox"": [695, 1318, 2322, 1464], ""type"": ""handwritten"", ""text"": ""Матеріальні крихке, осипти""}, {""bbox"": [693, 1422, 2323, 1552], ""type"": ""handwritten"", ""text"": ""тікое крило польоті. Справжніми""}, {""bbox"": [691, 1458, 2312, 1659], ""type"": ""handwritten"", ""text"": ""таке крило польові. Справжніми виявилися тільки те, за що не""}, {""bbox"": [689, 1518, 2310, 1655], ""type"": ""handwritten"", ""text"": ""виявилися тільки те, за що не""}, {""bbox"": [690, 1609, 2441, 1756], ""type"": ""handwritten"", ""text"": ""можна схопитися руками: спога-""}, {""bbox"": [690, 1723, 1616, 1834], ""type"": ""handwritten"", ""text"": ""ди, сміх і любов.""}, {""bbox"": [979, 1807, 2371, 1956], ""type"": ""handwritten"", ""text"": ""Ще треба підкорити, коли""}, {""bbox"": [676, 1902, 2419, 2063], ""type"": ""handwritten"", ""text"": ""можеться. За все те, що ніким б""}, {""bbox"": [674, 2001, 2345, 2156], ""type"": ""handwritten"", ""text"": ""не мало б з нами стоятися.""}, {""bbox"": [673, 2062, 2410, 2258], ""type"": ""handwritten"", ""text"": ""не могло б з ними спітися. За те, що ми не тільки зновемо,""}, {""bbox"": [666, 2110, 2410, 2362], ""type"": ""handwritten"", ""text"": ""За те, що ми не тільки зновемо, як пишеться далекобійний фрон або""}, {""bbox"": [673, 2125, 2390, 2359], ""type"": ""handwritten"", ""text"": ""За те, що ми не тільки звіємо, як пишеться далекобійний фрон або""}, {""bbox"": [656, 2213, 2411, 2368], ""type"": ""handwritten"", ""text"": ""як пишеться долекобійний фронт або""}, {""bbox"": [659, 2233, 2414, 2470], ""type"": ""handwritten"", ""text"": ""як пишеться долекобійний дрон або балістична ракета, а й розрізняє-""}, {""bbox"": [659, 2290, 2416, 2478], ""type"": ""handwritten"", ""text"": ""болістична ракета, а й розрізняє-""}, {""bbox"": [651, 2419, 1418, 2536], ""type"": ""handwritten"", ""text"": ""моїх на слух.""}, {""bbox"": [986, 2473, 2256, 2668], ""type"": ""handwritten"", ""text"": ""Росіяни хочуть, щоб ми""}, {""bbox"": [659, 2617, 2377, 2777], ""type"": ""handwritten"", ""text"": ""стали схожими на них - скрипку""}, {""bbox"": [662, 2686, 2213, 2859], ""type"": ""handwritten"", ""text"": ""вічній гризоті. А ми булило""}, {""bbox"": [660, 2715, 2294, 2975], ""type"": ""handwritten"", ""text"": ""вічний гризоті. А ми будемо\nжити цікаво - всупереч історії, і""}, {""bbox"": [662, 2802, 2312, 2975], ""type"": ""handwritten"", ""text"": ""жити цікаво - всупереч історії, і""}, {""bbox"": [659, 2889, 2138, 3076], ""type"": ""handwritten"", ""text"": ""зарядил тих, хто після нас""}]"
39d587b7-6ea0-42db-8ae4-6c72d70f006b.jpg,"[{""bbox"": [541, 53, 1097, 131], ""type"": ""handwritten"", ""text"": ""Радіодиктант 2025""}, {""bbox"": [584, 136, 969, 195], ""type"": ""handwritten"", ""text"": ""Отреба життя""}, {""bbox"": [309, 185, 1373, 239], ""type"": ""handwritten"", ""text"": ""Жити треба цікаво - читати книжки,""}, {""bbox"": [262, 229, 1397, 287], ""type"": ""handwritten"", ""text"": ""ходити в театр, дисерувати по Олт-""}, {""bbox"": [250, 272, 398, 320], ""type"": ""handwritten"", ""text"": ""/дна.""}, {""bbox"": [306, 303, 1402, 355], ""type"": ""handwritten"", ""text"": ""Преба знати! Не в півсилі, не трошки,""}, {""bbox"": [254, 346, 1407, 396], ""type"": ""handwritten"", ""text"": ""не завтра, не після. По-справжньому! Зараз!""}, {""bbox"": [433, 389, 1310, 436], ""type"": ""handwritten"", ""text"": ""а гладити котів, збирати гриб""}, {""bbox"": [255, 427, 1412, 474], ""type"": ""handwritten"", ""text"": ""везти цукерку із аромату на Інтер-сіті""}, {""bbox"": [244, 467, 1421, 516], ""type"": ""handwritten"", ""text"": ""робити ремонт і приносити щастя тим,""}, {""bbox"": [242, 547, 1423, 591], ""type"": ""handwritten"", ""text"": ""ками і донагнити на військо, вимірукувати""}, {""bbox"": [232, 585, 1395, 633], ""type"": ""handwritten"", ""text"": ""реби і генератори, а це, нимпорити, вего-""}, {""bbox"": [433, 626, 1310, 673], ""type"": ""handwritten"", ""text"": ""в міжверії ботсаду, бо на перши""}, {""bbox"": [230, 667, 1135, 710], ""type"": ""handwritten"", ""text"": ""урок треба принести кабелтанів.""}, {""bbox"": [275, 702, 1376, 749], ""type"": ""handwritten"", ""text"": ""Треба любити свій дім, навіть якщо він""}, {""bbox"": [463, 744, 1339, 790], ""type"": ""handwritten"", ""text"": ""вий і далеко від справжнього дом""}, {""bbox"": [242, 785, 1344, 830], ""type"": ""handwritten"", ""text"": ""того, що в секції. Треба здавати кров,""}, {""bbox"": [245, 821, 1400, 868], ""type"": ""handwritten"", ""text"": ""може з нею, ще в глибинь серці поселить-""}, {""bbox"": [463, 860, 1339, 907], ""type"": ""handwritten"", ""text"": ""до слів: допіру, ніттятко чи киє""}, {""bbox"": [285, 902, 1381, 945], ""type"": ""handwritten"", ""text"": ""Треба чекуватись, коли випадає нагода!""}, {""bbox"": [242, 940, 1409, 986], ""type"": ""handwritten"", ""text"": ""казати тільки, що на думці. Немає часу напівто""}, {""bbox"": [236, 1059, 1379, 1108], ""type"": ""handwritten"", ""text"": ""тв, за що не можема, схопитися руками-""}, {""bbox"": [235, 1100, 810, 1145], ""type"": ""handwritten"", ""text"": ""спогади, сміх і любов.""}, {""bbox"": [279, 1137, 1327, 1184], ""type"": ""handwritten"", ""text"": ""Нужно плакать, пока можно.""}, {""bbox"": [240, 1179, 1292, 1227], ""type"": ""handwritten"", ""text"": ""За все те, що ніколи б немало з нами""}, {""bbox"": [239, 1295, 1304, 1345], ""type"": ""handwritten"", ""text"": ""тична ракета, а й розрізняємо їх на""}, {""bbox"": [248, 1340, 371, 1390], ""type"": ""handwritten"", ""text"": ""слух,""}, {""bbox"": [261, 1369, 1381, 1418], ""type"": ""handwritten"", ""text"": ""Росіяни хочуть, щоб ми стали схожими.""}, {""bbox"": [244, 1411, 1374, 1460], ""type"": ""handwritten"", ""text"": ""ми на них-скніли у вічній гризоти. Ж,""}, {""bbox"": [244, 1450, 1405, 1499], ""type"": ""handwritten"", ""text"": ""ми будемо нечити \""цікаво, всупереч історії\""""}, {""bbox"": [249, 1534, 743, 1578], ""type"": ""handwritten"", ""text"": ""міє нашою мовою.""}]"
3a04e16a-c8d5-4a58-a5a8-b8774ffc32be.jpg,"[{""bbox"": [117, 180, 655, 398], ""type"": ""image"", ""text"": """"}, {""bbox"": [51, 456, 1409, 658], ""type"": ""handwritten"", ""text"": ""~ 7.18\nσpq (φ) = εp1q1 - εp0q1 = εp1q1 - ε p1q1 / iρ""}, {""bbox"": [42, 460, 261, 530], ""type"": ""handwritten"", ""text"": ""~7.13""}, {""bbox"": [53, 631, 779, 735], ""type"": ""handwritten"", ""text"": ""для молока (ip = 0,894)""}, {""bbox"": [53, 725, 1622, 851], ""type"": ""handwritten"", ""text"": ""+200 - 1200 / 0,897 = 1200 - 1337,79 = -137,79 тыс. грн""}, {""bbox"": [53, 725, 1622, 851], ""type"": ""formula"", ""text"": ""$1200 - \\frac{1200}{0,897} = 1200 - 1337,79 = -137,79 \\text{ мкм } \\gamma \\text{H}$""}, {""bbox"": [48, 845, 946, 938], ""type"": ""handwritten"", ""text"": ""Для синтеза (i_p = 1,158)""}, {""bbox"": [72, 928, 1611, 1051], ""type"": ""handwritten"", ""text"": ""900 - 900/1,158 = 900 - 447,2 = + 1 x 2,8 mmo. qm""}, {""bbox"": [53, 1081, 255, 1140], ""type"": ""handwritten"", ""text"": ""всвao""}, {""bbox"": [50, 1082, 255, 1141], ""type"": ""handwritten"", ""text"": ""всвao""}, {""bbox"": [44, 1137, 863, 1228], ""type"": ""formula"", ""text"": ""-137,79+122,8=-14,59""}, {""bbox"": [26, 1233, 1805, 1415], ""type"": ""formula"", ""text"": ""$$\\Sigma _ { p } = \\frac { \\dot { \\Sigma } _ { p } \\, l _ { 1 } \\, l _ { 2 } } { \\Sigma _ { p } \\, l _ { 1 } \\, l _ { 2 } } = \\frac { 2 1 0 0 } { 1 3 3 7 , 7 9 + 7 7 7 , 2 } = 9 9 9 2 9 ( 9 9 , 2 9 9 0 )$$""}, {""bbox"": [37, 1424, 1362, 1571], ""type"": ""formula"", ""text"": ""$$I = \\frac { 1 } { \\frac { 1 } { p } } = \\frac { 1 } { 0 . 9 9 9 2 9 } = 1 . 0 0 0 7 1 ( 1 0 0 , 7 1 9 0 )$$""}, {""bbox"": [25, 1613, 255, 1690], ""type"": ""formula"", ""text"": ""$\\sim 8.13$""}, {""bbox"": [43, 1701, 195, 1769], ""type"": ""formula"", ""text"": ""x=2""}, {""bbox"": [45, 1754, 1308, 1911], ""type"": ""formula"", ""text"": ""$$a = \\frac { t ^ { 2 } \\sqrt { 2 } \\pi } { \\beta ^ { 2 } \\pi + t ^ { 2 } \\sqrt { 2 } } , t ^ { 2 } = 4 , \\sqrt { 2 } = 1 9 , 8$$""}, {""bbox"": [42, 1938, 802, 2036], ""type"": ""formula"", ""text"": ""$$\\Delta ^ { 2 } = 9 , 0 2 5 = 9 0 0 0 6 2 5$$""}, {""bbox"": [43, 2046, 357, 2125], ""type"": ""formula"", ""text"": ""$$n = 7 0 0 0$$""}, {""bbox"": [44, 2101, 1649, 2330], ""type"": ""formula"", ""text"": ""$$n = \\frac { 4 \\cdot 1 0 ^ { 8 } \\cdot 4 0 0 0 } { 9 , 0 0 0 6 2 5 \\cdot 4 0 0 0 \\cdot 4 \\cdot 1 0 ^ { 8 } } = \\frac { 3 0 2 4 0 0 } { 4 4 , 5 7 5 } = 6 3 5 6$$""}, {""bbox"": [32, 2340, 1545, 2468], ""type"": ""handwritten"", ""text"": ""відповідь; потрібно оглядувати в 356 сімей.""}, {""bbox"": [13, 2665, 384, 2773], ""type"": ""annotation"", ""text"": ""24.12.2025""}]"
3a2f413e-5251-4be1-b39a-85029cea053c.jpg,"[{""bbox"": [26, 0, 1528, 82], ""type"": ""handwritten"", ""text"": ""трива зустрічі приблизно 1,5 години, з ним""}, {""bbox"": [37, 66, 1527, 157], ""type"": ""handwritten"", ""text"": ""ще в числу серії посільських мобов""}, {""bbox"": [37, 147, 1624, 249], ""type"": ""handwritten"", ""text"": ""до слів \""допіру\"", \""пітметко\"" чи \""кілеху\"".""}, {""bbox"": [39, 233, 1624, 330], ""type"": ""handwritten"", ""text"": ""треба уникати, коли випадає негоду,""}, {""bbox"": [41, 320, 1525, 408], ""type"": ""handwritten"", ""text"": "",\""казати те, що на думці. Кешає""}, {""bbox"": [57, 396, 1476, 487], ""type"": ""handwritten"", ""text"": ""часу на півтони. Матеріальне -""}, {""bbox"": [65, 476, 1589, 563], ""type"": ""handwritten"", ""text"": ""крихке, життє тікає крізь пальці:""}, {""bbox"": [65, 482, 1589, 574], ""type"": ""handwritten"", ""text"": ""крихке. жестяк тікає крізь пальці;""}, {""bbox"": [64, 563, 1546, 661], ""type"": ""handwritten"", ""text"": ""Справжнім виявилось тільки те,""}, {""bbox"": [69, 653, 1540, 749], ""type"": ""handwritten"", ""text"": ""за що не мотила схопився журами:""}, {""bbox"": [63, 741, 993, 832], ""type"": ""handwritten"", ""text"": ""спочатку, синіх і моров.""}, {""bbox"": [57, 813, 1571, 927], ""type"": ""handwritten"", ""text"": ""ще треба шмати, коли можеся!""}, {""bbox"": [44, 918, 1540, 1017], ""type"": ""handwritten"", ""text"": ""за все те, що ніколи б не мали з""}, {""bbox"": [43, 1013, 1460, 1104], ""type"": ""handwritten"", ""text"": ""нами статися. За те, що ми не""}, {""bbox"": [53, 1096, 1232, 1191], ""type"": ""handwritten"", ""text"": ""тільки знаємо, як пишеться""}, {""bbox"": [41, 1186, 1568, 1290], ""type"": ""handwritten"", ""text"": ""\""дальнобійний дрон\"" або \""балістична""}, {""bbox"": [71, 1279, 1501, 1375], ""type"": ""handwritten"", ""text"": ""\""ракета\"", але й розрізняємо їх на""}, {""bbox"": [78, 1367, 262, 1459], ""type"": ""handwritten"", ""text"": ""алих.""}, {""bbox"": [71, 1427, 1368, 1535], ""type"": ""handwritten"", ""text"": ""Росіяни хочуть, щоб ми стали""}, {""bbox"": [83, 1512, 1568, 1620], ""type"": ""handwritten"", ""text"": ""схожими на них, сними у вісімі""}, {""bbox"": [81, 1610, 403, 1698], ""type"": ""handwritten"", ""text"": ""епизомі.""}, {""bbox"": [84, 1681, 1605, 1791], ""type"": ""handwritten"", ""text"": ""А ми вудемо жити цікаво, виперег""}, {""bbox"": [79, 1778, 1553, 1889], ""type"": ""handwritten"", ""text"": ""історії, і заради тих, хто підд""}, {""bbox"": [79, 1858, 1544, 1972], ""type"": ""handwritten"", ""text"": ""нас говорите мне нашою любою!""}]"
3b4990e0-d71c-4e12-a083-a306730eb52b.jpg,"[{""bbox"": [267, 44, 426, 84], ""type"": ""handwritten"", ""text"": ""Треба жити""}, {""bbox"": [52, 119, 862, 192], ""type"": ""handwritten"", ""text"": ""Жити треба цікаво: читати книжки, ходити в театр, дресирувати""}, {""bbox"": [38, 167, 196, 215], ""type"": ""handwritten"", ""text"": ""nca! Таргана.""}, {""bbox"": [69, 213, 816, 271], ""type"": ""handwritten"", ""text"": ""Треба жити, не впівсвічі, не трошки, не завтра, не після.""}, {""bbox"": [70, 215, 819, 272], ""type"": ""handwritten"", ""text"": ""Треба жити, не впівсими, не трошки, не завтра, не після.""}, {""bbox"": [49, 260, 842, 326], ""type"": ""handwritten"", ""text"": ""Но-справжньому. Зараз. Треба швидко копів, збирати чуди,""}, {""bbox"": [38, 301, 790, 367], ""type"": ""handwritten"", ""text"": ""вести чуженат з фронту на Intercity, робочі решток""}, {""bbox"": [41, 354, 828, 405], ""type"": ""handwritten"", ""text"": ""приносити частку тим, кого любила. Треба купувати сукні з""}, {""bbox"": [38, 393, 876, 447], ""type"": ""handwritten"", ""text"": ""челівками і донатити на військо, вишукувати реда і генератори""}, {""bbox"": [39, 410, 856, 485], ""type"": ""handwritten"", ""text"": ""а це нішпористи векторами у міжрядді або під садом, до на""}, {""bbox"": [40, 448, 574, 513], ""type"": ""handwritten"", ""text"": ""перший урок треба принести каштанів.""}, {""bbox"": [75, 484, 859, 560], ""type"": ""handwritten"", ""text"": ""Преба любити свій дім, навіть якщо він нимгасовий і далеко справжнього дому.""}, {""bbox"": [37, 540, 899, 641], ""type"": ""handwritten"", ""text"": ""у справжнього ділу - того, що в серці. Треба здавати кров і, може, з\nнею в це чимось серці посвятити любов до слів: допіру, тільки""}, {""bbox"": [37, 566, 902, 647], ""type"": ""handwritten"", ""text"": ""нено в це чиїльдес серці повинна любов до слів: дочіру, мітілко""}, {""bbox"": [50, 578, 892, 703], ""type"": ""handwritten"", ""text"": ""в це чимусь серці посиплять чобов до слів: допіру, вітатко\nкільки.\nТреба чимусься, коли випадає надда, і карати те, що на думці""}, {""bbox"": [42, 599, 191, 639], ""type"": ""handwritten"", ""text"": ""ни княжий.""}, {""bbox"": [55, 633, 879, 727], ""type"": ""handwritten"", ""text"": ""Треба чу́ваватися, коли випадає кайдан, і казати те, що на думці""}, {""bbox"": [25, 655, 873, 751], ""type"": ""handwritten"", ""text"": ""реба чу́вствуватися, коли випадає падда, і кахати те, що на душі. Намає часу на півночі. Матрігало́те-крихке життя тікає крізь пальці. Справжнім виявилася дільки те, за що не можна змінити.""}, {""bbox"": [24, 683, 861, 780], ""type"": ""handwritten"", ""text"": ""віддає часу на півтони. Матеріально-крихке, життя таке фізь нальш спогади, вихі; любов.""}, {""bbox"": [58, 727, 852, 826], ""type"": ""handwritten"", ""text"": ""вади, сих і любов, за що не можна скопитись руками: Ще треба пікати, коли можеться. За все те, що кілом 5 не мало""}, {""bbox"": [20, 730, 312, 772], ""type"": ""handwritten"", ""text"": ""спогади, раних і любов.""}, {""bbox"": [66, 762, 823, 860], ""type"": ""handwritten"", ""text"": ""Ще треба підкати, коли можеться. За все те, що кілом б не мо\nани статися. За те, що ми не тільки знаємо, як пишеться""}, {""bbox"": [25, 803, 770, 868], ""type"": ""handwritten"", ""text"": ""з нашими статтями. За те, що ми не тільки знаємо, але пишемося""}, {""bbox"": [16, 804, 750, 897], ""type"": ""handwritten"", ""text"": ""з ками статис. За те, що ми не тільки знаємо, як пишеться \""дальновідний дрон\"" або \""балістична ракета\"", але й розріз""}, {""bbox"": [24, 825, 851, 902], ""type"": ""handwritten"", ""text"": ""однаковійший дрон \""або \""байістична ракета\"", але й розрізняють їх""}, {""bbox"": [57, 847, 854, 966], ""type"": ""handwritten"", ""text"": ""виконаний дрон \""або \""балистична ракета\"", але і розрізняють їх\nросіяни хотів, щоб вони стали схожими на них, але""}, {""bbox"": [36, 867, 172, 904], ""type"": ""handwritten"", ""text"": ""на ,силу х.""}, {""bbox"": [64, 890, 848, 988], ""type"": ""handwritten"", ""text"": ""Росіяни хочу, щоб ми стали схожими на них, звіні, у вігний\nміоті. А ми будемо жити між ними.""}, {""bbox"": [30, 917, 850, 1019], ""type"": ""handwritten"", ""text"": ""Господа хочу, щоб ми стали схожими на них, звіні у вігній\nаридоті. А ми будемо жити цікаво-всекерез історії і забудемо\nхто після нас говоритиме нашою історією.""}, {""bbox"": [27, 968, 604, 1036], ""type"": ""handwritten"", ""text"": ""хто після нас буде жити цікаво-всупереч говоритиме нашою любвою.""}]"
3bc2244f-ea4a-4c1e-86bf-defa0f11402f.jpg,"[{""bbox"": [598, 193, 1116, 284], ""type"": ""handwritten"", ""text"": ""Ферба пытси""}, {""bbox"": [366, 275, 1365, 351], ""type"": ""handwritten"", ""text"": ""Жити треба цікаво: читати""}, {""bbox"": [238, 340, 1364, 417], ""type"": ""handwritten"", ""text"": ""кинешки, ходите в театр, аре""}, {""bbox"": [249, 403, 1324, 471], ""type"": ""handwritten"", ""text"": ""серубарии вся Натроне.""}, {""bbox"": [340, 463, 1333, 543], ""type"": ""handwritten"", ""text"": ""Треба жити. Не в рівсими,""}, {""bbox"": [237, 522, 1350, 607], ""type"": ""handwritten"", ""text"": ""не троллики, не завтра, не писья""}, {""bbox"": [238, 589, 1265, 672], ""type"": ""handwritten"", ""text"": ""Но-справнимому! Зараз! Біреба""}, {""bbox"": [214, 657, 1261, 733], ""type"": ""handwritten"", ""text"": ""младших котів, збираючи гриби,""}, {""bbox"": [224, 717, 1345, 797], ""type"": ""handwritten"", ""text"": ""більше пульситетів із архівів на""}, {""bbox"": [215, 769, 1357, 861], ""type"": ""handwritten"", ""text"": ""\""обтерсіті\"", робити Ореломт і при-""}, {""bbox"": [220, 848, 1373, 927], ""type"": ""handwritten"", ""text"": ""любити кусять тим, кого любиш""}, {""bbox"": [216, 904, 1379, 987], ""type"": ""handwritten"", ""text"": ""Треба курювання сукні з мелітками.""}, {""bbox"": [220, 934, 1381, 1052], ""type"": ""handwritten"", ""text"": ""корова курування сусіні з мелітками і домаржити на військв, вимінукува-""}, {""bbox"": [218, 971, 1380, 1062], ""type"": ""handwritten"", ""text"": ""і домарити на військв, вимінукува""}, {""bbox"": [211, 1035, 1255, 1111], ""type"": ""handwritten"", ""text"": ""тві РЕБи і генератори, а під""}, {""bbox"": [226, 1096, 1346, 1178], ""type"": ""handwritten"", ""text"": ""неміпорити ве́бралася в мініс'яр'і""}, {""bbox"": [234, 1158, 1239, 1237], ""type"": ""handwritten"", ""text"": ""ботсаду, бо на перший урок""}, {""bbox"": [231, 1225, 1191, 1299], ""type"": ""handwritten"", ""text"": ""треба принести калитанів.""}, {""bbox"": [219, 1289, 1344, 1368], ""type"": ""handwritten"", ""text"": ""Боре́ба любити свій дім, на-""}, {""bbox"": [202, 1347, 1341, 1431], ""type"": ""handwritten"", ""text"": ""віть, якщо він тимчасовий і да-""}, {""bbox"": [205, 1416, 1345, 1490], ""type"": ""handwritten"", ""text"": ""лего від справжнього даниу-того""}, {""bbox"": [222, 1478, 1350, 1555], ""type"": ""handwritten"", ""text"": ""що в 9 серії. Треба здавати кров""}, {""bbox"": [235, 1542, 1267, 1617], ""type"": ""handwritten"", ""text"": ""і, може, з нею не було чимливо""}, {""bbox"": [220, 1609, 1340, 1709], ""type"": ""handwritten"", ""text"": ""серії посібників любов до слив, до""}]"
3c29b80c-3ece-4a81-abae-3a396b16abcd.jpg,"[{""bbox"": [760, 58, 1359, 201], ""type"": ""handwritten"", ""text"": ""Треба всієти""}, {""bbox"": [268, 210, 2318, 323], ""type"": ""handwritten"", ""text"": ""Жити преда ужаво : читати књиге, ходити у театар""}, {""bbox"": [143, 329, 1182, 467], ""type"": ""handwritten"", ""text"": ""заслуговать не статус""}, {""bbox"": [139, 330, 1193, 467], ""type"": ""handwritten"", ""text"": ""заслуговать не статус.""}, {""bbox"": [217, 444, 2072, 565], ""type"": ""handwritten"", ""text"": ""Треба жити. Не в лів сили, не той,""}, {""bbox"": [109, 560, 2142, 704], ""type"": ""handwritten"", ""text"": ""не завтра, не після. То справжньою. Зараз!""}, {""bbox"": [87, 682, 2111, 816], ""type"": ""handwritten"", ""text"": ""Преба гнадити копів, збирати гриби, веселі уд-""}, {""bbox"": [106, 805, 1931, 948], ""type"": ""handwritten"", ""text"": ""ценит із фронту на \""Гіперсіту\"", подив""}, {""bbox"": [108, 930, 2099, 1046], ""type"": ""handwritten"", ""text"": ""ремонта та приносити участь тим - кого""}, {""bbox"": [106, 938, 2099, 1054], ""type"": ""handwritten"", ""text"": ""ремонт та приносит ущерб тим - кого""}, {""bbox"": [96, 1047, 2210, 1177], ""type"": ""handwritten"", ""text"": ""емовимо. Треба купувати сукні з елітівками""}, {""bbox"": [93, 1173, 2223, 1307], ""type"": ""handwritten"", ""text"": ""і приносити частку ділень розпати на військо,""}, {""bbox"": [87, 1286, 1914, 1426], ""type"": ""handwritten"", ""text"": ""вимкнувати леби на генераторі, а сце""}, {""bbox"": [81, 1401, 2092, 1551], ""type"": ""handwritten"", ""text"": ""иммунитета вегетарианца в снежной роще саду,""}, {""bbox"": [90, 1549, 1862, 1677], ""type"": ""handwritten"", ""text"": ""до 11а первый урок треба принеси""}, {""bbox"": [80, 1684, 553, 1773], ""type"": ""handwritten"", ""text"": ""кашета и б.""}, {""bbox"": [185, 1788, 2137, 1911], ""type"": ""handwritten"", ""text"": ""Треба любити свій дім навіть, якщо він""}, {""bbox"": [55, 1910, 2023, 2037], ""type"": ""handwritten"", ""text"": ""пішчасовіє і дано від справжнього""}, {""bbox"": [78, 2024, 2086, 2165], ""type"": ""handwritten"", ""text"": ""дому - того, что в сердце. Треба здавали""}, {""bbox"": [92, 2146, 2056, 2287], ""type"": ""handwritten"", ""text"": ""кров - і силою з нею, ще вченістю""}, {""bbox"": [79, 2276, 2153, 2416], ""type"": ""handwritten"", ""text"": ""сердці посміяться емодів до сльб, до піру,""}, {""bbox"": [59, 2423, 905, 2528], ""type"": ""handwritten"", ""text"": ""ліберко си кеехч.""}, {""bbox"": [66, 2528, 1857, 2656], ""type"": ""handwritten"", ""text"": ""§ Преба зіснуватися коли випадає""}, {""bbox"": [57, 2660, 2062, 2786], ""type"": ""handwritten"", ""text"": ""нагода і казати те, що на думку""}, {""bbox"": [26, 2781, 2236, 2928], ""type"": ""handwritten"", ""text"": ""Немає часу, на пів ночі. Матеріальні, крихке""}]"
3db56843-9ebc-4f59-b882-266e02182e6e.jpg,"[{""bbox"": [835, 195, 1741, 387], ""type"": ""handwritten"", ""text"": ""Треба жити!""}, {""bbox"": [582, 446, 2359, 632], ""type"": ""handwritten"", ""text"": ""Жити треба цікаво: гитати""}, {""bbox"": [292, 630, 2404, 837], ""type"": ""handwritten"", ""text"": ""книжки, ходити в театр, дресируваю""}, {""bbox"": [323, 804, 1169, 974], ""type"": ""handwritten"", ""text"": ""пса Патрона.""}, {""bbox"": [536, 950, 2402, 1143], ""type"": ""handwritten"", ""text"": ""треба жити! Не в пів сили, не""}, {""bbox"": [274, 1142, 2269, 1326], ""type"": ""handwritten"", ""text"": ""трошки, не завтра, не після. По-""}, {""bbox"": [273, 1313, 2391, 1516], ""type"": ""handwritten"", ""text"": ""справжньому! Зараз! Треба падити""}, {""bbox"": [262, 1490, 2450, 1700], ""type"": ""handwritten"", ""text"": ""котів, збірати гриби, везти цукеркі""}, {""bbox"": [248, 1678, 2395, 1866], ""type"": ""handwritten"", ""text"": ""із дрониці на \""Інтерсіті\"", робити""}, {""bbox"": [234, 1856, 2425, 2045], ""type"": ""handwritten"", ""text"": ""ремонт і приносити щастя тим,""}, {""bbox"": [236, 2038, 2384, 2240], ""type"": ""handwritten"", ""text"": ""кого любишь. Треба купувати сукні""}, {""bbox"": [224, 2224, 2354, 2411], ""type"": ""handwritten"", ""text"": ""млітками і донатити на військо,""}, {""bbox"": [200, 2392, 2302, 2619], ""type"": ""handwritten"", ""text"": ""вимірювати РЕБи і генератори,""}, {""bbox"": [202, 2589, 2262, 2798], ""type"": ""handwritten"", ""text"": ""а ще намирати вегорами в""}, {""bbox"": [175, 2787, 2294, 2992], ""type"": ""handwritten"", ""text"": ""міжар'ї Ботеаду, бо на перший""}, {""bbox"": [166, 2969, 2288, 3192], ""type"": ""handwritten"", ""text"": ""урок треба принести каштанів.""}, {""bbox"": [419, 3170, 2460, 3377], ""type"": ""handwritten"", ""text"": ""Треба любити свій дім, навіть""}, {""bbox"": [175, 3366, 2197, 3588], ""type"": ""handwritten"", ""text"": ""якщо він тимчасовий і далеко від""}, {""bbox"": [144, 3563, 2243, 3828], ""type"": ""handwritten"", ""text"": ""справжнього дому, того що в серці.""}]"
3e441d16-245d-552b-8f44-06206bf42ac7.jpg,"[{""bbox"": [470, 848, 3518, 1198], ""type"": ""handwritten"", ""text"": ""5. дробна одиниця, що дорівнює одній десятій однієї дрібної""}, {""bbox"": [497, 999, 3518, 1375], ""type"": ""handwritten"", ""text"": ""5. дольна одиниця, що дорівнює одній десятків.\n6. Кіностудія Windows призначена для""}, {""bbox"": [510, 1123, 3517, 1517], ""type"": ""handwritten"", ""text"": ""6. Кіно студія Windows призначена для створення відео фільмів, що мон""}, {""bbox"": [562, 1298, 3614, 1558], ""type"": ""handwritten"", ""text"": ""створення відео фільмів, що власн""}, {""bbox"": [570, 1320, 3620, 1728], ""type"": ""handwritten"", ""text"": ""створення відео орієнів, що змогу\nмістити відеофрагментами, фото, зву""}, {""bbox"": [611, 1504, 3620, 1930], ""type"": ""handwritten"", ""text"": ""містити відеофрагментами, фото, зву\nвні супровід, різноманітні танці""}, {""bbox"": [604, 1705, 3619, 2093], ""type"": ""handwritten"", ""text"": ""вий супровід, різноманітні мініс\n4. 1. етап - розраховується сменні цемарії""}, {""bbox"": [599, 1862, 3618, 2112], ""type"": ""handwritten"", ""text"": ""4. 1. етан - розраховується сменна цемарія""}, {""bbox"": [846, 2037, 3750, 2267], ""type"": ""handwritten"", ""text"": ""2 етап - виконується підготовка аудіо,""}, {""bbox"": [943, 2230, 3348, 2476], ""type"": ""handwritten"", ""text"": ""фото та відеоматеріалів""}, {""bbox"": [896, 2401, 3823, 2693], ""type"": ""handwritten"", ""text"": ""3 етап - виконуються шості відеороли""}]"
3e920349-b25e-5705-8d5c-839aed38f6c2.jpg,"[{""bbox"": [1143, 16, 2322, 275], ""type"": ""handwritten"", ""text"": ""Домашние робота""}, {""bbox"": [1529, 223, 1851, 418], ""type"": ""handwritten"", ""text"": ""n=13.5""}, {""bbox"": [1478, 444, 2267, 841], ""type"": ""formula"", ""text"": ""$$\\frac { x \\vert x \\vert - x \\vert x , x \\vert } { y \\vert y \\vert }$$""}, {""bbox"": [79, 447, 1230, 834], ""type"": ""table"", ""text"": ""x|-3|-0,5|2,5|\ny|9|0,3|6,3|""}, {""bbox"": [72, 969, 1545, 1158], ""type"": ""handwritten"", ""text"": ""3) y > 1. а) x ≥ 0 x = 2, x = -2, x = 3""}, {""bbox"": [168, 1181, 1669, 1360], ""type"": ""handwritten"", ""text"": ""y≤1, x∈[−2,0], x=−0.5, x=0""}, {""bbox"": [1232, 1306, 1531, 1504], ""type"": ""handwritten"", ""text"": ""No 13.7""}, {""bbox"": [1274, 1554, 3021, 3146], ""type"": ""image"", ""text"": """"}, {""bbox"": [1274, 1554, 3021, 3146], ""type"": ""graph"", ""text"": """"}, {""bbox"": [97, 1560, 1288, 1735], ""type"": ""formula"", ""text"": ""$y = x^{2}, \\text{ при } -2 \\leq x \\leq 3.$""}, {""bbox"": [91, 1735, 1742, 2162], ""type"": ""table"", ""text"": ""x|-2|-1|0|1|2|3\ny|4|1|0|1|4|3""}, {""bbox"": [1520, 3395, 1870, 3623], ""type"": ""handwritten"", ""text"": ""n°139.""}]"
3f0e94da-d247-523a-9278-1a407a6cc828.jpg,"[{""bbox"": [1079, 61, 3277, 270], ""type"": ""handwritten"", ""text"": ""Краще уважно слухати""}, {""bbox"": [1075, 63, 3277, 286], ""type"": ""handwritten"", ""text"": ""Квадрат зовнішній лісниця""}, {""bbox"": [1075, 261, 3292, 457], ""type"": ""handwritten"", ""text"": ""Поміння роботи.""}, {""bbox"": [399, 446, 3373, 646], ""type"": ""handwritten"", ""text"": ""взяла насту́жься не стояла,""}, {""bbox"": [412, 634, 3317, 831], ""type"": ""handwritten"", ""text"": ""Не играет кора ноги здорова""}, {""bbox"": [398, 819, 3095, 1012], ""type"": ""handwritten"", ""text"": ""не звернена, якщо""}, {""bbox"": [401, 991, 3373, 1182], ""type"": ""handwritten"", ""text"": ""когда то доча не прошл""}, {""bbox"": [399, 1173, 3366, 1365], ""type"": ""handwritten"", ""text"": ""Жилетка була від турецької кокарди""}, {""bbox"": [390, 1351, 3376, 1552], ""type"": ""handwritten"", ""text"": ""арю, прозоре диво каліпсоме""}, {""bbox"": [455, 1528, 3475, 1721], ""type"": ""handwritten"", ""text"": ""5. Любовно тільки від рудих""}, {""bbox"": [409, 1706, 3333, 1905], ""type"": ""handwritten"", ""text"": ""і сонячно зоштрихованого""}, {""bbox"": [454, 1882, 3476, 2081], ""type"": ""handwritten"", ""text"": ""дня. Дивися і не нодаривася.""}, {""bbox"": [455, 2063, 3477, 2257], ""type"": ""handwritten"", ""text"": ""дними і кращими, дрібними""}, {""bbox"": [481, 2243, 3476, 2453], ""type"": ""handwritten"", ""text"": ""ленинам, лорочкам, в паху ясев""}, {""bbox"": [481, 2422, 1466, 2612], ""type"": ""handwritten"", ""text"": ""побітній.""}]"
3f40ba84-b3ae-4b3a-87db-707257a4993a.jpg,"[{""bbox"": [59, 21, 517, 96], ""type"": ""handwritten"", ""text"": ""4) індійське право:""}, {""bbox"": [69, 80, 1537, 176], ""type"": ""handwritten"", ""text"": ""національна правова система Індії, склад. з Конституції Індії, законів парламенту Індії,""}, {""bbox"": [52, 126, 1619, 279], ""type"": ""handwritten"", ""text"": ""законодавчі права системи Індії склад з конституції Індії, законів в парламенту, судових прецедентів, включних англомаєксонської системи підзаконні акти, норми релігійного права, має світівні характеристики засноване на дивних тенях Всесвіту""}, {""bbox"": [51, 210, 1037, 308], ""type"": ""handwritten"", ""text"": ""засноване на давніх текстах, Ведах, Свріті:""}, {""bbox"": [87, 286, 445, 356], ""type"": ""handwritten"", ""text"": ""Индусское право:""}, {""bbox"": [44, 330, 1391, 439], ""type"": ""handwritten"", ""text"": ""традиційне релігійне право індусів, гасійна особистісне права""}, {""bbox"": [47, 359, 1656, 505], ""type"": ""handwritten"", ""text"": ""- правдівніше релігійне право індусів, таємна особистого права\n- базується на релігії, джерелах: Ведах, Ведіті, Архамашірах, Закону Пану.""}, {""bbox"": [53, 404, 1656, 589], ""type"": ""handwritten"", ""text"": ""«вазується на релігії, джерелах: Ведах, Бхагваті, Армачастрі, Законі Пану. Традиційне індуське право застосов. в межах особистого сімейного прав тобто в правових""}, {""bbox"": [55, 466, 1652, 602], ""type"": ""handwritten"", ""text"": ""Традиційне індуське право застосовувалося в межах особистісного (сімейного) права тобто в правовідносинах, які стосувалися""}, {""bbox"": [52, 500, 1655, 660], ""type"": ""handwritten"", ""text"": ""Традиційне індуське право застосов. в межах особистого (сімейного) права тобто в правовідносинах, які стосуються сім'ї, родинного статусу, майну. Найбільше застосовується в таких справах:""}, {""bbox"": [42, 594, 1083, 690], ""type"": ""handwritten"", ""text"": ""Найбільше застосовується в таких садах:""}, {""bbox"": [31, 657, 503, 719], ""type"": ""handwritten"", ""text"": ""- імена і роззначення""}, {""bbox"": [32, 702, 379, 764], ""type"": ""handwritten"", ""text"": ""- Усиленовление""}, {""bbox"": [30, 750, 354, 816], ""type"": ""handwritten"", ""text"": ""- Спадкування""}, {""bbox"": [19, 803, 650, 882], ""type"": ""handwritten"", ""text"": ""- Сімейні обов'язки та обряди""}, {""bbox"": [39, 847, 1592, 964], ""type"": ""handwritten"", ""text"": ""вона застосовує поряд із загальноодержавними правами, яке діє для всіх\nграждан незалежно від""}, {""bbox"": [42, 865, 1623, 1019], ""type"": ""handwritten"", ""text"": ""Воно застосов. поряд із загальнодержавними правом, яке діє для всіх громадян незалежно від віросповідання (н.д. кремій ненье та адміністратив""}, {""bbox"": [45, 922, 1613, 1065], ""type"": ""handwritten"", ""text"": ""спадається від дії відповідальних правом, яке діє для всіх\nТакож у багатьох випадках особа здійснює самостійно обраний, за яким""}, {""bbox"": [43, 981, 1549, 1113], ""type"": ""handwritten"", ""text"": ""також у багатьох випадках особа може самостійно обрав, де які правом хоже вирішенні особисті справи сякщо не заборонено законом,""}, {""bbox"": [42, 1035, 1645, 1168], ""type"": ""handwritten"", ""text"": ""правові ходе вирішень особисті справи (якщо не заборонено законом). Отже, традиційне індуське право - це комплекс норм, що регулює приватні""}, {""bbox"": [41, 1111, 1600, 1219], ""type"": ""handwritten"", ""text"": ""стів, представлене індуське право - це комплекс норм, що регулює приви\nління індусів на основі релігійних принципів і зберігає свою дію в""}, {""bbox"": [32, 1172, 848, 1266], ""type"": ""handwritten"", ""text"": ""сугасній Індії з світськими правами.""}]"
3f8d8f92-c06b-4dea-a648-ad9593ece94e.jpg,"[{""bbox"": [283, 35, 752, 126], ""type"": ""handwritten"", ""text"": ""Радіодіягноз 2025""}, {""bbox"": [226, 120, 546, 188], ""type"": ""handwritten"", ""text"": ""Треба жити""}, {""bbox"": [21, 181, 1130, 260], ""type"": ""handwritten"", ""text"": ""Миги треба цікаво читати книжки, ходити""}, {""bbox"": [22, 254, 777, 328], ""type"": ""handwritten"", ""text"": ""в театр, тренувати пса патрона.""}, {""bbox"": [62, 320, 1101, 399], ""type"": ""handwritten"", ""text"": ""Треба жити. Не в пів сили, не трошки, не""}, {""bbox"": [13, 392, 1157, 465], ""type"": ""handwritten"", ""text"": ""завтра, не після. По справжньому - зараз. Треба""}, {""bbox"": [11, 459, 1141, 535], ""type"": ""handwritten"", ""text"": ""підійти котів, збирати гриби, вести чуцюння""}, {""bbox"": [11, 528, 1155, 604], ""type"": ""handwritten"", ""text"": ""з доронку на „Інтер-сіті\"" робити ремонт і прино-""}, {""bbox"": [13, 592, 796, 654], ""type"": ""handwritten"", ""text"": ""сити идустя тим кого любили.""}, {""bbox"": [77, 647, 1164, 724], ""type"": ""handwritten"", ""text"": ""Треба купувати сукні з леєтками, донатити""}, {""bbox"": [8, 715, 1114, 787], ""type"": ""handwritten"", ""text"": ""на військо, вишукувати реви, і генератори, а""}, {""bbox"": [11, 782, 1059, 854], ""type"": ""handwritten"", ""text"": ""це ніж порити вечерали в між ярі""}, {""bbox"": [14, 849, 1156, 920], ""type"": ""handwritten"", ""text"": ""під садали бо на перший урок треба прине-""}, {""bbox"": [11, 913, 388, 974], ""type"": ""handwritten"", ""text"": ""сти каштанів.""}, {""bbox"": [100, 971, 1104, 1038], ""type"": ""handwritten"", ""text"": ""Треба любити свій дім навіть якщо ви""}, {""bbox"": [9, 1033, 1122, 1108], ""type"": ""handwritten"", ""text"": ""північно-східні і далеко від справжнього дому,""}, {""bbox"": [3, 1102, 1126, 1176], ""type"": ""handwritten"", ""text"": ""того що в серці. Треба здавати кров, і може""}, {""bbox"": [7, 1169, 1147, 1244], ""type"": ""handwritten"", ""text"": ""з нею ще в чиєму серці поселяться любов""}, {""bbox"": [7, 1238, 914, 1308], ""type"": ""handwritten"", ""text"": ""до слив, до піру, пітякту, чи княхі.""}, {""bbox"": [76, 1300, 1096, 1374], ""type"": ""handwritten"", ""text"": ""Треба цілуватися коли випадає нагода""}, {""bbox"": [16, 1363, 1141, 1440], ""type"": ""handwritten"", ""text"": ""і казати те що на думці. Не має часу""}, {""bbox"": [9, 1434, 1145, 1503], ""type"": ""handwritten"", ""text"": ""на пів тони. Матеріальне крихке зпиття тікає""}, {""bbox"": [9, 1498, 1098, 1579], ""type"": ""handwritten"", ""text"": ""крізь пальці. Справжнім виявилося тільки те""}]"
40268017-c323-478e-9887-7d204b8b5ee2.jpg,"[{""bbox"": [81, 0, 1622, 64], ""type"": ""handwritten"", ""text"": ""ови пекітя, наявність підбурювалів. У такий провадження батьки чи""}, {""bbox"": [64, 54, 1656, 118], ""type"": ""handwritten"", ""text"": ""представники бруту участь, допит неповноваження, здійснюється у при-""}, {""bbox"": [46, 107, 1638, 179], ""type"": ""handwritten"", ""text"": ""дужності закривача. Від неповнолітнього може бути залучено один""}, {""bbox"": [46, 156, 647, 233], ""type"": ""handwritten"", ""text"": ""із запобіжних заходів КПК.""}, {""bbox"": [38, 233, 1634, 315], ""type"": ""handwritten"", ""text"": ""2. Згідно з ст. 27 КПК України: кримін. провадж. проводиться відкрито.""}, {""bbox"": [44, 307, 1599, 377], ""type"": ""handwritten"", ""text"": ""У певній випадкові суддя може прийняти рішення про здійснення кр пр""}, {""bbox"": [38, 368, 1027, 440], ""type"": ""handwritten"", ""text"": ""у закритому судовому засіданні, а саме сяю:""}, {""bbox"": [124, 430, 769, 498], ""type"": ""handwritten"", ""text"": "") обвинуvalений - неповинных""}, {""bbox"": [118, 491, 1518, 550], ""type"": ""handwritten"", ""text"": ""2) справді проти статевої свободи та статевої дискримінації особи""}, {""bbox"": [118, 538, 1636, 608], ""type"": ""handwritten"", ""text"": ""3) є необхідність нерозпізнавання відносно про особисте і спільне життя""}, {""bbox"": [121, 587, 1656, 659], ""type"": ""handwritten"", ""text"": ""4) је ли бодриге судове за 1999. месец привео до подношења Габиниј""}, {""bbox"": [37, 637, 631, 690], ""type"": ""handwritten"", ""text"": ""що охороняється законом,""}, {""bbox"": [122, 677, 1646, 758], ""type"": ""handwritten"", ""text"": ""3) є необхідністю забезпечити діяльність осіб, які боруться злочин у крим. провад.""}, {""bbox"": [40, 743, 1656, 824], ""type"": ""handwritten"", ""text"": ""У цій ситуації Осіннік обґрунтовує неоподаткованість тільки недружнівським""}, {""bbox"": [33, 810, 1584, 883], ""type"": ""handwritten"", ""text"": ""та серосердя перед дітьми та знайомими, що не в приймній дія""}, {""bbox"": [47, 874, 705, 949], ""type"": ""handwritten"", ""text"": ""закрытое судовое розлидну""}, {""bbox"": [121, 927, 1630, 1016], ""type"": ""handwritten"", ""text"": ""Моле, згідно з ч. 27 КПК України це кримінальне не підлягає задоволенню.""}, {""bbox"": [49, 1017, 97, 1068], ""type"": ""handwritten"", ""text"": ""3.""}, {""bbox"": [157, 1062, 199, 1117], ""type"": ""annotation"", ""text"": ""A""}, {""bbox"": [48, 1063, 137, 1121], ""type"": ""handwritten"", ""text"": ""3.1.""}, {""bbox"": [48, 1129, 137, 1183], ""type"": ""handwritten"", ""text"": ""3.2.""}, {""bbox"": [149, 1138, 190, 1184], ""type"": ""annotation"", ""text"": ""A""}, {""bbox"": [48, 1191, 138, 1253], ""type"": ""handwritten"", ""text"": ""3.3""}, {""bbox"": [46, 1260, 131, 1312], ""type"": ""handwritten"", ""text"": ""3.4.""}, {""bbox"": [45, 1260, 193, 1314], ""type"": ""handwritten"", ""text"": ""3.4.J""}, {""bbox"": [47, 1314, 134, 1373], ""type"": ""handwritten"", ""text"": ""3.5.""}, {""bbox"": [143, 1316, 186, 1369], ""type"": ""annotation"", ""text"": ""A""}, {""bbox"": [188, 1522, 416, 1581], ""type"": ""handwritten"", ""text"": ""19.06.2025""}]"
4224b634-df40-4424-ae3d-2dc7adfba528.jpg,"[{""bbox"": [44, 106, 508, 167], ""type"": ""handwritten"", ""text"": ""Тадаono, че бог так лотуе нас во се""}, {""bbox"": [44, 136, 530, 205], ""type"": ""handwritten"", ""text"": ""нас до далеких молерівок.""}, {""bbox"": [43, 166, 561, 246], ""type"": ""handwritten"", ""text"": ""це він підтримував пам'яті паданнями,""}, {""bbox"": [41, 187, 556, 282], ""type"": ""handwritten"", ""text"": ""як він підсумував колись предмети\nчоб лін зможеє колись забра\nти з собою на""}, {""bbox"": [36, 227, 552, 313], ""type"": ""handwritten"", ""text"": ""ти з собою на інші плане-""}, {""bbox"": [32, 263, 560, 344], ""type"": ""handwritten"", ""text"": ""ти з собою на іншій плане- ти свої улюблені кмітливі, міс-""}, {""bbox"": [33, 275, 529, 376], ""type"": ""handwritten"", ""text"": ""ти свої улюблені кмітливі, зірку, фотографії, картини,""}, {""bbox"": [33, 294, 523, 375], ""type"": ""handwritten"", ""text"": ""злеку, фотографії, картини,""}, {""bbox"": [36, 329, 513, 408], ""type"": ""handwritten"", ""text"": ""діяку, фотографії, картини, до як іншіше вдалося б це""}, {""bbox"": [33, 388, 185, 431], ""type"": ""handwritten"", ""text"": ""зробити.""}, {""bbox"": [109, 428, 547, 480], ""type"": ""handwritten"", ""text"": ""Отом доке Леон Маск ще""}, {""bbox"": [39, 467, 526, 515], ""type"": ""handwritten"", ""text"": ""тільки напівдорозі до інших""}, {""bbox"": [37, 496, 540, 546], ""type"": ""handwritten"", ""text"": ""світів, паперова книжка в без-""}, {""bbox"": [30, 507, 553, 579], ""type"": ""handwritten"", ""text"": ""світів, наперова кмичика в без-\nпері. Однак, деякі наскрові, ствеб""}, {""bbox"": [30, 520, 557, 582], ""type"": ""handwritten"", ""text"": ""петр. Однак, деякі науковці ствер-""}, {""bbox"": [28, 559, 550, 615], ""type"": ""handwritten"", ""text"": ""днуроть, что коли люди нарейт""}, {""bbox"": [28, 597, 520, 652], ""type"": ""handwritten"", ""text"": ""заслужить заботы и народности""}, {""bbox"": [24, 630, 553, 687], ""type"": ""handwritten"", ""text"": ""в космічних умовах нове пит-""}, {""bbox"": [22, 661, 561, 724], ""type"": ""handwritten"", ""text"": ""тя, то тоже морские дитя буде""}, {""bbox"": [24, 698, 509, 753], ""type"": ""handwritten"", ""text"": ""скоте радлес на знайомлив""}, {""bbox"": [21, 747, 487, 797], ""type"": ""handwritten"", ""text"": ""кінематографофільних образ""}, {""bbox"": [17, 785, 542, 827], ""type"": ""handwritten"", ""text"": ""енелятка, з великого головою,""}, {""bbox"": [11, 819, 561, 867], ""type"": ""handwritten"", ""text"": ""очима на пів обличчя, слабкими""}, {""bbox"": [13, 860, 544, 910], ""type"": ""handwritten"", ""text"": ""м'ядалися. Фільм мого, на відміну""}, {""bbox"": [3, 1145, 205, 1186], ""type"": ""printed"", ""text"": ""холи №30 м. Харкова слухають\nшіє концерту Росії""}, {""bbox"": [4, 1170, 206, 1208], ""type"": ""printed"", ""text"": ""Розіграші концерту Республіканського\nразіокомітету (1931 рік)""}, {""bbox"": [440, 1180, 482, 1191], ""type"": ""printed"", ""text"": ""/no_think""}, {""bbox"": [438, 1193, 484, 1200], ""type"": ""printed"", ""text"": """"}, {""bbox"": [438, 1201, 485, 1209], ""type"": ""printed"", ""text"": """"}, {""bbox"": [439, 1204, 488, 1215], ""type"": ""printed"", ""text"": ""/ no_think""}, {""bbox"": [439, 1217, 490, 1226], ""type"": ""printed"", ""text"": """"}, {""bbox"": [443, 1229, 477, 1239], ""type"": ""printed"", ""text"": ""/no_think""}]"
422a4acd-4d89-4123-a7c4-1b2919ad2e2f.jpg,"[{""bbox"": [301, 86, 499, 126], ""type"": ""handwritten"", ""text"": ""Треба жити!""}, {""bbox"": [134, 136, 661, 169], ""type"": ""handwritten"", ""text"": ""Жити треба цікаво: читати книжки,""}, {""bbox"": [91, 165, 679, 196], ""type"": ""handwritten"", ""text"": ""ходить в театр, дресирувать пса Патрона""}, {""bbox"": [98, 192, 650, 224], ""type"": ""handwritten"", ""text"": ""Гире́ба жити! Не в півдні, не троянки,""}, {""bbox"": [99, 214, 688, 250], ""type"": ""handwritten"", ""text"": ""не завтра, не після. По-справжньому! Зараз!""}, {""bbox"": [99, 244, 675, 279], ""type"": ""handwritten"", ""text"": ""Треба швидити котів, збирати гриби, везти""}, {""bbox"": [99, 271, 602, 305], ""type"": ""handwritten"", ""text"": ""пруженет из фронту на \"" Интереси \"",""}, {""bbox"": [99, 302, 665, 332], ""type"": ""handwritten"", ""text"": ""робити ремонт і приносити із застія ткани,""}, {""bbox"": [101, 328, 705, 358], ""type"": ""handwritten"", ""text"": ""чого любили. Треба купувати сукні з лелітками""}, {""bbox"": [99, 355, 656, 385], ""type"": ""handwritten"", ""text"": ""і донатити на військо, вишукувати ребці""}, {""bbox"": [102, 381, 687, 413], ""type"": ""handwritten"", ""text"": ""і генератори, а це - нимпорити вгорами""}, {""bbox"": [100, 410, 645, 443], ""type"": ""handwritten"", ""text"": ""в ліжкарні ботсаду, бо на перший пурок""}, {""bbox"": [95, 439, 452, 474], ""type"": ""handwritten"", ""text"": ""треба принести каштанів.""}, {""bbox"": [140, 470, 637, 502], ""type"": ""handwritten"", ""text"": ""Пиреба любити свій дім, навіть якщо""}, {""bbox"": [96, 500, 647, 533], ""type"": ""handwritten"", ""text"": ""він тимчасовий і далеко від справжнього""}, {""bbox"": [106, 529, 663, 563], ""type"": ""handwritten"", ""text"": ""дому - того, що в серці. Треба здавати""}, {""bbox"": [102, 559, 651, 594], ""type"": ""handwritten"", ""text"": ""кров, і, може, з нею лице в'явилась серці""}, {""bbox"": [109, 588, 712, 627], ""type"": ""handwritten"", ""text"": ""поселиться любов до сив \""допіру\"", \""пітятко\""""}, {""bbox"": [98, 617, 265, 645], ""type"": ""handwritten"", ""text"": ""чи „князи“.""}, {""bbox"": [143, 646, 689, 679], ""type"": ""handwritten"", ""text"": ""Треба цілуватися, коли випадав налода,""}, {""bbox"": [91, 675, 641, 707], ""type"": ""handwritten"", ""text"": ""і казати те, що на думці. Немав часу""}, {""bbox"": [95, 703, 659, 734], ""type"": ""handwritten"", ""text"": ""на півтони. Матеріальне крихке, життя""}, {""bbox"": [97, 731, 646, 762], ""type"": ""handwritten"", ""text"": ""тікав крізь пальці. Справжнім виявилось""}, {""bbox"": [102, 759, 644, 788], ""type"": ""handwritten"", ""text"": ""тільки те, за що не можна схопитись""}, {""bbox"": [98, 787, 526, 817], ""type"": ""handwritten"", ""text"": ""риками: спогади, сміх і любов.""}, {""bbox"": [139, 816, 657, 844], ""type"": ""handwritten"", ""text"": ""Мне треба плякати, коли можеться.""}, {""bbox"": [101, 840, 662, 874], ""type"": ""handwritten"", ""text"": ""за все те, що ніколи б' не мало знамен""}, {""bbox"": [100, 871, 673, 905], ""type"": ""handwritten"", ""text"": ""стаття. За те, що ми не тільки здраво""}, {""bbox"": [101, 903, 628, 935], ""type"": ""handwritten"", ""text"": ""як пишеться, далекобійний дрон\"" або""}, {""bbox"": [106, 933, 656, 970], ""type"": ""handwritten"", ""text"": ""\""балистична ракета\"", але й \""розрізняли""}]"
42561928-976b-4afd-8b5d-dbb9bdf5353d.jpg,"[{""bbox"": [231, 9, 1664, 1058], ""type"": ""formula"", ""text"": ""$$\\left\\{ \\begin{array}{l} 2 x + y - 3 z = - 4 \\\\ x - 2 y + z = 3 \\\\ 4 x - 5 y - z = 2 \\end{array} \\right.$$""}, {""bbox"": [196, 13, 3292, 925], ""type"": ""formula"", ""text"": ""$$\\left\\{ \\begin{array}{l} 2 x + y - 3 z = - 4 \\\\ x - 2 y + 2 = 3 \\\\ 4 x - 5 y - 2 = 2 \\end{array} \\right. \\quad \\left| \\begin{array}{ccc|c} 2 & 1 & - 3 & - 4 \\\\ 1 & - 2 & 1 & 3 \\\\ 4 & - 5 & - 1 & 2 \\end{array} \\right|$$""}, {""bbox"": [135, 1344, 709, 1571], ""type"": ""formula"", ""text"": ""\\Delta x = 10""}, {""bbox"": [125, 1588, 678, 1935], ""type"": ""formula"", ""text"": ""\\Delta y = 0""}, {""bbox"": [130, 1924, 808, 2172], ""type"": ""formula"", ""text"": ""\\Delta z = 20""}, {""bbox"": [94, 2271, 897, 2575], ""type"": ""formula"", ""text"": ""$$x = \\frac { 1 0 } { 1 0 } = 1$$""}, {""bbox"": [90, 2592, 904, 2907], ""type"": ""formula"", ""text"": ""$$y = \\frac { 0 } { 1 0 } = 0$$""}, {""bbox"": [81, 2897, 949, 3239], ""type"": ""formula"", ""text"": ""$$z = \\frac { 2 0 } { 1 0 } = 2 .$$""}, {""bbox"": [1355, 2951, 2513, 3278], ""type"": ""handwritten"", ""text"": ""Big-gb: (1, 0, 2)""}, {""bbox"": [94, 3440, 1862, 3687], ""type"": ""formula"", ""text"": ""39. \\quad U.R = 500 - 0,2 Q""}, {""bbox"": [2215, 3446, 2817, 3675], ""type"": ""formula"", ""text"": ""Q = 300""}, {""bbox"": [553, 3740, 2836, 4028], ""type"": ""formula"", ""text"": ""R(Q)=\\int MRdQ=500Q-0.1Q^{2}+C""}, {""bbox"": [416, 4078, 2435, 4431], ""type"": ""formula"", ""text"": ""$$A R ( Q ) = \\frac { R ( Q ) } { Q } = 5 0 0 - 0 , 1 Q$$""}, {""bbox"": [451, 4421, 2264, 4631], ""type"": ""formula"", ""text"": ""AR(300)=500-30=470""}, {""bbox"": [96, 4779, 2553, 5094], ""type"": ""formula"", ""text"": ""40. \\quad MC = 0,003Q^2 - 0,06Q \\quad 4000""}, {""bbox"": [460, 5121, 2504, 5456], ""type"": ""formula"", ""text"": ""$Q = 100 \\quad Q = 110 \\quad \\int_{100}^{110} u \\, \\mathrm{d}Q$""}, {""bbox"": [269, 5465, 3264, 5810], ""type"": ""formula"", ""text"": ""$$\\int u c d Q = 0 , 0 0 3 \\frac { Q ^ { 3 } } { 3 } - 0 , 0 6 \\frac { Q ^ { 2 } } { 2 } = 0 , 0 0 1 Q ^ { 3 } - 0 , 0 3 Q ^ { 2 }$$""}, {""bbox"": [375, 5914, 3601, 6166], ""type"": ""formula"", ""text"": ""$Q = 110 \\Rightarrow 0,001 - 110^3 - 0,03 \\cdot 110^2 = 1331 - 363 = 968$""}, {""bbox"": [354, 6166, 3591, 6431], ""type"": ""formula"", ""text"": ""$Q = 110 \\Rightarrow 0,001 \\cdot 100^{3} - 0,03 \\cdot 100^{2} = 1000 - 300 = 700$""}, {""bbox"": [1246, 6522, 2295, 6698], ""type"": ""formula"", ""text"": ""968-700=268.""}, {""bbox"": [57, 6795, 1438, 7334], ""type"": ""formula"", ""text"": ""$$4 1 . \\left\\{ \\begin{array} { l } { 3 x - 2 y = 5 } \\\\ { 4 x + y = 3 } \\end{array} \\right.$$""}, {""bbox"": [1880, 6826, 2711, 7217], ""type"": ""formula"", ""text"": ""$$\\begin{vmatrix} 3 & -2 \\\\ 4 & 1 \\end{vmatrix}$$""}, {""bbox"": [211, 7316, 741, 7541], ""type"": ""formula"", ""text"": ""\\Delta = 11""}, {""bbox"": [1015, 7327, 1581, 7760], ""type"": ""formula"", ""text"": ""( \\lambda _ { i } - 1 )""}, {""bbox"": [202, 7532, 761, 7751], ""type"": ""formula"", ""text"": ""\\Delta x = 11""}, {""bbox"": [194, 7741, 818, 8074], ""type"": ""formula"", ""text"": ""\\Delta y = -11""}]"
435e94ff-044c-52de-b6ba-bdac4f209b67.jpg,"[{""bbox"": [1123, 218, 2539, 397], ""type"": ""handwritten"", ""text"": ""Двадцать пять месяцев""}, {""bbox"": [1464, 361, 2482, 529], ""type"": ""handwritten"", ""text"": ""Долгая работа""}, {""bbox"": [2, 509, 2660, 706], ""type"": ""handwritten"", ""text"": ""Владимир Сосюра. Коротко про поэта.""}, {""bbox"": [238, 652, 2717, 844], ""type"": ""handwritten"", ""text"": ""Патріотизм, інтелігентні, нейтральні лотиці""}, {""bbox"": [241, 809, 2492, 994], ""type"": ""handwritten"", ""text"": ""йому творів. Мовов до Батиківчини""}, {""bbox"": [234, 972, 2431, 1138], ""type"": ""handwritten"", ""text"": ""як важливий складник життя людини""}, {""bbox"": [248, 1120, 2549, 1289], ""type"": ""handwritten"", ""text"": ""(Любіть Україну!) ТЛ: гремоджика лірика""}, {""bbox"": [329, 1268, 2584, 1437], ""type"": ""handwritten"", ""text"": ""Що його батько який був креслярцю за""}, {""bbox"": [272, 1416, 2778, 1594], ""type"": ""handwritten"", ""text"": ""дразом, працював і мідестарем, і вчителем,""}, {""bbox"": [269, 1569, 945, 1754], ""type"": ""handwritten"", ""text"": ""надлежать.""}, {""bbox"": [1381, 2118, 1951, 2273], ""type"": ""handwritten"", ""text"": ""непалогична""}, {""bbox"": [302, 2232, 2766, 2415], ""type"": ""handwritten"", ""text"": ""5. Хоробрими, везидичними та незалежними.""}, {""bbox"": [313, 2375, 2638, 2559], ""type"": ""handwritten"", ""text"": ""Любити Україну всім свійм серцем, і""}, {""bbox"": [260, 2544, 1344, 2713], ""type"": ""handwritten"", ""text"": ""закликати інших""}, {""bbox"": [337, 2616, 2049, 2835], ""type"": ""handwritten"", ""text"": ""6. Верелат від, від і вони.""}, {""bbox"": [326, 2789, 2719, 3000], ""type"": ""handwritten"", ""text"": ""1. Потрібно бути завжди патріотом""}, {""bbox"": [63, 2961, 1065, 3136], ""type"": ""handwritten"", ""text"": ""ьную Свет Земли.""}, {""bbox"": [341, 3074, 2536, 3249], ""type"": ""handwritten"", ""text"": ""8. Дех тепер чоб молоде розуміла, що""}, {""bbox"": [0, 3226, 2538, 3401], ""type"": ""handwritten"", ""text"": ""18. потрібно зняти двох рідну країну.""}, {""bbox"": [394, 3363, 2658, 3585], ""type"": ""handwritten"", ""text"": ""Тримадельська лірика - твори, у яких""}]"
437d82cf-a0c3-4620-8211-90f673f51ed2.jpg,"[{""bbox"": [26, 238, 561, 296], ""type"": ""handwritten"", ""text"": ""знайомий кінематографічний образ енелятка""}, {""bbox"": [28, 281, 530, 325], ""type"": ""handwritten"", ""text"": ""вашкою залею, аголо не пів вісімка-,""}, {""bbox"": [27, 304, 565, 356], ""type"": ""handwritten"", ""text"": ""слабкими мізами. Для цього, на відміну від""}, {""bbox"": [31, 342, 568, 388], ""type"": ""handwritten"", ""text"": ""мас, такі приємні відчуття як зертамня спо-""}, {""bbox"": [34, 375, 554, 419], ""type"": ""handwritten"", ""text"": ""ріння, запах паперу видаєть невідомої. У ось,""}, {""bbox"": [43, 409, 568, 449], ""type"": ""handwritten"", ""text"": ""маненько, вже аж тоді й запам'ятувала ера електр""}, {""bbox"": [44, 447, 200, 476], ""type"": ""handwritten"", ""text"": ""ной классики.""}, {""bbox"": [88, 463, 561, 505], ""type"": ""handwritten"", ""text"": ""Аже й це не страшно, головне - читати""}, {""bbox"": [58, 526, 537, 561], ""type"": ""handwritten"", ""text"": ""крижовки - це знаменна й високі, які ма""}, {""bbox"": [56, 556, 552, 594], ""type"": ""handwritten"", ""text"": ""відсіяних від підземного потоку інформації;""}, {""bbox"": [54, 594, 554, 630], ""type"": ""handwritten"", ""text"": ""заливаются з малые надовго,""}, {""bbox"": [56, 597, 409, 629], ""type"": ""handwritten"", ""text"": ""залишаються з малого надовго,""}]"
43b38c7c-f913-406d-a267-b9ef9529b9ca.jpg,"[{""bbox"": [1045, 626, 1871, 818], ""type"": ""handwritten"", ""text"": ""Переда жити""}, {""bbox"": [215, 743, 2600, 984], ""type"": ""handwritten"", ""text"": ""Мити треба цікаво: читати книги,""}, {""bbox"": [204, 750, 2598, 968], ""type"": ""handwritten"", ""text"": ""Мити треба цікаво: читати книги""}, {""bbox"": [165, 902, 2591, 1140], ""type"": ""handwritten"", ""text"": ""ходит в театр, дрессировать пса пат-""}, {""bbox"": [152, 1048, 438, 1178], ""type"": ""handwritten"", ""text"": ""рани.""}, {""bbox"": [210, 1140, 2640, 1395], ""type"": ""handwritten"", ""text"": ""Преди жити! Не в пів син, не трамки,""}, {""bbox"": [140, 1325, 2602, 1535], ""type"": ""handwritten"", ""text"": ""не завтра, не після. По справдивому,""}, {""bbox"": [129, 1359, 2610, 1678], ""type"": ""handwritten"", ""text"": ""не завтра, не після. По справжньому Зараз! Преба шадити котів, здирати ци-""}, {""bbox"": [139, 1392, 2636, 1685], ""type"": ""handwritten"", ""text"": ""завтра, не після. По справтивому! Зараз! Треба згадати котів, збирати ди-""}, {""bbox"": [137, 1492, 2619, 1808], ""type"": ""handwritten"", ""text"": ""Зараз! Підбери мадити котів, збирати ци- лін, везти цукерки із сропоту на інтер-""}, {""bbox"": [129, 1607, 2611, 1815], ""type"": ""handwritten"", ""text"": ""ди, везти цінність із сропту на інтер-""}, {""bbox"": [123, 1706, 2596, 1949], ""type"": ""handwritten"", ""text"": ""сімі, робити ремонт і припинити цього""}, {""bbox"": [119, 1877, 2594, 2084], ""type"": ""handwritten"", ""text"": ""ним, кого любили. Преба купувати сукні""}, {""bbox"": [107, 2064, 2572, 2220], ""type"": ""handwritten"", ""text"": ""з лімідками і допатити не військо""}, {""bbox"": [108, 2207, 2579, 2372], ""type"": ""handwritten"", ""text"": ""вимірювати ТЕБи і генератори, а це:""}, {""bbox"": [100, 2348, 2638, 2515], ""type"": ""handwritten"", ""text"": ""написати векторами в літ'ярі бот""}, {""bbox"": [103, 2494, 2619, 2659], ""type"": ""handwritten"", ""text"": ""саду, бо на перший урок треба принес-""}, {""bbox"": [100, 2632, 1151, 2789], ""type"": ""handwritten"", ""text"": ""ти квитанів""}, {""bbox"": [173, 2768, 2584, 2927], ""type"": ""handwritten"", ""text"": ""Преда любити свій дім - навіть,""}, {""bbox"": [96, 2907, 2605, 3082], ""type"": ""handwritten"", ""text"": ""якщо він тимчасовий і далеко від справ""}, {""bbox"": [95, 3059, 2550, 3234], ""type"": ""handwritten"", ""text"": ""тілько даний того, що в серці. Шреді""}, {""bbox"": [92, 3191, 2586, 3380], ""type"": ""handwritten"", ""text"": ""здавати кров і може з неї ще в читальні""}, {""bbox"": [95, 3327, 2593, 3536], ""type"": ""handwritten"", ""text"": ""єруї поемиття льодов до сів: допіру,""}, {""bbox"": [89, 3520, 1307, 3665], ""type"": ""handwritten"", ""text"": ""пітатно чи кияні""}, {""bbox"": [143, 3610, 2587, 3808], ""type"": ""handwritten"", ""text"": ""Мребе зігувати, коли випадат наво-""}, {""bbox"": [80, 3763, 2575, 3976], ""type"": ""handwritten"", ""text"": ""дя, і казати те, що на думці. Немає""}]"
43d640f2-5e17-4019-89e3-e4fdec84fd30.jpg,"[{""bbox"": [29, 0, 796, 72], ""type"": ""formula"", ""text"": ""3. \\mathrm{Fe} + \\mathrm{H}_{2} \\mathrm{SO}_{4} \\rightarrow \\mathrm{FeSO}_{4} + \\mathrm{H}_{2} \\uparrow \\text{ вогемо}""}, {""bbox"": [40, 29, 1478, 192], ""type"": ""handwritten"", ""text"": ""5. Fe + H2Oи → FeSO4 + H2 водень\nсульфатна к.т.а\nФерум, сульфат, ферум сульфат, сполучення, зашіщення, ОВР.""}, {""bbox"": [180, 58, 432, 106], ""type"": ""handwritten"", ""text"": ""сульфатна к. та""}, {""bbox"": [38, 158, 1169, 253], ""type"": ""handwritten"", ""text"": ""5. 2,3,3-триметилпексан, маалена . кмалота.""}, {""bbox"": [1376, 200, 1551, 371], ""type"": ""annotation"", ""text"": ""+ 200.""}, {""bbox"": [1374, 200, 1550, 372], ""type"": ""annotation"", ""text"": ""+王东""}, {""bbox"": [55, 244, 798, 336], ""type"": ""handwritten"", ""text"": ""Написати структурні формули:""}, {""bbox"": [45, 295, 1376, 409], ""type"": ""formula"", ""text"": ""$$1) \\mathrm { C H _ { 3 } - \\overset { \\cdot } { C } - \\overset { \\cdot } { C H } - \\overset { \\cdot } { C H _ { 2 } } - \\overset { \\cdot } { C H _ { 2 } } - \\overset { \\cdot } { C H _ { 3 } } } \\quad 2 ) \\mathrm { C H _ { 3 } - C H _ { 2 } - C H _ { 2 } - C - O H }$$""}, {""bbox"": [240, 412, 422, 494], ""type"": ""handwritten"", ""text"": ""CH₃ CH₃""}, {""bbox"": [51, 511, 699, 586], ""type"": ""handwritten"", ""text"": ""4. Здійснити перетворення:""}, {""bbox"": [104, 564, 1009, 662], ""type"": ""formula"", ""text"": ""$$C a : C _ { 2 } ^ { 1 } \\rightarrow C _ { 2 } H _ { 2 } ^ { 2 } \\rightarrow C _ { 2 } H _ { 6 } ^ { 3 } \\rightarrow C _ { 8 } H _ { 1 0 } ^ { 4 } \\rightarrow$$""}, {""bbox"": [1247, 580, 1395, 779], ""type"": ""annotation"", ""text"": ""205.""}, {""bbox"": [104, 694, 355, 749], ""type"": ""formula"", ""text"": ""2) C_{2}H_{2} + H_{2}""}, {""bbox"": [108, 732, 946, 829], ""type"": ""formula"", ""text"": ""$$\\text{D } \\mathrm{CaC_2 + 2H_2O \\xrightarrow{t, Kat.} C_2H_2 \\uparrow + Ca(OH)_2}$$""}, {""bbox"": [118, 812, 524, 885], ""type"": ""formula"", ""text"": ""2) \\mathrm{C_2H_2} \\xrightarrow{t, \\mathrm{KAl}} \\mathrm{C_2H_6}""}, {""bbox"": [119, 873, 665, 942], ""type"": ""formula"", ""text"": ""$$ ^ { 3 } ) \\ C _ { 2 } H _ { 6 } \\rightarrow C _ { 8 } H _ { 1 0 } $$""}, {""bbox"": [115, 951, 545, 1017], ""type"": ""formula"", ""text"": ""4) \\mathrm{C_8H_{10}} \\rightarrow""}]"
4438131a-dcaf-4bcb-ad17-1ad32af9a9aa.jpg,"[{""bbox"": [252, 265, 2662, 444], ""type"": ""handwritten"", ""text"": ""на года, і казати те, що на думці.""}, {""bbox"": [251, 428, 2517, 594], ""type"": ""handwritten"", ""text"": ""Немає гону на півдні. Матеріальне,""}, {""bbox"": [250, 577, 2525, 733], ""type"": ""handwritten"", ""text"": ""краще життя Тікое крізь пальці.""}, {""bbox"": [252, 702, 2522, 878], ""type"": ""handwritten"", ""text"": ""Справжнім виявилося лише те за, що""}, {""bbox"": [242, 872, 2637, 1026], ""type"": ""handwritten"", ""text"": ""не можна схопити руками: спогади,""}, {""bbox"": [268, 1000, 1137, 1139], ""type"": ""handwritten"", ""text"": ""сміх і любов.""}, {""bbox"": [224, 1275, 2526, 1431], ""type"": ""handwritten"", ""text"": ""За все те, що нікому б не мало б""}, {""bbox"": [235, 1427, 2342, 1576], ""type"": ""handwritten"", ""text"": ""з нами статися. Зокрема, що ми""}, {""bbox"": [244, 1577, 2284, 1717], ""type"": ""handwritten"", ""text"": ""не тільки знаємо, як пишеться""}, {""bbox"": [227, 1711, 2464, 1856], ""type"": ""handwritten"", ""text"": ""далекобійний дрон або балістична""}, {""bbox"": [255, 1845, 2609, 1991], ""type"": ""handwritten"", ""text"": ""ракета, а й розпізнаємо їх на слух.""}, {""bbox"": [649, 1976, 2452, 2129], ""type"": ""handwritten"", ""text"": ""Росіяни хочуть, щоб ми стояли""}, {""bbox"": [332, 2121, 2553, 2274], ""type"": ""handwritten"", ""text"": ""схожили на них, скили у вічній""}, {""bbox"": [322, 2260, 2592, 2400], ""type"": ""handwritten"", ""text"": ""призоті. А ми будемо жити цікаво,""}, {""bbox"": [268, 2390, 2402, 2544], ""type"": ""handwritten"", ""text"": ""всупереч історії, і заради тих хто""}, {""bbox"": [269, 2530, 2377, 2680], ""type"": ""handwritten"", ""text"": ""після нас говорилише нашою мовою.""}]"
4550bab7-a843-4cf1-ba33-b175583e42ab.jpg,"[{""bbox"": [208, 222, 1676, 871], ""type"": ""image"", ""text"": """"}, {""bbox"": [72, 907, 2046, 1394], ""type"": ""formula"", ""text"": ""44. $\\begin{pmatrix} 1 & 3 \\\\ 0 & 2 \\end{pmatrix} \\cdot X = \\begin{pmatrix} 2 & 11 \\\\ 2 & 6 \\end{pmatrix}$""}, {""bbox"": [186, 1450, 1757, 1857], ""type"": ""formula"", ""text"": ""$$X = \\left( \\begin{array} { l l } { 1 } & { 3 } \\\\ { 0 } & { 2 } \\end{array} \\right) ^ { - 1 } \\cdot \\left( \\begin{array} { l l } { 2 } & { 1 1 } \\\\ { 2 } & { 6 } \\end{array} \\right)$$""}, {""bbox"": [114, 2156, 1161, 2458], ""type"": ""formula"", ""text"": ""$$A ^ { - 1 } = \\frac { 1 } { 2 } \\left( \\begin{array} { c c } { { 2 } } & { { - 3 } } \\\\ { { 0 } } & { { 1 } } \\end{array} \\right)$$""}, {""bbox"": [166, 2479, 3692, 2841], ""type"": ""formula"", ""text"": ""$$Y = \\frac { 1 } { 2 } \\left( \\begin{array} { c c } { { 2 } } & { { - 3 } } \\\\ { { 0 } } & { { 1 } } \\end{array} \\right) \\left( \\begin{array} { c c } { { 2 } } & { { 1 1 } } \\\\ { { 2 } } & { { 6 } } \\end{array} \\right) = \\frac { 1 } { 2 } \\left( \\begin{array} { c c } { { - 2 } } & { { 4 } } \\\\ { { - 2 } } & { { - 6 } } \\end{array} \\right) = \\left( \\begin{array} { c c } { { - 1 } } & { { 2 } } \\\\ { { - 1 } } & { { - 3 } } \\end{array} \\right)$$""}, {""bbox"": [190, 2811, 1618, 3050], ""type"": ""handwritten"", ""text"": ""Bignobigb; a_{11}=-1""}, {""bbox"": [64, 3046, 3632, 3363], ""type"": ""formula"", ""text"": ""45. $\\left(\\begin{array}{ll} 1 & 2 \\\\ -1 & 3 \\end{array}\\right)+\\left(\\begin{array}{rr} -3 & -1 \\\\ 1 & -2 \\end{array}\\right)=\\left(\\begin{array}{rr} -2 & 1 \\\\ 0 & 1 \\end{array}\\right)$ Бігновідь: 1""}, {""bbox"": [71, 3048, 2501, 3371], ""type"": ""formula"", ""text"": ""45. $\\left(\\begin{array}{cc} -1 & 2 \\\\ -1 & 3 \\end{array}\\right) + \\left(\\begin{array}{cc} -3 & -1 \\\\ -1 & -2 \\end{array}\\right) = \\left(\\begin{array}{cc} -2 & 1 \\\\ 0 & 1 \\end{array}\\right)$""}, {""bbox"": [72, 3415, 1968, 3649], ""type"": ""formula"", ""text"": ""46. MC = 0,003Q^2 - 0,06Q""}, {""bbox"": [96, 3632, 638, 3809], ""type"": ""formula"", ""text"": ""\\Delta TC - 2""}, {""bbox"": [2763, 3737, 2919, 3810], ""type"": ""handwritten"", ""text"": ""110""}, {""bbox"": [116, 3784, 4566, 4167], ""type"": ""formula"", ""text"": ""$$\\Delta T C = \\int _ { 1 0 0 } ^ { 1 1 0 } ( 0 , 0 0 3 Q ^ { 2 } - 0 , 0 6 Q ) d Q = \\int _ { 1 0 0 } ^ { 1 1 0 } 0 , 0 0 3 \\frac { Q ^ { 3 } } { 3 } - 0 , 0 6 \\cdot \\frac { Q ^ { 2 } } { 2 } =$$""}, {""bbox"": [2576, 4055, 2808, 4152], ""type"": ""formula"", ""text"": ""100""}, {""bbox"": [105, 4122, 5016, 4427], ""type"": ""formula"", ""text"": ""= 0,00 + Q^{3} - 0,03 Q^{2} \\big|_{110}^{100} = 0,00 + 110^{3} - 0,03 \\cdot 110^{2} - 0,00 + 100^{3} -""}, {""bbox"": [100, 4449, 3174, 4737], ""type"": ""formula"", ""text"": ""-0,03 \\cdot 100^{2} = 133 + 363 - (100 - 300) = 268""}, {""bbox"": [122, 4652, 1229, 4867], ""type"": ""handwritten"", ""text"": ""Bignobigb:268""}, {""bbox"": [84, 4904, 1797, 5133], ""type"": ""handwritten"", ""text"": ""47. Bignobigb: ad-bc""}, {""bbox"": [71, 5076, 5178, 5385], ""type"": ""handwritten"", ""text"": ""48. Безпосереднє інтегрування, інтегрування частина, метод""}, {""bbox"": [59, 5374, 1439, 5575], ""type"": ""handwritten"", ""text"": ""заміни змінної.""}, {""bbox"": [58, 5586, 1543, 5854], ""type"": ""handwritten"", ""text"": ""49. Відповідь: 3 х 3""}, {""bbox"": [2303, 5872, 3607, 6098], ""type"": ""annotation"", ""text"": ""26.12.2025①""}, {""bbox"": [4770, 7820, 4986, 8029], ""type"": ""annotation"", ""text"": ""5""}]"
45515516-f7a4-4786-8406-804809b93eaa.jpg,"[{""bbox"": [669, 112, 1729, 337], ""type"": ""handwritten"", ""text"": ""Треба змити!""}, {""bbox"": [350, 331, 2912, 557], ""type"": ""handwritten"", ""text"": ""мити треба цікаво: читати книги, хо-""}, {""bbox"": [183, 520, 2847, 744], ""type"": ""handwritten"", ""text"": ""дити в театр, дресирувати пса Патрона.""}, {""bbox"": [160, 698, 2833, 945], ""type"": ""handwritten"", ""text"": ""Преба пити! Не в пів сили, не трошки,""}, {""bbox"": [166, 891, 2914, 1131], ""type"": ""handwritten"", ""text"": ""не завтра, не після. По-справжньому! Зараз!""}, {""bbox"": [316, 1086, 2934, 1342], ""type"": ""handwritten"", ""text"": ""Преба гладити хотів, збирати гриби, вез-""}, {""bbox"": [204, 1127, 2944, 1496], ""type"": ""handwritten"", ""text"": ""Треба гладити хотів, збирати гриби, везти цукерки із фронту на Інтернеті, робити""}, {""bbox"": [177, 1282, 2940, 1529], ""type"": ""handwritten"", ""text"": ""ти чуєннят із дронту на Інтерсіті, робити""}, {""bbox"": [152, 1381, 2936, 1681], ""type"": ""handwritten"", ""text"": ""ремонт і приносити щастя тим, кого мо-""}, {""bbox"": [159, 1480, 2904, 1842], ""type"": ""handwritten"", ""text"": ""ремонт і приносити частки тим, кого мо- било. Преба купувати сукні з мелітками""}, {""bbox"": [160, 1628, 2871, 2046], ""type"": ""handwritten"", ""text"": ""било. Преба купувати сукні з мелітками\nі донатити на військо, випукувати РЕБи""}, {""bbox"": [150, 1783, 2862, 2066], ""type"": ""handwritten"", ""text"": ""і донатити на військо, вимукувати РЕБи\nі інператори, а ще""}, {""bbox"": [148, 1808, 2862, 2236], ""type"": ""handwritten"", ""text"": ""і донатити на військо, вимукувати РЕБи\nі генератори, а це нимпорити вегорали\nу міжлярії ботрарі""}, {""bbox"": [142, 1971, 2850, 2263], ""type"": ""handwritten"", ""text"": ""і інератори, а це нішпорити вегорами\nу мініярії ботсаду бу""}, {""bbox"": [139, 1996, 2805, 2410], ""type"": ""handwritten"", ""text"": ""і генератори, а ще німипорити вегорами у мін'яр'ї ботсаду, бо на перший урок""}, {""bbox"": [149, 2329, 1926, 2541], ""type"": ""handwritten"", ""text"": ""треба принести хамитанів.""}, {""bbox"": [305, 2514, 2921, 2798], ""type"": ""handwritten"", ""text"": ""Приба любити свій дім, навіть якщо""}, {""bbox"": [201, 2722, 2841, 2993], ""type"": ""handwritten"", ""text"": ""він тимчасовий і далеко від справжнього""}, {""bbox"": [186, 2742, 2809, 3017], ""type"": ""handwritten"", ""text"": ""він тимчасовий і далеко від справжнього""}, {""bbox"": [170, 2910, 2759, 3193], ""type"": ""handwritten"", ""text"": ""дому, того, що в серці. Треба здавати""}, {""bbox"": [166, 2945, 2754, 3219], ""type"": ""handwritten"", ""text"": ""дому, того, що в серці. Треба здавати""}, {""bbox"": [167, 3156, 2769, 3421], ""type"": ""handwritten"", ""text"": ""кров і, моте, з нею це вчелмусь серці""}, {""bbox"": [164, 3385, 2984, 3622], ""type"": ""handwritten"", ""text"": ""посилиться любов до сив \""донір\"", \""пітат-""}, {""bbox"": [158, 3554, 1215, 3739], ""type"": ""handwritten"", ""text"": ""ко\"", \""м\"" княжи.\""""}]"
455e22e3-0ac0-492f-a969-35c5bdce3853.jpg,"[{""bbox"": [53, 77, 811, 326], ""type"": ""handwritten"", ""text"": ""19. 2×4""}, {""bbox"": [52, 78, 809, 328], ""type"": ""handwritten"", ""text"": ""19. 2×4""}, {""bbox"": [323, 306, 5023, 557], ""type"": ""handwritten"", ""text"": ""розкласти на множники вирази: і знайти значення,""}, {""bbox"": [420, 701, 2004, 947], ""type"": ""handwritten"", ""text"": ""визначу границю.""}, {""bbox"": [40, 888, 5313, 1259], ""type"": ""handwritten"", ""text"": ""21. формули Крамера; матричний метод, метод Гауса,""}, {""bbox"": [4120, 1155, 5451, 1499], ""type"": ""handwritten"", ""text"": ""метор рангів.""}, {""bbox"": [0, 1236, 4749, 2304], ""type"": ""formula"", ""text"": ""$$2 2 . \\left| \\begin{array} { l l l } { 3 } & { 2 } & { - 1 } \\\\ { 3 } & { - 1 } & { 1 } \\\\ { 1 } & { - 3 } & { 1 } \\end{array} \\right| \\quad M _ { 2 1 } = \\left| \\begin{array} { l l } { 2 } & { - 1 } \\\\ { - 3 } & { 1 } \\end{array} \\right| = 2 \\cdot 1 - ( - 1 ) \\cdot ( - 3 ) = - 1$$""}, {""bbox"": [18, 1363, 1421, 2327], ""type"": ""formula"", ""text"": ""$$2 2 . \\left| \\begin{array} { l l l } { 3 } & { 2 } & { - 1 } \\\\ { 3 } & { - 1 } & { 1 } \\\\ { 1 } & { - 3 } & { 1 } \\end{array} \\right|$$""}, {""bbox"": [62, 2397, 5470, 2990], ""type"": ""formula"", ""text"": ""$$2 3 . \\lim _ { n \\rightarrow \\infty } \\frac { ( 2 n ^ { 2 } + 1 ) ( n + 3 ) ^ { 3 } } { ( n ^ { 2 } + 1 ) ^ { 3 } + ( 3 n - 1 ) ^ { 2 } } = \\lim _ { n \\rightarrow \\infty } \\frac { 2 n ^ { 5 } + 1 8 n ^ { 4 } + 5 4 n ^ { 3 } + 5 4 n ^ { 2 } + n ^ { 3 } + 9 n ^ { 2 } + } { n ^ { 6 } + 3 n ^ { 4 } + 3 n ^ { 2 } + 1 + ( 3 n - 1 ) }$$""}, {""bbox"": [639, 3444, 2547, 3713], ""type"": ""formula"", ""text"": ""6n^{5}+3\\cdot4n^{3}+12-2n+0-6""}, {""bbox"": [71, 3783, 5451, 4344], ""type"": ""formula"", ""text"": ""$$= \\lim _ { n \\rightarrow \\infty } \\frac { 1 0 n ^ { 4 } + 7 2 n ^ { 3 } + 1 6 5 n ^ { 2 } + 1 2 6 n + 2 7 } { 6 n ^ { 5 } + 1 2 n ^ { 3 } + 2 4 n - 6 } = \\lim _ { n \\rightarrow \\infty } \\frac { 4 0 n ^ { 3 } + 2 1 6 n ^ { 2 } + 3 3 0 n + 1 2 6 } { 3 0 n ^ { 4 } + 3 6 n ^ { 2 } + 2 4 }$$""}, {""bbox"": [53, 4296, 5369, 5118], ""type"": ""formula"", ""text"": ""$$= \\lim _ { h \\rightarrow \\infty } \\frac { 2 ( 2 0 n ^ { 3 } + 1 0 8 n ^ { 2 } + 1 6 5 n + 6 3 ) } { 2 ( 1 5 n ^ { 4 } + 1 8 n ^ { 2 } + 1 2 ) } = \\lim _ { h \\rightarrow \\infty } \\frac { \\frac { 2 0 n ^ { 3 } } { n ^ { 4 } } + \\frac { 1 0 8 n ^ { 2 } } { n ^ { 4 } } + \\frac { 1 6 5 n } { n ^ { 4 } } + \\frac { 6 3 } { n ^ { 4 } } } { \\frac { 1 5 n ^ { 4 } } { n ^ { 4 } } + \\frac { 1 8 n ^ { 2 } } { n ^ { 4 } } + \\frac { 1 2 } { n ^ { 4 } } }$$""}, {""bbox"": [120, 5029, 4987, 5897], ""type"": ""formula"", ""text"": ""$$= \\lim _ { n \\rightarrow \\infty } \\frac { \\frac { 2 0 } { n } + \\frac { 1 0 8 } { n ^ { 2 } } + \\frac { 1 6 5 } { n ^ { 3 } } + \\frac { 6 3 } { n ^ { 4 } } } { 1 5 + \\frac { 1 8 } { n ^ { 2 } } + \\frac { 1 2 } { n ^ { 4 } } } = \\lim _ { n \\rightarrow \\infty } \\frac { \\frac { 2 0 } { \\infty } + \\frac { 1 0 8 } { \\infty } + \\frac { 1 6 5 } { \\infty } + \\frac { 6 3 } { \\infty } } { 1 5 + \\frac { 1 8 } { \\infty } + \\frac { 1 2 } { \\infty } }$$""}, {""bbox"": [102, 5942, 635, 6401], ""type"": ""formula"", ""text"": ""$$\\frac { 0 } { 1 5 } = 0$$""}, {""bbox"": [55, 6485, 5407, 6837], ""type"": ""handwritten"", ""text"": ""24. інтегрування гастиками, метод залишів зимної, безпо-""}, {""bbox"": [56, 6770, 2022, 7111], ""type"": ""handwritten"", ""text"": ""середнє інтегрування.""}, {""bbox"": [20, 7191, 1350, 7471], ""type"": ""formula"", ""text"": ""25. $C = A + 2 \\cdot B$""}, {""bbox"": [2619, 7394, 3070, 7596], ""type"": ""handwritten"", ""text"": ""Time:""}, {""bbox"": [78, 7559, 2386, 7992], ""type"": ""formula"", ""text"": ""$$A = \\left( \\begin{array} { c c c } { { 6 } } & { { 1 } } & { { - 3 } } \\\\ { { 2 } } & { { - 1 } } & { { 0 } } \\end{array} \\right) \\quad B = \\left( \\begin{array} { c c c } { { 7 } } & { { 3 } } & { { 1 } } \\\\ { { - 5 } } & { { 1 } } & { { 4 } } \\end{array} \\right)$$""}, {""bbox"": [2540, 7671, 5470, 8267], ""type"": ""formula"", ""text"": ""$$C = \\left( \\begin{array} { c c c } { { 6 + 1 4 } } & { { 1 + 6 } } & { { - 3 + 2 } } \\\\ { { 2 + ( - 1 0 ) } } & { { - 1 + 2 } } & { { 0 + 8 } } \\end{array} \\right) = \\left( \\begin{array} { c c c } { { 2 0 } } & { { 7 } } & { { - 1 } } \\\\ { { - 8 } } & { { 1 } } & { { 8 } } \\end{array} \\right)$$""}, {""bbox"": [1770, 8031, 2431, 8761], ""type"": ""formula"", ""text"": ""\\overline{AD} =""}, {""bbox"": [47, 8072, 1307, 8522], ""type"": ""formula"", ""text"": ""$$2 B = \\left( \\begin{array} { l l l } { 1 4 } & { 6 } & { 2 } \\\\ { - 1 0 } & { 2 } & { 8 } \\end{array} \\right)$$""}]"
45680c81-ad49-4bd5-90cf-fe5305d7300f.jpg,"[{""bbox"": [1388, 57, 1490, 129], ""type"": ""annotation"", ""text"": ""の""}, {""bbox"": [69, 75, 1271, 172], ""type"": ""handwritten"", ""text"": ""В році 1925 з розгорнутих""}, {""bbox"": [64, 165, 1419, 249], ""type"": ""handwritten"", ""text"": ""шкільного відділу, кількість учителів, що""}, {""bbox"": [62, 242, 1420, 317], ""type"": ""handwritten"", ""text"": ""могли було читати до університету""}, {""bbox"": [59, 310, 1482, 393], ""type"": ""handwritten"", ""text"": ""Овшикарії було низько від Ігнотових.""}, {""bbox"": [58, 384, 1483, 459], ""type"": ""handwritten"", ""text"": ""Однако, соломового приличного такого рода -""}, {""bbox"": [43, 453, 1412, 539], ""type"": ""handwritten"", ""text"": ""рішенням було сів, що досвідчують...""}, {""bbox"": [49, 533, 1395, 624], ""type"": ""handwritten"", ""text"": ""лова в таких \""трехглавовидных\"" силах:""}, {""bbox"": [48, 617, 1441, 700], ""type"": ""handwritten"", ""text"": ""\""ЧР — місцева робитимуть з робою ті чр""}, {""bbox"": [53, 696, 1437, 785], ""type"": ""handwritten"", ""text"": ""мі семинарії, котрі скотнала шкому і""}, {""bbox"": [58, 776, 1489, 867], ""type"": ""handwritten"", ""text"": ""не дієшануть посад. Бо 1013 келла? Про-""}, {""bbox"": [57, 852, 1489, 940], ""type"": ""handwritten"", ""text"": ""йбет занимать, бо ирднцого нейгого не нае""}, {""bbox"": [58, 932, 1421, 1020], ""type"": ""handwritten"", ""text"": ""чарвей а домашнім робору забідчий.""}, {""bbox"": [84, 1001, 1485, 1102], ""type"": ""handwritten"", ""text"": ""Мусимо бити није пигородукују јаче""}, {""bbox"": [66, 1086, 1482, 1175], ""type"": ""handwritten"", ""text"": ""Ученаго пролетаріата....\"" В наше""}, {""bbox"": [64, 1162, 1440, 1261], ""type"": ""handwritten"", ""text"": ""ки? Наслідки освіти: того ж самого""}, {""bbox"": [62, 1254, 1419, 1348], ""type"": ""handwritten"", ""text"": ""року було виявилася потреба. \""Нема""}, {""bbox"": [79, 1338, 1470, 1433], ""type"": ""handwritten"", ""text"": ""вчийсить - карани - а стреби\"". І овв итие""}, {""bbox"": [67, 1428, 1438, 1515], ""type"": ""handwritten"", ""text"": ""семько и лагіднесенько - стробадим""}, {""bbox"": [72, 1511, 1388, 1599], ""type"": ""handwritten"", ""text"": ""пригельвовских кандидатов чуть до""}, {""bbox"": [70, 1593, 1472, 1687], ""type"": ""handwritten"", ""text"": ""Мухачева и усироойим длет нить курс""}, {""bbox"": [90, 1680, 888, 1762], ""type"": ""handwritten"", ""text"": ""русской ду́йка... \""""}, {""bbox"": [72, 1785, 760, 1864], ""type"": ""handwritten"", ""text"": ""4), Савойца\"" Указ 1426 г. 22.""}]"
4574b0a5-fb06-5a4e-a0b2-6b3fe582b9bd.jpg,"[{""bbox"": [1043, 158, 2618, 347], ""type"": ""handwritten"", ""text"": ""Всілиподерте листопада""}, {""bbox"": [1378, 327, 2593, 544], ""type"": ""handwritten"", ""text"": ""Движимая работа""}, {""bbox"": [1686, 510, 2006, 685], ""type"": ""handwritten"", ""text"": ""N436""}, {""bbox"": [255, 679, 2533, 946], ""type"": ""handwritten"", ""text"": ""Оскільки AB||CD, то відсікають від""}, {""bbox"": [108, 899, 2471, 1195], ""type"": ""handwritten"", ""text"": ""спорем кута прямокутникі відрізан""}, {""bbox"": [302, 1125, 2156, 1475], ""type"": ""handwritten"", ""text"": ""$\\frac{OA}{OB} = \\frac{AC}{BD}$ звідси $AC = \\frac{BD \\cdot OA}{OB}$""}, {""bbox"": [254, 1482, 2809, 1722], ""type"": ""formula"", ""text"": ""$$О с н и м к и \\ О В = 6 с м , \\ В Д = 9 с м ; \\ О А = 4 с м и т о$$""}, {""bbox"": [282, 1714, 1279, 1961], ""type"": ""formula"", ""text"": ""$$A C = \\frac { 9 . 4 } { 6 } = \\frac { 3 6 } { 6 } = 6$$""}, {""bbox"": [1346, 1884, 1595, 2059], ""type"": ""handwritten"", ""text"": ""N438""}, {""bbox"": [390, 2061, 2793, 2294], ""type"": ""handwritten"", ""text"": ""BD=6 см, а AC=12 см (в 2 рази більше),""}, {""bbox"": [207, 2270, 2604, 2505], ""type"": ""handwritten"", ""text"": ""то АО малых в 2 рази більшім ОВ,""}, {""bbox"": [213, 2522, 846, 2655], ""type"": ""formula"", ""text"": ""$8 \\cdot 2 = 16 \\mathrm{~cm}$""}, {""bbox"": [1271, 2708, 1593, 2906], ""type"": ""handwritten"", ""text"": ""N442""}, {""bbox"": [1080, 2887, 2301, 3150], ""type"": ""handwritten"", ""text"": ""Дано відрізки l, n, m.""}, {""bbox"": [917, 3101, 2038, 3318], ""type"": ""handwritten"", ""text"": ""Оскільки x = m/n, то""}, {""bbox"": [1426, 3315, 2253, 3577], ""type"": ""formula"", ""text"": ""$$\\frac { n } { l } = \\frac { x } { m } \\therefore \\frac { l } { n } = \\frac { m } { x }$$""}, {""bbox"": [214, 3640, 2829, 3933], ""type"": ""handwritten"", ""text"": ""Проведем прямую АВ. Через т. С параллельно""}]"
45afc1f5-c3ce-4d22-a9c7-c7e1369662c2.jpg,"[{""bbox"": [92, 125, 838, 186], ""type"": ""handwritten"", ""text"": ""иже в чиелусь серд поселиться любов""}, {""bbox"": [99, 180, 855, 236], ""type"": ""handwritten"", ""text"": ""до слів: «допіру, п'ятаком се кинем!»""}, {""bbox"": [161, 232, 863, 289], ""type"": ""handwritten"", ""text"": ""Треба чинуватись, коли випадає мало.""}, {""bbox"": [103, 285, 808, 344], ""type"": ""handwritten"", ""text"": ""да, і казали ме, що на думці. Немає""}, {""bbox"": [98, 337, 852, 396], ""type"": ""handwritten"", ""text"": ""часу на півтони. Матеріалне-прих-""}, {""bbox"": [96, 392, 723, 449], ""type"": ""handwritten"", ""text"": ""ке, осінню тікає крізь лальні.""}, {""bbox"": [116, 439, 817, 497], ""type"": ""handwritten"", ""text"": ""вправданим виявимось мільки те, що""}, {""bbox"": [108, 500, 861, 560], ""type"": ""handwritten"", ""text"": ""не можна схопити руками - сногоди,""}, {""bbox"": [103, 549, 352, 599], ""type"": ""handwritten"", ""text"": ""сміх і любов.""}, {""bbox"": [137, 603, 873, 664], ""type"": ""handwritten"", ""text"": ""Мне требе шакати, коли лопсенько-""}, {""bbox"": [94, 661, 855, 721], ""type"": ""handwritten"", ""text"": ""-за все те, що нікому б не мало зна-""}, {""bbox"": [95, 718, 784, 775], ""type"": ""handwritten"", ""text"": ""мії статися. За те, що ми тепер""}, {""bbox"": [96, 772, 863, 828], ""type"": ""handwritten"", ""text"": ""не только знаем, ас имеемся <<да-""}, {""bbox"": [96, 822, 823, 880], ""type"": ""handwritten"", ""text"": ""лежабійний дрон» або «балістичне""}, {""bbox"": [99, 879, 847, 942], ""type"": ""handwritten"", ""text"": ""режема», а й відрізняємо їх на схід.""}, {""bbox"": [137, 938, 856, 999], ""type"": ""handwritten"", ""text"": ""Росіяни хочуть, щоб ми стали схо-""}, {""bbox"": [95, 994, 877, 1055], ""type"": ""handwritten"", ""text"": ""осіми на них - сірими у вічній заселі.""}, {""bbox"": [90, 1049, 841, 1111], ""type"": ""handwritten"", ""text"": ""А ми будемо вчити шкаво — вдуперес""}, {""bbox"": [84, 1105, 875, 1169], ""type"": ""handwritten"", ""text"": ""історій і заради тих, хто після гово-""}, {""bbox"": [83, 1161, 573, 1225], ""type"": ""handwritten"", ""text"": ""решение нашлой любою.""}]"
45daa6c5-4824-4285-9fe0-05b6a8c2623c.jpg,"[{""bbox"": [896, 128, 2005, 307], ""type"": ""handwritten"", ""text"": ""Треба жити""}, {""bbox"": [763, 309, 2554, 488], ""type"": ""handwritten"", ""text"": ""Жити треба цікаво.""}, {""bbox"": [522, 477, 2748, 665], ""type"": ""handwritten"", ""text"": ""читати кириллице, лодити в""}, {""bbox"": [499, 657, 2585, 846], ""type"": ""handwritten"", ""text"": ""театр, дресирувать пса""}, {""bbox"": [504, 833, 1268, 1012], ""type"": ""handwritten"", ""text"": ""Аатрома.""}, {""bbox"": [808, 1008, 2839, 1184], ""type"": ""handwritten"", ""text"": ""Ліресь вести! Усе впівс-""}, {""bbox"": [465, 1193, 2831, 1388], ""type"": ""handwritten"", ""text"": ""нет, не трони, не завтра,""}, {""bbox"": [482, 1371, 2823, 1566], ""type"": ""handwritten"", ""text"": ""не підняв. По-справжньому!""}, {""bbox"": [469, 1546, 2844, 1753], ""type"": ""handwritten"", ""text"": ""Зараз! Треба вгадати ко-""}, {""bbox"": [459, 1735, 2740, 1939], ""type"": ""handwritten"", ""text"": ""твб, збирайте гребни, везти""}, {""bbox"": [444, 1928, 2601, 2134], ""type"": ""handwritten"", ""text"": ""мученет је орлом ту ма""}, {""bbox"": [454, 2106, 2878, 2310], ""type"": ""handwritten"", ""text"": ""Чи перейти, робити ремонт""}, {""bbox"": [450, 2306, 2840, 2500], ""type"": ""handwritten"", ""text"": ""і привернити увагу тим,""}, {""bbox"": [442, 2493, 2878, 2711], ""type"": ""handwritten"", ""text"": ""кою людиною. Треба купувати""}, {""bbox"": [396, 2692, 2793, 2898], ""type"": ""handwritten"", ""text"": ""тис верхні з невідтками 1""}, {""bbox"": [405, 2881, 2808, 3097], ""type"": ""handwritten"", ""text"": ""докатити на вітенько, ви-""}, {""bbox"": [421, 3078, 2870, 3311], ""type"": ""handwritten"", ""text"": ""мірувати дебі і генера-""}, {""bbox"": [419, 3298, 2950, 3530], ""type"": ""handwritten"", ""text"": ""торе, а ще непорити""}, {""bbox"": [409, 3491, 2941, 3743], ""type"": ""handwritten"", ""text"": ""вегоралине в міжсекторі ботсаду""}, {""bbox"": [399, 3716, 2648, 3939], ""type"": ""handwritten"", ""text"": ""бо ма перший урок треба""}]"
45ec9864-4bd9-449c-af80-e21992519461.jpg,"[{""bbox"": [93, 150, 521, 205], ""type"": ""handwritten"", ""text"": ""Виклику ринкової ери.""}, {""bbox"": [7, 231, 549, 274], ""type"": ""handwritten"", ""text"": ""Наприклад, минулого тисячоліття.""}, {""bbox"": [0, 271, 531, 308], ""type"": ""handwritten"", ""text"": ""тте! читачі стурбовано за-""}, {""bbox"": [0, 303, 527, 344], ""type"": ""handwritten"", ""text"": ""итували: „Невід'ємні електронні""}, {""bbox"": [0, 340, 501, 376], ""type"": ""handwritten"", ""text"": ""осів витісняєть традиційну""}, {""bbox"": [0, 371, 529, 407], ""type"": ""handwritten"", ""text"": ""смутску?\"". Але коли \""Днедан""}, {""bbox"": [4, 402, 522, 438], ""type"": ""handwritten"", ""text"": ""Болінь написала „Фаррі Люттера”""}, {""bbox"": [2, 435, 518, 468], ""type"": ""handwritten"", ""text"": ""і \""ii\"" серія романів\"" розійшлась""}, {""bbox"": [9, 465, 489, 496], ""type"": ""handwritten"", ""text"": ""століттів'яними наперовими""}, {""bbox"": [6, 494, 462, 523], ""type"": ""handwritten"", ""text"": ""намагаємось + ус питання""}, {""bbox"": [14, 518, 470, 551], ""type"": ""handwritten"", ""text"": ""втрапилсвою гостроту,""}, {""bbox"": [75, 547, 503, 578], ""type"": ""handwritten"", ""text"": ""Солодко пісни-пісень, що-""}, {""bbox"": [6, 572, 501, 604], ""type"": ""handwritten"", ""text"": ""здесь, что электронной почтой""}, {""bbox"": [13, 597, 517, 632], ""type"": ""handwritten"", ""text"": ""причесанной поми що, не ство-""}, {""bbox"": [8, 621, 516, 663], ""type"": ""handwritten"", ""text"": ""лючить кординальной заложи""}, {""bbox"": [25, 654, 505, 691], ""type"": ""handwritten"", ""text"": ""матеровыми / киитскими. Кроме""}, {""bbox"": [7, 669, 511, 720], ""type"": ""handwritten"", ""text"": ""з'являється вони невимаючого""}, {""bbox"": [3, 683, 501, 750], ""type"": ""handwritten"", ""text"": ""зявнике вони невиміркові\nРадіо, ує Вог так сотнє""}, {""bbox"": [12, 702, 502, 752], ""type"": ""handwritten"", ""text"": ""Ядро уе Вог так сотує""}, {""bbox"": [2, 706, 488, 778], ""type"": ""handwritten"", ""text"": ""Кадао, уе Бог так сотку нас до дивних маножівки""}, {""bbox"": [5, 718, 486, 781], ""type"": ""handwritten"", ""text"": ""меро, уе Воп так сотер нас до, давних мандрівок""}, {""bbox"": [2, 742, 516, 816], ""type"": ""handwritten"", ""text"": ""нав до давніших мандрівок.\nЦе вик підсумув чоє гад пеети""}, {""bbox"": [1, 773, 514, 850], ""type"": ""handwritten"", ""text"": ""де він підсумував нам год пісень щоб ми звідти певно забрати з себею на інші""}, {""bbox"": [2, 808, 497, 878], ""type"": ""handwritten"", ""text"": ""себою не інші плюноти свої""}]"
45ee8701-c383-467c-a765-cb61fcefad03.jpg,"[{""bbox"": [180, 999, 2082, 1129], ""type"": ""handwritten"", ""text"": ""Треба цілуватися, коли випадає на-""}, {""bbox"": [135, 1116, 1835, 1240], ""type"": ""handwritten"", ""text"": ""года, і казати те, що на думці.""}, {""bbox"": [212, 1226, 2086, 1346], ""type"": ""handwritten"", ""text"": ""Немає гасу на півтони. Матеріаль-""}, {""bbox"": [159, 1341, 2087, 1462], ""type"": ""handwritten"", ""text"": ""не - крихке, життя тікає крізь паль-""}, {""bbox"": [154, 1454, 1990, 1568], ""type"": ""handwritten"", ""text"": ""ці. Справжніми виявилося тільки ті,""}, {""bbox"": [142, 1563, 2083, 1678], ""type"": ""handwritten"", ""text"": ""я що не можна схопитись руками,""}, {""bbox"": [152, 1676, 1248, 1784], ""type"": ""handwritten"", ""text"": ""спогади, сміх і любов.""}, {""bbox"": [217, 1782, 2041, 1896], ""type"": ""handwritten"", ""text"": ""Иде треба підкатати, коли людям""}, {""bbox"": [139, 1886, 1985, 2002], ""type"": ""handwritten"", ""text"": ""ся. За все те, що нікому б не мало""}, {""bbox"": [134, 1994, 2002, 2113], ""type"": ""handwritten"", ""text"": ""з нами статися. За те, що ми не""}, {""bbox"": [133, 2098, 2035, 2235], ""type"": ""handwritten"", ""text"": ""тльки знаємо, як пишеться, дале-""}, {""bbox"": [135, 2201, 2028, 2353], ""type"": ""handwritten"", ""text"": ""кобійний дрон\"" або \""балістична ра-""}, {""bbox"": [134, 2294, 2014, 2472], ""type"": ""handwritten"", ""text"": ""кета\"", а й розрізняємо їх на слух""}, {""bbox"": [183, 2368, 1902, 2577], ""type"": ""handwritten"", ""text"": ""Росіяни жують, щоб ли стали""}, {""bbox"": [127, 2473, 2031, 2700], ""type"": ""handwritten"", ""text"": ""схожими на них, синіми у вітчизняній при""}, {""bbox"": [99, 2565, 2027, 2823], ""type"": ""handwritten"", ""text"": ""доміли на них, синіми у вітряй цри\nдоті. А ми будемо жити цікава, всу\nперех істерії і др""}, {""bbox"": [98, 2651, 2034, 2933], ""type"": ""handwritten"", ""text"": ""пот. Якби було жити цікаво, ву-\nперек історії і заради вих, ато після\nнас говорити на""}, {""bbox"": [85, 2767, 1820, 3052], ""type"": ""handwritten"", ""text"": ""перет історії і даради тих, хто нас говоритиме нашою любою.""}, {""bbox"": [86, 2865, 1815, 3056], ""type"": ""handwritten"", ""text"": ""нас говорит ише нашою любою.""}]"
45fcc1af-e4bb-5932-a521-d73b8cda4427.jpg,"[{""bbox"": [3146, 575, 3468, 747], ""type"": ""handwritten"", ""text"": ""пом""}, {""bbox"": [617, 612, 3034, 865], ""type"": ""handwritten"", ""text"": ""зберігали знання північно-європейські""}, {""bbox"": [607, 714, 3018, 1027], ""type"": ""handwritten"", ""text"": ""зберігали змісту та зобов'язували дотримуватися""}, {""bbox"": [3161, 746, 3468, 902], ""type"": ""handwritten"", ""text"": ""/но_think""}, {""bbox"": [595, 789, 3056, 1174], ""type"": ""handwritten"", ""text"": ""ти забавливали дівчат приводячи робами піраміди безпека діти""}, {""bbox"": [3156, 900, 3468, 1063], ""type"": ""handwritten"", ""text"": ""иля""}, {""bbox"": [582, 946, 3089, 1181], ""type"": ""handwritten"", ""text"": ""робами тихамиру безпекавдим""}, {""bbox"": [577, 982, 3100, 1318], ""type"": ""handwritten"", ""text"": ""роботу підприємців суб'єктів патентної зареєстрованої, нові підприємці""}, {""bbox"": [3206, 1046, 3467, 1240], ""type"": ""handwritten"", ""text"": ""вид""}, {""bbox"": [574, 1092, 3128, 1327], ""type"": ""handwritten"", ""text"": ""пам'яту зарядник, Нові мірник""}, {""bbox"": [548, 1297, 3017, 1529], ""type"": ""handwritten"", ""text"": ""відкритів після відварення""}, {""bbox"": [572, 1473, 3163, 1687], ""type"": ""handwritten"", ""text"": ""вирус полиомиелита, вирус цитомегаловируса""}, {""bbox"": [515, 1654, 3189, 1866], ""type"": ""handwritten"", ""text"": ""Ивисто носкомплиуваши на влздъв""}, {""bbox"": [513, 1826, 3179, 2048], ""type"": ""handwritten"", ""text"": ""вирішую, якими засобами користуватися""}, {""bbox"": [471, 2029, 3162, 2253], ""type"": ""handwritten"", ""text"": ""с сносными цевями и смягчев""}, {""bbox"": [457, 2233, 3243, 2478], ""type"": ""handwritten"", ""text"": ""інка використовув свійм сім'я тільки""}, {""bbox"": [423, 2636, 3137, 2877], ""type"": ""handwritten"", ""text"": ""пурпурный, пурпурные засохшие""}, {""bbox"": [408, 2835, 3349, 3088], ""type"": ""handwritten"", ""text"": ""съ тирни. Уе девъмна сръчни""}, {""bbox"": [431, 3050, 3318, 3321], ""type"": ""handwritten"", ""text"": ""виключно використовуються у виключальних""}, {""bbox"": [441, 3268, 3114, 3552], ""type"": ""handwritten"", ""text"": ""екреплением винтовыми.""}, {""bbox"": [349, 3464, 3304, 3789], ""type"": ""handwritten"", ""text"": ""Всегда, что птичка очень""}, {""bbox"": [283, 3709, 3052, 4018], ""type"": ""handwritten"", ""text"": ""прийом було відкрито ілюстративних""}, {""bbox"": [262, 3926, 3094, 4271], ""type"": ""handwritten"", ""text"": ""/но_think""}]"
4648cf5b-07f4-598a-8778-51c40dc185b4.jpg,"[{""bbox"": [361, 367, 2825, 549], ""type"": ""handwritten"", ""text"": ""3. Малоштова печера ( МШП ) - найглибша печера""}, {""bbox"": [363, 547, 2453, 755], ""type"": ""handwritten"", ""text"": ""переф у дінні 1 з уривальників""}, {""bbox"": [513, 716, 2841, 911], ""type"": ""handwritten"", ""text"": ""підземними формуваннями та біогідрами""}, {""bbox"": [429, 983, 786, 1077], ""type"": ""handwritten"", ""text"": ""ммм.""}, {""bbox"": [419, 1123, 1724, 1271], ""type"": ""handwritten"", ""text"": ""14. Незамінні лікарі:""}, {""bbox"": [536, 1309, 1421, 1437], ""type"": ""handwritten"", ""text"": ""— Вибух січів місів""}, {""bbox"": [538, 1470, 2161, 1625], ""type"": ""handwritten"", ""text"": ""Значення біофізичних властивостей""}, {""bbox"": [893, 1625, 2405, 1789], ""type"": ""handwritten"", ""text"": ""Забруднення Землі та води""}, {""bbox"": [879, 1839, 1845, 1945], ""type"": ""handwritten"", ""text"": ""Программа покрытия:""}, {""bbox"": [565, 2355, 2091, 2506], ""type"": ""handwritten"", ""text"": ""- Еволовичий трипіноріт""}, {""bbox"": [908, 2356, 2089, 2465], ""type"": ""handwritten"", ""text"": ""Европейский триместр""}, {""bbox"": [573, 2532, 2459, 2660], ""type"": ""handwritten"", ""text"": ""- Один из наиболее известных -""}, {""bbox"": [564, 2752, 2833, 2919], ""type"": ""handwritten"", ""text"": ""15. Толові причини, саму бризнув""}, {""bbox"": [583, 2941, 2802, 3105], ""type"": ""handwritten"", ""text"": ""- одним з найбільших виробників кави""}, {""bbox"": [653, 3149, 1273, 3295], ""type"": ""handwritten"", ""text"": ""elimin'""}, {""bbox"": [604, 3326, 1920, 3445], ""type"": ""handwritten"", ""text"": ""— Скільки літніх чоловіків""}]"
484b4963-1d6d-4766-9057-954bda8a6118.jpg,"[{""bbox"": [32, 225, 144, 263], ""type"": ""handwritten"", ""text"": ""книжки.""}, {""bbox"": [69, 235, 463, 288], ""type"": ""handwritten"", ""text"": ""песка.\nОни и не страшны,""}, {""bbox"": [21, 278, 504, 319], ""type"": ""handwritten"", ""text"": ""чоловік — читати, і не так""}, {""bbox"": [25, 308, 426, 347], ""type"": ""handwritten"", ""text"": ""вапсиво з яких носіїв,""}, {""bbox"": [24, 340, 476, 379], ""type"": ""handwritten"", ""text"": ""Это пример - не знание и""}, {""bbox"": [27, 373, 456, 409], ""type"": ""handwritten"", ""text"": ""змочії, які, мов відмінну""}, {""bbox"": [28, 404, 438, 438], ""type"": ""handwritten"", ""text"": ""від цюденного пітому""}, {""bbox"": [23, 433, 504, 473], ""type"": ""handwritten"", ""text"": ""мікрофіліярії, замішшалоються з""}, {""bbox"": [33, 465, 295, 502], ""type"": ""handwritten"", ""text"": ""найти найдового.""}]"
48b5044b-0ce6-4bb9-813a-8443a9b8b6a1.jpg,"[{""bbox"": [66, 193, 535, 238], ""type"": ""handwritten"", ""text"": ""свій плакати свої улюблені книжки,""}, {""bbox"": [71, 230, 525, 274], ""type"": ""handwritten"", ""text"": ""мури, фокоградсії, картике, бо""}, {""bbox"": [64, 264, 518, 307], ""type"": ""handwritten"", ""text"": ""як такіше вднося б це зробити?""}, {""bbox"": [66, 303, 517, 343], ""type"": ""handwritten"", ""text"": ""Отже, доки Ілон Маск ще тільки""}, {""bbox"": [54, 337, 556, 379], ""type"": ""handwritten"", ""text"": ""на південної у інших світів, пале-""}, {""bbox"": [47, 374, 561, 416], ""type"": ""handwritten"", ""text"": ""рово книжка - в безпеці. Однак, дяки""}, {""bbox"": [49, 412, 557, 453], ""type"": ""handwritten"", ""text"": ""науковы стверджують, що коли люди,""}, {""bbox"": [49, 451, 558, 489], ""type"": ""handwritten"", ""text"": ""нарешті, зможуть зачати і народити""}, {""bbox"": [55, 485, 533, 520], ""type"": ""handwritten"", ""text"": ""в космических условиях новое житие,""}, {""bbox"": [47, 517, 492, 554], ""type"": ""handwritten"", ""text"": ""яко таке літнє дитя буде схоже,""}, {""bbox"": [48, 550, 546, 587], ""type"": ""handwritten"", ""text"": ""раднее, на знаменитый кинематографа-""}, {""bbox"": [50, 584, 541, 623], ""type"": ""handwritten"", ""text"": ""фічний образ енергійна: з великою""}, {""bbox"": [69, 619, 553, 654], ""type"": ""handwritten"", ""text"": ""головою, очима на півобличчя, слаб-""}, {""bbox"": [63, 654, 553, 693], ""type"": ""handwritten"", ""text"": ""жилим і'ярами. Для нього, на відміну""}, {""bbox"": [68, 690, 553, 728], ""type"": ""handwritten"", ""text"": ""від нас, такі приємні відчуття, як""}, {""bbox"": [68, 726, 504, 763], ""type"": ""handwritten"", ""text"": ""орманної спорінок, запах пакеру,""}, {""bbox"": [70, 757, 504, 797], ""type"": ""handwritten"", ""text"": ""будуть невідомі. Усе, напевно,""}, {""bbox"": [80, 790, 530, 835], ""type"": ""handwritten"", ""text"": ""вже аж моді й запам'ятає ера елек-""}, {""bbox"": [66, 828, 288, 859], ""type"": ""handwritten"", ""text"": ""тронной книжки.""}]"
49d70be4-af77-558b-af69-8ea6386d95fb.jpg,"[{""bbox"": [134, 0, 414, 232], ""type"": ""handwritten"", ""text"": ""gro.""}, {""bbox"": [1115, 419, 2575, 769], ""type"": ""handwritten"", ""text"": ""Дванадцяте січня""}, {""bbox"": [1061, 708, 2613, 1017], ""type"": ""handwritten"", ""text"": ""Доповідь робота""}, {""bbox"": [90, 958, 3122, 1271], ""type"": ""handwritten"", ""text"": ""Внутрішнє середовище організму складається з рідини, яка заповнює всі порожнини та міжклітинні простори. Ця рідина називається внутрішньою середовищем організму. Вона включає плазму крові, лімфу, тканинну рідину та інші рідини, які забезпечують транспорт речовин, регуляцію температури, буферну функцію та захист організму. Внутрішнє середовище організму є важливим фактором для підтримки гомеостазу, тобто стабільного внутрішнього стану організму.""}, {""bbox"": [154, 1231, 3225, 1500], ""type"": ""handwritten"", ""text"": ""з трьох основних компонентів: кров""}, {""bbox"": [154, 1470, 3224, 1719], ""type"": ""handwritten"", ""text"": ""мідра, тканника рідина. У схлад""}, {""bbox"": [154, 1685, 3225, 1992], ""type"": ""handwritten"", ""text"": ""нутримного середовища організму т""}, {""bbox"": [257, 1928, 3327, 2225], ""type"": ""handwritten"", ""text"": ""ативизациі, адже впливають на їх""}, {""bbox"": [257, 2170, 3327, 2503], ""type"": ""handwritten"", ""text"": ""і склад одне одного. Кров і серце ми""}]"
4a021a5c-f436-5381-a993-f042596b6639.jpg,"[{""bbox"": [830, 507, 2665, 818], ""type"": ""handwritten"", ""text"": ""Платон: „Платон: „Платон: „Платон: „Платон: „Платон: „Платон: „Платон: „Платон: „Платон: „Платон: „Платон: „Платон: „Платон: „Платон: „Платон: „Платон: „Платон: „Платон: „Платон: „Платон: „Платон: „Платон: „Платон: „Платон: „Платон: „Платон: „Платон: „Платон: „Платон: „Платон: „Платон: „Платон: „Платон: „Платон: „Платон: „Платон: „Платон: „Платон: „Платон: „Платон: „Платон: „Платон: „Платон: „Платон: „Платон: „Платон: „Платон: „Платон: „Платон: „Платон: „П""}, {""bbox"": [2817, 604, 3120, 729], ""type"": ""annotation"", ""text"": ""19.05.22""}, {""bbox"": [112, 796, 358, 935], ""type"": ""handwritten"", ""text"": ""1.02""}, {""bbox"": [108, 966, 334, 1130], ""type"": ""handwritten"", ""text"": ""2.6""}, {""bbox"": [102, 1196, 329, 1333], ""type"": ""handwritten"", ""text"": ""9. a""}, {""bbox"": [103, 1200, 333, 1334], ""type"": ""handwritten"", ""text"": ""9. a""}, {""bbox"": [101, 1358, 325, 1541], ""type"": ""handwritten"", ""text"": ""4.6""}, {""bbox"": [97, 1567, 306, 1746], ""type"": ""handwritten"", ""text"": ""5.05""}, {""bbox"": [90, 1817, 292, 1953], ""type"": ""handwritten"", ""text"": ""6. a""}, {""bbox"": [94, 2016, 312, 2165], ""type"": ""handwritten"", ""text"": ""王见""}, {""bbox"": [94, 2221, 313, 2381], ""type"": ""handwritten"", ""text"": ""9.2""}, {""bbox"": [95, 2225, 312, 2381], ""type"": ""handwritten"", ""text"": ""9.2""}, {""bbox"": [99, 2391, 316, 2576], ""type"": ""handwritten"", ""text"": ""9.6""}, {""bbox"": [97, 2585, 433, 2790], ""type"": ""handwritten"", ""text"": ""10.5""}, {""bbox"": [97, 2794, 415, 2996], ""type"": ""handwritten"", ""text"": ""110""}, {""bbox"": [100, 3005, 587, 3232], ""type"": ""handwritten"", ""text"": ""12.6, 6""}]"
4a02ea8b-1756-4ed4-92e2-e72e642e9ed9.jpg,"[{""bbox"": [2057, 38, 2271, 218], ""type"": ""annotation"", ""text"": ""114""}, {""bbox"": [70, 72, 833, 243], ""type"": ""handwritten"", ""text"": ""М.Ю. Шаловалау""}, {""bbox"": [1573, 198, 2104, 264], ""type"": ""printed"", ""text"": ""Прага 10/XI-1987.""}, {""bbox"": [183, 417, 1339, 473], ""type"": ""printed"", ""text"": ""до ВП. членів Українського Інституту""}, {""bbox"": [533, 529, 1019, 576], ""type"": ""printed"", ""text"": ""Громадознавства.""}, {""bbox"": [1018, 731, 2266, 782], ""type"": ""printed"", ""text"": ""Дирекція просить Вас не одмовити ласкаво""}, {""bbox"": [901, 892, 2274, 945], ""type"": ""printed"", ""text"": ""листопаду, в 3 год. після полудня, в помешканні""}, {""bbox"": [902, 943, 2022, 1002], ""type"": ""printed"", ""text"": ""Інституту, Прага III, Шежикова 4/III.""}, {""bbox"": [1430, 1102, 1930, 1152], ""type"": ""printed"", ""text"": ""З ПОВНОЮ ПОВАГОЮ""}, {""bbox"": [1490, 1200, 1989, 1259], ""type"": ""printed"", ""text"": ""Дирекція.""}]"
4beaadf9-1007-4233-99be-d72fa5f2e6fa.jpg,"[{""bbox"": [27, 1, 1622, 88], ""type"": ""handwritten"", ""text"": ""Після хвилі протестів із боку \""Гідних пантер\"" Мейр""}, {""bbox"": [22, 2, 1631, 124], ""type"": ""handwritten"", ""text"": ""Після хвилі протестів із боку \""Горних пантер\"" Мер\nпогодила визначати проблему соціальних нерівностей""}, {""bbox"": [22, 70, 1646, 206], ""type"": ""handwritten"", ""text"": ""вела визначати проблеми соціальної нерівності що призвело до реформ у соціальну законодавство спрямовані на інтеграцію етнічних меншин""}, {""bbox"": [21, 115, 1644, 222], ""type"": ""handwritten"", ""text"": ""спричиненого до реформ у соціальному забезпеченні, спрямованих на інтеграцію громадян""}, {""bbox"": [21, 175, 1655, 295], ""type"": ""handwritten"", ""text"": ""2) Прем'єр-мініст України оголошував: «Є драматичний""}, {""bbox"": [21, 220, 1639, 351], ""type"": ""handwritten"", ""text"": ""2) Президент України оголошує уряд і є діючим головою виконавчої влади, бере участь у призначенні та звільненні""}, {""bbox"": [22, 271, 1638, 436], ""type"": ""handwritten"", ""text"": ""перевірними висновками влади, бере участь у призначенні суддів до Верховного суду, що визначає баланс у судовій системі, відповідно""}, {""bbox"": [25, 332, 1645, 485], ""type"": ""handwritten"", ""text"": ""відновлення судів до Верховного суду, що визначає відмінність у судовій системі, відповідає за захист прав і свобод громадян""}, {""bbox"": [25, 373, 1654, 552], ""type"": ""handwritten"", ""text"": ""3) Змінення прав в умовах загроз""}, {""bbox"": [26, 444, 1638, 605], ""type"": ""handwritten"", ""text"": ""3) Зміцнення правової стабільності у країні""}, {""bbox"": [24, 509, 1623, 660], ""type"": ""handwritten"", ""text"": ""Оцінення правову стабільність у країні. Поточне рішення не оголошувати надзвичайний стан у півдні місцевості.""}, {""bbox"": [20, 573, 1573, 738], ""type"": ""handwritten"", ""text"": ""Повторное решение не оговаривает надбавки за повышение массы, но так вами веденного где дозволено зберегти дів стандартних законодав""}, {""bbox"": [13, 658, 1500, 778], ""type"": ""handwritten"", ""text"": ""дозволило зберегти дію стандартних зониць\nних процедур, незалежності судової влади та""}, {""bbox"": [19, 757, 1541, 877], ""type"": ""handwritten"", ""text"": ""неконституційно передан Завдяки відповідем на судові вчинення сиділи у""}, {""bbox"": [21, 799, 1596, 937], ""type"": ""handwritten"", ""text"": ""Завдяки відповідям на соціальні виклики студенцькій групі через Мейр ініціював зміни у біологічних""}, {""bbox"": [23, 857, 1608, 1022], ""type"": ""handwritten"", ""text"": ""через уряд мір ініціював зміни у благодійній захисту, які дали старт програмам соц. захисту""}, {""bbox"": [18, 949, 242, 997], ""type"": ""handwritten"", ""text"": ""norester""}, {""bbox"": [12, 1048, 1620, 1224], ""type"": ""handwritten"", ""text"": ""зобов'язань ізраїль посилити своє законодавство щодо здійснення політичних зобов'язань і реалізації інших""}, {""bbox"": [20, 1050, 1622, 1224], ""type"": ""handwritten"", ""text"": ""зробив Ізраїль посилив своє законодавство щодо здійснення зобов'язань і реалізації іноземної допомоги""}, {""bbox"": [19, 1106, 1631, 1243], ""type"": ""handwritten"", ""text"": ""забільшеньоплатних зобов'язань \""регулює\"" інозем-""}, {""bbox"": [15, 1153, 425, 1219], ""type"": ""handwritten"", ""text"": ""кот донимала""}, {""bbox"": [23, 1213, 450, 1287], ""type"": ""handwritten"", ""text"": ""Рекомендации""}, {""bbox"": [23, 1266, 1616, 1364], ""type"": ""handwritten"", ""text"": ""ін пожежа. Мір, проводив переслідував зверні-""}, {""bbox"": [14, 1277, 1614, 1426], ""type"": ""handwritten"", ""text"": ""Я початала Мір, правдивий порядок, мав збері- гатися навіть під час війни. Варіо уникати віру-""}, {""bbox"": [9, 1333, 1542, 1480], ""type"": ""handwritten"", ""text"": ""затисне навіть під час війни. Варто уникати війни. Варто уникати війни. Варто уникати війни. Варто уникати війни. Варто уникати війни. Варто уникати війни. Варто уникати війни. Варто уникати війни. Варто уникати війни. Варто уникати війни. Варто уникати війни. Варто уникати війни. Варто уникати війни. Варто уникати війни. Варто уникати війни. Варто уникати війни. Варто уникати війни. Варто уникати війни. Варто уникати війни. Варто уникати війни""}, {""bbox"": [16, 1334, 1513, 1482], ""type"": ""handwritten"", ""text"": ""затисне навіть під час війни. Варто уникати в\nзабезпечила (оголошена) влади у свої процеси, як це""}, {""bbox"": [13, 1391, 1504, 1534], ""type"": ""handwritten"", ""text"": ""загалом виконавчої влади у своїй діяльності забезпечила того, що між навіть у період загрози""}, {""bbox"": [10, 1433, 1612, 1605], ""type"": ""handwritten"", ""text"": ""Забезпечила Голда Меїр навіть у період загрози всі ініціативи у відповідь на постій""}, {""bbox"": [11, 1506, 1639, 1657], ""type"": ""handwritten"", ""text"": ""від ініціативи та відповіді на протести та чини""}, {""bbox"": [11, 1576, 1625, 1740], ""type"": ""handwritten"", ""text"": ""а не ігнорувати. Написання стратегічних договорів повинно супроводжуватися градусом правових""}, {""bbox"": [9, 1632, 1594, 1802], ""type"": ""handwritten"", ""text"": ""новинно супроводжувати прозорим правовим регулюванням, яке не впроваджувала Мір у від""}, {""bbox"": [12, 1704, 1615, 1864], ""type"": ""handwritten"", ""text"": ""регулюванням, яке не впроваджувала мір у відносинах з Світом. Підтримувати участь змоги""}, {""bbox"": [12, 1759, 1631, 1902], ""type"": ""handwritten"", ""text"": ""мосинах, з СЕА. Підтримувати участь змінок\nмолоді. Здоров'я вані політичні""}, {""bbox"": [9, 1796, 1637, 1956], ""type"": ""handwritten"", ""text"": ""механікі, молоді, уформувати участь виник на всіх випадків. Мір.""}, {""bbox"": [5, 1859, 775, 1959], ""type"": ""handwritten"", ""text"": ""на вселен винов Мейр.""}]"
4c5d63d9-1110-531c-b2fa-e93b9bba4121.jpg,"[{""bbox"": [918, 58, 2128, 261], ""type"": ""handwritten"", ""text"": ""Двадцять друге квітня""}, {""bbox"": [1046, 252, 2101, 450], ""type"": ""handwritten"", ""text"": ""Домашняя работа""}, {""bbox"": [1364, 428, 1919, 635], ""type"": ""handwritten"", ""text"": ""Вправа 321""}, {""bbox"": [386, 605, 2948, 821], ""type"": ""handwritten"", ""text"": ""ній залі на Сорійку хлюпнула мелодія, хвилююча, легка. С""}]"
4c6edec1-59be-405c-a28b-759a52e9788f.jpg,"[{""bbox"": [584, 313, 770, 374], ""type"": ""annotation"", ""text"": ""27.10.25 p.""}, {""bbox"": [282, 409, 494, 457], ""type"": ""handwritten"", ""text"": ""Диктавет""}, {""bbox"": [272, 446, 623, 527], ""type"": ""handwritten"", ""text"": ""Преба несети.""}, {""bbox"": [129, 518, 773, 579], ""type"": ""handwritten"", ""text"": ""Нето треба из'каво: читане,""}, {""bbox"": [67, 565, 821, 623], ""type"": ""handwritten"", ""text"": ""книжки, ходимо в театр, дресирува-""}, {""bbox"": [66, 622, 431, 665], ""type"": ""handwritten"", ""text"": ""ти иса Патропова.""}, {""bbox"": [129, 657, 760, 714], ""type"": ""handwritten"", ""text"": ""Преба жмете! Не впивеме, не""}, {""bbox"": [61, 709, 730, 756], ""type"": ""handwritten"", ""text"": ""троєшке, не завища, не п'єме.""}, {""bbox"": [66, 747, 812, 803], ""type"": ""handwritten"", ""text"": ""По-сравнению! Зараз! Треба гля-""}, {""bbox"": [57, 792, 750, 847], ""type"": ""handwritten"", ""text"": ""дити котів, збираєте грибів, везти""}, {""bbox"": [61, 828, 787, 887], ""type"": ""handwritten"", ""text"": ""циденах із фронту на \""Інтерсвіт\"",""}, {""bbox"": [55, 875, 794, 922], ""type"": ""handwritten"", ""text"": ""родисте релевом ; привеоссиеи счастя""}, {""bbox"": [59, 911, 808, 955], ""type"": ""handwritten"", ""text"": ""тие, кого любишь. Треба кедувати""}, {""bbox"": [58, 948, 774, 993], ""type"": ""handwritten"", ""text"": ""сухе, з лієтками і докамети на""}, {""bbox"": [62, 982, 847, 1027], ""type"": ""handwritten"", ""text"": ""въ всеко, вие изграждате РАБи ; генератори,""}, {""bbox"": [61, 1021, 813, 1065], ""type"": ""handwritten"", ""text"": ""а це, несумнівно, вегетація в між'ярсі""}, {""bbox"": [54, 1060, 751, 1104], ""type"": ""handwritten"", ""text"": ""бонсару, бо на перший урок треба""}, {""bbox"": [56, 1098, 426, 1136], ""type"": ""handwritten"", ""text"": ""превосходные качества.""}, {""bbox"": [111, 1127, 822, 1169], ""type"": ""handwritten"", ""text"": ""Треба любити свій дім новітнє засцо""}, {""bbox"": [43, 1165, 833, 1211], ""type"": ""handwritten"", ""text"": ""він тимчасовий і далеко від справжнього""}, {""bbox"": [37, 1206, 842, 1253], ""type"": ""handwritten"", ""text"": ""долж, того, що в серці. Треба здевати""}, {""bbox"": [41, 1245, 845, 1298], ""type"": ""handwritten"", ""text"": ""кров; лежит з него ще в чи́нної середі""}, {""bbox"": [38, 1285, 852, 1337], ""type"": ""handwritten"", ""text"": ""поселившись любов до сів: допіру, пітятко""}, {""bbox"": [39, 1323, 220, 1357], ""type"": ""handwritten"", ""text"": ""гг хвяхи.""}, {""bbox"": [96, 1351, 752, 1404], ""type"": ""handwritten"", ""text"": ""Преба цілуватися коло випарас""}, {""bbox"": [29, 1389, 852, 1443], ""type"": ""handwritten"", ""text"": ""нелоде і казати те, що на думці. Нелав""}, {""bbox"": [33, 1427, 854, 1483], ""type"": ""handwritten"", ""text"": ""лассу на півтони. Матеріальні втрата,""}]"
4f057027-68bf-5386-b41f-1f5224e440ab.jpg,"[{""bbox"": [1238, 165, 1601, 314], ""type"": ""handwritten"", ""text"": ""N13.12""}, {""bbox"": [189, 347, 2483, 552], ""type"": ""formula"", ""text"": ""1) \\sin(\\alpha + \\beta) - \\sin \\alpha \\cos \\beta = \\sin \\alpha \\cos \\beta +""}, {""bbox"": [179, 556, 2318, 740], ""type"": ""formula"", ""text"": ""$$+ \\sin \\beta \\cos \\alpha - \\sin \\alpha \\cos \\beta = \\sin \\beta \\cos \\alpha$$""}, {""bbox"": [171, 734, 2419, 943], ""type"": ""formula"", ""text"": ""2) \\cos \\left(2 - \\frac{\\pi}{3} \\right) - \\frac{1}{2} \\cos 2 = \\cos 2 \\cos \\frac{\\pi}{3} +""}, {""bbox"": [156, 942, 2823, 1133], ""type"": ""formula"", ""text"": ""+ \\sin \\lambda \\cdot \\sin \\frac{\\pi}{3} - \\frac{1}{2} \\cos \\lambda = \\frac{1}{2} \\cos \\lambda = \\cos \\frac{\\pi}{3} + \\frac{1}{2} \\cos \\lambda +""}, {""bbox"": [186, 1142, 1917, 1342], ""type"": ""formula"", ""text"": ""$$= \\frac { \\sqrt { 3 } } { 2 } \\sin \\lambda - \\frac { 1 } { 2 } \\cos \\lambda = \\frac { \\sqrt { 3 } } { 2 } \\sin \\lambda$$""}]"
4f624032-aeb4-48f6-a773-7e82c872f981.jpg,"[{""bbox"": [1695, 422, 2192, 491], ""type"": ""printed"", ""text"": ""Прага 24/XII-27.""}, {""bbox"": [670, 590, 806, 654], ""type"": ""annotation"", ""text"": ""П.Т.""}, {""bbox"": [859, 801, 2417, 857], ""type"": ""printed"", ""text"": ""Маємо честь просити Вас не одмовитись прийняти лас-""}, {""bbox"": [684, 906, 2418, 971], ""type"": ""printed"", ""text"": ""каву участь у приятельському передноворічньому зібранні,""}, {""bbox"": [690, 998, 2405, 1074], ""type"": ""printed"", ""text"": ""за шилянкою чаю, в суботу, 3I грудня 1927 р., ол 6 по 10""}, {""bbox"": [682, 1129, 1057, 1186], ""type"": ""printed"", ""text"": ""год. вечора.""}, {""bbox"": [869, 1225, 1642, 1283], ""type"": ""printed"", ""text"": ""На зібрання запрошуються:""}, {""bbox"": [812, 1316, 2422, 1379], ""type"": ""printed"", ""text"": ""I. Члени і співробітники Українського Інституту Гро-""}, {""bbox"": [684, 1432, 1553, 1496], ""type"": ""printed"", ""text"": ""мадознавства і його установ;""}, {""bbox"": [813, 1524, 2339, 1597], ""type"": ""printed"", ""text"": ""2. Професори, лекторський персонал і співробітники""}, {""bbox"": [693, 1634, 1869, 1704], ""type"": ""printed"", ""text"": ""Українського Робітничого Університету;""}, {""bbox"": [812, 1738, 2399, 1800], ""type"": ""printed"", ""text"": ""3. Члени керуючих органів Українського Громадського""}, {""bbox"": [691, 1857, 1251, 1917], ""type"": ""printed"", ""text"": ""Видавничого Фонду;""}, {""bbox"": [810, 1958, 1752, 2018], ""type"": ""printed"", ""text"": ""4. Члени Українського Комітету""}, {""bbox"": [814, 2045, 2371, 2119], ""type"": ""printed"", ""text"": ""5. Члени В-ва \""Вільна Спілка\"" і співробітники \""Но-""}, {""bbox"": [694, 2166, 1101, 2234], ""type"": ""printed"", ""text"": ""вої України\"".""}, {""bbox"": [875, 2279, 1779, 2336], ""type"": ""printed"", ""text"": ""Чай - на товарищеских основах.""}, {""bbox"": [877, 2377, 2060, 2446], ""type"": ""printed"", ""text"": ""Про місце зібрання повідомимо пізніше.""}, {""bbox"": [881, 2478, 2383, 2546], ""type"": ""printed"", ""text"": ""Просимо не одмовити сповістити ініціативний гур-""}, {""bbox"": [710, 2565, 2417, 2667], ""type"": ""printed"", ""text"": ""ток / Praha III. Upravni institut, Krom! чи прий-""}, {""bbox"": [871, 2657, 1371, 2718], ""type"": ""printed"", ""text"": ""Зейнкова, Ч. III.""}, {""bbox"": [697, 2707, 1505, 2764], ""type"": ""printed"", ""text"": ""мете Ви участь у зібранні.""}, {""bbox"": [1507, 2904, 2074, 2957], ""type"": ""printed"", ""text"": ""З глубокою повагою""}, {""bbox"": [1530, 2985, 2255, 3082], ""type"": ""printed"", ""text"": ""Ініціативний гурток.""}, {""bbox"": [1652, 3063, 2491, 3185], ""type"": ""handwritten"", ""text"": ""Дримкалия""}, {""bbox"": [1669, 3171, 2495, 3325], ""type"": ""handwritten"", ""text"": ""King. C. Bacotky 7""}]"
4f6c66bf-dbae-4a85-815d-20616f72fb0f.jpg,"[{""bbox"": [15, 21, 1554, 98], ""type"": ""handwritten"", ""text"": ""Завдання 2. Назвіть проблеми міжнародної трудової міграції""}, {""bbox"": [43, 88, 906, 153], ""type"": ""handwritten"", ""text"": ""рівну погодою сили в Україні:""}, {""bbox"": [72, 138, 1076, 227], ""type"": ""handwritten"", ""text"": ""4. Відмініс квіліфікованої роботі сили""}, {""bbox"": [97, 204, 1633, 307], ""type"": ""handwritten"", ""text"": ""Вогнила фрактів (лісочі, лимонні, бурівісвісні) відіграють""}, {""bbox"": [62, 254, 1048, 366], ""type"": ""handwritten"", ""text"": ""м копрот у лошарах кращих улов пнор""}, {""bbox"": [58, 342, 552, 395], ""type"": ""handwritten"", ""text"": ""2. Створіння населення""}, {""bbox"": [59, 343, 550, 395], ""type"": ""handwritten"", ""text"": ""2. Створіння населення""}, {""bbox"": [108, 381, 1572, 503], ""type"": ""handwritten"", ""text"": ""Перу аніччоріо лякорі дмісново післяна лінійна лідера на""}, {""bbox"": [43, 470, 359, 536], ""type"": ""handwritten"", ""text"": ""мину проф.""}, {""bbox"": [47, 522, 1025, 645], ""type"": ""handwritten"", ""text"": ""3. Рефірми сирув у вологих шлухах""}, {""bbox"": [44, 581, 1646, 766], ""type"": ""handwritten"", ""text"": ""Особливо в бур'яннів, лідируючі, обійні, сільському господарстві""}, {""bbox"": [46, 638, 1159, 806], ""type"": ""handwritten"", ""text"": ""1. Запитання типів мовленнєвого засобу""}, {""bbox"": [45, 756, 1607, 929], ""type"": ""handwritten"", ""text"": ""мовний вид роботи, що виконується\nриму\n5. Завдання""}, {""bbox"": [44, 815, 208, 890], ""type"": ""handwritten"", ""text"": ""рішку""}, {""bbox"": [31, 886, 1007, 1008], ""type"": ""handwritten"", ""text"": ""5. Залежність від громових пересорів""}, {""bbox"": [53, 941, 1649, 1095], ""type"": ""handwritten"", ""text"": ""Марківська економіка ніяк не залежить від упровадження""}, {""bbox"": [55, 1052, 991, 1153], ""type"": ""handwritten"", ""text"": ""ур не в способных дивидендах доход.""}, {""bbox"": [32, 1118, 410, 1202], ""type"": ""handwritten"", ""text"": ""Завдання 3. 15""}, {""bbox"": [29, 1206, 151, 1274], ""type"": ""handwritten"", ""text"": ""1.5""}, {""bbox"": [25, 1275, 140, 1336], ""type"": ""handwritten"", ""text"": ""х.В""}, {""bbox"": [22, 1341, 141, 1416], ""type"": ""handwritten"", ""text"": ""3.B""}, {""bbox"": [24, 1425, 497, 1517], ""type"": ""handwritten"", ""text"": ""Завдання ч. 1 30""}, {""bbox"": [118, 1500, 391, 1587], ""type"": ""handwritten"", ""text"": ""Розпачливіс""}, {""bbox"": [39, 1535, 1342, 1654], ""type"": ""handwritten"", ""text"": ""ЗПО = випорит послуг + Касові надходж + іншом послуг + ?""}, {""bbox"": [22, 1633, 1640, 1718], ""type"": ""handwritten"", ""text"": ""СТБ = (Кількість підприємств + Кількість послуг) - (Сільські підприємства + Відома послуга)""}, {""bbox"": [1208, 1696, 1545, 1835], ""type"": ""annotation"", ""text"": ""Тысяч росс?""}, {""bbox"": [32, 1701, 627, 1789], ""type"": ""handwritten"", ""text"": ""Темни приносит 380 (у.е)""}, {""bbox"": [31, 1755, 848, 1905], ""type"": ""handwritten"", ""text"": ""Текст прислал - 360 поточний - 360 поточний\nТекст прислал - 360 поточний - 360 поточний\n2018""}, {""bbox"": [554, 1804, 842, 1864], ""type"": ""handwritten"", ""text"": ""380 полкредный""}, {""bbox"": [52, 1862, 177, 1906], ""type"": ""handwritten"", ""text"": ""2018""}, {""bbox"": [41, 1885, 855, 1967], ""type"": ""handwritten"", ""text"": ""екимом 14 942,5 + 3486,8 = 18 059,3""}, {""bbox"": [32, 1959, 742, 2030], ""type"": ""handwritten"", ""text"": ""інформа: 13 956+1150,9=15106,9""}, {""bbox"": [39, 2020, 1308, 2101], ""type"": ""formula"", ""text"": ""350 : 14 582,5 + 34 866,8 = 49 956 + 1150,9 = 33 166,2 \\text{ млн } \\text{гр}""}, {""bbox"": [31, 2100, 964, 2188], ""type"": ""handwritten"", ""text"": ""СТБ: 16 059,3-78106,9 = 2952,4 млн.""}]"
4fd37fb0-ca93-47fd-b836-5f2ca7d77a5d.jpg,"[{""bbox"": [95, 58, 313, 341], ""type"": ""annotation"", ""text"": ""Люда""}, {""bbox"": [972, 426, 1231, 502], ""type"": ""printed"", ""text"": ""Статут""}, {""bbox"": [502, 760, 1809, 807], ""type"": ""printed"", ""text"": ""а) збирання матеріалів з життя й діяльності небіжчика, відповідне їх упо-""}, {""bbox"": [528, 838, 1813, 883], ""type"": ""printed"", ""text"": "") вияснення та реєстрацію літературних праць небіжчика як по спеці-""}, {""bbox"": [536, 989, 1236, 1026], ""type"": ""printed"", ""text"": ""сільського господарства та кооперації;""}, {""bbox"": [539, 1061, 964, 1096], ""type"": ""printed"", ""text"": ""похоронами небіжчика;""}, {""bbox"": [513, 1088, 1812, 1132], ""type"": ""printed"", ""text"": ""д перевіз на Україну тлінних останків небіжчика, коли для того скла-""}, {""bbox"": [512, 1162, 1805, 1207], ""type"": ""printed"", ""text"": "") переведення всякої іншої роботи, звязаної з основним завданням""}, {""bbox"": [475, 1245, 1807, 1293], ""type"": ""printed"", ""text"": ""§ 2. Кошти Комітету складаються з членських внесків, добровіль-""}, {""bbox"": [476, 1337, 1807, 1381], ""type"": ""printed"", ""text"": ""§ 3. Членами Комітету можуть бути організації, установи та по-""}, {""bbox"": [384, 1430, 1808, 1481], ""type"": ""printed"", ""text"": ""повідну заяву та внесуть добровільний даток у фонд на вшанування""}, {""bbox"": [392, 1479, 1099, 1525], ""type"": ""printed"", ""text"": ""памяти проф. Володимира Ковала.""}, {""bbox"": [481, 1516, 1810, 1565], ""type"": ""printed"", ""text"": ""§ 4. Члени Комітету допомагають презідії (§ 6) всіма можли-""}, {""bbox"": [405, 1564, 1807, 1613], ""type"": ""printed"", ""text"": ""зими засобами для здійснення поставленої перед Комітетом мети.""}, {""bbox"": [474, 1615, 1553, 1660], ""type"": ""printed"", ""text"": ""§ 5. Верховним органом Комітету являються загаль""}, {""bbox"": [475, 1702, 1425, 1750], ""type"": ""printed"", ""text"": ""§ 6. Загальні збори Комітету обирають презід""}, {""bbox"": [389, 1744, 1807, 1791], ""type"": ""printed"", ""text"": ""скарбника та секретаря, яка й веде усю поточну роботу та листу-""}, {""bbox"": [471, 1839, 1809, 1878], ""type"": ""printed"", ""text"": ""§ 7. Загальні збори скликаються в міру потреби презідією і""}, {""bbox"": [380, 1926, 1808, 1974], ""type"": ""printed"", ""text"": ""тина всіх членів, що проживають в країні, в котрій перебуває президія.""}, {""bbox"": [395, 2064, 1624, 2109], ""type"": ""printed"", ""text"": ""року дає докладне звідомлення, шляхом оголошення в пресі.""}, {""bbox"": [413, 2065, 1631, 2109], ""type"": ""printed"", ""text"": ""року дає докладне звідомлення, шляхом оголошення в пресі.""}, {""bbox"": [470, 2111, 1619, 2159], ""type"": ""printed"", ""text"": ""§ 9. Для перевірки каси і ведення справ у Комітеті за""}, {""bbox"": [393, 2155, 1157, 2202], ""type"": ""printed"", ""text"": ""зборами обірається ревізійна комісія.""}, {""bbox"": [407, 2241, 1811, 2285], ""type"": ""printed"", ""text"": ""инити своє існування по постанові загальних зборів Комітету, колиб""}, {""bbox"": [380, 2333, 1809, 2385], ""type"": ""printed"", ""text"": ""себе яка небудь агрономічна, кооперативна, або громадська організація.""}, {""bbox"": [670, 2448, 1811, 2499], ""type"": ""printed"", ""text"": ""памяти проф. Володимира Ковала Вікт. Доманицький.""}, {""bbox"": [914, 2511, 1807, 2566], ""type"": ""printed"", ""text"": ""Секретар загальних зборів В. Дрикалович.""}, {""bbox"": [600, 2571, 1807, 2620], ""type"": ""printed"", ""text"": ""Фундатори: Проф. К. Мацієвич, Лект. Вікт. Доманицький,""}, {""bbox"": [442, 2685, 808, 2733], ""type"": ""printed"", ""text"": ""19. III. 1928 poky""}]"
500996ab-a1ee-55ac-b830-a417bf57a3d2.jpg,"[{""bbox"": [310, 45, 1121, 170], ""type"": ""handwritten"", ""text"": ""Двоячиять нотого""}, {""bbox"": [211, 137, 979, 277], ""type"": ""handwritten"", ""text"": ""Класна робота""}, {""bbox"": [55, 347, 1613, 502], ""type"": ""handwritten"", ""text"": ""конкретні програми з градієнтним""}, {""bbox"": [43, 510, 582, 606], ""type"": ""handwritten"", ""text"": ""компьютером""}, {""bbox"": [81, 609, 262, 719], ""type"": ""annotation"", ""text"": ""/no_think""}, {""bbox"": [93, 700, 1692, 856], ""type"": ""handwritten"", ""text"": ""root.geometry('1200x800')""}, {""bbox"": [71, 834, 1644, 990], ""type"": ""handwritten"", ""text"": ""- змінення розмірів і положення вікна""}, {""bbox"": [96, 969, 1695, 1107], ""type"": ""handwritten"", ""text"": ""roat ['bg'] = 1 - калір > 1 - змінення кольору""}, {""bbox"": [79, 1105, 296, 1211], ""type"": ""handwritten"", ""text"": ""вікна""}, {""bbox"": [114, 1206, 997, 1337], ""type"": ""handwritten"", ""text"": ""from printer import""}, {""bbox"": [78, 1331, 635, 1459], ""type"": ""handwritten"", ""text"": ""nobt = TR(1)""}, {""bbox"": [75, 1332, 638, 1458], ""type"": ""formula"", ""text"": ""$$\\operatorname { r o b t } = T R ( 1 )$$""}, {""bbox"": [84, 1447, 1563, 1584], ""type"": ""handwritten"", ""text"": ""root.title('Мій перший проект')""}, {""bbox"": [86, 1582, 1656, 1712], ""type"": ""handwritten"", ""text"": ""root. geometry | '600x400+200+100'""}, {""bbox"": [75, 1701, 1013, 1840], ""type"": ""handwritten"", ""text"": ""root ['b g'] = 'yellow'""}, {""bbox"": [89, 1885, 739, 2032], ""type"": ""handwritten"", ""text"": ""Задача 6.1.1""}, {""bbox"": [89, 2004, 1004, 2145], ""type"": ""handwritten"", ""text"": ""from tkinter import""}, {""bbox"": [89, 2135, 625, 2254], ""type"": ""formula"", ""text"": ""$$r o o t = T R 1 1$$""}, {""bbox"": [92, 2362, 1638, 2448], ""type"": ""handwritten"", ""text"": ""root geometry (1400x350+200+100)""}, {""bbox"": [92, 2362, 1638, 2448], ""type"": ""printed"", ""text"": ""root geometry (1400x350+200+100)""}, {""bbox"": [106, 2432, 863, 2513], ""type"": ""formula"", ""text"": ""$\\sqrt[3]{169} \\approx 5.52$""}, {""bbox"": [1589, 2719, 1836, 2786], ""type"": ""printed"", ""text"": ""/no_think""}, {""bbox"": [607, 3006, 799, 3055], ""type"": ""printed"", ""text"": ""/no_think""}]"
50df26eb-ecf7-5008-8003-615329dda2cd.jpg,"[{""bbox"": [537, 196, 1267, 321], ""type"": ""handwritten"", ""text"": ""Снимайте лото""}, {""bbox"": [419, 301, 1275, 442], ""type"": ""handwritten"", ""text"": ""Контрольна робота""}, {""bbox"": [254, 415, 681, 546], ""type"": ""handwritten"", ""text"": ""Вариант""}, {""bbox"": [235, 540, 386, 668], ""type"": ""handwritten"", ""text"": ""/6""}, {""bbox"": [222, 666, 434, 780], ""type"": ""handwritten"", ""text"": ""212""}, {""bbox"": [222, 771, 406, 895], ""type"": ""handwritten"", ""text"": ""3/万""}, {""bbox"": [217, 882, 398, 1017], ""type"": ""handwritten"", ""text"": ""4) x""}, {""bbox"": [209, 1003, 377, 1134], ""type"": ""handwritten"", ""text"": ""5/x""}, {""bbox"": [203, 1246, 502, 1359], ""type"": ""handwritten"", ""text"": ""8/1113""}, {""bbox"": [312, 1356, 536, 1484], ""type"": ""handwritten"", ""text"": ""2) x""}, {""bbox"": [313, 1457, 543, 1603], ""type"": ""handwritten"", ""text"": ""3/2""}, {""bbox"": [319, 1584, 511, 1713], ""type"": ""handwritten"", ""text"": ""41万""}, {""bbox"": [198, 1703, 1612, 1828], ""type"": ""handwritten"", ""text"": ""8) /Делікти- це творчим і рослини цю""}, {""bbox"": [208, 1814, 1717, 1962], ""type"": ""handwritten"", ""text"": ""збереглися на ревних територіях.""}, {""bbox"": [190, 1939, 1801, 2085], ""type"": ""handwritten"", ""text"": ""2) Брунн-вержий пужкий родном""}, {""bbox"": [190, 2077, 1282, 2210], ""type"": ""handwritten"", ""text"": ""мор землі (місцері)""}, {""bbox"": [180, 2183, 1793, 2325], ""type"": ""handwritten"", ""text"": ""3/Березук, кущиця, кабан, інчак, білка,""}, {""bbox"": [197, 2306, 1585, 2464], ""type"": ""handwritten"", ""text"": ""вовк, лось, бобр, заяц, мишка.""}]"
517b4763-7769-4fce-a52b-20d62eff28e7.jpg,"[{""bbox"": [545, 286, 926, 347], ""type"": ""handwritten"", ""text"": ""Треба псети!""}, {""bbox"": [286, 329, 1340, 422], ""type"": ""handwritten"", ""text"": ""Ділити треба чітко: читати книги,""}, {""bbox"": [203, 394, 1384, 473], ""type"": ""handwritten"", ""text"": ""ходить в театр, дріснувати пса Патроке.""}, {""bbox"": [193, 448, 1332, 520], ""type"": ""handwritten"", ""text"": ""треба жити! Не впівсвічі, не трошки, не""}, {""bbox"": [189, 505, 1344, 565], ""type"": ""handwritten"", ""text"": ""Завтра, не після. По-справжньому! Зараз!""}, {""bbox"": [187, 598, 1393, 657], ""type"": ""handwritten"", ""text"": ""нят із архонту на Інтернеті, робити рецензії""}, {""bbox"": [183, 612, 1451, 717], ""type"": ""handwritten"", ""text"": ""мат із фронту на Універсіті, робити рецензії, приносити цвята тим, кого любиш що. Треба купу-""}, {""bbox"": [184, 639, 1457, 714], ""type"": ""handwritten"", ""text"": ""вносите части тиц, кого любите. Треба супу-""}, {""bbox"": [182, 647, 1467, 757], ""type"": ""handwritten"", ""text"": ""вчиносите цього тим, кого любиш шо. Треба купувати сукні з лелітками і донатити на військо,""}, {""bbox"": [180, 736, 1445, 838], ""type"": ""handwritten"", ""text"": ""вимірювати РЕБи і генератори, а не мінімірувати вегорання в міжгір'ї ботсаду, бо на першій урок""}, {""bbox"": [167, 828, 875, 887], ""type"": ""handwritten"", ""text"": ""треба принести каштанів.""}, {""bbox"": [204, 866, 1477, 937], ""type"": ""handwritten"", ""text"": ""Треба вчовити свій діє, навіть якщо він тиме-""}, {""bbox"": [166, 888, 1436, 981], ""type"": ""handwritten"", ""text"": ""Треба шукати свій дім, навіть якщо він маленький і далеко від справжнього дому, того що в""}, {""bbox"": [159, 998, 1452, 1075], ""type"": ""handwritten"", ""text"": ""дні. Після здавання іспитів, відбувається відпочинок, відбувається відпочинок до слив „допіру“,""}, {""bbox"": [149, 1069, 752, 1128], ""type"": ""handwritten"", ""text"": ""«пятью» «и» «книги»""}, {""bbox"": [181, 1090, 1496, 1184], ""type"": ""handwritten"", ""text"": ""иттяко чи у місяці. Треба чілуватися коли випадає нагода, і кадати""}, {""bbox"": [149, 1102, 1498, 1230], ""type"": ""handwritten"", ""text"": ""Треба чу́ваватися коли випадає нагода, і садати те, що на думці. Немає часу на півтони. Ма-""}, {""bbox"": [137, 1172, 1466, 1281], ""type"": ""handwritten"", ""text"": ""те, що на душі. Немає часу на півтони. Ва\nтеріальне - крихке, нестійке тільки хрум пальців.""}, {""bbox"": [175, 1338, 1539, 1435], ""type"": ""handwritten"", ""text"": ""копетись руками. Снова, сначала. За все те, ик треба пікачати, коли лежеться. За все те,""}, {""bbox"": [129, 1383, 1501, 1490], ""type"": ""handwritten"", ""text"": ""Ике треба підакати, коли зважається, за що ніколи б не мали з нашої статися. За те,""}, {""bbox"": [133, 1389, 1528, 1489], ""type"": ""handwritten"", ""text"": ""Ике треба пишати, коли вважаєш, за що\nцю ніколи б не мало з наших статися. За те,""}, {""bbox"": [124, 1451, 1517, 1547], ""type"": ""handwritten"", ""text"": ""що ніколи б не ввійшов з нашої сім'ї, що ми не тільки знавливо як пишеться далесовійні""}, {""bbox"": [120, 1494, 1510, 1595], ""type"": ""handwritten"", ""text"": ""що ми не тільки знищили їх наземні ділянки орон або балістична ракета, а й розрізняємо їх не""}, {""bbox"": [113, 1601, 264, 1663], ""type"": ""handwritten"", ""text"": ""смых.""}, {""bbox"": [161, 1621, 1486, 1708], ""type"": ""handwritten"", ""text"": ""Досіяне хочуть щоб її стали схожими на""}, {""bbox"": [104, 1626, 1527, 1773], ""type"": ""handwritten"", ""text"": ""Восіяни хочуть щоб ми стали схожими на них - східні у вічній чудоті. А ми будемо жити""}, {""bbox"": [107, 1672, 1524, 1773], ""type"": ""handwritten"", ""text"": ""нех- схінш у вічній грудоті. А ми будемо жити""}, {""bbox"": [97, 1680, 1541, 1833], ""type"": ""handwritten"", ""text"": ""них- схінш у вічній цілості. А ми будемо зміти уїкаво- всупереч історії і заради тих, хто після ка""}, {""bbox"": [101, 1699, 1548, 1828], ""type"": ""handwritten"", ""text"": ""них- східні у вічній думі. І ми будемо всіти уїкаво- всупереч історії і заради тих, хто після кос""}, {""bbox"": [100, 1781, 954, 1894], ""type"": ""handwritten"", ""text"": ""уїкаво - всупереч тато, говорити не кимеою шевою.""}]"
535fc980-8fc5-49f9-8332-ddbdec5132ae.jpg,"[{""bbox"": [78, 0, 1508, 215], ""type"": ""handwritten"", ""text"": ""Завдання 44""}, {""bbox"": [62, 195, 3022, 445], ""type"": ""formula"", ""text"": ""$MR^{'}=500-0,8Q; AR(Q)-?, Q=300$""}, {""bbox"": [62, 408, 1260, 606], ""type"": ""formula"", ""text"": ""$$A R ( Q ) = \\frac { T R ( Q ) } { Q }$$""}, {""bbox"": [16, 578, 4782, 913], ""type"": ""formula"", ""text"": ""$$T R ( Q ) : \\int M R ( Q ) d Q = P ( 5 0 0 - 0 , 2 Q ) d Q = 5 0 0 Q - 0 , 1 Q ^ { 2 } + C$$""}, {""bbox"": [28, 824, 440, 1007], ""type"": ""formula"", ""text"": ""c=0""}, {""bbox"": [3, 1036, 1496, 1315], ""type"": ""formula"", ""text"": ""TR = 500 Q - 0.1 Q^2""}, {""bbox"": [0, 1241, 3340, 1690], ""type"": ""formula"", ""text"": ""$$A R = \\frac { 5 0 0 Q - 0 , 1 Q ^ { 2 } } { Q } = 5 0 0 - 0 , 1 Q = 4 4 0$$""}, {""bbox"": [52, 1552, 1513, 1923], ""type"": ""handwritten"", ""text"": ""Bigno big6: 470""}, {""bbox"": [97, 1858, 1714, 2198], ""type"": ""handwritten"", ""text"": ""Завдання 45""}, {""bbox"": [2186, 2551, 3708, 2888], ""type"": ""handwritten"", ""text"": ""Відповідь: -10""}, {""bbox"": [141, 2916, 1536, 3211], ""type"": ""handwritten"", ""text"": ""Заведание 46""}, {""bbox"": [130, 3172, 1566, 3415], ""type"": ""handwritten"", ""text"": ""Ранг шайыншы""}, {""bbox"": [106, 3496, 1558, 3792], ""type"": ""handwritten"", ""text"": ""Завдання 44""}, {""bbox"": [76, 3820, 3809, 4377], ""type"": ""handwritten"", ""text"": ""\\left\\{ \\begin{aligned} 2x+y-3z & = -4 \\\\ x-2y+2 & = 3 \\\\ 4x-5y-2 & = 2 \\end{aligned} \\right. = (1;0;-2) - підстановки""}, {""bbox"": [103, 4395, 1529, 4679], ""type"": ""handwritten"", ""text"": ""Завдання 48""}, {""bbox"": [57, 4666, 2801, 5305], ""type"": ""formula"", ""text"": ""$$\\left| \\begin{array}{ccc} 3 & 2 & -1 \\\\ 3 & -1 & 1 \\\\ 1 & -3 & 1 \\end{array} \\right| = \\left| \\begin{array}{cc} 2 & -1 \\\\ -3 & 1 \\end{array} \\right| = -1$$""}, {""bbox"": [218, 5346, 1627, 5650], ""type"": ""handwritten"", ""text"": ""Bignobig6: -t""}, {""bbox"": [208, 5684, 1706, 6015], ""type"": ""handwritten"", ""text"": ""Завдання 49""}, {""bbox"": [215, 5693, 1705, 6014], ""type"": ""handwritten"", ""text"": ""Завдання 49""}, {""bbox"": [151, 5973, 1991, 6259], ""type"": ""handwritten"", ""text"": ""Вірна рівність. 5""}, {""bbox"": [3986, 6433, 5316, 6691], ""type"": ""handwritten"", ""text"": ""сп аннотаций""}, {""bbox"": [4194, 6670, 5414, 6924], ""type"": ""handwritten"", ""text"": ""/но_think""}, {""bbox"": [4182, 6919, 5340, 7162], ""type"": ""handwritten"", ""text"": ""24 2000000000""}, {""bbox"": [5005, 7155, 5383, 7372], ""type"": ""handwritten"", ""text"": ""3x54""}, {""bbox"": [4769, 7494, 5150, 7867], ""type"": ""annotation"", ""text"": ""6""}, {""bbox"": [2375, 7915, 3632, 8218], ""type"": ""annotation"", ""text"": ""22.12.2025""}]"
5413bb7b-6b69-5589-b218-bfeb24d37648.jpg,"[{""bbox"": [454, 189, 3477, 525], ""type"": ""handwritten"", ""text"": ""рассекаемые осями: вода заб""}, {""bbox"": [223, 743, 1209, 1112], ""type"": ""handwritten"", ""text"": ""всегда свои.""}, {""bbox"": [454, 1081, 3477, 1361], ""type"": ""handwritten"", ""text"": ""існоводні риби в морі: саго""}, {""bbox"": [454, 1359, 3476, 1638], ""type"": ""handwritten"", ""text"": ""ода вистелує рідину з тіла""}, {""bbox"": [454, 1631, 3476, 1895], ""type"": ""handwritten"", ""text"": ""азовні. Риба втрачає воду,""}, {""bbox"": [454, 1869, 3477, 2163], ""type"": ""handwritten"", ""text"": ""морщуются, и вона мне ву""}, {""bbox"": [307, 2189, 1360, 2439], ""type"": ""handwritten"", ""text"": ""змеводорование.""}, {""bbox"": [454, 2365, 3446, 2681], ""type"": ""handwritten"", ""text"": ""Морські риби в річці: прісна вода""}]"
54d24772-90a7-4ac2-8e6c-6122fc113764.jpg,"[{""bbox"": [379, 209, 820, 294], ""type"": ""handwritten"", ""text"": ""Преба писати!""}, {""bbox"": [146, 276, 938, 345], ""type"": ""handwritten"", ""text"": ""Жити треба цікаво: честати""}, {""bbox"": [105, 366, 652, 447], ""type"": ""handwritten"", ""text"": ""княжски, кадира ота бату рса Латарка.""}, {""bbox"": [106, 387, 645, 448], ""type"": ""handwritten"", ""text"": ""бату рса Латырка.""}, {""bbox"": [156, 429, 958, 494], ""type"": ""handwritten"", ""text"": ""Преба жити. Не в лівоми, не""}, {""bbox"": [128, 463, 966, 538], ""type"": ""handwritten"", ""text"": ""Опера життя. Не в піснях, троянки, не завтра, не пісня. По-""}, {""bbox"": [115, 501, 965, 587], ""type"": ""handwritten"", ""text"": ""тряски, не завтра, не піше, а справжньому. Зараз, Мрія ма-""}, {""bbox"": [116, 526, 966, 636], ""type"": ""handwritten"", ""text"": ""справжньому. Зорах (Трійка ма\nдити котів, збирати цілки вести""}, {""bbox"": [114, 566, 967, 640], ""type"": ""handwritten"", ""text"": ""дити котів, збирати цікаві вести""}, {""bbox"": [119, 579, 969, 687], ""type"": ""handwritten"", ""text"": ""діти котів, збираючи гриби весті\nінцценят із броякту на інтерсіті,""}, {""bbox"": [115, 609, 972, 689], ""type"": ""handwritten"", ""text"": ""достатньо котра здійснити фізичну інциденцію із друкову на інтересіті,""}, {""bbox"": [115, 659, 1008, 736], ""type"": ""handwritten"", ""text"": ""робити релект у приносењи 1440-""}, {""bbox"": [112, 680, 997, 780], ""type"": ""handwritten"", ""text"": ""робити ризикт Уприносеети сав\nта тим, кого любимо, Мреба ку-""}, {""bbox"": [113, 724, 1002, 830], ""type"": ""handwritten"", ""text"": ""та тим, кого любили, Мрія ку- пувати букви з ляльками і дока-""}, {""bbox"": [113, 809, 1000, 885], ""type"": ""handwritten"", ""text"": ""піти на військо, вимірювати ре""}, {""bbox"": [109, 848, 983, 932], ""type"": ""handwritten"", ""text"": ""тити нас відмову, завдяки\nвід і генератори а це - найпорити""}, {""bbox"": [105, 888, 981, 977], ""type"": ""handwritten"", ""text"": ""были перестройки и идеологические\nвоспоминания в миссаре ботсаду, бона""}, {""bbox"": [105, 913, 986, 1026], ""type"": ""handwritten"", ""text"": ""вологали в літній вітсаду, вона перший урок треба принести квіт-""}, {""bbox"": [106, 1024, 277, 1081], ""type"": ""handwritten"", ""text"": ""таків.""}, {""bbox"": [140, 1046, 1003, 1130], ""type"": ""handwritten"", ""text"": ""Мреба любити свій дім навіть, як-""}, {""bbox"": [117, 1057, 994, 1180], ""type"": ""handwritten"", ""text"": ""Потрібно любити свій дім навіть, якщо він тисячолітній і далеко від тих""}, {""bbox"": [115, 1116, 990, 1221], ""type"": ""handwritten"", ""text"": ""що він тилогасовий, с діяло від того справжнього дому — того, що всерід""}, {""bbox"": [114, 1155, 988, 1277], ""type"": ""handwritten"", ""text"": ""до справжнього дому - того, що всередині. Плеба здавати юрів і може, з нею""}, {""bbox"": [117, 1199, 998, 1334], ""type"": ""handwritten"", ""text"": ""Потрібна здавати кров і може, з нею\nне в чиїмусь серії поселитися чи було\nвідтак чи краще""}, {""bbox"": [118, 1244, 996, 1338], ""type"": ""handwritten"", ""text"": ""Мореа здраво, але в чавиусв орій поселитися любовдо\nне в \""північ\"" рітетко\"" че квяже\""""}, {""bbox"": [123, 1280, 921, 1396], ""type"": ""handwritten"", ""text"": ""ик в чижув серії пасивних слів: \""доніру\"", \""пітатко\"" чи \""квяже\"".""}]"
555d4776-eb89-43fb-9090-f8b625d6c42b.jpg,"[{""bbox"": [87, 153, 518, 200], ""type"": ""handwritten"", ""text"": ""они, доки вон мав ще тилопі""}, {""bbox"": [47, 189, 534, 236], ""type"": ""handwritten"", ""text"": ""на південь до нижніх свитів, попе""}, {""bbox"": [42, 224, 514, 269], ""type"": ""handwritten"", ""text"": ""пова княжна в бознеці. Одна дали""}, {""bbox"": [43, 261, 541, 304], ""type"": ""handwritten"", ""text"": ""ну науковці стверджують, що починаю""}, {""bbox"": [37, 298, 550, 337], ""type"": ""handwritten"", ""text"": ""ди корени те злотуруть загати и на""}, {""bbox"": [35, 333, 555, 370], ""type"": ""handwritten"", ""text"": ""подити в космічних умовах нове вимі""}, {""bbox"": [35, 363, 549, 407], ""type"": ""handwritten"", ""text"": ""тів, то такі шкідливі дитя буде под""}, {""bbox"": [34, 404, 536, 441], ""type"": ""handwritten"", ""text"": ""ців на найолійші кініматографічні""}, {""bbox"": [33, 440, 547, 474], ""type"": ""handwritten"", ""text"": ""образ снегиряка з вишнею полевою. та""}, {""bbox"": [29, 474, 547, 508], ""type"": ""handwritten"", ""text"": ""на на пів обличчя, слабкими м'язами""}, {""bbox"": [28, 508, 525, 547], ""type"": ""handwritten"", ""text"": ""але нього такі неви, на відміну від""}, {""bbox"": [28, 548, 502, 586], ""type"": ""handwritten"", ""text"": ""мас, такі приємні відгуктя, як""}, {""bbox"": [30, 584, 538, 623], ""type"": ""handwritten"", ""text"": ""хортаний сторінок, запах паперу""}, {""bbox"": [32, 620, 542, 654], ""type"": ""handwritten"", ""text"": ""будуть невідомі. Їсть, напевно, вже""}, {""bbox"": [31, 657, 546, 696], ""type"": ""handwritten"", ""text"": ""ам тоді й запанує ера електрото""}, {""bbox"": [30, 699, 163, 724], ""type"": ""handwritten"", ""text"": ""книгами.""}, {""bbox"": [54, 732, 526, 768], ""type"": ""handwritten"", ""text"": ""Але й це не страшно: головне-""}, {""bbox"": [32, 772, 504, 812], ""type"": ""handwritten"", ""text"": ""питати, і не так важливо. 8""}, {""bbox"": [30, 808, 548, 847], ""type"": ""handwritten"", ""text"": ""яких мосіїв. Бо книги - це знання""}, {""bbox"": [30, 844, 548, 888], ""type"": ""handwritten"", ""text"": ""й січці, які, на відміну від іроден-""}]"
555fde63-5903-5962-8976-d76559248573.jpg,"[{""bbox"": [1010, 68, 1964, 278], ""type"": ""handwritten"", ""text"": ""Тримаючи січня""}, {""bbox"": [1088, 245, 1858, 378], ""type"": ""handwritten"", ""text"": ""Домашняя работа""}, {""bbox"": [1340, 391, 1628, 518], ""type"": ""handwritten"", ""text"": ""N°15.3""}, {""bbox"": [220, 506, 1272, 760], ""type"": ""formula"", ""text"": ""$$\\frac { A P } { P C } = \\frac { A B } { B C } , \\frac { 5 } { P C } = \\frac { 1 } { 2 } ,$$""}, {""bbox"": [233, 787, 797, 929], ""type"": ""formula"", ""text"": ""$1 \\cdot p e = 5 \\cdot 2 ;$""}, {""bbox"": [238, 929, 833, 1104], ""type"": ""formula"", ""text"": ""$P C=10 \\mathrm{~cm}$.""}, {""bbox"": [237, 929, 831, 1104], ""type"": ""handwritten"", ""text"": ""Рс = 10 см.""}, {""bbox"": [1297, 1119, 1608, 1329], ""type"": ""handwritten"", ""text"": ""N° 15.5""}, {""bbox"": [22, 1619, 1006, 2439], ""type"": ""graph"", ""text"": """"}, {""bbox"": [1205, 2360, 1534, 2501], ""type"": ""handwritten"", ""text"": ""N° 15.7""}, {""bbox"": [139, 2535, 1869, 2732], ""type"": ""formula"", ""text"": ""1) AB \\angle B C \\because \\frac{MP}{PD} = \\frac{MK}{\\varnothing K}, \\therefore PD < \\varnothing K.""}, {""bbox"": [116, 2755, 1390, 2959], ""type"": ""handwritten"", ""text"": ""2) за условую PD = 3 см.""}, {""bbox"": [131, 2951, 1848, 3156], ""type"": ""formula"", ""text"": ""3) $\\frac{6}{8} = \\frac{3}{\\varnothing K}$; $6 \\cdot \\varnothing K = 24$; $\\varnothing K = 4 \\text{см}$""}, {""bbox"": [131, 2951, 1848, 3156], ""type"": ""handwritten"", ""text"": ""3) $\\frac{6}{8} = \\frac{3}{\\varnothing K}$; $6 \\cdot \\varnothing K = 24$; $\\varnothing K = 4 \\text{см}$.""}, {""bbox"": [111, 3182, 955, 3334], ""type"": ""formula"", ""text"": ""4) PC = 3 + 4 = 7 cm.""}, {""bbox"": [129, 3410, 841, 3583], ""type"": ""handwritten"", ""text"": ""Візновіць: 7 сс""}]"
5676d55d-25d9-465d-ade7-a13809091d7c.jpg,"[{""bbox"": [130, 140, 1653, 261], ""type"": ""handwritten"", ""text"": ""здобати хлоп і може, ще в екологію""}, {""bbox"": [140, 253, 1232, 372], ""type"": ""handwritten"", ""text"": ""сдіці поселиться любов""}, {""bbox"": [203, 362, 1401, 493], ""type"": ""handwritten"", ""text"": ""Пуєба цілуватися, коли""}, {""bbox"": [141, 486, 1528, 608], ""type"": ""handwritten"", ""text"": ""випадає нагода і казати те,""}, {""bbox"": [164, 600, 1573, 724], ""type"": ""handwritten"", ""text"": ""що на думку. Не має часу на""}, {""bbox"": [163, 714, 1544, 823], ""type"": ""handwritten"", ""text"": ""півтони. Матеріальні, кумахе -""}, {""bbox"": [160, 820, 1446, 935], ""type"": ""handwritten"", ""text"": ""жаеття тікає куля з калішці.""}, {""bbox"": [173, 923, 1517, 1026], ""type"": ""handwritten"", ""text"": ""Справним виявилось пільги""}, {""bbox"": [172, 1027, 1741, 1140], ""type"": ""handwritten"", ""text"": ""те, за що не можна схопитись""}, {""bbox"": [158, 1134, 1505, 1245], ""type"": ""handwritten"", ""text"": ""руками - спогади, силих і любов.""}, {""bbox"": [225, 1229, 1801, 1348], ""type"": ""handwritten"", ""text"": ""Ще тутова плакати, коли можеться""}, {""bbox"": [143, 1335, 1668, 1445], ""type"": ""handwritten"", ""text"": ""За все тк, що ніколи не мало би""}, {""bbox"": [162, 1439, 1473, 1561], ""type"": ""handwritten"", ""text"": ""з ками статися. За те, що""}, {""bbox"": [164, 1553, 1764, 1657], ""type"": ""handwritten"", ""text"": ""ми не тільки знаємо, як пишеться""}, {""bbox"": [156, 1646, 1642, 1757], ""type"": ""handwritten"", ""text"": ""дальнобійний дрон або авіастипна""}, {""bbox"": [162, 1744, 1774, 1861], ""type"": ""handwritten"", ""text"": ""ракета, а й розрізнілимо їх на слух.""}, {""bbox"": [299, 1844, 1720, 1962], ""type"": ""handwritten"", ""text"": ""Росіяни заслухуть, щоб ми стали""}, {""bbox"": [184, 1957, 1692, 2071], ""type"": ""handwritten"", ""text"": ""схожими на них, сними у бічній""}, {""bbox"": [191, 2055, 1701, 2166], ""type"": ""handwritten"", ""text"": ""цикоти. І ми будемо жити цикаво,""}, {""bbox"": [194, 2146, 1545, 2249], ""type"": ""handwritten"", ""text"": ""всупереч історії і заклади тих""}]"
56d2fff8-7789-436a-bde0-66572f6198a7.jpg,"[{""bbox"": [891, 29, 1005, 74], ""type"": ""handwritten"", ""text"": ""Мегаиро""}, {""bbox"": [120, 74, 305, 118], ""type"": ""handwritten"", ""text"": ""J M. P.""}, {""bbox"": [71, 118, 407, 162], ""type"": ""handwritten"", ""text"": ""Міністерство збройних""}, {""bbox"": [157, 157, 253, 194], ""type"": ""handwritten"", ""text"": ""Справ""}, {""bbox"": [581, 158, 1058, 227], ""type"": ""handwritten"", ""text"": ""До пана Тубернільскаго""}, {""bbox"": [60, 186, 427, 232], ""type"": ""handwritten"", ""text"": ""Загальний Департамент""}, {""bbox"": [604, 221, 951, 268], ""type"": ""handwritten"", ""text"": ""Годуновского Комисара.""}, {""bbox"": [64, 227, 413, 273], ""type"": ""handwritten"", ""text"": ""\""10\"" Вересня 1919 року""}, {""bbox"": [74, 296, 410, 341], ""type"": ""handwritten"", ""text"": ""Нам'янець на Поділлю""}, {""bbox"": [482, 325, 1122, 370], ""type"": ""handwritten"", ""text"": ""Прикладати до усіх копій заяв Мож-""}, {""bbox"": [292, 365, 1121, 409], ""type"": ""handwritten"", ""text"": ""лівської (враївської) Окружної Архідієцеської Ізраїли Мі-""}, {""bbox"": [289, 407, 1109, 447], ""type"": ""handwritten"", ""text"": ""ністеретво має за світ проходити Вос требити на""}, {""bbox"": [287, 442, 1098, 486], ""type"": ""handwritten"", ""text"": ""лежене распоряжения про засвіт Свідепові без пео-""}, {""bbox"": [286, 481, 832, 518], ""type"": ""handwritten"", ""text"": ""ганид проводити громадську працю.""}, {""bbox"": [287, 511, 1106, 561], ""type"": ""handwritten"", ""text"": ""Про срочное распоряжение Министерство прочих по-""}, {""bbox"": [295, 555, 423, 600], ""type"": ""handwritten"", ""text"": ""відмити.""}, {""bbox"": [503, 614, 834, 665], ""type"": ""handwritten"", ""text"": ""Директор Департ.""}, {""bbox"": [505, 659, 906, 713], ""type"": ""handwritten"", ""text"": ""Забытые Стран (no_think)""}, {""bbox"": [359, 722, 798, 784], ""type"": ""handwritten"", ""text"": ""Народный Видим - Данилер""}, {""bbox"": [545, 807, 844, 854], ""type"": ""handwritten"", ""text"": ""З оригіналом підпис""}, {""bbox"": [548, 848, 857, 890], ""type"": ""handwritten"", ""text"": ""Dinobaz (higur)""}]"
576ee645-4900-488f-a03f-cc7364400641.jpg,"[{""bbox"": [32, 180, 572, 224], ""type"": ""handwritten"", ""text"": ""так готує нас, до далеких""}, {""bbox"": [30, 212, 576, 252], ""type"": ""handwritten"", ""text"": ""мандарівон. Це Він глибок""}, {""bbox"": [32, 244, 520, 284], ""type"": ""handwritten"", ""text"": ""ну в нас ладнется, щоб""}, {""bbox"": [30, 281, 467, 315], ""type"": ""handwritten"", ""text"": ""Лиц змогли колись""}, {""bbox"": [29, 306, 516, 345], ""type"": ""handwritten"", ""text"": ""забрати з собою на інші""}, {""bbox"": [28, 310, 416, 346], ""type"": ""handwritten"", ""text"": ""забрати з собою на""}, {""bbox"": [27, 341, 482, 376], ""type"": ""handwritten"", ""text"": ""мільйони своїх улюблених""}, {""bbox"": [28, 370, 574, 405], ""type"": ""handwritten"", ""text"": ""книги, музику, в фотографія""}, {""bbox"": [26, 431, 419, 466], ""type"": ""handwritten"", ""text"": ""здалося б, що зробити.""}, {""bbox"": [46, 460, 244, 495], ""type"": ""handwritten"", ""text"": ""отонн докер""}, {""bbox"": [31, 491, 534, 525], ""type"": ""handwritten"", ""text"": ""ще тільки на півсолоди до""}, {""bbox"": [30, 522, 519, 555], ""type"": ""handwritten"", ""text"": ""інших світів, напорова""}, {""bbox"": [29, 549, 526, 580], ""type"": ""handwritten"", ""text"": ""чнсннка в безпеці. Іоднік""}, {""bbox"": [28, 573, 573, 612], ""type"": ""handwritten"", ""text"": ""деякі науковці сіверднуськ""}, {""bbox"": [26, 602, 509, 639], ""type"": ""handwritten"", ""text"": ""что полиция будет наряжать""}, {""bbox"": [21, 629, 555, 673], ""type"": ""handwritten"", ""text"": ""зелонугіс загати і перодетч""}, {""bbox"": [16, 663, 538, 703], ""type"": ""handwritten"", ""text"": ""в космічних умовах людина""}, {""bbox"": [15, 697, 515, 738], ""type"": ""handwritten"", ""text"": ""нчити, по таке людське""}, {""bbox"": [16, 728, 390, 764], ""type"": ""handwritten"", ""text"": ""дите, туде еко не?""}, {""bbox"": [15, 755, 567, 800], ""type"": ""handwritten"", ""text"": ""на здібності підем ато-""}, {""bbox"": [18, 814, 495, 869], ""type"": ""handwritten"", ""text"": ""вели посо голо вось 3\nогенна на чіє 3""}, {""bbox"": [11, 847, 474, 908], ""type"": ""handwritten"", ""text"": ""оголена на чівоблигга""}, {""bbox"": [2, 1136, 128, 1184], ""type"": ""printed"", ""text"": ""аркова слухають\nРеспубліканського\n(1931 рік)""}, {""bbox"": [1, 1148, 129, 1188], ""type"": ""printed"", ""text"": ""Республіканського\n(1931 рік)""}, {""bbox"": [365, 1180, 417, 1192], ""type"": ""printed"", ""text"": ""/no_think""}, {""bbox"": [363, 1194, 418, 1201], ""type"": ""printed"", ""text"": """"}]"
5868c5e3-c32e-4463-82fa-98ed082a98b1.jpg,"[{""bbox"": [363, 80, 644, 129], ""type"": ""handwritten"", ""text"": ""Треба жити""}, {""bbox"": [149, 124, 798, 174], ""type"": ""handwritten"", ""text"": ""Жити треба цікаво: митати""}, {""bbox"": [88, 173, 855, 223], ""type"": ""handwritten"", ""text"": ""книжки, ходите в театр, дрессировать""}, {""bbox"": [82, 217, 360, 267], ""type"": ""handwritten"", ""text"": ""пса Патрона.""}, {""bbox"": [141, 260, 759, 309], ""type"": ""handwritten"", ""text"": ""Піреба' писати. Не в півсими, не""}, {""bbox"": [93, 306, 835, 359], ""type"": ""handwritten"", ""text"": ""трахні, не завтра, не після. По-справді-""}, {""bbox"": [87, 353, 794, 405], ""type"": ""handwritten"", ""text"": ""мови! Зараз! Треба злагодити котів,""}, {""bbox"": [83, 399, 776, 455], ""type"": ""handwritten"", ""text"": ""збирати гриби, ведти уважність із""}, {""bbox"": [84, 446, 849, 498], ""type"": ""handwritten"", ""text"": ""фронту на смерть віті, робитися ре-""}, {""bbox"": [81, 494, 821, 543], ""type"": ""handwritten"", ""text"": ""може і приносити суворе тільки,""}, {""bbox"": [83, 537, 839, 591], ""type"": ""handwritten"", ""text"": ""кого любило. Треба купувати сукні""}, {""bbox"": [81, 588, 774, 638], ""type"": ""handwritten"", ""text"": ""з лімітками і доматиєм неа""}, {""bbox"": [83, 632, 852, 682], ""type"": ""handwritten"", ""text"": ""військо, виконувати роби та генера-""}, {""bbox"": [74, 680, 815, 730], ""type"": ""handwritten"", ""text"": ""тори, а ще, мимопористи вечералищ""}, {""bbox"": [80, 724, 854, 778], ""type"": ""handwritten"", ""text"": ""в'ялітсарії ботсаду, бо ма перішій""}, {""bbox"": [81, 770, 844, 822], ""type"": ""handwritten"", ""text"": ""ураж треба принести калітанів.""}, {""bbox"": [101, 815, 821, 866], ""type"": ""handwritten"", ""text"": ""Треба любити свій дім, мавіть""}, {""bbox"": [95, 860, 813, 910], ""type"": ""handwritten"", ""text"": ""якщо він тимчасовий і далеко""}, {""bbox"": [85, 949, 817, 1003], ""type"": ""handwritten"", ""text"": ""арці. Треба здавати кров і молоче""}, {""bbox"": [86, 994, 856, 1048], ""type"": ""handwritten"", ""text"": ""з нього ще в 60 членів серці посміттяє""}, {""bbox"": [85, 1042, 814, 1104], ""type"": ""handwritten"", ""text"": ""любов до слів: допіру, пітетко чи""}, {""bbox"": [84, 1099, 211, 1144], ""type"": ""handwritten"", ""text"": ""князя""}]"
5afe97d9-b028-57d3-8d90-5bf34a9dd2aa.jpg,"[{""bbox"": [517, 0, 1088, 84], ""type"": ""handwritten"", ""text"": ""Придято девите сина""}, {""bbox"": [492, 61, 866, 140], ""type"": ""handwritten"", ""text"": ""Класна робота""}, {""bbox"": [521, 123, 1445, 236], ""type"": ""handwritten"", ""text"": ""Закон Кулона. Роз'язування задач\nВправа""}, {""bbox"": [610, 185, 834, 258], ""type"": ""handwritten"", ""text"": ""Вправа 1""}, {""bbox"": [611, 185, 833, 258], ""type"": ""handwritten"", ""text"": ""Вправа 1""}, {""bbox"": [63, 209, 254, 281], ""type"": ""handwritten"", ""text"": ""Dano:""}, {""bbox"": [517, 238, 794, 324], ""type"": ""handwritten"", ""text"": ""Роз'язання""}, {""bbox"": [14, 316, 313, 427], ""type"": ""formula"", ""text"": ""$q_{1}=20\\,km$""}, {""bbox"": [516, 347, 903, 432], ""type"": ""formula"", ""text"": ""$$F = k \\frac { q _ { 1 } q _ { 2 } } { r ^ { 2 } }$$""}, {""bbox"": [21, 442, 347, 553], ""type"": ""formula"", ""text"": ""$q_{2}=-30\\,J_{n}$""}, {""bbox"": [518, 457, 999, 570], ""type"": ""formula"", ""text"": ""$$k = 9 \\cdot 10 ^ { 9 } \\frac { \\mu _ { 1 } \\cdot \\mu _ { 2 } } { \\chi _ { 1 } \\cdot \\chi _ { 2 } }$$""}, {""bbox"": [15, 572, 474, 654], ""type"": ""formula"", ""text"": ""$$l = 3 0 k m = 3 \\cdot 1 0 ^ { 4 }$$""}, {""bbox"": [499, 718, 1040, 819], ""type"": ""handwritten"", ""text"": ""Відповідь: 6000 Н""}, {""bbox"": [807, 859, 1050, 942], ""type"": ""handwritten"", ""text"": ""Вправа 2""}, {""bbox"": [51, 966, 234, 1036], ""type"": ""handwritten"", ""text"": ""Дано:""}, {""bbox"": [52, 967, 232, 1034], ""type"": ""handwritten"", ""text"": ""Дано:""}, {""bbox"": [10, 1082, 277, 1192], ""type"": ""formula"", ""text"": ""$q_{1}=1K_{\\Lambda}$""}, {""bbox"": [582, 1094, 911, 1178], ""type"": ""formula"", ""text"": ""$$F = k \\frac { q _ { 1 } q _ { 2 } } { r ^ { 2 } }$$""}, {""bbox"": [574, 1191, 1500, 1293], ""type"": ""formula"", ""text"": ""$$c ^ { 2 } = k \\frac { q _ { 1 } q _ { 2 } } { r } = 9 \\cdot 1 0 ^ { 9 } \\frac { 1 + 1 } { 9 \\cdot 1 0 ^ { 5 } } = 1 0 ^ { 4 }$$""}, {""bbox"": [17, 1206, 546, 1301], ""type"": ""formula"", ""text"": ""$F = g \\cdot \\mu = 9 \\cdot 10^{3}$""}, {""bbox"": [578, 1338, 1275, 1420], ""type"": ""formula"", ""text"": ""$C = \\sqrt{10^{6}} = 10^{3} = 1000M$""}, {""bbox"": [3, 1343, 291, 1456], ""type"": ""formula"", ""text"": ""$q_{2}=1X_{n}$""}, {""bbox"": [594, 1482, 1056, 1572], ""type"": ""handwritten"", ""text"": ""Відповідь: 1000м""}, {""bbox"": [760, 1622, 1019, 1703], ""type"": ""handwritten"", ""text"": ""Вправа 3""}, {""bbox"": [376, 1755, 744, 1839], ""type"": ""handwritten"", ""text"": ""Роз'язання""}, {""bbox"": [44, 1763, 242, 1836], ""type"": ""handwritten"", ""text"": ""Дано:""}, {""bbox"": [384, 1875, 732, 1981], ""type"": ""formula"", ""text"": ""$q_{1}=q_{2}=q$""}, {""bbox"": [15, 1908, 230, 1977], ""type"": ""formula"", ""text"": ""c = 3 m""}, {""bbox"": [7, 2003, 768, 2127], ""type"": ""formula"", ""text"": ""$F = 0, \\cup \\mu \\quad F = k \\frac{q_1 q_2}{r^2}$""}, {""bbox"": [9, 2146, 706, 2295], ""type"": ""formula"", ""text"": ""$q_{1}=? \\quad q_{2}=? \\quad F = k \\frac{q_{1}q_{2}}{r^{2}}$""}, {""bbox"": [47, 2310, 392, 2421], ""type"": ""formula"", ""text"": ""$kq^{t}=Fz^{2}$""}, {""bbox"": [53, 2335, 1456, 2587], ""type"": ""formula"", ""text"": ""$$k q ^ { 2 } = F _ { e } ^ { 2 }$$\n$$q ^ { 2 } = \\sqrt { \\frac { F _ { e } ^ { 2 } } { k } } = 2 \\sqrt { \\frac { F } { k } } = 3 \\sqrt { \\frac { 0 , 4 } { 9 \\cdot 1 0 ^ { 5 } } } = \\sqrt { \\frac { 0 , 4 } { 1 0 ^ { 5 } } } = 4 \\cdot 1 0 ^ { 1 0 }$$""}]"
5c27cedd-96c8-460d-bb51-ec0343a510f6.jpg,"[{""bbox"": [449, 13, 861, 103], ""type"": ""handwritten"", ""text"": ""Треба жити.""}, {""bbox"": [101, 86, 1504, 172], ""type"": ""handwritten"", ""text"": ""Жити треба уків, читати книги, звертати в театр,""}, {""bbox"": [41, 170, 724, 252], ""type"": ""handwritten"", ""text"": ""дремувати під Затурною.""}, {""bbox"": [113, 234, 1511, 313], ""type"": ""handwritten"", ""text"": ""Треба вити. Не в пів сине, не тренехи, не завтра,""}, {""bbox"": [47, 310, 1518, 384], ""type"": ""handwritten"", ""text"": ""ме після. По-справжньому. Зараз. Треба швидше, котів,""}, {""bbox"": [39, 380, 1610, 459], ""type"": ""handwritten"", ""text"": ""зберегти живи, квіти увімкнені із фронту на \""Гіперсвіт\"",""}, {""bbox"": [44, 448, 1559, 523], ""type"": ""handwritten"", ""text"": ""робити рішення і приносити щастя тим, хто люблять.""}, {""bbox"": [65, 517, 1488, 592], ""type"": ""handwritten"", ""text"": ""Кріба крутвати сухі з мілітками, допомити на""}, {""bbox"": [71, 582, 1626, 661], ""type"": ""handwritten"", ""text"": ""вінок, вештувати Реби і генератори, а це ніколи не""}, {""bbox"": [70, 644, 1548, 729], ""type"": ""handwritten"", ""text"": ""вчорашні в нійзярії втому, бо на перший урок треба""}, {""bbox"": [69, 710, 1527, 797], ""type"": ""handwritten"", ""text"": ""принести каштанів. Знайти меблів свій дія, накіть""}, {""bbox"": [64, 782, 1536, 868], ""type"": ""handwritten"", ""text"": ""якщо він типичасовий і дуже від сировинною даним""}, {""bbox"": [63, 837, 1563, 923], ""type"": ""handwritten"", ""text"": ""того, що в серці: треба дратовати кров і міжне з нею,""}, {""bbox"": [58, 900, 1576, 983], ""type"": ""handwritten"", ""text"": ""ще в чисельності серед посібників шкіл до сілів \""допіру\"",""}, {""bbox"": [56, 971, 637, 1028], ""type"": ""handwritten"", ""text"": ""\""пітетко\"" чи \""пітетко\"":""}, {""bbox"": [161, 1023, 1580, 1115], ""type"": ""handwritten"", ""text"": ""жироба улюбленою, коли виставляє палада і казати те,""}, {""bbox"": [46, 1083, 1582, 1184], ""type"": ""handwritten"", ""text"": ""ьо на думку'. Не має часу на півтони. Матеріальне -""}, {""bbox"": [52, 1135, 1602, 1244], ""type"": ""handwritten"", ""text"": ""крижень, життя отікає крізь підсвіті. Справжнім виявившою""}, {""bbox"": [68, 1205, 1541, 1307], ""type"": ""handwritten"", ""text"": ""тільки те, за що не можна охопитись руками —""}, {""bbox"": [72, 1279, 665, 1348], ""type"": ""handwritten"", ""text"": ""спаради, смигле і мебов.""}, {""bbox"": [125, 1341, 1509, 1415], ""type"": ""handwritten"", ""text"": ""Их треба тикати, кеми мотеться. За все те, що""}, {""bbox"": [50, 1405, 1494, 1481], ""type"": ""handwritten"", ""text"": ""місця не мало б з наших статтях. За те, що ми не""}, {""bbox"": [56, 1471, 1569, 1546], ""type"": ""handwritten"", ""text"": ""тільки знову що їх пишеться (бачністю) * донекобінні""}, {""bbox"": [51, 1541, 1525, 1631], ""type"": ""handwritten"", ""text"": ""дрон\"" або \""балистична ракета\"", а і розрізняємо їх на""}, {""bbox"": [57, 1629, 166, 1704], ""type"": ""handwritten"", ""text"": ""Силук.""}, {""bbox"": [109, 1687, 1518, 1763], ""type"": ""handwritten"", ""text"": ""Зоїли хочуть, щоб ми стали схвальними на них,""}, {""bbox"": [53, 1740, 1436, 1837], ""type"": ""handwritten"", ""text"": ""жили у вінній чизозні. Їм будемо пити цілово""}, {""bbox"": [62, 1801, 1558, 1913], ""type"": ""handwritten"", ""text"": ""внутрь исторіи; и дарови тих, кто після нас говорить.""}, {""bbox"": [66, 1871, 484, 1937], ""type"": ""handwritten"", ""text"": ""нашего нового.""}]"
5d4e5854-bc1e-466e-a379-cde3d42b50e5.jpg,"[{""bbox"": [130, 101, 481, 143], ""type"": ""handwritten"", ""text"": ""Виклики \""нижекової\"" ери""}, {""bbox"": [50, 144, 539, 206], ""type"": ""handwritten"", ""text"": ""Наприклад, мільйонного тисячоліття\nштаті стурбовано запитували: „Невід""}, {""bbox"": [39, 188, 540, 235], ""type"": ""handwritten"", ""text"": ""витагі стуробовити електронні носії витиснявть традиційну""}, {""bbox"": [29, 223, 547, 267], ""type"": ""handwritten"", ""text"": ""книжку?\"" Але коли дасоан Роджин напи-""}, {""bbox"": [29, 282, 537, 330], ""type"": ""handwritten"", ""text"": ""роділилася сталівьонкеними паперовими""}, {""bbox"": [25, 319, 540, 362], ""type"": ""handwritten"", ""text"": ""накладами, це питання втратило свою""}, {""bbox"": [30, 360, 170, 391], ""type"": ""handwritten"", ""text"": ""гостроту.""}, {""bbox"": [76, 380, 553, 426], ""type"": ""handwritten"", ""text"": ""Сьогодні більш-менш зрозуміло, що елек-""}, {""bbox"": [25, 415, 503, 459], ""type"": ""handwritten"", ""text"": ""трохні носії, прикайлини поки що, не""}, {""bbox"": [28, 450, 546, 495], ""type"": ""handwritten"", ""text"": ""створюють кардинальної загрози паперо,""}, {""bbox"": [24, 484, 540, 527], ""type"": ""handwritten"", ""text"": ""вим книжкам. Проте з'явилася вони не""}, {""bbox"": [23, 516, 541, 559], ""type"": ""handwritten"", ""text"": ""випадково. Гадаю, це його так хотів нас""}, {""bbox"": [19, 550, 531, 596], ""type"": ""handwritten"", ""text"": ""до далеких мандрівок. Це він підсунув""}, {""bbox"": [13, 618, 564, 662], ""type"": ""handwritten"", ""text"": ""брати з собою на іншу планету свої улюб-""}, {""bbox"": [7, 648, 571, 700], ""type"": ""handwritten"", ""text"": ""петі книжки, музику, фотографії, картини""}, {""bbox"": [6, 676, 487, 732], ""type"": ""handwritten"", ""text"": ""бо як інакше вдалося б ус зробити?""}, {""bbox"": [46, 709, 550, 767], ""type"": ""handwritten"", ""text"": ""Отове доки Тлон Маск ще тільки на""}, {""bbox"": [9, 739, 561, 804], ""type"": ""handwritten"", ""text"": ""пів дроту до інших світів, паперова книжка в бетоні.""}, {""bbox"": [10, 776, 560, 841], ""type"": ""handwritten"", ""text"": ""ка в безпеці. Однак діяльність науковців, створя-""}, {""bbox"": [11, 810, 547, 878], ""type"": ""handwritten"", ""text"": ""бують, що коли люди нарешті зможуть""}, {""bbox"": [367, 954, 406, 962], ""type"": ""printed"", ""text"": """"}, {""bbox"": [0, 957, 176, 971], ""type"": ""printed"", ""text"": ""школи №30 м. Харкова слухають""}, {""bbox"": [376, 965, 403, 973], ""type"": ""printed"", ""text"": """"}, {""bbox"": [2, 969, 176, 987], ""type"": ""printed"", ""text"": ""вінно концерту Республіканського""}, {""bbox"": [368, 975, 418, 982], ""type"": ""printed"", ""text"": """"}, {""bbox"": [370, 982, 417, 994], ""type"": ""printed"", ""text"": ""/no_think""}]"
5e1ac17d-4acd-5f47-b40b-d829cf1af6a4.jpg,"[{""bbox"": [318, 38, 688, 222], ""type"": ""handwritten"", ""text"": ""1.6""}, {""bbox"": [315, 229, 744, 429], ""type"": ""handwritten"", ""text"": ""2.2""}, {""bbox"": [309, 422, 741, 632], ""type"": ""handwritten"", ""text"": ""3.6""}, {""bbox"": [323, 643, 748, 866], ""type"": ""handwritten"", ""text"": ""4. oc""}, {""bbox"": [326, 859, 725, 1058], ""type"": ""handwritten"", ""text"": ""5.5""}, {""bbox"": [305, 1074, 663, 1297], ""type"": ""handwritten"", ""text"": ""6.2""}, {""bbox"": [301, 1308, 896, 1509], ""type"": ""handwritten"", ""text"": ""4. 7. 13""}, {""bbox"": [527, 1538, 876, 1718], ""type"": ""handwritten"", ""text"": ""2.π""}, {""bbox"": [516, 1772, 859, 1969], ""type"": ""handwritten"", ""text"": ""3.T""}, {""bbox"": [481, 2000, 824, 2190], ""type"": ""handwritten"", ""text"": ""4.5""}, {""bbox"": [265, 2198, 1405, 2485], ""type"": ""handwritten"", ""text"": ""β:β·T-6·A""}, {""bbox"": [252, 2449, 1256, 2752], ""type"": ""handwritten"", ""text"": ""9.1×5""}, {""bbox"": [576, 2689, 1251, 2944], ""type"": ""handwritten"", ""text"": ""2. 5厂""}, {""bbox"": [552, 2927, 1173, 3072], ""type"": ""handwritten"", ""text"": ""8 8 4""}]"
5e1e1311-7f17-44d7-bc83-59e46351864e.jpg,"[{""bbox"": [18, 23, 1336, 106], ""type"": ""handwritten"", ""text"": ""3) Здійсніть перетворення за схемою :""}, {""bbox"": [34, 107, 1630, 200], ""type"": ""formula"", ""text"": ""$$A l \\rightarrow A l _ { 2 } O _ { 3 } \\rightarrow A l ( N O _ { 3 } ) _ { 3 } \\rightarrow A l ( O H ) _ { 3 } \\rightarrow N a [ A l ( O H ) _ { 4 } ]$$""}, {""bbox"": [1262, 186, 1467, 311], ""type"": ""annotation"", ""text"": ""±√56×g5""}, {""bbox"": [985, 200, 1240, 293], ""type"": ""handwritten"", ""text"": ""Алсев""}, {""bbox"": [1367, 217, 1464, 315], ""type"": ""annotation"", ""text"": ""x g 8""}, {""bbox"": [27, 263, 1654, 365], ""type"": ""handwritten"", ""text"": ""4Al + 3O = 2Al2O3 - реакція окиснення алюмінію""}, {""bbox"": [20, 357, 1654, 482], ""type"": ""handwritten"", ""text"": ""2) 2AlO+6HNO=2Al(NO3)3+3H2O-взреждение бокси\nдова 3 пислотого""}, {""bbox"": [27, 426, 535, 493], ""type"": ""handwritten"", ""text"": ""дова з кислотою""}, {""bbox"": [21, 488, 1654, 574], ""type"": ""handwritten"", ""text"": ""3) AlNO + 3NaOH → Al(OH)₃ + 3NaOH - реакция обмена сутв""}, {""bbox"": [37, 561, 217, 606], ""type"": ""handwritten"", ""text"": ""поседу""}, {""bbox"": [18, 598, 1600, 692], ""type"": ""handwritten"", ""text"": ""4). Al(OH)3 + NaOH → Na[Al(OH)4] - амфотерний в-сті""}, {""bbox"": [21, 677, 1638, 799], ""type"": ""handwritten"", ""text"": ""5) Al(OH) + 3 HCl = Al Cl + 3 H2O - взаємодія з кисло-""}, {""bbox"": [210, 766, 487, 916], ""type"": ""annotation"", ""text"": ""назвон релавли?""}, {""bbox"": [31, 773, 170, 822], ""type"": ""handwritten"", ""text"": ""того""}, {""bbox"": [19, 884, 1654, 988], ""type"": ""handwritten"", ""text"": ""4) Здійснити перетворення: етинен → 1,2-дихлоретан:""}, {""bbox"": [17, 971, 1626, 1044], ""type"": ""handwritten"", ""text"": ""диктъюрли яктерной кислоти» яктерна кислота в""}, {""bbox"": [28, 1030, 1333, 1102], ""type"": ""handwritten"", ""text"": ""диэтиловый эфир янонной кислоты.""}, {""bbox"": [1408, 1071, 1614, 1246], ""type"": ""annotation"", ""text"": ""±140×35""}, {""bbox"": [33, 1103, 892, 1187], ""type"": ""formula"", ""text"": ""$$1) \\mathrm{CH} = \\mathrm{CH} + \\mathrm{CE} \\rightarrow \\mathrm{CHCE} - \\mathrm{CHCE}$$""}, {""bbox"": [32, 1199, 1259, 1282], ""type"": ""formula"", ""text"": ""2) \\mathrm{CHCl-CHCl + 2KCN \\rightarrow CHC-CH-CH-CN}""}, {""bbox"": [34, 1288, 1650, 1393], ""type"": ""formula"", ""text"": ""$$3) \\mathrm { N C - C H - C H - C N } + 2 \\mathrm { H O } \\rightarrow \\mathrm { H O O C - C H - C H - C H - C O O H }$$""}, {""bbox"": [38, 1376, 1647, 1491], ""type"": ""formula"", ""text"": ""4) \\mathrm{HOOCC-CH-CH_{1}-COOO}+2 \\mathrm{CHON} \\rightarrow \\mathrm{CHOOCC-CH-CH_{1}-8}""}, {""bbox"": [48, 1458, 439, 1532], ""type"": ""formula"", ""text"": ""-COOCH+2HO""}, {""bbox"": [38, 1519, 1653, 1614], ""type"": ""handwritten"", ""text"": ""5) Напишіть структурні формули 5-метилгекс-""}, {""bbox"": [43, 1620, 1176, 1691], ""type"": ""handwritten"", ""text"": ""2-тексину та метилетилкетону""}, {""bbox"": [48, 1708, 764, 1791], ""type"": ""handwritten"", ""text"": ""1) 5-метил-2-гексин""}, {""bbox"": [54, 1791, 895, 1888], ""type"": ""formula"", ""text"": ""$$\\mathrm{CH_3-C=C-CH_2-CH(CCH_3)-CH_3}$$""}, {""bbox"": [902, 1839, 1027, 1973], ""type"": ""annotation"", ""text"": ""+205.""}, {""bbox"": [29, 1894, 687, 1966], ""type"": ""handwritten"", ""text"": ""2) Метилметилкетон""}, {""bbox"": [61, 1975, 613, 2075], ""type"": ""formula"", ""text"": ""CH_{3}-CO-CH_{2}-CH_{3}""}, {""bbox"": [59, 1975, 613, 2074], ""type"": ""handwritten"", ""text"": ""CH3-CO-CH2-CH3""}]"
5eabbc4e-1439-5f92-ab93-bc5416357737.jpg,"[{""bbox"": [450, 254, 3449, 535], ""type"": ""handwritten"", ""text"": ""рий часто уходя в день прейдущ""}, {""bbox"": [351, 504, 3347, 746], ""type"": ""handwritten"", ""text"": ""Тести Мова відносять історичні""}, {""bbox"": [351, 719, 3306, 958], ""type"": ""handwritten"", ""text"": ""Займов хлопців років, дванадцяти.""}, {""bbox"": [354, 933, 3319, 1181], ""type"": ""handwritten"", ""text"": ""Дорога до Харкова була невеличко.""}, {""bbox"": [451, 1151, 3448, 1412], ""type"": ""handwritten"", ""text"": ""мене виникло бажання пройти""}, {""bbox"": [156, 1387, 2036, 1633], ""type"": ""handwritten"", ""text"": ""твори Олеся Томара.""}, {""bbox"": [450, 1512, 3448, 1920], ""type"": ""handwritten"", ""text"": ""ждати миє завдаття вийти до каве""}]"
607c9477-058c-48ff-beca-330836b5ce60.jpg,"[{""bbox"": [190, 130, 391, 164], ""type"": ""handwritten"", ""text"": ""Биками\nвдності""}, {""bbox"": [143, 155, 423, 188], ""type"": ""handwritten"", ""text"": ""виховної життєвої ери""}, {""bbox"": [62, 164, 557, 234], ""type"": ""handwritten"", ""text"": ""відомою кількістю вісім\nвідомої кількості вісім\nвідомої кількості вісім\nвідомої кількості вісім\nвідомої кількості вісім\nвідомої кількості вісім\nвідомої кількості вісім\nвідомої кількості вісім\nвідомої кількості вісім\nвідомої кількості вісім\nвідомої кількості вісім\nвідомої кількості вісім\nвідомої кількості вісім\nвідомої кількості вісім\nвід""}, {""bbox"": [66, 175, 536, 224], ""type"": ""handwritten"", ""text"": ""тинахолетие чистачи : Девяте электронке по скважине \""Але коми.""}, {""bbox"": [47, 203, 545, 268], ""type"": ""handwritten"", ""text"": ""внутреннюю манну та\nкнигу. \""Не ком\nТарри Поттера\"" и \""""}, {""bbox"": [54, 221, 556, 286], ""type"": ""handwritten"", ""text"": ""відомості про письменника. У цьому випадку він написав роман «Тарр» (1914) і «Тарр» (1914) — це перший роман, який він написав, але він не вважав його своїм найкращим.""}, {""bbox"": [56, 258, 562, 334], ""type"": ""handwritten"", ""text"": ""допускається використання електронних карт-""}, {""bbox"": [71, 297, 564, 366], ""type"": ""handwritten"", ""text"": ""відно свого відтінку. Автори Біллі, мали прозу, що електрони не створюють кард-""}, {""bbox"": [55, 319, 564, 395], ""type"": ""handwritten"", ""text"": ""використовували власні імена, дозволило, що краще\nніж \""прикладні\"" речовини, не створюють кардіо\nнаповнення, не впливають на кількість. Проте\nне впливають на кількість. Тоді як усе\nнамірів. Це""}, {""bbox"": [54, 354, 553, 423], ""type"": ""handwritten"", ""text"": ""ваше, разом вареровали книжку. Тарано, уже не відбивав він, не відбивав. Це так само, як до речей, щоб не змогли""}, {""bbox"": [53, 380, 556, 461], ""type"": ""handwritten"", ""text"": ""так тому, що до різних мандрівок. Ви відрубували на перетині, щоб не змовили тільки зважати і собою на інші планети своїх отриманої, картини.""}, {""bbox"": [51, 414, 556, 485], ""type"": ""handwritten"", ""text"": ""він віддрукував мали Маркети, що вони зважали з собою на інші плакати своїх улюбленіх емісій, луцьку, фотогравадії, картини, відомі від цього відомого, що відбувати, квітководі""}, {""bbox"": [46, 449, 552, 518], ""type"": ""handwritten"", ""text"": ""відомі книги, музку, розповідати, що треба ти, що тільки напіввроди, що тільки напіввроди, що тільки напіввроди, що тільки напіввроди, що тільки напіввроди, що тільки напіввроди, що тільки напіввроди, що тільки напіввроди, що тільки напіввроди, що тільки напіввроди, що тільки напіввроди, що тільки напіввроди, що тільки напіввроди, що тільки напіввроди, що тільки напіввроди, що тільки напіввроди, що ті""}, {""bbox"": [37, 475, 551, 551], ""type"": ""handwritten"", ""text"": ""Не на маленьке бралося в це д\nОто десь Мон Маск ще тільки налідочко\nвін в палецька книпка, що коли люди\nнаркоти створюють, що коли люди\nнародили в колег""}, {""bbox"": [36, 517, 550, 583], ""type"": ""handwritten"", ""text"": ""він рідкісно відкривається, щоб відкрити власні двері, але відкривається він тільки в тих випадках, коли він відкривається, то він відкривається в тих випадках, коли він відкривається, то він відкривається в тих випадках, коли він відкривається, то він відкривається в тих випадках, коли він відкривається, то він відкривається в тих випадках, коли він відкривається, то він відкривається в тих випадках, коли він відкривається, то він відкривається в тих випадках, коли він""}, {""bbox"": [33, 546, 547, 615], ""type"": ""handwritten"", ""text"": ""написано резкую речь и перестановка слов, то даже неровные и неровные слова, разные, на маленький кине- патологический взгляд, в великою сладкими ведоми""}, {""bbox"": [32, 575, 530, 646], ""type"": ""handwritten"", ""text"": ""рите буре склое разие, на утесах и в Беликою\nматерія річковій ограді жителів: і Беликою\nвідділів, очі на манібільних, славних відділів\nвідділів, очі на манібільних, славних відділів\nвідділів, очі на манібільних, славних відділів\nвідділів, очі на манібільних, славних відділів\nвідділів, очі на манібільних, славних відділів\nвідділів, очі на манібільних, славних відділів\nвідділів, очі на мані""}, {""bbox"": [26, 609, 543, 671], ""type"": ""handwritten"", ""text"": ""помітно, що на напівболівій, синій привітній\nвід нас, на вулицю від нас, такі привітні\nвід нас, на вулицю від нас, такі привітні\nвід нас, на вулицю від нас, такі привітні\nвід нас, на вулицю від нас, такі привітні\nвід нас, на вулицю від нас, такі привітні\nвід нас, на вулицю від нас, такі привітні\nвід нас, на вулицю від нас, такі привітні\nвід нас, на вулицю від нас, такі привітні\nвід нас, на вулицю від нас, такі привітні\nвід нас, на вулиц""}, {""bbox"": [17, 645, 561, 720], ""type"": ""handwritten"", ""text"": ""будут ли вверші. Всё, відповідно, вже авторі і\nдописує він відповідної кількості.""}, {""bbox"": [30, 684, 566, 750], ""type"": ""handwritten"", ""text"": ""не так вже багато різних кінців, як відліку від""}, {""bbox"": [17, 707, 560, 769], ""type"": ""handwritten"", ""text"": ""До цього не страшно, не так відомо, як знання й емоції, які, на відміну від""}, {""bbox"": [13, 743, 562, 803], ""type"": ""handwritten"", ""text"": ""не знання й емоції, які, незважаючи на недосконале поняття інформації, записуються на мій нерв.""}, {""bbox"": [10, 764, 256, 814], ""type"": ""handwritten"", ""text"": ""недельного потоку инд на ми на ребро.""}, {""bbox"": [9, 783, 256, 816], ""type"": ""handwritten"", ""text"": ""в на них нафтові.""}]"
612f55d0-2d4e-4609-abc3-067c85459e44.jpg,"[{""bbox"": [101, 17, 459, 91], ""type"": ""handwritten"", ""text"": ""смоковие толчо.1""}, {""bbox"": [118, 90, 1656, 180], ""type"": ""handwritten"", ""text"": ""Словесно-очічна приймів - запам'ятовування слів, понять. (Напр""}, {""bbox"": [121, 165, 1408, 255], ""type"": ""handwritten"", ""text"": ""мод: запоминание исторических фактов, перечислений.""}, {""bbox"": [115, 250, 729, 335], ""type"": ""handwritten"", ""text"": ""4) За змістом діяльності""}, {""bbox"": [122, 307, 1302, 412], ""type"": ""handwritten"", ""text"": ""Рукою підпис - звернення й відтворення рукою""}, {""bbox"": [125, 365, 1656, 489], ""type"": ""handwritten"", ""text"": ""Двоєна помилка - зворотнє відтворення руху. Сполучна помилка - зенопістовування амодуляційних станів.(згадай)""}, {""bbox"": [124, 426, 1409, 546], ""type"": ""handwritten"", ""text"": ""Священник помолился-заполнил пустую кислотную сущность стреже, яким пережившим в певрый синусе.""}, {""bbox"": [134, 516, 1656, 619], ""type"": ""handwritten"", ""text"": ""Зорово-моторна пам'ять - кольорові образи і речі (мляві)""}, {""bbox"": [131, 611, 983, 690], ""type"": ""handwritten"", ""text"": ""фре на музычних (немрццентном)""}, {""bbox"": [125, 672, 1656, 772], ""type"": ""handwritten"", ""text"": ""а. Дотріди - це внутрішні емоції, що впливають на активність""}, {""bbox"": [124, 753, 1656, 841], ""type"": ""handwritten"", ""text"": ""вседни для здравоохранения того, что ти не внемочов, Вони в днера""}, {""bbox"": [131, 826, 1656, 908], ""type"": ""handwritten"", ""text"": ""мотивувалі їх різкиму оголошеності, тоді як саме завдяки под""}, {""bbox"": [133, 902, 1199, 979], ""type"": ""handwritten"", ""text"": ""смодельована діє, навчавимося, проектне, спілкуватися.""}, {""bbox"": [150, 963, 1650, 1047], ""type"": ""handwritten"", ""text"": ""«Вопреки тому, что вчера вечером героиня сказала (надо""}, {""bbox"": [141, 1019, 1456, 1109], ""type"": ""handwritten"", ""text"": ""у документі успіхів), він виставляє спорожнення (обмивність).""}, {""bbox"": [158, 1096, 480, 1172], ""type"": ""handwritten"", ""text"": ""Види потреб:""}, {""bbox"": [132, 1162, 793, 1242], ""type"": ""handwritten"", ""text"": ""1) За природою походження:""}, {""bbox"": [131, 1189, 1656, 1307], ""type"": ""handwritten"", ""text"": ""У зв'язку з природою пожежденної: біологічні (орізіологічні) - необхідні для виникнення, вітря, сон, вода""}, {""bbox"": [143, 1311, 537, 1372], ""type"": ""handwritten"", ""text"": ""дизельные топлива.""}, {""bbox"": [147, 1336, 1656, 1437], ""type"": ""handwritten"", ""text"": ""законом идёт. Социалки - принимать в проекте решить в сцеплённых: спасибо""}, {""bbox"": [145, 1430, 703, 1499], ""type"": ""handwritten"", ""text"": ""відмовив, покиля тонко.""}, {""bbox"": [141, 1471, 1521, 1575], ""type"": ""handwritten"", ""text"": ""Пуковні - пов'язанні із спізненням, творчістю, розвитком.""}, {""bbox"": [132, 1563, 827, 1639], ""type"": ""handwritten"", ""text"": ""а) За способом заучивания.""}, {""bbox"": [145, 1609, 1656, 1713], ""type"": ""handwritten"", ""text"": ""Маніпуляційні потреди - пов'язані з фізичними об'єктами (зме""}, {""bbox"": [134, 1708, 444, 1781], ""type"": ""handwritten"", ""text"": ""ничто, одел""}, {""bbox"": [145, 1712, 1656, 1843], ""type"": ""handwritten"", ""text"": ""(митто, одел)\nДієсвіні поміреди - не мають матеріального враження (віре""}, {""bbox"": [151, 1841, 373, 1918], ""type"": ""handwritten"", ""text"": ""морело""}, {""bbox"": [323, 1891, 903, 1966], ""type"": ""handwritten"", ""text"": ""Хроническая чесотка""}, {""bbox"": [131, 1942, 1656, 2038], ""type"": ""handwritten"", ""text"": ""3. Мовлення і мислення - це два тісно пов'язані психічні""}, {""bbox"": [138, 2045, 329, 2104], ""type"": ""handwritten"", ""text"": ""процесс.""}, {""bbox"": [154, 2050, 1656, 2154], ""type"": ""handwritten"", ""text"": ""родели.\nОпленение - це процес обробки інформації, роз'яснення зада""}, {""bbox"": [158, 2156, 368, 2221], ""type"": ""handwritten"", ""text"": ""аналізу""}, {""bbox"": [159, 2168, 1656, 2276], ""type"": ""handwritten"", ""text"": ""онамізці. мовлення - це засіб вираження думок, почуттів, намірів ч""}, {""bbox"": [172, 2273, 311, 2339], ""type"": ""handwritten"", ""text"": ""ееову""}]"
6166f538-7510-5339-9e1d-e0b583cf449f.jpg,"[{""bbox"": [649, 121, 1972, 307], ""type"": ""handwritten"", ""text"": ""Повидите всичките брезни""}, {""bbox"": [481, 246, 1659, 426], ""type"": ""handwritten"", ""text"": ""Памагиця работа""}, {""bbox"": [780, 381, 1035, 520], ""type"": ""handwritten"", ""text"": ""uz""}, {""bbox"": [115, 530, 2025, 704], ""type"": ""handwritten"", ""text"": ""Від тинників залежить кількість""}, {""bbox"": [109, 685, 2377, 858], ""type"": ""handwritten"", ""text"": ""населення як: народжуваністі, смертна-""}, {""bbox"": [95, 826, 1058, 986], ""type"": ""handwritten"", ""text"": ""ті й мигролій""}, {""bbox"": [678, 954, 883, 1097], ""type"": ""handwritten"", ""text"": ""n3""}, {""bbox"": [124, 1110, 1910, 1284], ""type"": ""handwritten"", ""text"": ""І 1897 року населення в Україні""}, {""bbox"": [103, 1271, 1609, 1440], ""type"": ""handwritten"", ""text"": ""становило - 28,8 млн. км.""}, {""bbox"": [77, 1422, 1919, 1584], ""type"": ""handwritten"", ""text"": ""У 1913 році населення в Україні""}, {""bbox"": [70, 1430, 1899, 1599], ""type"": ""handwritten"", ""text"": ""У 1913 році населення в Україні""}, {""bbox"": [38, 1577, 1683, 1726], ""type"": ""handwritten"", ""text"": ""Старовіль - 35,2 млн осіб.""}]"
630393d4-b357-4251-bb2f-6d6fb3499c3f.jpg,"[{""bbox"": [95, 4, 1860, 128], ""type"": ""handwritten"", ""text"": ""Чебинова Катарина Ферин. Княж. в Бузаши""}, {""bbox"": [525, 138, 1004, 295], ""type"": ""handwritten"", ""text"": ""Річніс""}, {""bbox"": [117, 283, 1737, 398], ""type"": ""handwritten"", ""text"": ""книги касової за місяць падамет -1918.""}, {""bbox"": [30, 406, 992, 1456], ""type"": ""table"", ""text"": ""| №. км. | Назва | Дата | Предмет |\n|---|---|---|---|\n| 1. | 24/ii 1918. | Титагове луферк. Станція за с. Езегівця |\n| 2. | 25/ii 1918. | \"" \"" \"" \"" \"" \"" 36 км. |\n| 3. | 26/ii 1918. | луки ул. Езегівця |\n| 4. | 28/ii 1918. | Титагове для станції за с. 28-30/ii. С 4 лт. |\n| 5. | 28/ii 1918. | Титагове для станції за с. 28-30/ii. С 5 лт. |\n| 6. | 29/ii 1918. | Титагове для станції за с. 29-""}, {""bbox"": [171, 434, 1885, 1714], ""type"": ""table"", ""text"": ""| Дата | Приједмет | Досије | Родосије |\n| --- | --- | --- | --- |\n|  |  | №. | с. | №. | с. |\n| 24/II. 1918. | Типкасаве одермк. Станција Каротен за мес. 24/II.-30/II.(5 тг.) |  |  | 100 | 00 |\n| 25/II. 1918. | \"" \"" \"" \"" \"" \"" \"" \"" \"" \"" \"" \"" \"" \"" \"" \"" \"" \"" \"" \"" \"" \"" \"" \"" \"" \"" \"" \"" \"" \"" \"" \"" \"" \"" \"" \"" \"" \"" \"" \"" \"" \"" \"" \"" \"" \"" \"" \"" \"" \"" \"" \"" \"" \"" \"" \"" \"" \"" \"" \"" \"" \"" \"" \"" \"" \"" \"" \"" \"" \"" \"" \"" \"" \"" \"" \"" \"" \"" \"" \"" \"" \"" \"" \"" \"" \"" \"" \"" \"" \"" \"" \"" \"" \"" \"" \"" \"" \"" \"" \"" \"" \"" \"" \"" \"" \"" \"" \"" \"" \"" \"" \"" \"" \"" \"" \"" \"" \"" \"" \"" \"" \"" \"" \"" \"" \"" \"" \""""}, {""bbox"": [380, 450, 1138, 599], ""type"": ""handwritten"", ""text"": ""Присянет""}, {""bbox"": [866, 663, 1401, 725], ""type"": ""handwritten"", ""text"": ""дл 110с 24/ii.- 30/ii.(5-тн)""}, {""bbox"": [898, 718, 1322, 766], ""type"": ""handwritten"", ""text"": ""азеловит зи чес""}, {""bbox"": [875, 749, 1376, 797], ""type"": ""handwritten"", ""text"": ""282. 3011. С. 8лиден""}, {""bbox"": [277, 1015, 1374, 1082], ""type"": ""handwritten"", ""text"": ""Прилагается для статьи в устно-зеле""}, {""bbox"": [276, 1068, 1174, 1134], ""type"": ""handwritten"", ""text"": ""нін за час 28-30/III (5 лютого)""}, {""bbox"": [277, 1130, 1214, 1194], ""type"": ""handwritten"", ""text"": ""Пишите мне для стан. в Бартатт""}, {""bbox"": [325, 1178, 1218, 1249], ""type"": ""handwritten"", ""text"": ""за мес 29-30/II. 1918. (Съглочен.)""}, {""bbox"": [604, 1245, 1130, 1355], ""type"": ""handwritten"", ""text"": ""Разом""}, {""bbox"": [613, 1342, 1018, 1427], ""type"": ""handwritten"", ""text"": ""Нефилір""}, {""bbox"": [270, 1419, 1384, 1481], ""type"": ""handwritten"", ""text"": ""Зеленір позіємове врішення у зичалонь""}, {""bbox"": [265, 1468, 1300, 1543], ""type"": ""handwritten"", ""text"": ""рвогуру ти стівн. 2грудень 1918.""}, {""bbox"": [338, 1546, 1441, 1690], ""type"": ""handwritten"", ""text"": ""Бургас, дъня 2. мартов 1919.""}, {""bbox"": [735, 1674, 1462, 1768], ""type"": ""handwritten"", ""text"": ""Илен Магентите""}]"
6440b626-9bee-5f44-9dac-951de7044424.jpg,"[{""bbox"": [139, 172, 1347, 377], ""type"": ""formula"", ""text"": ""a) $x^{4}-3x^{2}-4=0$""}, {""bbox"": [221, 372, 1624, 562], ""type"": ""handwritten"", ""text"": ""Заміна: x² = t, t ≥ 0""}, {""bbox"": [487, 543, 1312, 729], ""type"": ""formula"", ""text"": ""t^{2}-3t-4=0""}, {""bbox"": [387, 731, 1803, 949], ""type"": ""formula"", ""text"": ""$$\\Delta = ( - 3 ) ^ { 2 } - 4 \\cdot 1 \\cdot ( - 4 ) = 2 5$$""}, {""bbox"": [263, 943, 1283, 1255], ""type"": ""formula"", ""text"": ""$$t _ { 1 , 2 } = \\frac { 3 - 5 } { 2 \\cdot 1 } = - \\frac { 4 } { 2 }$$""}, {""bbox"": [457, 1236, 2709, 1425], ""type"": ""formula"", ""text"": ""$$\\pm 1 = 4 \\quad t _ { 2 } = 1 \\quad x ^ { 2 } = 4 \\quad x ^ { 2 } = 2 \\quad x = \\pm 2$$""}, {""bbox"": [2450, 1363, 2774, 1516], ""type"": ""formula"", ""text"": ""x = \\pm 1""}, {""bbox"": [188, 1420, 1584, 1636], ""type"": ""formula"", ""text"": ""8) x^{4}-10x^{2}+9=0""}, {""bbox"": [299, 1637, 1605, 1831], ""type"": ""handwritten"", ""text"": ""Заміна: x² = t, t ≥ 0""}, {""bbox"": [296, 1638, 1549, 1832], ""type"": ""handwritten"", ""text"": ""Заміна: x² = t, t ≥ 0""}, {""bbox"": [404, 1811, 1420, 2018], ""type"": ""formula"", ""text"": ""t^{2}-10t+9=0""}, {""bbox"": [408, 2005, 1163, 2197], ""type"": ""formula"", ""text"": ""$$\\left\\{ \\begin{array}{l} t _ { 1 } + t _ { 2 } = 1 6 \\end{array} \\right.$$""}, {""bbox"": [238, 2381, 1400, 2602], ""type"": ""formula"", ""text"": ""$t_{1}=10$ abo $t_{2}=9$""}, {""bbox"": [1093, 2585, 1621, 2764], ""type"": ""formula"", ""text"": ""$$a b o x ^ { 2 } = 9$$""}, {""bbox"": [433, 2619, 920, 2776], ""type"": ""formula"", ""text"": ""x^{2}=10""}, {""bbox"": [1204, 2793, 1565, 2939], ""type"": ""formula"", ""text"": ""x = \\pm 3""}, {""bbox"": [447, 2807, 929, 2945], ""type"": ""formula"", ""text"": ""x = \\pm 1""}, {""bbox"": [263, 2950, 1435, 3174], ""type"": ""formula"", ""text"": ""b) x^{4}-8x^{2}+12=0""}, {""bbox"": [309, 3168, 1576, 3349], ""type"": ""handwritten"", ""text"": ""Заміна : x² = t, t ≥ 0""}, {""bbox"": [353, 3340, 1251, 3519], ""type"": ""formula"", ""text"": ""$t^{2}-8t+12=0$""}, {""bbox"": [1706, 3486, 2695, 3693], ""type"": ""formula"", ""text"": ""x^{c}=4 \\quad \\text{and} \\quad x^{2}=3""}, {""bbox"": [367, 3524, 1070, 3701], ""type"": ""formula"", ""text"": ""$$t _ { 1 } + t _ { 2 } = 1 2$$""}, {""bbox"": [381, 3693, 1396, 3895], ""type"": ""formula"", ""text"": ""$t_{1}=4 \\quad \\text{ab0} \\quad t_{2}=3$""}, {""bbox"": [381, 3697, 2755, 3900], ""type"": ""formula"", ""text"": ""$$t _ { 1 } = 4 \\quad \\alpha \\delta 0 \\quad t _ { 2 } = 3 \\quad x = \\pm 2 \\quad x = \\pm 1$$""}]"
64722ae2-0be0-4440-8eb3-c8e5fadb12fd.jpg,"[{""bbox"": [62, 118, 920, 181], ""type"": ""handwritten"", ""text"": ""занимало шлюпку про дозвіл Повітковісара,""}, {""bbox"": [67, 178, 380, 218], ""type"": ""handwritten"", ""text"": ""omnubidi re mearo.""}, {""bbox"": [290, 229, 866, 287], ""type"": ""handwritten"", ""text"": ""Павільйон міліції 2-го району.""}, {""bbox"": [497, 301, 712, 351], ""type"": ""handwritten"", ""text"": ""Мелотинук.""}, {""bbox"": [318, 352, 668, 397], ""type"": ""handwritten"", ""text"": ""З оригіналом згідно.""}, {""bbox"": [438, 406, 857, 459], ""type"": ""handwritten"", ""text"": ""Пом. Управи. (міднес)""}, {""bbox"": [288, 505, 653, 573], ""type"": ""handwritten"", ""text"": ""З оригіналом згідн.""}, {""bbox"": [221, 564, 657, 630], ""type"": ""handwritten"", ""text"": ""За ділові інтереси від""}, {""bbox"": [295, 622, 663, 682], ""type"": ""handwritten"", ""text"": ""Р. Швальд 19³/₂₀""}]"
658ab1b3-78f1-4f61-8e03-126556558f3e.jpg,"[{""bbox"": [7, 114, 271, 191], ""type"": ""handwritten"", ""text"": ""(14% розчину)""}, {""bbox"": [8, 190, 294, 259], ""type"": ""formula"", ""text"": ""m - 200 \\times (40\\%)""}, {""bbox"": [14, 213, 268, 300], ""type"": ""handwritten"", ""text"": ""m = 200 г (40%\nрозчину солі""}, {""bbox"": [10, 388, 203, 473], ""type"": ""handwritten"", ""text"": ""мглаетки?""}, {""bbox"": [46, 562, 91, 614], ""type"": ""handwritten"", ""text"": ""飞""}, {""bbox"": [1177, 626, 1427, 768], ""type"": ""handwritten"", ""text"": ""?58""}, {""bbox"": [59, 633, 779, 743], ""type"": ""formula"", ""text"": ""$3.\\ Na\\rightarrow NaOH=Na_{2}ON_{3}$""}, {""bbox"": [169, 752, 959, 871], ""type"": ""formula"", ""text"": ""$$N a O H \\rightarrow N a _ { 2 } S O _ { 4 } = N a _ { 3 } S O _ { 3 } N _ { 3 }$$""}, {""bbox"": [168, 752, 971, 875], ""type"": ""formula"", ""text"": ""$$N a O H \\rightarrow N a _ { 2 } S O _ { 4 } = N a _ { 3 } S O _ { 3 } N ;$$""}, {""bbox"": [176, 869, 1200, 992], ""type"": ""formula"", ""text"": ""$$N _ { 2 } S O _ { 4 } \\rightarrow N a C l = N a S O _ { 4 } C l - N _ { 2 } S O _ { 4 } N a C l ;$$""}, {""bbox"": [192, 1015, 798, 1137], ""type"": ""formula"", ""text"": ""$$N a C l \\rightarrow N a = N a _ { 2 } C l .$$""}, {""bbox"": [207, 1137, 855, 1240], ""type"": ""formula"", ""text"": ""$$\\mathrm{Na}_{2} \\mathrm{SO}_{4} \\rightarrow \\mathrm{NaCl} \\rightarrow \\mathrm{N}$$""}, {""bbox"": [227, 1246, 1533, 1345], ""type"": ""formula"", ""text"": ""$$N a O H \\rightarrow N a _ { 3 } [ A l ( O H ) _ { 6 } ] = N a _ { 4 } [ A l ( O H ) _ { 6 } ]$$""}, {""bbox"": [301, 1783, 650, 1912], ""type"": ""handwritten"", ""text"": ""cn-Cn-cn""}]"
65b3b7b6-9db2-4a89-bd82-30cc6842318e.jpg,"[{""bbox"": [1059, 77, 1174, 177], ""type"": ""annotation"", ""text"": ""87-""}, {""bbox"": [1059, 81, 1172, 187], ""type"": ""annotation"", ""text"": ""85-""}, {""bbox"": [30, 176, 1302, 279], ""type"": ""handwritten"", ""text"": ""ким відкрила очима, до Техре""}, {""bbox"": [35, 271, 1311, 366], ""type"": ""handwritten"", ""text"": ""вплив на себе і відділ думках""}, {""bbox"": [41, 356, 1315, 465], ""type"": ""handwritten"", ""text"": ""про веде їх дочер дім. Малки""}, {""bbox"": [46, 454, 1319, 556], ""type"": ""handwritten"", ""text"": ""робом, я і залишаюся на""}, {""bbox"": [50, 536, 1328, 655], ""type"": ""handwritten"", ""text"": ""Окорокури, а мої курки звич""}, {""bbox"": [64, 627, 1312, 730], ""type"": ""handwritten"", ""text"": ""ся до пульс, до без промежуточных""}, {""bbox"": [54, 719, 1325, 828], ""type"": ""handwritten"", ""text"": ""праць історії робити неможе.""}, {""bbox"": [57, 810, 1332, 915], ""type"": ""handwritten"", ""text"": ""Так пропела я о дядьке с ножом""}, {""bbox"": [55, 905, 1340, 1007], ""type"": ""handwritten"", ""text"": ""і деходів. Підписав під ним у Києві;""}, {""bbox"": [59, 993, 1342, 1101], ""type"": ""handwritten"", ""text"": ""великие репрессии, куренными""}, {""bbox"": [56, 1081, 1353, 1186], ""type"": ""handwritten"", ""text"": ""вихідну з найгіршою ієрархією""}, {""bbox"": [57, 1166, 1352, 1279], ""type"": ""handwritten"", ""text"": ""зур; дни панеет смердялъми""}, {""bbox"": [61, 1251, 1346, 1379], ""type"": ""handwritten"", ""text"": ""зар природничалу виділу, бо""}, {""bbox"": [59, 1259, 1345, 1455], ""type"": ""handwritten"", ""text"": ""чар природниму вадіну, то\nгенер чудапоїс лекції на Вел.""}, {""bbox"": [56, 1347, 1343, 1462], ""type"": ""handwritten"", ""text"": ""генерал-мілітарій на Вел.""}, {""bbox"": [54, 1412, 1355, 1548], ""type"": ""handwritten"", ""text"": ""Pidd. Ses yeux gâtés, ses miroirs,""}, {""bbox"": [43, 1437, 1354, 1643], ""type"": ""handwritten"", ""text"": ""Підв. Без цінних дабів, без нічого, і працюючих заміжжів села. (Більше""}, {""bbox"": [34, 1510, 1359, 1650], ""type"": ""handwritten"", ""text"": ""і прадущих завжджів села. (більші""}, {""bbox"": [53, 1519, 1356, 1736], ""type"": ""handwritten"", ""text"": ""і практичних завдань. (Кількість наших куренів розбігається""}, {""bbox"": [65, 1612, 1353, 1741], ""type"": ""handwritten"", ""text"": ""наших куреней розбігається""}, {""bbox"": [75, 1688, 1360, 1814], ""type"": ""handwritten"", ""text"": ""хто куди літ, лишив лося дуже""}, {""bbox"": [76, 1706, 1356, 1822], ""type"": ""handwritten"", ""text"": ""хто куди ліг, іншим лосів дуже""}, {""bbox"": [77, 1802, 1357, 1900], ""type"": ""handwritten"", ""text"": ""мало. Я. не поганьгувала заміж""}, {""bbox"": [75, 1893, 1349, 2020], ""type"": ""handwritten"", ""text"": ""дрови за друге півпіррр ; уге""}]"
65fd757d-857d-53dc-8c51-f875a2553497.jpg,"[{""bbox"": [544, 26, 785, 91], ""type"": ""printed"", ""text"": ""/no_think""}, {""bbox"": [1105, 190, 2120, 489], ""type"": ""handwritten"", ""text"": ""Двакаодине грудне""}, {""bbox"": [1192, 437, 2365, 697], ""type"": ""handwritten"", ""text"": ""Домашнее задание""}, {""bbox"": [1191, 454, 2361, 697], ""type"": ""handwritten"", ""text"": ""Домашние робота""}, {""bbox"": [1573, 647, 1890, 841], ""type"": ""handwritten"", ""text"": ""n=13.5""}, {""bbox"": [1498, 859, 2295, 1265], ""type"": ""formula"", ""text"": ""$$\\frac { x ) x 1 - x 1 x _ { 1 } x _ { 2 } } { y 1 y 1 5 }$$""}, {""bbox"": [183, 859, 1252, 1251], ""type"": ""table"", ""text"": ""x|-3|-0,5|2,5|\ny|9|0,3|6,3|""}, {""bbox"": [168, 1378, 1566, 1554], ""type"": ""handwritten"", ""text"": ""3) y > 1. а) агдо x = 2, x = -2, x = 3""}, {""bbox"": [246, 1586, 1681, 1751], ""type"": ""handwritten"", ""text"": ""y≥1, x∈[−2,0] x=−2, x=−0.5, x=0""}, {""bbox"": [1253, 1715, 1541, 1908], ""type"": ""handwritten"", ""text"": ""n=13.7""}, {""bbox"": [170, 1947, 1300, 2112], ""type"": ""formula"", ""text"": ""$y = x^{2}, \\text{якщо } -2 \\leq x \\leq 3.$""}, {""bbox"": [152, 2130, 1738, 2562], ""type"": ""table"", ""text"": ""x|-2|-1|0|1|2|3\ny|4|1|0|1|4|3""}, {""bbox"": [1474, 3775, 1824, 3999], ""type"": ""handwritten"", ""text"": ""n°139.""}]"
66b9b5aa-1b36-4adc-9312-6c36328421c0.jpg,"[{""bbox"": [13, 11, 622, 87], ""type"": ""handwritten"", ""text"": ""Проровнчий речения:""}, {""bbox"": [12, 74, 1578, 152], ""type"": ""handwritten"", ""text"": ""повербельна комунікація - це обмін інформацією без""}, {""bbox"": [3, 138, 1576, 227], ""type"": ""handwritten"", ""text"": ""аноресієнням слів, тобто невербально, за допомогою:""}, {""bbox"": [1, 176, 1540, 293], ""type"": ""handwritten"", ""text"": ""чимки, нестів, под тьма, погледу, зовнішнього""}, {""bbox"": [0, 212, 406, 322], ""type"": ""handwritten"", ""text"": ""вигледу течу.""}, {""bbox"": [2, 313, 1552, 482], ""type"": ""handwritten"", ""text"": ""Визначте слуховий етикет як невід'ємну\nчастину професіоналізму реєстратора.\nСлуховий етикет - це""}, {""bbox"": [0, 387, 1614, 543], ""type"": ""handwritten"", ""text"": ""Слухавши етикет - це відчувається правильність поведінки""}, {""bbox"": [0, 445, 1614, 601], ""type"": ""handwritten"", ""text"": ""управління етикету - це сукупність правил поведінки, що регулюють взаємини між людьми в професійній сфері. Цей вид етикету вважається найважливішим.""}, {""bbox"": [0, 493, 1607, 692], ""type"": ""handwritten"", ""text"": ""зробити вдячними за відданий правильну перевірку\nфері. Цей відбітак міг би лодьми в професійній\nсвіті співрозмовника, феріує довіру та повагу\nподібагає іншій країні, або""}, {""bbox"": [0, 567, 1604, 760], ""type"": ""handwritten"", ""text"": ""відчуває співрозмовника, підтримує довіру та повагу, вищій ініціативі. Отже, не повідомляється про""}, {""bbox"": [0, 638, 1607, 832], ""type"": ""handwritten"", ""text"": ""подібате конфекти та підтримує свій держави, ідентифікації. Отже, у небіжним чином професійно""}, {""bbox"": [4, 690, 1610, 871], ""type"": ""handwritten"", ""text"": ""діяльності. Отже, у небіржевих ефективність професійної\nОхарактеризуйте основні етапи""}, {""bbox"": [5, 695, 676, 827], ""type"": ""handwritten"", ""text"": ""заказу і. Отже ув\nвідносні суперечні""}, {""bbox"": [14, 723, 1616, 952], ""type"": ""handwritten"", ""text"": ""Охарактеризуйте основы скидровой партии на поверхности.""}, {""bbox"": [13, 803, 1582, 1004], ""type"": ""handwritten"", ""text"": ""Характеризуйте основні скарбові парних манер на поверхні та столом. Основні скарбові че""}, {""bbox"": [0, 848, 1550, 1054], ""type"": ""handwritten"", ""text"": ""на параметризуйте основи складової гарних нав\nповерхні за столом. Основи складової че:\nвоставле працював на Захід, оскільки вони\nчения за зірками за с""}, {""bbox"": [0, 888, 1581, 1123], ""type"": ""handwritten"", ""text"": ""поверхніми за етапом. Основні складові усвідомлення за зігравання за стійкі положення тіла за""}, {""bbox"": [0, 975, 1594, 1185], ""type"": ""handwritten"", ""text"": ""тепла за зірками за стіл положення тіла 39""}, {""bbox"": [0, 1038, 1600, 1241], ""type"": ""handwritten"", ""text"": ""человека, необъявленный телефон-вымкненный разор-""}, {""bbox"": [0, 1068, 1608, 1325], ""type"": ""handwritten"", ""text"": ""дта сервотка на келіх неговоричи із задбачи\nвідбувати яку вами чую перерають""}, {""bbox"": [2, 1102, 1608, 1370], ""type"": ""handwritten"", ""text"": ""обій сервотка чи хоєдних, неговорич із забиччи\nвішувати якую вагу, що перерахову, звертися\nвісім розмовників. З максимумом, звертися""}, {""bbox"": [3, 1147, 1607, 1446], ""type"": ""handwritten"", ""text"": ""навіть посміяч усти тільки після господаря\nвідсіб розмовників. З максимального повагою""}, {""bbox"": [3, 1232, 1610, 1459], ""type"": ""handwritten"", ""text"": ""спів розмовників. З максимального поведінка\nЗнач Б- голові діягати""}, {""bbox"": [5, 1405, 817, 1529], ""type"": ""handwritten"", ""text"": ""в. ні, тільки в антракті""}, {""bbox"": [39, 2166, 365, 2260], ""type"": ""annotation"", ""text"": ""12.06.2025""}]"
6715d395-b045-4401-8e97-03b97582a825.jpg,"[{""bbox"": [66, 64, 235, 147], ""type"": ""handwritten"", ""text"": ""4.21""}, {""bbox"": [75, 129, 1666, 549], ""type"": ""table"", ""text"": ""5. №|Назва|Число акутії звіт. періоду|Баз.|x-x̄\n4.|Альянс|0,12|0,10|-0,0967\n6.|Фамільний|0,24|0,20|0,0893\n7.|Тлобус|0,11|0,10|-0,0467""}, {""bbox"": [144, 538, 1253, 687], ""type"": ""formula"", ""text"": ""$$\\vec { x } = \\frac { 0 , 1 2 + 0 , 2 4 + 0 , 1 1 } { 3 } = 0 , 1 5 6 7$$""}, {""bbox"": [148, 656, 1271, 806], ""type"": ""formula"", ""text"": ""$$6 = \\sqrt [ 3 ] { 0 , 0 1 0 4 7 } = \\sqrt { 0 , 0 0 5 4 9 } = 0 , 0 5 2 1$$""}, {""bbox"": [176, 808, 1476, 955], ""type"": ""formula"", ""text"": ""$$V = \\frac { 6 } { x } \\cdot 1 0 0 \\% = \\frac { 0 , 0 5 9 1 } { 0 , 1 5 6 4 } \\cdot 1 0 0 \\% = 3 7 , 4 \\%$$""}, {""bbox"": [149, 942, 1850, 1081], ""type"": ""handwritten"", ""text"": ""Перевищують сукупність є неоднорідною. Кодифікант воріації.""}, {""bbox"": [141, 1084, 706, 1167], ""type"": ""handwritten"", ""text"": ""столовать 84,7%""}, {""bbox"": [131, 1150, 1009, 2059], ""type"": ""table"", ""text"": ""3. Місця|Товар. міл. грн.|у t\n1|34|39,6\n2|39|40,3\n3|44|41,3\n4|38|44\n5|42|42\n6|43|43,6\n7|41|45,6\n8|47|48,3\n9|48|48,3\n10|52|48,6\n11|47||\n12|50||""}, {""bbox"": [895, 1264, 1016, 1343], ""type"": ""handwritten"", ""text"": ""39,6""}, {""bbox"": [855, 1609, 960, 1664], ""type"": ""handwritten"", ""text"": ""и 3,6""}, {""bbox"": [843, 1664, 956, 1722], ""type"": ""handwritten"", ""text"": ""45,6""}, {""bbox"": [836, 1725, 950, 1787], ""type"": ""handwritten"", ""text"": ""49,3""}, {""bbox"": [821, 1793, 938, 1858], ""type"": ""handwritten"", ""text"": ""49,3""}, {""bbox"": [803, 1865, 941, 1951], ""type"": ""handwritten"", ""text"": ""49,6""}, {""bbox"": [1272, 2043, 1909, 2172], ""type"": ""handwritten"", ""text"": ""Вирівняний товарооборот""}, {""bbox"": [39, 2088, 738, 2234], ""type"": ""formula"", ""text"": ""$$\\overline { { y } } _ { t } = \\frac { y _ { t - 1 } + y _ { t } + y _ { t + 1 } } { 3 }$$""}, {""bbox"": [1452, 2134, 1929, 2250], ""type"": ""handwritten"", ""text"": ""у липні = 43,6 млн грн.""}, {""bbox"": [1448, 2136, 1929, 2250], ""type"": ""annotation"", ""text"": ""у липні = 43,6 млн грн.""}, {""bbox"": [51, 2220, 1459, 2332], ""type"": ""formula"", ""text"": ""$$y _ { t _ { 2 } } = \\frac { 3 7 + 3 9 + 4 4 } { 3 } = 3 9 . 6 \\quad y _ { t _ { 3 } } = \\frac { 4 3 + 4 1 + 4 7 } { 3 } = 4 3 . 6$$""}, {""bbox"": [755, 2335, 1550, 2457], ""type"": ""formula"", ""text"": ""$$y + 8 = \\frac { 4 7 + 4 7 + 4 8 } { 3 } = 4 5 , 6$$""}, {""bbox"": [53, 2336, 726, 2469], ""type"": ""formula"", ""text"": ""$$y _ { 1 3 } = \\frac { 3 9 + 4 4 + 3 8 } { 3 } = 4 0 , 3$$""}, {""bbox"": [749, 2443, 1534, 2583], ""type"": ""formula"", ""text"": ""$$y _ { k g } = \\frac { 4 4 + 4 8 + 5 2 } { 3 } = 4 8 , 3$$""}, {""bbox"": [52, 2459, 723, 2577], ""type"": ""formula"", ""text"": ""$$y _ { + } y = \\frac { 4 4 + 3 8 + 4 2 } { 3 } = 4 1 , 3$$""}, {""bbox"": [50, 2574, 678, 2671], ""type"": ""formula"", ""text"": ""$$y _ { 1 5 } = \\frac { y _ { 1 } + y _ { 2 } + y _ { 3 } } { 3 } = u 1$$""}, {""bbox"": [740, 2575, 1517, 2772], ""type"": ""formula"", ""text"": ""$$y _ { + 1 0 } = \\frac { 4 8 + 5 2 + 4 7 } { 3 } = 4 9 , 3$$ $$y _ { + 1 1 } = \\frac { 5 2 + 4 7 + 5 0 } { 3 } = 4 9 , 6$$""}, {""bbox"": [1788, 2629, 1921, 2736], ""type"": ""handwritten"", ""text"": ""2.""}, {""bbox"": [48, 2659, 1519, 2778], ""type"": ""formula"", ""text"": ""$$y + 6 = \\frac { y _ { 2 } + y _ { 3 } + y _ { 1 } } { 3 } = y _ { 2 } , \\quad y \\pm 1 1 = \\frac { 5 2 + 4 7 + 5 0 } { 3 } = 4 9 . 6$$""}]"
683bd345-fc09-5bf0-8c84-33947ff393cb.jpg,"[{""bbox"": [681, 177, 1192, 305], ""type"": ""handwritten"", ""text"": ""8 Дома""}, {""bbox"": [770, 300, 1137, 451], ""type"": ""formula"", ""text"": ""0 \\leq 0x""}, {""bbox"": [1624, 318, 2141, 475], ""type"": ""handwritten"", ""text"": ""0 (x,0,0""}, {""bbox"": [1514, 485, 3132, 651], ""type"": ""formula"", ""text"": ""$$A O = \\sqrt { ( x + 2 ) ^ { 2 } + 4 + 2 5 } = \\sqrt { x ^ { 2 } + 4 x + 4 + 4 }$$""}, {""bbox"": [692, 494, 1312, 679], ""type"": ""formula"", ""text"": ""A(-2,-2,5)""}, {""bbox"": [690, 676, 1261, 844], ""type"": ""formula"", ""text"": ""B(4,-3,2)""}, {""bbox"": [1518, 692, 2425, 841], ""type"": ""formula"", ""text"": ""$$\\sqrt { 1 5 } = \\sqrt { x ^ { 2 } + 4 x + 3 3 }$$""}, {""bbox"": [656, 845, 1303, 1006], ""type"": ""formula"", ""text"": ""AD = \\text{斜}BO""}, {""bbox"": [1469, 854, 3155, 1015], ""type"": ""formula"", ""text"": ""$$B O _ { \\text {最 } } = \\sqrt { x ^ { 2 } - 8 x + 1 6 + 8 + 4 } = \\sqrt { x ^ { 2 } - 8 x + 2 6 }$$""}, {""bbox"": [712, 1030, 969, 1170], ""type"": ""formula"", ""text"": ""0 - ?""}, {""bbox"": [1444, 1034, 2108, 1188], ""type"": ""handwritten"", ""text"": ""AO=BO""}, {""bbox"": [1409, 1221, 2652, 1373], ""type"": ""formula"", ""text"": ""$$\\sqrt { x ^ { 2 } + 4 x + 3 9 } = \\sqrt { 4 x ^ { 2 } - 8 x + 2 6 }$$""}, {""bbox"": [1374, 1415, 2853, 1614], ""type"": ""formula"", ""text"": ""$$x ^ { 2 } + 4 x + 3 3 = x ^ { 2 } + 4 8 x + 2 6$$""}, {""bbox"": [1374, 1566, 1954, 1764], ""type"": ""formula"", ""text"": ""12x = -2""}, {""bbox"": [515, 1731, 1163, 1993], ""type"": ""formula"", ""text"": ""O\\left(-\\frac{\\pi}{12},0,0\\right)""}, {""bbox"": [1397, 1748, 1874, 1947], ""type"": ""formula"", ""text"": ""$$x = - \\frac { 4 } { 1 2 }$$""}]"
683ff306-c9f9-407e-a540-ae4a72a3cd70.jpg,"[{""bbox"": [151, 342, 195, 367], ""type"": ""annotation"", ""text"": ""-3-""}, {""bbox"": [52, 345, 528, 418], ""type"": ""handwritten"", ""text"": ""-3-\nвід підходящого потоку інформації здійс-""}, {""bbox"": [0, 392, 43, 422], ""type"": ""annotation"", ""text"": ""5 24""}, {""bbox"": [55, 401, 343, 449], ""type"": ""handwritten"", ""text"": ""шаломы з нами народно.""}, {""bbox"": [0, 498, 50, 519], ""type"": ""handwritten"", ""text"": ""/но_think""}]"
6bb9e272-5066-4753-98fb-e81a817ce158.jpg,"[{""bbox"": [38, 7, 1613, 81], ""type"": ""handwritten"", ""text"": ""В Україні також є квартали, що налічується і спеціалізують соціально-""}, {""bbox"": [43, 72, 1633, 148], ""type"": ""handwritten"", ""text"": ""відповідальне ведення бізнесу. Наприклад, Мінекономіки та Мінсоцполі-""}, {""bbox"": [42, 142, 1632, 216], ""type"": ""handwritten"", ""text"": ""яких сприяють розвитку КСВ через програми і політику; Центр \""Розвиток""}, {""bbox"": [40, 206, 1645, 274], ""type"": ""handwritten"", ""text"": ""КСВ\"" проводять дискусії, семінари та зустрічі з КСВ; Спілка україн-""}, {""bbox"": [37, 266, 1609, 339], ""type"": ""handwritten"", ""text"": ""ських підприємств створює кодекси етики та сприяють бізнес-етиці.""}, {""bbox"": [93, 330, 1645, 406], ""type"": ""handwritten"", ""text"": ""Атже, такі організації стимулюють підприємства та бізнеси до еліт-""}, {""bbox"": [19, 392, 1656, 470], ""type"": ""handwritten"", ""text"": ""ного ведення діяльності, забезпечують підтримку та інструкцію впроваджен-""}, {""bbox"": [19, 454, 1609, 533], ""type"": ""handwritten"", ""text"": ""не КСВ; дослідити репутацію соціально-відповідальних компаній на""}, {""bbox"": [12, 517, 168, 584], ""type"": ""handwritten"", ""text"": ""ринку.""}, {""bbox"": [773, 569, 865, 630], ""type"": ""handwritten"", ""text"": ""6) a""}, {""bbox"": [119, 572, 506, 657], ""type"": ""handwritten"", ""text"": ""Завдание 3. 1) а1""}, {""bbox"": [768, 634, 873, 701], ""type"": ""handwritten"", ""text"": ""7) b""}, {""bbox"": [394, 644, 503, 711], ""type"": ""handwritten"", ""text"": ""2) d""}, {""bbox"": [768, 705, 873, 770], ""type"": ""handwritten"", ""text"": ""8) b""}, {""bbox"": [394, 724, 502, 789], ""type"": ""handwritten"", ""text"": ""3) e""}, {""bbox"": [759, 789, 864, 859], ""type"": ""handwritten"", ""text"": ""9)c""}, {""bbox"": [393, 806, 493, 865], ""type"": ""handwritten"", ""text"": ""4) a""}, {""bbox"": [751, 871, 864, 935], ""type"": ""handwritten"", ""text"": ""10) b""}, {""bbox"": [995, 875, 1098, 946], ""type"": ""annotation"", ""text"": ""30""}, {""bbox"": [387, 883, 493, 947], ""type"": ""handwritten"", ""text"": ""5) b""}, {""bbox"": [59, 984, 326, 1063], ""type"": ""handwritten"", ""text"": ""Завдання 4.""}, {""bbox"": [178, 1037, 1655, 1110], ""type"": ""handwritten"", ""text"": ""Сапіальна відповідальність бізнесу - це добровільна діяльність компа-""}, {""bbox"": [39, 1098, 1621, 1173], ""type"": ""handwritten"", ""text"": ""рії, спрямована на корись суспільства, докіння та грамотників, разом із""}, {""bbox"": [43, 1156, 558, 1229], ""type"": ""handwritten"", ""text"": ""отриманням прибутку.""}, {""bbox"": [182, 1211, 1601, 1292], ""type"": ""handwritten"", ""text"": ""Соціальна або перінансова звітність - це звітність підприємства про""}, {""bbox"": [46, 1279, 1625, 1360], ""type"": ""handwritten"", ""text"": ""його вшив на суспільство, дівчина, умови країн, який доповнює діяльність""}, {""bbox"": [55, 1353, 299, 1408], ""type"": ""handwritten"", ""text"": ""показники.""}, {""bbox"": [170, 1401, 1638, 1478], ""type"": ""handwritten"", ""text"": ""Стратегія корпоративної соціальної відповідальності - це довгостроковий""}, {""bbox"": [55, 1471, 1605, 1544], ""type"": ""handwritten"", ""text"": ""міон дій компанії, спрямований на врахування інтересів суспільства,""}, {""bbox"": [47, 1532, 1133, 1608], ""type"": ""handwritten"", ""text"": ""працівників, довгімля у процесі ведення бізнесу.""}, {""bbox"": [164, 1604, 1623, 1679], ""type"": ""handwritten"", ""text"": ""Суб'єкти компанії - це всі особи, групи або організації, які""}, {""bbox"": [58, 1669, 1596, 1737], ""type"": ""handwritten"", ""text"": ""впливають на діяльність компанії або залежать від неї (інвестори,""}, {""bbox"": [59, 1729, 768, 1799], ""type"": ""handwritten"", ""text"": ""кістяк, краївники, дерисова,""}, {""bbox"": [1136, 1749, 1249, 1831], ""type"": ""annotation"", ""text"": ""20""}, {""bbox"": [1047, 2004, 1328, 2094], ""type"": ""annotation"", ""text"": ""16.06.2025""}, {""bbox"": [1045, 2006, 1323, 2079], ""type"": ""annotation"", ""text"": ""16.06.2025""}]"
6c0e528e-f37f-4a88-932d-d36d870582c5.jpg,"[{""bbox"": [151, 76, 1033, 236], ""type"": ""handwritten"", ""text"": ""09.11.22 Радиоактивен""}, {""bbox"": [986, 353, 1360, 499], ""type"": ""handwritten"", ""text"": ""Thiên gian""}, {""bbox"": [197, 514, 2787, 728], ""type"": ""handwritten"", ""text"": ""Вкажи мені про світ зім. Той, що написав твої перші хитки""}, {""bbox"": [195, 689, 2556, 877], ""type"": ""handwritten"", ""text"": ""фоки і берете щорічні зарубки таєу, балменкі рухао""}, {""bbox"": [191, 902, 955, 1047], ""type"": ""handwritten"", ""text"": ""слагер' на огнірці.""}, {""bbox"": [312, 1039, 2772, 1216], ""type"": ""handwritten"", ""text"": ""Родители про юго запах, теплый солнечный дух киевлян""}, {""bbox"": [138, 1205, 2775, 1369], ""type"": ""handwritten"", ""text"": ""получа, набитая манжета кресла, небольшую скулу и тифлис""}, {""bbox"": [152, 1391, 2799, 1570], ""type"": ""handwritten"", ""text"": ""перфузикою. Але моче мовними - багатої пахощі фарби, лаку,""}, {""bbox"": [128, 1558, 2882, 1767], ""type"": ""handwritten"", ""text"": ""індивідом, як не зовсім, але не пів піто, мріється що власний дім.""}, {""bbox"": [264, 1748, 2772, 1936], ""type"": ""handwritten"", ""text"": ""Вдячні, що його сердина і шерехи, тіні й уламки світла""}, {""bbox"": [109, 1921, 2643, 2126], ""type"": ""handwritten"", ""text"": ""кінчати, безпурбовинний сміх або надгрішний посох, вві""}, {""bbox"": [128, 2295, 1224, 2466], ""type"": ""handwritten"", ""text"": ""ніговіне буде, але раптиме.""}, {""bbox"": [245, 2443, 2855, 2662], ""type"": ""handwritten"", ""text"": ""наступлений, нафрановавшейся, вдравленными навхрест шидкачи,""}, {""bbox"": [144, 2606, 2797, 2830], ""type"": ""handwritten"", ""text"": ""твій дім, була вже під час великої біди, тепер здійсни""}, {""bbox"": [137, 2765, 2832, 2967], ""type"": ""handwritten"", ""text"": ""намагається бути дорогою, весь у його шуршаннях у нітках""}, {""bbox"": [136, 2943, 2687, 3175], ""type"": ""handwritten"", ""text"": ""найшвидшому шляху часто квапляться від багатьох місць""}, {""bbox"": [133, 3184, 790, 3343], ""type"": ""handwritten"", ""text"": ""і замовні жіні.""}, {""bbox"": [266, 3302, 2766, 3486], ""type"": ""handwritten"", ""text"": ""А деякі їм дaben уміститися до родини вані. веінн""}, {""bbox"": [148, 3455, 2438, 3635], ""type"": ""handwritten"", ""text"": ""тепер, мовірніші, маємо увід впливу переселень.""}, {""bbox"": [279, 3582, 2789, 3776], ""type"": ""handwritten"", ""text"": ""та головне - це місце експлі і пам'яті роду. З нього черпи""}, {""bbox"": [191, 3718, 2864, 3903], ""type"": ""handwritten"", ""text"": ""силу вогі підземних, перемінні торчали темних чайів; війнам,""}, {""bbox"": [190, 3826, 2791, 4000], ""type"": ""handwritten"", ""text"": ""силу вогні попередніми, перекладені нервовими репресіями, допоміжною з двословою лірою. Їх ламали,""}]"
722f3510-1231-5e82-8803-a5bd9658337f.jpg,"[{""bbox"": [298, 275, 1750, 462], ""type"": ""handwritten"", ""text"": ""Емігра спільпота - Спільпота""}, {""bbox"": [303, 422, 1761, 566], ""type"": ""handwritten"", ""text"": ""з єдиною мовою і симові-""}, {""bbox"": [341, 527, 844, 641], ""type"": ""handwritten"", ""text"": ""домістро""}, {""bbox"": [711, 620, 1556, 782], ""type"": ""handwritten"", ""text"": ""Завдання 1 (ст 252)""}, {""bbox"": [274, 713, 1618, 907], ""type"": ""handwritten"", ""text"": ""Наліж - складається із""}, {""bbox"": [278, 875, 1698, 1020], ""type"": ""handwritten"", ""text"": ""дерільних етносів, зведених""}, {""bbox"": [280, 1004, 1724, 1145], ""type"": ""handwritten"", ""text"": ""з одним історичного далаю""}, {""bbox"": [288, 1143, 1707, 1318], ""type"": ""handwritten"", ""text"": ""Етнос - це стійка субкультура""}, {""bbox"": [236, 1286, 1801, 1425], ""type"": ""handwritten"", ""text"": ""модел, яка історично склалася""}, {""bbox"": [233, 1402, 1531, 1552], ""type"": ""handwritten"", ""text"": ""на первых территориях.""}, {""bbox"": [647, 1524, 1112, 1651], ""type"": ""handwritten"", ""text"": ""завдання 2""}, {""bbox"": [260, 1616, 1778, 1789], ""type"": ""handwritten"", ""text"": ""Книгі існують та́кі мови сім'ї""}, {""bbox"": [271, 1772, 1160, 1911], ""type"": ""handwritten"", ""text"": ""індосьвопеліська""}, {""bbox"": [258, 1891, 1280, 2025], ""type"": ""handwritten"", ""text"": ""сипо - тибетская""}, {""bbox"": [262, 2045, 1032, 2176], ""type"": ""handwritten"", ""text"": ""афрозілісока""}, {""bbox"": [283, 2173, 886, 2276], ""type"": ""handwritten"", ""text"": ""алтайська""}, {""bbox"": [265, 2277, 1559, 2440], ""type"": ""handwritten"", ""text"": ""Українці належать до""}, {""bbox"": [253, 2412, 1726, 2555], ""type"": ""handwritten"", ""text"": ""індоєвропейської мовної""}, {""bbox"": [253, 2556, 744, 2693], ""type"": ""handwritten"", ""text"": ""родители.""}]"
728d28d0-1c0a-53eb-8cd1-5d2123cf0a90.jpg,"[{""bbox"": [46, 250, 113, 285], ""type"": ""handwritten"", ""text"": ""8) a:""}, {""bbox"": [45, 292, 112, 327], ""type"": ""handwritten"", ""text"": ""2) 2';""}, {""bbox"": [46, 331, 112, 370], ""type"": ""handwritten"", ""text"": ""3)8;""}, {""bbox"": [46, 365, 492, 420], ""type"": ""handwritten"", ""text"": ""4) 1-a; 2-b; 3-c; 4-d;""}, {""bbox"": [49, 420, 184, 455], ""type"": ""handwritten"", ""text"": ""5) Дано:""}, {""bbox"": [50, 457, 345, 503], ""type"": ""handwritten"", ""text"": ""Δ ABC - правильний""}, {""bbox"": [50, 505, 403, 544], ""type"": ""formula"", ""text"": ""$A B = B C = A C = 2 \\sqrt { 3 } c m$""}, {""bbox"": [50, 556, 245, 587], ""type"": ""formula"", ""text"": ""$M H = \\sqrt { 6 7 } c m$""}, {""bbox"": [59, 595, 344, 631], ""type"": ""handwritten"", ""text"": ""Знайти: MD-?""}, {""bbox"": [38, 643, 245, 690], ""type"": ""handwritten"", ""text"": ""Розв'язання:""}, {""bbox"": [45, 685, 669, 728], ""type"": ""formula"", ""text"": ""$$M O ^ { 2 } = M H ^ { 2 } + O H ^ { 2 } \\Rightarrow M O = \\sqrt { M H ^ { 2 } + O H ^ { 2 } }$$""}, {""bbox"": [45, 686, 468, 728], ""type"": ""formula"", ""text"": ""$$M Q ^ { 2 } = M H ^ { 2 } + Q H ^ { 2 } \\Rightarrow M D =$$""}, {""bbox"": [44, 734, 676, 787], ""type"": ""formula"", ""text"": ""$O H = r ; \\quad r = \\frac { \\sqrt { 3 } } { 6 } a , \\quad \\text { где } a - \\text { сторона }$""}, {""bbox"": [46, 778, 543, 823], ""type"": ""handwritten"", ""text"": ""ON=α=√3/6,2√3=1,noge""}, {""bbox"": [48, 823, 607, 874], ""type"": ""formula"", ""text"": ""$$M O = \\sqrt { ( \\sqrt { 6 } ) ^ { 2 } + 1 ^ { 2 } } = \\sqrt { 6 + 1 } = \\sqrt { 7 } c m$$""}, {""bbox"": [34, 892, 65, 929], ""type"": ""handwritten"", ""text"": ""e)""}, {""bbox"": [47, 931, 172, 969], ""type"": ""handwritten"", ""text"": ""Дано:""}, {""bbox"": [26, 990, 247, 1028], ""type"": ""formula"", ""text"": ""$AK=4\\sqrt{21}cm$""}, {""bbox"": [25, 1037, 369, 1080], ""type"": ""formula"", ""text"": ""\\angle ABC = \\angle ACB = 45^\\circ""}, {""bbox"": [19, 1096, 227, 1136], ""type"": ""formula"", ""text"": ""\\angle BAC=60^{\\circ}""}, {""bbox"": [17, 1138, 319, 1190], ""type"": ""handwritten"", ""text"": ""Знайти: ВС - ?""}]"
732aa69b-d029-41ff-9cc5-3b01080f92cf.jpg,"[{""bbox"": [144, 115, 236, 139], ""type"": ""handwritten"", ""text"": ""Диктант""}, {""bbox"": [99, 141, 374, 173], ""type"": ""handwritten"", ""text"": ""Великие имитковые еры""}, {""bbox"": [76, 172, 516, 205], ""type"": ""handwritten"", ""text"": ""Наприкінці минулого письмоволиття читачі""}, {""bbox"": [59, 200, 535, 236], ""type"": ""handwritten"", ""text"": ""стуробовицо зашитували: \""Невже електрони мосі""}, {""bbox"": [58, 231, 525, 266], ""type"": ""handwritten"", ""text"": ""внимания продавцу книгу? \""Але нали""}, {""bbox"": [57, 260, 533, 297], ""type"": ""handwritten"", ""text"": ""Отоан Вилин көшісінде „Тарфи Боттера 5“""}, {""bbox"": [59, 294, 556, 327], ""type"": ""handwritten"", ""text"": ""ії серія романів розписана столільниками""}, {""bbox"": [59, 323, 535, 357], ""type"": ""handwritten"", ""text"": ""наперовішні накладами, це питання впра""}, {""bbox"": [56, 358, 279, 385], ""type"": ""handwritten"", ""text"": ""мило своего построения""}, {""bbox"": [79, 381, 569, 416], ""type"": ""handwritten"", ""text"": ""Сьогодні більшість мешканців зрозуміло, що електронні""}, {""bbox"": [56, 412, 516, 443], ""type"": ""handwritten"", ""text"": ""ної, примітними пони що, не створюють""}, {""bbox"": [55, 442, 542, 473], ""type"": ""handwritten"", ""text"": ""кардинальной загрозе наперевес кишмяками.""}, {""bbox"": [54, 469, 554, 501], ""type"": ""handwritten"", ""text"": ""Проте з'явившися вони невимадково. Тадаю, це""}, {""bbox"": [55, 499, 553, 530], ""type"": ""handwritten"", ""text"": ""Бог так готує нас до далеких мандрівок. Це""}, {""bbox"": [53, 554, 542, 584], ""type"": ""handwritten"", ""text"": ""колись забрати з собою на інші планети""}, {""bbox"": [53, 582, 554, 611], ""type"": ""handwritten"", ""text"": ""свої улюблені книжки, музику, фотографії,""}, {""bbox"": [54, 608, 498, 639], ""type"": ""handwritten"", ""text"": ""картинки, Убо се знаки вдалось б ус""}, {""bbox"": [48, 634, 147, 670], ""type"": ""handwritten"", ""text"": ""зробити?""}, {""bbox"": [71, 666, 547, 699], ""type"": ""handwritten"", ""text"": ""Отот доки Тлок Маск ще тільки на пів""}, {""bbox"": [49, 696, 532, 729], ""type"": ""handwritten"", ""text"": ""дорозі до інших світів, паперова кмітлива в""}, {""bbox"": [48, 725, 560, 762], ""type"": ""handwritten"", ""text"": ""бернепр. Однак деякі науковці стверджують, що""}, {""bbox"": [49, 758, 498, 790], ""type"": ""handwritten"", ""text"": ""коли люди нарешті змогнуть зачарувати і""}, {""bbox"": [48, 785, 544, 820], ""type"": ""handwritten"", ""text"": ""народили в посмичних умовах мове життя.""}, {""bbox"": [48, 785, 545, 820], ""type"": ""handwritten"", ""text"": ""народили в посмичних умовах мове життя.""}, {""bbox"": [50, 817, 533, 851], ""type"": ""handwritten"", ""text"": ""то такие людские души буде схоже радие""}, {""bbox"": [48, 847, 514, 883], ""type"": ""handwritten"", ""text"": ""на знаменитий кінематографічний образ""}, {""bbox"": [48, 868, 559, 915], ""type"": ""handwritten"", ""text"": ""Енельманка з великою головою, очима як""}, {""bbox"": [48, 904, 450, 944], ""type"": ""handwritten"", ""text"": ""пів більше, слабшими міцзами,""}, {""bbox"": [48, 905, 449, 946], ""type"": ""handwritten"", ""text"": ""пів більше, слабшими м'язами,""}]"
733c1258-753a-5574-a8bd-1bed77aa09e4.jpg,"[{""bbox"": [336, 24, 2379, 280], ""type"": ""handwritten"", ""text"": ""2. Шакашоле - середній рід""}, {""bbox"": [506, 210, 2126, 453], ""type"": ""handwritten"", ""text"": ""Увасі - неімовірний рід""}, {""bbox"": [511, 431, 2170, 657], ""type"": ""handwritten"", ""text"": ""Тиранній - середній рід""}, {""bbox"": [547, 622, 1929, 836], ""type"": ""handwritten"", ""text"": ""Соте - середний ряд.""}, {""bbox"": [499, 799, 2178, 1050], ""type"": ""handwritten"", ""text"": ""Мацоні - середній рід""}, {""bbox"": [499, 812, 1860, 1011], ""type"": ""handwritten"", ""text"": ""Мацоні - середній""}, {""bbox"": [295, 976, 1213, 1169], ""type"": ""handwritten"", ""text"": ""3. 1) гемептика""}, {""bbox"": [524, 1191, 1460, 1355], ""type"": ""handwritten"", ""text"": ""2) переменный""}, {""bbox"": [568, 1352, 1088, 1532], ""type"": ""handwritten"", ""text"": ""3) пером""}, {""bbox"": [612, 1550, 1232, 1706], ""type"": ""handwritten"", ""text"": ""4) ченгелий""}, {""bbox"": [607, 1720, 1433, 1926], ""type"": ""handwritten"", ""text"": ""5) неутомим""}, {""bbox"": [264, 1906, 1724, 2136], ""type"": ""handwritten"", ""text"": ""1. Коридор - коридору""}, {""bbox"": [398, 2087, 1735, 2311], ""type"": ""handwritten"", ""text"": ""Квадрат - квадратама""}, {""bbox"": [408, 2266, 1448, 2443], ""type"": ""handwritten"", ""text"": ""Тема - перелом""}, {""bbox"": [422, 2430, 1243, 2650], ""type"": ""handwritten"", ""text"": ""Нісок - піску""}, {""bbox"": [442, 2619, 1593, 2834], ""type"": ""handwritten"", ""text"": ""Світле́зь - Світле́зню""}, {""bbox"": [462, 2818, 1813, 3024], ""type"": ""handwritten"", ""text"": ""корнозем - корнозему""}, {""bbox"": [408, 3005, 1307, 3139], ""type"": ""handwritten"", ""text"": ""кисе - кисма""}, {""bbox"": [391, 3136, 1335, 3349], ""type"": ""handwritten"", ""text"": ""Рубай - Рубано""}, {""bbox"": [380, 3303, 1564, 3518], ""type"": ""handwritten"", ""text"": ""Фомбас - Фомблеу""}, {""bbox"": [394, 3511, 1416, 3648], ""type"": ""handwritten"", ""text"": ""порок - попака""}, {""bbox"": [387, 3683, 1736, 3869], ""type"": ""handwritten"", ""text"": ""косинусо- косинуса""}]"
736e2ec6-97ae-4524-8c06-3a1165b7e00b.jpg,"[{""bbox"": [37, 0, 1404, 97], ""type"": ""formula"", ""text"": ""$$4 . \\mathrm { C a } \\mathrm { C l } _ { 2 } + 2 \\mathrm { A g N O } _ { 3 } \\rightarrow \\mathrm { C a } \\left( \\mathrm { N O } _ { 3 } \\right) _ { 2 } + 2 \\mathrm { A g } \\downarrow$$""}, {""bbox"": [36, 81, 903, 183], ""type"": ""formula"", ""text"": ""$5.\\ Ca(NO_{3})_{2}\\xrightarrow{\\Delta}Ca(NO_{2})_{2}$""}, {""bbox"": [22, 211, 1620, 310], ""type"": ""handwritten"", ""text"": ""4. Здійснити перетворення: етилен -> етанол -> оцтове""}, {""bbox"": [19, 294, 1608, 412], ""type"": ""handwritten"", ""text"": ""ричота -> хирілний оцени -> ангідрид сутввої;""}, {""bbox"": [9, 359, 284, 435], ""type"": ""handwritten"", ""text"": ""пимоне.""}, {""bbox"": [38, 444, 670, 531], ""type"": ""handwritten"", ""text"": ""1) вини - станом.""}, {""bbox"": [1349, 464, 1507, 592], ""type"": ""annotation"", ""text"": ""±265.""}, {""bbox"": [105, 535, 892, 629], ""type"": ""formula"", ""text"": ""$$C _ { 2 } H _ { 4 } + H _ { 2 } O \\rightarrow C _ { 2 } H _ { 5 } - O H$$""}, {""bbox"": [1073, 588, 1419, 803], ""type"": ""annotation"", ""text"": ""смз-с-о, он\nструктури\nфти!""}, {""bbox"": [36, 617, 881, 704], ""type"": ""handwritten"", ""text"": ""2) Станов -> огулове пилото.""}, {""bbox"": [74, 688, 1046, 771], ""type"": ""formula"", ""text"": ""$$C _ { 2 } H _ { 5 } O H + O _ { 2 } \\rightarrow C H _ { 3 } C O O H + H _ { 2 } O$$""}, {""bbox"": [30, 769, 1186, 868], ""type"": ""handwritten"", ""text"": ""3) Аутова пилота - хворийний азетел""}, {""bbox"": [85, 855, 1351, 932], ""type"": ""formula"", ""text"": ""CH_{3}COOH + PCl_{5} \\rightarrow CH_{3}COCl + POCl_{3} + HCl""}, {""bbox"": [803, 921, 1024, 963], ""type"": ""handwritten"", ""text"": ""анаграмм""}, {""bbox"": [33, 922, 1453, 1038], ""type"": ""handwritten"", ""text"": ""ч) Амортизійний азотом → андрігід оцтової кислоти""}, {""bbox"": [38, 1019, 1511, 1108], ""type"": ""formula"", ""text"": ""2CH_{3}COOH + Na_{2}CO_{3} \\rightarrow (CH_{3}COO)_{2}Na + 2NaCl + CO_{2}""}, {""bbox"": [38, 1101, 1647, 1195], ""type"": ""handwritten"", ""text"": ""5. Напишіть структури форми лікарської пливи""}, {""bbox"": [1117, 1160, 1345, 1376], ""type"": ""annotation"", ""text"": ""-сіоло""}, {""bbox"": [916, 1165, 1336, 1360], ""type"": ""annotation"", ""text"": ""εμιζ-αν - σι-αν;""}, {""bbox"": [26, 1201, 866, 1303], ""type"": ""handwritten"", ""text"": ""на 2,4,6-трибромфенолу.""}, {""bbox"": [1391, 1242, 1557, 1393], ""type"": ""annotation"", ""text"": ""±186.""}, {""bbox"": [97, 1306, 651, 1378], ""type"": ""handwritten"", ""text"": ""Молочко кефирное""}, {""bbox"": [863, 1368, 1385, 1668], ""type"": ""annotation"", ""text"": ""β2\nβ2\nβ2\nструктура 90-ми?""}, {""bbox"": [123, 1373, 855, 1459], ""type"": ""formula"", ""text"": ""CH_{3}-CH(OH)-COOH.""}, {""bbox"": [119, 1462, 856, 1548], ""type"": ""handwritten"", ""text"": ""2,4,6-трибромфенол""}, {""bbox"": [153, 1552, 743, 1645], ""type"": ""handwritten"", ""text"": ""C6H2Br3OH""}, {""bbox"": [37, 1634, 1579, 1827], ""type"": ""handwritten"", ""text"": ""(идробыльное трупе в положении 1, атомы Br - у положения 2, 4, 6).""}, {""bbox"": [46, 1732, 657, 1830], ""type"": ""handwritten"", ""text"": ""положения 2, 4, 6.""}]"
748081fc-fc3c-4fe5-ba1e-07777007a2b4.jpg,"[{""bbox"": [7, 53, 1520, 230], ""type"": ""formula"", ""text"": ""$$4 . \\frac { C M A } { E _ { \\pi } } : \\frac { \\pi _ { 2 } - \\pi _ { 1 } } { \\pi _ { 1 } } : \\frac { y _ { 2 } - y _ { 1 } } { y _ { 1 } } = \\frac { 2 0 4 5 6 - 1 9 3 5 8 } { 1 9 3 5 8 } : \\frac { 6 9 , 5 1 - 5 3 , 1 3 } { 5 3 , 1 3 } = 0 , 0 2 5 : 0 ,$$""}, {""bbox"": [17, 55, 1516, 310], ""type"": ""handwritten"", ""text"": ""1. СМТ: Е_4 = (π_2 - π_4) : (π_2 - π_1) : (y_2 - y_1) = (20456 - 19358) : 19358 : (69,51 - 53,13) : 53,13 = 0,025 : 0, = 0,08333. — Надо додати, отже залежність між умови розрахунки права (сміт більшого права, тоді більше розрахунки) СМТ, як на 1,5% копіюю, щоб була:""}, {""bbox"": [29, 60, 1527, 312], ""type"": ""handwritten"", ""text"": ""СМТ: Е4 = П2 - П1 : У2 - У1 = 20456 - 19958 : 69,51 - 53,13 = 0,025 : 0, = 0,08333. — видало додатне, отже залежність між умови і рентабельністю права (чи більше уча, тим більше рентабельність) СМТ від 15% розподілу чобітка була:""}, {""bbox"": [92, 146, 1371, 345], ""type"": ""handwritten"", ""text"": ""0,08333. — чи́сло доданків, отже залежність між умовами попередніми (в умовах, тим більше""}, {""bbox"": [96, 334, 755, 468], ""type"": ""formula"", ""text"": ""$0,083 = 0,015: \\frac{69,51}{u_{2}} = 69,51$""}, {""bbox"": [91, 427, 703, 543], ""type"": ""formula"", ""text"": ""$$0 , 0 1 5 : 0 , 0 8 3 = \\frac { y _ { 2 } - 6 9 , 5 0 } { 6 9 , 5 9 }$$""}, {""bbox"": [145, 537, 570, 637], ""type"": ""formula"", ""text"": ""$$0 , 1 8 = \\frac { y _ { 2 } } { 6 9 , 5 1 } - 1$$""}, {""bbox"": [144, 638, 450, 736], ""type"": ""formula"", ""text"": ""$$1 , 1 8 = \\frac { 4 , 2 } { 6 9 , 5 1 }$$""}, {""bbox"": [140, 683, 1166, 831], ""type"": ""handwritten"", ""text"": ""1,18 = 69,51\nУ2 = 1,18 · 69,51 = 82,02 дам. Шт. за барель""}, {""bbox"": [50, 845, 242, 923], ""type"": ""handwritten"", ""text"": ""Жирный:""}, {""bbox"": [35, 853, 1566, 1020], ""type"": ""formula"", ""text"": ""$$E _ { \\frac { y } { x } } = \\frac { 1 3 5 2 5 - 1 2 8 4 0 } { 1 2 8 4 0 } : \\frac { 6 5 , 2 - 5 0 , 7 9 } { 5 0 , 7 9 } = 0 , 0 5 : 0 , 2 8 = 0 , 1 8 - п р и л а з а л я с т ь$$""}, {""bbox"": [53, 996, 1262, 1140], ""type"": ""handwritten"", ""text"": ""Чоб потім у Китаї зріс на 1,6%, потрібно щоб віна була:""}, {""bbox"": [66, 1110, 625, 1231], ""type"": ""formula"", ""text"": ""$$0 , 1 8 = 0 , 0 1 6 : \\frac { y _ { 2 } - 6 5 , 2 } { 6 5 , 2 }$$""}, {""bbox"": [64, 1199, 535, 1306], ""type"": ""formula"", ""text"": ""$$0 , 0 1 6 : 0 , 1 8 = \\frac { 4 2 } { 6 5 , 2 } - 1$$""}, {""bbox"": [55, 1292, 476, 1398], ""type"": ""formula"", ""text"": ""$$0 , 0 8 9 + 1 = \\frac { 4 2 } { 6 5 , 2 }$$""}, {""bbox"": [54, 1359, 1025, 1567], ""type"": ""formula"", ""text"": ""$$1 , 0 8 9 = \\frac { y _ { 2 } } { 6 5 , 2 }$$\n$$y _ { 2 } = 1 , 0 8 9 \\cdot 6 5 , 2 = 7 1 , 0 0 \\text { gal. } \\mathrm { C H A } \\text { за барель }$$""}, {""bbox"": [58, 1543, 235, 1619], ""type"": ""handwritten"", ""text"": ""Апопия:""}, {""bbox"": [73, 1708, 1276, 1839], ""type"": ""handwritten"", ""text"": ""щоб понизит у Японії зріс на 1,4%, потрібно щоб ціна зросла:""}, {""bbox"": [78, 1795, 640, 1930], ""type"": ""formula"", ""text"": ""$$- 0 , 1 = 0 , 0 1 7 : \\frac { y _ { 2 } - y _ { 1 } , 3 1 } { x _ { 2 } - x _ { 1 } , 3 1 }$$""}, {""bbox"": [55, 1897, 514, 2007], ""type"": ""formula"", ""text"": ""$$\\therefore ( - 0 , t ) = \\frac { 4 2 - 4 1 , 3 1 } { 4 1 , 3 1 }$$""}, {""bbox"": [78, 1986, 510, 2086], ""type"": ""formula"", ""text"": ""$$- 0 , 1 4 = \\frac { 4 2 - 4 1 , 3 7 } { 4 1 , 3 1 }$$""}, {""bbox"": [78, 2074, 472, 2166], ""type"": ""formula"", ""text"": ""$$- 0 , 1 4 = \\frac { 4 2 } { 4 1 , 3 1 } - 1$$""}, {""bbox"": [1439, 2160, 1536, 2272], ""type"": ""handwritten"", ""text"": ""r""}, {""bbox"": [40, 2163, 420, 2252], ""type"": ""formula"", ""text"": ""$$- 0 , 1 4 + 1 = \\frac { 4 2 } { 4 1 , 3 1 }$$""}, {""bbox"": [105, 2246, 395, 2333], ""type"": ""formula"", ""text"": ""$$0 , 8 3 = \\frac { y 2 } { 4 1 , 3 1 }$$""}]"
75d41fe1-2946-4e13-b966-f44cbc7818fc.jpg,"[{""bbox"": [1, 118, 689, 641], ""type"": ""table"", ""text"": ""Диаметр чист. х|Кільк. чиc. (г)|х-г\n1,6|20|32\n2,0|18|36\n1,8|10|18\nΣ|48|86""}, {""bbox"": [47, 644, 589, 754], ""type"": ""formula"", ""text"": ""$$\\overline { x } = \\frac { 8 6 } { 4 8 } = 5 7 9 m$$""}, {""bbox"": [16, 864, 209, 933], ""type"": ""handwritten"", ""text"": ""r 5.13""}, {""bbox"": [25, 918, 1680, 1345], ""type"": ""table"", ""text"": ""| | Назва банку | Умови акції (xi) | Кільк. акц. (fi) | xi·fi | (xi-x) |\n|---|---|---|---|---|---|\n| 2 | Акціонерне | 0,6 | 10802 | 6481,2 | 554,1 |\n| 3 | Авангард | 0,43 | 4009 | 3010 | 30,49 |\n| 6 | Райчівний | 0,24 | 24150 | 5796 | 371,3 |\n| Σ | Σxi·fi |  | 41959 | 152892 | 995, |""}, {""bbox"": [27, 1275, 388, 1425], ""type"": ""formula"", ""text"": ""$$\\frac { 2 } { x } = \\frac { 2 x i \\cdot \\delta i } { 2 f i }$$""}, {""bbox"": [36, 1596, 672, 1732], ""type"": ""formula"", ""text"": ""$$= \\frac { 1 5 2 8 7 , 2 } { 4 1 9 5 2 } = 0 , 3 6 4$$""}, {""bbox"": [34, 1722, 820, 1889], ""type"": ""formula"", ""text"": ""$$\\sigma ^ { 2 } = \\frac { \\sum ( x _ { i } - \\overline { x } ) ^ { 2 } f _ { i } } { \\sum f _ { i } }$$""}, {""bbox"": [50, 1886, 1610, 1988], ""type"": ""printed"", ""text"": "") (0,6 - 0,364)². 10802 = 0,055·10802 = 593,11""}, {""bbox"": [50, 1886, 1610, 1988], ""type"": ""handwritten"", ""text"": "") (0,6 - 0,364)². 10802 = 0,055·10802 = 593,11""}, {""bbox"": [40, 2209, 525, 2303], ""type"": ""formula"", ""text"": ""z = 995,9324""}, {""bbox"": [46, 2297, 800, 2443], ""type"": ""formula"", ""text"": ""$$\\sigma ^ { 2 } = \\frac { 9 9 5 , 9 3 2 4 } { 4 1 9 5 2 } = 3 , 0 2 3 7$$""}, {""bbox"": [39, 2457, 219, 2536], ""type"": ""handwritten"", ""text"": ""№6.13""}, {""bbox"": [43, 2552, 847, 2657], ""type"": ""formula"", ""text"": ""$$\\overline { { d } } = \\frac { 9 6 0 4 - 5 0 5 2 } { 2 } = 4 5 5 2$$""}, {""bbox"": [28, 2669, 1497, 2778], ""type"": ""formula"", ""text"": ""$$\\widehat { T } _ { n p . } = ( \\frac { 4 3 1 } { 4 1 0 } - 1 ) \\cdot 1 0 0 9 0 = ( \\frac { 9 6 0 4 } { 4 1 0 0 } - 1 ) \\cdot 1 0 0 9 0 = 9 0 , 1 9 0$$""}]"
75e7ac0c-01e1-4392-b287-5e05e0b2c5bb.jpg,"[{""bbox"": [20, 1, 1650, 84], ""type"": ""handwritten"", ""text"": ""1. В якому періоді, групі й підгрупі знаходиться хім. елемент, електронна""}, {""bbox"": [19, 60, 1040, 153], ""type"": ""handwritten"", ""text"": ""формули яких мають такі закінчення:""}, {""bbox"": [21, 135, 864, 244], ""type"": ""handwritten"", ""text"": ""а) Неоп; (20) б) Алюміній; (26).""}, {""bbox"": [15, 233, 1520, 330], ""type"": ""handwritten"", ""text"": ""2.2,8г. калію помістили в копбу з 120 г. води. Визнач мас. частку""}, {""bbox"": [23, 315, 922, 424], ""type"": ""handwritten"", ""text"": ""розчиненої речовини в розчині; mрв = 100г m = 2,8""}, {""bbox"": [876, 393, 1267, 583], ""type"": ""annotation"", ""text"": "",8+120=122,8\nω = 8,8\n122,8·100%""}, {""bbox"": [29, 430, 191, 496], ""type"": ""handwritten"", ""text"": ""-Дано:""}, {""bbox"": [35, 657, 202, 722], ""type"": ""handwritten"", ""text"": ""и - ?.""}, {""bbox"": [21, 760, 812, 848], ""type"": ""handwritten"", ""text"": ""3. Здійсн. перетворення за схемою:""}, {""bbox"": [57, 833, 997, 960], ""type"": ""formula"", ""text"": ""$S \\rightarrow SO_{2} \\rightarrow SO_{3} \\rightarrow Na_{2}SO_{4} \\rightarrow BaSO_{4}$""}, {""bbox"": [829, 906, 1261, 1260], ""type"": ""annotation"", ""text"": ""тип реакции?\nновые реакции?""}, {""bbox"": [1337, 994, 1526, 1162], ""type"": ""annotation"", ""text"": ""+105.""}, {""bbox"": [20, 1044, 424, 1135], ""type"": ""formula"", ""text"": ""$$) S + O _ { 2 } \\rightarrow S O _ { 2 } ;$$""}, {""bbox"": [54, 1130, 499, 1213], ""type"": ""formula"", ""text"": ""$SO_{2} + O \\rightarrow SO_{3};$""}, {""bbox"": [50, 1209, 687, 1301], ""type"": ""formula"", ""text"": ""$$S O _ { 3 } + N a _ { 2 } O \\rightarrow N a _ { 2 } S O _ { 4 } ;$$""}, {""bbox"": [49, 1298, 684, 1390], ""type"": ""formula"", ""text"": ""$$\\mathrm { N a _ { 2 } S O _ { 4 } + B a \\rightarrow B a S O _ { 4 } . }$$""}, {""bbox"": [48, 1407, 560, 1497], ""type"": ""formula"", ""text"": ""$$S + A l _ { 2 } S _ { 2 } \\rightarrow A l _ { 2 } S _ { 3 }$$""}, {""bbox"": [26, 1426, 1588, 1619], ""type"": ""handwritten"", ""text"": ""S + Al₂S₃.\n4. Здійсн. пер. етилпілдіетилен → метилметон → 2 бутанол - вторбутиловий естер""}, {""bbox"": [859, 1582, 943, 1681], ""type"": ""annotation"", ""text"": ""!""}, {""bbox"": [47, 1591, 382, 1656], ""type"": ""handwritten"", ""text"": ""очтової кислоти""}, {""bbox"": [35, 2033, 1618, 2114], ""type"": ""handwritten"", ""text"": ""5. Нап. структурні формули 2,3-диметил-4-етилгексану та усамісляного альдегіду;""}, {""bbox"": [48, 2237, 337, 2319], ""type"": ""handwritten"", ""text"": ""Виберте! : (""}]"
767e5b52-5a16-42b7-ac64-d385d4660ef2.jpg,"[{""bbox"": [127, 214, 462, 249], ""type"": ""handwritten"", ""text"": ""Виклики книжкової ери""}, {""bbox"": [99, 242, 521, 279], ""type"": ""handwritten"", ""text"": ""наприкінці минулого тижня""}, {""bbox"": [67, 270, 557, 329], ""type"": ""handwritten"", ""text"": ""читали сіур. боваво ваністували: \""Невіс висвітряли ней винагісень тро дізну""}, {""bbox"": [59, 295, 561, 354], ""type"": ""handwritten"", ""text"": ""електронні нейр вимірювальний традиційну книжку?\"". Але коли Джоан Роллінг""}, {""bbox"": [72, 328, 555, 381], ""type"": ""handwritten"", ""text"": ""книжку?\"". Вибір книги Джовані Роланді написав \""Тарів Болітера \""і\"" \"" серія""}, {""bbox"": [78, 399, 552, 451], ""type"": ""handwritten"", ""text"": ""написовими накладалася, чи питання виникало своє господарю.""}, {""bbox"": [79, 422, 450, 458], ""type"": ""handwritten"", ""text"": ""выражало свою позицию.""}, {""bbox"": [98, 440, 548, 482], ""type"": ""handwritten"", ""text"": ""свогодні більшісіні зрозумілимо,""}, {""bbox"": [76, 458, 514, 508], ""type"": ""handwritten"", ""text"": ""Сьогодні вільно-мисліні зрозуміли\nпрекрасні поезії, приналежні""}, {""bbox"": [73, 472, 505, 507], ""type"": ""handwritten"", ""text"": ""що монографічні \""повії\"", принаймніс""}, {""bbox"": [73, 528, 530, 560], ""type"": ""handwritten"", ""text"": ""загрози паніровими книгами.""}, {""bbox"": [78, 553, 571, 587], ""type"": ""handwritten"", ""text"": ""Бронзов з'явився вони не випадко.""}, {""bbox"": [79, 581, 565, 614], ""type"": ""handwritten"", ""text"": ""во. Гадало, ще Бог так глибув ніде""}, {""bbox"": [82, 609, 576, 641], ""type"": ""handwritten"", ""text"": ""до далеких планетрівок, ще він""}, {""bbox"": [83, 636, 526, 667], ""type"": ""handwritten"", ""text"": ""структуру наліку партсейла, щоб олім""}, {""bbox"": [84, 637, 521, 666], ""type"": ""handwritten"", ""text"": ""трусикув нами партсейл, щоб олім""}, {""bbox"": [84, 662, 572, 693], ""type"": ""handwritten"", ""text"": ""злигли помись зале́грали з собою""}, {""bbox"": [83, 688, 552, 719], ""type"": ""handwritten"", ""text"": ""на інші: плахей свій\"" змовблені""}, {""bbox"": [84, 716, 518, 745], ""type"": ""handwritten"", ""text"": ""книгами, музику, фотографії\"";""}, {""bbox"": [84, 743, 568, 774], ""type"": ""handwritten"", ""text"": ""картинки, бо юх інакше вдалося""}, {""bbox"": [87, 771, 302, 799], ""type"": ""handwritten"", ""text"": ""Я це зробиш.""}, {""bbox"": [87, 771, 303, 799], ""type"": ""handwritten"", ""text"": ""Я це зробили.""}, {""bbox"": [127, 797, 577, 827], ""type"": ""handwritten"", ""text"": ""відтоді, роки Ліон Маск ще пільни""}, {""bbox"": [93, 825, 553, 856], ""type"": ""handwritten"", ""text"": ""на південної урінніх світів,""}, {""bbox"": [95, 880, 569, 912], ""type"": ""handwritten"", ""text"": ""Орнам, деякі науковці стверджують""}, {""bbox"": [95, 910, 560, 939], ""type"": ""handwritten"", ""text"": ""що ком, слоги, паремії, змінність""}, {""bbox"": [94, 936, 576, 966], ""type"": ""handwritten"", ""text"": ""загальне по каротрійни в посвітних""}, {""bbox"": [89, 964, 539, 995], ""type"": ""handwritten"", ""text"": ""умовах нове пелінін, що таке""}, {""bbox"": [90, 991, 562, 1024], ""type"": ""handwritten"", ""text"": ""морське річко Буре срочое, радше,""}, {""bbox"": [86, 1019, 528, 1053], ""type"": ""handwritten"", ""text"": ""на знайомих підематографа фізіології""}, {""bbox"": [85, 1046, 577, 1086], ""type"": ""handwritten"", ""text"": ""образ английйка - з великою головою""}]"
78b70718-bf5a-4461-b675-3df99398db95.jpg,"[{""bbox"": [309, 46, 2657, 255], ""type"": ""handwritten"", ""text"": ""чобов до сів і допіру, і петотко. ч""}, {""bbox"": [306, 208, 859, 338], ""type"": ""handwritten"", ""text"": ""и шеяки\"".""}, {""bbox"": [486, 364, 2547, 519], ""type"": ""handwritten"", ""text"": ""Треба цілуватися коли випадає""}, {""bbox"": [334, 506, 2588, 655], ""type"": ""handwritten"", ""text"": ""налога і кажати те, що во. дієві.""}, {""bbox"": [315, 645, 2735, 800], ""type"": ""handwritten"", ""text"": ""Деньгів часу на півтони. Матеріальні-""}, {""bbox"": [344, 790, 2486, 933], ""type"": ""handwritten"", ""text"": ""кроки, життя тікає крізь пальці.""}, {""bbox"": [372, 922, 2681, 1062], ""type"": ""handwritten"", ""text"": ""Справжнім виявився тільки те, що""}, {""bbox"": [335, 1064, 2701, 1213], ""type"": ""handwritten"", ""text"": ""что не морска, вкопетсяя руками: спо-""}, {""bbox"": [349, 1199, 1451, 1335], ""type"": ""handwritten"", ""text"": ""гади, синіх, любов.""}, {""bbox"": [473, 1326, 2614, 1467], ""type"": ""handwritten"", ""text"": ""Что треба пеежати коле шохется""}, {""bbox"": [335, 1459, 2471, 1592], ""type"": ""handwritten"", ""text"": ""За все те, що нікому в не мало з""}, {""bbox"": [339, 1601, 2466, 1735], ""type"": ""handwritten"", ""text"": ""нами статья. За те, что мы не""}, {""bbox"": [349, 1738, 2718, 1891], ""type"": ""handwritten"", ""text"": ""тільки знаємо, як пишеться і давеко-""}, {""bbox"": [339, 1870, 2689, 2014], ""type"": ""handwritten"", ""text"": ""білінсіз дрон\"" або \""бакеївтікса ракета\""""}, {""bbox"": [327, 2004, 2253, 2169], ""type"": ""handwritten"", ""text"": ""аєте і розрізняєте їх на сену.""}, {""bbox"": [655, 2156, 2639, 2294], ""type"": ""handwritten"", ""text"": ""росіяни хочуть, щоб це стали""}, {""bbox"": [339, 2279, 2511, 2431], ""type"": ""handwritten"", ""text"": ""сюжетами на них, снимки у вісім""}, {""bbox"": [321, 2420, 2735, 2571], ""type"": ""handwritten"", ""text"": ""гредоті. А вони будемо жити цікаво -""}, {""bbox"": [322, 2557, 2479, 2721], ""type"": ""handwritten"", ""text"": ""Відперес історії, і заради тих, хто""}, {""bbox"": [344, 2703, 2751, 2863], ""type"": ""handwritten"", ""text"": ""після нас говоритиме кожна людина""}]"
7a57be4d-b57a-428b-b271-d142f87d9173.jpg,"[{""bbox"": [138, 144, 330, 221], ""type"": ""printed"", ""text"": ""у.и.г.""}, {""bbox"": [2248, 229, 2468, 446], ""type"": ""annotation"", ""text"": ""188""}, {""bbox"": [19, 259, 678, 318], ""type"": ""printed"", ""text"": ""Відділ Народознавства""}, {""bbox"": [23, 366, 587, 426], ""type"": ""printed"", ""text"": ""Педагогічна секція""}, {""bbox"": [908, 420, 2343, 567], ""type"": ""handwritten"", ""text"": ""До Вп.п. М.В. Цагацвала.""}, {""bbox"": [16, 465, 601, 532], ""type"": ""annotation"", ""text"": ""дня 6. червня 1928.""}, {""bbox"": [16, 467, 600, 532], ""type"": ""printed"", ""text"": ""дня 6. червня 1928.""}, {""bbox"": [503, 631, 2202, 703], ""type"": ""printed"", ""text"": ""У пятницю дня 8. червня 0 год. 3½ попол. в помешканню""}, {""bbox"": [415, 725, 2305, 810], ""type"": ""printed"", ""text"": ""Укр. Інст. Громадознавства відбудеться відкриття Педаго""}, {""bbox"": [413, 836, 2304, 911], ""type"": ""printed"", ""text"": ""гічного Семінара при Педагогічній секції Відділу На""}, {""bbox"": [416, 951, 1137, 1015], ""type"": ""printed"", ""text"": ""дознавства. Програм:""}, {""bbox"": [1065, 1061, 2224, 1129], ""type"": ""printed"", ""text"": ""I. Вступне слово— проф. Л. Білецький.""}, {""bbox"": [1039, 1163, 2128, 1238], ""type"": ""printed"", ""text"": ""2. Виклад проф. С. Русової на тему:""}, {""bbox"": [1123, 1270, 2011, 1334], ""type"": ""printed"", ""text"": ""Що таке соціальна педагогіка""}, {""bbox"": [411, 1323, 2232, 1390], ""type"": ""printed"", ""text"": ""Повідомляючи Вас про це просимо відвідати відкриття семін""}, {""bbox"": [1094, 1478, 1636, 1550], ""type"": ""printed"", ""text"": ""Керовник семінара""}, {""bbox"": [1281, 1540, 2006, 1612], ""type"": ""printed"", ""text"": ""проф. С. Русова (в.р.)""}]"
7c4f5130-ca60-48c7-85e4-096c8de64ed2.jpg,"[{""bbox"": [810, 111, 1033, 149], ""type"": ""handwritten"", ""text"": ""Коні з конів.""}, {""bbox"": [149, 111, 556, 156], ""type"": ""handwritten"", ""text"": ""Перевод с еврейского языка.""}, {""bbox"": [262, 228, 899, 275], ""type"": ""handwritten"", ""text"": ""До Міністерства Єврейських Судів.""}, {""bbox"": [439, 338, 615, 388], ""type"": ""handwritten"", ""text"": ""Праховня""}, {""bbox"": [531, 464, 886, 495], ""type"": ""handwritten"", ""text"": ""Делегаціїв Гонцівської""}, {""bbox"": [525, 516, 905, 566], ""type"": ""handwritten"", ""text"": ""Еврейск. Учаловск. Ради.""}, {""bbox"": [207, 631, 1056, 678], ""type"": ""handwritten"", ""text"": ""Проходило Міністерство Єврейських Сирів вони""}, {""bbox"": [152, 694, 1043, 743], ""type"": ""handwritten"", ""text"": ""іні заходів проти бандитів, які вимагають""}, {""bbox"": [155, 748, 1042, 800], ""type"": ""handwritten"", ""text"": ""від нашого містера 25.000 паробованів копірідбу=""}, {""bbox"": [152, 804, 1044, 859], ""type"": ""handwritten"", ""text"": ""ції. Коли уя сума не буде їм видана, вони заго-""}, {""bbox"": [147, 866, 1054, 923], ""type"": ""handwritten"", ""text"": ""розмукайно викликаний залік з стації Кривень, по""}, {""bbox"": [153, 922, 1055, 979], ""type"": ""handwritten"", ""text"": ""тило походилося в 25° від північного місцерна, роз""}, {""bbox"": [154, 984, 1066, 1039], ""type"": ""handwritten"", ""text"": ""тій знищує містечко. Вони вже погу днів ма""}, {""bbox"": [155, 1037, 1043, 1086], ""type"": ""handwritten"", ""text"": ""ходящиеся в м. Гони, их всего 2 чаловина и вони""}, {""bbox"": [154, 1101, 1041, 1154], ""type"": ""handwritten"", ""text"": ""називаются себе симптомами вкраїнської народи:""}, {""bbox"": [154, 1154, 1065, 1213], ""type"": ""handwritten"", ""text"": ""рсої Мриї. Вгора вечером займов до одного квір,""}, {""bbox"": [153, 1213, 1050, 1270], ""type"": ""handwritten"", ""text"": ""котрого він хотів грабувати. Його арештували, мо""}, {""bbox"": [155, 1271, 1059, 1326], ""type"": ""handwritten"", ""text"": ""скоро прийшов його товариш і Нагаєвич Міз""}, {""bbox"": [154, 1334, 1087, 1385], ""type"": ""handwritten"", ""text"": ""лицей, который мое всего в своём распоряжении""}, {""bbox"": [154, 1386, 1064, 1443], ""type"": ""handwritten"", ""text"": ""10 людей, примусьєн був його винуватий. Після""}, {""bbox"": [147, 1445, 1015, 1502], ""type"": ""handwritten"", ""text"": ""чого, вони під угрозою, що викличуть їх залів""}, {""bbox"": [146, 1501, 1043, 1556], ""type"": ""handwritten"", ""text"": ""для зниження місійерна, вимагаючи 25.000 карбо:""}, {""bbox"": [155, 1559, 284, 1602], ""type"": ""handwritten"", ""text"": ""basuje.""}, {""bbox"": [216, 1606, 1029, 1663], ""type"": ""handwritten"", ""text"": ""У нашій околиці єврейське населення зовсім""}, {""bbox"": [158, 1671, 1041, 1730], ""type"": ""handwritten"", ""text"": ""пограбовано. В селі Могил замордовано еврейську""}]"
7e6a6ceb-632c-4862-8ca3-a06ed6f51891.jpg,"[{""bbox"": [1259, 43, 2351, 258], ""type"": ""annotation"", ""text"": ""М.Я. Шатовский: ... 121""}, {""bbox"": [423, 108, 652, 167], ""type"": ""printed"", ""text"": ""KOMITET""}, {""bbox"": [210, 161, 774, 224], ""type"": ""printed"", ""text"": ""ПРАЖСЬКОГО ВІДДІЛУ""}, {""bbox"": [330, 218, 708, 276], ""type"": ""printed"", ""text"": ""3.0.У.П.Р-С.""}, {""bbox"": [883, 289, 2356, 389], ""type"": ""printed"", ""text"": ""В четверг 6 жовтня о год.3 попол. (там де завше)""}, {""bbox"": [888, 291, 2359, 390], ""type"": ""printed"", ""text"": ""В четверг 6 жовтня, о год. 3 попол. (там де завше)""}, {""bbox"": [153, 360, 738, 424], ""type"": ""printed"", ""text"": ""\""4\"" жовтня 1927 р.""}, {""bbox"": [780, 412, 1981, 469], ""type"": ""printed"", ""text"": ""відбудуться товариські сходини відділу.""}, {""bbox"": [990, 517, 1489, 579], ""type"": ""printed"", ""text"": ""Порядок денній:""}, {""bbox"": [623, 611, 1952, 683], ""type"": ""printed"", ""text"": ""I. Платформа соціалістичної ліги нового Сходу.""}, {""bbox"": [621, 681, 1334, 737], ""type"": ""printed"", ""text"": ""2. Організаційні справи.""}, {""bbox"": [618, 737, 1117, 790], ""type"": ""printed"", ""text"": ""3. Біжучи справи.""}, {""bbox"": [353, 878, 2160, 945], ""type"": ""printed"", ""text"": ""З огляду на важливість питань, поставлених на розгляд, прису""}, {""bbox"": [186, 891, 870, 1057], ""type"": ""printed"", ""text"": ""З огляду на важли\nни сходини, обовязкова.""}, {""bbox"": [1647, 986, 1925, 1048], ""type"": ""printed"", ""text"": ""Презідія.""}]"
7e8eb75e-9a97-406d-afdf-64579f381bb9.jpg,"[{""bbox"": [22, 17, 1606, 149], ""type"": ""handwritten"", ""text"": ""1) а) атмос та йона відгурду (ІІІ); Гамана та йона Каліо""}, {""bbox"": [977, 124, 1645, 211], ""type"": ""handwritten"", ""text"": ""Заряд ядра: +19 (19 протонів)""}, {""bbox"": [88, 133, 740, 219], ""type"": ""handwritten"", ""text"": ""Заряд ядра: +16 (16 протонів)""}, {""bbox"": [975, 202, 1602, 282], ""type"": ""handwritten"", ""text"": ""Кількість електронів: 19""}, {""bbox"": [84, 214, 637, 289], ""type"": ""handwritten"", ""text"": ""Кількість електронів: 16""}, {""bbox"": [972, 276, 1644, 361], ""type"": ""handwritten"", ""text"": ""Дезпогідні по рівнях: 2,8,8,1""}, {""bbox"": [19, 279, 794, 367], ""type"": ""handwritten"", ""text"": ""Розподіл електронів по шарах: 2,8,6""}, {""bbox"": [810, 295, 968, 463], ""type"": ""annotation"", ""text"": ""+100""}, {""bbox"": [968, 354, 1459, 446], ""type"": ""handwritten"", ""text"": ""Електронна формула:""}, {""bbox"": [23, 362, 526, 446], ""type"": ""handwritten"", ""text"": ""Электронная формула:""}, {""bbox"": [967, 437, 1478, 532], ""type"": ""formula"", ""text"": ""$$1 s ^ { 2 } 2 s ^ { 2 } , 2 p ^ { 6 } 3 s ^ { 2 } , 3 p ^ { 6 } , 4 s ^ { 1 }$$""}, {""bbox"": [24, 440, 423, 534], ""type"": ""formula"", ""text"": ""$$1 s ^ { 2 } 2 s ^ { 2 } 2 p ^ { 6 } 3 s ^ { 2 } 3 p ^ { 4 }$$""}, {""bbox"": [968, 538, 1666, 623], ""type"": ""handwritten"", ""text"": ""Заряд ядра: +1,9 (не змінюється)""}, {""bbox"": [36, 557, 858, 665], ""type"": ""handwritten"", ""text"": ""Заряд ядра: +16 (не змінюється)""}, {""bbox"": [955, 612, 1579, 682], ""type"": ""handwritten"", ""text"": ""Кількість електронів: 18""}, {""bbox"": [30, 632, 642, 734], ""type"": ""handwritten"", ""text"": ""Кількість електронів: 18""}, {""bbox"": [950, 685, 1594, 769], ""type"": ""handwritten"", ""text"": ""Розподіл по рівнях: 2, 8, 8""}, {""bbox"": [25, 716, 807, 821], ""type"": ""handwritten"", ""text"": ""Розподіл електронів по шарах: 2,8,8""}, {""bbox"": [948, 760, 1456, 832], ""type"": ""handwritten"", ""text"": ""Електронна формуля:""}, {""bbox"": [28, 803, 562, 903], ""type"": ""handwritten"", ""text"": ""Электронная формула:""}, {""bbox"": [948, 822, 1343, 910], ""type"": ""handwritten"", ""text"": ""1s² 2s² 2p⁶ 3s² 3p⁶""}, {""bbox"": [39, 874, 448, 973], ""type"": ""formula"", ""text"": ""$$1 s ^ { 2 } 2 s ^ { 2 } 2 p ^ { 6 } 3 s ^ { 2 } 3 p ^ { 6 }$$""}, {""bbox"": [32, 966, 1304, 1092], ""type"": ""handwritten"", ""text"": ""5. Метилізапропідамін ; Дитарна кислота""}, {""bbox"": [1410, 1008, 1584, 1135], ""type"": ""annotation"", ""text"": ""+805.""}, {""bbox"": [113, 1069, 538, 1167], ""type"": ""formula"", ""text"": ""$$\\mathrm { C H _ { 3 } - N H - C H ( C H _ { 3 } ) _ { 2 } }$$""}, {""bbox"": [801, 1088, 1331, 1177], ""type"": ""formula"", ""text"": ""$$\\mathrm { H O O C - C H _ { 2 } - C H _ { 2 } - C O O H }$$""}, {""bbox"": [31, 1163, 739, 1261], ""type"": ""handwritten"", ""text"": ""4. Этилен → 1,2-дихлорэтан""}, {""bbox"": [878, 1204, 1581, 1269], ""type"": ""handwritten"", ""text"": ""1,2-дихлорэтан → ацетилен""}, {""bbox"": [110, 1261, 789, 1346], ""type"": ""formula"", ""text"": ""$$C H _ { 2 } - C H _ { 2 } + C l _ { 2 } \\rightarrow C H _ { 2 } C l - C H _ { 2 } C l$$""}, {""bbox"": [873, 1280, 1611, 1379], ""type"": ""handwritten"", ""text"": ""CH2=CH2CI+2KOH(спирт)→CH≡CH""}, {""bbox"": [68, 1349, 757, 1436], ""type"": ""handwritten"", ""text"": ""ацетилен → ацетиленовый альдегид""}, {""bbox"": [872, 1371, 1232, 1441], ""type"": ""formula"", ""text"": ""$$C N + 2 K C l + 2 H _ { 2 } O$$""}, {""bbox"": [63, 1427, 640, 1508], ""type"": ""formula"", ""text"": ""$$\\mathrm { H C \\equiv C H + H _ { 2 } O \\xrightarrow { H g ^ { 2 + } , H ^ { + } } C H _ { 3 } - C H O }$$""}, {""bbox"": [1168, 1470, 1314, 1610], ""type"": ""annotation"", ""text"": ""±20%.""}, {""bbox"": [70, 1497, 902, 1586], ""type"": ""handwritten"", ""text"": ""остовой альдегид → оустова кислота""}, {""bbox"": [66, 1576, 964, 1662], ""type"": ""formula"", ""text"": ""$$C H _ { 3 } - C N O + A g _ { 2 } O \\xrightarrow { N H _ { 3 } \\cdot H _ { 2 } O } C H _ { 3 } - C O O H + 2 A g \\downarrow$$""}, {""bbox"": [59, 1655, 313, 1742], ""type"": ""handwritten"", ""text"": ""2. Дана:""}, {""bbox"": [144, 1722, 593, 1820], ""type"": ""handwritten"", ""text"": ""m застій KNO₃ - 100 г""}, {""bbox"": [875, 1852, 1125, 1981], ""type"": ""annotation"", ""text"": ""роз'яснити""}, {""bbox"": [118, 1884, 586, 1964], ""type"": ""handwritten"", ""text"": ""2002 40% -20 розчину""}, {""bbox"": [118, 1953, 303, 2021], ""type"": ""handwritten"", ""text"": ""Dano:""}, {""bbox"": [1374, 1958, 1535, 2113], ""type"": ""annotation"", ""text"": ""+2005.""}, {""bbox"": [657, 1976, 1196, 2047], ""type"": ""formula"", ""text"": ""m(KNO_{3})=200\\cdot0,40=80\\text{g}""}, {""bbox"": [148, 2027, 579, 2099], ""type"": ""handwritten"", ""text"": ""100 г 14 %-го раствора""}, {""bbox"": [656, 2044, 1348, 2111], ""type"": ""formula"", ""text"": ""$$m _ { \\mathrm { з а г . р о д и н у } } = 1 0 0 2 + 2 0 0 2 = 3 0 0 2$$""}, {""bbox"": [142, 2093, 629, 2162], ""type"": ""formula"", ""text"": ""$$2 0 0 2 4 0 \\% - 2 0 \\text { разлину }$$""}, {""bbox"": [649, 2164, 1281, 2268], ""type"": ""formula"", ""text"": ""$\\eta_{\\text{новий}} = \\frac{942}{3002} \\cdot 100\\% \\approx 31,33\\%$""}, {""bbox"": [143, 2178, 509, 2238], ""type"": ""handwritten"", ""text"": ""m раствора KNO₃ - ?""}, {""bbox"": [645, 2238, 1099, 2324], ""type"": ""handwritten"", ""text"": ""Відповідь: ≈ 31,33 %""}]"
7e98a014-ec2d-57bf-991e-7b6ed5b9b67c.jpg,"[{""bbox"": [393, 187, 2465, 400], ""type"": ""handwritten"", ""text"": ""Лімітофілія - це розділ мовознавства, що здійснює""}, {""bbox"": [342, 318, 2628, 541], ""type"": ""handwritten"", ""text"": ""Лінгвістичні та розділ лексикографії\nтеорію та практику створення словників (мовознавства)""}, {""bbox"": [337, 451, 2187, 659], ""type"": ""handwritten"", ""text"": ""1596р. - перший словник, лаврентів діуоніс""}, {""bbox"": [376, 631, 1312, 791], ""type"": ""handwritten"", ""text"": ""1627р - Тайыр Бергиди""}, {""bbox"": [358, 716, 2302, 943], ""type"": ""handwritten"", ""text"": ""1796р - амовна до „Емейда“ І. Котляревського.""}, {""bbox"": [1058, 1155, 1848, 1306], ""type"": ""handwritten"", ""text"": ""Примадчезе сім""}, {""bbox"": [1119, 1289, 1812, 1442], ""type"": ""handwritten"", ""text"": ""Домашня робота""}, {""bbox"": [492, 1421, 2595, 1579], ""type"": ""handwritten"", ""text"": ""Основні типи словників, асвідників, підручників та.""}, {""bbox"": [289, 1574, 2506, 1760], ""type"": ""handwritten"", ""text"": ""Відмініть любовничих станій у рідних словниках""}, {""bbox"": [289, 1579, 2514, 1765], ""type"": ""handwritten"", ""text"": ""Відміність любовних станів у різних словниках""}, {""bbox"": [422, 1739, 1345, 1893], ""type"": ""handwritten"", ""text"": ""Орфографічний словник.""}, {""bbox"": [266, 2005, 2747, 2188], ""type"": ""handwritten"", ""text"": ""Дождь, сон, малица, ванну, лоху, калм, мильнада.""}, {""bbox"": [435, 2141, 1642, 2348], ""type"": ""handwritten"", ""text"": ""Тудовицьке - середній рід.""}, {""bbox"": [466, 2301, 1400, 2488], ""type"": ""handwritten"", ""text"": ""Васі - хімічний рід.""}, {""bbox"": [465, 2466, 1563, 2650], ""type"": ""handwritten"", ""text"": ""Тирамісу - середній р.д""}, {""bbox"": [492, 2629, 1498, 2794], ""type"": ""handwritten"", ""text"": ""Соте - середній рід.""}, {""bbox"": [466, 2773, 1370, 2941], ""type"": ""handwritten"", ""text"": ""Мачки - середній р.д.""}, {""bbox"": [288, 2876, 2406, 3126], ""type"": ""handwritten"", ""text"": ""Темній, чиєтіво, чиєтічний, рікотин, ченом.""}]"
7eb51d2e-ee03-5d51-afcd-c7e30f59f19c.jpg,"[{""bbox"": [742, 2, 2496, 201], ""type"": ""handwritten"", ""text"": ""вроків у міжнародній""}, {""bbox"": [26, 183, 2843, 393], ""type"": ""handwritten"", ""text"": ""перебор ломіжки першої відповіді""}, {""bbox"": [35, 372, 2481, 602], ""type"": ""handwritten"", ""text"": ""для школи 1918 р в школа""}, {""bbox"": [50, 582, 2631, 800], ""type"": ""handwritten"", ""text"": ""відбувались стилістичні перетворення""}, {""bbox"": [53, 786, 3120, 997], ""type"": ""handwritten"", ""text"": ""ружи зростання ції на діл-“діал” Суха""}, {""bbox"": [5, 976, 2747, 1196], ""type"": ""handwritten"", ""text"": ""рмовий агент - мосові соціальні""}, {""bbox"": [0, 1187, 2636, 1398], ""type"": ""handwritten"", ""text"": ""забудущеня пути зрочоле""}, {""bbox"": [5, 1399, 2339, 1597], ""type"": ""handwritten"", ""text"": ""ули ли пустоты души""}, {""bbox"": [34, 1600, 2616, 1796], ""type"": ""handwritten"", ""text"": ""впекдлочиненних цін по дес""}, {""bbox"": [81, 1803, 2589, 2001], ""type"": ""handwritten"", ""text"": ""опорного предмета локализации""}, {""bbox"": [99, 1996, 2679, 2217], ""type"": ""handwritten"", ""text"": ""многість. 46 функції об'єднання""}, {""bbox"": [101, 2208, 2776, 2426], ""type"": ""handwritten"", ""text"": ""обо рух лашле або буезлева""}, {""bbox"": [106, 2397, 2829, 2645], ""type"": ""handwritten"", ""text"": ""помитана в кореї у Буезн-""}, {""bbox"": [3, 2636, 3003, 2867], ""type"": ""handwritten"", ""text"": ""квітні 1949 рік підзурокання""}, {""bbox"": [10, 3072, 2882, 3331], ""type"": ""handwritten"", ""text"": ""такій вибор незалежності""}, {""bbox"": [0, 3307, 2437, 3602], ""type"": ""handwritten"", ""text"": ""для своей кропоты""}, {""bbox"": [0, 3541, 2434, 3846], ""type"": ""handwritten"", ""text"": ""мсодалгцум тавтаки""}, {""bbox"": [3, 3716, 3063, 4085], ""type"": ""handwritten"", ""text"": ""твие другами время - лет""}]"
80819b77-4801-4050-a586-272a1745f6bc.jpg,"[{""bbox"": [915, 35, 1554, 227], ""type"": ""handwritten"", ""text"": ""Мій дім.""}, {""bbox"": [85, 397, 2901, 554], ""type"": ""handwritten"", ""text"": ""Ятак твої перші хиткі кроки і береєсе""}, {""bbox"": [105, 553, 2985, 760], ""type"": ""handwritten"", ""text"": ""чорі́сні зарубки часу, залишені рукою маг-""}, {""bbox"": [77, 741, 1293, 938], ""type"": ""handwritten"", ""text"": ""тері на обвірку.""}, {""bbox"": [332, 952, 2997, 1178], ""type"": ""handwritten"", ""text"": ""Розкажи про його запах, теплий сон-""}, {""bbox"": [56, 1159, 3000, 1369], ""type"": ""handwritten"", ""text"": ""ний дух книжкових помуч; побитого ша-""}, {""bbox"": [61, 1365, 2998, 1577], ""type"": ""handwritten"", ""text"": ""шамп, крепенуем; живого супу з терникою""}, {""bbox"": [90, 1581, 2942, 1773], ""type"": ""handwritten"", ""text"": ""петрушкою. Або може навпаки- бадьорі па-""}, {""bbox"": [70, 1783, 2914, 1990], ""type"": ""handwritten"", ""text"": ""хочу фарби, лаку, новизни... Як же довго,""}, {""bbox"": [98, 1980, 2914, 2155], ""type"": ""handwritten"", ""text"": ""чи не півжиття мір'янося про власнені""}, {""bbox"": [72, 2173, 412, 2374], ""type"": ""handwritten"", ""text"": ""Die!""}, {""bbox"": [472, 2310, 2846, 2496], ""type"": ""handwritten"", ""text"": ""Розкажи про їхо скрипці шерехи,""}, {""bbox"": [68, 2499, 2926, 2723], ""type"": ""handwritten"", ""text"": ""тіні й залиті світлом кімнати, безтур-""}, {""bbox"": [53, 2702, 2889, 2928], ""type"": ""handwritten"", ""text"": ""ботній сиїх надтиснуті голоси, які зне-""}, {""bbox"": [72, 2921, 2887, 3118], ""type"": ""handwritten"", ""text"": ""нау́ька напівголосно захворіли про те, що""}, {""bbox"": [129, 3101, 2912, 3298], ""type"": ""handwritten"", ""text"": ""ймовірно більше нічого не буде, як раніше.""}, {""bbox"": [219, 3287, 2890, 3494], ""type"": ""handwritten"", ""text"": ""Насуплений, потравлюваний із заклеє-""}, {""bbox"": [158, 3455, 2635, 3647], ""type"": ""handwritten"", ""text"": ""ними навжирест шибками, твій дім,""}]"
80d0aed6-6f29-45f8-aa4c-7a7a8b94cb0f.jpg,"[{""bbox"": [21, 0, 375, 68], ""type"": ""handwritten"", ""text"": ""Завданий Я.""}, {""bbox"": [31, 6, 1612, 129], ""type"": ""handwritten"", ""text"": ""Завдання 7.\nВиконання шоварів опинилося в русі вісім""}, {""bbox"": [27, 30, 1627, 212], ""type"": ""handwritten"", ""text"": ""ваддяна Н. Річкові пісвіні шоворів ополонюють кругої висоти меріани, півголоммеріани деревні калини, че або поду, копір, карівни та вироби з них. Усі ро""}, {""bbox"": [30, 112, 1628, 255], ""type"": ""handwritten"", ""text"": ""періапо, пиломашина, періапо, періапо, пиломашина, періапо, періапо, пиломашина, періапо, періапо, пиломашина, періапо, періапо, пиломашина, періапо, періапо, пиломашина, періапо, періапо, пиломашина, періапо, періапо, пиломашина, періапо, періапо, пиломашина, періапо, періапо, пиломашина, періапо, періапо, пиломашина, періапо, періапо, пиломашина, періапо, періапо, пиломашина, періапо, періапо, пиломашина, періапо, періапо, пиломашина, періапо, пер""}, {""bbox"": [32, 165, 1636, 314], ""type"": ""handwritten"", ""text"": ""поблизу, напр., вкриті від снігу, відіграють відповідно роль узбіркової, відбіркової, відбіркової, відбіркової, відбіркової, відбіркової, відбіркової, відбіркової, відбіркової, відбіркової, відбіркової, відбіркової, відбіркової, відбіркової, відбіркової, відбіркової, відбіркової, відбіркової, відбіркової, відбіркової, відбіркової, відбіркової, в""}, {""bbox"": [32, 219, 1646, 364], ""type"": ""handwritten"", ""text"": ""ной, відкритої, наперевзі, евергійної, гігієнічної, іноді, шкідкової, наперевзі, евергійної, гігієнічної, штрихується синапсом, з іншою, з іншою, з іншою, з іншою, з іншою, з іншою, з іншою, з іншою, з іншою, з іншою, з іншою, з іншою, з іншою, з іншою, з іншою, з іншою, з іншою, з іншою, з іншою, з іншою, з іншою, з іншою, з іншою, з іншою, з ін""}, {""bbox"": [24, 267, 1645, 421], ""type"": ""handwritten"", ""text"": ""но, сведений о конкретных первичных продуктах структура снабжаемости, включая обработанную (небройную) деревину, и основной лесной переработки""}, {""bbox"": [20, 342, 1632, 500], ""type"": ""handwritten"", ""text"": ""(недобробленої деревини, навіть відразу після (від переробки меріалів, яким), продукту, який відповідає, а (наприклад, шебаї, деревошліфовані поверхні, що все часніші""}, {""bbox"": [23, 411, 1622, 559], ""type"": ""handwritten"", ""text"": ""мерканів, ножів), архітектурно-майстерські (покрів, шебі, дерев'яні вироби, що вважаються відомими в містах, зокрема,""}, {""bbox"": [23, 462, 1622, 623], ""type"": ""handwritten"", ""text"": ""(помир, шевці, дерево, дерево, дерево, що все часом маєте відповіді дерево дерево, що все часом використовують на покоління.""}, {""bbox"": [22, 520, 1653, 680], ""type"": ""handwritten"", ""text"": ""многие виды работ, выполняемых на заводе. Внешние условия работы не влияют на качество продукции. Значение уборки рабочей зоны, рабочей зоны, зрос-""}, {""bbox"": [21, 575, 1656, 720], ""type"": ""handwritten"", ""text"": ""Значение уваго рину колясав не лише в еконо\nмічним дешеві - виборний робочих мінів, зрос""}, {""bbox"": [20, 622, 1655, 781], ""type"": ""handwritten"", ""text"": ""Значення уваго рівняння робочих гілочок, зрос-тінням досвідом - виборенням, олівами власної майці ЄВРП, а й в економічному, зберегти власні""}, {""bbox"": [17, 677, 1656, 859], ""type"": ""handwritten"", ""text"": ""мічною весною - січнем, основні власні\nмайні ФРП, а й в економічній зберегти\nрозвиток агровідділу сирійській\nвідповідальність, боротьба з відновленням\nприродних ресурсів.""}, {""bbox"": [22, 749, 1653, 915], ""type"": ""handwritten"", ""text"": ""розвивати пісової діяльності, вирішувати проблеми збереження, відновлення, використання природних ресурсів та екологічної безпеки в умовах світової різноманітності пісової діяльності.""}, {""bbox"": [24, 796, 1653, 981], ""type"": ""handwritten"", ""text"": ""розрізняють борові відмінні природні ресурси. та відмінні відносини природи після Фауна, що формують світовий рівень нехід""}, {""bbox"": [27, 858, 1655, 1037], ""type"": ""handwritten"", ""text"": ""на деревиновому відбрасі Фрамфора, що формують світовий рівень межі моварів, високочасові природні ресурси деревообробної промисловості,""}, {""bbox"": [31, 910, 1655, 1077], ""type"": ""handwritten"", ""text"": ""Фашисти, що формували свій ресурс, рівень якого моварів, виключаючи природні промислові держави, посічного розвитку державної промисловості, спосіб""}, {""bbox"": [31, 961, 1654, 1149], ""type"": ""handwritten"", ""text"": ""моварів, випочаткованої архітектурної прикраси, постійного розвитку деревообробної промисловості, умов, що сприяли виникненню сфер підприємництва, сприяли умовам виникнення більш розвиненої на шведській території торгівлі, що сприяло розвитку торгівельних""}, {""bbox"": [29, 1036, 1656, 1219], ""type"": ""handwritten"", ""text"": ""мовиць повільно, більшість була відділена від шкідливих інфекцій, погіршених шкідливих, відповідних, відповідних, відповідних, відповідних, відповідних, відповідних, відповідних, відповідних, відповідних, відповідних, відповідних, відповідних, відповідних, відповідних, відповідних, відповідних, відповідних, відповідних, відповідних, відповідних, відповідних, відповідних, відповідних, відповідних, відповідних""}, {""bbox"": [26, 1097, 1655, 1250], ""type"": ""handwritten"", ""text"": ""інші еквіваленти, вони відповідають іншим відносним паузам, позначеним шляхом відповідних мірковань, відмінних, відмінних, саме відмінних, відмінних, відмінних, відмінних, відмінних, відмінних, відмінних, відмінних, відмінних, відмінних, відмінних, відмінних, відмінних, відмінних, відмінних, відмінних, відмінних, відмінних, відмінних, відмінних, відмінних, відмінних, відм""}, {""bbox"": [22, 1144, 1656, 1300], ""type"": ""handwritten"", ""text"": ""запусків, погіршення повітря, зовнішніх впливів, санкцій, бар'єрів. Геополітичні події, зовнішні впливи, санкції, бар'єри. Геополітичні події, зовнішні впливи, санкції, бар'єри. Геополітичні події, зовнішні впливи, санкції, бар'єри. Геополітичні події, зовнішні впливи, санкції, бар'єри. Геополітичні події, зовнішні впливи, санкції, бар'єри. Геополітичні події, зовнішн""}, {""bbox"": [26, 1211, 1656, 1386], ""type"": ""handwritten"", ""text"": ""ваверса, (світлини в іншій переробленій формі, зображення в іншій формі, зображення в іншій формі, зображення в іншій формі, зображення в іншій формі, зображення в іншій формі, зображення в іншій формі, зображення в іншій формі, зображення в іншій формі, зображення в іншій формі, зображення в іншій формі, зображення в іншій формі, зображення в іншій формі, зображення в іншій формі, зображення в іншій формі, зображення в іншій формі, зображення в іншій формі, зображення в іншій формі, зображення в іншій формі, зображення в іншій формі, з""}, {""bbox"": [31, 1281, 1656, 1441], ""type"": ""handwritten"", ""text"": ""мовиє ерміновий виновні. чітко прослідковується увімовий енергопідйом кращі відмінники регіональної відмінності США, Бразилія, Канада,""}, {""bbox"": [22, 1336, 1656, 1489], ""type"": ""handwritten"", ""text"": ""у відомий енергетичний кризи (великими або ресурсами відмінними, наприклад, США, Бразилія, Канада, вими ресурсами, наприклад, відразу звільнивши на""}, {""bbox"": [17, 1388, 1656, 1539], ""type"": ""handwritten"", ""text"": ""економічні відгуками, наприклад, в США. Враховуючи, що рівень ресурсів, наприклад, в США. Враховуючи, що рівень ресурсів, наприклад, в США. Враховуючи, що рівень ресурсів, наприклад, в США. Враховуючи, що рівень ресурсів, наприклад, в США. Враховуючи, що рівень ресурсів, наприклад, в США. Враховуючи, що рівень ресурсів, наприклад, в США. Враховуючи, що рівень ресурсів, наприклад, в США. Враховуючи, що рівень ресурсів, наприклад, в США. Враховуючи, що рівень ресурсів""}, {""bbox"": [11, 1433, 1656, 1613], ""type"": ""handwritten"", ""text"": ""ними ресурсами, набраною, овітруються на рості. Швуче на різницю, виробничі першою ві- заготівні деревини та виробничими і мікрорівнів, провідні, кімнаті виробничих методів, нале-""}, {""bbox"": [15, 1514, 1656, 1675], ""type"": ""handwritten"", ""text"": ""заготівлю деревини та виробництвом імпортованих своїх продуктів, котрі є найбільшими шебегів, нане- нутий від відомих виробників шебегів, нане-""}, {""bbox"": [11, 1575, 1656, 1722], ""type"": ""handwritten"", ""text"": ""говій продукції, відмінні виробничі шляхи; належну крутку на відмінні виробничі шляхи; належну крутку на відмінні виробничі шляхи; належну крутку на відмінні виробничі шляхи; належну крутку на відмінні виробничі шляхи; належну крутку на відмінні виробничі шляхи; належну крутку на відмінні виробничі шляхи; належну крутку на відмінні виробничі шляхи; належну крутку на відмінні виробничі шляхи; належну крутку на відмінні виробничі шляхи; належну крутку на відмінн""}, {""bbox"": [13, 1624, 1656, 1777], ""type"": ""handwritten"", ""text"": ""пружинну підвіску від\nробої продукції. В загальній збірній дослідницькій\nдіяльності високого рівня відповідів українців, щоріз""}, {""bbox"": [11, 1680, 1640, 1832], ""type"": ""handwritten"", ""text"": ""робою продукується в діяльності вирштового та державного високого рівня економічних виробництв. Україна, щоразу маючи високий рівень виробництва, виробляє на експорт""}, {""bbox"": [15, 1681, 1656, 1827], ""type"": ""handwritten"", ""text"": ""робою продавати. Відзначено відмінно вартісний та фінан- дувації високого рівня співробітників України, що з- манний економічний ефект від переробки та експорту""}, {""bbox"": [13, 1745, 1634, 1881], ""type"": ""handwritten"", ""text"": ""мови, сповнені були ставленням українців, що вивчаються, зрозуміла роль у переробці та емісії""}, {""bbox"": [21, 1821, 1643, 1965], ""type"": ""handwritten"", ""text"": ""виважається, згідно з відповідними місцевими продуцентами, зокрема у Венесуелі, Індії та Малайзії.""}, {""bbox"": [27, 1922, 1656, 2024], ""type"": ""handwritten"", ""text"": ""малим чином, світський ринок підготував мову рів""}, {""bbox"": [22, 1966, 1656, 2067], ""type"": ""handwritten"", ""text"": ""Каким чином, встановивши рівень торгових витрат вкладників та динамічно високого рівня довіри""}, {""bbox"": [23, 2002, 1656, 2117], ""type"": ""handwritten"", ""text"": ""впадают на динамичную сменяемую, где посвящают\n10 своих мощных гимназии, свои логичные, любовь страну, сия\nвсех, включая, разумеется, и борьбы, и край""}, {""bbox"": [22, 2050, 1648, 2176], ""type"": ""handwritten"", ""text"": ""о своїм чи інших, що починають зобов'язаннями від сприянням навчанням розвитку державних країн.""}, {""bbox"": [1490, 2218, 1580, 2296], ""type"": ""annotation"", ""text"": ""a""}]"
812989c1-79d3-5672-abb5-7e03cde94288.jpg,"[{""bbox"": [180, 38, 1516, 180], ""type"": ""formula"", ""text"": ""$Q_{1}=2300000\\cdot0,05=115000\\ N_{2}c$""}, {""bbox"": [188, 324, 1482, 433], ""type"": ""formula"", ""text"": ""$Q = 115000 + 8400 = 123400 \\text{ Dne}$""}, {""bbox"": [205, 454, 1034, 596], ""type"": ""handwritten"", ""text"": ""Відповідь: 123400 Дні""}, {""bbox"": [690, 579, 1024, 734], ""type"": ""handwritten"", ""text"": ""Задача 3""}, {""bbox"": [167, 730, 390, 847], ""type"": ""handwritten"", ""text"": ""Dane""}, {""bbox"": [133, 866, 448, 994], ""type"": ""formula"", ""text"": ""$t_{1}=0^{\\circ} \\mathrm{C}$""}]"
81bf9ff0-a620-5e25-986f-39391f894cf5.jpg,"[{""bbox"": [1, 998, 196, 1242], ""type"": ""annotation"", ""text"": ""при""}, {""bbox"": [937, 1030, 1719, 1206], ""type"": ""handwritten"", ""text"": ""Прете лнетоло""}, {""bbox"": [504, 1150, 1766, 1340], ""type"": ""handwritten"", ""text"": ""Домашня робота""}, {""bbox"": [513, 1270, 1762, 1457], ""type"": ""handwritten"", ""text"": ""1. Найди трапецидами.""}, {""bbox"": [494, 1403, 2595, 1590], ""type"": ""handwritten"", ""text"": ""к. Повітря холодними сильними вітрами""}, {""bbox"": [494, 1414, 2655, 1588], ""type"": ""handwritten"", ""text"": ""к. Певіяю холодними сильними вітрами""}, {""bbox"": [537, 1796, 2667, 1991], ""type"": ""handwritten"", ""text"": ""Але ж на вищих вітчизняних прийомах""}, {""bbox"": [1, 1901, 545, 2078], ""type"": ""handwritten"", ""text"": ""з/поко""}, {""bbox"": [0, 2066, 183, 2198], ""type"": ""handwritten"", ""text"": ""вих""}, {""bbox"": [1, 2180, 498, 2353], ""type"": ""handwritten"", ""text"": ""м голосу-1""}, {""bbox"": [0, 2642, 359, 2812], ""type"": ""handwritten"", ""text"": ""ввожу""}, {""bbox"": [0, 2777, 468, 2988], ""type"": ""handwritten"", ""text"": ""сегодня!""}]"
83fb89dc-812a-5be8-9405-7847a23e46dc.jpg,"[{""bbox"": [322, 208, 2363, 617], ""type"": ""handwritten"", ""text"": ""12. Дано: Розв'язання:""}, {""bbox"": [405, 595, 1345, 829], ""type"": ""formula"", ""text"": ""n = 32 \\cdot 10^{-3} \\text{kg}""}, {""bbox"": [1443, 642, 1964, 878], ""type"": ""formula"", ""text"": ""$q = n \\cdot e$""}, {""bbox"": [1491, 881, 3519, 1274], ""type"": ""formula"", ""text"": ""$$n = \\frac { q } { e } = \\frac { 5 2 \\cdot 1 0 ^ { - 9 } } { 1 , 6 \\cdot 1 0 ^ { - 1 9 } } = 2 \\cdot 1 0 ^ { 1 1 }$$""}, {""bbox"": [390, 882, 1340, 1117], ""type"": ""formula"", ""text"": ""$e=1,6\\cdot10^{-19}C$""}, {""bbox"": [352, 1111, 769, 1412], ""type"": ""handwritten"", ""text"": ""y-?""}, {""bbox"": [1529, 1253, 2859, 1610], ""type"": ""handwritten"", ""text"": ""Bignolige: 2 · 10¹¹""}]"
84226802-42a8-44da-adaf-4e13ed2e4e6f.jpg,"[{""bbox"": [967, 1, 2176, 178], ""type"": ""handwritten"", ""text"": ""Среда нынешний!""}, {""bbox"": [417, 141, 2519, 352], ""type"": ""handwritten"", ""text"": ""Жити треба цікаво: читати""}, {""bbox"": [158, 329, 2605, 525], ""type"": ""handwritten"", ""text"": ""книжки, ходит в театр, дрессировани""}, {""bbox"": [204, 484, 1254, 667], ""type"": ""handwritten"", ""text"": ""nca Σταρόπα...""}, {""bbox"": [345, 622, 2880, 810], ""type"": ""handwritten"", ""text"": ""Журба жити! Не в пів сили, не гроші,""}, {""bbox"": [182, 783, 2897, 1009], ""type"": ""handwritten"", ""text"": ""не завтра, не після, по-справжньому, Зара!""}, {""bbox"": [170, 1015, 2663, 1232], ""type"": ""handwritten"", ""text"": ""Короба мадини котів, збирали гриби,""}, {""bbox"": [215, 1213, 2864, 1407], ""type"": ""handwritten"", ""text"": ""вести читачам із дрону на \""Інтервілі\""""}, {""bbox"": [196, 1393, 2695, 1566], ""type"": ""handwritten"", ""text"": ""робити релакс з приносяти щастя""}, {""bbox"": [222, 1546, 2753, 1728], ""type"": ""handwritten"", ""text"": ""тим, кого любишь. Треба купувати""}, {""bbox"": [222, 1715, 2563, 1888], ""type"": ""handwritten"", ""text"": ""сухі з \""пелінками\"" і докатити на""}, {""bbox"": [252, 1859, 2852, 2046], ""type"": ""handwritten"", ""text"": ""військо, вишукувати РЕБи і генератори""}, {""bbox"": [245, 2030, 2700, 2207], ""type"": ""handwritten"", ""text"": ""а ще - нимпорийн велороли міністрі""}, {""bbox"": [244, 2184, 2693, 2356], ""type"": ""handwritten"", ""text"": ""в ліпніарії Ботсаду, до на перший урок""}, {""bbox"": [253, 2331, 2575, 2521], ""type"": ""handwritten"", ""text"": ""треба приносити камітанів. Треба""}, {""bbox"": [261, 2503, 2402, 2667], ""type"": ""handwritten"", ""text"": ""любити свій дім, навіть якщо він""}, {""bbox"": [270, 2647, 2633, 2819], ""type"": ""handwritten"", ""text"": ""нимчасових і далеко від справжнього""}, {""bbox"": [220, 2801, 1787, 2972], ""type"": ""handwritten"", ""text"": ""дому - того, что в сердце""}, {""bbox"": [399, 2947, 2462, 3136], ""type"": ""handwritten"", ""text"": ""Перед здаваним кров, і може""}, {""bbox"": [203, 3111, 2777, 3296], ""type"": ""handwritten"", ""text"": ""з нею ще в письмовій серці поселиться""}, {""bbox"": [281, 3262, 2628, 3444], ""type"": ""handwritten"", ""text"": ""любов до слів \""допіру\"", \""димлянко\"",""}, {""bbox"": [274, 3421, 2629, 3580], ""type"": ""handwritten"", ""text"": ""ги \""кияжі\"". Треба цілуватися, коли""}, {""bbox"": [271, 3566, 2734, 3728], ""type"": ""handwritten"", ""text"": ""випадає нагоди, і казати не, що на думці""}]"
84fa6920-a410-4191-9e3a-c59eb8a410b5.jpg,"[{""bbox"": [1363, 0, 1521, 67], ""type"": ""handwritten"", ""text"": ""відносне""}, {""bbox"": [1384, 476, 1477, 527], ""type"": ""annotation"", ""text"": ""4, 12""}, {""bbox"": [989, 481, 1060, 525], ""type"": ""handwritten"", ""text"": ""88,6""}, {""bbox"": [108, 585, 315, 655], ""type"": ""handwritten"", ""text"": ""Висновок""}, {""bbox"": [154, 645, 1656, 758], ""type"": ""handwritten"", ""text"": ""Видобуток в Канаді та США показує відмінне відхилення, що""}, {""bbox"": [66, 730, 1656, 860], ""type"": ""handwritten"", ""text"": ""свідчить про зменшення видобутку. У Китаї позитивне відхилення""}, {""bbox"": [59, 804, 409, 894], ""type"": ""handwritten"", ""text"": ""видобуток зріс.""}, {""bbox"": [163, 892, 1656, 1009], ""type"": ""handwritten"", ""text"": ""Експорт в Канаді та США зріс, в Китаї експорт не змінювся""}, {""bbox"": [154, 989, 1655, 1112], ""type"": ""handwritten"", ""text"": ""Запор в Китаї та Канаді зріс на 4,56% та 5,76% відпо""}, {""bbox"": [159, 1078, 1648, 1200], ""type"": ""handwritten"", ""text"": ""Місткість ринку в Банахі і США зменшилась на -24,71%""}, {""bbox"": [88, 1176, 1423, 1292], ""type"": ""handwritten"", ""text"": ""- 4,87% відповідно тоді як в Китаї зросла на 4,72%""}]"
86625e72-e149-415a-b51e-cbe1bd7dd644.jpg,"[{""bbox"": [137, 192, 548, 242], ""type"": ""handwritten"", ""text"": ""Вимірки кметикової ери.""}, {""bbox"": [35, 226, 540, 279], ""type"": ""handwritten"", ""text"": ""На примере минуточного Гисего-""}, {""bbox"": [34, 253, 559, 309], ""type"": ""handwritten"", ""text"": ""На привітання: 1 ліття читачу! Ступіньовано запису,""}, {""bbox"": [34, 294, 561, 340], ""type"": ""handwritten"", ""text"": ""вами: невшие електронні посіл""}, {""bbox"": [42, 322, 570, 369], ""type"": ""handwritten"", ""text"": ""вигіслять традиційну кімнату.""}, {""bbox"": [35, 362, 563, 404], ""type"": ""handwritten"", ""text"": ""Але коли Джоан Роллінг""}, {""bbox"": [34, 363, 562, 403], ""type"": ""handwritten"", ""text"": ""Алеб коли Дмион Яголінг""}, {""bbox"": [37, 393, 531, 433], ""type"": ""handwritten"", ""text"": ""написала Гаррі Поттера і й""}, {""bbox"": [31, 429, 547, 471], ""type"": ""handwritten"", ""text"": ""серия романов розыглекася его""}, {""bbox"": [29, 464, 560, 503], ""type"": ""handwritten"", ""text"": ""емьбойнилш наперовшее как-""}, {""bbox"": [30, 499, 556, 536], ""type"": ""handwritten"", ""text"": ""подали, не погашая втройном""}, {""bbox"": [29, 530, 576, 570], ""type"": ""handwritten"", ""text"": ""свою постройку. Сьогодні більш""}, {""bbox"": [30, 566, 529, 603], ""type"": ""handwritten"", ""text"": ""мени, що електронні носії,""}, {""bbox"": [30, 600, 558, 636], ""type"": ""handwritten"", ""text"": ""прикасайся пока что не ство-""}, {""bbox"": [31, 635, 563, 677], ""type"": ""handwritten"", ""text"": ""нноють кардинальної загрози""}, {""bbox"": [45, 672, 414, 704], ""type"": ""handwritten"", ""text"": ""пакеровыми книжками.""}, {""bbox"": [26, 701, 489, 739], ""type"": ""handwritten"", ""text"": ""Проте з'явилася ворога не""}, {""bbox"": [38, 735, 576, 778], ""type"": ""handwritten"", ""text"": ""винадрово, гадаю це бог так""}, {""bbox"": [37, 773, 564, 812], ""type"": ""handwritten"", ""text"": ""готує, нас до далеких ман-""}, {""bbox"": [39, 806, 500, 860], ""type"": ""handwritten"", ""text"": ""дійвок. Це ви підсумув""}]"
8772d631-a32a-4004-b46b-64fec1300d83.jpg,"[{""bbox"": [37, 21, 1580, 121], ""type"": ""handwritten"", ""text"": ""Європейський Земний курс - це стратегія ЄС, спрямована на""}, {""bbox"": [37, 118, 1604, 214], ""type"": ""handwritten"", ""text"": ""дослідження кількісної неінформаційної до 2050р. Основними цілями""}, {""bbox"": [20, 204, 834, 304], ""type"": ""handwritten"", ""text"": ""та залоздним Зеленого курсу є:""}, {""bbox"": [60, 287, 1652, 433], ""type"": ""handwritten"", ""text"": ""Зниження викидів CO₂ (до 2030 р. планується скоротити викиди на 55% порівняно з 1990 р.)""}, {""bbox"": [130, 400, 667, 482], ""type"": ""handwritten"", ""text"": ""на 55%. поп. з 1980р.)""}, {""bbox"": [54, 470, 1646, 617], ""type"": ""handwritten"", ""text"": ""- перехід на відновлювану енергетику (сонячна, вітрова та водяна)\n- енергоефективність будівель (наприклад,""}, {""bbox"": [49, 493, 1641, 689], ""type"": ""handwritten"", ""text"": ""переход на відновлювану енергетику (сонячна, вітрова та водяна)\n- енергоефективність будівель (модернізація пита для екон. спож.)\n- утилізація сміття (від""}, {""bbox"": [47, 573, 1646, 765], ""type"": ""handwritten"", ""text"": ""- енергоефективність будівель (модернізація плити для екон. спож.)\n- циркулярна економіка (повторне використання та переробка відходів)""}, {""bbox"": [55, 574, 1642, 769], ""type"": ""handwritten"", ""text"": ""переоснастити будівлі (модернізація кімнат для екон. спож.) циркулярна економіка (повторне використання та переробка відходів збереження рідкісних ресурсів""}, {""bbox"": [42, 701, 1159, 827], ""type"": ""handwritten"", ""text"": ""- збереження рідномовних тварин та рослин\n- Just Baritua""}, {""bbox"": [39, 743, 1644, 924], ""type"": ""handwritten"", ""text"": ""збереження різноманітних тварин та рослин.\n- Just Transition (підтримка регіонів, які залежать від вугілля. трансіція.)""}, {""bbox"": [37, 803, 1637, 1010], ""type"": ""handwritten"", ""text"": ""Just transition (підтримка регіонів, які залежать від вугілля. рішення). Роль Зеленого курсу є такою ж дуже важливою. Вона стимулює інно-""}, {""bbox"": [28, 865, 1633, 1020], ""type"": ""handwritten"", ""text"": ""Роль Зеленого курсу є таким думки вами вивчено. Вона стимулює інно-""}, {""bbox"": [31, 891, 1621, 1103], ""type"": ""handwritten"", ""text"": ""Толь зеленого курсу є таком уди вамивного. Вона стимулює інновацій в деяких технологіях\"", покращує якість людською миття ра""}, {""bbox"": [31, 987, 1614, 1181], ""type"": ""handwritten"", ""text"": ""важій в діяльності технологій\"", покращує якість людської миттєвості та впливає на мобільну політику, є учасником інших країн до спільних""}, {""bbox"": [27, 1049, 1623, 1194], ""type"": ""handwritten"", ""text"": ""впливає на міжнародну політику, є учасником інших країн до спільних дій проти впливу країн""}, {""bbox"": [20, 1141, 660, 1241], ""type"": ""handwritten"", ""text"": ""діє кроти зміни клімату.""}, {""bbox"": [15, 1225, 267, 1321], ""type"": ""handwritten"", ""text"": ""Задание 2""}, {""bbox"": [1256, 1283, 1365, 1355], ""type"": ""annotation"", ""text"": ""20""}, {""bbox"": [28, 1308, 1604, 1418], ""type"": ""handwritten"", ""text"": ""Соціальні мандрівник-ця система управління соц. процесами тс""}, {""bbox"": [26, 1388, 1634, 1493], ""type"": ""handwritten"", ""text"": ""відносинами в організації з метою досягнення гармонії між економі""}, {""bbox"": [24, 1482, 1577, 1565], ""type"": ""handwritten"", ""text"": ""свою ефективність та соціальними потребами працівників.Основою""}, {""bbox"": [26, 1540, 1581, 1657], ""type"": ""handwritten"", ""text"": ""управління персоналом, керівництвом, трудові відносини, соціальні""}, {""bbox"": [30, 1606, 1533, 1720], ""type"": ""handwritten"", ""text"": ""зарахованих підприємств, трудових відхилених, соціальних гарантій, добробут працівників, економічну відповідальність тощо.""}, {""bbox"": [21, 1692, 710, 1770], ""type"": ""handwritten"", ""text"": ""Оцінити свої. Менеджменту є:""}, {""bbox"": [33, 1753, 1358, 1838], ""type"": ""handwritten"", ""text"": ""- підвищення задоволеності працівників умовами праці""}, {""bbox"": [33, 1819, 1442, 1902], ""type"": ""handwritten"", ""text"": ""- гармонізація відносин між працівниками та керівництвом""}, {""bbox"": [27, 1883, 1053, 1966], ""type"": ""handwritten"", ""text"": ""- социальные стабильность впереди компаний.""}, {""bbox"": [27, 1951, 1571, 2079], ""type"": ""handwritten"", ""text"": ""- формування позитивного іміджу компанії як соц. відповідального підприємства.""}, {""bbox"": [16, 2065, 1500, 2179], ""type"": ""handwritten"", ""text"": ""- інспекція соц. програм управління управління підприємством\n- підвищення мотивації""}, {""bbox"": [15, 2117, 1246, 2234], ""type"": ""handwritten"", ""text"": ""- підвищення мотивації та продуктивності праці""}, {""bbox"": [21, 2191, 1463, 2313], ""type"": ""handwritten"", ""text"": ""- соб. видповідальність перед суспільством, державою, економікою""}]"
8b0afa40-06bb-5843-8d82-c4dd90e456c1.jpg,"[{""bbox"": [2197, 839, 2452, 1077], ""type"": ""handwritten"", ""text"": ""Kao""}, {""bbox"": [425, 977, 852, 1367], ""type"": ""handwritten"", ""text"": ""25""}, {""bbox"": [2925, 989, 3253, 1184], ""type"": ""handwritten"", ""text"": ""4.A""}, {""bbox"": [2916, 1207, 3449, 1533], ""type"": ""handwritten"", ""text"": ""8. XA""}, {""bbox"": [430, 1342, 854, 1728], ""type"": ""handwritten"", ""text"": ""3.B""}, {""bbox"": [2923, 1501, 3349, 1835], ""type"": ""handwritten"", ""text"": ""9.6""}, {""bbox"": [367, 1718, 856, 2085], ""type"": ""handwritten"", ""text"": ""9. A""}, {""bbox"": [2926, 1833, 3429, 2158], ""type"": ""handwritten"", ""text"": ""10.[""}, {""bbox"": [339, 2133, 829, 2519], ""type"": ""handwritten"", ""text"": ""5. A""}, {""bbox"": [2949, 2474, 3584, 2789], ""type"": ""handwritten"", ""text"": ""12.6√3""}, {""bbox"": [275, 2493, 891, 2886], ""type"": ""handwritten"", ""text"": ""6. (1)""}]"
8c457781-c5c3-4648-90d3-22c5c95d2abf.jpg,"[{""bbox"": [1941, 204, 2070, 356], ""type"": ""annotation"", ""text"": ""61""}, {""bbox"": [1941, 210, 2065, 353], ""type"": ""annotation"", ""text"": ""61""}, {""bbox"": [246, 376, 1833, 452], ""type"": ""handwritten"", ""text"": ""TOB. (Marked with a dot)""}, {""bbox"": [479, 565, 2211, 641], ""type"": ""printed"", ""text"": ""Запрошується Вас на товариські сходини відділу""}, {""bbox"": [334, 665, 2189, 751], ""type"": ""printed"", ""text"": ""ЗОУПСР котрі відбудуться в суботу 6 цього листопад""}, {""bbox"": [332, 776, 2186, 847], ""type"": ""printed"", ""text"": ""о 3 годині дня в помешканні Українського Інституту""}, {""bbox"": [341, 875, 1571, 950], ""type"": ""printed"", ""text"": ""Громадознавства, Шежікова, 4/ІІІ.""}, {""bbox"": [554, 984, 1680, 1053], ""type"": ""printed"", ""text"": ""Порядок денний: Біжучі справи.""}, {""bbox"": [1651, 1120, 2024, 1196], ""type"": ""annotation"", ""text"": ""4/XI 1926.""}, {""bbox"": [1653, 1121, 2021, 1196], ""type"": ""printed"", ""text"": ""4/XI 1926.""}, {""bbox"": [1086, 1283, 1686, 1354], ""type"": ""printed"", ""text"": ""Президія.""}]"
8d61156d-be9d-43a5-82b8-8ac68bb0c74f.jpg,"[{""bbox"": [404, 122, 569, 155], ""type"": ""handwritten"", ""text"": ""Треба жити""}, {""bbox"": [117, 178, 683, 212], ""type"": ""handwritten"", ""text"": ""Жити треба уікаюо. Читати книжки, хо""}, {""bbox"": [123, 209, 852, 249], ""type"": ""handwritten"", ""text"": ""Треба жити. Натіс сила, не трошка, не звітру, не після,""}, {""bbox"": [122, 224, 1078, 282], ""type"": ""handwritten"", ""text"": ""Треба жити. Натів сила, не трошка, не злістя, не По справжньому. Зараз, зараз. Треба гладити котів, збірати грибчі,""}, {""bbox"": [120, 271, 1104, 322], ""type"": ""handwritten"", ""text"": ""вести усунення з фронту на інтерсіті, робити ремонт і приносити""}, {""bbox"": [120, 307, 1061, 360], ""type"": ""handwritten"", ""text"": ""частя тим, кого любимо. Треба кульбрати сукні з лелітками і""}, {""bbox"": [120, 343, 1082, 396], ""type"": ""handwritten"", ""text"": ""даття тад, кого любимо. донодити на військо, пишу-""}, {""bbox"": [121, 384, 1117, 431], ""type"": ""handwritten"", ""text"": ""кувати генератору, бо на перший урок треба принести каштанів.""}, {""bbox"": [122, 426, 1119, 471], ""type"": ""handwritten"", ""text"": ""Треба любити свій дім навіть якщо він гімчасовий і дарекчо""}, {""bbox"": [123, 467, 1110, 511], ""type"": ""printed"", ""text"": ""він спробуваного дому, того, що в серці. Треба здатати кров і мо-""}, {""bbox"": [124, 511, 1072, 548], ""type"": ""printed"", ""text"": ""же з нею ще в чиємусь серці поселиться любов до спів.""}, {""bbox"": [129, 557, 206, 585], ""type"": ""handwritten"", ""text"": ""don't""}, {""bbox"": [124, 593, 1084, 632], ""type"": ""printed"", ""text"": ""Треба чулуватися, коли випадає нагода, і казати те, що на""}, {""bbox"": [129, 629, 1130, 667], ""type"": ""printed"", ""text"": ""думу. Немає часу на під тони. Матеріальне крихке, життя тікає""}, {""bbox"": [129, 671, 1126, 709], ""type"": ""printed"", ""text"": ""крізь пальців. Справжнім виявилось тільки те, за що не можна""}, {""bbox"": [131, 712, 1110, 752], ""type"": ""printed"", ""text"": ""схопитись руками: спогади, сміх і любов. Що треба плакати,""}, {""bbox"": [135, 751, 1142, 787], ""type"": ""printed"", ""text"": ""коли можеться. За все те, що ніколи б не мало з нами статися""}, {""bbox"": [135, 790, 1106, 827], ""type"": ""printed"", ""text"": ""За те, що ми не тільки знаємо, як пишеться далековійний""}, {""bbox"": [135, 831, 1097, 867], ""type"": ""printed"", ""text"": ""дрон або балістична ракета, а ці розрізняємо їх на слух.""}, {""bbox"": [141, 877, 1148, 914], ""type"": ""printed"", ""text"": ""Росіяни хочуть, щоб ми стали схожими на них, скили у віч-""}, {""bbox"": [139, 924, 1140, 969], ""type"": ""printed"", ""text"": ""ній гризоті. А ми будемо жити чікаво в супереч історії 1""}, {""bbox"": [141, 968, 973, 1013], ""type"": ""printed"", ""text"": ""заради тих хто після нас говоритиме нашою мовою.""}]"
8f108fd4-5550-5493-93bd-fc43c53068b4.jpg,"[{""bbox"": [99, 5, 2604, 189], ""type"": ""handwritten"", ""text"": ""лексикографія - розділ лінгвістики, що""}, {""bbox"": [94, 168, 2831, 351], ""type"": ""handwritten"", ""text"": ""займається теорією та практикою створення""}, {""bbox"": [92, 328, 1654, 496], ""type"": ""handwritten"", ""text"": ""словників (словникорами)""}, {""bbox"": [91, 484, 1392, 654], ""type"": ""handwritten"", ""text"": ""Ордені́чний ви́мови""}, {""bbox"": [86, 636, 2238, 812], ""type"": ""handwritten"", ""text"": ""біфуркаційний-правильне написання""}, {""bbox"": [78, 799, 1951, 975], ""type"": ""handwritten"", ""text"": ""Морфеми - корінь, суфікс, префікс.""}, {""bbox"": [86, 952, 2424, 1142], ""type"": ""handwritten"", ""text"": ""1586р.-Іслявник Лаврентія Зізанія""}, {""bbox"": [85, 1126, 1612, 1303], ""type"": ""handwritten"", ""text"": ""1627р. - Палмо Берлинди""}, {""bbox"": [82, 1257, 2920, 1466], ""type"": ""handwritten"", ""text"": ""1798 - словарь до \""Энеида\"" 1.Кондревского""}, {""bbox"": [85, 1447, 1490, 1641], ""type"": ""handwritten"", ""text"": ""1907-1909 - Б. Блиновский""}, {""bbox"": [589, 1940, 1856, 2107], ""type"": ""handwritten"", ""text"": ""Примоедение сгены""}, {""bbox"": [770, 2087, 1945, 2263], ""type"": ""handwritten"", ""text"": ""Коллажная работа""}, {""bbox"": [114, 2249, 2956, 2439], ""type"": ""handwritten"", ""text"": ""баридори, квадрати, пекала, піску, світизя,""}, {""bbox"": [98, 2410, 2858, 2591], ""type"": ""handwritten"", ""text"": ""идротелем, клема, Курская, Южная, геноска,""}, {""bbox"": [89, 2578, 2957, 2770], ""type"": ""handwritten"", ""text"": ""коленца, балык, льону, камень, матопада.""}, {""bbox"": [98, 2870, 2938, 3083], ""type"": ""handwritten"", ""text"": ""Вчакання - м. ; Насі - 20. ; Лічковий - с.""}, {""bbox"": [69, 3052, 1357, 3266], ""type"": ""handwritten"", ""text"": ""Соне-с; Мацокі-с""}]"
8f730993-8a0f-436f-b56a-e710851adad4.jpg,"[{""bbox"": [271, 109, 809, 167], ""type"": ""handwritten"", ""text"": ""З Гоци - по прямому брату""}, {""bbox"": [273, 109, 1103, 163], ""type"": ""handwritten"", ""text"": ""З Гащи - по прижилу дроту Копія з копії""}, {""bbox"": [263, 172, 786, 212], ""type"": ""handwritten"", ""text"": ""18-20 Квітня 1919 р. 10½ год. бер.""}, {""bbox"": [226, 282, 1044, 338], ""type"": ""handwritten"", ""text"": ""Противеврейской агитацией не було. Моше пело:""}, {""bbox"": [160, 346, 1014, 401], ""type"": ""handwritten"", ""text"": ""розуміння. Всяка вечеран було непорозуміння з""}, {""bbox"": [165, 400, 1069, 461], ""type"": ""handwritten"", ""text"": ""Бону діловода другого заморінського куріння, іме:""}, {""bbox"": [166, 458, 1066, 515], ""type"": ""handwritten"", ""text"": ""ом Тейнори і місці відремонтувати. Діловод займав""}, {""bbox"": [165, 516, 1076, 578], ""type"": ""handwritten"", ""text"": ""до місцевого свящ-Дубида Ученика, посидів тро""}, {""bbox"": [165, 577, 1036, 635], ""type"": ""handwritten"", ""text"": ""ли, потім вдягли кияну й підійшов дев'яним.""}, {""bbox"": [163, 631, 1070, 688], ""type"": ""handwritten"", ""text"": ""по підпалах, вертуючись назад, сів. Біля вітала,""}, {""bbox"": [158, 686, 1031, 752], ""type"": ""handwritten"", ""text"": ""дам їому грою; мовили пай, він вийшов, той""}, {""bbox"": [160, 748, 1071, 808], ""type"": ""handwritten"", ""text"": ""послал бить седа самопала. Шварц изо Дубе""}, {""bbox"": [159, 807, 1047, 867], ""type"": ""handwritten"", ""text"": ""да Ученика, зауваживши цього педагога, вийшов з""}, {""bbox"": [164, 866, 1038, 931], ""type"": ""handwritten"", ""text"": ""містечко, зробив своїм, ніяк поо збігова""}, {""bbox"": [167, 925, 1043, 980], ""type"": ""handwritten"", ""text"": ""Болато людей, обезбройтим його евреї, нісся того""}, {""bbox"": [167, 980, 1056, 1038], ""type"": ""handwritten"", ""text"": ""И-к взяв министерствіе, упрвіл чього дѣловода до""}, {""bbox"": [165, 1040, 1056, 1100], ""type"": ""handwritten"", ""text"": ""кацелярій; розібравши й з приводу орахунка""}, {""bbox"": [167, 1096, 1073, 1155], ""type"": ""handwritten"", ""text"": ""поселення-євреї відпустивши його. Сьогодні-же він:""}, {""bbox"": [170, 1158, 1071, 1217], ""type"": ""handwritten"", ""text"": ""їхало 9 козаків того пуріння, ходили по місячку,""}, {""bbox"": [169, 1218, 1077, 1268], ""type"": ""handwritten"", ""text"": ""агітациї не велі, а мільки мавем поміну били,""}, {""bbox"": [171, 1272, 1078, 1334], ""type"": ""handwritten"", ""text"": ""що кінцем дві банди за місемеркан, що вони як""}, {""bbox"": [174, 1330, 1076, 1388], ""type"": ""handwritten"", ""text"": ""-Би вчимсе и пробували ги не динеувава по""}, {""bbox"": [163, 1388, 1053, 1447], ""type"": ""handwritten"", ""text"": ""роя. Зорад цих розків з вони нема. Поймані""}, {""bbox"": [170, 1444, 1053, 1496], ""type"": ""handwritten"", ""text"": ""в село Красносілля, якіре від гощи -4 вер.,""}, {""bbox"": [167, 1500, 1065, 1560], ""type"": ""handwritten"", ""text"": ""за саламоту. Могу надею, что будущий верим:""}, {""bbox"": [170, 1558, 1097, 1618], ""type"": ""handwritten"", ""text"": ""бились через боку и можем ужеворимым бешен.""}, {""bbox"": [172, 1615, 1100, 1679], ""type"": ""handwritten"", ""text"": ""Каламбір його вудінь, Гаярізел українського""}, {""bbox"": [164, 1675, 1065, 1735], ""type"": ""handwritten"", ""text"": ""зробити труе, між населянням, зброєю, на що""}]"
8f883660-a534-4b7a-aca8-18b7fc97bf90.jpg,"[{""bbox"": [1227, 111, 1497, 167], ""type"": ""printed"", ""text"": ""Ukrajinskyj""}, {""bbox"": [227, 119, 542, 174], ""type"": ""printed"", ""text"": ""Український""}, {""bbox"": [1058, 175, 1660, 231], ""type"": ""printed"", ""text"": ""Hromadskyj Vydavnyčyj""}, {""bbox"": [72, 183, 701, 234], ""type"": ""printed"", ""text"": ""Громадський Видавничий""}, {""bbox"": [1304, 243, 1422, 287], ""type"": ""printed"", ""text"": ""Fond""}, {""bbox"": [330, 249, 457, 293], ""type"": ""printed"", ""text"": ""Фонд""}, {""bbox"": [1082, 257, 1730, 351], ""type"": ""printed"", ""text"": ""Fond\ntiskové a nakladatelské družstvo""}, {""bbox"": [61, 306, 710, 348], ""type"": ""printed"", ""text"": ""друкарське та видавниче товариство""}, {""bbox"": [1287, 350, 1433, 382], ""type"": ""printed"", ""text"": ""v Praze,""}, {""bbox"": [312, 351, 468, 391], ""type"": ""printed"", ""text"": ""в Празі,""}, {""bbox"": [1099, 393, 1614, 430], ""type"": ""printed"", ""text"": ""zapsané společenstvo s ručením""}, {""bbox"": [97, 400, 673, 433], ""type"": ""printed"", ""text"": ""зареєстроване т-во з обмеженою""}, {""bbox"": [233, 445, 540, 483], ""type"": ""printed"", ""text"": ""відповідальністю""}, {""bbox"": [322, 496, 1429, 555], ""type"": ""printed"", ""text"": ""ČSR. Praha-Vršovice, Sámova č. 665.""}, {""bbox"": [1336, 599, 1392, 667], ""type"": ""annotation"", ""text"": ""7.""}, {""bbox"": [1348, 600, 1605, 669], ""type"": ""annotation"", ""text"": ""7.Ⅲ.28""}, {""bbox"": [320, 739, 1287, 809], ""type"": ""printed"", ""text"": ""до Члена Надвірної Ради УТВО""}, {""bbox"": [185, 808, 1734, 924], ""type"": ""printed"", ""text"": ""М. Шаповалова""}, {""bbox"": [97, 1042, 1718, 1116], ""type"": ""printed"", ""text"": ""березня ц.р. о 9½ год. рано в помешканні Україн.""}, {""bbox"": [101, 1149, 1653, 1221], ""type"": ""printed"", ""text"": ""Інституту Громадознавства (Прага ІІІ, Шенікова,""}, {""bbox"": [94, 1252, 1595, 1319], ""type"": ""printed"", ""text"": ""3/III) відбудуться спільні збори Презіння і""}, {""bbox"": [100, 1359, 602, 1427], ""type"": ""printed"", ""text"": ""Надзвірної Ради.""}, {""bbox"": [200, 1467, 706, 1530], ""type"": ""printed"", ""text"": ""Порядок дней:""}, {""bbox"": [100, 1564, 873, 1636], ""type"": ""printed"", ""text"": ""I. Інформації Правління.""}, {""bbox"": [99, 1664, 1180, 1736], ""type"": ""printed"", ""text"": ""2.Річні звичайні загальні збори.""}, {""bbox"": [96, 1767, 1016, 1845], ""type"": ""printed"", ""text"": ""3.Зміна статуту в §§ 8 і 37""}, {""bbox"": [95, 1880, 639, 1946], ""type"": ""printed"", ""text"": ""4.Біжучі справи.""}, {""bbox"": [741, 1971, 1223, 2036], ""type"": ""printed"", ""text"": ""Правління УГВО""}, {""bbox"": [563, 2201, 1590, 2420], ""type"": ""handwritten"", ""text"": ""Павел Форсайт Фритьош""}]"
8fd0b710-7b73-5e10-99c1-9c9c7e975390.jpg,"[{""bbox"": [378, 165, 1566, 388], ""type"": ""formula"", ""text"": ""8. $A(2;-3;1)$""}, {""bbox"": [727, 367, 1331, 539], ""type"": ""formula"", ""text"": ""B(0,1,3)""}, {""bbox"": [502, 537, 1939, 1079], ""type"": ""formula"", ""text"": ""$$\\cos \\angle B = \\frac { \\overrightarrow { A B } \\cdot \\overrightarrow { A C } } { | \\overrightarrow { A B } | \\cdot | \\overrightarrow { B C } | }$$""}, {""bbox"": [2103, 588, 2954, 886], ""type"": ""formula"", ""text"": ""$\\overrightarrow{AB}(2,-4,-2)$""}, {""bbox"": [2160, 864, 2884, 1072], ""type"": ""formula"", ""text"": ""B \\left( -2, -1, 0 \\right)""}, {""bbox"": [516, 1018, 1417, 1300], ""type"": ""formula"", ""text"": ""$$\\overrightarrow { A B } \\cdot \\overrightarrow { A C } = 0$$""}, {""bbox"": [573, 1245, 3033, 1506], ""type"": ""handwritten"", ""text"": ""оскільки #811 скинути дообутого""}, {""bbox"": [563, 1460, 1776, 1728], ""type"": ""handwritten"", ""text"": ""mo AB ⊥ AC""}, {""bbox"": [718, 1731, 1289, 1890], ""type"": ""formula"", ""text"": ""$\\angle B=90^{\\circ}$""}]"
8fe7dd6d-ec76-538a-a07a-1d30573dbec0.jpg,"[{""bbox"": [210, 383, 2627, 645], ""type"": ""handwritten"", ""text"": ""1. Мұлықталған 1-ге тең калорийдікке""}, {""bbox"": [218, 521, 2523, 779], ""type"": ""handwritten"", ""text"": ""дизирнос форми пригматалони""}, {""bbox"": [219, 718, 2626, 963], ""type"": ""handwritten"", ""text"": ""екіфізіології на одному космічному""}, {""bbox"": [221, 919, 2825, 1142], ""type"": ""handwritten"", ""text"": ""популяція тканинної зв'язки""}, {""bbox"": [226, 980, 2595, 1276], ""type"": ""handwritten"", ""text"": ""піддань та місцевої, звітної\nі підприємницької або, останнім""}, {""bbox"": [232, 1231, 2952, 1484], ""type"": ""handwritten"", ""text"": ""палим все пасмінне-апіваду і під""}, {""bbox"": [131, 1389, 2593, 1634], ""type"": ""handwritten"", ""text"": ""2. - мехает, рукою с пердхом""}, {""bbox"": [32, 1455, 2532, 1785], ""type"": ""handwritten"", ""text"": ""а. - мехает, руками с нервовыми усилками зображена оцей""}, {""bbox"": [195, 1774, 1747, 1950], ""type"": ""handwritten"", ""text"": ""той видео объект.""}, {""bbox"": [11, 1946, 2512, 2153], ""type"": ""handwritten"", ""text"": ""3. сигнала (написано), атруи""}, {""bbox"": [122, 2140, 2293, 2323], ""type"": ""handwritten"", ""text"": ""того) периферийный на""}, {""bbox"": [144, 2319, 2432, 2503], ""type"": ""handwritten"", ""text"": ""війому проміжний чену.""}, {""bbox"": [77, 2491, 2131, 2675], ""type"": ""handwritten"", ""text"": ""4. дискретной логикой""}, {""bbox"": [123, 2673, 2677, 2861], ""type"": ""handwritten"", ""text"": ""шалала інкрдимостанків""}, {""bbox"": [89, 2871, 2745, 3068], ""type"": ""handwritten"", ""text"": ""появлется около моста здешо""}, {""bbox"": [53, 3067, 2559, 3260], ""type"": ""handwritten"", ""text"": ""вони тільки перекривають""}, {""bbox"": [113, 3242, 3019, 3458], ""type"": ""handwritten"", ""text"": ""Та моти тільки екіпажу кількі""}]"
904249d2-3ecc-481c-94f8-bdb2ce82906b.jpg,"[{""bbox"": [160, 150, 398, 184], ""type"": ""handwritten"", ""text"": ""Виклики книжкової ери""}, {""bbox"": [42, 172, 572, 214], ""type"": ""handwritten"", ""text"": ""Наприкінці минулого тисячоліття читачі стурбовані""}, {""bbox"": [4, 268, 562, 307], ""type"": ""handwritten"", ""text"": ""сала \""Гаррі Поттера\"" і її серія романів розійшлися""}, {""bbox"": [4, 301, 556, 341], ""type"": ""handwritten"", ""text"": ""стамільйонними паперовими накладами, це ти-""}, {""bbox"": [4, 336, 360, 367], ""type"": ""handwritten"", ""text"": ""тання втратило свою гостроту.""}, {""bbox"": [53, 358, 563, 397], ""type"": ""handwritten"", ""text"": ""Сьогодні більш-менш зрозуміло, що електронні носії,""}, {""bbox"": [6, 388, 565, 423], ""type"": ""handwritten"", ""text"": ""принаймні поки що, не створюють кардинальної за-""}, {""bbox"": [9, 415, 558, 449], ""type"": ""handwritten"", ""text"": ""гроzi паперовими книжками. Проте з'явилися вони""}, {""bbox"": [8, 445, 546, 474], ""type"": ""handwritten"", ""text"": ""не випадково. Гадаю, що Бог так хотів нас до далеких""}, {""bbox"": [57, 469, 537, 497], ""type"": ""handwritten"", ""text"": ""дрівок. Це він підсунув нам чаджети, щоб ми змог""}, {""bbox"": [10, 494, 525, 521], ""type"": ""handwritten"", ""text"": ""кошів забрати з собою на інші планети свої улюблені""}, {""bbox"": [7, 518, 553, 545], ""type"": ""handwritten"", ""text"": ""книжки, музику, фотографії, картини, або як інакше вда-""}, {""bbox"": [13, 543, 184, 569], ""type"": ""handwritten"", ""text"": ""мся б це зробити?""}, {""bbox"": [10, 580, 563, 609], ""type"": ""handwritten"", ""text"": ""інших світів, паперова книжка в безпеці. Однак деякі науков-""}, {""bbox"": [8, 603, 560, 630], ""type"": ""handwritten"", ""text"": ""ці стверджують, що наші люди нарешті зможуть загати""}, {""bbox"": [5, 647, 560, 671], ""type"": ""handwritten"", ""text"": ""модьке дитя буде схоже надихе на знайомий кінемато-""}, {""bbox"": [5, 666, 557, 694], ""type"": ""handwritten"", ""text"": ""графічним об'єднанням елементів з великою головою, описаним на""}, {""bbox"": [4, 712, 548, 739], ""type"": ""handwritten"", ""text"": ""нас, такі приємні відчуття, як гортання сторінок, запах""}, {""bbox"": [4, 712, 547, 739], ""type"": ""handwritten"", ""text"": ""нас, такі приємні відчуття, як гортання сторінок, запах""}, {""bbox"": [2, 734, 549, 764], ""type"": ""handwritten"", ""text"": ""паперу, будуть невідомі. Усі, напевно, вже аж тоді й здогадаю""}, {""bbox"": [40, 774, 552, 800], ""type"": ""handwritten"", ""text"": ""Але й це не страшно, гаєвне - читати, і не так важливо -""}, {""bbox"": [1, 797, 522, 826], ""type"": ""handwritten"", ""text"": ""всіх їх наслід. Більшість - це знання й емоції, які, на""}, {""bbox"": [0, 847, 155, 878], ""type"": ""handwritten"", ""text"": ""з ними надо быть.""}]"
905fe63b-de06-4844-b5cf-d67f29821de4.jpg,"[{""bbox"": [159, 133, 395, 168], ""type"": ""handwritten"", ""text"": ""Виклики книжкової ери.""}, {""bbox"": [126, 174, 515, 209], ""type"": ""handwritten"", ""text"": ""Наприклад минулого тисячоліття гітагі""}, {""bbox"": [60, 200, 522, 233], ""type"": ""handwritten"", ""text"": ""стурбовано запитували: \""Невісє електронні носії\""""}, {""bbox"": [58, 226, 530, 256], ""type"": ""handwritten"", ""text"": ""вотисната традицијну нишку? \"" Мислком Аусоан""}, {""bbox"": [54, 246, 528, 279], ""type"": ""handwritten"", ""text"": ""Ролінг неписала \""Гаррі Поттере\"" і її серія""}, {""bbox"": [57, 267, 535, 300], ""type"": ""handwritten"", ""text"": ""рочанів розійшлися столітніми переровими""}, {""bbox"": [50, 293, 544, 323], ""type"": ""handwritten"", ""text"": ""накладали, це питання втратило свію гостроту.""}, {""bbox"": [114, 316, 544, 346], ""type"": ""handwritten"", ""text"": ""Свогофін більш-менш зрозуміло, що електронні""}, {""bbox"": [113, 317, 546, 347], ""type"": ""handwritten"", ""text"": ""Свого́рни́б більш-менш зрозуміло, що електромні""}, {""bbox"": [57, 341, 537, 369], ""type"": ""handwritten"", ""text"": ""носії, приналежні поки що, не створюють кардинал""}, {""bbox"": [49, 361, 555, 388], ""type"": ""handwritten"", ""text"": ""ної загрози неперевинним книжкам. Проти злочинські""}, {""bbox"": [48, 379, 563, 408], ""type"": ""handwritten"", ""text"": ""вони не випадково. Гадан, це бог так хотів нас""}, {""bbox"": [73, 403, 553, 432], ""type"": ""handwritten"", ""text"": ""далених шандрівок. Це він підсумував найголовніше""}, {""bbox"": [49, 420, 565, 453], ""type"": ""handwritten"", ""text"": ""ти, щоб ми змогли кашкі забрати з собою не інші""}, {""bbox"": [50, 432, 546, 475], ""type"": ""handwritten"", ""text"": ""ти, щоб ми змогли каліс забрати з свою на планети свої улюбленні книги, музику, фотографії,""}, {""bbox"": [140, 481, 540, 523], ""type"": ""handwritten"", ""text"": ""бо їм такіше вдалося\nОтже, дони Іван Мож ще тільки не пів-\nв кишочке в безпеці""}, {""bbox"": [50, 485, 542, 546], ""type"": ""handwritten"", ""text"": ""Ото, дони. Овон маха це тільки не мів\nдурозі до інших світів, наперевозе книжка в безпеці,\nвони, звісно, можуть, переруєють, що коли""}, {""bbox"": [50, 513, 562, 576], ""type"": ""handwritten"", ""text"": ""дворі до інших світів, напереде книжка в руках. Вонес, дійні незмовці, відвердрують, що коли люди, нарешті, зможуть загати і народити в""}, {""bbox"": [45, 557, 565, 612], ""type"": ""handwritten"", ""text"": ""моды, кореша, здравствуйте, добрый день, то тоже людские космичных уловок нове урить, то знайомый кіме- дать буде скорее, радие, не знайомий кіме-""}, {""bbox"": [46, 600, 569, 643], ""type"": ""handwritten"", ""text"": ""метотрадіційний обряд енелетке - з великого гол\nвою, огніве на пів-обігах, слабкими м'язами.""}, {""bbox"": [46, 630, 572, 663], ""type"": ""handwritten"", ""text"": ""Вже мало, але відлишку від неї, такі приємні""}, {""bbox"": [40, 674, 571, 702], ""type"": ""handwritten"", ""text"": ""ру будуть ме відомі. Їхь, належно, втре""}, {""bbox"": [120, 717, 553, 745], ""type"": ""handwritten"", ""text"": ""Але й це не страшно, головне читати""}, {""bbox"": [35, 719, 569, 766], ""type"": ""handwritten"", ""text"": ""Але й це не страшно, головне читати, і не так важливо з яких носіїв. Твої книжки відійшли від шкіл""}, {""bbox"": [33, 751, 576, 809], ""type"": ""handwritten"", ""text"": ""це знання й вміння; які, не відмінну від цього деннього потоку інформації, замішуються з нами""}, {""bbox"": [30, 763, 576, 809], ""type"": ""handwritten"", ""text"": ""це знання й вміння, які, не віддаляючись від цього денного потоку інформації, замішуються з нами""}, {""bbox"": [29, 804, 118, 833], ""type"": ""handwritten"", ""text"": ""надовго.""}, {""bbox"": [133, 863, 171, 899], ""type"": ""annotation"", ""text"": ""Cay""}]"
914c4c2f-2353-57dd-bc21-04571ff7d744.jpg,"[{""bbox"": [61, 41, 2420, 252], ""type"": ""handwritten"", ""text"": ""ного винив на небесному килимі впадиві""}, {""bbox"": [51, 238, 878, 382], ""type"": ""handwritten"", ""text"": ""візерунки - сузір'я.""}, {""bbox"": [140, 354, 2386, 510], ""type"": ""handwritten"", ""text"": ""З давніх-давен люди насправді думають, що""}, {""bbox"": [35, 490, 2355, 628], ""type"": ""handwritten"", ""text"": ""загадкові зоряні фігури розміщені на небі як""}, {""bbox"": [31, 620, 2374, 762], ""type"": ""handwritten"", ""text"": ""неспроста. Чева манівала різні божества, які""}, {""bbox"": [48, 746, 2386, 893], ""type"": ""handwritten"", ""text"": ""знайшли собі пристановицько на небі. Зазвичай""}, {""bbox"": [36, 876, 2301, 1018], ""type"": ""handwritten"", ""text"": ""це були люди, але деколи могли набувати""}, {""bbox"": [37, 1007, 2293, 1158], ""type"": ""handwritten"", ""text"": ""подаби свійсенніше тварин: звірів, птахів, комах.""}, {""bbox"": [23, 1142, 2403, 1274], ""type"": ""handwritten"", ""text"": ""А миже, сузір'я - то міфічні герої-титани, яких""}, {""bbox"": [21, 1260, 2368, 1408], ""type"": ""handwritten"", ""text"": ""чоловічий бог Зевс поселив справжня на небі?""}, {""bbox"": [25, 1395, 2355, 1542], ""type"": ""handwritten"", ""text"": ""Так з'явилися сузір'я легендарного героя Геракла""}, {""bbox"": [18, 1527, 2293, 1669], ""type"": ""handwritten"", ""text"": ""і нездоланного балатоборця Теркулеса, красуні""}, {""bbox"": [23, 1660, 2366, 1808], ""type"": ""handwritten"", ""text"": ""Жасіонеї та її доньки Андромеди, сузір'я Кита""}, {""bbox"": [32, 1788, 2264, 1952], ""type"": ""handwritten"", ""text"": ""і Фракона, Орла і Лебедя, Малої і Великої""}, {""bbox"": [21, 1945, 569, 2079], ""type"": ""handwritten"", ""text"": ""Ведмедичі.""}, {""bbox"": [86, 2048, 2436, 2221], ""type"": ""handwritten"", ""text"": ""Кожен народ по-своєму заселив небо. Ще предки""}, {""bbox"": [0, 2192, 2327, 2342], ""type"": ""handwritten"", ""text"": ""гревьких звіздарів зробили такі події неба""}, {""bbox"": [1, 2330, 2406, 2499], ""type"": ""handwritten"", ""text"": ""на сузір'я, яким і донині послуговують астронав-""}, {""bbox"": [1, 2516, 176, 2622], ""type"": ""handwritten"", ""text"": ""тн,""}]"
92107779-a9bb-59ef-80f0-e0b074acbbc5.jpg,"[{""bbox"": [365, 354, 3415, 715], ""type"": ""handwritten"", ""text"": ""/оюміс, ним ви були до а""}, {""bbox"": [394, 643, 3360, 1075], ""type"": ""handwritten"", ""text"": ""д було художнього\nх зовсім чого не вмівали з Огт""}, {""bbox"": [460, 770, 3516, 1292], ""type"": ""handwritten"", ""text"": ""х зор чого ви втікали з Олто\nполучення волі, а не могла до""}, {""bbox"": [460, 1204, 3517, 1495], ""type"": ""handwritten"", ""text"": ""n gr imyorgert olykxa kologna g""}, {""bbox"": [415, 1498, 706, 1682], ""type"": ""handwritten"", ""text"": ""на""}, {""bbox"": [358, 1599, 3387, 1896], ""type"": ""handwritten"", ""text"": ""Чи вам було цікаво?""}, {""bbox"": [460, 1863, 3516, 2152], ""type"": ""handwritten"", ""text"": ""чак було вже багато шо-""}, {""bbox"": [460, 2263, 3518, 2611], ""type"": ""handwritten"", ""text"": ""ли мкодггтне ви нро ил""}, {""bbox"": [356, 2570, 698, 2827], ""type"": ""handwritten"", ""text"": ""Hi""}]"
97183784-6690-5788-8ff1-656dd9cf9d25.jpg,"[{""bbox"": [432, 446, 1656, 592], ""type"": ""handwritten"", ""text"": ""Історичні форми соціальних""}, {""bbox"": [429, 447, 1652, 594], ""type"": ""handwritten"", ""text"": ""Історичні форми соціальних""}, {""bbox"": [193, 566, 912, 668], ""type"": ""handwritten"", ""text"": ""спільності моделі:""}, {""bbox"": [192, 659, 1453, 770], ""type"": ""handwritten"", ""text"": ""1 Від - це колектив радників""}, {""bbox"": [173, 755, 1669, 888], ""type"": ""handwritten"", ""text"": ""2) Педиа - це об'єднання кількох""}, {""bbox"": [170, 755, 1660, 887], ""type"": ""handwritten"", ""text"": ""2) Педи́я - це об'єднання кількох""}, {""bbox"": [150, 853, 455, 996], ""type"": ""handwritten"", ""text"": ""родів.""}, {""bbox"": [0, 862, 128, 959], ""type"": ""handwritten"", ""text"": ""князь""}, {""bbox"": [168, 945, 1824, 1088], ""type"": ""handwritten"", ""text"": ""3) Надія. Народність - це недостатньо""}, {""bbox"": [193, 1074, 1027, 1157], ""type"": ""handwritten"", ""text"": ""стрілка спільність""}, {""bbox"": [176, 1146, 1635, 1276], ""type"": ""handwritten"", ""text"": ""4/ Казція - вже стійка і найбільш""}, {""bbox"": [153, 1270, 1172, 1389], ""type"": ""handwritten"", ""text"": ""розвинена спільність""}, {""bbox"": [160, 1374, 1625, 1506], ""type"": ""handwritten"", ""text"": ""5/Корд - це стмігна сукуп-""}, {""bbox"": [155, 1494, 820, 1607], ""type"": ""handwritten"", ""text"": ""кість людей""}, {""bbox"": [157, 1590, 1543, 1712], ""type"": ""handwritten"", ""text"": ""Етнос - великі групи людей""}, {""bbox"": [162, 1690, 1555, 1828], ""type"": ""handwritten"", ""text"": ""що виділяються на основі""}, {""bbox"": [169, 1800, 1556, 1923], ""type"": ""handwritten"", ""text"": ""стільності культури, мови,""}, {""bbox"": [166, 1908, 1537, 2047], ""type"": ""handwritten"", ""text"": ""відоматі нерозривності""}, {""bbox"": [166, 2037, 1206, 2173], ""type"": ""handwritten"", ""text"": ""исторической дом""}, {""bbox"": [252, 2191, 899, 2329], ""type"": ""handwritten"", ""text"": ""Видів націй""}, {""bbox"": [121, 2315, 1836, 2442], ""type"": ""handwritten"", ""text"": ""Політика - сильнота громадян""}, {""bbox"": [130, 2428, 1833, 2569], ""type"": ""handwritten"", ""text"": ""первої держави - політична роз""}]"
9800f213-24fb-4371-b3b5-966fc35852ac.jpg,"[{""bbox"": [69, 277, 570, 318], ""type"": ""handwritten"", ""text"": ""від нас, такі присягли відчуття,""}, {""bbox"": [70, 314, 531, 354], ""type"": ""handwritten"", ""text"": ""як портативні еміторів, запах""}, {""bbox"": [70, 348, 551, 393], ""type"": ""handwritten"", ""text"": ""паперу, будуть невідомі. Тоб,""}, {""bbox"": [69, 389, 541, 427], ""type"": ""handwritten"", ""text"": ""напевно, вже аж тоді й запа-""}, {""bbox"": [67, 423, 540, 462], ""type"": ""handwritten"", ""text"": ""нуже ера електропомисої кремтике.""}, {""bbox"": [135, 460, 566, 495], ""type"": ""handwritten"", ""text"": ""Але й це не страшно, голов-""}, {""bbox"": [65, 491, 554, 524], ""type"": ""handwritten"", ""text"": ""не - пістати, і ще так вапнимо,""}, {""bbox"": [63, 521, 526, 557], ""type"": ""handwritten"", ""text"": ""з яких посіїв. Бо князькен - це""}, {""bbox"": [62, 556, 543, 591], ""type"": ""handwritten"", ""text"": ""змінення в екології, які, на відмін""}, {""bbox"": [62, 588, 555, 624], ""type"": ""handwritten"", ""text"": ""ну від щорічного потоку інформ-""}, {""bbox"": [58, 622, 524, 660], ""type"": ""handwritten"", ""text"": ""машині, залежністю від наявності""}, {""bbox"": [58, 647, 168, 687], ""type"": ""handwritten"", ""text"": ""надобно.""}, {""bbox"": [424, 1156, 567, 1225], ""type"": ""image"", ""text"": """"}, {""bbox"": [307, 1210, 367, 1219], ""type"": ""printed"", ""text"": """"}, {""bbox"": [308, 1222, 351, 1230], ""type"": ""printed"", ""text"": """"}, {""bbox"": [1, 1223, 73, 1239], ""type"": ""printed"", ""text"": ""слухают""}, {""bbox"": [306, 1234, 357, 1242], ""type"": ""printed"", ""text"": """"}, {""bbox"": [307, 1246, 354, 1254], ""type"": ""printed"", ""text"": """"}, {""bbox"": [0, 1257, 22, 1273], ""type"": ""printed"", ""text"": ""/oik)""}]"
99680234-73e0-4696-a6b1-44f884eb9dec.jpg,"[{""bbox"": [135, 87, 1066, 217], ""type"": ""handwritten"", ""text"": ""любие про Архипенка.""}, {""bbox"": [136, 201, 1453, 317], ""type"": ""handwritten"", ""text"": ""Рецензия про книжку Шермана про""}, {""bbox"": [88, 306, 402, 401], ""type"": ""handwritten"", ""text"": ""повернули.""}, {""bbox"": [159, 374, 1475, 498], ""type"": ""handwritten"", ""text"": ""Ико рорхаврал дих сгарес, что е в ре-""}, {""bbox"": [56, 469, 1414, 588], ""type"": ""handwritten"", ""text"": ""дакири мв, ро е въе разли 5 къдив""}, {""bbox"": [84, 566, 1480, 680], ""type"": ""handwritten"", ""text"": ""і просив повернути і все мені обіцяли.""}, {""bbox"": [91, 662, 1391, 780], ""type"": ""handwritten"", ""text"": ""Ваш впалаф. Муту сам възгледа.""}, {""bbox"": [170, 772, 1395, 878], ""type"": ""handwritten"", ""text"": ""Я врее тсав Вин - лк що мотжерс""}, {""bbox"": [45, 860, 1395, 987], ""type"": ""handwritten"", ""text"": ""прислале мені коть видані з""}, {""bbox"": [75, 949, 1427, 1075], ""type"": ""handwritten"", ""text"": ""литература для рецензии писат. 1937""}, {""bbox"": [94, 1055, 1462, 1161], ""type"": ""handwritten"", ""text"": ""майже нічого не маючи дітей, або дурне""}, {""bbox"": [89, 1141, 1370, 1245], ""type"": ""handwritten"", ""text"": ""дорого. Кроту Мислаї мені кову""}, {""bbox"": [89, 1236, 1499, 1348], ""type"": ""handwritten"", ""text"": ""химверку: Florian Zápletal: Horjonska""}, {""bbox"": [87, 1335, 1389, 1444], ""type"": ""handwritten"", ""text"": ""rotunda. V obomocí 1923 roku. Сокольский""}, {""bbox"": [65, 1424, 1030, 1568], ""type"": ""handwritten"", ""text"": ""Дух розумів була нещодавно дістарі.""}, {""bbox"": [542, 1530, 1174, 1678], ""type"": ""handwritten"", ""text"": ""Всего доброго!""}, {""bbox"": [492, 1680, 1402, 1860], ""type"": ""handwritten"", ""text"": ""В веліхом повітрі говбас""}, {""bbox"": [711, 1870, 1102, 1977], ""type"": ""handwritten"", ""text"": ""ABO""}, {""bbox"": [154, 1944, 421, 2051], ""type"": ""handwritten"", ""text"": ""Лобачевский""}, {""bbox"": [85, 2078, 582, 2199], ""type"": ""handwritten"", ""text"": ""Замкова, 8""}]"
997b08cc-ead0-4b6a-8f19-ab52789a9244.jpg,"[{""bbox"": [29, 0, 717, 88], ""type"": ""handwritten"", ""text"": ""Зручність і адаптивність.""}, {""bbox"": [26, 77, 699, 154], ""type"": ""handwritten"", ""text"": ""«Ефективність науки»""}, {""bbox"": [30, 196, 1605, 284], ""type"": ""handwritten"", ""text"": ""1. Планування - процес визначення цілей організації та шляхів""}, {""bbox"": [18, 261, 1511, 346], ""type"": ""handwritten"", ""text"": ""их рассеянные мелкие камни разброски стратей, пидев в 4 прочаям.""}, {""bbox"": [17, 319, 1586, 392], ""type"": ""handwritten"", ""text"": ""2. Опрацьовують національну - обмін інформацією між працівниками""}, {""bbox"": [15, 376, 1441, 447], ""type"": ""handwritten"", ""text"": ""різних рівнів з метою забезпечення ефективного управління.""}, {""bbox"": [14, 438, 1625, 504], ""type"": ""handwritten"", ""text"": ""3. Контроль - процесс выявления арстичних результатів діяльності""}, {""bbox"": [17, 544, 1514, 619], ""type"": ""handwritten"", ""text"": ""4. Менеджмент - процес планування організації, керівництва та""}, {""bbox"": [16, 605, 782, 671], ""type"": ""handwritten"", ""text"": ""контроль для достижения целей""}, {""bbox"": [27, 659, 348, 726], ""type"": ""handwritten"", ""text"": ""Завдання 4.""}, {""bbox"": [29, 717, 925, 785], ""type"": ""handwritten"", ""text"": ""2. Организационная структура компании:""}, {""bbox"": [26, 777, 725, 861], ""type"": ""handwritten"", ""text"": ""Вертикальні рівні управління:""}, {""bbox"": [61, 884, 669, 966], ""type"": ""handwritten"", ""text"": ""Фінансовий відділ ←↓""}, {""bbox"": [19, 934, 1272, 1058], ""type"": ""handwritten"", ""text"": ""Анализованные виды → Виды маркетингу → Виды HR\nДиректор →""}, {""bbox"": [17, 968, 667, 1201], ""type"": ""handwritten"", ""text"": ""Директор\nметаллургических\nдепо\n\nВиды\nДиректор\nметаллургических\nкалендентов""}, {""bbox"": [104, 1191, 1569, 1290], ""type"": ""handwritten"", ""text"": ""Минимальные менеджеры веровочных подразделений (по 1 в компании).""}, {""bbox"": [22, 1276, 303, 1351], ""type"": ""handwritten"", ""text"": ""2. Переводи!""}, {""bbox"": [15, 1337, 874, 1405], ""type"": ""handwritten"", ""text"": ""• Читка вертикаль підпорядковання.""}, {""bbox"": [18, 1397, 712, 1453], ""type"": ""handwritten"", ""text"": ""* Вищий рівень спеціалізації.""}, {""bbox"": [14, 1443, 880, 1517], ""type"": ""handwritten"", ""text"": ""Зрозумілий розподіл відповідальності.""}, {""bbox"": [13, 1502, 449, 1565], ""type"": ""handwritten"", ""text"": ""• Лежать каетраю.""}, {""bbox"": [19, 1558, 240, 1628], ""type"": ""handwritten"", ""text"": ""Недаётся!""}, {""bbox"": [15, 1618, 998, 1689], ""type"": ""handwritten"", ""text"": ""Ризик поганої сегментації координат.""}, {""bbox"": [18, 1676, 1295, 1762], ""type"": ""handwritten"", ""text"": ""• Повідомна реакція на дію (балато рівнів управління).""}, {""bbox"": [18, 1740, 532, 1804], ""type"": ""handwritten"", ""text"": ""Объяснена предметность.""}, {""bbox"": [16, 1794, 865, 1890], ""type"": ""handwritten"", ""text"": ""«Молчаливость добровольное оружие».""}, {""bbox"": [1046, 1858, 1339, 1965], ""type"": ""annotation"", ""text"": ""12.06.2025p""}]"
99909bbb-7c5c-4876-bd37-17a0cf4db3e3.jpg,"[{""bbox"": [347, 221, 771, 504], ""type"": ""handwritten"", ""text"": ""$\\sqrt{26}$""}, {""bbox"": [732, 236, 2094, 1214], ""type"": ""formula"", ""text"": ""$$\\begin{array}{|c|c|c|c|} \\hline & 1 & 2 & 3 \\\\ \\hline a & 2 & 3 & \\\\ \\hline b & 5 & 20 & \\\\ \\hline \\end{array}$$""}, {""bbox"": [832, 1447, 3793, 1751], ""type"": ""handwritten"", ""text"": ""Дане А = 100 сировина I = 100 × 2 = 200""}, {""bbox"": [2354, 1770, 3721, 1984], ""type"": ""formula"", ""text"": ""$$1 1 = 1 0 0 \\times 3 = 3 0 0 0$$""}, {""bbox"": [917, 2138, 3288, 2476], ""type"": ""handwritten"", ""text"": ""для β = 60 1 = 60 × 5 = 300""}, {""bbox"": [2069, 2535, 3425, 2785], ""type"": ""formula"", ""text"": ""$$1 1 = 6 0 \\times 2 0 = 1 2 0 0$$""}, {""bbox"": [833, 2864, 4144, 3324], ""type"": ""handwritten"", ""text"": ""Загальна маса 300+1200=1500""}, {""bbox"": [2481, 3609, 3604, 3933], ""type"": ""annotation"", ""text"": ""26.12.25""}]"
999d1ccb-4f0b-42b5-92fe-a0c29b0541a9.jpg,"[{""bbox"": [728, 19, 1354, 139], ""type"": ""handwritten"", ""text"": ""Тільки діте""}, {""bbox"": [481, 165, 2599, 332], ""type"": ""handwritten"", ""text"": ""Розкажи мені, про свій дім. Які це""}, {""bbox"": [311, 312, 2739, 460], ""type"": ""handwritten"", ""text"": ""паштає перші хімні кроки і береже ігоріні""}, {""bbox"": [312, 435, 2510, 590], ""type"": ""handwritten"", ""text"": ""зарубки часу залишені рукою матері""}, {""bbox"": [326, 551, 954, 685], ""type"": ""handwritten"", ""text"": ""на одвѣрку.""}, {""bbox"": [477, 677, 2667, 837], ""type"": ""handwritten"", ""text"": ""Розкажи про його запах, теплий сонний""}, {""bbox"": [354, 815, 2721, 956], ""type"": ""handwritten"", ""text"": ""дук книжников польцы, побитого шамелеем""}, {""bbox"": [347, 934, 2800, 1104], ""type"": ""handwritten"", ""text"": ""креденса, ясвтого супу з терикою петруш-""}, {""bbox"": [352, 1020, 2701, 1221], ""type"": ""handwritten"", ""text"": ""кою. Або може навпаки, бадьорі похоці""}, {""bbox"": [334, 1050, 2749, 1332], ""type"": ""handwritten"", ""text"": ""кою. Або може навпаки, бадьорі похощі\nхварби, лаку, повизне як те довго чи не""}, {""bbox"": [337, 1111, 2742, 1333], ""type"": ""handwritten"", ""text"": ""жвавоби, лаку, новизни як те довго чи не""}, {""bbox"": [332, 1197, 2741, 1453], ""type"": ""handwritten"", ""text"": ""хворих, лаку, повизне як те довго чи не на північні та мріялова про власний дім.""}, {""bbox"": [312, 1568, 2835, 1761], ""type"": ""handwritten"", ""text"": ""тні діяльність вчителів кімнати, безтурботний\nсміх або надтріснуті голом які зненацька""}, {""bbox"": [296, 1693, 2844, 1867], ""type"": ""handwritten"", ""text"": ""напівголоса заговорили про те що ймовірно""}, {""bbox"": [296, 1731, 2851, 1876], ""type"": ""handwritten"", ""text"": ""напівголоса заговорили про те що ймовірно""}, {""bbox"": [270, 1836, 1416, 1949], ""type"": ""handwritten"", ""text"": ""не буде як раніше.""}, {""bbox"": [468, 1939, 2837, 2083], ""type"": ""handwritten"", ""text"": ""Насуплений, пошарптований із заклеє-""}, {""bbox"": [299, 2060, 2375, 2187], ""type"": ""handwritten"", ""text"": ""ними навхрест шибками твій дія""}, {""bbox"": [297, 2171, 2603, 2297], ""type"": ""handwritten"", ""text"": ""бездахисний під час великої біди, тепер""}, {""bbox"": [302, 2287, 2623, 2411], ""type"": ""handwritten"", ""text"": ""чосили намагається бути фортепіано,""}, {""bbox"": [318, 2399, 2692, 2517], ""type"": ""handwritten"", ""text"": ""десь у його нутрощах у теліному, неза-""}, {""bbox"": [334, 2501, 2646, 2616], ""type"": ""handwritten"", ""text"": ""тицьньому підвалі часто ховаються""}, {""bbox"": [345, 2602, 1778, 2718], ""type"": ""handwritten"", ""text"": ""люди і домашні звірі.""}, {""bbox"": [552, 2693, 2674, 2823], ""type"": ""handwritten"", ""text"": ""А деколи, дім здатен уміститися""}, {""bbox"": [374, 2797, 2632, 2938], ""type"": ""handwritten"", ""text"": ""до розмірів валізи. Всі ми тепер люб""}, {""bbox"": [383, 2917, 2746, 3053], ""type"": ""handwritten"", ""text"": ""ті равмеки знаємо ціну великих переселень""}, {""bbox"": [553, 3030, 2734, 3148], ""type"": ""handwritten"", ""text"": ""Та головне, це місце сили і пам'яті""}, {""bbox"": [394, 3141, 2427, 3279], ""type"": ""handwritten"", ""text"": ""роду. З нього герпами снагу твої""}, {""bbox"": [393, 3264, 2762, 3382], ""type"": ""handwritten"", ""text"": ""попередники перемелені исорнами телних""}, {""bbox"": [394, 3363, 2576, 3481], ""type"": ""handwritten"", ""text"": ""часів: вівнами, репресіями, боротьбою.""}, {""bbox"": [399, 3470, 2475, 3602], ""type"": ""handwritten"", ""text"": ""Їх ламали, а вони бились за право""}, {""bbox"": [399, 3587, 2612, 3718], ""type"": ""handwritten"", ""text"": ""виписати і зберегти собі свій діє, от""}, {""bbox"": [420, 3709, 1321, 3869], ""type"": ""handwritten"", ""text"": ""як і ми тепер.""}]"
99c408e3-b079-5abc-b98e-c2e35de1c25d.jpg,"[{""bbox"": [963, 0, 1934, 146], ""type"": ""handwritten"", ""text"": ""Ширете травня""}, {""bbox"": [1006, 148, 2135, 380], ""type"": ""handwritten"", ""text"": ""Раненые лобота.""}, {""bbox"": [731, 375, 1903, 581], ""type"": ""handwritten"", ""text"": ""Країни Африки""}, {""bbox"": [41, 619, 1063, 782], ""type"": ""handwritten"", ""text"": ""S-30,3 мили км²""}, {""bbox"": [14, 860, 1662, 1010], ""type"": ""handwritten"", ""text"": ""Населения ≈ 960 млн. осб.""}, {""bbox"": [20, 1073, 2149, 1254], ""type"": ""handwritten"", ""text"": ""Всі країни були незалежними""}, {""bbox"": [72, 1258, 2812, 1457], ""type"": ""handwritten"", ""text"": ""Більшість країни - республіки, з монархії""}, {""bbox"": [1345, 1491, 1928, 1685], ""type"": ""handwritten"", ""text"": ""- унітарні""}, {""bbox"": [1360, 1702, 2030, 1864], ""type"": ""handwritten"", ""text"": ""- федераций:""}, {""bbox"": [110, 1896, 3012, 2086], ""type"": ""handwritten"", ""text"": ""Мінеральні ресурси: : карта, аміазу, міді, ашал""}, {""bbox"": [115, 2096, 2034, 2308], ""type"": ""handwritten"", ""text"": ""Гірородні умови; ресурси - пустелі""}, {""bbox"": [123, 2289, 3022, 2475], ""type"": ""handwritten"", ""text"": ""тівійна Адрина - експерт - нарто, чиїрсуві, олив, діні""}, {""bbox"": [125, 2482, 3016, 2686], ""type"": ""handwritten"", ""text"": ""Залізна доріжка - експорт - кава, аройс, марфа, аммоди""}, {""bbox"": [149, 2682, 3016, 2869], ""type"": ""handwritten"", ""text"": ""центральна Африка - експорт - чітні деревини, корис.коп.""}, {""bbox"": [166, 2871, 2767, 3080], ""type"": ""handwritten"", ""text"": ""Східна Африка - експорт - кава, бавовна, тютюн""}, {""bbox"": [165, 3064, 2674, 3265], ""type"": ""handwritten"", ""text"": ""Тівдена Африка - експорт - мінеральні ресурси""}, {""bbox"": [216, 3234, 3016, 3462], ""type"": ""handwritten"", ""text"": ""Вибрати місця: піраміди (Єгипет), рудіни м. Кор""}, {""bbox"": [218, 3439, 3010, 3655], ""type"": ""handwritten"", ""text"": ""фаліну, Палоу-фортеч Тілімбукту, Намібія-""}, {""bbox"": [249, 3661, 1515, 3813], ""type"": ""handwritten"", ""text"": ""ний парк Сремлеті""}]"
9ab6fe9c-604f-5a8f-9122-44fac3a19733.jpg,"[{""bbox"": [577, 244, 1877, 429], ""type"": ""handwritten"", ""text"": ""доказать личное""}, {""bbox"": [578, 402, 1881, 523], ""type"": ""handwritten"", ""text"": ""виконує роботу""}, {""bbox"": [152, 451, 2761, 638], ""type"": ""handwritten"", ""text"": ""В истории крымчакского лексикознаний""}, {""bbox"": [155, 662, 2630, 833], ""type"": ""handwritten"", ""text"": ""- не удаётся познать сущность, что""}, {""bbox"": [193, 822, 2984, 1006], ""type"": ""handwritten"", ""text"": ""займатися теорією та практикою""}, {""bbox"": [229, 1009, 2747, 1188], ""type"": ""handwritten"", ""text"": ""строежных лопаток (всопнаноуото)""}, {""bbox"": [886, 1190, 2422, 1362], ""type"": ""handwritten"", ""text"": ""тап елордакиға""}, {""bbox"": [136, 1373, 2183, 1552], ""type"": ""handwritten"", ""text"": ""дихлектичний словник""}, {""bbox"": [121, 1566, 1739, 1713], ""type"": ""handwritten"", ""text"": ""Етичологічний""}, {""bbox"": [163, 1736, 2192, 1923], ""type"": ""handwritten"", ""text"": ""зрозуміли, краще не""}, {""bbox"": [207, 1918, 2947, 2123], ""type"": ""handwritten"", ""text"": ""воспользоваться, орфоэпически,""}, {""bbox"": [199, 2115, 2690, 2306], ""type"": ""handwritten"", ""text"": ""орфографическая, перекладная,""}, {""bbox"": [203, 2299, 1952, 2442], ""type"": ""handwritten"", ""text"": ""всегда как хитопсис""}, {""bbox"": [180, 2456, 1981, 2626], ""type"": ""handwritten"", ""text"": ""вложеник епіметрика""}, {""bbox"": [191, 2641, 2633, 2801], ""type"": ""handwritten"", ""text"": ""мовирані в дискових об'ємних салів""}, {""bbox"": [140, 2819, 3120, 2984], ""type"": ""handwritten"", ""text"": ""10-томовею соборник украйської""}, {""bbox"": [147, 3001, 2776, 3191], ""type"": ""handwritten"", ""text"": ""мова (11.30, сдм-20) дисп.куряв""}, {""bbox"": [163, 3182, 3118, 3374], ""type"": ""handwritten"", ""text"": ""форму попереднього і с-тозового""}, {""bbox"": [186, 3369, 2518, 3562], ""type"": ""handwritten"", ""text"": ""окорели много словников""}, {""bbox"": [202, 3557, 2536, 3762], ""type"": ""handwritten"", ""text"": ""дурной мольберт""}, {""bbox"": [216, 3743, 2512, 3919], ""type"": ""handwritten"", ""text"": ""1920-1986). Амфитеатр""}]"
9b304475-d1b1-4b51-8eb1-31f06e0c968f.jpg,"[{""bbox"": [1425, 0, 1517, 99], ""type"": ""annotation"", ""text"": ""55""}, {""bbox"": [128, 10, 269, 77], ""type"": ""handwritten"", ""text"": ""Inviol.""}, {""bbox"": [1215, 85, 1364, 174], ""type"": ""annotation"", ""text"": ""22""}, {""bbox"": [236, 213, 1461, 385], ""type"": ""handwritten"", ""text"": ""Ген. Навше Александрович!""}, {""bbox"": [134, 385, 1537, 510], ""type"": ""handwritten"", ""text"": ""В между \""от не майнов (М) Осоки-""}, {""bbox"": [71, 495, 1494, 603], ""type"": ""handwritten"", ""text"": ""ого. Будь ласка, дай же мені на""}, {""bbox"": [71, 582, 1494, 696], ""type"": ""handwritten"", ""text"": ""один день, у понеділок поверну""}, {""bbox"": [52, 589, 1437, 779], ""type"": ""handwritten"", ""text"": ""один день, у понеділок повер\nзавтра збіратимесь до нас під""}, {""bbox"": [49, 666, 1422, 786], ""type"": ""handwritten"", ""text"": ""Завтра збігавшись до нас під""}, {""bbox"": [47, 681, 1436, 865], ""type"": ""handwritten"", ""text"": ""Завтра збіратиметься до нас нові медикова, які дуже ласкаво їх""}, {""bbox"": [47, 755, 1432, 957], ""type"": ""handwritten"", ""text"": ""Филедикова, кай орде ласаве\nпринесли. Роми кимови ці в""}, {""bbox"": [46, 833, 1433, 1021], ""type"": ""handwritten"", ""text"": "".принесли. Росси Кимовски ц. в\nОвлен - в црквей час в Аспи,""}, {""bbox"": [46, 909, 1445, 1118], ""type"": ""handwritten"", ""text"": ""Фолегі - Я цілий час в Німеччині, в понеділок поверну, від чого""}, {""bbox"": [51, 990, 1410, 1206], ""type"": ""handwritten"", ""text"": ""19 понеділок поверну, від чи\n13 Ваших прейде по гроши""}, {""bbox"": [55, 1084, 1399, 1207], ""type"": ""handwritten"", ""text"": ""из Ваших просьб по уроки""}, {""bbox"": [54, 1196, 562, 1321], ""type"": ""handwritten"", ""text"": ""бес днегу.""}, {""bbox"": [377, 1252, 1414, 1399], ""type"": ""handwritten"", ""text"": ""Клявую навсегда, здоровая""}, {""bbox"": [1033, 1364, 1380, 1502], ""type"": ""handwritten"", ""text"": ""Злісог""}]"
9c501e68-52e7-4f47-84a3-551a59f5db09.jpg,"[{""bbox"": [32, 1, 624, 84], ""type"": ""handwritten"", ""text"": ""захисту прав працівників.""}, {""bbox"": [16, 55, 1620, 190], ""type"": ""handwritten"", ""text"": ""3. СКРТ - державний стандарт нерівнанкової зв'язності з матань стілого""}, {""bbox"": [9, 165, 257, 253], ""type"": ""handwritten"", ""text"": ""розвитку.""}, {""bbox"": [33, 236, 589, 340], ""type"": ""handwritten"", ""text"": ""Вітчизняні організації:""}, {""bbox"": [18, 306, 1612, 413], ""type"": ""handwritten"", ""text"": ""1. Війська українських підприємств - підприємців етичне підприємництво""}, {""bbox"": [21, 391, 594, 503], ""type"": ""handwritten"", ""text"": ""по впровадженню КСВ.""}, {""bbox"": [18, 478, 902, 579], ""type"": ""handwritten"", ""text"": ""3.1. а) душевного та побічною впливу""}, {""bbox"": [1202, 542, 1308, 623], ""type"": ""annotation"", ""text"": ""30""}, {""bbox"": [16, 569, 707, 652], ""type"": ""handwritten"", ""text"": ""2. d) всі відповіді правильні""}, {""bbox"": [10, 640, 576, 729], ""type"": ""handwritten"", ""text"": ""3. є) всі вищезазначені""}, {""bbox"": [19, 697, 1529, 794], ""type"": ""handwritten"", ""text"": ""4. а) У внутрішніх соціальних інвестиціях в людський капітал""}, {""bbox"": [16, 785, 475, 862], ""type"": ""handwritten"", ""text"": ""5. 6) ОКСАС 18000""}, {""bbox"": [12, 850, 1535, 930], ""type"": ""handwritten"", ""text"": ""6. Б) Організації, що надають послуги і проводять дослідження у сфері""}, {""bbox"": [27, 911, 1599, 1017], ""type"": ""handwritten"", ""text"": ""соціальної відповідальності, держава, керівники організацій, підприємці""}, {""bbox"": [12, 999, 142, 1082], ""type"": ""handwritten"", ""text"": ""4.6)""}, {""bbox"": [16, 1078, 145, 1152], ""type"": ""handwritten"", ""text"": ""8.6)""}, {""bbox"": [15, 1147, 261, 1232], ""type"": ""handwritten"", ""text"": ""д. с) 00м""}, {""bbox"": [19, 1221, 166, 1310], ""type"": ""handwritten"", ""text"": ""10.6)""}, {""bbox"": [1366, 1228, 1470, 1305], ""type"": ""annotation"", ""text"": ""20""}, {""bbox"": [30, 1283, 1651, 1382], ""type"": ""handwritten"", ""text"": ""41. 3. Соціальна відповідальність бізнесу - добровільна діяльність компанії""}, {""bbox"": [31, 1366, 1627, 1456], ""type"": ""handwritten"", ""text"": ""на користь суспільства, довкілля та працівників, що вкладається за меже""}, {""bbox"": [27, 1441, 669, 1523], ""type"": ""handwritten"", ""text"": ""обов'язкового законодавства.""}, {""bbox"": [47, 1486, 1572, 1600], ""type"": ""handwritten"", ""text"": ""а. Волюванина (неоріканова) звітність - публічне інформування про""}, {""bbox"": [34, 1566, 1635, 1669], ""type"": ""handwritten"", ""text"": ""а. визначена (підписана) відповідальність компанії. (дохід з відповідальний, економічний вплив віддільності компанії. (дохід з відповідальності""}, {""bbox"": [22, 1657, 384, 1748], ""type"": ""handwritten"", ""text"": ""лідприємства).""}, {""bbox"": [36, 1719, 1656, 1828], ""type"": ""handwritten"", ""text"": ""3. Стратегіє корпоративної соціальної відповідальності-дозволюючи""}, {""bbox"": [34, 1794, 1598, 1898], ""type"": ""handwritten"", ""text"": ""і, іншими кордонативними засобами, рівні для кірдинальства, суміжовані на інтерв'ю з соціальних,""}, {""bbox"": [34, 1866, 1624, 1959], ""type"": ""handwritten"", ""text"": ""етичних та економічних аспектів у бізнес-процеси задля досягнення""}, {""bbox"": [33, 1949, 416, 2040], ""type"": ""handwritten"", ""text"": ""станиою розвитку""}, {""bbox"": [43, 2004, 1655, 2105], ""type"": ""handwritten"", ""text"": ""4. Спеціальні компанії - це усі дізини чи юридичні особи, які кращо""}, {""bbox"": [37, 2079, 1576, 2182], ""type"": ""handwritten"", ""text"": ""або опосередковано зацікавлені вдіяльності підприємства, зокрема""}, {""bbox"": [34, 2156, 1618, 2255], ""type"": ""handwritten"", ""text"": ""працівниками, акціонерами, споживачами, розташуваннями, укомада, умедрові""}, {""bbox"": [40, 2242, 659, 2333], ""type"": ""handwritten"", ""text"": ""та неурядові організації:""}]"
9d61eae3-3d2e-483e-9e77-a2d0941e2125.jpg,"[{""bbox"": [524, 143, 929, 196], ""type"": ""printed"", ""text"": ""УКРАЇНСЬКИЙ""}, {""bbox"": [1667, 145, 2051, 202], ""type"": ""printed"", ""text"": ""UKRAJINSKÝ""}, {""bbox"": [2216, 198, 2442, 394], ""type"": ""annotation"", ""text"": ""v132""}, {""bbox"": [1442, 200, 2262, 257], ""type"": ""printed"", ""text"": ""PEDAGOGICKÝ ÚSTAV""}, {""bbox"": [186, 200, 1162, 249], ""type"": ""printed"", ""text"": ""ПЕДАГОГІЧНИЙ ІНСТИТУТ""}, {""bbox"": [1804, 267, 1913, 298], ""type"": ""printed"", ""text"": ""jména""}, {""bbox"": [1572, 310, 2152, 356], ""type"": ""printed"", ""text"": ""MYCHAJLA DRAHOMANOVA""}, {""bbox"": [233, 502, 618, 602], ""type"": ""handwritten"", ""text"": ""N° 118/28""}, {""bbox"": [1757, 547, 2298, 609], ""type"": ""printed"", ""text"": ""21. січня 1928 р.""}, {""bbox"": [183, 603, 663, 641], ""type"": ""printed"", ""text"": ""Відповідаючи, подайте це число.""}, {""bbox"": [1415, 835, 2131, 894], ""type"": ""printed"", ""text"": ""Високоповажаний Пане""}, {""bbox"": [1676, 943, 2022, 1019], ""type"": ""printed"", ""text"": ""Директоре!""}, {""bbox"": [1084, 1187, 2412, 1247], ""type"": ""printed"", ""text"": ""Ректорат Українського Педагогічного Ін-""}, {""bbox"": [859, 1287, 2412, 1349], ""type"": ""printed"", ""text"": ""ституту ім. М. Драгоманова у Празі прохає Вас""}, {""bbox"": [850, 1486, 2372, 1543], ""type"": ""printed"", ""text"": ""ського композитора Миколи Лисенка, що Інститут""}, {""bbox"": [849, 1582, 2308, 1647], ""type"": ""printed"", ""text"": ""улаштовує з нагоди 75-літньої річниці з дня""}, {""bbox"": [857, 1682, 2455, 1748], ""type"": ""printed"", ""text"": ""смерти М.Лисенка в залі Умєлецької Беседи в Пра-""}, {""bbox"": [852, 1781, 2449, 1855], ""type"": ""printed"", ""text"": ""зі ПП., Бєседні вул. ч.44І.дня 24.січня б.р. у""}, {""bbox"": [849, 1878, 1223, 1944], ""type"": ""printed"", ""text"": ""8 год. веч.""}, {""bbox"": [1254, 2112, 2154, 2297], ""type"": ""handwritten"", ""text"": ""Ректор А.П.Нікович""}, {""bbox"": [649, 2826, 1428, 2887], ""type"": ""printed"", ""text"": ""в Празі М. ШАПОВАЛОВІ.""}]"
9d62d10c-3025-4b9e-b9e7-2687ad48ae89.jpg,"[{""bbox"": [77, 222, 503, 282], ""type"": ""handwritten"", ""text"": ""Викладач кімненової ери""}, {""bbox"": [59, 268, 435, 310], ""type"": ""handwritten"", ""text"": ""Напряжённую мышечную""}, {""bbox"": [33, 306, 521, 368], ""type"": ""handwritten"", ""text"": ""тископіття чи що? вами занемінували: \""Невже""}, {""bbox"": [36, 343, 517, 397], ""type"": ""handwritten"", ""text"": ""вашо занимали: \""закон електронні косі вимірювань""}, {""bbox"": [36, 356, 505, 421], ""type"": ""handwritten"", ""text"": ""електронні косі вимірювання\nпрадірійну кількість ?\"" Вис""}, {""bbox"": [35, 369, 515, 426], ""type"": ""handwritten"", ""text"": ""електронній пошті вписаний перафіційну кількість ?\"" Вже""}, {""bbox"": [37, 406, 529, 452], ""type"": ""handwritten"", ""text"": ""кожи Джован Ролінг написала""}, {""bbox"": [37, 475, 406, 509], ""type"": ""handwritten"", ""text"": ""раманів розійшлами""}, {""bbox"": [36, 500, 522, 535], ""type"": ""handwritten"", ""text"": ""вставляйонными паперовыми""}, {""bbox"": [37, 533, 488, 562], ""type"": ""handwritten"", ""text"": ""наплафалася, це нігідаль""}, {""bbox"": [38, 559, 504, 591], ""type"": ""handwritten"", ""text"": ""выражаето свою госпероту""}, {""bbox"": [101, 586, 527, 617], ""type"": ""handwritten"", ""text"": ""Свогорій більш-менш""}, {""bbox"": [36, 614, 535, 648], ""type"": ""handwritten"", ""text"": ""зрозуміло, що електрони""}, {""bbox"": [39, 642, 536, 674], ""type"": ""handwritten"", ""text"": ""нові, примітні поштівці""}, {""bbox"": [38, 669, 538, 703], ""type"": ""handwritten"", ""text"": ""не створюють нормальної""}, {""bbox"": [39, 699, 540, 732], ""type"": ""handwritten"", ""text"": ""загрози наперевзі кислотками.""}, {""bbox"": [40, 726, 560, 757], ""type"": ""handwritten"", ""text"": ""Прочие звёздные волны не выход-""}, {""bbox"": [39, 784, 450, 815], ""type"": ""handwritten"", ""text"": ""потому как до данных""}, {""bbox"": [39, 811, 535, 845], ""type"": ""handwritten"", ""text"": ""мови́дрівок. Хоче би підсумув""}, {""bbox"": [35, 841, 546, 875], ""type"": ""handwritten"", ""text"": ""най' гаджеени, щоб лив""}, {""bbox"": [37, 843, 469, 874], ""type"": ""handwritten"", ""text"": ""найг радшеєш, щоб лік""}, {""bbox"": [32, 870, 547, 910], ""type"": ""handwritten"", ""text"": ""змогли помість забрати з""}]"
9ea12296-dc93-5cd5-8a84-23d3dc55a6e9.jpg,"[{""bbox"": [645, 439, 2821, 662], ""type"": ""handwritten"", ""text"": ""Домочине юбага.""}, {""bbox"": [1096, 621, 2297, 875], ""type"": ""handwritten"", ""text"": ""Bryona 267""}, {""bbox"": [0, 851, 3067, 1133], ""type"": ""handwritten"", ""text"": ""Знати, кіло, усміхочогісь,""}, {""bbox"": [261, 1109, 3378, 1388], ""type"": ""handwritten"", ""text"": ""композиція, репіртити, зпів""}, {""bbox"": [365, 1368, 3483, 1651], ""type"": ""handwritten"", ""text"": ""опа, знову, місіє, підтримую""}, {""bbox"": [262, 1613, 3282, 1951], ""type"": ""handwritten"", ""text"": ""далеку, мечту, з'явилася.""}]"
9f6a6e8e-7baf-4144-b35d-62d69ac7f935.jpg,"[{""bbox"": [124, 195, 438, 223], ""type"": ""handwritten"", ""text"": ""Виклики книжкової ери""}, {""bbox"": [125, 195, 577, 226], ""type"": ""handwritten"", ""text"": ""Виклики книжкової ери міжнаро""}, {""bbox"": [34, 234, 524, 268], ""type"": ""handwritten"", ""text"": ""наприклад минулого тисячоліття""}, {""bbox"": [1, 275, 511, 314], ""type"": ""handwritten"", ""text"": ""питали стурбовано запитували: „Невже""}, {""bbox"": [5, 315, 527, 358], ""type"": ""handwritten"", ""text"": ""електронні носії витіснять традицій-""}, {""bbox"": [11, 356, 490, 393], ""type"": ""handwritten"", ""text"": ""ну книжку?\"" Але пам'я Анноан Ролинг""}, {""bbox"": [17, 389, 480, 432], ""type"": ""handwritten"", ""text"": ""написала \""Гаррі Поттера\"" і її серія""}, {""bbox"": [26, 427, 522, 464], ""type"": ""handwritten"", ""text"": ""романів розійшлився століть болонними""}, {""bbox"": [31, 460, 515, 497], ""type"": ""handwritten"", ""text"": ""попередили накладання, це питання""}, {""bbox"": [40, 493, 364, 524], ""type"": ""handwritten"", ""text"": ""втратимо свою постійну.""}, {""bbox"": [71, 519, 500, 556], ""type"": ""handwritten"", ""text"": ""Своядни більш-менш зрозуміло, що""}, {""bbox"": [49, 541, 497, 588], ""type"": ""handwritten"", ""text"": ""електронні носії, призначенні поки що""}, {""bbox"": [47, 576, 466, 620], ""type"": ""handwritten"", ""text"": ""не створюють кардинальної загрози""}, {""bbox"": [46, 592, 490, 653], ""type"": ""handwritten"", ""text"": ""наперовили киниками Проте зависимся""}, {""bbox"": [42, 619, 516, 688], ""type"": ""handwritten"", ""text"": ""вени нерівнадково. Задано, це Бог так""}, {""bbox"": [36, 642, 474, 720], ""type"": ""handwritten"", ""text"": ""вони невипадково. Задано, що Бог так\nпотує нас до давніх мандрівок. Це\nвін підсвідомо""}, {""bbox"": [36, 669, 468, 719], ""type"": ""handwritten"", ""text"": ""потує нас до дамених мандривок. Це\nвін просиме""}, {""bbox"": [34, 681, 491, 757], ""type"": ""handwritten"", ""text"": ""атує нас до даними шандривок. Це\nвін підсунув нам гарнети, щоб ми змогли\nколись забрати""}, {""bbox"": [31, 706, 478, 790], ""type"": ""handwritten"", ""text"": ""син підсунув нам гадніти, щоб ми змогли\nколись забрати з собою на інші пла-\nмети свій шлюб, але""}, {""bbox"": [30, 741, 471, 824], ""type"": ""handwritten"", ""text"": ""самись забрати з собою на інші пла-\nнети свої улюблені книжки, мурики,""}, {""bbox"": [24, 777, 464, 856], ""type"": ""handwritten"", ""text"": ""пети свої улюблені книги, музику, фотографії, картини. Що як інші""}, {""bbox"": [15, 833, 302, 875], ""type"": ""handwritten"", ""text"": ""вдалося б це зробити?""}]"
9fa80aee-0b69-5d03-b811-eee399c13fa4.jpg,"[{""bbox"": [664, 49, 2266, 212], ""type"": ""handwritten"", ""text"": ""Wednesday, the twenty-third of April""}, {""bbox"": [1203, 225, 1675, 353], ""type"": ""handwritten"", ""text"": ""Homework""}, {""bbox"": [1311, 428, 1551, 585], ""type"": ""handwritten"", ""text"": ""p.206""}, {""bbox"": [26, 556, 972, 714], ""type"": ""handwritten"", ""text"": ""· a fisherman-рибакка.""}, {""bbox"": [21, 731, 1096, 878], ""type"": ""handwritten"", ""text"": ""• an inclustry-промисловість.""}, {""bbox"": [14, 888, 1039, 1021], ""type"": ""handwritten"", ""text"": ""• an inhabitant- (kumen.""}, {""bbox"": [14, 1058, 910, 1215], ""type"": ""handwritten"", ""text"": ""• population - населення.""}, {""bbox"": [13, 1223, 664, 1364], ""type"": ""handwritten"", ""text"": ""• a sailor - моряк.""}, {""bbox"": [9, 1377, 1656, 1536], ""type"": ""handwritten"", ""text"": ""· to inhabit-населяти, жити в якомусь місці).""}, {""bbox"": [10, 1545, 1286, 1684], ""type"": ""handwritten"", ""text"": ""· to be proud of-ниматься чимось.""}, {""bbox"": [10, 1545, 1286, 1684], ""type"": ""printed"", ""text"": ""· to be proud of-ниматься чимось.""}, {""bbox"": [2, 1709, 1201, 1848], ""type"": ""handwritten"", ""text"": ""· to be buried-бути похованим.""}]"
a00aaa25-cf3d-465a-83e6-47ce6a4b8335.jpg,"[{""bbox"": [145, 225, 323, 270], ""type"": ""handwritten"", ""text"": ""Оселіант""}, {""bbox"": [60, 282, 524, 336], ""type"": ""handwritten"", ""text"": ""вцелику книжкової ерч.""}, {""bbox"": [23, 326, 533, 388], ""type"": ""handwritten"", ""text"": ""На прихінці минулого тисяч-""}, {""bbox"": [24, 352, 536, 416], ""type"": ""handwritten"", ""text"": ""На прихінці минулого голіття витягі відурбовані""}, {""bbox"": [27, 391, 541, 446], ""type"": ""handwritten"", ""text"": ""голіття витягі відру\nзапитували: \""Невідне\n\"" виставля""}, {""bbox"": [23, 429, 543, 495], ""type"": ""handwritten"", ""text"": ""електронні посилання та трансляційну лінію. Але""}, {""bbox"": [24, 469, 542, 518], ""type"": ""handwritten"", ""text"": ""трасицийну лінійну опе коли Джоан Ролфне налі""}, {""bbox"": [34, 530, 564, 571], ""type"": ""handwritten"", ""text"": ""пери роману розійміглась""}, {""bbox"": [16, 555, 560, 597], ""type"": ""handwritten"", ""text"": ""верху роману розташовували атомільоннісесі налівадали""}, {""bbox"": [16, 561, 560, 599], ""type"": ""handwritten"", ""text"": ""атомільоннічесіе налігадалиц""}, {""bbox"": [20, 590, 453, 627], ""type"": ""handwritten"", ""text"": ""че вигідний втратило""}, {""bbox"": [56, 622, 499, 671], ""type"": ""handwritten"", ""text"": ""по построї у.\nсвогодні більш-менш""}, {""bbox"": [18, 662, 503, 702], ""type"": ""handwritten"", ""text"": ""зрозуміло, що електронні""}, {""bbox"": [16, 690, 507, 732], ""type"": ""handwritten"", ""text"": ""посії, зручніймні польщо""}, {""bbox"": [14, 723, 555, 760], ""type"": ""handwritten"", ""text"": ""не соборочное, порядочное""}, {""bbox"": [8, 775, 461, 816], ""type"": ""handwritten"", ""text"": ""кроте з'явилляч вони не""}, {""bbox"": [11, 805, 526, 852], ""type"": ""handwritten"", ""text"": ""винадобо, чадаю, че бог""}, {""bbox"": [2, 1128, 34, 1144], ""type"": ""printed"", ""text"": ""/no_think""}]"
a3249f26-b8fe-4d17-92e2-1605fdc9d262.jpg,"[{""bbox"": [49, 203, 532, 273], ""type"": ""handwritten"", ""text"": ""на нів облигах, з слабкими""}, {""bbox"": [46, 260, 210, 293], ""type"": ""handwritten"", ""text"": ""и'язалее.""}, {""bbox"": [47, 261, 536, 319], ""type"": ""handwritten"", ""text"": ""м'язами. Для нього, на відміну від""}, {""bbox"": [45, 334, 564, 386], ""type"": ""handwritten"", ""text"": ""готбания сборников, заная наперу""}, {""bbox"": [49, 379, 353, 427], ""type"": ""handwritten"", ""text"": ""будуть не відомі.""}, {""bbox"": [46, 422, 546, 465], ""type"": ""handwritten"", ""text"": ""У ось, калевно вше, аж году""}, {""bbox"": [46, 460, 501, 504], ""type"": ""handwritten"", ""text"": ""й запахе еро электронной""}, {""bbox"": [48, 501, 179, 529], ""type"": ""handwritten"", ""text"": ""хімічних,""}, {""bbox"": [43, 517, 562, 560], ""type"": ""handwritten"", ""text"": ""Але й це не страшно, головне""}, {""bbox"": [50, 550, 535, 587], ""type"": ""handwritten"", ""text"": ""питання і не так вожливово""}, {""bbox"": [46, 588, 312, 620], ""type"": ""handwritten"", ""text"": ""з яких носіїв.""}, {""bbox"": [52, 647, 550, 686], ""type"": ""handwritten"", ""text"": ""смосій\"", \""яке на відмінку від""}, {""bbox"": [48, 683, 426, 724], ""type"": ""handwritten"", ""text"": ""щоденного інформації,""}, {""bbox"": [48, 719, 554, 767], ""type"": ""handwritten"", ""text"": ""занимаются знаний надов""}, {""bbox"": [207, 799, 336, 827], ""type"": ""annotation"", ""text"": ""9. x, 2020.""}, {""bbox"": [206, 799, 336, 827], ""type"": ""annotation"", ""text"": ""9. x, 2020.""}]"
a335c475-4299-4ffc-80ed-e032fd0148e3.jpg,"[{""bbox"": [1291, 0, 1459, 116], ""type"": ""annotation"", ""text"": ""±15°""}, {""bbox"": [0, 1, 683, 59], ""type"": ""formula"", ""text"": ""5.1) \\mathrm{CH_3-CH_2-C-CH_2-CH} ( \\mathrm{CH_3} )""}, {""bbox"": [0, 2, 1241, 56], ""type"": ""handwritten"", ""text"": ""5.1) СНз-СН2-С-СН2-СН (СНз)-СНз - 6-метил - 3 - гептин""}, {""bbox"": [858, 48, 1099, 224], ""type"": ""annotation"", ""text"": ""строчку?""}, {""bbox"": [0, 65, 651, 117], ""type"": ""handwritten"", ""text"": ""2) 3,3-диметил-2-бутанол""}, {""bbox"": [1, 124, 679, 184], ""type"": ""formula"", ""text"": ""$$\\mathrm { C H _ { 3 } - C H ( O H ) - C ( C H _ { 3 } ) _ { 2 } - C H _ { 3 } }$$""}, {""bbox"": [675, 211, 850, 365], ""type"": ""annotation"", ""text"": ""100%""}, {""bbox"": [3, 213, 227, 270], ""type"": ""handwritten"", ""text"": ""2. Дано:""}, {""bbox"": [1070, 322, 1238, 483], ""type"": ""annotation"", ""text"": ""±18°""}, {""bbox"": [1071, 322, 1238, 481], ""type"": ""annotation"", ""text"": ""±18°""}, {""bbox"": [395, 342, 1059, 424], ""type"": ""formula"", ""text"": ""$$\\mathrm { m } _ { \\mathrm { p o z } } = \\frac { m _ { \\mathrm { e } } \\omega _ { i } } { \\omega } = \\frac { 5 } { 0 , 0 0 2 } = 2 5 0 0 ( \\mathrm { H } )$$""}, {""bbox"": [11, 423, 183, 483], ""type"": ""handwritten"", ""text"": ""√H₂O - ?""}, {""bbox"": [391, 465, 915, 534], ""type"": ""formula"", ""text"": ""$$m _ { H _ { 2 } O } = 2 5 0 0 - 5 = 2 4 9 5 ( k g )$$""}, {""bbox"": [396, 531, 919, 603], ""type"": ""formula"", ""text"": ""$$V _ { H _ { 2 } O } = 2 4 9 5 \\mathrm { ~ m m } \\approx 2 , 5 ( \\mathrm { l } )$$""}, {""bbox"": [389, 602, 748, 662], ""type"": ""handwritten"", ""text"": ""Відповідь: х2,5д""}, {""bbox"": [32, 719, 422, 860], ""type"": ""annotation"", ""text"": ""Завд. 3 - ?""}]"
a3720007-553a-5cbb-9c0b-501605390704.jpg,"[{""bbox"": [2174, 178, 2295, 277], ""type"": ""handwritten"", ""text"": ""18""}, {""bbox"": [284, 248, 682, 350], ""type"": ""handwritten"", ""text"": ""9. 1, A""}, {""bbox"": [453, 349, 699, 467], ""type"": ""handwritten"", ""text"": ""2.10""}, {""bbox"": [466, 468, 698, 591], ""type"": ""handwritten"", ""text"": ""3. 7""}, {""bbox"": [482, 599, 695, 706], ""type"": ""handwritten"", ""text"": ""4 B""}, {""bbox"": [188, 834, 1990, 971], ""type"": ""handwritten"", ""text"": ""10. ЧАФТА - присмотрение умного про""}, {""bbox"": [167, 956, 1950, 1117], ""type"": ""handwritten"", ""text"": ""створения Пётрійченкооригінальної""}, {""bbox"": [178, 1077, 2141, 1257], ""type"": ""handwritten"", ""text"": ""зони військової марівей між Колсєдою,""}, {""bbox"": [220, 1226, 1142, 1381], ""type"": ""handwritten"", ""text"": ""Марсекоре: США""}, {""bbox"": [176, 1364, 2155, 1521], ""type"": ""handwritten"", ""text"": ""+1. Прочитайте сказку «Кося - мой братик»""}, {""bbox"": [186, 1487, 2097, 1662], ""type"": ""handwritten"", ""text"": ""пирке спортива маністуціяв Бразилії.""}, {""bbox"": [159, 1620, 2209, 1809], ""type"": ""handwritten"", ""text"": ""12 Вра́йни „Зрученого пристору“ - сде верховна""}, {""bbox"": [167, 1777, 2199, 1950], ""type"": ""handwritten"", ""text"": ""яке дозволяють реєструвати морські су-""}, {""bbox"": [164, 1931, 2188, 2096], ""type"": ""handwritten"", ""text"": ""своя пів своїм пропорціями за спрощеною""}, {""bbox"": [174, 2085, 2241, 2248], ""type"": ""handwritten"", ""text"": ""процедурно, мовляв, яке судило не належить""}, {""bbox"": [182, 2248, 1212, 2377], ""type"": ""handwritten"", ""text"": ""і якими проводячими""}, {""bbox"": [888, 2340, 1245, 2442], ""type"": ""handwritten"", ""text"": ""14 рівень""}, {""bbox"": [157, 2419, 264, 2508], ""type"": ""handwritten"", ""text"": ""13.""}, {""bbox"": [270, 2424, 2271, 2603], ""type"": ""handwritten"", ""text"": ""1. В тотчя Свободи розмовляла в Нью-""}, {""bbox"": [212, 2590, 2284, 2786], ""type"": ""handwritten"", ""text"": ""ворах, а сельском свободе та де-""}, {""bbox"": [110, 2760, 2287, 2964], ""type"": ""handwritten"", ""text"": ""мограти. Поздравляю з річницею святку""}]"
a3a2c459-f895-4f74-825b-2cb11cc0c8c5.jpg,"[{""bbox"": [871, 400, 1100, 589], ""type"": ""annotation"", ""text"": ""710""}, {""bbox"": [1198, 567, 2694, 686], ""type"": ""printed"", ""text"": ""ронившіся у маєтку Несвітевича (де мі-""}, {""bbox"": [1195, 682, 2698, 791], ""type"": ""printed"", ""text"": ""стилась камера мирового судді з участка""}, {""bbox"": [1198, 793, 2696, 892], ""type"": ""printed"", ""text"": ""Бахмутского повіту, котрого Бенедиктович""}, {""bbox"": [1187, 893, 2757, 998], ""type"": ""printed"", ""text"": ""у те время заміняв), були покрадени бoль-""}, {""bbox"": [1195, 1006, 2492, 1096], ""type"": ""printed"", ""text"": ""шовиками при розгромі того маєтка.""}, {""bbox"": [1349, 1102, 2689, 1200], ""type"": ""printed"", ""text"": ""З огляду на ці данні, зовсім відсто-""}, {""bbox"": [1192, 1211, 2724, 1306], ""type"": ""printed"", ""text"": ""роняется та перешкода, котра у вищезга-""}, {""bbox"": [1187, 1311, 2631, 1404], ""type"": ""printed"", ""text"": ""даному відношенні моїм під № 337 була""}, {""bbox"": [1186, 1421, 2754, 1510], ""type"": ""printed"", ""text"": ""зазначена мною для призначення Бенедикто-""}, {""bbox"": [1191, 1530, 2734, 1614], ""type"": ""printed"", ""text"": ""вича мировим суддею у Бахмутську судово-""}, {""bbox"": [1193, 1658, 1729, 1729], ""type"": ""printed"", ""text"": ""мирoву округу.""}, {""bbox"": [1353, 1738, 2579, 1831], ""type"": ""printed"", ""text"": ""Прикладається копія формулярного""}, {""bbox"": [1194, 1856, 2407, 1932], ""type"": ""printed"", ""text"": ""списку про службу Бенедиктовича.""}, {""bbox"": [1303, 1974, 2390, 2106], ""type"": ""printed"", ""text"": ""Старший Предсідатель Ахрышов""}]"
a3bb9da7-0992-4b39-a38d-9344401cd3b3.jpg,"[{""bbox"": [39, 101, 568, 141], ""type"": ""handwritten"", ""text"": ""загати й народити в космічних умовах""}, {""bbox"": [40, 136, 574, 172], ""type"": ""handwritten"", ""text"": ""нове життя, то таке людське дитя бу""}, {""bbox"": [37, 165, 575, 203], ""type"": ""handwritten"", ""text"": ""де схоже радше на знайомий кінематогра-""}, {""bbox"": [35, 195, 569, 232], ""type"": ""handwritten"", ""text"": ""фігурний образ епілянтка: з великою голо-""}, {""bbox"": [33, 222, 569, 261], ""type"": ""handwritten"", ""text"": ""вою, очима на пів обличчя, слабкими лідами,""}, {""bbox"": [31, 255, 560, 298], ""type"": ""handwritten"", ""text"": ""Для нього, не відміну від нас, такі приймні""}, {""bbox"": [25, 290, 569, 330], ""type"": ""handwritten"", ""text"": ""відсутні, ми гортанів створюю, даних на""}, {""bbox"": [21, 321, 564, 363], ""type"": ""handwritten"", ""text"": ""перу, будуть невідомі. Тось, напевно, влас""}, {""bbox"": [16, 358, 563, 401], ""type"": ""handwritten"", ""text"": ""аже моді і запанув ера електронної книжки,""}, {""bbox"": [60, 395, 567, 431], ""type"": ""handwritten"", ""text"": ""Але й це не страшно, головне-читати, і""}, {""bbox"": [60, 397, 567, 436], ""type"": ""handwritten"", ""text"": ""Але й це не страшно, головне-читайти, і""}, {""bbox"": [17, 431, 567, 467], ""type"": ""handwritten"", ""text"": ""не так важливо, з яких носіїв. Тобі крижки-""}, {""bbox"": [13, 461, 562, 503], ""type"": ""handwritten"", ""text"": ""Ув'язані й емоції, які, на відміну від""}, {""bbox"": [13, 488, 559, 536], ""type"": ""handwritten"", ""text"": ""щоденного потоку інформації, залиша-""}, {""bbox"": [11, 492, 561, 538], ""type"": ""handwritten"", ""text"": ""щоденного потоку інформації, залиша-""}, {""bbox"": [7, 525, 319, 576], ""type"": ""handwritten"", ""text"": ""ютбое з нами надовго,""}, {""bbox"": [0, 614, 88, 647], ""type"": ""annotation"", ""text"": ""9.11.20208""}, {""bbox"": [1, 899, 170, 918], ""type"": ""printed"", ""text"": ""околи 1430 м. Харкова слухають\nвідно концерту Всесвіт""}, {""bbox"": [2, 904, 172, 938], ""type"": ""printed"", ""text"": ""що концерту Республіканського\nрадіокомітету (1931 рік)""}, {""bbox"": [445, 950, 494, 965], ""type"": ""printed"", ""text"": ""/но_think""}]"
a54bea3f-86b5-42f9-802d-46a818434a8c.jpg,"[{""bbox"": [72, 88, 893, 160], ""type"": ""printed"", ""text"": ""ФРАНСЬКИЙ КОМІТЕТ В Ч. С. Р.""}, {""bbox"": [71, 92, 889, 159], ""type"": ""printed"", ""text"": ""ДРАЇНСЬКИЙ КОМІТЕТ В Ч. С. Р.""}, {""bbox"": [53, 176, 892, 246], ""type"": ""printed"", ""text"": ""UKRAJINSKÝ KOMITÉT V Č. S. R.""}, {""bbox"": [162, 257, 775, 312], ""type"": ""printed"", ""text"": ""PRAHA II., KRAKOVSKÁ 10/V.""}, {""bbox"": [1004, 265, 2253, 334], ""type"": ""printed"", ""text"": ""До члена Українського Комітету ВП""}, {""bbox"": [1002, 342, 1741, 454], ""type"": ""handwritten"", ""text"": ""п. МО. Мановке""}, {""bbox"": [185, 501, 451, 574], ""type"": ""printed"", ""text"": ""ч.1943.""}, {""bbox"": [520, 668, 2224, 741], ""type"": ""printed"", ""text"": ""Управа Українського Комітету ласкаво просить""}, {""bbox"": [327, 976, 2107, 1060], ""type"": ""printed"", ""text"": ""помешканні Cerný Pivovar, Praha II, Karlovo n. /spol""}, {""bbox"": [888, 1130, 1455, 1197], ""type"": ""printed"", ""text"": ""порядок дней:""}, {""bbox"": [253, 1230, 1115, 1298], ""type"": ""printed"", ""text"": ""I/ прийом нових членів.""}, {""bbox"": [254, 1333, 1491, 1408], ""type"": ""printed"", ""text"": ""2/ Довибір членів Управи Комітету""}, {""bbox"": [505, 1439, 2285, 1513], ""type"": ""printed"", ""text"": ""лад про сучасне становище Комітету і його майбут""}, {""bbox"": [367, 1506, 587, 1552], ""type"": ""printed"", ""text"": ""праця.""}, {""bbox"": [364, 1547, 1678, 1612], ""type"": ""printed"", ""text"": ""Організація Ощадно-позичкової каси.""}, {""bbox"": [253, 1645, 890, 1720], ""type"": ""printed"", ""text"": ""5/ Біжучі справи.""}, {""bbox"": [963, 1708, 1574, 1766], ""type"": ""printed"", ""text"": ""З пошаною""}, {""bbox"": [1342, 1811, 1937, 1877], ""type"": ""printed"", ""text"": ""Управи Комітету.""}]"
a5e31da0-5af9-490a-9940-4eb01af25b76.jpg,"[{""bbox"": [35, 9, 1510, 110], ""type"": ""handwritten"", ""text"": ""та Народна прокуратура, які, згідно Конституції, повинні бути""}, {""bbox"": [32, 95, 1024, 185], ""type"": ""handwritten"", ""text"": ""независимыми и здравыми правилами.""}, {""bbox"": [123, 168, 1628, 253], ""type"": ""handwritten"", ""text"": ""Проте на практиці ця система не є масштабним прикладом""}, {""bbox"": [41, 240, 1509, 326], ""type"": ""handwritten"", ""text"": ""поділяю владу, оскільки всі цікави влади, передбачається під""}, {""bbox"": [37, 314, 1482, 404], ""type"": ""handwritten"", ""text"": ""зняли вибір Комуністичної партії Київщі, що має""}, {""bbox"": [35, 392, 1471, 487], ""type"": ""handwritten"", ""text"": ""Ініціативну роль у формуванні та контролі над усіма""}, {""bbox"": [34, 471, 708, 571], ""type"": ""handwritten"", ""text"": ""другавленням інституціями""}, {""bbox"": [75, 545, 1597, 648], ""type"": ""handwritten"", ""text"": ""2) Конституція КНР гарантує широкий спектр прав і свобод""}, {""bbox"": [91, 630, 1581, 721], ""type"": ""handwritten"", ""text"": ""запаздян, серед яких: право на працю, освіту, свободу слова,""}, {""bbox"": [99, 703, 1583, 795], ""type"": ""handwritten"", ""text"": ""дирец, зборів, бресперідіант, право на пенсію і соціальні""}, {""bbox"": [100, 784, 1585, 879], ""type"": ""handwritten"", ""text"": ""захопл. Також передбачено рівність усіх громадян перед""}, {""bbox"": [84, 868, 311, 956], ""type"": ""handwritten"", ""text"": ""законом.""}, {""bbox"": [165, 893, 1631, 994], ""type"": ""handwritten"", ""text"": ""ненім. Проте реалізація цих прав, обмежується паломським""}, {""bbox"": [32, 969, 1618, 1074], ""type"": ""handwritten"", ""text"": ""що передбачають залиш інтересів держави, суспільства та""}, {""bbox"": [30, 1038, 1624, 1147], ""type"": ""handwritten"", ""text"": ""элементу. Не, да, державний орган, штраф, невідомості""}, {""bbox"": [35, 1066, 1628, 1214], ""type"": ""handwritten"", ""text"": ""електбу. Не дав державним органам широких повноважень для розкривання і контролю громадським своїх в інтересах""}, {""bbox"": [32, 1123, 1615, 1242], ""type"": ""handwritten"", ""text"": ""де регулювати; контролю громадського свідомості в інтересах""}, {""bbox"": [37, 1189, 1588, 1310], ""type"": ""handwritten"", ""text"": ""збереження соціальної перемож; політичної стабільності;""}, {""bbox"": [53, 1241, 1494, 1392], ""type"": ""handwritten"", ""text"": ""3) Комуністична партія Китаю відігравала центральну""}, {""bbox"": [57, 1285, 1548, 1455], ""type"": ""handwritten"", ""text"": ""3) Комуністична партія Китаю відіграв центральну; піртальну роль в управлінні державою. Вона є єди""}, {""bbox"": [68, 1360, 1608, 1462], ""type"": ""handwritten"", ""text"": ""витільну роль в управлінні державою! Вони є єдиною""}, {""bbox"": [59, 1421, 1415, 1535], ""type"": ""handwritten"", ""text"": ""правосоче пятною силою ще контролюю всі""}, {""bbox"": [57, 1464, 1551, 1600], ""type"": ""handwritten"", ""text"": ""правовосе підписано співці що контролюють\nкінцеві медіум влази, виключно з законодавчими""}, {""bbox"": [56, 1516, 1592, 1662], ""type"": ""handwritten"", ""text"": ""кожої місцевої влади, включаючи з законодавчими виконавчими, судовими органами, конституційні органи""}, {""bbox"": [49, 1603, 1605, 1732], ""type"": ""handwritten"", ""text"": ""биксептабіліт, судороги, уланів, кінцівок, синдром\nінозає нервову раку. КПК не освіти нейтральної системи""}, {""bbox"": [44, 1718, 1521, 1808], ""type"": ""handwritten"", ""text"": ""КИР. Ваш взгляд КЕНК погружается на бой садри""}, {""bbox"": [43, 1783, 1593, 1870], ""type"": ""handwritten"", ""text"": ""асить, що забезпечує їй повний дозвіл на прийняття""}, {""bbox"": [39, 1852, 1427, 1944], ""type"": ""handwritten"", ""text"": ""стратегічних рішень, підтримане дієвими""}, {""bbox"": [66, 1928, 508, 2032], ""type"": ""handwritten"", ""text"": ""Бурсы геройт.""}]"
a6f4e8f6-f124-5d87-8bd6-c29267fa2a37.jpg,"[{""bbox"": [772, 46, 2338, 324], ""type"": ""handwritten"", ""text"": ""Відчуття місторозта\nобома""}, {""bbox"": [1270, 239, 2631, 611], ""type"": ""formula"", ""text"": ""$A D = 4 c m ; B C = 2 c m$""}, {""bbox"": [1304, 514, 2619, 770], ""type"": ""formula"", ""text"": ""$$\\log _ { c } K F = \\frac { 4 + 2 } { 2 } = 3 ( c m )$$""}, {""bbox"": [1237, 990, 1756, 1159], ""type"": ""handwritten"", ""text"": ""25438""}, {""bbox"": [1357, 1153, 2410, 1298], ""type"": ""formula"", ""text"": ""$$\\therefore E F = 7 4 c m .$$""}, {""bbox"": [1329, 1313, 2620, 1498], ""type"": ""handwritten"", ""text"": ""2) познакомься Вт=""}, {""bbox"": [179, 1645, 2725, 1830], ""type"": ""formula"", ""text"": ""3) Малюю $\\frac{AD+BC}{2} = EF$, $x+2+x=20+4$""}, {""bbox"": [198, 1821, 2407, 1977], ""type"": ""formula"", ""text"": ""$2x^{2}+2=28,2x^{2}=26,x=13$ (cm)""}, {""bbox"": [200, 1971, 2794, 2153], ""type"": ""formula"", ""text"": ""4) Омлее, $B C = 73 \\mathrm{~cm} ; A P = 43 \\cdot 2 = 15(\\mathrm{~cm})$.""}, {""bbox"": [204, 2162, 2250, 2347], ""type"": ""handwritten"", ""text"": ""Відповідь: 13401 1569.""}, {""bbox"": [1284, 2319, 1764, 2479], ""type"": ""handwritten"", ""text"": ""Счита""}, {""bbox"": [915, 2503, 2609, 2693], ""type"": ""handwritten"", ""text"": ""D. Докажите: ∠EKI : ∠KLE =""}, {""bbox"": [211, 2695, 3023, 2898], ""type"": ""handwritten"", ""text"": ""2,3,2,10 pozitare, 0<k<4, 2<k<""}, {""bbox"": [158, 2906, 3024, 3098], ""type"": ""handwritten"", ""text"": ""2) Використовуючи дезинфектанти зварити""}, {""bbox"": [191, 3091, 2959, 3291], ""type"": ""handwritten"", ""text"": ""N° 339. Навемо хD=2, тоді =2(3)(1+2)""}, {""bbox"": [230, 3307, 2916, 3636], ""type"": ""formula"", ""text"": ""$$= 4 0 \\% \\quad B C = 2 \\cdot E K = 2 \\cdot 2 x = 4 x \\cdot \\frac { 5 } { 2 } = 5 : 2$$\n$$3 ) \\cos \\angle A D C = \\cos \\angle C = \\cos \\angle C = \\frac { 4 0 2 c } { 4 4 3 c } = \\frac { 5 } { 2 } = 5 : 2$$""}]"
a727ba9c-9beb-4f9e-81fd-67cf74fc5069.jpg,"[{""bbox"": [2169, 60, 2326, 256], ""type"": ""annotation"", ""text"": ""46""}, {""bbox"": [2171, 63, 2323, 256], ""type"": ""annotation"", ""text"": ""46""}, {""bbox"": [1250, 563, 2384, 672], ""type"": ""printed"", ""text"": ""До Вельмишановного Добродія... Микита""}, {""bbox"": [1257, 669, 2332, 793], ""type"": ""handwritten"", ""text"": ""Шаповал""}, {""bbox"": [825, 1108, 1557, 1174], ""type"": ""printed"", ""text"": ""Вельмипановий Добро́дію!""}, {""bbox"": [464, 1248, 2112, 1323], ""type"": ""printed"", ""text"": ""Приступаючи до видання періодичного органу \""Українське""}, {""bbox"": [321, 1454, 2180, 1524], ""type"": ""printed"", ""text"": ""\""ШКЛЯНКУ ЧАЮ\""; яка має відбутися в Подєбрадах 29. УІ. 26 року""}, {""bbox"": [306, 1532, 1736, 1625], ""type"": ""printed"", ""text"": ""в помещании лаборатории \""Централь\"" в 3 ч. дня""}, {""bbox"": [474, 1650, 2206, 1720], ""type"": ""printed"", ""text"": ""З огляду на загально-національну важливість роспочинаємо""}, {""bbox"": [319, 1760, 1505, 1825], ""type"": ""printed"", ""text"": ""нами справи просимо прибути обовязково.""}, {""bbox"": [472, 1851, 2083, 1918], ""type"": ""printed"", ""text"": ""Запросини розіслані найбільш видатним наші громадянам""}, {""bbox"": [326, 1963, 684, 2021], ""type"": ""printed"", ""text"": ""персонально.""}, {""bbox"": [956, 2252, 2030, 2310], ""type"": ""printed"", ""text"": ""Просимо прийняти запевнення в нашій""}, {""bbox"": [658, 2354, 1388, 2413], ""type"": ""printed"", ""text"": ""найглибшій до Вас пошані""}, {""bbox"": [1312, 2442, 2192, 2562], ""type"": ""handwritten"", ""text"": ""Симона Літвінчукової""}, {""bbox"": [1407, 2564, 2027, 2685], ""type"": ""handwritten"", ""text"": ""Компании""}, {""bbox"": [1406, 2567, 2036, 2694], ""type"": ""handwritten"", ""text"": ""Компании""}, {""bbox"": [332, 2655, 821, 2718], ""type"": ""printed"", ""text"": ""21. VI. 26 року.""}, {""bbox"": [1414, 2679, 2042, 2869], ""type"": ""handwritten"", ""text"": ""И.Мурдина""}, {""bbox"": [331, 2763, 820, 2829], ""type"": ""printed"", ""text"": ""Подєбради-Лазне.""}]"
a914f701-50a1-48ed-9cbe-30cb0dbbb4a8.jpg,"[{""bbox"": [35, 64, 130, 119], ""type"": ""handwritten"", ""text"": ""9.3""}, {""bbox"": [30, 131, 1748, 529], ""type"": ""table"", ""text"": ""4|0,10|0,12|50524,8|80036,0|+4454,54|+1600,72|+2850,82\n5|0,16|0,18|24009,3|30900,0|+1420,52|+648,00|+1402,52\n6|0,20|0,24|14067,1|24450,0|+2382,58|+966,00|+1416,58\n2|||18554,64|+3184,92|+536,92""}, {""bbox"": [69, 741, 158, 796], ""type"": ""handwritten"", ""text"": ""8.3""}, {""bbox"": [38, 833, 1211, 1243], ""type"": ""table"", ""text"": ""xi|pi|fi|xi·fi|(pi- p̄)²·fi\n4-6|2|8|42|94,56\n6-8|5|10|50|9,41\n8-10|8|18|126|19,08\n8-10|9|5|45|45,91\n| |39|233|168,96""}, {""bbox"": [66, 1314, 462, 1405], ""type"": ""formula"", ""text"": ""$$\\overline { x } = \\frac { 2 3 3 } { 9 9 } = 5 , 9 4$$""}, {""bbox"": [60, 1418, 516, 1525], ""type"": ""formula"", ""text"": ""$$S ^ { 2 } = \\frac { 1 6 8 , 9 6 } { 3 9 } = 4 , 3 3$$""}, {""bbox"": [49, 1559, 496, 1664], ""type"": ""formula"", ""text"": ""$$\\Delta \\bar { x } = t \\cdot \\sqrt { \\frac { s ^ { 2 } } { n } ( 1 - \\frac { n } { N } ) }$$""}, {""bbox"": [46, 1692, 1660, 1786], ""type"": ""formula"", ""text"": ""$$\\Delta \\overline { { x } } = 2 \\cdot \\sqrt { \\frac { 4 , 3 3 } { 3 9 } ( 1 - 0 , 1 2 ) } = 2 \\cdot \\sqrt { 0 , 1 1 1 \\cdot 0 , 8 8 } = 2 \\cdot \\sqrt { 0 , 0 9 7 4 4 } = 2 \\cdot 0 , 3 1 2 6 = 0 , 6 2 5$$""}, {""bbox"": [1253, 2038, 1502, 2100], ""type"": ""annotation"", ""text"": ""24.12.2025""}]"
a94167ad-158d-43ff-a302-ac46f8f9f9c7.jpg,"[{""bbox"": [160, 154, 391, 187], ""type"": ""handwritten"", ""text"": ""виклико кишкової дія""}, {""bbox"": [104, 171, 553, 219], ""type"": ""handwritten"", ""text"": ""Викликає наприклад мінімумого тисячоліття гітари етнурбано""}, {""bbox"": [58, 209, 537, 243], ""type"": ""handwritten"", ""text"": ""запитували: „Невже електронні носії витіснять тради""}, {""bbox"": [61, 220, 539, 267], ""type"": ""handwritten"", ""text"": ""запитували: \""Невже електронні поси випускають тільки у цей кінці?\"" Альбом Вацлав Ролхін написав""}, {""bbox"": [68, 318, 218, 346], ""type"": ""handwritten"", ""text"": ""свою гостроту""}, {""bbox"": [108, 330, 553, 375], ""type"": ""handwritten"", ""text"": ""Сьогодні більш-менш зрозуміло, що електрони""}, {""bbox"": [50, 357, 555, 398], ""type"": ""handwritten"", ""text"": ""(посід) принаймні поки що, не стверджують кардинально""}, {""bbox"": [58, 376, 555, 423], ""type"": ""handwritten"", ""text"": ""посіб приналежні поки що, не створюють ніяких загрози паперовим книжкам. Проте з'явились вони не""}, {""bbox"": [60, 395, 553, 448], ""type"": ""handwritten"", ""text"": ""Загрози паперовим квитками. Проте з'явилась вона не випадково. Тоді я, че Бог так готує нас до далеких""}, {""bbox"": [59, 418, 542, 476], ""type"": ""handwritten"", ""text"": ""випадково. Тадіо, че Бог так готує нас до дальші мандрівок. Це він підсунув нам гарячі, щоб ми""}, {""bbox"": [60, 468, 549, 522], ""type"": ""handwritten"", ""text"": ""могли колись забрати з собою із ними нашити свої улюблені кімнати, музику, фотографії, картини.""}, {""bbox"": [56, 516, 391, 546], ""type"": ""handwritten"", ""text"": ""бо як інакше вдалося це зробити?""}, {""bbox"": [81, 521, 547, 572], ""type"": ""handwritten"", ""text"": ""як інакше вдалося це зробити? Отож доки Ліон Маск ще тільки на лівдоро""}, {""bbox"": [48, 561, 536, 619], ""type"": ""handwritten"", ""text"": ""зі до інших світів+ наперова книжка в іншій. однак деякі науковці стверджують, що коли""}, {""bbox"": [48, 592, 553, 646], ""type"": ""handwritten"", ""text"": ""однак деякі науковці стверджують, що люди\nлюдиді нарешті змогли здати і народити в""}, {""bbox"": [48, 623, 549, 670], ""type"": ""handwritten"", ""text"": ""люди нарешті зможуть загати і віддати космічних умовах нове питання, то такі людське""}, {""bbox"": [48, 657, 554, 698], ""type"": ""handwritten"", ""text"": ""дитя буде схоже на знайомий кігтям тоградніє-""}, {""bbox"": [47, 686, 558, 727], ""type"": ""handwritten"", ""text"": ""нели образ снялътка з велкою галбово, огням на""}, {""bbox"": [45, 722, 554, 755], ""type"": ""handwritten"", ""text"": ""пів обігну, слабкими м'язами. Для нього, на""}, {""bbox"": [57, 752, 537, 785], ""type"": ""handwritten"", ""text"": ""ірлину від нас, такі присліви відсутні як""}, {""bbox"": [44, 782, 548, 813], ""type"": ""handwritten"", ""text"": ""портах смофішок, запах памфу буруть""}, {""bbox"": [46, 809, 515, 844], ""type"": ""handwritten"", ""text"": ""іввірамі. Тось, натвіно, вм ам тоді і""}, {""bbox"": [41, 842, 514, 879], ""type"": ""handwritten"", ""text"": ""запам'ятує сра електронної книжки.""}]"
ab4a0f63-eb5a-5d60-bc2c-f3e482375cf1.jpg,"[{""bbox"": [366, 289, 1452, 545], ""type"": ""formula"", ""text"": ""b) y = x^2, \\text{ge } x > 0""}, {""bbox"": [397, 520, 1410, 909], ""type"": ""table"", ""text"": ""x|0|1|2|3\ny|0|1|4|9""}, {""bbox"": [1265, 1588, 1637, 1773], ""type"": ""handwritten"", ""text"": ""N406""}, {""bbox"": [424, 1809, 2326, 2023], ""type"": ""handwritten"", ""text"": ""у = х² - квадратична функція""}, {""bbox"": [570, 1951, 1618, 2173], ""type"": ""handwritten"", ""text"": ""Графік парабола""}, {""bbox"": [612, 2156, 2065, 2497], ""type"": ""table"", ""text"": ""x|-3|-2|-1|0|1|2|3\ny|9|4|1|0|1|4|9""}, {""bbox"": [647, 2497, 2193, 2704], ""type"": ""handwritten"", ""text"": ""у = 3х + 1 - лінійна функція""}, {""bbox"": [673, 2662, 1207, 2947], ""type"": ""formula"", ""text"": ""$$\\begin{array}{|c|c|c|} \\hline x & 0 & 9 \\\\ \\hline y & 1 & 4 \\\\ \\hline \\end{array}$$""}]"
ac07749a-9930-4174-b5f0-0655c407315c.jpg,"[{""bbox"": [60, 182, 423, 224], ""type"": ""handwritten"", ""text"": ""Виклики рішучої ври,""}, {""bbox"": [45, 215, 537, 264], ""type"": ""handwritten"", ""text"": ""На прикінці минулого тисячоліття,""}, {""bbox"": [40, 262, 473, 300], ""type"": ""handwritten"", ""text"": ""читає спурбовано запитували""}, {""bbox"": [30, 299, 498, 336], ""type"": ""handwritten"", ""text"": ""Невихід електронні носії витісняють""}, {""bbox"": [30, 333, 310, 377], ""type"": ""handwritten"", ""text"": ""традиційну книжку? \""""}, {""bbox"": [45, 375, 518, 412], ""type"": ""handwritten"", ""text"": ""Аве сама Джоан Ролинг написала""}, {""bbox"": [43, 409, 540, 448], ""type"": ""handwritten"", ""text"": ""«Гаррі Поттера» і і серія романів""}, {""bbox"": [24, 449, 525, 483], ""type"": ""handwritten"", ""text"": ""розі́вчалася сто кіллі́єнними наперо-""}, {""bbox"": [27, 487, 484, 522], ""type"": ""handwritten"", ""text"": ""більш нападаючи, че питання, че""}, {""bbox"": [26, 524, 495, 556], ""type"": ""handwritten"", ""text"": ""питання) втратило свою геотропу,""}, {""bbox"": [66, 556, 514, 582], ""type"": ""handwritten"", ""text"": ""Сегодня большинство зрозуміло,""}, {""bbox"": [52, 558, 504, 583], ""type"": ""handwritten"", ""text"": ""Сегодня блюдо меня зрозуміле""}, {""bbox"": [19, 576, 459, 600], ""type"": ""handwritten"", ""text"": ""що електронні посібники, при найменшій""}, {""bbox"": [22, 577, 455, 599], ""type"": ""handwritten"", ""text"": ""що електронні посібники, при наявності""}, {""bbox"": [17, 603, 507, 635], ""type"": ""handwritten"", ""text"": ""поки що, не створюють кардиналово-""}, {""bbox"": [15, 636, 495, 671], ""type"": ""handwritten"", ""text"": ""ної загрози паперовим інших нал.""}, {""bbox"": [32, 675, 512, 712], ""type"": ""handwritten"", ""text"": ""Проте з'явилися вони випадково.""}, {""bbox"": [9, 712, 514, 751], ""type"": ""handwritten"", ""text"": ""Гадаю, що Бог (нас) так гетьує нас""}, {""bbox"": [17, 752, 488, 788], ""type"": ""handwritten"", ""text"": ""до даних мандрівок. Це Він""}, {""bbox"": [17, 786, 520, 826], ""type"": ""handwritten"", ""text"": ""готує нас до чайних мандрівок""}, {""bbox"": [13, 822, 528, 864], ""type"": ""handwritten"", ""text"": ""це ви підсунув нам гадкети, щоб""}, {""bbox"": [8, 859, 529, 900], ""type"": ""handwritten"", ""text"": ""ким какие змеики забрать с собой кас""}, {""bbox"": [10, 888, 499, 937], ""type"": ""handwritten"", ""text"": ""інші планети свої улюблені кишеньки""}]"
ae5d47a3-be52-4281-bc01-9a5e3e8ebbb6.jpg,"[{""bbox"": [159, 180, 475, 217], ""type"": ""handwritten"", ""text"": ""Виксемен креселькової""}, {""bbox"": [101, 272, 462, 323], ""type"": ""handwritten"", ""text"": ""Например: лесничего""}, {""bbox"": [65, 321, 526, 354], ""type"": ""handwritten"", ""text"": ""писеровіття читарі стуф-""}, {""bbox"": [64, 352, 508, 392], ""type"": ""handwritten"", ""text"": ""бовако запистывался: \""ковтко""}, {""bbox"": [54, 384, 528, 426], ""type"": ""handwritten"", ""text"": ""електронні мости вистають""}, {""bbox"": [59, 423, 488, 462], ""type"": ""handwritten"", ""text"": ""традиції сву кмітливу ?\"" Але""}, {""bbox"": [48, 456, 531, 493], ""type"": ""handwritten"", ""text"": ""/но_тінк""}, {""bbox"": [55, 487, 505, 523], ""type"": ""handwritten"", ""text"": ""ла «Гаррі Поттера» і її серії""}, {""bbox"": [40, 520, 509, 555], ""type"": ""handwritten"", ""text"": "") романів розігремається сто-""}, {""bbox"": [57, 551, 502, 585], ""type"": ""handwritten"", ""text"": ""миллионными паперовыми,""}, {""bbox"": [53, 582, 536, 616], ""type"": ""handwritten"", ""text"": ""намерени, че петаленя втра-""}, {""bbox"": [53, 614, 400, 646], ""type"": ""handwritten"", ""text"": ""тіло свою постфату.""}, {""bbox"": [109, 641, 520, 680], ""type"": ""handwritten"", ""text"": ""Свого дня більш-менш зро-""}, {""bbox"": [56, 676, 523, 710], ""type"": ""handwritten"", ""text"": ""зріслю, сю селектронні мості,""}, {""bbox"": [51, 707, 524, 739], ""type"": ""handwritten"", ""text"": ""примножили, пока что, не ство-""}, {""bbox"": [47, 737, 519, 774], ""type"": ""handwritten"", ""text"": ""рвоять кардинальной загрозы""}, {""bbox"": [49, 768, 524, 806], ""type"": ""handwritten"", ""text"": ""паперовыми кисетками. Кроме,""}, {""bbox"": [48, 803, 515, 844], ""type"": ""handwritten"", ""text"": ""з'явившася вони невипадково.""}, {""bbox"": [449, 1074, 495, 1085], ""type"": ""printed"", ""text"": ""银证转账""}, {""bbox"": [0, 1084, 220, 1101], ""type"": ""printed"", ""text"": ""школи №30 м. Харкова слухають""}, {""bbox"": [448, 1088, 496, 1096], ""type"": ""printed"", ""text"": """"}, {""bbox"": [448, 1098, 495, 1108], ""type"": ""printed"", ""text"": ""92 84 378""}, {""bbox"": [449, 1098, 495, 1111], ""type"": ""printed"", ""text"": ""/no_think""}, {""bbox"": [0, 1101, 225, 1119], ""type"": ""printed"", ""text"": ""відлишку концерту Республіканського""}, {""bbox"": [449, 1108, 495, 1121], ""type"": ""printed"", ""text"": ""/ no_think""}, {""bbox"": [28, 1118, 174, 1133], ""type"": ""printed"", ""text"": ""радіокомітету (1931 рік)""}]"
af7e09e3-ef68-41ff-b630-889bebb0930e.jpg,"[{""bbox"": [503, 25, 994, 133], ""type"": ""handwritten"", ""text"": ""Треба тити!""}, {""bbox"": [215, 136, 1344, 250], ""type"": ""handwritten"", ""text"": ""жити треба цікаво; читати книжки, Ф. Драйона.""}, {""bbox"": [222, 141, 1341, 267], ""type"": ""handwritten"", ""text"": ""жити треба цікаво; читати книги, він. Йоса Мирона.""}, {""bbox"": [106, 146, 1332, 368], ""type"": ""handwritten"", ""text"": ""Жити треба цікаво: читати книжки, ходити в театр, тренувати тіло та душу, не трошки,""}, {""bbox"": [116, 211, 1324, 432], ""type"": ""handwritten"", ""text"": ""Жити треба ціною\nходити в театр, тренувати Яса Патрона.\nТреба жити! Не впівсими, не трошком,\nв нашій Зарав.""}, {""bbox"": [154, 320, 1277, 526], ""type"": ""handwritten"", ""text"": ""Преба жити! Не втівсими, не трошким\nе завтра, не тіль. По-справжньому. Зараз.\nі збирати тілби, вєзти""}, {""bbox"": [101, 399, 1251, 608], ""type"": ""handwritten"", ""text"": ""Перед тим. Зараз, не завтра, не після. По-справжньому. Зараз. Перед гладити котів, збирати гриби, везти на Інтерсіті, робити""}, {""bbox"": [107, 454, 1244, 690], ""type"": ""handwritten"", ""text"": ""не завтра, не після. не справді. Переда гладити котів, збирати гриби, везти цукерки із фронту на Інтернеті, робити""}, {""bbox"": [90, 536, 1320, 778], ""type"": ""handwritten"", ""text"": ""Преба гладити кото, додається з фронту на Інтернеті, робити цукерки і приносити їх тим, кого любиш, і донати супер з лайтками на РЕБА;""}, {""bbox"": [90, 570, 1317, 842], ""type"": ""handwritten"", ""text"": ""Перед відділом з фронту на Інтернет, розумінням і приносити частя тим, кої люблять ремонт і приносити сукні з літками і дона- Перед купувати сукні з літками на РЕБА і військо, вишукувати в літері""}, {""bbox"": [113, 580, 1274, 920], ""type"": ""handwritten"", ""text"": ""ученнят із фронтu на інтернат, ремонт і приносити цасть тим, кого люби треба купувати сукні з лейтками і дон тити на військо, вишукувати в літерії а ще нішпорити і також треба принести""}, {""bbox"": [103, 671, 1268, 955], ""type"": ""handwritten"", ""text"": ""ремонт і приносити азот. Нареба купувати сукні з лайтками і др тити на військо, вишукувати на РЕБа і генератори, а ще нішпорити в літері норний урок треба принести""}, {""bbox"": [95, 743, 1250, 1059], ""type"": ""handwritten"", ""text"": ""Преба куркувати супо тити на військо, вишукувати на генератори, а ще нішперити в літері ботсаду, бо на перший урок треба принести натанів.""}, {""bbox"": [141, 846, 1290, 1146], ""type"": ""handwritten"", ""text"": ""мити на генератори, а ще нішпорити отсаду, бо на перший урок треба принести аштанів. Треба любити свій дім, навіть, якщо""}, {""bbox"": [223, 861, 1302, 1144], ""type"": ""handwritten"", ""text"": ""ратори, а ще нішто р\nаду, бо на перший урок треба принести\nтанів.\nТреба любити свій дім, навіть, якщо\nвід справжнього""}, {""bbox"": [115, 965, 1283, 1243], ""type"": ""handwritten"", ""text"": ""ботсаду, бо на на\nкампанів.\nПреба любити свій дім, навіть, якщо\nвін тимчасовий і далеко від справжнього\nв селі. Преба здавати кров""}, {""bbox"": [107, 966, 1281, 1248], ""type"": ""handwritten"", ""text"": ""ботсажу, бо на на\nнаштанів.\nПреба любити свій дім, навіть, якщо\nвін тимчасовий і далеко від справжнього\nв серці. Преба здавати кров""}, {""bbox"": [96, 1014, 388, 1100], ""type"": ""handwritten"", ""text"": ""каштанів.""}, {""bbox"": [107, 1020, 1273, 1314], ""type"": ""handwritten"", ""text"": ""намітанів. Треба любити свій дім, навіть, як він тимчасовий і далеко від справжнього дому, то, що в серці. Треба здавати кров в чиємось серці посміття""}, {""bbox"": [101, 1092, 1269, 1412], ""type"": ""handwritten"", ""text"": ""Перед любо він тимчасовий і далеко від справного він тимчасовий і далеко від справного дому, того, що в серці. Перед здавати кров і міті з нею ще в чимало серці посмітка і міті з нею ще в чимало серці посмітка""}, {""bbox"": [91, 1218, 1295, 1492], ""type"": ""handwritten"", ""text"": ""дому, тою, що в серці. Якщо в чиємось серці посміття і може з нею ще в чиємось серці посміття любов до айв: допіру, пітятько чи килем.""}, {""bbox"": [212, 1245, 1308, 1562], ""type"": ""handwritten"", ""text"": ""у, тою, що в чиємось серці піднімається з нею ще в чиємось серці піднімається з нею ще в чиємось серці піднімається з нею ще в чиємось серці піднімається з нею ще в чиємось серці піднімається з нею ще в чиємось серці піднімається з нею ще в чиємось серці піднімається з нею ще в чиємось серці піднімається з нею ще в чиємось серці піднімається з нею ще в чиємось серці піднімається з нею ще в чиємось серці піднімається з""}, {""bbox"": [98, 1351, 1235, 1665], ""type"": ""handwritten"", ""text"": ""і мртє з\nлюбов до сів: допіру, пітятько\nПреба відчуватись, коли випадає н\nі казати те, що на душі. Немає часу\nМатеріальне крихке, тит""}, {""bbox"": [84, 1360, 1271, 1656], ""type"": ""handwritten"", ""text"": ""любов до анів: допіру, піттям\nПіреба цілуватись, коли випадає на\nі казати те, що на думці. Немає часу\nМатеріальне крихке, тит""}, {""bbox"": [90, 1462, 1315, 1743], ""type"": ""handwritten"", ""text"": ""Піреба ізліуватися, не\nі казати те, що на думці. Немає часу\nна півтони. Матеріальне крихке, титт\nна півтони. Матеріальне крихке, титт\nна півтони. Матеріальне крихке, титт\nна півтони. Матеріальне крихке, титт\nна півтони. Матеріальне крихке, титт\nна півтони. Матеріальне крихке, титт\nна півтони. Матеріальне крихке, титт\nна півтони. Матеріальне крихке, титт\nна півтони. Матеріальне крихке, титт\nна півтони. Матеріальне крихке, титт""}, {""bbox"": [99, 1486, 1324, 1831], ""type"": ""handwritten"", ""text"": ""Піреба іноді\nі казати те, що на думці. Немає сад\nна півтони. Матеріальне крихке, титть\nтікає крізь пальці. Справжнім виявимось те,\nщо можна схопитись руками:""}, {""bbox"": [94, 1599, 1191, 1911], ""type"": ""handwritten"", ""text"": ""і казати на, Матеріальні на півтони. Матеріальні права, тікає крізь пальці. Справжнім виявило за що не можна схопитись руками: сили і любов.""}]"
b01c3599-8158-5d02-95d9-969e2031ac38.jpg,"[{""bbox"": [1412, 356, 3012, 608], ""type"": ""handwritten"", ""text"": ""Чотирнадцяте січня""}, {""bbox"": [1667, 582, 3144, 797], ""type"": ""handwritten"", ""text"": ""Наймання робота""}, {""bbox"": [1886, 770, 2862, 981], ""type"": ""handwritten"", ""text"": ""Вправа / 264""}, {""bbox"": [555, 980, 3576, 1241], ""type"": ""handwritten"", ""text"": ""іно, знати, ловсе, віче, усміхаючись""}, {""bbox"": [656, 1203, 3678, 1441], ""type"": ""handwritten"", ""text"": ""анавиш, піднимиком, понідними""}, {""bbox"": [656, 1387, 3678, 1680], ""type"": ""handwritten"", ""text"": ""мурвати, місіс, сенсатор, підтриму""}]"
b106dc0f-0ab9-487c-b86d-4c51e91c802c.jpg,"[{""bbox"": [314, 182, 2710, 368], ""type"": ""handwritten"", ""text"": ""Налога, і казати те, що на думці.""}, {""bbox"": [291, 334, 2852, 521], ""type"": ""handwritten"", ""text"": ""Немає часу на півтони. Матеріальні""}, {""bbox"": [263, 455, 2767, 666], ""type"": ""handwritten"", ""text"": ""крихке, пилить тікає крізь пальці.""}, {""bbox"": [261, 634, 2735, 818], ""type"": ""handwritten"", ""text"": ""Справжнім виявилося тільки те, за""}, {""bbox"": [255, 777, 2687, 967], ""type"": ""handwritten"", ""text"": ""що не можна схопитись руками:""}, {""bbox"": [250, 926, 1807, 1057], ""type"": ""handwritten"", ""text"": ""спогади, сміх і любов.""}, {""bbox"": [385, 1039, 2845, 1221], ""type"": ""handwritten"", ""text"": ""Ще треба плакати, коли лопнеться.""}, {""bbox"": [244, 1185, 2870, 1360], ""type"": ""handwritten"", ""text"": ""За все те, що нікому б немало з нами""}, {""bbox"": [235, 1349, 2687, 1510], ""type"": ""handwritten"", ""text"": ""стаття. За те, що ми не тільки""}, {""bbox"": [237, 1494, 2745, 1664], ""type"": ""handwritten"", ""text"": ""знаємо, як пишеться далекобійний""}, {""bbox"": [241, 1640, 2751, 1816], ""type"": ""handwritten"", ""text"": ""дрон або балістична ракета, а й""}, {""bbox"": [17, 1786, 1927, 1963], ""type"": ""handwritten"", ""text"": ""розрізняємо їх на сухі.""}, {""bbox"": [407, 1925, 2897, 2116], ""type"": ""handwritten"", ""text"": ""Восіяни хочуть, щоб ми стали схо-""}, {""bbox"": [0, 2096, 2842, 2272], ""type"": ""handwritten"", ""text"": ""вії псили на них, скинім у вічній тиході.""}, {""bbox"": [194, 2253, 2864, 2434], ""type"": ""handwritten"", ""text"": ""А ми будемо писати цікаво, всупереч""}, {""bbox"": [199, 2408, 2864, 2587], ""type"": ""handwritten"", ""text"": ""історії, і заради тих, хто після нас""}, {""bbox"": [202, 2574, 2123, 2755], ""type"": ""handwritten"", ""text"": ""говориткие нашого лавою.""}]"
b1e5056d-1acd-410d-b68f-b74a0358d61b.jpg,"[{""bbox"": [46, 1, 681, 92], ""type"": ""handwritten"", ""text"": ""2) Інсультний розрив -""}, {""bbox"": [932, 80, 1049, 177], ""type"": ""annotation"", ""text"": ""/ no_think""}, {""bbox"": [23, 276, 782, 372], ""type"": ""handwritten"", ""text"": ""3) Види бюджетних державних""}, {""bbox"": [78, 362, 1590, 442], ""type"": ""handwritten"", ""text"": ""допити вчений - коли кількість дурнавих видінків більша за""}, {""bbox"": [75, 433, 1229, 507], ""type"": ""handwritten"", ""text"": ""доходи в іраїні. Через це виникає дефіцит""}, {""bbox"": [95, 493, 895, 570], ""type"": ""handwritten"", ""text"": ""це є чеклітовий і структурний""}, {""bbox"": [1330, 524, 1432, 598], ""type"": ""annotation"", ""text"": ""f""}, {""bbox"": [106, 528, 1546, 647], ""type"": ""handwritten"", ""text"": ""Динамічні дерущі - вибільш внаслідок погіршення паров""}, {""bbox"": [110, 562, 1544, 724], ""type"": ""handwritten"", ""text"": ""забагатнені державні - вивелися внаслідок погіршення процесів\nдо вимушування населення збільшення рівня безробіття, тд.""}, {""bbox"": [110, 707, 1468, 826], ""type"": ""handwritten"", ""text"": ""Закон Оумена - це закон у якому говориться що якщо""}, {""bbox"": [103, 730, 1520, 882], ""type"": ""handwritten"", ""text"": ""Закон Оукена - це закон у якому говориться що якщо інфляція більша за 10, то ВВП країну втрачає приблизно 2,5%. Тобто збільшення інфляції призводить""}, {""bbox"": [113, 739, 1514, 885], ""type"": ""handwritten"", ""text"": ""аком Оукена - це закон у якому говориться що якщо інфляція більша за 10, то ВВП країни бурає приблизно 2,5%. Тобто збільшення інфляції""}, {""bbox"": [108, 796, 1522, 954], ""type"": ""handwritten"", ""text"": ""індустрія більша за 10, то ВВП країну втратиме приблизно 3,5%. Тобто збільшення індустрії буде впливати на ВВП країну""}, {""bbox"": [104, 799, 1525, 951], ""type"": ""handwritten"", ""text"": ""інфляція склала за 10, то ВВП країни втратив приблизно 3,5%. Тобто збільшення інфляції буде впливати на ВВП країни""}, {""bbox"": [132, 862, 304, 932], ""type"": ""handwritten"", ""text"": ""країну""}, {""bbox"": [41, 946, 1607, 1074], ""type"": ""handwritten"", ""text"": ""5) Брамічна схильність до споживання - це та частина доходу яка""}, {""bbox"": [1315, 947, 1412, 1006], ""type"": ""annotation"", ""text"": ""A""}, {""bbox"": [62, 966, 1612, 1125], ""type"": ""handwritten"", ""text"": ""5) Тримітка, схильність до споживання - це та частина доходу яку\nC1=ΔC\nΔY\nми відраховуємо на споживання тобто на схильність""}, {""bbox"": [62, 1119, 357, 1202], ""type"": ""handwritten"", ""text"": ""IV Sagara""}, {""bbox"": [1438, 1130, 1532, 1197], ""type"": ""annotation"", ""text"": ""+""}, {""bbox"": [56, 1190, 264, 1272], ""type"": ""handwritten"", ""text"": ""Дано:""}, {""bbox"": [466, 1232, 1003, 1301], ""type"": ""formula"", ""text"": ""$$C = 40 + 0 , 4 \\cdot 2 5 0 0 = 1 7 9 0$$""}, {""bbox"": [63, 1262, 350, 1346], ""type"": ""formula"", ""text"": ""C = 40 + 0,7 \\times Y""}, {""bbox"": [493, 1300, 939, 1364], ""type"": ""formula"", ""text"": ""$$C ^ { \\prime } = 9 7 \\quad C ^ { \\prime } + S ^ { \\prime } = 1$$""}, {""bbox"": [71, 1339, 295, 1421], ""type"": ""formula"", ""text"": ""$y=2500\\lg$""}, {""bbox"": [939, 1348, 1642, 1843], ""type"": ""graph"", ""text"": """"}, {""bbox"": [541, 1355, 873, 1423], ""type"": ""formula"", ""text"": ""$S^{1}=1-0.7=9.3$""}, {""bbox"": [501, 1417, 841, 1505], ""type"": ""formula"", ""text"": ""$$\\pi S = - C _ { 0 } + S ^ { \\prime } y$$""}, {""bbox"": [505, 1511, 1020, 1620], ""type"": ""formula"", ""text"": ""$$S = - 4 0 + 9 , 3 \\cdot 2 5 0 0 = 4 1 0$$""}, {""bbox"": [1283, 1854, 1415, 1962], ""type"": ""annotation"", ""text"": ""x>""}]"
b5209011-6e43-5ee6-893b-ce6869ee3a88.jpg,"[{""bbox"": [1418, 314, 2632, 610], ""type"": ""handwritten"", ""text"": ""Третиете сеся,""}, {""bbox"": [1643, 550, 2913, 861], ""type"": ""handwritten"", ""text"": ""Внимание ребята""}, {""bbox"": [250, 773, 3248, 1098], ""type"": ""handwritten"", ""text"": ""Палимурвана схеметка, персим""}, {""bbox"": [199, 1047, 2109, 1332], ""type"": ""handwritten"", ""text"": ""нелицерована серчева.""}, {""bbox"": [154, 1292, 2492, 1594], ""type"": ""handwritten"", ""text"": ""2. Будіва скелетних м'яза""}, {""bbox"": [1625, 1575, 2507, 1738], ""type"": ""handwritten"", ""text"": ""1-сухожильный""}, {""bbox"": [1615, 1709, 2733, 1862], ""type"": ""handwritten"", ""text"": ""2 - Хи'єролу, серебце""}, {""bbox"": [1618, 1839, 2782, 1982], ""type"": ""handwritten"", ""text"": ""3. - м'ягкі пічки""}, {""bbox"": [1626, 1954, 2902, 2082], ""type"": ""handwritten"", ""text"": ""ч - влада, офіціма""}, {""bbox"": [1637, 2060, 2886, 2199], ""type"": ""handwritten"", ""text"": ""5 - м'ягкі підкладки""}, {""bbox"": [1624, 2165, 2698, 2329], ""type"": ""handwritten"", ""text"": ""в - либерали""}, {""bbox"": [1638, 2298, 2896, 2547], ""type"": ""handwritten"", ""text"": ""1- претіврівраним""}]"
b5db1d37-867d-507e-8c9a-2b9d8667ce57.jpg,"[{""bbox"": [508, 33, 1236, 280], ""type"": ""handwritten"", ""text"": ""CH3\n/""}, {""bbox"": [510, 243, 1932, 510], ""type"": ""formula"", ""text"": ""$$\\mathrm { C H _ { 3 } - C H _ { 2 } - C H - C H - C O O H }$$""}, {""bbox"": [713, 920, 2306, 1064], ""type"": ""handwritten"", ""text"": ""2-этил-3-метилбутен-2""}, {""bbox"": [470, 1116, 1246, 1282], ""type"": ""handwritten"", ""text"": ""61 CH3""}, {""bbox"": [613, 1262, 1955, 1475], ""type"": ""handwritten"", ""text"": ""CH3-CH-CH-CH-COOH""}, {""bbox"": [656, 1681, 2196, 1828], ""type"": ""handwritten"", ""text"": ""3-метил-2-хлорпропановой""}, {""bbox"": [1278, 1836, 1579, 1981], ""type"": ""handwritten"", ""text"": ""N 132""}, {""bbox"": [1762, 2007, 2502, 2284], ""type"": ""handwritten"", ""text"": ""b) - CH3""}, {""bbox"": [1764, 2016, 1914, 2193], ""type"": ""annotation"", ""text"": ""61""}, {""bbox"": [1679, 2224, 2978, 2520], ""type"": ""handwritten"", ""text"": ""CH₃-OH-CH-CH-COOH""}, {""bbox"": [464, 2553, 1403, 2732], ""type"": ""handwritten"", ""text"": ""демилитаризованной""}, {""bbox"": [2317, 2673, 2470, 2793], ""type"": ""handwritten"", ""text"": ""c1""}, {""bbox"": [413, 2721, 529, 2868], ""type"": ""handwritten"", ""text"": ""63""}, {""bbox"": [961, 2741, 1215, 2913], ""type"": ""handwritten"", ""text"": ""CH3""}, {""bbox"": [1937, 2850, 2976, 3041], ""type"": ""handwritten"", ""text"": ""3-метил-2-хлорпропанол""}, {""bbox"": [473, 2921, 1853, 3164], ""type"": ""formula"", ""text"": ""$$\\mathrm { C H _ { 3 } - C H _ { 2 } - \\overset { 1 } { \\mathrm { C H } } - C H - C O O H }$$""}, {""bbox"": [459, 3500, 1649, 3702], ""type"": ""handwritten"", ""text"": ""2-метил - 3-метилпентанові""}]"
b67a07b4-da09-562d-9824-b886eb0b36fa.jpg,"[{""bbox"": [640, 1, 3516, 343], ""type"": ""handwritten"", ""text"": ""зирой массового уражения.""}, {""bbox"": [1929, 508, 2810, 715], ""type"": ""handwritten"", ""text"": ""5 травня""}, {""bbox"": [1764, 705, 3340, 974], ""type"": ""handwritten"", ""text"": ""Класна робота""}, {""bbox"": [1461, 934, 3557, 1239], ""type"": ""handwritten"", ""text"": ""Песковий калітрою""}, {""bbox"": [390, 1172, 719, 1358], ""type"": ""handwritten"", ""text"": ""1.8""}, {""bbox"": [1784, 1257, 2654, 1450], ""type"": ""handwritten"", ""text"": ""11.5 16.5""}, {""bbox"": [1050, 1468, 2179, 1691], ""type"": ""handwritten"", ""text"": ""关于信贷""}, {""bbox"": [322, 1736, 1379, 1936], ""type"": ""handwritten"", ""text"": ""3.×T 8.B""}, {""bbox"": [1713, 1756, 2125, 1959], ""type"": ""handwritten"", ""text"": ""13.B""}, {""bbox"": [996, 2018, 1404, 2240], ""type"": ""handwritten"", ""text"": ""q.it""}, {""bbox"": [1702, 2035, 2159, 2243], ""type"": ""handwritten"", ""text"": ""тн. х""}, {""bbox"": [234, 2317, 606, 2531], ""type"": ""handwritten"", ""text"": ""5.06""}]"
b706c539-06b2-5ac9-82cd-ca5b9396ee04.jpg,"[{""bbox"": [454, 77, 3476, 346], ""type"": ""handwritten"", ""text"": ""Течінка / кишечник: рівні прямі, ванск""}, {""bbox"": [457, 414, 951, 564], ""type"": ""handwritten"", ""text"": ""метами.""}, {""bbox"": [388, 574, 2338, 848], ""type"": ""handwritten"", ""text"": ""3. Як економити воду?""}, {""bbox"": [356, 828, 3355, 1059], ""type"": ""handwritten"", ""text"": ""- Реабсорбція: у ниркових канальцях""}, {""bbox"": [490, 1042, 3406, 1325], ""type"": ""handwritten"", ""text"": ""вода вымкнутые з первинної сегі""}, {""bbox"": [505, 1300, 1556, 1569], ""type"": ""handwritten"", ""text"": ""показ у кров""}, {""bbox"": [353, 1520, 3376, 1788], ""type"": ""handwritten"", ""text"": ""- Нациентробама сеча: завдеки вторикимис""}, {""bbox"": [455, 1765, 3474, 2029], ""type"": ""handwritten"", ""text"": ""мірками мварини велодоріг мікроміці""}, {""bbox"": [457, 2012, 3476, 2263], ""type"": ""handwritten"", ""text"": ""Покриви: шуљома шкіра, шуки або""}, {""bbox"": [460, 2250, 3476, 2519], ""type"": ""handwritten"", ""text"": ""пітин захищають від випаруван""}]"
b85a53be-d739-41ce-91ab-b73ce7e06710.jpg,"[{""bbox"": [112, 51, 745, 148], ""type"": ""handwritten"", ""text"": ""Na-натрій Cl-хлор""}, {""bbox"": [118, 151, 767, 255], ""type"": ""handwritten"", ""text"": ""О-оксигер Зр-уник""}, {""bbox"": [110, 251, 827, 382], ""type"": ""handwritten"", ""text"": ""N-гідроген N-гідроген""}, {""bbox"": [112, 426, 1499, 570], ""type"": ""handwritten"", ""text"": ""1. В цьому періоді, групи й підгрупи знаходяться""}, {""bbox"": [145, 533, 1624, 690], ""type"": ""handwritten"", ""text"": ""Хімічні елементи, електронні формули яких мають\nпевні закономірності:""}, {""bbox"": [151, 639, 643, 722], ""type"": ""handwritten"", ""text"": ""такі закінчення:""}, {""bbox"": [139, 746, 818, 848], ""type"": ""formula"", ""text"": ""$$\\alpha 1 \\cdots 3 d ^ { 3 } 4 s ^ { 2 } ; \\quad \\beta 1 \\cdots 3 s ^ { 2 } 3 p ^ { 4 } ?$$""}, {""bbox"": [139, 932, 1110, 1056], ""type"": ""handwritten"", ""text"": ""а) Тверіод: III, чуна: III, підгрунтя: III""}, {""bbox"": [1182, 977, 1353, 1128], ""type"": ""annotation"", ""text"": ""±90.""}, {""bbox"": [135, 1027, 1147, 1188], ""type"": ""handwritten"", ""text"": ""д) Твердог: 1, чура: V, підгузка: I""}, {""bbox"": [124, 1213, 1508, 1500], ""type"": ""handwritten"", ""text"": ""2. Зріз часи розчину учуру з масовою часткою редьки 40 % та води слід взяти для підготовки вапня 500 г масою""}, {""bbox"": [140, 1352, 1460, 1610], ""type"": ""handwritten"", ""text"": ""ріддани 40 % та води аід взяти для рушон вапід 500 г розчину з маівого частного узру 30%?""}, {""bbox"": [135, 1530, 508, 1617], ""type"": ""handwritten"", ""text"": ""уукру 30%?""}, {""bbox"": [117, 1643, 725, 1766], ""type"": ""handwritten"", ""text"": ""Дано Взв'язанні""}, {""bbox"": [117, 1644, 273, 1750], ""type"": ""handwritten"", ""text"": ""Дано""}, {""bbox"": [422, 1683, 726, 1763], ""type"": ""handwritten"", ""text"": ""Взв'язанні""}, {""bbox"": [407, 1801, 741, 1878], ""type"": ""formula"", ""text"": ""$$5 0 0 \\div 3 0 = 4 6 . 5$$""}, {""bbox"": [1048, 1817, 1217, 1966], ""type"": ""annotation"", ""text"": ""±15℃""}, {""bbox"": [405, 1892, 760, 1976], ""type"": ""formula"", ""text"": ""$$5 0 0 : 4 0 = 1 2 , 5$$""}, {""bbox"": [405, 1988, 743, 2072], ""type"": ""formula"", ""text"": ""$16,5+12,5=115$""}, {""bbox"": [409, 2066, 771, 2157], ""type"": ""formula"", ""text"": ""$$5 0 0 : 1 1 5 = 4 , 5$$""}, {""bbox"": [826, 2079, 1388, 2217], ""type"": ""handwritten"", ""text"": ""В-дб: 4,5% от улкрг""}]"
b8a1dbdf-e4e5-51a1-8948-b972dd0385b5.jpg,"[{""bbox"": [220, 0, 2228, 209], ""type"": ""handwritten"", ""text"": ""2. Чакашоле - середній рід""}, {""bbox"": [390, 139, 2002, 381], ""type"": ""handwritten"", ""text"": ""Увасі - найвочий рід""}, {""bbox"": [405, 357, 2028, 566], ""type"": ""handwritten"", ""text"": ""Тираннозавр - середній рід""}, {""bbox"": [436, 542, 1785, 756], ""type"": ""handwritten"", ""text"": ""Соте - середний ряд""}, {""bbox"": [390, 723, 2036, 963], ""type"": ""handwritten"", ""text"": ""Мацоні - середній рід""}, {""bbox"": [182, 888, 1093, 1079], ""type"": ""handwritten"", ""text"": ""3. 1) гемептика""}, {""bbox"": [422, 1098, 1332, 1260], ""type"": ""handwritten"", ""text"": ""а) переменчивый""}, {""bbox"": [462, 1256, 969, 1431], ""type"": ""handwritten"", ""text"": ""3) пером""}, {""bbox"": [506, 1447, 1118, 1604], ""type"": ""handwritten"", ""text"": ""4) гемолиз""}, {""bbox"": [495, 1615, 1312, 1824], ""type"": ""handwritten"", ""text"": ""5) неутомим""}, {""bbox"": [148, 1801, 1603, 2026], ""type"": ""handwritten"", ""text"": ""1. Коридор - коридору""}, {""bbox"": [274, 1979, 1612, 2193], ""type"": ""handwritten"", ""text"": ""Квадрат - квадратама""}, {""bbox"": [291, 2157, 1331, 2331], ""type"": ""handwritten"", ""text"": ""Тема - перелом""}, {""bbox"": [303, 2323, 1118, 2540], ""type"": ""handwritten"", ""text"": ""Ник - піську""}, {""bbox"": [317, 2509, 1468, 2726], ""type"": ""handwritten"", ""text"": ""Світлєзь - Світлєзню""}, {""bbox"": [342, 2710, 1684, 2915], ""type"": ""handwritten"", ""text"": ""чорнозем - чорноземну""}, {""bbox"": [279, 2905, 1186, 3036], ""type"": ""handwritten"", ""text"": ""кисе - кисна""}, {""bbox"": [263, 3034, 1210, 3249], ""type"": ""handwritten"", ""text"": ""Рубай - Дубано""}, {""bbox"": [254, 3201, 1440, 3424], ""type"": ""handwritten"", ""text"": ""Фомбас - Фомблеу""}, {""bbox"": [261, 3412, 1290, 3551], ""type"": ""handwritten"", ""text"": ""попок - попака""}, {""bbox"": [251, 3585, 1627, 3776], ""type"": ""handwritten"", ""text"": ""косимую - косимуса""}, {""bbox"": [256, 3587, 1619, 3779], ""type"": ""handwritten"", ""text"": ""косинусо- косинуса""}]"
b95befcb-d245-4e81-afa6-6f3aedda8639.jpg,"[{""bbox"": [337, 178, 1204, 232], ""type"": ""printed"", ""text"": ""ЛЕГІТИМАЦІЯ ч.""}, {""bbox"": [152, 422, 1158, 463], ""type"": ""printed"", ""text"": ""має право участи на другому Делегатському Зізді Української""}, {""bbox"": [152, 478, 1157, 517], ""type"": ""printed"", ""text"": ""Селянської Спілки 16-17 травня 1925 р. з правом рішаючого голосу""}]"
b96aeccd-7ec1-5b35-b362-c0ab85db07dc.jpg,"[{""bbox"": [1146, 281, 1770, 553], ""type"": ""handwritten"", ""text"": ""Вправа 2""}, {""bbox"": [147, 503, 517, 733], ""type"": ""handwritten"", ""text"": ""Dano""}, {""bbox"": [1126, 528, 2917, 753], ""type"": ""formula"", ""text"": ""$$a _ { 1 } = \\pi m = 2 , 3 \\cdot 1 0 ^ { 0 } \\cdot 5 0 \\cdot 1 0 ^ { 3 } = 1 1 5 \\cdot 1 0$$""}, {""bbox"": [1096, 741, 2917, 945], ""type"": ""formula"", ""text"": ""$$Q _ { 2 } = c m ( t _ { 1 } - t _ { 2 } ) = 4 2 0 0 \\cdot 5 0 \\cdot 1 0 ^ { - 3 }$$""}, {""bbox"": [113, 784, 984, 947], ""type"": ""formula"", ""text"": ""$$m = 5 0 2 = 5 0 . 1 0 ^ { 3 } k g$$""}, {""bbox"": [1121, 963, 2453, 1154], ""type"": ""formula"", ""text"": ""(100-60)=8,4\\cdot10^{5}D_{\\alpha}""}, {""bbox"": [137, 996, 672, 1149], ""type"": ""formula"", ""text"": ""$t_{1}=100^{\\circ}C$""}, {""bbox"": [179, 1157, 703, 1336], ""type"": ""formula"", ""text"": ""$6_{2}=600^{\\circ}C$""}, {""bbox"": [1155, 1158, 2893, 1342], ""type"": ""handwritten"", ""text"": ""Запальна кількість тенісити:""}, {""bbox"": [1100, 1338, 2920, 1545], ""type"": ""formula"", ""text"": ""$$Q = Q _ { 1 } + Q _ { 2 } = ( 1 1 5 + 8 4 ) \\cdot 1 0 ^ { 3 } \\approx 1 9 9$$""}, {""bbox"": [169, 1347, 1032, 1630], ""type"": ""formula"", ""text"": ""$$\\varphi r = 2 , 3 \\cdot 1 0 ^ { 6 } \\frac { \\Omega \\cdot k m } { \\mu }$$""}, {""bbox"": [258, 1852, 498, 2036], ""type"": ""formula"", ""text"": ""Q - ?""}, {""bbox"": [1198, 2037, 1732, 2253], ""type"": ""handwritten"", ""text"": ""Вправа 3""}, {""bbox"": [1089, 2240, 1884, 2463], ""type"": ""handwritten"", ""text"": ""Розв'язання:""}, {""bbox"": [276, 2261, 707, 2442], ""type"": ""handwritten"", ""text"": ""Дано:""}, {""bbox"": [1108, 2438, 2925, 2633], ""type"": ""formula"", ""text"": ""$Q = r m = 2, 3 \\cdot 2.5 \\cdot 10^{6} = 5, 75 \\cdot 10^{6}$""}, {""bbox"": [217, 2451, 963, 2670], ""type"": ""formula"", ""text"": ""$$m = 2 , 5 \\cdot 1 0 6 \\frac { D x } { \\pi u }$$""}, {""bbox"": [1227, 2611, 2926, 2865], ""type"": ""handwritten"", ""text"": ""Bignole: 5,45.10⁶ J/kg 8,6x10⁶ J/kg""}, {""bbox"": [214, 2655, 963, 2909], ""type"": ""formula"", ""text"": ""$r = 2, 3$ $\\frac{M_{\\text{gene}}}{K_{\\text{u}}}$""}, {""bbox"": [272, 2870, 517, 3037], ""type"": ""handwritten"", ""text"": ""Q-?""}]"
baa8fd98-2332-4390-944e-f0847409251f.jpg,"[{""bbox"": [652, 521, 1179, 639], ""type"": ""handwritten"", ""text"": ""Преба жити""}, {""bbox"": [245, 720, 892, 832], ""type"": ""handwritten"", ""text"": ""ходить в садок""}, {""bbox"": [276, 813, 1853, 932], ""type"": ""handwritten"", ""text"": ""Не в пів, сим, не трошки, не завтра.""}, {""bbox"": [287, 921, 1931, 1026], ""type"": ""handwritten"", ""text"": ""По справжньому. Зараз. Треба пади-""}, {""bbox"": [274, 1012, 1707, 1129], ""type"": ""handwritten"", ""text"": ""ти хотів, збірати гриби, везти""}, {""bbox"": [273, 1112, 1921, 1226], ""type"": ""handwritten"", ""text"": ""цугена з фронту на Інтерсіті, робити""}, {""bbox"": [272, 1219, 1825, 1319], ""type"": ""handwritten"", ""text"": ""ремонт і приносити щастя тим, кого""}, {""bbox"": [273, 1306, 1967, 1421], ""type"": ""handwritten"", ""text"": ""люблю. Преба купувати сукні з літка-""}, {""bbox"": [264, 1411, 1902, 1509], ""type"": ""handwritten"", ""text"": ""ми і приносити щастя, донатити на""}, {""bbox"": [285, 1495, 1973, 1613], ""type"": ""handwritten"", ""text"": ""військо, вишукувати роби на генератори,""}, {""bbox"": [290, 1596, 1811, 1717], ""type"": ""handwritten"", ""text"": ""во на первый урок треба принести""}, {""bbox"": [273, 1709, 657, 1805], ""type"": ""handwritten"", ""text"": ""каштанів""}, {""bbox"": [500, 1791, 1860, 1905], ""type"": ""handwritten"", ""text"": ""Преба любити свій дім, навіть""}, {""bbox"": [252, 1893, 1703, 2009], ""type"": ""handwritten"", ""text"": ""якщо він тимчасовий та далеко від""}, {""bbox"": [264, 1993, 1766, 2108], ""type"": ""handwritten"", ""text"": ""справильного дому, того що в серці:""}, {""bbox"": [242, 2088, 1924, 2212], ""type"": ""handwritten"", ""text"": ""Потреба здавати кров і може з нею ще""}, {""bbox"": [269, 2198, 1817, 2314], ""type"": ""handwritten"", ""text"": ""в днём се́рці посели́ться любов до""}, {""bbox"": [254, 2301, 1670, 2415], ""type"": ""handwritten"", ""text"": ""слив до піру, кип'ятку чи кияхі""}, {""bbox"": [422, 2395, 1816, 2513], ""type"": ""handwritten"", ""text"": ""Преба цілуватися, коли випадає""}, {""bbox"": [233, 2498, 1968, 2622], ""type"": ""handwritten"", ""text"": ""напода і казати те що на душі. Немає""}, {""bbox"": [262, 2604, 1922, 2725], ""type"": ""handwritten"", ""text"": ""часу на півтони. Матеріальне крихке,""}, {""bbox"": [249, 2709, 1888, 2828], ""type"": ""handwritten"", ""text"": ""хайтє тікає крізь пальці. Справжнім""}]"
bb053620-9fa4-49b0-8373-087167e5298f.jpg,"[{""bbox"": [49, 135, 543, 188], ""type"": ""handwritten"", ""text"": ""музину, фотоградын, картины, бо жи""}, {""bbox"": [58, 184, 322, 218], ""type"": ""handwritten"", ""text"": ""інакше це зробити""}, {""bbox"": [80, 215, 537, 251], ""type"": ""handwritten"", ""text"": ""Отже джес Ален Маск це тільки""}, {""bbox"": [38, 251, 569, 289], ""type"": ""handwritten"", ""text"": ""на південної до інших світів, папе-""}, {""bbox"": [36, 293, 336, 330], ""type"": ""handwritten"", ""text"": ""рова книжка в без нец""}, {""bbox"": [38, 330, 521, 366], ""type"": ""handwritten"", ""text"": ""Однак деякі науковці стверджують,""}, {""bbox"": [33, 369, 564, 404], ""type"": ""handwritten"", ""text"": ""що киме віддяч нарешті злочинців за-""}, {""bbox"": [33, 405, 563, 442], ""type"": ""handwritten"", ""text"": ""гати й народити в космічних умовах""}, {""bbox"": [29, 444, 574, 483], ""type"": ""handwritten"", ""text"": ""нове хилття, то таке людське дитя не""}, {""bbox"": [23, 485, 545, 521], ""type"": ""handwritten"", ""text"": ""знайомий кіноактора фільмів образ""}, {""bbox"": [24, 520, 577, 558], ""type"": ""handwritten"", ""text"": ""Скелетка з великою головою, очима на""}, {""bbox"": [26, 563, 505, 597], ""type"": ""handwritten"", ""text"": ""півробничі, з спробними міззаки""}, {""bbox"": [36, 598, 536, 638], ""type"": ""handwritten"", ""text"": ""Одяг нього на відміну від нає, так!""}, {""bbox"": [29, 639, 568, 681], ""type"": ""handwritten"", ""text"": ""причом відсутні, як гортанні сто-""}, {""bbox"": [32, 675, 562, 718], ""type"": ""handwritten"", ""text"": ""риною, заох паперу будуть нові думи.""}, {""bbox"": [35, 706, 554, 754], ""type"": ""handwritten"", ""text"": ""Госв написано вше ам тоді ч за-""}, {""bbox"": [39, 748, 566, 795], ""type"": ""handwritten"", ""text"": ""панцу вра в) електронної книжки""}, {""bbox"": [37, 782, 562, 832], ""type"": ""handwritten"", ""text"": ""Ане и че не страшно, головне вита-""}, {""bbox"": [36, 825, 486, 870], ""type"": ""handwritten"", ""text"": ""ти, і не так важливо з яких""}, {""bbox"": [126, 863, 212, 897], ""type"": ""handwritten"", ""text"": ""носи́в""}]"
bb140be9-a6d3-4eb8-8d79-7d83194b77c1.jpg,"[{""bbox"": [102, 45, 797, 628], ""type"": ""formula"", ""text"": ""$$\\left| \\begin{array} { l l l } { - 1 } & { 2 } \\\\ { 3 } & { 0 } & { 6 } \\\\ { 2 } & { 5 } & { - 1 } \\end{array} \\right|$$""}, {""bbox"": [3345, 216, 4662, 722], ""type"": ""image"", ""text"": """"}, {""bbox"": [15, 572, 2844, 871], ""type"": ""formula"", ""text"": ""$$\\det A = ( 0 - 1 2 + 3 0 ) - ( 0 + 3 0 + 3 ) = 1 8 - 3 3 = - 1 5$$""}, {""bbox"": [9, 867, 885, 1135], ""type"": ""formula"", ""text"": ""$$4 + \\sqrt { x - 5 y } =$$""}, {""bbox"": [99, 1127, 1111, 1432], ""type"": ""formula"", ""text"": ""$$\\therefore a ^ { x } b ^ { y } = ( a b ) ^ { x }$$""}, {""bbox"": [190, 1415, 830, 1705], ""type"": ""formula"", ""text"": ""$$\\frac { 1 } { x ^ { n } } = 3 x ^ { - n }$$""}, {""bbox"": [176, 1682, 801, 1933], ""type"": ""formula"", ""text"": ""$$\\frac { n } { 2 } \\sqrt { x } = x ^ { \\frac { 1 } { n } }$$""}, {""bbox"": [107, 2505, 976, 3178], ""type"": ""formula"", ""text"": ""$$\\left| \\begin{array}{ccc} 4 & -3 & 1 \\\\ 0 & 3 & -2 \\\\ 0 & 0 & -1 \\end{array} \\right|$$""}, {""bbox"": [51, 3139, 2113, 3496], ""type"": ""formula"", ""text"": ""$$\\det ( A ) = 4 \\cdot 3 \\cdot ( - 1 ) = 1 2 \\cdot ( - 1 ) = - 1 2 .$$""}, {""bbox"": [37, 3480, 1142, 4120], ""type"": ""formula"", ""text"": ""$$4 4 . \\left( \\begin{array} { c c c } { { 5 } } & { { 2 } } & { { - 1 } } \\\\ { { 2 } } & { { - 1 } } & { { 2 } } \\\\ { { - 1 } } & { { 3 } } & { { 1 } } \\end{array} \\right)$$""}, {""bbox"": [86, 4080, 2640, 4466], ""type"": ""formula"", ""text"": ""$$M _ { 3 3 } = \\left| \\begin{array} { l l } { 3 } & { 2 } \\\\ { 2 } & { - 1 } \\end{array} \\right| = 3 \\cdot ( - 1 ) - ( 2 ) \\cdot ( 2 ) = - 3 - 4 = - 7 .$$""}, {""bbox"": [37, 6210, 681, 6407], ""type"": ""annotation"", ""text"": ""16.12.2015""}]"
bcbfd26a-8581-46fd-bfd3-a98d895bc597.jpg,"[{""bbox"": [81, 2, 239, 72], ""type"": ""handwritten"", ""text"": ""13.0""}, {""bbox"": [83, 90, 497, 252], ""type"": ""formula"", ""text"": ""$$2 0 . \\int _ { 1 } ^ { 2 } \\frac { d x } { ( 1 - 2 x ) ^ { 2 } }$$""}, {""bbox"": [164, 253, 1275, 438], ""type"": ""formula"", ""text"": ""$$\\int _ { 1 } ^ { 4 } \\frac { d x } { ( 1 - 2 x ) ^ { 3 } } = \\int _ { - 1 } ^ { - 3 } \\frac { - \\frac { 1 } { 2 } d u } { u ^ { 3 } } = - \\frac { 1 } { 2 } \\int _ { - 1 } ^ { - 3 } u ^ { - 3 } d u$$""}, {""bbox"": [140, 471, 1111, 626], ""type"": ""formula"", ""text"": ""$$\\int u ^ { - 5 } d u = \\frac { u ^ { - 5 + 1 } } { - 5 + 1 } + C = \\frac { u ^ { - 4 } } { - 2 } + C = - \\frac { 1 } { 2 u ^ { 2 } } + C$$""}, {""bbox"": [112, 610, 1233, 756], ""type"": ""formula"", ""text"": ""$$- \\frac { 1 } { 2 } \\int _ { 1 } ^ { - 3 } u ^ { - 3 } d u = \\frac { 1 } { 2 } \\left[ - \\frac { 1 } { 2 u ^ { 2 } } \\right] _ { - 1 } ^ { - 3 } = \\frac { 1 } { 4 } \\left[ - \\frac { 1 } { u ^ { 2 } } \\right] _ { - 1 } ^ { - 3 }$$""}, {""bbox"": [104, 749, 1346, 902], ""type"": ""formula"", ""text"": ""$$\\frac { 1 } { 4 } \\left( \\frac { 1 } { ( - 5 ) ^ { 2 } } - \\frac { 1 } { ( - 1 ) ^ { 2 } } \\right) = \\frac { 1 } { 4 } \\left( \\frac { 1 } { 9 } - \\frac { 1 } { 1 } \\right) = \\frac { 1 } { 4 } \\left( \\frac { 1 - 9 } { 9 } \\right) = \\frac { 1 } { 4 } \\left( - \\frac { 8 } { 9 } \\right)$$""}, {""bbox"": [147, 897, 734, 1024], ""type"": ""formula"", ""text"": ""$\\frac{1}{4}(-\\frac{8}{9})=-\\frac{8}{36}=-\\frac{2}{9}$""}, {""bbox"": [858, 930, 1067, 1033], ""type"": ""formula"", ""text"": ""B_{g6}:-\\frac{2}{9}""}, {""bbox"": [858, 930, 1067, 1033], ""type"": ""handwritten"", ""text"": ""B96：-2/9""}, {""bbox"": [86, 1050, 922, 1158], ""type"": ""handwritten"", ""text"": ""21. За стосувати правило Лопітала""}, {""bbox"": [125, 1124, 1331, 1225], ""type"": ""handwritten"", ""text"": ""Розкласти на множники чисельник і знаменник.""}, {""bbox"": [163, 1135, 1331, 1232], ""type"": ""handwritten"", ""text"": ""Розкласти на множники чисельник і знаменник.""}, {""bbox"": [70, 1206, 1815, 1418], ""type"": ""formula"", ""text"": ""$$2 . \\lim _ { n \\rightarrow \\infty } \\frac { ( n + 1 ) ( n ^ { 2 } - 2 n + 3 ) } { 2 n ^ { 2 } + n + 1 } \\quad ( n + 1 ) ( n ^ { 2 } - 2 n + 3 ) = n ( n ^ { 2 } - 2 n + 3 ) + ( n ^ { 2 } - 2 n + 3 ) = n ^ { 3 } - 2 n ^ { 2 } + 3 n + n ^ { 2 } - 2 n + 3 = n ^ { 3 } - n ^ { 2 } + n + 3$$""}, {""bbox"": [113, 1420, 550, 1569], ""type"": ""formula"", ""text"": ""$$\\lim _ { h \\rightarrow \\infty } \\frac { h ^ { 3 } - h ^ { 2 } + h + 3 } { 2 h ^ { 2 } + h + 1 }$$""}, {""bbox"": [665, 1447, 1842, 1537], ""type"": ""handwritten"", ""text"": ""Декільки степінь чисельника більший за степінь""}, {""bbox"": [676, 1518, 1962, 1621], ""type"": ""handwritten"", ""text"": ""Значення, границя при x→∞ функції до нескінченності:""}, {""bbox"": [44, 1598, 546, 1709], ""type"": ""handwritten"", ""text"": ""23. Формули Крамера""}, {""bbox"": [140, 1690, 564, 1779], ""type"": ""handwritten"", ""text"": ""Матричний метод""}, {""bbox"": [142, 1745, 496, 1830], ""type"": ""handwritten"", ""text"": ""Метод Гауса.""}, {""bbox"": [43, 1877, 990, 2015], ""type"": ""formula"", ""text"": ""24. $f(x) = \\frac{\\ln x}{1 + x^2} \\quad \\left(\\frac{u}{v}\\right)' = \\frac{u'v - uv'}{v^2}$""}, {""bbox"": [42, 1879, 991, 2014], ""type"": ""formula"", ""text"": ""24. $f(x) = \\frac{\\ln x}{1 + x^2} \\quad \\left(\\frac{u}{v}\\right)' = \\frac{u'v - uv'}{v^2}$""}, {""bbox"": [149, 2009, 523, 2105], ""type"": ""formula"", ""text"": ""u' = (\\ln x)' = \\frac{1}{x}""}, {""bbox"": [140, 2080, 1374, 2248], ""type"": ""formula"", ""text"": ""$$v ^ { \\prime } = ( 1 + x ^ { 2 } ) ^ { \\prime } = 2 x \\quad f ^ { \\prime } ( x ) = \\frac { ( \\frac { 1 } { x } ) ( 1 + x ^ { 2 } ) - ( \\ln x ) ( 2 x ) } { ( 1 + x ^ { 2 } ) ^ { 2 } }$$""}, {""bbox"": [738, 2262, 1208, 2413], ""type"": ""formula"", ""text"": ""$$f ^ { \\prime } ( x ) = \\frac { \\frac { 1 + x ^ { 2 } - 2 x \\ln x } { x } } { ( 1 + x ^ { 2 } ) ^ { 2 } }$$""}, {""bbox"": [794, 2425, 1315, 2563], ""type"": ""formula"", ""text"": ""$$f ^ { \\prime } ( x ) = \\frac { 1 + x ^ { 2 } - 2 x ^ { 2 } \\ln x } { x ( 1 + x ^ { 2 } ) ^ { 2 } }$$""}]"
c0028a37-c5ac-55d5-abd4-011442eae20a.jpg,"[{""bbox"": [643, 90, 827, 220], ""type"": ""handwritten"", ""text"": ""1. C.""}, {""bbox"": [640, 241, 851, 435], ""type"": ""handwritten"", ""text"": ""2.6""}, {""bbox"": [646, 460, 849, 612], ""type"": ""handwritten"", ""text"": ""3.6.""}, {""bbox"": [647, 685, 849, 818], ""type"": ""handwritten"", ""text"": ""4.C.""}, {""bbox"": [652, 877, 888, 1022], ""type"": ""handwritten"", ""text"": ""5.а.""}, {""bbox"": [648, 1040, 886, 1203], ""type"": ""handwritten"", ""text"": ""6.S.""}, {""bbox"": [663, 1275, 884, 1391], ""type"": ""handwritten"", ""text"": ""7.a.""}, {""bbox"": [657, 1432, 1123, 1604], ""type"": ""handwritten"", ""text"": ""8. a<5, b.""}, {""bbox"": [661, 1660, 969, 1805], ""type"": ""handwritten"", ""text"": ""3. a.""}, {""bbox"": [675, 1808, 946, 1981], ""type"": ""handwritten"", ""text"": ""10.0.""}, {""bbox"": [668, 1983, 888, 2182], ""type"": ""handwritten"", ""text"": ""11.6""}, {""bbox"": [666, 2426, 894, 2575], ""type"": ""handwritten"", ""text"": ""13.2""}, {""bbox"": [654, 2584, 888, 2758], ""type"": ""handwritten"", ""text"": ""14.6""}, {""bbox"": [676, 2827, 910, 3042], ""type"": ""handwritten"", ""text"": ""15.2""}, {""bbox"": [686, 3175, 921, 3346], ""type"": ""handwritten"", ""text"": ""11.6""}, {""bbox"": [694, 3365, 1410, 3567], ""type"": ""handwritten"", ""text"": ""18. a,b,c,s.""}, {""bbox"": [676, 3557, 952, 3727], ""type"": ""handwritten"", ""text"": ""19. 0.""}, {""bbox"": [675, 3776, 937, 3914], ""type"": ""handwritten"", ""text"": ""20.2""}]"
c0eae450-5878-4897-bc4d-f9ddd92d4f34.jpg,"[{""bbox"": [9, 132, 2925, 573], ""type"": ""handwritten"", ""text"": ""Exercise ∫cos5x dx = 1/5 sin5x + c""}, {""bbox"": [9, 132, 2925, 573], ""type"": ""formula"", ""text"": ""$$\\text { Example } \\int \\cos 5 x d x = \\frac { 1 } { 5 } \\sin 5 x + c$$""}, {""bbox"": [3383, 257, 4816, 818], ""type"": ""image"", ""text"": """"}, {""bbox"": [250, 564, 1415, 787], ""type"": ""handwritten"", ""text"": ""41 Однаково""}, {""bbox"": [218, 791, 2851, 1253], ""type"": ""formula"", ""text"": ""42 \\quad M_{21} \\left| \\begin{array}{cc} 2 & -1 \\\\ -3 & 1 \\end{array} \\right| = 2 - 3 = -1""}, {""bbox"": [282, 1228, 1325, 1530], ""type"": ""handwritten"", ""text"": ""43 a d - (6""}, {""bbox"": [277, 1586, 1335, 1902], ""type"": ""handwritten"", ""text"": ""44 нулю""}, {""bbox"": [279, 2164, 1821, 2839], ""type"": ""formula"", ""text"": ""$$4 \\in \\left( \\begin{array} { c c c } { { 2 } } & { { - 1 } } & { { 4 } } \\\\ { { 2 } } & { { 3 } } & { { - 2 } } \\\\ { { 4 } } & { { - 2 } } & { { 1 } } \\end{array} \\right)$$""}, {""bbox"": [2132, 2195, 5242, 2773], ""type"": ""formula"", ""text"": ""$$A _ { 1 2 } = ( - 1 ) ^ { 1 + 2 } M _ { 1 2 } = - 1 \\cdot \\left| \\begin{array} { c c } { { 2 } } & { { - 2 } } \\\\ { { 4 } } & { { 1 } } \\end{array} \\right| = - 1 \\cdot 1 0 = - 1 0$$""}, {""bbox"": [311, 2781, 2588, 3268], ""type"": ""formula"", ""text"": ""$$4 7 5 \\lim _ { x \\rightarrow \\infty } \\left( 1 + \\frac { 1 } { x } \\right) ^ { x } = e$$""}, {""bbox"": [914, 3833, 5077, 4142], ""type"": ""handwritten"", ""text"": ""Ступінь у чисельнику 2n², n¹ = 2n³ у знаменнику (n²)³ - n⁶""}, {""bbox"": [874, 4134, 2046, 4357], ""type"": ""formula"", ""text"": ""n^{5}<n^{6}=0""}, {""bbox"": [278, 4486, 1833, 4746], ""type"": ""formula"", ""text"": ""$$4 9 p = 2 0 0 - 2 Q$$""}, {""bbox"": [765, 4798, 3460, 5100], ""type"": ""formula"", ""text"": ""R = p \\cdot Q (200 - 2Q) Q \\quad R(30)""}, {""bbox"": [773, 5112, 4490, 5391], ""type"": ""formula"", ""text"": ""R(30)=(200-2\\cdot30)\\cdot30=140\\cdot30=4200""}, {""bbox"": [359, 6337, 2079, 6666], ""type"": ""handwritten"", ""text"": ""Data 16.12.2025""}]"
c16ac84e-1a17-54a2-a5db-3421e9870ad1.jpg,"[{""bbox"": [873, 213, 1937, 370], ""type"": ""handwritten"", ""text"": ""Домашня робота:""}, {""bbox"": [0, 244, 255, 375], ""type"": ""handwritten"", ""text"": ""12.01""}, {""bbox"": [1185, 386, 1546, 520], ""type"": ""handwritten"", ""text"": ""N 13.6""}, {""bbox"": [301, 521, 2438, 749], ""type"": ""formula"", ""text"": ""$$1) \\cos ( x + \\frac { \\pi } { 6 } ) = \\cos x \\cos \\frac { \\pi } { 6 } - \\sin x \\sin \\frac { \\pi } { 6 } =$$""}, {""bbox"": [304, 738, 1315, 940], ""type"": ""formula"", ""text"": ""$$\\cos \\angle - \\frac { \\sqrt { 3 } } { 2 } - \\sin \\angle \\frac { 1 } { 2 }$$""}, {""bbox"": [302, 967, 2476, 1209], ""type"": ""formula"", ""text"": ""$$2 ) \\sin ( x - \\frac { \\pi } { 3 } ) = \\sin x \\cos \\frac { \\pi } { 3 } - \\sin \\frac { \\pi } { 3 } \\cos x =$$""}, {""bbox"": [319, 1261, 1410, 1460], ""type"": ""formula"", ""text"": ""$$= \\sin \\alpha \\cdot \\frac { 1 } { 2 } - \\cos \\alpha \\frac { \\sqrt { 3 } } { 2 }$$""}, {""bbox"": [320, 1538, 2763, 1716], ""type"": ""formula"", ""text"": ""$$3 ) \\cos ( 4 5 ^ { \\circ } - \\alpha ) = \\cos 4 5 ^ { \\circ } \\cos \\alpha + \\sin 4 5 ^ { \\circ } \\sin \\alpha =$$""}, {""bbox"": [304, 1828, 1253, 2062], ""type"": ""formula"", ""text"": ""= \\frac{\\sqrt{2}}{2}(\\cos\\lambda + \\sin\\lambda)""}, {""bbox"": [325, 2084, 2735, 2257], ""type"": ""formula"", ""text"": ""(1) \\sin(\\alpha + 60^{\\circ}) = \\sin\\alpha\\cos60^{\\circ} + \\sin60^{\\circ}\\cos\\alpha =""}, {""bbox"": [331, 2317, 1347, 2560], ""type"": ""formula"", ""text"": ""$$= \\sin \\frac { \\alpha } { 2 } + \\cos \\alpha \\frac { \\sqrt { 3 } } { 2 }$$""}, {""bbox"": [1207, 2589, 1510, 2714], ""type"": ""handwritten"", ""text"": ""N13.8""}, {""bbox"": [317, 2745, 2523, 2921], ""type"": ""formula"", ""text"": ""$$1 ) \\cos ( \\frac { \\pi } { 2 } - x ) = \\cos \\frac { \\pi } { 2 } \\cos x + \\sin \\frac { \\pi } { 2 } \\sin x =$$""}, {""bbox"": [308, 2939, 855, 3098], ""type"": ""formula"", ""text"": ""= \\sin x +""}, {""bbox"": [307, 3217, 1458, 3390], ""type"": ""formula"", ""text"": ""$$2 ) \\sin ( \\frac { 3 \\pi } { 2 } + \\alpha ) = - \\cos \\alpha$$""}, {""bbox"": [298, 3397, 2089, 3610], ""type"": ""formula"", ""text"": ""$$\\sin \\frac { 3 \\pi } { 2 } \\cos \\alpha + \\sin \\alpha \\cos \\frac { 3 \\pi } { 2 } = - \\cos \\alpha$$""}, {""bbox"": [290, 3622, 1256, 3784], ""type"": ""formula"", ""text"": ""$$- \\cos x + 0 = - \\cos x$$""}]"
c1ee7ed2-5e86-46d1-a69a-6d7f53c8cffb.jpg,"[{""bbox"": [360, 465, 2535, 669], ""type"": ""handwritten"", ""text"": ""Радіодиктант національної єдності""}, {""bbox"": [1099, 625, 2033, 771], ""type"": ""handwritten"", ""text"": ""Тіпеда чити!""}, {""bbox"": [527, 750, 2715, 924], ""type"": ""handwritten"", ""text"": ""Кити треба цікаво: читати кни-""}, {""bbox"": [201, 892, 2505, 1081], ""type"": ""handwritten"", ""text"": ""нски, ходити в театр, дресирувать""}, {""bbox"": [459, 1157, 2759, 1325], ""type"": ""handwritten"", ""text"": ""Треба жити! Не в півсими, не тро""}, {""bbox"": [205, 1309, 2751, 1476], ""type"": ""handwritten"", ""text"": ""шки, не завтра, не після. По-справжньо-""}, {""bbox"": [194, 1456, 2731, 1618], ""type"": ""handwritten"", ""text"": ""мц! Зараз! Треба гладити котів, зді-""}, {""bbox"": [182, 1596, 2735, 1772], ""type"": ""handwritten"", ""text"": ""рати гриби, везти щущенят із дфрон-""}, {""bbox"": [187, 1752, 2780, 1918], ""type"": ""handwritten"", ""text"": ""ту на \""Інтерсіті\"", робити реліонт і при""}, {""bbox"": [187, 1899, 2502, 2050], ""type"": ""handwritten"", ""text"": ""носити щастя тим, кого люблю.""}, {""bbox"": [181, 2034, 2724, 2207], ""type"": ""handwritten"", ""text"": ""Треба купувати сукні з лейтками і""}, {""bbox"": [184, 2175, 2773, 2356], ""type"": ""handwritten"", ""text"": ""донатити на військо, вишукувати РЕБи""}, {""bbox"": [174, 2265, 2778, 2489], ""type"": ""handwritten"", ""text"": ""донатами на олсько, ванадуємна, і генератори, а ще - нийшпорити ве-""}, {""bbox"": [175, 2319, 2783, 2508], ""type"": ""handwritten"", ""text"": ""і генератори, а ще - нійпорити ве-""}, {""bbox"": [165, 2463, 2797, 2659], ""type"": ""handwritten"", ""text"": ""горали в місцях, ярі і Тотсаду, до на пе-""}, {""bbox"": [153, 2556, 2801, 2799], ""type"": ""handwritten"", ""text"": ""порами в місті, але відтаду, а на п ришій урок треба принести каштанів.""}, {""bbox"": [448, 2763, 2787, 2952], ""type"": ""handwritten"", ""text"": ""Треба любити свій дім, навіть як-""}, {""bbox"": [164, 2897, 2788, 3095], ""type"": ""handwritten"", ""text"": ""що він тимчасовий і далеко від спра-""}, {""bbox"": [179, 3061, 2763, 3258], ""type"": ""handwritten"", ""text"": ""вснього дому - того, що в серці. Тиреда""}, {""bbox"": [172, 3141, 2754, 3410], ""type"": ""handwritten"", ""text"": ""всьмого дому - того, що в серці. Знадобиться здавати кров, і, може, з нею ще в чи-""}, {""bbox"": [171, 3224, 2707, 3428], ""type"": ""handwritten"", ""text"": ""здавати кров, і, може, з нею ще в чи""}, {""bbox"": [160, 3348, 2636, 3575], ""type"": ""handwritten"", ""text"": ""ємись серці посемиться любов до слів""}, {""bbox"": [159, 3385, 2545, 3718], ""type"": ""handwritten"", ""text"": ""Ємусь серці: посемиться людьов до си\nдопіру\"" пітятко \"" чи , кияхи \"".""}, {""bbox"": [153, 3522, 2505, 3730], ""type"": ""handwritten"", ""text"": ""\""допіру\"", \""пітятко\"" чи \""кидяки\"".""}, {""bbox"": [398, 3670, 2669, 3930], ""type"": ""handwritten"", ""text"": ""Треба цілуватися, коли випадає""}]"
c3442eb5-e4fe-5eb1-9d7b-cbb1c703a991.jpg,"[{""bbox"": [353, 38, 3376, 358], ""type"": ""handwritten"", ""text"": ""Ні, екскрети (мавпиниад, сега) часто""}, {""bbox"": [454, 353, 3476, 608], ""type"": ""handwritten"", ""text"": ""січними ознаками: тварини міграц""}, {""bbox"": [454, 600, 3476, 888], ""type"": ""handwritten"", ""text"": ""шми територію або рівнайкоють""}, {""bbox"": [354, 868, 3126, 1169], ""type"": ""handwritten"", ""text"": ""рів за допомогою запаху феромонів.""}, {""bbox"": [355, 1136, 3376, 1431], ""type"": ""handwritten"", ""text"": "". Органи виділення людини та продук""}, {""bbox"": [457, 1388, 3475, 1719], ""type"": ""handwritten"", ""text"": ""Мирки: соловьи, мадлинок соли та""}, {""bbox"": [403, 1631, 752, 1960], ""type"": ""handwritten"", ""text"": ""води.""}, {""bbox"": [355, 1898, 3376, 2236], ""type"": ""handwritten"", ""text"": ""Легкі: вуглекислий газ (CO₂); водн""}, {""bbox"": [445, 2199, 916, 2442], ""type"": ""handwritten"", ""text"": ""папа.""}, {""bbox"": [461, 2394, 3476, 2759], ""type"": ""handwritten"", ""text"": ""Велика (річ): вода, сани, промін охови""}]"
c37cf07d-205a-5e6c-973b-8604785ab9ec.jpg,"[{""bbox"": [384, 223, 1360, 419], ""type"": ""formula"", ""text"": ""8) 6, 9, 5, 2""}, {""bbox"": [362, 362, 2186, 600], ""type"": ""formula"", ""text"": ""9) 1-8; 2-2; 3-9, 4-6""}, {""bbox"": [362, 362, 2186, 600], ""type"": ""handwritten"", ""text"": ""9) 1-8; 2-2; 3-9, 4-6""}, {""bbox"": [366, 581, 2691, 773], ""type"": ""handwritten"", ""text"": ""16) ИАФТА - міжнародна організація -""}, {""bbox"": [363, 774, 1985, 953], ""type"": ""handwritten"", ""text"": ""зсієднів 6 Пів. Америці""}, {""bbox"": [365, 946, 2595, 1144], ""type"": ""handwritten"", ""text"": ""19) Трансмиссия золотые мысо -""}, {""bbox"": [337, 1150, 2659, 1318], ""type"": ""handwritten"", ""text"": ""найбільше транспортна магіс-""}, {""bbox"": [323, 1338, 1356, 1508], ""type"": ""handwritten"", ""text"": ""Треть Бразилії.""}, {""bbox"": [339, 1481, 2623, 1688], ""type"": ""handwritten"", ""text"": ""14) Чистій зручній пристерега -""}, {""bbox"": [300, 1688, 2643, 1853], ""type"": ""handwritten"", ""text"": ""в деревне, где беликие лесоту-""}, {""bbox"": [279, 1872, 2644, 2037], ""type"": ""handwritten"", ""text"": ""ваги керавлі, бо там землевіч,""}, {""bbox"": [296, 2061, 2226, 2215], ""type"": ""handwritten"", ""text"": ""нешние недоялів і претензій""}, {""bbox"": [314, 2232, 980, 2377], ""type"": ""handwritten"", ""text"": ""правила.""}, {""bbox"": [270, 2403, 2655, 2582], ""type"": ""handwritten"", ""text"": ""13) 1) Гасячі Свебоди - розпаливала""}, {""bbox"": [341, 2573, 2345, 2755], ""type"": ""handwritten"", ""text"": ""в Шве-Скория, відома як""}, {""bbox"": [336, 2770, 2603, 2943], ""type"": ""handwritten"", ""text"": ""символ свободы и демократии,""}, {""bbox"": [358, 2946, 2470, 3121], ""type"": ""handwritten"", ""text"": ""подарунок синя від Франції.""}, {""bbox"": [300, 3092, 2694, 3293], ""type"": ""handwritten"", ""text"": ""2) Транс-Ненцький - розісниований""}, {""bbox"": [356, 3280, 2370, 3474], ""type"": ""handwritten"", ""text"": ""у місті Аризона, одни з""}, {""bbox"": [286, 3453, 2589, 3657], ""type"": ""handwritten"", ""text"": ""найбільших кальйонів у світі,""}, {""bbox"": [265, 3617, 2361, 3829], ""type"": ""handwritten"", ""text"": ""сіверення річкою Колорадо.""}]"
c4e15ad4-9be3-4086-98f1-cd26527f1a46.jpg,"[{""bbox"": [58, 38, 516, 210], ""type"": ""image"", ""text"": """"}, {""bbox"": [1228, 182, 1336, 277], ""type"": ""annotation"", ""text"": ""p""}, {""bbox"": [67, 218, 305, 337], ""type"": ""handwritten"", ""text"": ""Завдання 3""}, {""bbox"": [55, 316, 1620, 438], ""type"": ""handwritten"", ""text"": ""Завдання - це організовано форма колективної роботи або обговорення,""}, {""bbox"": [55, 328, 1607, 520], ""type"": ""handwritten"", ""text"": ""Засідання - це організовано форма колективної роботи або обговорення, під час якої група осіб розглядає питання, приймає рішення чи""}, {""bbox"": [49, 409, 1594, 590], ""type"": ""handwritten"", ""text"": ""під час якої група осіб розглядає питання, приймає рішення та обліковує їх дії відповідно до встановленого порядку денного.""}, {""bbox"": [43, 427, 1582, 617], ""type"": ""handwritten"", ""text"": ""під час якої група осіб розглядає питання, приймає рішення та обмінюється думками відповідно до встановленого порядку денного. Засідання проводяться у відповідності до""}, {""bbox"": [50, 500, 1555, 692], ""type"": ""handwritten"", ""text"": ""виконуються дії, якими відповідає до встановленого порядку діяльності. Засідання проводяться у формальній обстановці, щоб бути""}, {""bbox"": [48, 574, 1586, 779], ""type"": ""handwritten"", ""text"": ""Засідання проводяться у формальній обстановці, можуть бути відкритими або позачерговими, і мають на меті прийняття узго""}, {""bbox"": [49, 637, 1643, 787], ""type"": ""handwritten"", ""text"": ""науверними або поделегованими, і мають на мені прийнятні узгоджені""}, {""bbox"": [46, 675, 1185, 861], ""type"": ""handwritten"", ""text"": ""радерними або позадеревими, і мають на меті\nних рішень з вателевих організаційних питань.""}, {""bbox"": [89, 803, 355, 954], ""type"": ""handwritten"", ""text"": ""Завдання 2.""}, {""bbox"": [34, 901, 146, 964], ""type"": ""handwritten"", ""text"": ""1-1""}, {""bbox"": [296, 965, 551, 1173], ""type"": ""annotation"", ""text"": ""22""}, {""bbox"": [34, 971, 157, 1043], ""type"": ""handwritten"", ""text"": ""2.-1""}, {""bbox"": [30, 1048, 163, 1125], ""type"": ""handwritten"", ""text"": ""3.-4""}, {""bbox"": [27, 1050, 160, 1125], ""type"": ""handwritten"", ""text"": ""3.-4""}, {""bbox"": [31, 1121, 161, 1192], ""type"": ""handwritten"", ""text"": ""4.-3""}, {""bbox"": [33, 1122, 164, 1195], ""type"": ""handwritten"", ""text"": ""4.-3""}, {""bbox"": [37, 1194, 172, 1262], ""type"": ""handwritten"", ""text"": ""5.-4.""}, {""bbox"": [104, 1280, 343, 1375], ""type"": ""handwritten"", ""text"": ""Завдання 5.""}, {""bbox"": [1258, 1282, 1420, 1403], ""type"": ""annotation"", ""text"": ""20""}, {""bbox"": [101, 1366, 1629, 1489], ""type"": ""handwritten"", ""text"": ""У ситуації, коли конфекти мають головним бурглампером і фінансовим""}, {""bbox"": [47, 1372, 1616, 1586], ""type"": ""handwritten"", ""text"": ""У ситуації, коли конфліктом між головним бургальпером і фінансовим директором призвів до госпіталізації кращівника з передінфарктними\nетапами корівників, кращівник...""}, {""bbox"": [34, 1450, 1603, 1608], ""type"": ""handwritten"", ""text"": ""директорами призвів до госпіталізації начальника з передінфарктними станами, керівник підприємства зобов'язав""}, {""bbox"": [44, 1477, 1607, 1672], ""type"": ""handwritten"", ""text"": ""дирекційним призив до постійної кращівника з передінфарктними станами, керівник підприємства зобов'язаний негайно вируши місце.""}, {""bbox"": [33, 1561, 1599, 1747], ""type"": ""handwritten"", ""text"": ""станам, керівник підприємства зобов'язаний негайно вибухти ріше\nце не лише внутрішній використ, а й попередина залежа здоров'ю""}, {""bbox"": [25, 1629, 1597, 1806], ""type"": ""handwritten"", ""text"": ""це не лише внутрішній конфлікт, а й психологічна загроза здоров'ю працівників, що може мати критичні наслідки для""}, {""bbox"": [25, 1676, 1608, 1845], ""type"": ""handwritten"", ""text"": ""працівників, що може мати юридичні наступки для""}, {""bbox"": [30, 1786, 329, 1893], ""type"": ""handwritten"", ""text"": ""французії.""}, {""bbox"": [97, 1828, 1637, 1983], ""type"": ""handwritten"", ""text"": ""Насамперед необхідно провести суспільне дослідження, засува-""}, {""bbox"": [98, 1862, 1646, 1990], ""type"": ""handwritten"", ""text"": ""Насамперед необхідно провести суспільне дослідження, з'ясувати""}, {""bbox"": [19, 1938, 1651, 2072], ""type"": ""handwritten"", ""text"": ""ти обставини та причини конфлікту, залучити відповідальних осіб""}, {""bbox"": [22, 1963, 1628, 2154], ""type"": ""handwritten"", ""text"": ""ми встановили на причини конфлікту, залучити відповідальних осіб і де потрібно - психолога або юриста. Якщо буде доведена провина""}, {""bbox"": [25, 2042, 1624, 2234], ""type"": ""handwritten"", ""text"": ""де поняття - психолога або юриста. Якщо буде дрібнодумна провина фінансового директора, він повинен понести дисциплінарну відповідальність.""}, {""bbox"": [27, 2093, 1642, 2251], ""type"": ""handwritten"", ""text"": ""фінансового директора, він повинен понести дисциплінарну відповідаль-""}, {""bbox"": [33, 2133, 1607, 2330], ""type"": ""handwritten"", ""text"": ""фінансового директора, він повинен понести дисциплінарну відповідальність відповідно до трудового законодавства. Головному духалтеру""}, {""bbox"": [31, 2209, 1592, 2339], ""type"": ""handwritten"", ""text"": ""ність відповідно до трудового законодавства. Головному бухгалтеру""}]"
c5b345be-9365-4caa-bf71-7c89fc6d48f0.jpg,"[{""bbox"": [914, 1, 1519, 161], ""type"": ""handwritten"", ""text"": ""Диктант""}, {""bbox"": [690, 126, 1604, 325], ""type"": ""handwritten"", ""text"": ""Преба жити""}, {""bbox"": [337, 304, 2582, 496], ""type"": ""handwritten"", ""text"": ""Жити треба цікаво: читати книги-""}, {""bbox"": [62, 475, 2483, 626], ""type"": ""handwritten"", ""text"": ""ки, ходити в театр, дресирувати пса""}, {""bbox"": [82, 592, 2516, 745], ""type"": ""handwritten"", ""text"": ""Патрона. Преба жити не в рів сим, не""}, {""bbox"": [101, 729, 2552, 871], ""type"": ""handwritten"", ""text"": ""троліки, не завтра, не після. По, справжньо-""}, {""bbox"": [74, 856, 2519, 1013], ""type"": ""handwritten"", ""text"": ""міц! Зараз! Потрібно гладити котів, збирати""}, {""bbox"": [95, 986, 2552, 1141], ""type"": ""handwritten"", ""text"": ""гриби, везли цуценят из фронту на „Интер-""}, {""bbox"": [138, 1125, 2514, 1265], ""type"": ""handwritten"", ""text"": ""сіті, робити ремонт і приносити що-""}, {""bbox"": [150, 1246, 2506, 1405], ""type"": ""handwritten"", ""text"": ""тя 'тим, кого любили. Преба купувати""}, {""bbox"": [178, 1381, 2491, 1516], ""type"": ""handwritten"", ""text"": ""сурні з лелітками, донатити на військо,""}, {""bbox"": [177, 1504, 2413, 1645], ""type"": ""handwritten"", ""text"": ""вимірювати роби й генератори, а ще,""}, {""bbox"": [165, 1624, 2446, 1764], ""type"": ""handwritten"", ""text"": ""нині порити вечерали в мініярі бот-""}, {""bbox"": [207, 1744, 2453, 1919], ""type"": ""handwritten"", ""text"": ""саду, бо на перший урок треба при-""}, {""bbox"": [199, 1880, 1132, 1997], ""type"": ""handwritten"", ""text"": ""нести каштанів.""}, {""bbox"": [413, 1986, 2337, 2140], ""type"": ""handwritten"", ""text"": ""Преба любити свій дім, навіть""}, {""bbox"": [116, 2124, 2512, 2268], ""type"": ""handwritten"", ""text"": ""якщо він тимчасовий і далекий від справи.""}, {""bbox"": [133, 2246, 2472, 2398], ""type"": ""handwritten"", ""text"": ""нього дали, того, що в серці. Преба здава-""}, {""bbox"": [148, 2373, 2460, 2515], ""type"": ""handwritten"", ""text"": ""ти кров, і може з ньо ще в кімнаті""}, {""bbox"": [205, 2497, 2364, 2661], ""type"": ""handwritten"", ""text"": ""серці розсипають любов до слів, допіру,""}, {""bbox"": [224, 2621, 1343, 2724], ""type"": ""handwritten"", ""text"": ""піттями чи киями.""}, {""bbox"": [498, 2713, 2431, 2876], ""type"": ""handwritten"", ""text"": ""Потрібна цілуватися, коли випадає на-""}, {""bbox"": [160, 2852, 2423, 3003], ""type"": ""handwritten"", ""text"": ""годи і казати те, що на думці. Немов""}, {""bbox"": [159, 2964, 2367, 3124], ""type"": ""handwritten"", ""text"": ""часу на пів-тони. Матеріальне-крихке""}, {""bbox"": [156, 3072, 2382, 3236], ""type"": ""handwritten"", ""text"": ""життя тікає крізь пальці. Справжнім""}, {""bbox"": [168, 3198, 2352, 3355], ""type"": ""handwritten"", ""text"": ""виявилось тільки те, за що не можна""}, {""bbox"": [180, 3335, 2409, 3475], ""type"": ""handwritten"", ""text"": ""схопитись руками—спогади, аміх і мо-""}, {""bbox"": [191, 3429, 386, 3544], ""type"": ""handwritten"", ""text"": ""Bob.""}, {""bbox"": [191, 3429, 387, 3543], ""type"": ""handwritten"", ""text"": ""Bob.""}]"
c64acc82-2a8e-49ad-a055-0ad21f1f75cd.jpg,"[{""bbox"": [28, 12, 1490, 144], ""type"": ""handwritten"", ""text"": ""1. а) III-непіог, VІІІ-група; хлор (СІ)""}, {""bbox"": [28, 26, 1613, 209], ""type"": ""handwritten"", ""text"": ""1. а) III-непіог, VIII-група; хлор (Cl).""}, {""bbox"": [89, 96, 1532, 320], ""type"": ""handwritten"", ""text"": ""а) ІV-період, VIII-група; Манган (Mn).\nб) V-період; VIII-група; Манган (Mn""}, {""bbox"": [90, 151, 1520, 331], ""type"": ""handwritten"", ""text"": ""8) IV - період; VIII - група; Манган (Mn)""}, {""bbox"": [10, 320, 332, 410], ""type"": ""handwritten"", ""text"": ""2. Дано:""}, {""bbox"": [1390, 492, 1547, 629], ""type"": ""annotation"", ""text"": ""x205""}, {""bbox"": [48, 506, 559, 602], ""type"": ""formula"", ""text"": ""m(CuSO_{4})-5n""}, {""bbox"": [571, 552, 1325, 662], ""type"": ""handwritten"", ""text"": ""ηπροσέγγιση = mCuSO₄ / 100%""}, {""bbox"": [5, 593, 345, 707], ""type"": ""handwritten"", ""text"": ""3.V(H₂O)-?""}, {""bbox"": [572, 667, 1316, 799], ""type"": ""formula"", ""text"": ""$$\\text { прозину } = \\frac { 5 \\cdot 1 0 0 } { 0 , 2 } = 2 5 0 0$$""}, {""bbox"": [574, 763, 1312, 869], ""type"": ""formula"", ""text"": ""$$m H _ { 2 } O = 2 5 0 0 - 5 = 2 4 9 5$$""}, {""bbox"": [566, 827, 1326, 955], ""type"": ""formula"", ""text"": ""$V(H_{2}O)=22495\\approx2,5l$""}, {""bbox"": [532, 927, 1478, 1024], ""type"": ""handwritten"", ""text"": ""Відповідь: потрібно взяти""}, {""bbox"": [558, 1004, 1084, 1077], ""type"": ""handwritten"", ""text"": ""215 вітря лоді""}, {""bbox"": [17, 1025, 1656, 1216], ""type"": ""formula"", ""text"": ""$$4 . \\text { } \\mathrm { C } _ { 2 } \\mathrm { H } _ { 2 } \\rightarrow \\mathrm { C } _ { 6 } \\mathrm { H } _ { 6 } + \\left( \\mathrm { C H } _ { 3 } \\right) _ { 2 } \\mathrm { CHCl } \\rightarrow \\mathrm { C } _ { 6 } \\mathrm { H } _ { 5 } \\mathrm { CH } \\left( \\mathrm { C H } _ { 3 } \\right) _ { 2 }$$""}, {""bbox"": [96, 1201, 1639, 1356], ""type"": ""formula"", ""text"": ""$$\\mathrm { C _ { 6 } H _ { 5 } C _ { 6 } H _ { 5 } + ( C H _ { 3 } ) _ { 2 } S H C l \\rightarrow C _ { 6 } H _ { 5 } S H ( C H _ { 3 } ) _ { 2 } }$$""}, {""bbox"": [46, 1334, 720, 1462], ""type"": ""formula"", ""text"": ""3) снснсн — снон""}, {""bbox"": [1454, 1352, 1636, 1496], ""type"": ""annotation"", ""text"": ""±180°.""}, {""bbox"": [48, 1457, 1023, 1560], ""type"": ""formula"", ""text"": ""$$4) \\mathrm{CHOH} + \\mathrm{Na} \\rightarrow \\mathrm{CHO} \\mathrm{Na} + \\mathrm{H}$$""}, {""bbox"": [28, 1592, 1527, 1706], ""type"": ""formula"", ""text"": ""$$5 . 1 ) \\mathrm { C H } _ { 3 } - \\mathrm { C H } \\left( \\mathrm { C H } _ { 3 } \\right) - \\mathrm { C H } = \\mathrm { C H } - \\mathrm { C H } \\left( \\mathrm { C H } _ { 3 } \\right) - \\mathrm { C H } _ { 3 }$$""}, {""bbox"": [97, 1722, 1207, 1840], ""type"": ""formula"", ""text"": ""2) \\mathrm{CH_3-CH_2-CH_2-CH_2-COOH}""}]"
c75a79da-ba0b-5e6f-9d0f-1732e1910456.jpg,"[{""bbox"": [105, 80, 1138, 184], ""type"": ""handwritten"", ""text"": ""8. Розв'яжіть рівняння:""}, {""bbox"": [203, 192, 935, 282], ""type"": ""formula"", ""text"": ""$$\\sqrt { 1 7 + 2 x - 3 x ^ { 2 } } = x + 1$$""}, {""bbox"": [194, 294, 1138, 434], ""type"": ""formula"", ""text"": ""$$\\left( \\sqrt { 1 + 2 x - 3 x ^ { 2 } } \\right) ^ { 2 } = ( x + 1 ) ^ { 2 }$$""}, {""bbox"": [252, 448, 1093, 553], ""type"": ""formula"", ""text"": ""$$1 x + 2 x - 3 x ^ { 2 } = x ^ { 2 } + 2 x + 1$$""}, {""bbox"": [247, 592, 1209, 694], ""type"": ""formula"", ""text"": ""-3x^{2}-x^{2}+2x-2x=-17+1""}, {""bbox"": [262, 724, 701, 826], ""type"": ""formula"", ""text"": ""-4x^{2}=-16""}, {""bbox"": [373, 841, 596, 945], ""type"": ""formula"", ""text"": ""x^{2}=4""}, {""bbox"": [308, 1003, 915, 1100], ""type"": ""formula"", ""text"": ""$x_{1}=2$; $x_{2}=-2$""}, {""bbox"": [135, 1127, 1384, 1247], ""type"": ""handwritten"", ""text"": ""Перевірено навчані на вірність:""}, {""bbox"": [1074, 1242, 1961, 1351], ""type"": ""formula"", ""text"": ""$$\\sqrt { 1 7 + 2 \\cdot ( - 2 ) - 3 \\cdot ( - 2 ) ^ { 2 } } = 2 + 1$$""}, {""bbox"": [172, 1257, 917, 1348], ""type"": ""formula"", ""text"": ""\\sqrt{1x}+2\\cdot2-3\\cdot2^{2}=x+1""}, {""bbox"": [1279, 1379, 1584, 1464], ""type"": ""formula"", ""text"": ""$\\sqrt{25}=3$""}, {""bbox"": [279, 1383, 557, 1464], ""type"": ""formula"", ""text"": ""$\\sqrt{9}=3$""}, {""bbox"": [333, 1467, 527, 1530], ""type"": ""formula"", ""text"": ""$3 = 3$""}, {""bbox"": [146, 1590, 780, 1715], ""type"": ""handwritten"", ""text"": ""Bignobige : x = 2""}]"
c7f47b50-f77b-419f-9e95-029d0b5e106e.jpg,"[{""bbox"": [2170, 144, 2353, 328], ""type"": ""annotation"", ""text"": ""180""}, {""bbox"": [230, 262, 463, 344], ""type"": ""printed"", ""text"": ""У.И.Г.""}, {""bbox"": [230, 262, 461, 344], ""type"": ""handwritten"", ""text"": ""У.И.Г.""}, {""bbox"": [84, 378, 509, 450], ""type"": ""printed"", ""text"": ""Відділ""}, {""bbox"": [20, 480, 993, 557], ""type"": ""printed"", ""text"": ""Чародезнавства""}, {""bbox"": [121, 626, 950, 712], ""type"": ""printed"", ""text"": ""дня 18. травня 1920 р.""}, {""bbox"": [640, 915, 2369, 1089], ""type"": ""handwritten"", ""text"": ""До Эквальянто а. М. Ю. Суховатых.""}, {""bbox"": [1531, 1081, 1928, 1170], ""type"": ""handwritten"", ""text"": ""в іразі""}, {""bbox"": [350, 1320, 2252, 1427], ""type"": ""printed"", ""text"": ""Відділ Народознавства Укр. Інституту Громадознавств""}, {""bbox"": [349, 1444, 2252, 1526], ""type"": ""printed"", ""text"": ""осить вас відвідати виклад п. О. Стефанови""}, {""bbox"": [286, 1586, 2188, 1688], ""type"": ""printed"", ""text"": ""на тему: \""Генеза поетичної творчості А. Метлинськог""}, {""bbox"": [350, 1754, 2252, 1840], ""type"": ""printed"", ""text"": ""Виклад відбудеться в науково-методологічному семі""}, {""bbox"": [287, 1850, 2188, 1941], ""type"": ""printed"", ""text"": ""відділу у середу дня 28 травня бр. о год.4.попол.""}, {""bbox"": [279, 1971, 1065, 2031], ""type"": ""printed"", ""text"": ""помещанию институту.""}, {""bbox"": [1360, 2068, 1778, 2136], ""type"": ""printed"", ""text"": ""З поважанням""}, {""bbox"": [1364, 2070, 1781, 2135], ""type"": ""printed"", ""text"": ""з поважанням""}, {""bbox"": [348, 2164, 951, 2242], ""type"": ""printed"", ""text"": ""Директор відділу""}]"
c94df7ee-3e0b-41c6-a627-d92be88d877b.jpg,"[{""bbox"": [114, 102, 335, 143], ""type"": ""handwritten"", ""text"": ""Документ""}, {""bbox"": [114, 102, 334, 142], ""type"": ""handwritten"", ""text"": ""Документ""}, {""bbox"": [59, 131, 460, 181], ""type"": ""handwritten"", ""text"": ""Виклики книжкової фрі""}, {""bbox"": [71, 132, 563, 223], ""type"": ""handwritten"", ""text"": ""Виклики книжкової фрі. На присінні минулою тисячоліття магі стобована затитували: невтес""}, {""bbox"": [29, 165, 568, 278], ""type"": ""handwritten"", ""text"": ""На прикінці минулого тисячоліття випали отримано затитубалі, невтіє Настольний носій випленьть традиційну книжку? Але коли Восок Райне необхід""}, {""bbox"": [30, 212, 570, 323], ""type"": ""handwritten"", ""text"": ""виплати створовано з метою предвидіння\nвикористання носіїв інтенсивної роботи напівклас\nкімнату? Але наша робота розмірна розім\n\""Зарія Поттера\"" від серії розмірних налі\nвідомі статистичні підтвердження своєю""}, {""bbox"": [30, 250, 570, 340], ""type"": ""handwritten"", ""text"": ""книжку?\"". Але вам вже відомо розіг\n\""Парі Поттера\"" і її серія розсіяли розіг\nмідає співвідношенні напередодні на\nвони. Не питання втратила свою""}, {""bbox"": [28, 271, 569, 374], ""type"": ""handwritten"", ""text"": ""\""Гаррі Поттера\"" і й серія рішень навіть мінливі стаціонарними переносили на власні дани, що питання втіретися свою постійну.""}, {""bbox"": [72, 314, 555, 391], ""type"": ""handwritten"", ""text"": ""и, що питання втретє не в\nтросту.\nСвободні, більш-менш, зрозуміло,""}, {""bbox"": [21, 342, 177, 370], ""type"": ""handwritten"", ""text"": ""Свостроту.""}, {""bbox"": [25, 351, 566, 421], ""type"": ""handwritten"", ""text"": ""построить.\nСвободный, бывш-ление, звоздулемо,\nчто электронный неёй, принявши, пом-\nчто не отвращают кардинальной зако-""}, {""bbox"": [25, 398, 567, 455], ""type"": ""handwritten"", ""text"": ""що електронні листи, що, не отворюють кардинальної заяви за паперовими книжками. Про те зізви-""}, {""bbox"": [25, 419, 562, 477], ""type"": ""handwritten"", ""text"": ""ще, не отворють када за паперовими юністками. Про те зві- мляє вони невідгадково. Радаю - це""}, {""bbox"": [21, 482, 563, 522], ""type"": ""handwritten"", ""text"": ""все так потрібно, щоб у дітей було багато дрібок, не він підсунув нам паджету,""}, {""bbox"": [21, 495, 566, 542], ""type"": ""handwritten"", ""text"": ""дрбок. Це він рідкунув нам гаджети, щоб ми змогли краще забрати звібно,""}, {""bbox"": [22, 546, 559, 579], ""type"": ""handwritten"", ""text"": ""ки, музику, фотографії, картини, во""}, {""bbox"": [23, 572, 515, 603], ""type"": ""handwritten"", ""text"": ""як іншіше вдалося че зробити.""}, {""bbox"": [90, 597, 554, 629], ""type"": ""handwritten"", ""text"": ""Ототе доки Звон Масю, ще тільки""}, {""bbox"": [75, 625, 553, 657], ""type"": ""handwritten"", ""text"": ""півдоро́зі, до інших світів, пале-""}, {""bbox"": [20, 645, 532, 679], ""type"": ""handwritten"", ""text"": ""роба квіткова в безпеці. Однак, деякі""}, {""bbox"": [20, 660, 538, 701], ""type"": ""handwritten"", ""text"": ""науковці,тверджують,щоколи""}, {""bbox"": [20, 711, 547, 776], ""type"": ""handwritten"", ""text"": ""народити в ковільних чесовках нове\nріште, то таке людське дитя бід""}, {""bbox"": [21, 742, 542, 801], ""type"": ""handwritten"", ""text"": ""пейтте, то таке людське дитя буде охоче, радше, на звібнолий кінця""}, {""bbox"": [19, 774, 554, 850], ""type"": ""handwritten"", ""text"": ""може, роботе, на звичайній кіносві- тографічний образ \""Женялітка\"" з вишкою пасовою, очима напівобли-""}, {""bbox"": [25, 781, 501, 821], ""type"": ""handwritten"", ""text"": ""тографівши образ \""Жнелетка\""""}, {""bbox"": [18, 812, 553, 878], ""type"": ""handwritten"", ""text"": ""вашкою паговою, описав напівобличчя, а лабиринти незважим. Для нього""}, {""bbox"": [19, 836, 550, 905], ""type"": ""handwritten"", ""text"": ""ся, слабкими зв'язками. Для нього,\nна відміну від нас, такі присвяки\nвідчуття, як порталь""}, {""bbox"": [18, 858, 543, 933], ""type"": ""handwritten"", ""text"": ""на відміну від нас, такі прислівники відчуття, як гортання сторінкою.""}, {""bbox"": [17, 901, 531, 964], ""type"": ""handwritten"", ""text"": ""Запах паперу, будуть невідомі.""}]"
cab6a855-d6ae-5d1c-a6f2-814bfb4c8c64.jpg,"[{""bbox"": [479, 0, 3473, 144], ""type"": ""handwritten"", ""text"": ""/no_think""}, {""bbox"": [454, 482, 3477, 782], ""type"": ""handwritten"", ""text"": ""трямкии вкусо пох""}, {""bbox"": [454, 736, 3476, 987], ""type"": ""handwritten"", ""text"": ""ології на зрої порід холодний е""}, {""bbox"": [353, 919, 3375, 1202], ""type"": ""handwritten"", ""text"": ""итикается середа болотная""}, {""bbox"": [354, 1338, 3375, 1665], ""type"": ""handwritten"", ""text"": ""алекс евгеньевич вскака""}]"
cab9e50b-4442-5006-86b3-9fa616fbc1bd.jpg,"[{""bbox"": [601, 150, 1043, 337], ""type"": ""handwritten"", ""text"": ""1. α""}, {""bbox"": [609, 421, 1054, 645], ""type"": ""handwritten"", ""text"": ""2. b""}, {""bbox"": [620, 752, 1060, 948], ""type"": ""handwritten"", ""text"": ""3. a""}, {""bbox"": [608, 1038, 1077, 1252], ""type"": ""handwritten"", ""text"": ""4. b""}, {""bbox"": [639, 1334, 1075, 1577], ""type"": ""handwritten"", ""text"": ""5. 6""}, {""bbox"": [638, 1686, 1108, 1894], ""type"": ""handwritten"", ""text"": ""6. α""}, {""bbox"": [648, 2005, 1111, 2208], ""type"": ""handwritten"", ""text"": ""¥. a""}, {""bbox"": [681, 2320, 1120, 2525], ""type"": ""handwritten"", ""text"": ""8. a""}, {""bbox"": [672, 2569, 1554, 2859], ""type"": ""handwritten"", ""text"": ""g. b, o, a""}, {""bbox"": [674, 2951, 1154, 3151], ""type"": ""handwritten"", ""text"": ""10. a""}, {""bbox"": [673, 3260, 1151, 3495], ""type"": ""handwritten"", ""text"": ""丝. a""}, {""bbox"": [697, 3570, 1193, 3800], ""type"": ""handwritten"", ""text"": ""x2. α""}]"
cb8c96d6-b38e-55af-aa67-083cd8e610f3.jpg,"[{""bbox"": [254, 1440, 1822, 1579], ""type"": ""handwritten"", ""text"": ""деньги новоги синя""}, {""bbox"": [60, 1890, 610, 2035], ""type"": ""handwritten"", ""text"": ""фельмне пив""}, {""bbox"": [473, 2094, 2679, 2251], ""type"": ""handwritten"", ""text"": ""розвинення інфраструктури сіль""}, {""bbox"": [130, 2306, 2374, 2519], ""type"": ""handwritten"", ""text"": ""если бы (норм., звучит звучно!)""}]"
cdba39de-3427-5382-b406-c27a0e52ff63.jpg,"[{""bbox"": [1100, 230, 2512, 450], ""type"": ""handwritten"", ""text"": ""Тридцать первое сию""}, {""bbox"": [1103, 418, 2202, 643], ""type"": ""handwritten"", ""text"": ""Домашня робота""}, {""bbox"": [958, 609, 2304, 823], ""type"": ""handwritten"", ""text"": ""Самостійна робота""}, {""bbox"": [948, 782, 2137, 1043], ""type"": ""handwritten"", ""text"": ""Электрические поля""}, {""bbox"": [1309, 1043, 1700, 1178], ""type"": ""handwritten"", ""text"": ""8 - Kloc""}, {""bbox"": [155, 1173, 420, 1394], ""type"": ""handwritten"", ""text"": ""1.6""}, {""bbox"": [180, 1451, 434, 1578], ""type"": ""handwritten"", ""text"": ""2 a""}, {""bbox"": [191, 1639, 451, 1776], ""type"": ""handwritten"", ""text"": ""3. а""}, {""bbox"": [198, 1947, 402, 2137], ""type"": ""handwritten"", ""text"": ""5.6""}, {""bbox"": [205, 2130, 417, 2328], ""type"": ""handwritten"", ""text"": ""6.6""}, {""bbox"": [210, 2315, 493, 2496], ""type"": ""handwritten"", ""text"": ""1.6""}, {""bbox"": [232, 2537, 478, 2690], ""type"": ""handwritten"", ""text"": ""8. a""}, {""bbox"": [231, 2853, 488, 3046], ""type"": ""handwritten"", ""text"": ""10. 6""}, {""bbox"": [899, 3004, 1521, 3222], ""type"": ""handwritten"", ""text"": ""Розв'язання""}, {""bbox"": [254, 3031, 720, 3230], ""type"": ""handwritten"", ""text"": ""11 - Dato:""}, {""bbox"": [887, 3167, 2827, 3389], ""type"": ""formula"", ""text"": ""$$q = n e = - 1 0 ^ { 1 6 } \\cdot 1 , 6 \\cdot 1 0 ^ { - 1 9 } K N = - 1 , 6 \\cdot 1 0 ^ { - 3 }$$""}, {""bbox"": [283, 3227, 720, 3403], ""type"": ""formula"", ""text"": ""e = 10^{17}""}, {""bbox"": [539, 3360, 2800, 3581], ""type"": ""handwritten"", ""text"": ""|Kₙ| = -1,6·10⁻¹⁹ Кл, е - заряд электрона""}, {""bbox"": [394, 3573, 2800, 3792], ""type"": ""handwritten"", ""text"": ""Заряд палочки -1,6 МКл, а ч \""хуїра\"" +1,6""}, {""bbox"": [1078, 3754, 2016, 3953], ""type"": ""handwritten"", ""text"": ""Відповідь: -1,6 пкг""}]"
ce81b071-f963-558d-8c2b-ecf490f32658.jpg,"[{""bbox"": [1029, 306, 1380, 445], ""type"": ""handwritten"", ""text"": ""N 8.10""}, {""bbox"": [248, 444, 2502, 640], ""type"": ""handwritten"", ""text"": ""Дано: АВ = 3 см; ВС = 4 см; АЕКВ - квадрат""}, {""bbox"": [249, 618, 2344, 842], ""type"": ""handwritten"", ""text"": ""Знайти: (ALK)⊥(ABС); ABCO-прямокутник""}, {""bbox"": [1152, 981, 2602, 1124], ""type"": ""handwritten"", ""text"": ""оскільки площини 4, то прямі""}, {""bbox"": [1290, 1165, 2505, 1299], ""type"": ""handwritten"", ""text"": ""⊥ с о АВ - перпендикулярны""}, {""bbox"": [255, 1545, 2668, 1740], ""type"": ""handwritten"", ""text"": ""мокерними Δ, КС = √16 + 9 = 5 см. преведемо дію -""}, {""bbox"": [253, 1744, 2549, 1908], ""type"": ""handwritten"", ""text"": ""найти ВО, ВС = 3 (две прямолинейные), ВО = 5 (две""}, {""bbox"": [266, 1896, 2865, 2090], ""type"": ""handwritten"", ""text"": ""прямоугольник ABCD, ΔKOB - прямоугольный (т.к. КВ ⊥ (ВСО);""}, {""bbox"": [285, 2094, 1453, 2237], ""type"": ""formula"", ""text"": ""$$K D = \\sqrt { 2 5 + 9 } = \\sqrt { 3 4 } c m$$""}, {""bbox"": [267, 2256, 1436, 2425], ""type"": ""handwritten"", ""text"": ""Відповідь: 5 ач; √34 ам""}, {""bbox"": [1127, 2441, 1513, 2560], ""type"": ""handwritten"", ""text"": ""N 8.12""}, {""bbox"": [305, 2607, 1483, 2765], ""type"": ""handwritten"", ""text"": ""Дано: ∠(γ; β) = 45°""}, {""bbox"": [301, 2775, 936, 2924], ""type"": ""handwritten"", ""text"": ""Знайти: АС""}, {""bbox"": [278, 2946, 1866, 3122], ""type"": ""handwritten"", ""text"": ""Узбірочна: Осілінся АК ⊥ k, і""}, {""bbox"": [298, 3124, 1806, 3286], ""type"": ""formula"", ""text"": ""$C K \\perp k, \\text { то } \\angle A K C=45^{\\circ} ; A C-$""}, {""bbox"": [272, 3277, 2722, 3466], ""type"": ""handwritten"", ""text"": ""1 (якщо це відстань від А до r),""}, {""bbox"": [272, 3463, 2635, 3632], ""type"": ""handwritten"", ""text"": ""Тоді < САК = 45°, АА - рівнобедрений, оскільки""}, {""bbox"": [2, 3608, 2828, 3739], ""type"": ""handwritten"", ""text"": ""4130) відомо, що АС = 6√2 см, то АС = 6 см, як і СК відповідно 6 см""}]"
cea7015f-1269-425a-a1a2-54c960e110ef.jpg,"[{""bbox"": [37, 153, 504, 195], ""type"": ""handwritten"", ""text"": ""нам гаджеты, изоб лее""}, {""bbox"": [22, 189, 540, 232], ""type"": ""handwritten"", ""text"": ""змоги колись забрати з""}, {""bbox"": [34, 227, 531, 267], ""type"": ""handwritten"", ""text"": ""собою на іншій ніякісті""}, {""bbox"": [34, 264, 496, 304], ""type"": ""handwritten"", ""text"": ""свои' улыбнен' клиентов,""}, {""bbox"": [33, 300, 562, 344], ""type"": ""handwritten"", ""text"": ""музіку, фотографії, картки,""}, {""bbox"": [36, 337, 536, 382], ""type"": ""handwritten"", ""text"": ""до ок гнанне вдалося бче""}, {""bbox"": [31, 378, 438, 419], ""type"": ""handwritten"", ""text"": ""Зробити? Отом доси""}, {""bbox"": [37, 412, 549, 453], ""type"": ""handwritten"", ""text"": ""Улон Маже ске ске тільки ква""}, {""bbox"": [35, 444, 536, 490], ""type"": ""handwritten"", ""text"": ""півдоро́зі до інших свят""}, {""bbox"": [35, 482, 557, 522], ""type"": ""handwritten"", ""text"": ""напереко кмссяка в бедре-""}, {""bbox"": [33, 522, 76, 549], ""type"": ""handwritten"", ""text"": ""454,""}, {""bbox"": [40, 545, 478, 593], ""type"": ""handwritten"", ""text"": ""Однак дрекі нацховезі""}, {""bbox"": [44, 591, 551, 629], ""type"": ""handwritten"", ""text"": ""отверждают, что коли люди,""}, {""bbox"": [46, 627, 542, 661], ""type"": ""handwritten"", ""text"": ""нарешет знеожеєрть загати""}, {""bbox"": [45, 656, 557, 693], ""type"": ""handwritten"", ""text"": ""и народится в космических""}, {""bbox"": [48, 690, 538, 725], ""type"": ""handwritten"", ""text"": ""умовах нове несеться, то""}, {""bbox"": [48, 721, 505, 753], ""type"": ""handwritten"", ""text"": ""таке же людське дитя""}]"
ceef6cbf-ec28-4199-9da5-4203d32240ff.jpg,"[{""bbox"": [32, 23, 239, 118], ""type"": ""handwritten"", ""text"": ""Задача""}, {""bbox"": [41, 82, 1623, 195], ""type"": ""handwritten"", ""text"": ""Згадає про торгівлю і співробітництво між ЄС і Великою""}, {""bbox"": [39, 168, 1543, 269], ""type"": ""handwritten"", ""text"": ""Британією від 2020 р. передбачає також і умови""}, {""bbox"": [38, 252, 1605, 342], ""type"": ""handwritten"", ""text"": ""рибаловні. З справді були введені нові правила рибальства""}, {""bbox"": [32, 322, 1610, 406], ""type"": ""handwritten"", ""text"": ""після Brexit, але це не дає права Франції підписувати""}, {""bbox"": [29, 386, 1624, 474], ""type"": ""handwritten"", ""text"": ""і відключити електрику на острові Дасерсі. Це є проти-""}, {""bbox"": [25, 454, 1614, 544], ""type"": ""handwritten"", ""text"": ""равнення діяли згідно з нормами міжнародного права.""}, {""bbox"": [34, 529, 1621, 618], ""type"": ""handwritten"", ""text"": ""В даному випадку є порушення умов Угоди про торгів-""}, {""bbox"": [28, 603, 1628, 678], ""type"": ""handwritten"", ""text"": ""лю та співробітництво між ЄС і Великою Британією,""}, {""bbox"": [25, 671, 1616, 747], ""type"": ""handwritten"", ""text"": ""так як Велика Британія не повідомляла єс про зміни в""}, {""bbox"": [30, 735, 1637, 817], ""type"": ""handwritten"", ""text"": ""у юді у розділі риболовлі, Велика Британія відповід-""}, {""bbox"": [32, 806, 1637, 893], ""type"": ""handwritten"", ""text"": ""від до цієї угоди та з від'яку в передбачуванні пору-""}, {""bbox"": [30, 870, 1627, 955], ""type"": ""handwritten"", ""text"": ""навчання умов угоди французько мови застосовувати від""}, {""bbox"": [29, 943, 1640, 1027], ""type"": ""handwritten"", ""text"": ""повідомі заходи, лопсиво, повністю заборонити риболов-""}, {""bbox"": [27, 1016, 1569, 1100], ""type"": ""handwritten"", ""text"": ""мо в районі Нормандських островів, якого Франція""}, {""bbox"": [26, 1086, 1627, 1170], ""type"": ""handwritten"", ""text"": ""відділяється інше на переговори і надати підтверджен-""}, {""bbox"": [24, 1156, 1541, 1253], ""type"": ""handwritten"", ""text"": ""меня риболовля біля Нормандських островів (що судна""}, {""bbox"": [17, 1240, 993, 1337], ""type"": ""handwritten"", ""text"": ""Франції і раніше робали там).""}, {""bbox"": [94, 1354, 555, 1423], ""type"": ""annotation"", ""text"": ""25.06.2025""}]"
d16b3f01-c26c-485c-ad8a-8df1058841c7.jpg,"[{""bbox"": [175, 53, 613, 156], ""type"": ""handwritten"", ""text"": ""Завдання 3.""}, {""bbox"": [92, 177, 922, 255], ""type"": ""handwritten"", ""text"": ""1) ЗТО = експорт + імпорт""}, {""bbox"": [85, 257, 1516, 382], ""type"": ""handwritten"", ""text"": ""2) Експортна квота (%) = ( Експорт / ВВП країни ) · 100 %""}, {""bbox"": [72, 363, 1475, 514], ""type"": ""handwritten"", ""text"": ""3) Імпортна квота (%) = (імпорт / ВВП кр.) · 100%\n4) Частка ЗТО... ВВП кр. (у %)""}, {""bbox"": [61, 374, 1478, 599], ""type"": ""handwritten"", ""text"": ""3) Імпортна квота (%) = (імпорт / ВВП кр.) · 100 %\n4) Частка ЗТО у ВВП сбігу (%) = (ЗТО кр.)""}, {""bbox"": [46, 457, 1577, 692], ""type"": ""handwritten"", ""text"": ""4) Частка ЗТО у ВВП сбігу (%) = (ЗТО кр / ВВП сбігу) * 100 %\n5) Частка кр. у ВВП сбігу (%) = (ВВП кр / ВВП сбігу) * 100 %""}, {""bbox"": [1009, 634, 1587, 788], ""type"": ""formula"", ""text"": ""$$\\left( \\frac { В В П _ { к р } } { В В П _ { с в и т у } } \\right) \\cdot 100 \\%$$""}, {""bbox"": [178, 756, 1162, 869], ""type"": ""handwritten"", ""text"": ""Розрахуйся день Німеччини.""}, {""bbox"": [99, 821, 1581, 989], ""type"": ""formula"", ""text"": ""1) 370 = 1204,9 + 1025,6 = 2230,3 \\text{ млрд. грн.}""}, {""bbox"": [84, 849, 1562, 1016], ""type"": ""formula"", ""text"": ""1) $370 = 1204,9 + 1025,6 = 2230,3 \\text{ ммрд.} 30.$\n2) $\\text{Екон. кф.} = (1204,9 / 1125,6)$""}, {""bbox"": [76, 923, 1501, 1090], ""type"": ""formula"", ""text"": ""2) \\text{Експ. кв.}: (1204,7 / 14200) \\cdot 100\\% \\approx 28,65\\%""}, {""bbox"": [72, 973, 1527, 1167], ""type"": ""handwritten"", ""text"": ""2) Екон. к.в.: (1204,4 / 4200) · 100% ≈ 28,65 %\n3) Іннопр. к.в.: (1025,6 / 4200) · 100% ≈ 24,42 %\n4) Уагіна 3Т0: (222...""}, {""bbox"": [75, 1050, 1544, 1249], ""type"": ""handwritten"", ""text"": ""3) Типорі. кв.: (1025,6 / 4200) · 100 % ≈ 24,42 %\n1) Часіка ЗТО: (2230,3 / 916 00000) · 100 % = 0,002435""}, {""bbox"": [62, 1051, 1548, 1252], ""type"": ""handwritten"", ""text"": ""3) Типорі. кв.: (1025,6 / 4200) · 100 % ≈ 24,42 %\n4) Частка ЗТО: (2230,3 / 916 00000) · 100 % = 0,002435\n5) Частка ВВП: (4 200 / 916 00000) · 100 %""}, {""bbox"": [47, 1130, 1655, 1336], ""type"": ""handwritten"", ""text"": ""4) Частка 310 : (2230,3 / 916 00000) · 100% = 0,002435 · 100% = 0,24%\n5) Частка ВВП: (4200 / 916 00000) · 100% = 0,00458 · 100% = 0,458%""}, {""bbox"": [85, 1216, 1592, 1412], ""type"": ""handwritten"", ""text"": ""актива ВБП: (4200/91600000)·100% = 0,00458% ≈ 0,0046% Це означає, що ВБП Німеччини становить""}, {""bbox"": [123, 1341, 1198, 1495], ""type"": ""handwritten"", ""text"": ""місце 0,0046% від ВВП світу.""}, {""bbox"": [111, 1376, 1546, 1611], ""type"": ""handwritten"", ""text"": ""мише 0,0046% від ВВП світу.\nлише 8 ВВП світу був 91,6 при $ 70""}, {""bbox"": [108, 1466, 1551, 1621], ""type"": ""handwritten"", ""text"": ""Доходи в ВВП світу був 91,6 трлн. $, 70""}, {""bbox"": [115, 1478, 1597, 1708], ""type"": ""handwritten"", ""text"": ""Широ в ВВП світу був 91, 6 трлн. $, 70\nВВП Німеччини 4,2 трлн. $ Банків""}, {""bbox"": [116, 1569, 1645, 1717], ""type"": ""handwritten"", ""text"": ""ВВПТ Мілесевич Вал 4,2 грн. $ Банковськ""}, {""bbox"": [113, 1581, 1529, 1836], ""type"": ""handwritten"", ""text"": ""ВЗВП Німецький біль 4,2 чи $ банка\nБіл: (4200 / 91600) · 100% ≈ 4,58%""}]"
d1d018f2-566b-49a4-b2e2-de017047a509.jpg,"[{""bbox"": [19, 0, 1624, 71], ""type"": ""handwritten"", ""text"": ""всі синдроми та інші проявлення дії, проведення яких необхідне""}, {""bbox"": [19, 38, 1646, 135], ""type"": ""handwritten"", ""text"": ""та можливе, а також всі дії для здійснення розслідування""}, {""bbox"": [22, 107, 1632, 201], ""type"": ""handwritten"", ""text"": ""необхідно у зв'язку з обставинами, передбаченими ст. 204 ККУ""}, {""bbox"": [19, 177, 1073, 268], ""type"": ""handwritten"", ""text"": ""цієї статті. (Відповідно до ст. 280 КПК).""}, {""bbox"": [35, 316, 1578, 438], ""type"": ""handwritten"", ""text"": ""2. Слідсий здібнісев правоведіння дії, так як відповідно""}, {""bbox"": [35, 326, 1617, 523], ""type"": ""handwritten"", ""text"": ""2. Слідсіб здійснити правовідповідну дію, так як відповідно до ст. 237 част. 5 - при проведенні огляду дозволяється вилучити...""}, {""bbox"": [39, 407, 1622, 587], ""type"": ""handwritten"", ""text"": ""до ст. 237 част. 5 - при проведенні огляду дозволяється вилучення місця речей і документів, які мають значення для""}, {""bbox"": [36, 470, 1608, 613], ""type"": ""handwritten"", ""text"": ""до ст. 254 част. 2 цього Кодексу, що передбачає накладення штрафу за незаконне використання, зберігання, відкриття, використання, зберігання, відкриття, використання, зберігання, відкриття, використання, зберігання, відкриття, використання, зберігання, відкриття, використання, зберігання, відкриття, використання, зберігання, відкриття, використання, зберігання, відкриття, використання, зберігання, відкриття, використання, зберігання, відкриття, використання, зберігання, в""}, {""bbox"": [35, 524, 1632, 666], ""type"": ""handwritten"", ""text"": ""ними менше речей і здійснення кримін. провадження та речаб, виконання з обліку (наміздна кримін. провадження та речаб, виконання з обліку (наміздна кримін. провадження та речаб, виконання з обліку (наміздна кримін. провадження та речаб, виконання з обліку (наміздна кримін. провадження та речаб, виконання з обліку (наміздна кримін. провадження та речаб, виконання з обліку (наміздна кримін. провадження та речаб, виконання з обліку (наміздна кримін. провадження та речаб,""}, {""bbox"": [36, 550, 1640, 729], ""type"": ""handwritten"", ""text"": ""кримін. провадження та резаб, викритих у зв'язку (наприклад, має значення до кабінету в зв'язку був обвинук). Усі викриті""}, {""bbox"": [39, 618, 1647, 794], ""type"": ""handwritten"", ""text"": ""вимір. проводження та\nмав значення до кабінету в звітну був обмін). Як вимірян\nрегії з документи підлягають негайному огляду і оплатуванню\nвід, всі обміни участь у проведе-""}, {""bbox"": [36, 673, 1650, 905], ""type"": ""handwritten"", ""text"": ""псевдо значення у відповідності\nречі з документами підлягають неповній огляд і підготуванню\nіз завершеними підписами особистостями участь у проведенні""}, {""bbox"": [39, 742, 1650, 942], ""type"": ""handwritten"", ""text"": ""речі і документи підписані\nіз заверенням підписаних особ, всі фахівці участь у проведе-\nнні огляду.""}, {""bbox"": [40, 878, 346, 951], ""type"": ""handwritten"", ""text"": ""мне ошмоду.""}, {""bbox"": [60, 893, 1622, 1024], ""type"": ""handwritten"", ""text"": ""ані виходу.\nТакож відповідно до ст 336 част 3 (п.2) - слідчий, прокурор маю""}, {""bbox"": [49, 947, 1625, 1089], ""type"": ""handwritten"", ""text"": ""Також відповідно до ст. 565 ГК (п.2) - відділ, процедур маю право заборонити будь-які особі залишити місце обирану до його""}, {""bbox"": [54, 1069, 1641, 1166], ""type"": ""handwritten"", ""text"": ""закінчення та вчення будь-які звіт, що заважають проєд-""}, {""bbox"": [50, 1151, 1576, 1241], ""type"": ""handwritten"", ""text"": ""Нимо обиму. Невеликом. чије вимог тиже за собою нередбат.""}, {""bbox"": [63, 1220, 256, 1303], ""type"": ""handwritten"", ""text"": ""відповід.""}, {""bbox"": [46, 1375, 105, 1434], ""type"": ""handwritten"", ""text"": ""3.""}, {""bbox"": [46, 1376, 104, 1432], ""type"": ""handwritten"", ""text"": ""3.""}, {""bbox"": [123, 1422, 293, 1484], ""type"": ""handwritten"", ""text"": ""3. 1-AB""}, {""bbox"": [120, 1487, 196, 1535], ""type"": ""handwritten"", ""text"": ""3.2""}, {""bbox"": [121, 1530, 285, 1586], ""type"": ""handwritten"", ""text"": ""3.3-A""}, {""bbox"": [121, 1582, 294, 1635], ""type"": ""handwritten"", ""text"": ""3.4 - 1""}, {""bbox"": [122, 1587, 211, 1636], ""type"": ""handwritten"", ""text"": ""3.4""}, {""bbox"": [124, 1627, 294, 1685], ""type"": ""handwritten"", ""text"": ""3.5.5""}, {""bbox"": [87, 1851, 350, 1918], ""type"": ""annotation"", ""text"": ""24.06.25""}]"
d2569788-c35a-40de-afaf-ab97287dba27.jpg,"[{""bbox"": [92, 197, 561, 272], ""type"": ""handwritten"", ""text"": ""Хворійківці минулою тисячоліттям витісняли традиційну нимульні: \""Невже електронні косі виміслять традиційну нимульні: \""Невже електронні косі виміслять традиційну нимульні: \""Невже електронні косі виміслять традиційну нимульні: \""Невже електронні косі виміслять традиційну нимульні: \""Невже електронні косі виміслять традиційну нимульні: \""Невже електронні косі виміслять традиційну нимульні: \""Невже електронні косі виміслять традиційну нимульн""}, {""bbox"": [71, 241, 562, 299], ""type"": ""handwritten"", ""text"": ""зопитували: \""Невже сих днів ніхто не відмінив підпису?\"" тільки Досвід Рожеїна написав \""Гаррі Поттера:""}, {""bbox"": [70, 271, 562, 325], ""type"": ""handwritten"", ""text"": ""книгу?» тільки коли Досвід Важливий і її серія романів розійшла сповідальними поправками""}, {""bbox"": [69, 310, 465, 349], ""type"": ""handwritten"", ""text"": ""навладали, що питання стратегії свого пострату.""}, {""bbox"": [83, 335, 548, 386], ""type"": ""handwritten"", ""text"": ""Сегодня Байли-мени доказали, что электронный космос,""}, {""bbox"": [66, 367, 537, 404], ""type"": ""handwritten"", ""text"": ""припайный пока що, не створюють кордиманної загрози""}, {""bbox"": [66, 390, 530, 426], ""type"": ""handwritten"", ""text"": ""попурплии кримская. Кусок з'явили вони німподроб.""}, {""bbox"": [64, 421, 533, 452], ""type"": ""handwritten"", ""text"": ""Згадай, що Бог так хотів нас до далеких мондрівок. Це""}, {""bbox"": [61, 446, 540, 476], ""type"": ""handwritten"", ""text"": ""він підсумував нам бажання, щоб ми змогли краще зображати""}, {""bbox"": [60, 472, 538, 504], ""type"": ""handwritten"", ""text"": ""з собою на інші планети свої улюблені книги, музину""}, {""bbox"": [59, 496, 531, 527], ""type"": ""handwritten"", ""text"": ""фотошурьдій, куртили. Бо як іншім відомо б це зробити.""}, {""bbox"": [75, 520, 553, 556], ""type"": ""handwritten"", ""text"": ""Отов дони Ліон Маск ще тільки на підкорозі до інших""}, {""bbox"": [61, 548, 535, 584], ""type"": ""handwritten"", ""text"": ""вітів, попередила книжко в безпеці. Однак дужі пожежові""}, {""bbox"": [53, 580, 532, 608], ""type"": ""handwritten"", ""text"": ""свідчують, що калі люди почнені зносити заготи й""}, {""bbox"": [63, 603, 552, 637], ""type"": ""handwritten"", ""text"": ""породить в космических условиях нове живота, то тоже люди""}, {""bbox"": [65, 632, 555, 663], ""type"": ""handwritten"", ""text"": ""не дитя буде схоже родиче на злочинний кінематографіс-""}, {""bbox"": [73, 656, 553, 689], ""type"": ""handwritten"", ""text"": ""ний образ сплятка: з винкою головою, очима на пів обм""}, {""bbox"": [67, 733, 534, 781], ""type"": ""handwritten"", ""text"": ""вдруги небідомі. Зовсім, навіть, вже аж тоді й зрозумів єдна""}, {""bbox"": [67, 764, 233, 794], ""type"": ""handwritten"", ""text"": ""электронной книги.""}, {""bbox"": [81, 789, 560, 834], ""type"": ""handwritten"", ""text"": ""Але й це не стурошно, головне - читати, і не так важливо""}]"
d28943b8-f79d-5fe2-99f4-9f427c6e34ff.jpg,"[{""bbox"": [176, 115, 1679, 213], ""type"": ""handwritten"", ""text"": ""лізичне обхоплення вусів або носа натягніло""}, {""bbox"": [176, 239, 1679, 353], ""type"": ""handwritten"", ""text"": ""авеличий або змінні обсяг вдиху речови""}, {""bbox"": [159, 365, 372, 436], ""type"": ""handwritten"", ""text"": ""семья,""}, {""bbox"": [126, 480, 1629, 602], ""type"": ""handwritten"", ""text"": ""занадто небольшое включение минусового диха""}, {""bbox"": [89, 596, 1418, 712], ""type"": ""handwritten"", ""text"": ""• відсутність рахування власне цінлив.""}, {""bbox"": [110, 719, 1286, 822], ""type"": ""handwritten"", ""text"": ""Земледелие растениеводческих заводов:""}, {""bbox"": [103, 946, 545, 1038], ""type"": ""handwritten"", ""text"": ""- компресійні""}]"
d6b2b7b5-6e5f-4894-bb41-9e04b2e83004.jpg,"[{""bbox"": [140, 86, 579, 255], ""type"": ""image"", ""text"": """"}, {""bbox"": [977, 119, 1349, 424], ""type"": ""annotation"", ""text"": ""тип реакцій?\nназва реакцій?""}, {""bbox"": [136, 312, 1113, 436], ""type"": ""formula"", ""text"": ""2. \\mathrm{ZnO} + 2 \\mathrm{HCl} \\rightarrow \\mathrm{ZnCl_2} + \\mathrm{H_2O}""}, {""bbox"": [126, 399, 1654, 556], ""type"": ""handwritten"", ""text"": ""(кислотно - основна реакція (нейтралізація оксиду""}, {""bbox"": [81, 509, 391, 580], ""type"": ""handwritten"", ""text"": ""(4сдотою).""}, {""bbox"": [76, 594, 1249, 723], ""type"": ""formula"", ""text"": ""$3. \\ 2nCl_{2} + 2NaOH \\rightarrow 2n(OH)_{2}\\downarrow + 2NaCl.$""}, {""bbox"": [1325, 637, 1548, 808], ""type"": ""annotation"", ""text"": ""±18°""}, {""bbox"": [90, 693, 1301, 831], ""type"": ""handwritten"", ""text"": ""Подвійний обмін із утворенням осаду-""}, {""bbox"": [93, 810, 1174, 943], ""type"": ""formula"", ""text"": ""a. 2n(OH)_{2} + 2xOH \\rightarrow k_{2}[2n(OH)_{4}]""}, {""bbox"": [85, 921, 1305, 1074], ""type"": ""formula"", ""text"": ""$5. \\mathrm{Zn(OH)_2 + 2HNO_3 \\rightarrow Zn(NO_3)_2 + 2H_2O}$""}, {""bbox"": [32, 1101, 1567, 1236], ""type"": ""handwritten"", ""text"": ""4. Здійснити перетворення: ацетилен → оцтова""}, {""bbox"": [20, 1144, 1606, 1335], ""type"": ""handwritten"", ""text"": ""4. Здійснити перетворення: ацетилен → оцтова кислота → хлористий ацетил → ацетілід сульфові: кислоти → етиловий""}, {""bbox"": [13, 1297, 713, 1377], ""type"": ""handwritten"", ""text"": ""касолги → етиллатетат.""}, {""bbox"": [1207, 1338, 1506, 1617], ""type"": ""annotation"", ""text"": ""апругурт\nор-м?""}, {""bbox"": [1208, 1339, 1508, 1614], ""type"": ""annotation"", ""text"": ""апругість\nор-м?""}, {""bbox"": [16, 1389, 1169, 1533], ""type"": ""formula"", ""text"": ""$$2 . \\mathrm { C } _ { 2 } \\mathrm { H } _ { 2 } + \\mathrm { C O } + \\mathrm { H } _ { 2 } \\mathrm { O } \\rightarrow \\mathrm { C H } _ { 3 } \\mathrm { C O C l } + \\mathrm { S O } _ { 2 } + \\mathrm { H O }$$""}, {""bbox"": [22, 1484, 877, 1602], ""type"": ""formula"", ""text"": ""$1.\\ C_2H_2 + CO + H_2O \\rightarrow CH_3COOH$""}, {""bbox"": [1400, 1522, 1560, 1647], ""type"": ""annotation"", ""text"": ""±15""}, {""bbox"": [49, 1564, 1343, 1717], ""type"": ""formula"", ""text"": ""$$2 . \\mathrm { C H } _ { 3 } \\mathrm { C O O H } + \\mathrm { S O C l } _ { 2 } \\rightarrow \\mathrm { C H } _ { 3 } \\mathrm { C O C l } + \\mathrm { S O } _ { 2 } + \\mathrm { H O }$$""}, {""bbox"": [47, 1595, 1224, 1812], ""type"": ""formula"", ""text"": ""$$2 . \\mathrm { C H _ { 3 } C O O H } + \\mathrm { S O C l _ { 2 } } \\rightarrow \\mathrm { C H _ { 3 } C O C l } + \\mathrm { S O _ { 2 } } +$$\n$$3 . \\mathrm { C H _ { 3 } C O C l } + \\mathrm { C H _ { 3 } C O O H } \\rightarrow \\left( \\mathrm { C H _ { 3 } C O } \\right) _ { 2 } \\mathrm { O } + \\mathrm { H C }$$\n$$4 . \\left( \\mathrm { C H _ { 3 } C O } \\right) _ { 2 } \\mathrm { O } + \\mathrm { H C }$$""}, {""bbox"": [1246, 1667, 1615, 1906], ""type"": ""annotation"", ""text"": ""HO\nCH3-C=O-O-C2H5""}, {""bbox"": [53, 1724, 1208, 1912], ""type"": ""formula"", ""text"": ""$$\\mathrm{CH}_{3} \\mathrm{COCH}_{3}+\\mathrm{CH}_{3} \\mathrm{COOH} \\rightarrow\\left(\\mathrm{CH}_{3} \\mathrm{CO}\\right)_{2} \\mathrm{O}+\\mathrm{H}_{2} \\mathrm{O}$$\n$$\\mathrm{CH}_{3} \\mathrm{COCH}_{3}+\\mathrm{CH}_{3} \\mathrm{COOH} \\rightarrow\\left(\\mathrm{CH}_{3} \\mathrm{CO}\\right)_{2} \\mathrm{O}+\\mathrm{H}_{2} \\mathrm{O}$$""}, {""bbox"": [51, 1916, 1592, 2055], ""type"": ""handwritten"", ""text"": ""5. Напишіть структурні формули 2-Бром-3-""}, {""bbox"": [22, 2009, 1449, 2149], ""type"": ""handwritten"", ""text"": ""метилпентану та вторбутилу бромистого.""}]"
d6ee6e8f-27dd-4745-9efe-16b55a611a0d.jpg,"[{""bbox"": [29, 318, 536, 360], ""type"": ""handwritten"", ""text"": ""во з яких носіїв. Твої книги не зрозумілі й амнезії, які""}, {""bbox"": [28, 351, 555, 394], ""type"": ""handwritten"", ""text"": ""но відміну від модального потоку інформації змінюються""}, {""bbox"": [27, 388, 165, 425], ""type"": ""handwritten"", ""text"": ""знати надовго.""}]"
d838b5f7-0346-4e74-9c26-243a4441ac00.jpg,"[{""bbox"": [96, 32, 1023, 122], ""type"": ""handwritten"", ""text"": ""1. 2-Бром-3-метилпентан.""}, {""bbox"": [84, 137, 891, 235], ""type"": ""handwritten"", ""text"": ""- на 2-му атомі-Бром""}, {""bbox"": [1030, 169, 1340, 383], ""type"": ""annotation"", ""text"": ""сприяють ф-м?""}, {""bbox"": [1030, 187, 1337, 399], ""type"": ""annotation"", ""text"": ""страницу ф-м?""}, {""bbox"": [77, 240, 1014, 334], ""type"": ""handwritten"", ""text"": ""- на 3-му - металльна група.""}, {""bbox"": [98, 342, 992, 491], ""type"": ""formula"", ""text"": ""CH_{3}-CH(Br)-CH(CH_{3})-CH_{2}-CH_{3}""}, {""bbox"": [1032, 385, 1252, 530], ""type"": ""annotation"", ""text"": ""±15℃.""}, {""bbox"": [84, 516, 816, 645], ""type"": ""formula"", ""text"": ""2. \\mathrm{CH_3-CH(Br)-CH_2-CH_3}""}]"
da3bdbcf-6827-5e88-a891-f6818c7938a6.jpg,"[{""bbox"": [226, 73, 2928, 239], ""type"": ""handwritten"", ""text"": ""праві, вигрітій сонцем. Сивий, статечний, найшанованіш""}, {""bbox"": [226, 277, 2929, 459], ""type"": ""handwritten"", ""text"": ""вік благословляв чумаків перед дорогою, нелегкою. Гори,""}, {""bbox"": [316, 467, 3020, 643], ""type"": ""handwritten"", ""text"": ""нцем, стояли до самого небокраю. Вагончики, вузьки,""}, {""bbox"": [496, 662, 3200, 844], ""type"": ""handwritten"", ""text"": ""і скришкують, похитують нас, колесують ранковою ву""}]"
db772a33-847f-51ae-9a22-c7bdec85c0d7.jpg,"[{""bbox"": [105, 1736, 805, 2003], ""type"": ""formula"", ""text"": ""2) y = x^2""}, {""bbox"": [191, 2015, 878, 2560], ""type"": ""table"", ""text"": ""X|2|2,25\n8|9|5""}, {""bbox"": [110, 2665, 1600, 3248], ""type"": ""table"", ""text"": ""X|-0,5|0,5|7,25|-7,5\ny|0,25|0,25|7,5|2,25""}, {""bbox"": [151, 2688, 1592, 3238], ""type"": ""table"", ""text"": ""X|-0,5|0,5|7,25|-7,5\ny|0,25|0,25|7,5|2,25""}]"
dccde180-6dc4-4224-a441-aaecf30faf06.jpg,"[{""bbox"": [37, 292, 529, 371], ""type"": ""handwritten"", ""text"": ""яко потоку інформації, замінив""}, {""bbox"": [32, 365, 393, 409], ""type"": ""handwritten"", ""text"": ""ютые з наши магово.""}]"
dd95254a-5099-5b24-807f-3166bff736af.jpg,"[{""bbox"": [160, 941, 2556, 1163], ""type"": ""handwritten"", ""text"": ""3. Войнисті і синтетичні матеріали""}, {""bbox"": [161, 1152, 2593, 1363], ""type"": ""handwritten"", ""text"": ""стали невід'ємними атрибутами сучасного""}, {""bbox"": [134, 1326, 2488, 1534], ""type"": ""handwritten"", ""text"": ""сентября. Вами займаються провідне місце""}, {""bbox"": [103, 1493, 2728, 1723], ""type"": ""handwritten"", ""text"": ""в побуті, будівництві, промисловому висо-""}, {""bbox"": [107, 1859, 1913, 2057], ""type"": ""handwritten"", ""text"": ""електроній та інших випадках.""}]"
defa144a-9bd4-56f5-b951-c23607449449.jpg,"[{""bbox"": [517, 1935, 991, 2079], ""type"": ""handwritten"", ""text"": ""чудеса.""}, {""bbox"": [3159, 2205, 3541, 2323], ""type"": ""handwritten"", ""text"": ""Шшшшш""}, {""bbox"": [3186, 2338, 3705, 2516], ""type"": ""handwritten"", ""text"": ""мідним""}, {""bbox"": [2296, 2435, 2685, 2580], ""type"": ""handwritten"", ""text"": ""Киев""}, {""bbox"": [3203, 2520, 3991, 2705], ""type"": ""handwritten"", ""text"": ""чудільницькі""}, {""bbox"": [474, 2540, 855, 2647], ""type"": ""handwritten"", ""text"": ""вания""}, {""bbox"": [1375, 2794, 1911, 2969], ""type"": ""handwritten"", ""text"": ""/но_мышь""}]"
e0e8c060-88c6-443d-90b3-79b1aa3da848.jpg,"[{""bbox"": [829, 105, 1061, 145], ""type"": ""handwritten"", ""text"": ""Коміс з коміс""}, {""bbox"": [206, 158, 1058, 219], ""type"": ""handwritten"", ""text"": ""Капія розмови Паліншчика Ногаловича Мі:""}, {""bbox"": [141, 220, 1065, 280], ""type"": ""handwritten"", ""text"": ""місії місійерна Госпі з Марановським Адміністрату""}, {""bbox"": [144, 281, 1059, 335], ""type"": ""handwritten"", ""text"": ""символою відділу М. Доннамером 24/IV 1919 року 6 ½ вер.""}, {""bbox"": [196, 389, 1054, 449], ""type"": ""handwritten"", ""text"": ""Железну одержав під ч. 440. По одержанню""}, {""bbox"": [145, 458, 1057, 514], ""type"": ""handwritten"", ""text"": ""телеграми всі заходи прийняти, позаяк сітой""}, {""bbox"": [145, 515, 1064, 569], ""type"": ""handwritten"", ""text"": ""місцевій з математикам і палімпсистам і мініатюрам""}, {""bbox"": [144, 567, 1039, 618], ""type"": ""handwritten"", ""text"": ""горами всего 9 часов и приходится пожилой""}, {""bbox"": [137, 628, 1080, 686], ""type"": ""handwritten"", ""text"": ""дело народным не мешаю. К саловём, то неможем""}, {""bbox"": [145, 685, 1039, 746], ""type"": ""handwritten"", ""text"": ""во мірого умоворійні, а для цього необхідно для""}, {""bbox"": [148, 745, 1042, 802], ""type"": ""handwritten"", ""text"": ""смопію гочи набісляний який-небудь захін від-""}, {""bbox"": [142, 802, 1025, 860], ""type"": ""handwritten"", ""text"": ""повідомляють призначення, тоді можна було б""}, {""bbox"": [144, 859, 1056, 918], ""type"": ""handwritten"", ""text"": ""щось зробити. Головніше вимоги, працівні і та""}, {""bbox"": [148, 921, 1029, 974], ""type"": ""handwritten"", ""text"": ""окаміччя міста Гонці, наприклад: позовгроа""}, {""bbox"": [150, 976, 1039, 1031], ""type"": ""handwritten"", ""text"": ""Був винадок в селі Війкові, де кожен 53-го літного""}, {""bbox"": [145, 1033, 1092, 1090], ""type"": ""handwritten"", ""text"": ""Калиевского палату, Голова Тхорух, мешкатель бігов-м""}, {""bbox"": [147, 1088, 1089, 1148], ""type"": ""handwritten"", ""text"": ""село Війново, на межів між з водопадом Ковальським""}, {""bbox"": [150, 1156, 1087, 1212], ""type"": ""handwritten"", ""text"": ""сокого Палу, званим повіданими по призвищу, вже""}, {""bbox"": [149, 1214, 1049, 1271], ""type"": ""handwritten"", ""text"": ""мив вчорашній виставки у мешканню майбутньої на""}, {""bbox"": [141, 1268, 1082, 1327], ""type"": ""handwritten"", ""text"": ""зов, Наталья Гармилова принимала себе Годро, злопо""}, {""bbox"": [146, 1330, 1088, 1384], ""type"": ""handwritten"", ""text"": ""Вайсейм, а для того міністр Бедемона. Становиця""}, {""bbox"": [147, 1384, 1082, 1442], ""type"": ""handwritten"", ""text"": ""поки що в гощі спопідиме. Колейним перед гощу про:""}, {""bbox"": [149, 1443, 1060, 1498], ""type"": ""handwritten"", ""text"": ""ходили різними. Були де-які випадки проходження""}, {""bbox"": [151, 1497, 1075, 1552], ""type"": ""handwritten"", ""text"": ""часівих, невідомих мені, наприклад: 25, 26, 27-Квітня""}, {""bbox"": [145, 1552, 1017, 1616], ""type"": ""handwritten"", ""text"": ""з'явившося козаки до мешканців Тони, з вірів в""}, {""bbox"": [151, 1615, 1014, 1670], ""type"": ""handwritten"", ""text"": ""особливості, вимагали конкретизацію, як правило,""}, {""bbox"": [151, 1671, 1051, 1724], ""type"": ""handwritten"", ""text"": ""мав і дялю, зрозумів погранич за невиповнення""}]"
e143dcbe-86e2-4e00-9049-3ee922c4de02.jpg,"[{""bbox"": [1190, 428, 1879, 554], ""type"": ""handwritten"", ""text"": ""Радіодиктант""}, {""bbox"": [940, 583, 2171, 692], ""type"": ""handwritten"", ""text"": ""національної єдності 2025""}, {""bbox"": [612, 694, 2504, 839], ""type"": ""printed"", ""text"": ""до Дня української писемності й мови""}, {""bbox"": [1029, 839, 1868, 968], ""type"": ""handwritten"", ""text"": ""Пчела пчели!""}, {""bbox"": [470, 965, 2411, 1121], ""type"": ""handwritten"", ""text"": ""Жити треба цікаво: читати книжки,""}, {""bbox"": [382, 1111, 2489, 1255], ""type"": ""handwritten"", ""text"": ""ходить в театр, дресувати пса Патрона""}, {""bbox"": [386, 1250, 2537, 1402], ""type"": ""handwritten"", ""text"": ""Преба пити! Не в півени, не трошки, не""}, {""bbox"": [382, 1387, 2459, 1545], ""type"": ""handwritten"", ""text"": ""завтра, не пісня. По-справжньому. Зараз.""}, {""bbox"": [376, 1538, 2558, 1699], ""type"": ""handwritten"", ""text"": ""Преба злагодити котів, збирати гриби,""}, {""bbox"": [390, 1683, 2551, 1848], ""type"": ""handwritten"", ""text"": ""взяти цугесият із фронту на \""Інтересіні\"",""}, {""bbox"": [314, 1846, 2510, 2003], ""type"": ""handwritten"", ""text"": ""робити ремонт і приносити щастя тим,""}, {""bbox"": [332, 1997, 2409, 2152], ""type"": ""handwritten"", ""text"": ""ного любвино. Преба купувати сукні з""}, {""bbox"": [327, 2161, 2575, 2310], ""type"": ""handwritten"", ""text"": ""малітками і доглядати моє військо, вину-""}, {""bbox"": [328, 2323, 2655, 2498], ""type"": ""handwritten"", ""text"": ""кувати РЕБи і генератори, а сце-нішно-""}, {""bbox"": [268, 2489, 2654, 2674], ""type"": ""handwritten"", ""text"": ""рити вгорами в мініслярії ботсаду, бо""}, {""bbox"": [258, 2669, 2758, 2860], ""type"": ""handwritten"", ""text"": ""на первый урок треба принести каштанів.""}, {""bbox"": [217, 3023, 2733, 3217], ""type"": ""handwritten"", ""text"": ""він тимчасовий і далеко від справжнього""}, {""bbox"": [193, 3211, 2782, 3411], ""type"": ""handwritten"", ""text"": ""дому, того, что в серии. Треба здравый кровь,""}, {""bbox"": [186, 3382, 2403, 3604], ""type"": ""handwritten"", ""text"": ""і, може, з нею ще в чимось серці""}]"
e260370e-ba23-56b4-ae0c-bfbda66bf49b.jpg,"[{""bbox"": [246, 374, 2740, 672], ""type"": ""handwritten"", ""text"": ""людська уважливого матеріалу, що""}, {""bbox"": [160, 631, 1863, 858], ""type"": ""handwritten"", ""text"": ""переносится в його товщі.""}, {""bbox"": [187, 819, 2446, 1063], ""type"": ""handwritten"", ""text"": ""ч. Припускають лио з поверхні""}, {""bbox"": [179, 1247, 2603, 1476], ""type"": ""handwritten"", ""text"": ""товщини, на сусідні території думи""}, {""bbox"": [232, 1445, 2549, 1657], ""type"": ""handwritten"", ""text"": ""сім'ям вітри. Вони піднімають ліси,""}, {""bbox"": [199, 1616, 2985, 1853], ""type"": ""handwritten"", ""text"": ""й сулили та розділяли їх на кілька""}, {""bbox"": [196, 1815, 3000, 2064], ""type"": ""handwritten"", ""text"": ""територіях. Знадбій таи нагромаджуванн,""}, {""bbox"": [202, 2031, 2534, 2264], ""type"": ""handwritten"", ""text"": ""потухли твои пылуватые пероди""}, {""bbox"": [200, 2241, 1923, 2481], ""type"": ""handwritten"", ""text"": ""ховтівчато ковіру-нен.""}]"
e515c8d8-423f-42c1-b997-c7a0a99841c3.jpg,"[{""bbox"": [95, 232, 490, 283], ""type"": ""handwritten"", ""text"": ""єббою на іншій планеті,""}, {""bbox"": [92, 264, 484, 331], ""type"": ""handwritten"", ""text"": ""свій улюблені, нісговинет, мірдіну, фропіографії,""}, {""bbox"": [86, 300, 532, 359], ""type"": ""handwritten"", ""text"": ""модную, фронтограмм, карточку - бо як інакше зробити?""}, {""bbox"": [87, 340, 436, 385], ""type"": ""handwritten"", ""text"": ""картиною\nвдалося б це зробити?""}, {""bbox"": [123, 371, 514, 406], ""type"": ""handwritten"", ""text"": ""Отопе дойи нион маск""}, {""bbox"": [84, 401, 509, 437], ""type"": ""handwritten"", ""text"": ""их тільки на півдні розті""}, {""bbox"": [80, 429, 561, 462], ""type"": ""handwritten"", ""text"": ""до інших світів - наперевз""}, {""bbox"": [82, 456, 533, 489], ""type"": ""handwritten"", ""text"": ""ниніжена в безпеці. Однак""}, {""bbox"": [80, 485, 568, 516], ""type"": ""handwritten"", ""text"": ""делим научовую отвердненную,""}, {""bbox"": [79, 513, 516, 542], ""type"": ""handwritten"", ""text"": ""что какие моды нарезать""}, {""bbox"": [79, 513, 515, 542], ""type"": ""handwritten"", ""text"": ""что какие моды наряжать""}, {""bbox"": [77, 539, 446, 569], ""type"": ""handwritten"", ""text"": ""зисопеушь звчаний""}, {""bbox"": [82, 566, 497, 595], ""type"": ""handwritten"", ""text"": ""народитись в послідніх""}, {""bbox"": [82, 566, 497, 595], ""type"": ""handwritten"", ""text"": ""народитись в послідніх""}, {""bbox"": [81, 592, 537, 623], ""type"": ""handwritten"", ""text"": ""условиях нове життя, що""}, {""bbox"": [81, 619, 559, 651], ""type"": ""handwritten"", ""text"": ""такие модные дитя будет""}, {""bbox"": [82, 648, 572, 679], ""type"": ""handwritten"", ""text"": ""скопее ряднее \""на злобитали""}, {""bbox"": [81, 675, 536, 706], ""type"": ""handwritten"", ""text"": ""кінематографічний образ""}, {""bbox"": [81, 703, 570, 733], ""type"": ""handwritten"", ""text"": ""желательно: з великою чоловікою.""}, {""bbox"": [80, 730, 439, 758], ""type"": ""handwritten"", ""text"": ""очима на півоболиття,""}, {""bbox"": [80, 755, 515, 789], ""type"": ""handwritten"", ""text"": ""слабители мозгов. Для""}, {""bbox"": [80, 756, 517, 787], ""type"": ""handwritten"", ""text"": ""слабители мозгов. Для""}, {""bbox"": [80, 785, 502, 817], ""type"": ""handwritten"", ""text"": ""ного, на відміну від нас,""}, {""bbox"": [79, 813, 503, 846], ""type"": ""handwritten"", ""text"": ""памі присягні відсутні""}, {""bbox"": [80, 841, 500, 877], ""type"": ""handwritten"", ""text"": ""их гортачів виборів,""}]"
e6523c4f-32ab-4b30-a2e9-3e73b3a33eb1.jpg,"[{""bbox"": [416, 11, 912, 92], ""type"": ""handwritten"", ""text"": ""Треба жити!""}, {""bbox"": [137, 84, 1612, 193], ""type"": ""handwritten"", ""text"": ""Жити треба цікаво: читати книжки, ходити в""}, {""bbox"": [58, 153, 1108, 243], ""type"": ""handwritten"", ""text"": ""театр, дресирувати Йоса Патрона.""}, {""bbox"": [127, 224, 1641, 313], ""type"": ""handwritten"", ""text"": ""Піреба житие! Не в пів сели, не тронеки, не завітря""}, {""bbox"": [99, 228, 1604, 373], ""type"": ""handwritten"", ""text"": ""Треба жити! Не в пів сели, не трошки, не завт\nе після. По-справжньому! Зараз! Треба падати""}, {""bbox"": [66, 285, 1561, 386], ""type"": ""handwritten"", ""text"": ""не після. По-справжньому! Зароз! Треба шматити""}, {""bbox"": [61, 302, 1629, 452], ""type"": ""handwritten"", ""text"": ""не після. По-справжньому! Зароз! Треба швидше котів, збирати грибів, везти ізучення з фронту""}, {""bbox"": [63, 366, 1643, 515], ""type"": ""handwritten"", ""text"": ""сотів, збирати грибів, їздити із дронту на інтересі, робити ремонт і примосити кусає""}, {""bbox"": [64, 424, 1643, 568], ""type"": ""handwritten"", ""text"": ""на інтересі, робити ремонт і примосити кусає\nтим, кого любили. Треба купувати сукні з лем'тка-""}, {""bbox"": [66, 481, 1632, 629], ""type"": ""handwritten"", ""text"": ""ним, кого любили. Преба купувати сукні з лелітка\nі донатити на військо, вимірувати РЕБи""}, {""bbox"": [53, 536, 1616, 693], ""type"": ""handwritten"", ""text"": ""ми і донатити на військо, вимкнувати РЕБи і генератори, а це непорядки вогнепальне в міт рії ботсави.""}, {""bbox"": [54, 593, 1614, 756], ""type"": ""handwritten"", ""text"": ""в генераторе, а иже непорядки вчора в між рії ботсаду, бо на перший урок треба принести калітанів.""}, {""bbox"": [57, 650, 1610, 791], ""type"": ""handwritten"", ""text"": ""рії ботсаду, бо на перший урок треба принести каштанів.""}, {""bbox"": [128, 737, 1640, 861], ""type"": ""handwritten"", ""text"": ""Преба любите свій діє, навіть, якщо вій тим-""}, {""bbox"": [129, 762, 1635, 926], ""type"": ""handwritten"", ""text"": ""Преба любите свій діє, навіть, якщо вій тим- совий і далеко від справедливого дому, того, що в серці.""}, {""bbox"": [55, 830, 1611, 978], ""type"": ""handwritten"", ""text"": ""часовий і далеко від справедливого дому, того, що в серці\nТреба здавати кров і, може з нього, ще в чималосе""}, {""bbox"": [131, 833, 1621, 940], ""type"": ""handwritten"", ""text"": ""совий і далеко від справедливого дому, того, що в серці""}, {""bbox"": [42, 863, 1588, 996], ""type"": ""handwritten"", ""text"": ""Послідній і далеко від справедливого дому, того, що в серії треба здавати кров і, може з нього, ще в чимось серії, посвяченого""}, {""bbox"": [40, 904, 1559, 1071], ""type"": ""handwritten"", ""text"": ""перва здавати кров і, моте з нього, ще в чимало\nсерії, посміється любов до сілів: добіру пітетко\nчи кияхі.""}, {""bbox"": [60, 998, 387, 1064], ""type"": ""handwritten"", ""text"": ""чи, княже.""}, {""bbox"": [53, 1066, 1543, 1238], ""type"": ""handwritten"", ""text"": ""Гріба цілуватися, коли випадає молода і\nказати те, що на думці. Немає часу на пів""}, {""bbox"": [38, 1144, 1564, 1313], ""type"": ""handwritten"", ""text"": ""мудріше те, що на думці. Немає часу на пів\nтонні. Матеріальне крихке підмете тікає кри\nпояснені. Справжнім""}, {""bbox"": [44, 1203, 1602, 1380], ""type"": ""handwritten"", ""text"": ""нане. Матеріальне крише підмете тікає крізь\nповерхі. Справжнім виявившось тільки те, за що\nне мотна скопити""}, {""bbox"": [44, 1257, 1593, 1419], ""type"": ""handwritten"", ""text"": ""наявні'. Справді, виявившись тільки те, за що\nлюбов,""}, {""bbox"": [40, 1290, 1571, 1459], ""type"": ""handwritten"", ""text"": ""не можна схопитись рукою: спогади, синіх і""}, {""bbox"": [55, 1362, 245, 1418], ""type"": ""handwritten"", ""text"": ""члобов.""}, {""bbox"": [168, 1425, 1582, 1590], ""type"": ""handwritten"", ""text"": ""Ще треба підкачати, коли можеться. За все те\nчікolem б не мало з нами статися. За те""}, {""bbox"": [139, 1461, 1571, 1599], ""type"": ""handwritten"", ""text"": ""де треба підсати, кому можеться. За все т\nнікому б не мало з нами статися. За те.\nми не тільки зна""}, {""bbox"": [44, 1503, 1619, 1674], ""type"": ""handwritten"", ""text"": ""що ніколи б не мало з нами статися. За те,\nщо ми не тільки знають, як пишеться далеко-\nбійний дрон або балістична""}, {""bbox"": [36, 1573, 1620, 1743], ""type"": ""handwritten"", ""text"": ""про це не тільки змінно, як пишеться далеко-\nбійній дрон або балістична ракета, а й розрізня\nїх на сиру.""}, {""bbox"": [41, 1663, 407, 1737], ""type"": ""handwritten"", ""text"": ""їх на смерт.""}, {""bbox"": [154, 1691, 1647, 1840], ""type"": ""handwritten"", ""text"": ""на смерт. Росіяни хочуть, щоб ми стали скопіювані на них, синіми, і віні""}, {""bbox"": [145, 1728, 1640, 1899], ""type"": ""handwritten"", ""text"": ""Росіяни хочуть, щоб ми стали схопленими на них, синіми у вічній гризоті; А ми будемо""}, {""bbox"": [57, 1799, 1566, 1963], ""type"": ""handwritten"", ""text"": ""на них, синіли у вічній ередоті. А ми будемо писати укаво, відверег історії і зокради тих, хто після нас говорив.""}, {""bbox"": [58, 1862, 1485, 2029], ""type"": ""handwritten"", ""text"": ""жити укаво, всупереч історії і заради тих хто після нас говоритиме нашею мовою!""}, {""bbox"": [56, 1912, 1470, 2040], ""type"": ""handwritten"", ""text"": ""хто після нас говоритиме наменою мовою!""}]"
e69f5074-9919-5692-84c0-dece835711cf.jpg,"[{""bbox"": [265, 1801, 1284, 1929], ""type"": ""handwritten"", ""text"": ""у-(вже був у цьому реченні)""}, {""bbox"": [261, 1924, 2114, 2048], ""type"": ""handwritten"", ""text"": ""зреления: а-молочник, сурядный, промежуточный""}, {""bbox"": [605, 2047, 2432, 2173], ""type"": ""handwritten"", ""text"": ""но-прийняними, дрібно з їх давальною відмінкою""}, {""bbox"": [246, 2180, 1985, 2303], ""type"": ""handwritten"", ""text"": ""членення, що - сполучник, підрядний, однини,ний.""}, {""bbox"": [235, 2339, 1325, 2426], ""type"": ""handwritten"", ""text"": ""5 речения: на + приименних""}, {""bbox"": [647, 2451, 2505, 2579], ""type"": ""handwritten"", ""text"": ""в - прийменник, уживати з ім. давальнао відчиму.""}, {""bbox"": [649, 2587, 2192, 2713], ""type"": ""handwritten"", ""text"": ""і - сполучник, вдальний, повнорозмовний.""}, {""bbox"": [642, 2730, 1757, 2873], ""type"": ""handwritten"", ""text"": ""в світі був у цьому реченні)""}, {""bbox"": [224, 2858, 2588, 2997], ""type"": ""handwritten"", ""text"": ""в реченні. в - прийменник, уміння з ім. давальна відмінку""}, {""bbox"": [607, 2991, 2511, 3150], ""type"": ""handwritten"", ""text"": ""із-прийняттями, уміто з їх родовою відмінною.""}]"
e9fa0cd8-b978-4dd4-bd09-44743b29fb40.jpg,"[{""bbox"": [21, 9, 270, 97], ""type"": ""handwritten"", ""text"": ""Завдання 3""}, {""bbox"": [24, 86, 635, 159], ""type"": ""handwritten"", ""text"": ""Вид товару: склянка для пиття""}, {""bbox"": [16, 106, 999, 212], ""type"": ""handwritten"", ""text"": ""Вид Товару: скрепка для пчел\nКраса фікавчий ознаки: росуд подбутового користування.""}, {""bbox"": [16, 112, 1017, 296], ""type"": ""handwritten"", ""text"": ""15ид Товару: склянка для пічі\nКраса фікційні ознаки: росуд побутового користування.\nСировинний склад: звичайне (потрієво-хамчієве) скло""}, {""bbox"": [16, 119, 1030, 306], ""type"": ""handwritten"", ""text"": ""Вид товару: спільна для пита\nКраєві фіксаційні ознаки: росід подвійного користування\nСировинний склад: з виглядом (потрієво-хальчівськ) екто\nвиглядвання""}, {""bbox"": [17, 241, 1625, 494], ""type"": ""handwritten"", ""text"": ""виробничих споруд\nспосіб подачування: видування\nспосіб оздоблення: залізобетонні ліхтари з відруками у вигляді листя на зовнішніх поверхнях, ліхтари оздоблені, в халодильному стіні\nпереваги: легко вога, прозора, ліхтари декоративні оздоблені, універсальні, низька собівартість, термостійка, відсутні ручки, може створювати""}, {""bbox"": [14, 244, 1625, 500], ""type"": ""handwritten"", ""text"": ""віддівння\nспосіб оздоблення: зчитування (ткебурдними методами) з віддівками у вигляді листя на зовнішній поверхні, листове оздоблення, в халоджесу стіни\nпереваги: легко вога, прозорі, листове декоративне оздоблення, універсальна, низька собівартість, міцність, термостійка, відсутні руки, міцні стіроповідні""}, {""bbox"": [11, 358, 1640, 594], ""type"": ""handwritten"", ""text"": ""Спосіб оздоблення: в халодильнику стіни, інтер'єри, візьми світло.\nПереваги: легко вога, прозорі, матове декоративне оздоблення, відсутні руки, може стирою\nНедоліки: присутні дефекти, крихкість, і термостійка, відсутні руки, може стирою""}, {""bbox"": [13, 422, 1651, 667], ""type"": ""handwritten"", ""text"": ""Переваги: мелі вога, прозора, маловага\nВаді: присудні дефекти, крихкість, не термостійка, віддає рука, міцні страви\nНедоліки: присудні дефекти, крихкість, не термостійка\nдекор, не термостійка\n900""}, {""bbox"": [1018, 535, 1177, 664], ""type"": ""annotation"", ""text"": ""дос""}, {""bbox"": [26, 566, 479, 650], ""type"": ""handwritten"", ""text"": ""декор, не теряя стиля""}]"
eac9632e-5e52-5c5d-bdc2-89e51f84e7b9.jpg,"[{""bbox"": [546, 30, 2250, 207], ""type"": ""handwritten"", ""text"": ""Домашняя работа""}, {""bbox"": [26, 185, 2757, 379], ""type"": ""handwritten"", ""text"": ""Живенько стуков в тибку""}, {""bbox"": [26, 189, 2741, 495], ""type"": ""handwritten"", ""text"": ""Живьно іграшок в тілку\nбететепе, як сон, зітосвий.""}, {""bbox"": [24, 296, 2744, 502], ""type"": ""handwritten"", ""text"": ""бетонные, как сон, зіт>світня.""}, {""bbox"": [14, 448, 2779, 642], ""type"": ""handwritten"", ""text"": ""Погляди збільшить, поменше утім.""}, {""bbox"": [6, 537, 2793, 781], ""type"": ""handwritten"", ""text"": ""Розглядається функція, яка визначена на множині дійсних чисел.""}, {""bbox"": [11, 744, 2752, 942], ""type"": ""handwritten"", ""text"": ""золотому, як-точні, думати і. Пів""}, {""bbox"": [3, 830, 2904, 1091], ""type"": ""handwritten"", ""text"": ""небо охопила перукою, загріли,""}, {""bbox"": [11, 1052, 2926, 1263], ""type"": ""handwritten"", ""text"": ""дочь мв, як із відро. /дивитися""}, {""bbox"": [1, 1080, 2884, 1402], ""type"": ""handwritten"", ""text"": ""домів мів, як із відповіддю, і дивитися місць на землю, де в центрі""}, {""bbox"": [0, 1204, 2898, 1555], ""type"": ""handwritten"", ""text"": ""лідьо на землю, де вченим\nнемов у фонті, іде він. Моя люб""}, {""bbox"": [9, 1333, 2988, 1560], ""type"": ""handwritten"", ""text"": ""немов у фоті, іде весна. Моя люба""}, {""bbox"": [0, 1361, 2903, 1727], ""type"": ""handwritten"", ""text"": ""немов у фоті, ще весна. Моя люб\nдір може, що оліхнити не м""}, {""bbox"": [8, 1512, 2993, 1882], ""type"": ""handwritten"", ""text"": ""дур меже, що описано не може\nПриродно вистояти 90 слів""}, {""bbox"": [0, 1668, 3003, 2043], ""type"": ""handwritten"", ""text"": ""Природою вустоми до слово мов до стилого зруйн роким. З мі""}, {""bbox"": [1, 1955, 3008, 2227], ""type"": ""handwritten"", ""text"": ""у в ней, як підголот, бездумного""}, {""bbox"": [0, 2179, 1683, 2430], ""type"": ""handwritten"", ""text"": ""митося у селі.""}]"
eba13384-0d28-4bf2-8960-f17486a092d5.jpg,"[{""bbox"": [52, 270, 549, 330], ""type"": ""handwritten"", ""text"": ""запах паперу-будують невідомі.""}, {""bbox"": [50, 292, 537, 362], ""type"": ""handwritten"", ""text"": ""запах памперу - будущее исчезло\nось, наверно, все же морг""}, {""bbox"": [53, 336, 536, 390], ""type"": ""handwritten"", ""text"": ""і запашую їра електроної""}, {""bbox"": [54, 383, 217, 415], ""type"": ""handwritten"", ""text"": ""кислород!""}, {""bbox"": [80, 404, 474, 441], ""type"": ""handwritten"", ""text"": ""вле и це не спрашиваю,""}, {""bbox"": [51, 431, 518, 471], ""type"": ""handwritten"", ""text"": ""лависе - читати, і не підк""}, {""bbox"": [53, 463, 489, 499], ""type"": ""handwritten"", ""text"": ""воти́льно з місця́, пові́в. Зо""}, {""bbox"": [58, 492, 553, 525], ""type"": ""handwritten"", ""text"": ""ниспели - це знання й емоції,""}, {""bbox"": [57, 516, 561, 555], ""type"": ""handwritten"", ""text"": ""які на відміну від щоденного""}, {""bbox"": [57, 550, 401, 581], ""type"": ""handwritten"", ""text"": ""помощь інформації""}, {""bbox"": [56, 575, 454, 610], ""type"": ""handwritten"", ""text"": ""зашивалопів з нами""}, {""bbox"": [61, 605, 200, 646], ""type"": ""handwritten"", ""text"": ""народного.""}]"
ebcb201e-e897-53c7-b5f7-5024a33ed378.jpg,"[{""bbox"": [22, 62, 1854, 180], ""type"": ""handwritten"", ""text"": ""розвивати емоційну відчутність, навички""}, {""bbox"": [16, 190, 1827, 316], ""type"": ""handwritten"", ""text"": ""на вищій тенденції залізниць на східному та""}, {""bbox"": [8, 329, 664, 410], ""type"": ""handwritten"", ""text"": ""Київська Земля.""}, {""bbox"": [21, 451, 1939, 590], ""type"": ""handwritten"", ""text"": ""Більша частина двигунів на Землі є теплові.""}, {""bbox"": [0, 587, 623, 725], ""type"": ""handwritten"", ""text"": ""мм фильтрации.""}, {""bbox"": [0, 717, 1914, 856], ""type"": ""handwritten"", ""text"": ""Понад 80% усієї енергії в нашій країні""}, {""bbox"": [2, 867, 1719, 981], ""type"": ""handwritten"", ""text"": ""виробляються на теплових електростанціях.""}, {""bbox"": [16, 998, 1324, 1121], ""type"": ""handwritten"", ""text"": ""Рівень зафіксовання антисерумів:""}, {""bbox"": [20, 1131, 715, 1247], ""type"": ""handwritten"", ""text"": ""- вугілля = 100%""}, {""bbox"": [16, 1261, 674, 1373], ""type"": ""handwritten"", ""text"": ""- магн. = 60%""}, {""bbox"": [17, 1384, 892, 1507], ""type"": ""handwritten"", ""text"": ""- цифровий паз = 29%""}, {""bbox"": [44, 1522, 823, 1634], ""type"": ""handwritten"", ""text"": ""Виды задержания.""}, {""bbox"": [14, 1654, 444, 1731], ""type"": ""handwritten"", ""text"": ""١: میشیم؛""}, {""bbox"": [17, 1778, 1229, 1902], ""type"": ""handwritten"", ""text"": ""• поксичне забруднення навітря;""}, {""bbox"": [16, 1907, 1146, 2012], ""type"": ""handwritten"", ""text"": ""• неизвестное заблуждение идёт;""}, {""bbox"": [0, 1997, 1777, 2169], ""type"": ""handwritten"", ""text"": ""• токсичне забруднення рідин та водних від""}, {""bbox"": [101, 2177, 707, 2278], ""type"": ""handwritten"", ""text"": ""живу навиба)""}, {""bbox"": [1, 2279, 1628, 2416], ""type"": ""handwritten"", ""text"": ""• звукове забруднення від автотранспорту;""}, {""bbox"": [27, 2415, 1742, 2543], ""type"": ""handwritten"", ""text"": ""• економічні проблеми використання теплових""}, {""bbox"": [106, 2546, 733, 2657], ""type"": ""handwritten"", ""text"": ""авилців на ТЕС.""}]"
edd41178-78ed-5e89-bf38-d152db0b3e59.jpg,"[{""bbox"": [212, 263, 2544, 435], ""type"": ""handwritten"", ""text"": ""тожливість аніліну. Широко застосовується""}, {""bbox"": [224, 436, 2526, 617], ""type"": ""handwritten"", ""text"": ""у дарбуванні бавовняних тканин, хутра.""}, {""bbox"": [343, 610, 2576, 763], ""type"": ""handwritten"", ""text"": ""Бриліантовий зелений використовується""}, {""bbox"": [259, 771, 2522, 946], ""type"": ""handwritten"", ""text"": ""як барвник для бавовни, шовку, паперу,""}, {""bbox"": [241, 948, 2434, 1107], ""type"": ""handwritten"", ""text"": ""деревини (барвник малостійкий до дії""}, {""bbox"": [258, 1105, 2513, 1266], ""type"": ""handwritten"", ""text"": ""світла та вологих обробок). В медицині""}, {""bbox"": [253, 1269, 2527, 1458], ""type"": ""handwritten"", ""text"": ""розчин бриліантового зеленого викорис-""}, {""bbox"": [255, 1478, 2355, 1623], ""type"": ""handwritten"", ""text"": ""повується у якості антиаритмічного""}, {""bbox"": [254, 1648, 1317, 1794], ""type"": ""handwritten"", ""text"": ""лікарського заходу.""}, {""bbox"": [379, 1800, 2517, 1950], ""type"": ""handwritten"", ""text"": ""Метиліновий синій застосовується""}, {""bbox"": [252, 1963, 2569, 2163], ""type"": ""handwritten"", ""text"": ""для фарбування бавовни, шерсті, шовку""}, {""bbox"": [271, 2152, 2483, 2312], ""type"": ""handwritten"", ""text"": ""в яскраво-білочиткому колір, але фарба""}, {""bbox"": [282, 2322, 2436, 2502], ""type"": ""handwritten"", ""text"": ""слабостійкі до світла. Метиленовий""}, {""bbox"": [277, 2498, 2518, 2670], ""type"": ""handwritten"", ""text"": ""синій використовується в якості акти-""}, {""bbox"": [277, 2678, 2695, 2869], ""type"": ""handwritten"", ""text"": ""септика, ахтидота при отруєнні цианідами.""}, {""bbox"": [262, 2866, 1963, 3063], ""type"": ""handwritten"", ""text"": ""чарним газом та сірководним.""}]"
eed1b246-adc9-5e9a-9ff8-f4d5122c5552.jpg,"[{""bbox"": [974, 149, 1734, 318], ""type"": ""handwritten"", ""text"": ""Трете квітня""}, {""bbox"": [935, 300, 1964, 456], ""type"": ""handwritten"", ""text"": ""Досланий робота""}, {""bbox"": [1340, 441, 1874, 602], ""type"": ""handwritten"", ""text"": ""Вправа 445""}, {""bbox"": [349, 565, 2906, 749], ""type"": ""handwritten"", ""text"": ""Верба - одне з найпоширеніших дерев в Україні""}, {""bbox"": [208, 727, 2920, 892], ""type"": ""handwritten"", ""text"": ""одне із натуральних в народі. Нема басадасува-""}, {""bbox"": [189, 877, 2864, 1048], ""type"": ""handwritten"", ""text"": ""ри ставки, береги рівок, дороги і в цьому намі""}, {""bbox"": [193, 1029, 2911, 1198], ""type"": ""handwritten"", ""text"": ""нредки багати безпосередню господарську діяльність""}, {""bbox"": [192, 1165, 2955, 1329], ""type"": ""handwritten"", ""text"": ""ність: верби укріплюють береги, стрибають зеу-""}, {""bbox"": [188, 1311, 2814, 1482], ""type"": ""handwritten"", ""text"": ""ви, а в посилливих відсувостях зупиняють""}, {""bbox"": [189, 1461, 2956, 1643], ""type"": ""handwritten"", ""text"": ""ніщо не заноси. У всіх сейсмостах України""}, {""bbox"": [164, 1629, 2930, 1792], ""type"": ""handwritten"", ""text"": ""кожев були пошкоджені тільки із верболозу а""}, {""bbox"": [150, 1774, 2821, 1948], ""type"": ""handwritten"", ""text"": ""то й вербовий животнім. Згадаймо пісanne""}, {""bbox"": [162, 1934, 2997, 2110], ""type"": ""handwritten"", ""text"": ""В кінці греблі сидять верби, що я посадила.""}, {""bbox"": [122, 2085, 3005, 2270], ""type"": ""handwritten"", ""text"": ""До речі, для цього достатньо вбити в ціллю вер-""}, {""bbox"": [94, 2255, 2974, 2446], ""type"": ""handwritten"", ""text"": ""бовий кілок ти пруток. Звигай насаджувати""}, {""bbox"": [125, 2413, 2498, 2595], ""type"": ""handwritten"", ""text"": ""верби відомий із глибокої давнини.""}, {""bbox"": [204, 2578, 3037, 2786], ""type"": ""handwritten"", ""text"": ""Народна елітдрість давно зауважена: де рос-""}, {""bbox"": [96, 2770, 3066, 2967], ""type"": ""handwritten"", ""text"": ""туть верби, таєм гисті джерела води, вій у полі""}, {""bbox"": [84, 2942, 3091, 3123], ""type"": ""handwritten"", ""text"": ""вербівенька таєм стояла криківенька. Або: Аї""}, {""bbox"": [50, 3113, 3033, 3318], ""type"": ""handwritten"", ""text"": ""на городі під вербою стоїть коподез із водою.""}, {""bbox"": [149, 3300, 3054, 3524], ""type"": ""handwritten"", ""text"": ""Верба над ставом - традициона прикмета.""}, {""bbox"": [53, 3498, 1203, 3716], ""type"": ""handwritten"", ""text"": ""українського села.""}]"
ef80bd7e-eca7-5bab-9d19-d417a099de80.jpg,"[{""bbox"": [798, 476, 2205, 641], ""type"": ""handwritten"", ""text"": ""Гастиумо. Заводові шетки""}, {""bbox"": [594, 605, 1988, 789], ""type"": ""handwritten"", ""text"": ""практична робота №6""}, {""bbox"": [610, 744, 2548, 934], ""type"": ""handwritten"", ""text"": ""Розвиток етапів вибіркової харчових""}, {""bbox"": [0, 839, 375, 948], ""type"": ""handwritten"", ""text"": ""име, что""}, {""bbox"": [480, 1858, 2577, 2009], ""type"": ""handwritten"", ""text"": ""1. 1) Фробеніус (послідовне множення подіб""}, {""bbox"": [1, 1908, 382, 2036], ""type"": ""handwritten"", ""text"": ""многого.""}, {""bbox"": [465, 2024, 2465, 2167], ""type"": ""handwritten"", ""text"": ""зином або нафтепродуктами (заповнення)""}, {""bbox"": [0, 2075, 331, 2189], ""type"": ""handwritten"", ""text"": ""тттт,""}, {""bbox"": [576, 2178, 1420, 2322], ""type"": ""handwritten"", ""text"": ""Проблема жизни""}, {""bbox"": [0, 2250, 304, 2359], ""type"": ""handwritten"", ""text"": ""д, але""}, {""bbox"": [504, 2341, 1135, 2509], ""type"": ""handwritten"", ""text"": ""2) <a>ствулянія""}, {""bbox"": [485, 2499, 1292, 2669], ""type"": ""handwritten"", ""text"": ""3) Стадія нейвізм""}, {""bbox"": [492, 2672, 2175, 2826], ""type"": ""handwritten"", ""text"": ""4) вкажи назву й орфоепією.""}, {""bbox"": [440, 2819, 2627, 2986], ""type"": ""handwritten"", ""text"": ""в. Екінадүні, нервово, кітни, орфи.""}, {""bbox"": [485, 2993, 2635, 3168], ""type"": ""handwritten"", ""text"": ""елементи орнаменту, зовнішній""}, {""bbox"": [456, 3162, 2742, 3333], ""type"": ""handwritten"", ""text"": ""мов поквідів (енідеміс міхів) та міхей""}, {""bbox"": [441, 3335, 2508, 3518], ""type"": ""handwritten"", ""text"": ""заходи, передбачені в задачі несвідомо, зовнішнім""}, {""bbox"": [438, 3509, 2007, 3674], ""type"": ""handwritten"", ""text"": ""забо зимоворних тацо.""}]"
f0070b31-c35d-56ca-8176-27b8d3c7247c.jpg,"[{""bbox"": [339, 36, 2959, 311], ""type"": ""handwritten"", ""text"": ""відкрив нові можливості для""}, {""bbox"": [341, 256, 3205, 550], ""type"": ""handwritten"", ""text"": ""дослідження. NASA. Вважається""}, {""bbox"": [340, 272, 3129, 719], ""type"": ""handwritten"", ""text"": ""фосфолипидов. МАСТ, образуется\nПомимо олигопептида (БСА) и""}, {""bbox"": [338, 444, 3094, 736], ""type"": ""handwritten"", ""text"": ""ποια στα ναυάγια (ΕΣΑ) πιο""}, {""bbox"": [321, 506, 2951, 901], ""type"": ""handwritten"", ""text"": ""100% 100% (ESA) / и\nКлимат ослабляет промыслов""}, {""bbox"": [303, 651, 3071, 1045], ""type"": ""handwritten"", ""text"": ""Жили-были три брата: первый, второй, третий.""}, {""bbox"": [300, 819, 3244, 1113], ""type"": ""handwritten"", ""text"": ""ряду программных поводов""}, {""bbox"": [294, 861, 3294, 1314], ""type"": ""handwritten"", ""text"": ""последствиями проработки повязки\nзабыли вчера, Морча""}, {""bbox"": [291, 1023, 3304, 1333], ""type"": ""handwritten"", ""text"": ""заболели лице, морщ""}, {""bbox"": [298, 1273, 3154, 1530], ""type"": ""handwritten"", ""text"": ""смороков, лесороги, пожары,""}, {""bbox"": [312, 1694, 2534, 1924], ""type"": ""handwritten"", ""text"": ""мотивной сюжетной""}, {""bbox"": [520, 1890, 3468, 2169], ""type"": ""handwritten"", ""text"": ""Майбутнє посилових перебоїв""}, {""bbox"": [248, 2141, 3114, 2362], ""type"": ""handwritten"", ""text"": ""можливість польоту іншої""}, {""bbox"": [239, 2349, 3074, 2579], ""type"": ""handwritten"", ""text"": ""может, любовь её мучает.""}, {""bbox"": [246, 2554, 3448, 2842], ""type"": ""handwritten"", ""text"": ""Крім того, розвинені небільші""}, {""bbox"": [251, 2788, 3046, 3085], ""type"": ""handwritten"", ""text"": ""многих, зоирело у сроп.""}, {""bbox"": [213, 3033, 3216, 3329], ""type"": ""handwritten"", ""text"": ""протору, шопросузльно ша""}, {""bbox"": [201, 3265, 3237, 3535], ""type"": ""handwritten"", ""text"": ""имитного снимку, провівши су""}, {""bbox"": [181, 3494, 3336, 3811], ""type"": ""handwritten"", ""text"": ""своей личной освободительной""}, {""bbox"": [159, 3702, 3165, 4066], ""type"": ""handwritten"", ""text"": ""противу нія розрізни його""}, {""bbox"": [135, 3936, 3451, 4358], ""type"": ""handwritten"", ""text"": ""попугаю дія існує та сьогодні""}, {""bbox"": [144, 4339, 1022, 4603], ""type"": ""handwritten"", ""text"": ""вдквому""}]"
f14bd99f-f4c6-4104-a8cb-7c7cc4885c9c.jpg,"[{""bbox"": [149, 202, 488, 236], ""type"": ""handwritten"", ""text"": ""Внимание книжковой серии""}, {""bbox"": [96, 235, 519, 278], ""type"": ""handwritten"", ""text"": ""Наприклад, минулого тисячоліття""}, {""bbox"": [54, 305, 508, 346], ""type"": ""handwritten"", ""text"": ""\""Невже електронні мосії\"" вистілять""}, {""bbox"": [55, 344, 457, 382], ""type"": ""handwritten"", ""text"": ""традиційну кмітливу?\"" Якоб коли""}, {""bbox"": [57, 376, 537, 416], ""type"": ""handwritten"", ""text"": ""Огюст Роджине написала \""Гаррі Пот-""}, {""bbox"": [51, 410, 532, 453], ""type"": ""handwritten"", ""text"": ""торибі її серія романів розійшлася""}, {""bbox"": [52, 446, 523, 487], ""type"": ""handwritten"", ""text"": ""стоматологические папоротники каких""}, {""bbox"": [39, 484, 457, 517], ""type"": ""handwritten"", ""text"": ""дами, це питання втратило свою""}, {""bbox"": [53, 515, 173, 549], ""type"": ""handwritten"", ""text"": ""госпірату.""}, {""bbox"": [109, 546, 514, 587], ""type"": ""handwritten"", ""text"": ""Свогочасні більш-менш зрозуміло, що""}, {""bbox"": [48, 584, 489, 620], ""type"": ""handwritten"", ""text"": ""електронні носії, принаймні поки що,""}, {""bbox"": [48, 616, 509, 654], ""type"": ""handwritten"", ""text"": ""не снабряются кардинальной застройки па-""}, {""bbox"": [47, 650, 504, 686], ""type"": ""handwritten"", ""text"": ""перовыми княжками. Гре́те, з'явилися""}, {""bbox"": [53, 684, 471, 721], ""type"": ""handwritten"", ""text"": ""вони не випадково. Згадаю, ще Бог""}, {""bbox"": [55, 715, 512, 755], ""type"": ""handwritten"", ""text"": ""так готує нас до даліших мандрівок.""}, {""bbox"": [56, 718, 512, 755], ""type"": ""handwritten"", ""text"": ""так готує нас до даліших мандрівок.""}, {""bbox"": [60, 749, 510, 790], ""type"": ""handwritten"", ""text"": ""це він підсунув нам годжкати, щоб ми""}, {""bbox"": [43, 784, 501, 826], ""type"": ""handwritten"", ""text"": ""зможли кольсь забрати з собою на""}]"
f1df90d1-a5c8-4ef4-8a37-568c1484bd3f.jpg,"[{""bbox"": [92, 39, 331, 82], ""type"": ""formula"", ""text"": ""3. \\mathrm{Na} \\rightarrow \\mathrm{NaOH}""}, {""bbox"": [120, 94, 535, 140], ""type"": ""formula"", ""text"": ""$$2 N a + 2 H _ { 2 } O \\rightarrow 2 N a O H + H _ { 2 }$$""}, {""bbox"": [126, 165, 412, 211], ""type"": ""handwritten"", ""text"": ""тип-зависимое""}, {""bbox"": [127, 229, 306, 271], ""type"": ""formula"", ""text"": ""$O B P - m u k$""}, {""bbox"": [854, 261, 1028, 418], ""type"": ""annotation"", ""text"": ""±20℃.""}, {""bbox"": [126, 303, 356, 356], ""type"": ""formula"", ""text"": ""NaOH \\rightarrow NaCl""}, {""bbox"": [125, 371, 552, 431], ""type"": ""formula"", ""text"": ""$$N a O H + H C l \\rightarrow N a C l + H _ { 2 } O$$""}, {""bbox"": [224, 426, 299, 463], ""type"": ""annotation"", ""text"": ""/но_think""}, {""bbox"": [125, 455, 364, 501], ""type"": ""handwritten"", ""text"": ""nrun - ordering""}, {""bbox"": [129, 516, 268, 561], ""type"": ""formula"", ""text"": ""\\partial B P - n 1""}, {""bbox"": [139, 555, 664, 644], ""type"": ""formula"", ""text"": ""$$\\mathrm { N a C l } + \\mathrm { A g N O _ { 3 } } \\rightarrow \\mathrm { N a N O _ { 3 } } + \\mathrm { A g C l } \\downarrow$$""}, {""bbox"": [220, 633, 292, 673], ""type"": ""annotation"", ""text"": ""дом.""}, {""bbox"": [158, 650, 348, 706], ""type"": ""handwritten"", ""text"": ""mon-oduitry""}, {""bbox"": [162, 774, 446, 827], ""type"": ""formula"", ""text"": ""$$\\mathrm { N a N O _ { 3 } \\rightarrow N a N O _ { 2 } }$$""}, {""bbox"": [153, 843, 536, 900], ""type"": ""formula"", ""text"": ""$$2 \\mathrm { N a N O } _ { 3 } \\xrightarrow { \\Delta } \\mathrm { N a } _ { 2 } \\mathrm { O } _ { 2 } + \\mathrm { O } _ { 2 }$$""}, {""bbox"": [391, 900, 481, 962], ""type"": ""annotation"", ""text"": ""/но_think""}, {""bbox"": [157, 906, 468, 961], ""type"": ""handwritten"", ""text"": ""нап-розіс.2022.даний""}, {""bbox"": [160, 974, 352, 1016], ""type"": ""formula"", ""text"": ""Обр-мак""}, {""bbox"": [655, 1007, 935, 1173], ""type"": ""annotation"", ""text"": "") (р) ч] споружения""}, {""bbox"": [148, 1008, 745, 1094], ""type"": ""formula"", ""text"": ""$$\\mathrm { Z n ( O H ) _ { 2 } + 2 N a O H \\rightarrow N a _ { 2 } [ Z n ( O H ) _ { 4 } ] }$$""}, {""bbox"": [654, 1024, 936, 1195], ""type"": ""annotation"", ""text"": ""споручения""}, {""bbox"": [155, 1090, 614, 1162], ""type"": ""handwritten"", ""text"": ""тип - комплекс соутворенное""}, {""bbox"": [158, 1167, 299, 1219], ""type"": ""formula"", ""text"": ""OBP-\\mu l""}, {""bbox"": [116, 1235, 580, 1302], ""type"": ""formula"", ""text"": ""4) \\cdot \\pi p o n e u o e - 1 \\rightarrow \\pi p o n i \\lambda e x""}, {""bbox"": [142, 1276, 761, 1365], ""type"": ""formula"", ""text"": ""$$\\mathrm{CH}_{3} \\mathrm{CH}_{2} \\mathrm{CH}_{2} \\mathrm{OH} \\xrightarrow{\\mathrm{H}_{2} \\mathrm{SO}_{4}} \\mathrm{CH}_{3} \\mathrm{CH}=\\mathrm{CH}_{2} \\uparrow$$""}, {""bbox"": [793, 1334, 1357, 1595], ""type"": ""annotation"", ""text"": ""сірунгурті\nфрефмурт? ± 180""}, {""bbox"": [790, 1335, 1231, 1593], ""type"": ""annotation"", ""text"": ""структури формули? ±""}, {""bbox"": [92, 1364, 630, 1437], ""type"": ""handwritten"", ""text"": ""5 изобутилена (2 метилпропен)""}, {""bbox"": [167, 1448, 427, 1508], ""type"": ""formula"", ""text"": ""CH_{2}=C(CN_{3})_{2}""}, {""bbox"": [157, 1512, 551, 1571], ""type"": ""handwritten"", ""text"": ""3 летия - 1-бутилова""}, {""bbox"": [161, 1574, 692, 1651], ""type"": ""formula"", ""text"": ""CH_3-CH(CH_3)-CH_2-CH_2OH""}]"
f226ebaf-5816-4af8-9cc8-0dc76b195291.jpg,"[{""bbox"": [209, 30, 419, 123], ""type"": ""handwritten"", ""text"": ""x N2""}, {""bbox"": [208, 128, 1341, 248], ""type"": ""handwritten"", ""text"": ""За рікок дерновою кульцею є одним із""}, {""bbox"": [73, 210, 1521, 323], ""type"": ""handwritten"", ""text"": ""найважливіших селеннях в аграрному секторі, який""}, {""bbox"": [68, 297, 1628, 420], ""type"": ""handwritten"", ""text"": ""визначає рівень криводовольчої безпеки як окремих проїз""}, {""bbox"": [64, 399, 1528, 594], ""type"": ""handwritten"", ""text"": ""мок і світну в гілку. По ожовких деревах відьмур\nнелепоти між ними куруд зо реч, сялінь, непо, обес.""}, {""bbox"": [61, 472, 1532, 600], ""type"": ""handwritten"", ""text"": ""нелепоты ни емь, кукурузу, зерно, сало, молоко, овес.""}, {""bbox"": [58, 495, 1602, 681], ""type"": ""handwritten"", ""text"": ""насільни м'ясних, курячої, риб, овочів, цитрусів, овочів. Їх виробництво, експорт і споживання є стратегічно важливими для забезпечення стабіліт""}, {""bbox"": [57, 572, 1448, 750], ""type"": ""handwritten"", ""text"": ""во виробництво, експорт; спонування є стратегічно важливим для розвитку стабільності; продовольчої системи,""}, {""bbox"": [56, 643, 1449, 815], ""type"": ""handwritten"", ""text"": ""де робота чене стабільності, продовольчої системи, Супіністів щодо ринку полегшоє в глобальному обміні""}, {""bbox"": [54, 699, 1454, 820], ""type"": ""handwritten"", ""text"": ""Сертифікати цього ринку почали продаватись систем, в підбільському обміні""}, {""bbox"": [56, 754, 1640, 877], ""type"": ""handwritten"", ""text"": ""сільськогосподарської продукції: між органами - споживачами""}, {""bbox"": [54, 843, 1433, 943], ""type"": ""handwritten"", ""text"": ""Спрукутро річки формуються під впливом межі""}, {""bbox"": [53, 918, 1459, 1010], ""type"": ""handwritten"", ""text"": ""чників ок обсяги виробництва, аграрн технолоґ""}, {""bbox"": [50, 969, 1545, 1076], ""type"": ""handwritten"", ""text"": ""огі ла иничи, усева, дертовна колімка, рівень спотивом""}, {""bbox"": [46, 994, 1430, 1152], ""type"": ""handwritten"", ""text"": ""від машини, усова, деревна колішко, рівень спот артиспортично логістика. Замінна деревова ренту до правовий""}, {""bbox"": [35, 1055, 1489, 1226], ""type"": ""handwritten"", ""text"": ""афрансиорично лочісних. Зачечки деревових ранку да\nпродовольно, бедреки колегос в зобезпечени дослуп""}, {""bbox"": [28, 1115, 1518, 1230], ""type"": ""handwritten"", ""text"": ""продовольчо; беднки полегло в добернення доступу""}, {""bbox"": [30, 1139, 1563, 1294], ""type"": ""handwritten"", ""text"": ""продовольчо, беднки колегос в забезпеченн доступу\nпоселен до основно продуктів харчових, формувати""}, {""bbox"": [33, 1199, 1447, 1371], ""type"": ""handwritten"", ""text"": ""населення до основного продуктів харчування, формування стабільності та зниження ризику голоду""}, {""bbox"": [36, 1219, 1411, 1371], ""type"": ""handwritten"", ""text"": ""написано до основного продуктів кардвана, фор унково, стабільності по зниження рідинь володу""}, {""bbox"": [40, 1271, 1498, 1445], ""type"": ""handwritten"", ""text"": ""зново, стабільності та зниження ризиків холоду до провідних виробників зернових культур південних США. Керівництво""}, {""bbox"": [44, 1332, 1543, 1520], ""type"": ""handwritten"", ""text"": ""до провідних виробників зернових культур посівних США, Канади, Індії, Бразилії, Аргентини, Пакистану, Росії""}, {""bbox"": [41, 1396, 1630, 1532], ""type"": ""handwritten"", ""text"": ""США, Канада, Японія, Бразилія, Аргентина, Польща, Росія та""}, {""bbox"": [45, 1414, 1632, 1615], ""type"": ""handwritten"", ""text"": ""США, Канада, Японія, Бразилія, Аргентина, Португаль, Росія та Канада. Основними експортерами є країни: Росія, Канада, Австралія, США та Португаль.""}, {""bbox"": [47, 1505, 1539, 1684], ""type"": ""handwritten"", ""text"": ""Німеччина, США та Франція, а найбільші експортери""}, {""bbox"": [45, 1578, 1486, 1738], ""type"": ""handwritten"", ""text"": ""обстраже, США на Францію, а погбільш експортер кукурудзи - США, бродінів на Аргентину. Водночас""}, {""bbox"": [46, 1648, 1493, 1795], ""type"": ""handwritten"", ""text"": ""був руди - США, бродів по Аргентині. Водночас\nчоловіки імпортерами висипають країни\nрівня споживання,""}, {""bbox"": [45, 1710, 1505, 1861], ""type"": ""handwritten"", ""text"": ""словами імпортерами випускають країни з високим рівнем споживання: недостатнім внутрішнім виробництвом""}, {""bbox"": [41, 1762, 1557, 1921], ""type"": ""handwritten"", ""text"": ""рівнем споживання; недостатнім відкритим варіантом європейських кітей, Японськів, Моні, Ірода Солівейні""}, {""bbox"": [40, 1789, 1554, 1940], ""type"": ""handwritten"", ""text"": ""зодрели Єгиптом, китай, Індокитай, Японія, Іран, Саудівська""}, {""bbox"": [42, 1848, 1592, 2015], ""type"": ""handwritten"", ""text"": ""зодчиха Египет, китай, Індокитай, Японія, Іран, Саудівська\nАравія. У місцях, скіпобій різних деревин є навіть вищих""}, {""bbox"": [43, 1922, 1528, 2082], ""type"": ""handwritten"", ""text"": ""сторін. У плану, скільки річок деревини є науцівно дипломівним і стратегічно виникли для проблемої,""}, {""bbox"": [39, 1987, 1512, 2159], ""type"": ""handwritten"", ""text"": ""дипломів, які є стратегічно важливими для економіки, основними робочими базову продукцію""}, {""bbox"": [38, 2055, 1512, 2170], ""type"": ""handwritten"", ""text"": ""економіки, оскільки забезпечує базову продукцію""}, {""bbox"": [22, 2116, 772, 2222], ""type"": ""handwritten"", ""text"": ""безпеку мільярів людей""}]"
f31dbb7b-1386-560d-9838-c27b7f787456.jpg,"[{""bbox"": [98, 144, 618, 218], ""type"": ""handwritten"", ""text"": ""часу його відтворення.""}, {""bbox"": [93, 208, 764, 273], ""type"": ""handwritten"", ""text"": ""4) фіскретний сигнал-це сигнал,""}, {""bbox"": [93, 258, 842, 328], ""type"": ""handwritten"", ""text"": ""інформаційні параметр акоголюваче""}, {""bbox"": [96, 309, 791, 385], ""type"": ""handwritten"", ""text"": ""змінюватися тільки переривчасто""}, {""bbox"": [93, 366, 734, 434], ""type"": ""handwritten"", ""text"": ""та мати мільки скінченни""}, {""bbox"": [87, 416, 831, 491], ""type"": ""handwritten"", ""text"": ""Кількість значень у заданому""}, {""bbox"": [90, 474, 832, 540], ""type"": ""handwritten"", ""text"": ""дугаладоми прогляд певного сніг-""}, {""bbox"": [85, 525, 339, 585], ""type"": ""handwritten"", ""text"": ""рвану - часу.""}, {""bbox"": [87, 573, 825, 650], ""type"": ""handwritten"", ""text"": ""6) Кіностудія Windows призначена для""}, {""bbox"": [82, 627, 816, 696], ""type"": ""handwritten"", ""text"": ""створення відеофільмів, що можуть""}, {""bbox"": [77, 674, 826, 750], ""type"": ""handwritten"", ""text"": ""містити відеозображення, сропографіс""}, {""bbox"": [70, 736, 828, 809], ""type"": ""handwritten"", ""text"": ""збуковий супровід (дикторський текст).""}, {""bbox"": [71, 792, 708, 858], ""type"": ""handwritten"", ""text"": ""міжкомпанійні наліги (ТНПР).""}, {""bbox"": [74, 844, 773, 915], ""type"": ""handwritten"", ""text"": ""4) На першому етапі відбувається""}, {""bbox"": [73, 901, 254, 958], ""type"": ""handwritten"", ""text"": ""сценарий;""}, {""bbox"": [71, 949, 723, 1018], ""type"": ""handwritten"", ""text"": ""На другому етапі виконується""}, {""bbox"": [67, 1005, 833, 1083], ""type"": ""handwritten"", ""text"": ""підготовка аудіо-, роота та ведеомат-""}, {""bbox"": [59, 1061, 204, 1116], ""type"": ""handwritten"", ""text"": ""манів""}, {""bbox"": [67, 1111, 739, 1188], ""type"": ""handwritten"", ""text"": ""На третьому етапі використовується""}, {""bbox"": [62, 1171, 467, 1238], ""type"": ""handwritten"", ""text"": ""монтаж відеоролику.""}]"
f42fd8d9-a3a6-477b-8c86-5046ebcf9504.jpg,"[{""bbox"": [4, 18, 1462, 173], ""type"": ""handwritten"", ""text"": ""77 64 81 11+8+9=28 → п.г.п.6 прогабвів 7,0 8,0 9,0""}, {""bbox"": [4, 18, 1462, 173], ""type"": ""formula"", ""text"": ""$$\\frac { 7 7 } { 7 , 0 } + \\frac { 6 4 } { 8 , 0 } + \\frac { 8 1 } { 9 , 0 } = 1 1 + 8 + 9 = 2 8 \\rightarrow \\text { п.г.п. } \\text { продавців }$$""}, {""bbox"": [26, 191, 780, 326], ""type"": ""formula"", ""text"": ""$$x = \\frac { 2 2 2 } { 2 8 } = 7 , 9 3 \\ T u c . r p .$$""}, {""bbox"": [11, 340, 444, 455], ""type"": ""handwritten"", ""text"": ""Завдання 6.25""}, {""bbox"": [0, 447, 1709, 693], ""type"": ""table"", ""text"": ""П.к|2011|2018|2019|2020|2021|2021\nМісця і місця прод.|30|33|31|29|27|21""}, {""bbox"": [22, 741, 467, 818], ""type"": ""formula"", ""text"": ""$$a _ { 1 } = 3 1 - 3 3 = - 2$$""}, {""bbox"": [24, 823, 447, 895], ""type"": ""formula"", ""text"": ""b_{2}=29-31=-2""}, {""bbox"": [25, 915, 441, 992], ""type"": ""formula"", ""text"": ""$$a _ { 3 } = 2 7 - 2 9 = - 2$$""}, {""bbox"": [16, 971, 1930, 1081], ""type"": ""handwritten"", ""text"": ""Оттес, споновваний стабільно радає на 2 одиниці п'єропу""}, {""bbox"": [22, 1075, 1171, 1194], ""type"": ""handwritten"", ""text"": ""метод екстраполяції для 2024 року:""}, {""bbox"": [29, 1200, 340, 1271], ""type"": ""formula"", ""text"": ""$$n = 3 \\ \\mathrm { p o \\ m i n }$$""}, {""bbox"": [30, 1248, 1558, 1367], ""type"": ""formula"", ""text"": ""$y_{2021}=y_{2021}+(18\\cdot n)=27+(1-2\\cdot8)=27-6=21\\pi$""}, {""bbox"": [35, 1339, 1940, 1484], ""type"": ""handwritten"", ""text"": ""Відповідь: у 2024 р. пересічний українечь буде сп-""}, {""bbox"": [76, 1458, 882, 1566], ""type"": ""handwritten"", ""text"": ""не вбачив які місяці""}, {""bbox"": [35, 1585, 484, 1684], ""type"": ""handwritten"", ""text"": ""Задание 1.25""}, {""bbox"": [68, 1692, 1893, 1795], ""type"": ""handwritten"", ""text"": ""гр = 1,674 (зростання на 1,4 %) - індекс вартості за рах. цін.""}, {""bbox"": [69, 1796, 1928, 1898], ""type"": ""handwritten"", ""text"": ""Sp = 1,202 (зростання на 2,2%) - індекс середньої ціни""}, {""bbox"": [50, 1899, 552, 2002], ""type"": ""formula"", ""text"": ""$$J _ { p } ^ { - } = J _ { p } \\cdot J _ { c m p } .$$""}, {""bbox"": [51, 2007, 993, 2158], ""type"": ""formula"", ""text"": ""$$\\frac { 1 } { c } \\bar { p } = \\frac { 1 \\bar { p } } { 1 p } = \\frac { 1 , 2 0 2 } { 1 , 0 7 4 } \\approx 1 , 1 1 9 2$$""}, {""bbox"": [45, 2146, 1949, 2262], ""type"": ""handwritten"", ""text"": ""Києнович: за рахунок ігрових зрушень вартість""}, {""bbox"": [53, 2238, 861, 2333], ""type"": ""handwritten"", ""text"": ""анції зросла на 11,92%""}, {""bbox"": [42, 2318, 544, 2411], ""type"": ""handwritten"", ""text"": ""Завдання 8.25""}, {""bbox"": [54, 2425, 312, 2474], ""type"": ""formula"", ""text"": ""n = 500""}, {""bbox"": [57, 2474, 327, 2536], ""type"": ""formula"", ""text"": ""$N=6500$""}, {""bbox"": [55, 2546, 458, 2624], ""type"": ""formula"", ""text"": ""$\\bar{x}=1200\\ \\mathrm{~m} g$""}, {""bbox"": [59, 2620, 387, 2685], ""type"": ""formula"", ""text"": ""$\\sigma=10^{20}p.$""}, {""bbox"": [61, 2683, 201, 2742], ""type"": ""formula"", ""text"": ""$ t. = 3 $""}]"
f4d6f199-7aee-5419-9a23-131957acc3a6.jpg,"[{""bbox"": [533, 49, 1001, 128], ""type"": ""handwritten"", ""text"": ""боме крзітня""}, {""bbox"": [497, 152, 1036, 252], ""type"": ""handwritten"", ""text"": ""Домашня робота""}, {""bbox"": [420, 255, 1525, 368], ""type"": ""handwritten"", ""text"": ""Густота населення сьогодні в Україні""}, {""bbox"": [176, 372, 1657, 475], ""type"": ""handwritten"", ""text"": ""Густоти населення, це показник кількості мешкан-""}, {""bbox"": [123, 485, 1672, 587], ""type"": ""handwritten"", ""text"": ""ного киселенка, что припадает на одиницю площ""}, {""bbox"": [131, 586, 1075, 689], ""type"": ""handwritten"", ""text"": ""(1 км²) певної території:""}, {""bbox"": [238, 695, 1651, 803], ""type"": ""handwritten"", ""text"": ""Густота населения розраховують за формулою:""}, {""bbox"": [202, 803, 637, 901], ""type"": ""formula"", ""text"": ""r = u: n, ge""}, {""bbox"": [155, 928, 1176, 1017], ""type"": ""printed"", ""text"": ""Г - щільність населення (осіб / км²)""}, {""bbox"": [155, 928, 1176, 1017], ""type"": ""handwritten"", ""text"": ""Г - щільність населення (осіб / км²)""}, {""bbox"": [151, 1045, 1083, 1121], ""type"": ""handwritten"", ""text"": ""II - кількості населення (осіб)""}, {""bbox"": [145, 1144, 1015, 1254], ""type"": ""handwritten"", ""text"": ""П - площа території. (км²)""}, {""bbox"": [669, 1287, 919, 1369], ""type"": ""handwritten"", ""text"": ""Задача 1""}, {""bbox"": [110, 1391, 776, 1483], ""type"": ""formula"", ""text"": ""11 100\\% = 40\\% = 30\\%""}, {""bbox"": [120, 1514, 879, 1609], ""type"": ""formula"", ""text"": ""2) 100\\% - 10 \\text{ мг} \\text{ асц}""}, {""bbox"": [201, 1645, 842, 1730], ""type"": ""formula"", ""text"": ""$30\\%-x$ мин ось""}, {""bbox"": [199, 1769, 1029, 1924], ""type"": ""formula"", ""text"": ""$$x = \\frac { 3 0 - 1 0 } { 1 0 0 } = 3 \\mathrm { m m } \\text { ойв }$$""}, {""bbox"": [117, 2027, 475, 2122], ""type"": ""formula"", ""text"": ""3) \\Gamma = n : n""}]"
f6861ae8-6d76-4447-9d5a-8e44aba358f1.jpg,"[{""bbox"": [36, 92, 566, 137], ""type"": ""handwritten"", ""text"": ""очима на пів обличчя, слабкими,""}, {""bbox"": [34, 133, 550, 172], ""type"": ""handwritten"", ""text"": ""м'язовими. Для цього, на відомій""}, {""bbox"": [33, 166, 567, 206], ""type"": ""handwritten"", ""text"": ""вір нео, такі привесли: від ру778""}, {""bbox"": [40, 201, 532, 239], ""type"": ""handwritten"", ""text"": ""як портативні споруди, залежні""}, {""bbox"": [39, 232, 538, 274], ""type"": ""handwritten"", ""text"": ""поперу бургій певіролися: у ось,""}, {""bbox"": [39, 271, 577, 307], ""type"": ""handwritten"", ""text"": ""напевно, уже ате льпорі і залакану""}, {""bbox"": [79, 335, 575, 371], ""type"": ""handwritten"", ""text"": ""Анне и́ не не смотрал и́не: головке-""}, {""bbox"": [42, 368, 563, 402], ""type"": ""handwritten"", ""text"": ""пятаги і не так важливо, з яких""}, {""bbox"": [57, 400, 537, 431], ""type"": ""handwritten"", ""text"": ""осіїв. Тво книтеки, це знання й""}, {""bbox"": [50, 429, 556, 460], ""type"": ""handwritten"", ""text"": ""вимоги, які, на відміну від про-""}, {""bbox"": [49, 458, 563, 490], ""type"": ""handwritten"", ""text"": ""денного пособия индивидуальному, заним.""}, {""bbox"": [54, 488, 467, 519], ""type"": ""handwritten"", ""text"": ""шалаться з нами народного,""}]"
f757d160-e61a-4d01-b13b-efa11f1df4de.jpg,"[{""bbox"": [161, 173, 2930, 377], ""type"": ""handwritten"", ""text"": ""беззахісний під час великої віди, тепер щосили""}, {""bbox"": [146, 360, 2960, 579], ""type"": ""handwritten"", ""text"": ""начинается бути фронтцею -десь у його нутро -""}, {""bbox"": [154, 599, 2910, 791], ""type"": ""handwritten"", ""text"": ""цях у темному незатинному підвалі часто жо-""}, {""bbox"": [151, 768, 2693, 952], ""type"": ""handwritten"", ""text"": ""ваються від обстрілів люди і домашні звірі.""}, {""bbox"": [338, 976, 2884, 1193], ""type"": ""handwritten"", ""text"": ""А деколи дім здатен уміститися до розмірів""}, {""bbox"": [149, 1172, 2938, 1358], ""type"": ""handwritten"", ""text"": ""валіди. Всіми тепер, якоб ті равлики, знавмо ціну""}, {""bbox"": [113, 1372, 1191, 1528], ""type"": ""handwritten"", ""text"": ""великих переселень.""}, {""bbox"": [259, 1544, 2801, 1740], ""type"": ""handwritten"", ""text"": ""Та головне - це місто сил і пам'яті роду. З""}, {""bbox"": [169, 1762, 2927, 1958], ""type"": ""handwritten"", ""text"": ""нього черпали силу твої попередники, переме-""}, {""bbox"": [152, 1951, 2882, 2115], ""type"": ""handwritten"", ""text"": ""лені жорнали таїних чаєв: вічнами, ре-""}, {""bbox"": [159, 2134, 2784, 2334], ""type"": ""handwritten"", ""text"": ""прессіями, обротьбою з двохголовою гідрою.""}, {""bbox"": [152, 2328, 2794, 2523], ""type"": ""handwritten"", ""text"": ""Їх мамам, а вони билися за право вчоюсити""}, {""bbox"": [144, 2509, 2766, 2731], ""type"": ""handwritten"", ""text"": ""і соберіти всобі свій дім. От такі лін""}, {""bbox"": [131, 2784, 537, 2937], ""type"": ""handwritten"", ""text"": ""тепер.""}, {""bbox"": [532, 2805, 3000, 3047], ""type"": ""handwritten"", ""text"": ""Я точно знаю, він вистоїть, вибор-""}, {""bbox"": [89, 3037, 2949, 3256], ""type"": ""handwritten"", ""text"": ""саеться, дотекаётся твою схвильованного""}, {""bbox"": [116, 3222, 2811, 3483], ""type"": ""handwritten"", ""text"": ""вигукує: \""Я вдома!\"", а ти про це все""}, {""bbox"": [149, 3499, 1285, 3657], ""type"": ""handwritten"", ""text"": ""мені розкажеш.""}]"
f76d6d95-5396-4857-9321-ab3c1844f474.jpg,"[{""bbox"": [72, 0, 1486, 74], ""type"": ""formula"", ""text"": ""③ $\\mathrm{Zn} \\rightarrow \\mathrm{ZnO} \\rightarrow \\mathrm{ZnSO}_{4} \\rightarrow \\mathrm{Zn}(\\mathrm{OH})_{2} \\rightarrow \\mathrm{Ca}[\\mathrm{Zn}(\\mathrm{OH})_{4}]$""}, {""bbox"": [608, 63, 848, 117], ""type"": ""formula"", ""text"": ""Zn(NO_{3})_{2}""}, {""bbox"": [1331, 78, 1474, 172], ""type"": ""annotation"", ""text"": ""±20""}, {""bbox"": [912, 137, 1039, 208], ""type"": ""annotation"", ""text"": "")гієм.""}, {""bbox"": [1098, 194, 1221, 274], ""type"": ""annotation"", ""text"": ""вон.""}, {""bbox"": [63, 196, 1052, 255], ""type"": ""formula"", ""text"": ""2) \\mathrm{ZnO} + \\mathrm{H_2SO_4} \\rightarrow \\mathrm{ZnSO_4} + \\mathrm{H_2O} \\text{ (обміну)}""}, {""bbox"": [63, 196, 1052, 255], ""type"": ""handwritten"", ""text"": ""2) ZnO + H₂SO₄ → ZnSO₄ + H₂O (обміну)""}, {""bbox"": [70, 252, 1276, 318], ""type"": ""handwritten"", ""text"": ""3) ZnSO4 + 2NaOH → Zn(OH)2↓ + Na2SO4 (обміну)""}, {""bbox"": [72, 314, 1394, 377], ""type"": ""handwritten"", ""text"": ""4) Zn(OH)2 + Ca(OH)2 → Ca[Zn(OH)4] (сполушення)""}, {""bbox"": [67, 431, 1650, 492], ""type"": ""handwritten"", ""text"": ""4 етилен → хлоретан → пропіонітрил → пропіонова кислота →""}, {""bbox"": [1145, 480, 1272, 590], ""type"": ""annotation"", ""text"": ""±28""}, {""bbox"": [157, 485, 1032, 544], ""type"": ""handwritten"", ""text"": ""хлорангідрид пропіонової кислоти""}, {""bbox"": [150, 544, 946, 601], ""type"": ""formula"", ""text"": ""$$1) \\ CH_2 = CH_2 + HCE \\rightarrow CH_3 - CH_2CE$$""}, {""bbox"": [149, 545, 929, 599], ""type"": ""formula"", ""text"": ""$$1) \\ CH_2 = CH_2 + HCE \\rightarrow CH_3 - CH_2CE$$""}, {""bbox"": [145, 604, 1149, 659], ""type"": ""formula"", ""text"": ""2) \\mathrm{CH_3-CH_2CE} + \\mathrm{KCN-CH_3-CH_2-CW} + \\mathrm{KCE}""}, {""bbox"": [144, 656, 1552, 720], ""type"": ""handwritten"", ""text"": ""3) CH3-CH2-CN + 2NH2O + HCE → CH3-CH2-COOH + NH4CE""}, {""bbox"": [146, 716, 1551, 772], ""type"": ""handwritten"", ""text"": ""4) CH₃ - CH₂ - COOH + SOCl₂ → CH₃ - CH₂ - COCl + SO₂ + HCl""}, {""bbox"": [146, 716, 1551, 772], ""type"": ""formula"", ""text"": ""4) \\mathrm{CH_3 - CH_2 - COOH + SOCl_2 \\rightarrow CH_3 - CH_2 - COCl + SO_2 + HCl}""}, {""bbox"": [59, 778, 698, 836], ""type"": ""handwritten"", ""text"": ""⑤ ⑥) 1,3-пропандіол""}, {""bbox"": [257, 853, 881, 906], ""type"": ""formula"", ""text"": ""\\mathrm{HO}-\\mathrm{CH}_{2}-\\mathrm{CH}_{2}-\\mathrm{CH}_{2}-\\mathrm{OH}""}, {""bbox"": [950, 931, 999, 985], ""type"": ""annotation"", ""text"": ""x""}, {""bbox"": [203, 932, 897, 988], ""type"": ""handwritten"", ""text"": ""а) меччізопропінацетилен""}, {""bbox"": [420, 987, 652, 1039], ""type"": ""formula"", ""text"": ""CH_{2}-CH_{3}""}, {""bbox"": [267, 1036, 758, 1120], ""type"": ""handwritten"", ""text"": ""CH3-C-CH-CH3""}, {""bbox"": [374, 1106, 616, 1190], ""type"": ""handwritten"", ""text"": ""н снз""}]"
f80fca6e-954a-4de1-ac05-465b0b925fb8.jpg,"[{""bbox"": [2068, 108, 2182, 303], ""type"": ""annotation"", ""text"": ""3""}, {""bbox"": [2067, 112, 2482, 304], ""type"": ""annotation"", ""text"": ""3 29""}, {""bbox"": [2068, 113, 2482, 305], ""type"": ""handwritten"", ""text"": ""3 29""}, {""bbox"": [654, 351, 1708, 434], ""type"": ""handwritten"", ""text"": ""Вельтшмановний п Міністре""}, {""bbox"": [268, 427, 2398, 547], ""type"": ""handwritten"", ""text"": ""Я діятав 11/2. Учасник лідера від 6/2, а сьогодні п. генерал Секевич,""}, {""bbox"": [254, 543, 2397, 649], ""type"": ""handwritten"", ""text"": ""теле відводив банку, врутив мені 4 мільйона угорських корон.""}, {""bbox"": [257, 637, 2421, 738], ""type"": ""handwritten"", ""text"": ""Сердешно вакую ювіні підбори і милий Світі Злієдом мід.""}, {""bbox"": [211, 723, 2444, 844], ""type"": ""handwritten"", ""text"": ""Росташувовеся в рилпавою в потемканті, але думаю, що через""}, {""bbox"": [240, 836, 2161, 939], ""type"": ""handwritten"", ""text"": ""Якийсь час приділяв 3 минути на більш відповідно..""}, {""bbox"": [396, 929, 2407, 1041], ""type"": ""handwritten"", ""text"": ""Зумано, в министре, що під Суми, яку ви приголомш, буде""}, {""bbox"": [269, 1028, 2393, 1143], ""type"": ""handwritten"", ""text"": ""досить, щоб пройшли вчаду вашого прийду а раком і пере-""}, {""bbox"": [246, 1125, 2374, 1243], ""type"": ""handwritten"", ""text"": ""всери вибираю на овель гочу. А цілком волівавдуює з""}, {""bbox"": [242, 1227, 2344, 1336], ""type"": ""handwritten"", ""text"": ""вами, что условия дальнего моего пребывания наилучше будет""}, {""bbox"": [258, 1324, 2394, 1433], ""type"": ""handwritten"", ""text"": ""полагоди під час переплавного погашення зв'язами. Йдвоєму""}, {""bbox"": [256, 1422, 2414, 1534], ""type"": ""handwritten"", ""text"": ""передвіслу жері /від 3/2/ а, згідно з вашими мірками, які не бувають""}, {""bbox"": [214, 1519, 2404, 1633], ""type"": ""handwritten"", ""text"": ""вас уже через бра Лукасевича у Шармов, вымовленов побаманки""}, {""bbox"": [218, 1627, 2421, 1735], ""type"": ""handwritten"", ""text"": ""скоро побалення звали в Буда Пешр. Але мові було щодо освіт""}, {""bbox"": [224, 1728, 2397, 1834], ""type"": ""handwritten"", ""text"": ""Дмитро здоров'я, атому пропу щепереробити курса лікування.""}, {""bbox"": [255, 1815, 2411, 1938], ""type"": ""handwritten"", ""text"": ""Радий буду бачити Вас, поки вона покращує і дозволить Вам від-""}, {""bbox"": [279, 1921, 1227, 2035], ""type"": ""handwritten"", ""text"": ""бути подароші до 8-квітня.""}, {""bbox"": [323, 2020, 2399, 2135], ""type"": ""handwritten"", ""text"": ""Тимчасовим шкафом від біс тих ктитомосгресвейр аких з боту-""}, {""bbox"": [284, 2125, 2396, 2237], ""type"": ""handwritten"", ""text"": ""чива до мого попереднього міста. Хочби цукер тропилося зі-""}, {""bbox"": [275, 2222, 2390, 2335], ""type"": ""handwritten"", ""text"": ""кавого в обалу получившую лигату, вартогоували, плинтейр""}, {""bbox"": [278, 2318, 2387, 2429], ""type"": ""handwritten"", ""text"": ""тепло, ласкавий буде поділувати золото, як новинами, як""}, {""bbox"": [286, 2422, 2395, 2527], ""type"": ""handwritten"", ""text"": ""і своїми міркуваннями зорів оду них. Зокрема цікавить""}, {""bbox"": [282, 2515, 2378, 2634], ""type"": ""handwritten"", ""text"": ""мне новини від д-ра Р. Спаль-Стовцького, діяльность якого,""}, {""bbox"": [228, 2619, 2408, 2744], ""type"": ""handwritten"", ""text"": ""з огляду на природ до влади Робітничого Уряду, хоч майже дуже клад-""}, {""bbox"": [216, 2730, 1538, 2831], ""type"": ""handwritten"", ""text"": ""игрьез, але тий більше в потрібного.""}, {""bbox"": [248, 2809, 2386, 2933], ""type"": ""handwritten"", ""text"": ""Свої міркування щодо зв'язку між спільною працею та лініями""}, {""bbox"": [251, 2917, 2367, 3046], ""type"": ""handwritten"", ""text"": ""до персонального побачення з Нами, ким докладніше підписно,""}, {""bbox"": [110, 3132, 272, 3226], ""type"": ""printed"", ""text"": ""2740""}]"
f88baa22-9e53-545a-af6c-d6c49ba35657.jpg,"[{""bbox"": [3445, 1, 4031, 131], ""type"": ""handwritten"", ""text"": ""базу - Спреймед""}, {""bbox"": [3471, 149, 4032, 289], ""type"": ""handwritten"", ""text"": ""щоб вдоск""}, {""bbox"": [3483, 303, 4031, 453], ""type"": ""handwritten"", ""text"": ""за сеоси""}, {""bbox"": [1525, 382, 2334, 507], ""type"": ""handwritten"", ""text"": ""одичаюете чотого""}, {""bbox"": [3456, 472, 4032, 594], ""type"": ""handwritten"", ""text"": ""в. хмарчиками""}, {""bbox"": [1335, 501, 2419, 679], ""type"": ""handwritten"", ""text"": ""Домашня робота""}, {""bbox"": [3453, 638, 4032, 772], ""type"": ""handwritten"", ""text"": ""ногки, та та""}, {""bbox"": [1865, 678, 2290, 858], ""type"": ""handwritten"", ""text"": ""Права 206""}, {""bbox"": [3462, 797, 4032, 915], ""type"": ""handwritten"", ""text"": ""якавтіють н.""}, {""bbox"": [525, 881, 3350, 1058], ""type"": ""handwritten"", ""text"": ""1 А в місі озера. А на березі курінь. А в куряч - ша.""}, {""bbox"": [3479, 976, 4032, 1087], ""type"": ""handwritten"", ""text"": ""шорогі плаваю""}, {""bbox"": [440, 1057, 3374, 1253], ""type"": ""handwritten"", ""text"": ""ст вору. багато. І казаків із нішкого. А круг кругом - ні""}, {""bbox"": [450, 1243, 3349, 1430], ""type"": ""handwritten"", ""text"": ""2 Погнісінько як підняв. Високо здіймає груддя, схропує сонно,""}, {""bbox"": [393, 1435, 3375, 1609], ""type"": ""handwritten"", ""text"": ""снимово... Лініво похмуре од камінь хвильканий, посміються тим""}, {""bbox"": [377, 1636, 1194, 1750], ""type"": ""handwritten"", ""text"": ""сонко, розкісечко.""}, {""bbox"": [352, 1787, 3216, 1965], ""type"": ""handwritten"", ""text"": ""з А чка вода в Осакі! Лагісма, ласкава, мікро-шовкева.""}, {""bbox"": [1653, 1985, 2116, 2152], ""type"": ""handwritten"", ""text"": ""Права 208""}, {""bbox"": [460, 2168, 3175, 2351], ""type"": ""handwritten"", ""text"": ""Неповні речення: Надворі - хмара хмара ніг (зв'язане).""}, {""bbox"": [286, 2360, 2927, 2548], ""type"": ""handwritten"", ""text"": ""Вдосвід досвід досвід досвід досвід досвід досвід досвід досвід досвід досвід досвід досвід досвід досвід досвід досвід досвід досвід досвід досвід досвід досвід досвід досвід досвід досвід досвід досвід досвід досвід досвід досвід досвід досвід досвід досвід досвід досвід досвід досвід досвід досвід досвід досвід досвід досвід досвід досвід досвід досвід""}]"
f9051dc0-bd73-5f7a-a09a-48b29e41db80.jpg,"[{""bbox"": [1174, 181, 1471, 533], ""type"": ""annotation"", ""text"": ""CH3""}, {""bbox"": [376, 249, 559, 439], ""type"": ""annotation"", ""text"": ""/o7""}, {""bbox"": [395, 560, 2535, 860], ""type"": ""formula"", ""text"": ""CH_{3}-CH_{2}-CH-CH-COOH""}, {""bbox"": [690, 1581, 3104, 1802], ""type"": ""handwritten"", ""text"": ""2 - етил - 3 - метилбутен-2""}, {""bbox"": [1225, 1817, 1541, 2091], ""type"": ""handwritten"", ""text"": ""CH3""}, {""bbox"": [536, 2054, 2630, 2377], ""type"": ""formula"", ""text"": ""$$\\mathrm { C H _ { 3 } - C H - C H - C H - C O O H }$$""}, {""bbox"": [617, 2711, 3016, 2974], ""type"": ""handwritten"", ""text"": ""3-метил-2-хлорпропановой""}]"
fa4261aa-fe04-40d4-9204-94332941c598.jpg,"[{""bbox"": [96, 0, 1510, 97], ""type"": ""handwritten"", ""text"": ""Водноводно до воденсона повелени: про поискувши""}, {""bbox"": [79, 111, 509, 181], ""type"": ""handwritten"", ""text"": ""Зноемии 1963 р.""}, {""bbox"": [138, 155, 1601, 243], ""type"": ""handwritten"", ""text"": ""У с. 5 ВК потрібно визначити основні фізичні поняття""}, {""bbox"": [80, 235, 519, 308], ""type"": ""handwritten"", ""text"": ""учеников, а сами:""}, {""bbox"": [95, 282, 1450, 375], ""type"": ""handwritten"", ""text"": ""- занимает в деревне перебування інтересів в громаді""}, {""bbox"": [89, 359, 1193, 447], ""type"": ""handwritten"", ""text"": ""дериави направления - фр. га период. осв""}, {""bbox"": [74, 440, 1645, 533], ""type"": ""handwritten"", ""text"": ""- розвиток та сирієння торговельною, економічною, культурн""}, {""bbox"": [77, 522, 1034, 605], ""type"": ""handwritten"", ""text"": ""национальных звездов мне сдерживали""}, {""bbox"": [44, 594, 1570, 700], ""type"": ""handwritten"", ""text"": ""- здірания законними способами інформацію про діяльність""}, {""bbox"": [86, 681, 384, 762], ""type"": ""handwritten"", ""text"": ""перебування""}, {""bbox"": [42, 754, 677, 846], ""type"": ""handwritten"", ""text"": ""— видела поспорьте, вез""}, {""bbox"": [31, 843, 1485, 930], ""type"": ""handwritten"", ""text"": ""– виплата пропускій нотаруса, дерт, ресурсі, альв""}, {""bbox"": [47, 928, 502, 1005], ""type"": ""handwritten"", ""text"": ""чівальний стан""}, {""bbox"": [36, 976, 1576, 1078], ""type"": ""handwritten"", ""text"": ""- охорона інтересів громадян - кер. та фіз. осіб землі, що""}, {""bbox"": [50, 1064, 326, 1133], ""type"": ""handwritten"", ""text"": ""направлено""}, {""bbox"": [31, 1176, 776, 1297], ""type"": ""handwritten"", ""text"": ""ІІІ Ситуаційне завдання""}, {""bbox"": [152, 1294, 1538, 1365], ""type"": ""handwritten"", ""text"": ""Воспользовавшись до динамического промежутка смысла, едем""}, {""bbox"": [65, 1355, 1572, 1432], ""type"": ""handwritten"", ""text"": ""из оценке динамического поведения в сердечной атмосфере (динамики""}, {""bbox"": [72, 1417, 1545, 1496], ""type"": ""handwritten"", ""text"": ""в пяти слив) винагдени дъвето динамовски звучи.""}, {""bbox"": [61, 1493, 838, 1554], ""type"": ""handwritten"", ""text"": ""ним пепе, лицо је запропашило.""}, {""bbox"": [92, 1551, 931, 1618], ""type"": ""handwritten"", ""text"": ""2) Не вказано місце заархівування у""}, {""bbox"": [88, 1607, 1636, 1695], ""type"": ""handwritten"", ""text"": ""3) не выдано либо вид прибыли (например: 1 съезд, 2 съезд""}, {""bbox"": [76, 1672, 505, 1747], ""type"": ""handwritten"", ""text"": ""«одежда», «одежда»!""}, {""bbox"": [99, 1725, 1546, 1811], ""type"": ""handwritten"", ""text"": ""у) неправильно выделено простое ведомое, повино Пут""}, {""bbox"": [115, 1797, 1028, 1884], ""type"": ""handwritten"", ""text"": ""В.С.Н.Р., заявил «прошу везиовься».""}, {""bbox"": [91, 2044, 365, 2103], ""type"": ""annotation"", ""text"": ""20.06.2025""}, {""bbox"": [1078, 2153, 1243, 2247], ""type"": ""handwritten"", ""text"": ""goi""}]"
fbc3669d-f293-51de-9719-8101fde850a9.jpg,"[{""bbox"": [909, 210, 1702, 425], ""type"": ""handwritten"", ""text"": ""Однодушие животных""}, {""bbox"": [744, 380, 1537, 606], ""type"": ""handwritten"", ""text"": ""класа јабука""}, {""bbox"": [296, 538, 2610, 807], ""type"": ""handwritten"", ""text"": ""Правлення моди. Опис будови правлясистеми""}, {""bbox"": [181, 747, 2748, 1001], ""type"": ""handwritten"", ""text"": ""Правлення - це процес розчленування складних органічних""}, {""bbox"": [188, 951, 658, 1166], ""type"": ""handwritten"", ""text"": ""речови.""}, {""bbox"": [905, 1146, 2056, 1368], ""type"": ""handwritten"", ""text"": ""Основні процеси трупівництва""}, {""bbox"": [234, 1304, 1297, 1576], ""type"": ""handwritten"", ""text"": ""Фізична обробка їжі.""}, {""bbox"": [157, 1558, 1399, 1776], ""type"": ""handwritten"", ""text"": ""2. Хімічні перетворення ідеї.""}, {""bbox"": [162, 1774, 1230, 1966], ""type"": ""handwritten"", ""text"": ""3. Замахтування їхні.""}, {""bbox"": [228, 1928, 1102, 2168], ""type"": ""handwritten"", ""text"": ""Перемінні їхні.""}, {""bbox"": [144, 2177, 1143, 2385], ""type"": ""handwritten"", ""text"": ""5. Видавши решток.""}, {""bbox"": [862, 2340, 1724, 2570], ""type"": ""handwritten"", ""text"": ""Наше правление""}, {""bbox"": [161, 2585, 991, 2741], ""type"": ""handwritten"", ""text"": ""1. автолітнім,""}, {""bbox"": [244, 2827, 923, 3025], ""type"": ""handwritten"", ""text"": ""прохламие.""}, {""bbox"": [237, 2998, 1055, 3237], ""type"": ""handwritten"", ""text"": ""при стінках.""}, {""bbox"": [152, 3244, 1051, 3392], ""type"": ""handwritten"", ""text"": ""4. Анимация.""}]"
fbed49f9-9e72-4352-9b7e-d7f01ab3b81f.jpg,"[{""bbox"": [79, 174, 551, 216], ""type"": ""handwritten"", ""text"": ""Але й у не страшно, голови — гитари""}, {""bbox"": [51, 209, 540, 247], ""type"": ""handwritten"", ""text"": ""і не так важливо з'ємних носіїв. Бо кількість -""}, {""bbox"": [53, 243, 516, 280], ""type"": ""handwritten"", ""text"": ""у знання й емоції, які маю відмінну від""}, {""bbox"": [64, 278, 541, 315], ""type"": ""handwritten"", ""text"": ""щоденного потоку інформації залишають""}, {""bbox"": [69, 313, 273, 347], ""type"": ""handwritten"", ""text"": ""з нами надовго.""}, {""bbox"": [81, 358, 202, 383], ""type"": ""annotation"", ""text"": ""09.14.2020""}, {""bbox"": [67, 719, 457, 759], ""type"": ""handwritten"", ""text"": ""Трудо-заска, в прохання до Вас,""}, {""bbox"": [80, 757, 486, 797], ""type"": ""handwritten"", ""text"": ""Мені дуже б хотілося отримати""}, {""bbox"": [86, 794, 540, 835], ""type"": ""handwritten"", ""text"": ""результат з допущеними помилками""}]"
fce05c45-288c-4d18-8295-915d47df76f3.jpg,"[{""bbox"": [41, 214, 544, 281], ""type"": ""handwritten"", ""text"": ""з відпрацьованими, для""}, {""bbox"": [41, 236, 532, 309], ""type"": ""handwritten"", ""text"": ""з відчуттям легкості, для нього, на відміну від нас,""}, {""bbox"": [40, 268, 530, 337], ""type"": ""handwritten"", ""text"": ""нього, на відміну від нас, такі присягні відверті, як""}, {""bbox"": [39, 290, 532, 363], ""type"": ""handwritten"", ""text"": ""двох, на вулиці Фідзьоїте як\nданих присвячні сторіччя, заїхах""}, {""bbox"": [40, 319, 536, 390], ""type"": ""handwritten"", ""text"": ""портацяна сторінка, за нах\nпаперу, будуть невідомі,""}, {""bbox"": [42, 348, 563, 416], ""type"": ""handwritten"", ""text"": ""перу, будищ невідомі, і ось повідомно, єце ан тод,""}, {""bbox"": [46, 387, 573, 451], ""type"": ""handwritten"", ""text"": ""освобожденно все ан\nвачанце еро ел епіронної""}, {""bbox"": [63, 430, 574, 498], ""type"": ""handwritten"", ""text"": ""ицнки. Ане и де не страшно голов""}, {""bbox"": [37, 442, 183, 475], ""type"": ""handwritten"", ""text"": ""хнаш кец.""}, {""bbox"": [39, 455, 567, 528], ""type"": ""handwritten"", ""text"": ""Але й це не стрічцю гохос\nмігати, і не так важливо з""}, {""bbox"": [41, 486, 563, 555], ""type"": ""handwritten"", ""text"": ""метати, і не так вати іслю з\nяких посіїв. Бо касенки""}, {""bbox"": [40, 544, 495, 611], ""type"": ""handwritten"", ""text"": ""це значення емоції, які відміну від зоденного""}, {""bbox"": [44, 589, 519, 640], ""type"": ""handwritten"", ""text"": ""відмінну інформацію, зали-""}, {""bbox"": [38, 619, 545, 668], ""type"": ""handwritten"", ""text"": ""любую информацию, указанную в поле \""город\"",""}]"
fd7bfd8d-ee6e-4c40-9a7a-e0077e6b0d3e.jpg,"[{""bbox"": [788, 2, 1610, 188], ""type"": ""handwritten"", ""text"": ""Твій дім.""}, {""bbox"": [358, 153, 2376, 355], ""type"": ""handwritten"", ""text"": ""Розкажи мені про свій дім.""}, {""bbox"": [227, 347, 2596, 519], ""type"": ""handwritten"", ""text"": ""Той, що пам'ятає твої перші хитки""}, {""bbox"": [222, 501, 2625, 658], ""type"": ""handwritten"", ""text"": ""кроки і берепсе ігорігні зарубки часу,""}, {""bbox"": [211, 502, 2631, 656], ""type"": ""handwritten"", ""text"": ""кроки і беретсе ігорінні зарубки часу,""}, {""bbox"": [191, 636, 2612, 784], ""type"": ""handwritten"", ""text"": ""залишені рукою матері на одвірку.""}, {""bbox"": [343, 758, 2694, 936], ""type"": ""handwritten"", ""text"": ""Розкажи про його запах, теплий""}, {""bbox"": [171, 913, 2774, 1067], ""type"": ""handwritten"", ""text"": ""сонный дух киевских полицей побитого""}, {""bbox"": [156, 1056, 2663, 1216], ""type"": ""handwritten"", ""text"": ""шампунем креденса, ясового супу 3""}, {""bbox"": [153, 1180, 2688, 1335], ""type"": ""handwritten"", ""text"": ""терикою петрушкою, або молою""}, {""bbox"": [142, 1296, 2778, 1457], ""type"": ""handwritten"", ""text"": ""навпаки - бадьорі пахощі фарби олаку""}, {""bbox"": [134, 1439, 2754, 1593], ""type"": ""handwritten"", ""text"": ""новизни; як же довго, чи не піввіччя,""}, {""bbox"": [126, 1556, 2030, 1695], ""type"": ""handwritten"", ""text"": ""мріялось про власний дім.""}, {""bbox"": [338, 1651, 2718, 1826], ""type"": ""handwritten"", ""text"": ""Розкажи про його скрипи і шерехи,""}, {""bbox"": [144, 1764, 2685, 1949], ""type"": ""handwritten"", ""text"": ""тіні й запліті світлом кімнати, без-""}, {""bbox"": [159, 1921, 2429, 2044], ""type"": ""handwritten"", ""text"": ""турботний сміх або надтріснуті""}, {""bbox"": [153, 2023, 2753, 2157], ""type"": ""handwritten"", ""text"": ""голоси, які зникають напівголосно заго-""}, {""bbox"": [141, 2145, 2801, 2291], ""type"": ""handwritten"", ""text"": ""воркени про те, що, наймовірніше, більше""}, {""bbox"": [137, 2272, 2703, 2415], ""type"": ""handwritten"", ""text"": ""нічого не буде як раніше. Насупроти,""}, {""bbox"": [134, 2395, 2722, 2540], ""type"": ""handwritten"", ""text"": ""пошрамований із заклесними навхрест""}, {""bbox"": [132, 2523, 2315, 2658], ""type"": ""handwritten"", ""text"": ""шибками твій дім беззахисний""}, {""bbox"": [122, 2644, 2469, 2784], ""type"": ""handwritten"", ""text"": ""під час великої війни біди тепер""}, {""bbox"": [116, 2769, 2468, 2904], ""type"": ""handwritten"", ""text"": ""щосили намагається бути фортецею""}, {""bbox"": [109, 2878, 2400, 3007], ""type"": ""handwritten"", ""text"": ""десь у його кутрощах: у темному,""}, {""bbox"": [112, 2987, 2651, 3124], ""type"": ""handwritten"", ""text"": ""незатинному підвалі часто ховаються""}, {""bbox"": [118, 3103, 2539, 3248], ""type"": ""handwritten"", ""text"": ""від обстрілів люди і домашні звірі""}, {""bbox"": [253, 3240, 2488, 3397], ""type"": ""handwritten"", ""text"": ""А деколи діл здатен уліститися""}, {""bbox"": [127, 3382, 2492, 3520], ""type"": ""handwritten"", ""text"": ""до розмірів вашіми. Всі ми тепер,""}, {""bbox"": [121, 3502, 2642, 3652], ""type"": ""handwritten"", ""text"": ""мов ті равлики, знаємо ціну великих""}, {""bbox"": [109, 3627, 738, 3738], ""type"": ""handwritten"", ""text"": ""переселень.""}, {""bbox"": [237, 3714, 2661, 3837], ""type"": ""handwritten"", ""text"": ""Тпа головне це місце сили і пам'яті""}, {""bbox"": [100, 3838, 2372, 3989], ""type"": ""handwritten"", ""text"": ""роду. З нього чернами скачу твої\""""}]"
fed1ee07-03b4-5220-833f-a1e0e0ea8eed.jpg,"[{""bbox"": [347, 317, 725, 532], ""type"": ""handwritten"", ""text"": "") a""}, {""bbox"": [351, 551, 694, 810], ""type"": ""handwritten"", ""text"": ""13) a""}, {""bbox"": [337, 850, 709, 1057], ""type"": ""handwritten"", ""text"": ""94) a""}, {""bbox"": [318, 1093, 660, 1340], ""type"": ""handwritten"", ""text"": ""15) a""}, {""bbox"": [308, 1375, 715, 1601], ""type"": ""handwritten"", ""text"": ""16) 82.""}, {""bbox"": [324, 1684, 3218, 1959], ""type"": ""handwritten"", ""text"": ""14) Пити колективних засобів зажитку людей:""}, {""bbox"": [515, 1989, 1257, 2144], ""type"": ""handwritten"", ""text"": ""о сховища.""}, {""bbox"": [473, 2241, 2315, 2458], ""type"": ""handwritten"", ""text"": ""о промивчадаційні укріплення.""}, {""bbox"": [456, 2500, 2235, 2740], ""type"": ""handwritten"", ""text"": ""о найкрасніші укриття-чіз""}, {""bbox"": [532, 2723, 2508, 3031], ""type"": ""handwritten"", ""text"": ""ізменення (відкритий чи перекривний).""}]"
ff56b7f0-be49-469d-97c6-32af486c8f6c.jpg,"[{""bbox"": [218, 214, 2405, 452], ""type"": ""handwritten"", ""text"": ""ся руками: спогади, синіх""}, {""bbox"": [225, 397, 1014, 574], ""type"": ""handwritten"", ""text"": ""і елюбов.""}, {""bbox"": [479, 561, 2259, 758], ""type"": ""handwritten"", ""text"": ""Не треба пишати,""}, {""bbox"": [263, 743, 2489, 925], ""type"": ""handwritten"", ""text"": ""как елочется. За всё те,""}, {""bbox"": [265, 919, 2478, 1091], ""type"": ""handwritten"", ""text"": ""цю неколи б не вважала-""}, {""bbox"": [262, 1075, 2431, 1250], ""type"": ""handwritten"", ""text"": ""мии статися. За те, що""}, {""bbox"": [238, 1245, 2454, 1415], ""type"": ""handwritten"", ""text"": ""ми не тільки знаємо, як""}, {""bbox"": [225, 1399, 2466, 1572], ""type"": ""handwritten"", ""text"": ""миметься „дажекобійним""}, {""bbox"": [240, 1556, 2535, 1745], ""type"": ""handwritten"", ""text"": ""дрон \""або \""ваймстігна пахе-""}, {""bbox"": [234, 1721, 2412, 1930], ""type"": ""handwritten"", ""text"": ""\""тос\"", а й розрізнення їх""}, {""bbox"": [216, 1913, 995, 2083], ""type"": ""handwritten"", ""text"": ""на север.""}, {""bbox"": [469, 2051, 2546, 2246], ""type"": ""handwritten"", ""text"": ""Всякие жесты, чтобы им""}, {""bbox"": [225, 2227, 2515, 2400], ""type"": ""handwritten"", ""text"": ""стали схожеся на німе:""}, {""bbox"": [261, 2366, 2515, 2567], ""type"": ""handwritten"", ""text"": ""скніми у вічній гризоті.""}, {""bbox"": [369, 2543, 2559, 2750], ""type"": ""handwritten"", ""text"": ""А если будемо писать ціка-""}, {""bbox"": [285, 2697, 2548, 2917], ""type"": ""handwritten"", ""text"": ""во, всупереч історії і запа-""}, {""bbox"": [304, 2853, 2544, 3087], ""type"": ""handwritten"", ""text"": ""дев теж, що після нес'го-""}, {""bbox"": [302, 3021, 2604, 3333], ""type"": ""handwritten"", ""text"": ""воритие камеон мовою.""}]"
