image,regions
002b94ef-e000-4e76-bc7e-7846166bc806.jpg,"[{""bbox"": [547.75, 833.87, 3804.72, 1062.47], ""type"": ""handwritten"", ""text"": """"}, {""bbox"": [516.58, 1426.31, 3809.88, 1661.16], ""type"": ""handwritten"", ""text"": """"}, {""bbox"": [335.83, 2429.68, 3773.07, 2640.64], ""type"": ""handwritten"", ""text"": """"}, {""bbox"": [334.3, 1848.33, 3559.7, 2050.79], ""type"": ""handwritten"", ""text"": """"}, {""bbox"": [345.45, 4220.95, 2894.05, 4436.66], ""type"": ""handwritten"", ""text"": """"}, {""bbox"": [346.4, 4818.33, 3777.45, 5040.28], ""type"": ""handwritten"", ""text"": """"}, {""bbox"": [349.17, 1060.63, 3788.41, 1289.2], ""type"": ""handwritten"", ""text"": """"}, {""bbox"": [340.63, 2823.77, 3821.88, 3035.45], ""type"": ""handwritten"", ""text"": """"}, {""bbox"": [341.13, 1646.25, 3502.7, 1858.27], ""type"": ""handwritten"", ""text"": """"}, {""bbox"": [329.26, 3226.67, 3755.53, 3432.56], ""type"": ""handwritten"", ""text"": """"}, {""bbox"": [333.95, 2635.84, 3787.05, 2845.03], ""type"": ""handwritten"", ""text"": """"}, {""bbox"": [327.88, 4012.36, 3929.95, 4238.48], ""type"": ""handwritten"", ""text"": """"}, {""bbox"": [336.69, 2252.51, 3788.47, 2444.9], ""type"": ""handwritten"", ""text"": """"}, {""bbox"": [331.32, 4608.98, 3674.01, 4842.93], ""type"": ""handwritten"", ""text"": """"}, {""bbox"": [332.06, 3419.3, 3605.56, 3622.93], ""type"": ""handwritten"", ""text"": """"}, {""bbox"": [331.03, 3811.13, 3847.9, 4034.7], ""type"": ""handwritten"", ""text"": """"}, {""bbox"": [332.47, 2040.28, 3864.03, 2259.25], ""type"": ""handwritten"", ""text"": """"}, {""bbox"": [1402.93, 651.85, 2474.82, 863.7], ""type"": ""handwritten"", ""text"": """"}, {""bbox"": [330.57, 3621.22, 3427.78, 3824.77], ""type"": ""handwritten"", ""text"": """"}, {""bbox"": [674.98, 429.42, 3488.23, 678.57], ""type"": ""handwritten"", ""text"": """"}, {""bbox"": [331.17, 3019.93, 3728.72, 3241.25], ""type"": ""handwritten"", ""text"": """"}, {""bbox"": [487.31, 4413.37, 3834.38, 4633.69], ""type"": ""handwritten"", ""text"": """"}, {""bbox"": [320.6, 1287.32, 743.6, 1468.72], ""type"": ""handwritten"", ""text"": """"}]"
00829c22-1e80-4e13-a395-3f9d8b088f7d.jpg,"[{""bbox"": [285.47, 1301.8, 2816.96, 1441.75], ""type"": ""handwritten"", ""text"": """"}, {""bbox"": [229.86, 3008.02, 2633.78, 3141.57], ""type"": ""handwritten"", ""text"": """"}, {""bbox"": [240.19, 3363.73, 2688.94, 3504.9], ""type"": ""handwritten"", ""text"": """"}, {""bbox"": [831.67, 131.94, 1493.02, 273.93], ""type"": ""handwritten"", ""text"": """"}, {""bbox"": [252.2, 2195.64, 2801.0, 2327.38], ""type"": ""handwritten"", ""text"": """"}, {""bbox"": [279.39, 779.09, 2795.64, 904.45], ""type"": ""handwritten"", ""text"": """"}, {""bbox"": [283.2, 1857.67, 2780.13, 1992.06], ""type"": ""handwritten"", ""text"": """"}, {""bbox"": [299.1, 1400.0, 477.37, 1495.87], ""type"": ""handwritten"", ""text"": """"}, {""bbox"": [222.65, 2776.41, 2726.8, 2907.74], ""type"": ""handwritten"", ""text"": """"}, {""bbox"": [398.78, 3246.12, 2819.9, 3378.72], ""type"": ""handwritten"", ""text"": """"}, {""bbox"": [306.47, 466.72, 2035.72, 589.73], ""type"": ""handwritten"", ""text"": """"}, {""bbox"": [257.02, 2415.39, 2839.11, 2554.06], ""type"": ""handwritten"", ""text"": """"}, {""bbox"": [288.0, 671.44, 2803.07, 794.96], ""type"": ""handwritten"", ""text"": """"}, {""bbox"": [294.08, 1628.94, 2758.44, 1757.31], ""type"": ""handwritten"", ""text"": """"}, {""bbox"": [498.51, 2076.38, 2585.33, 2211.22], ""type"": ""handwritten"", ""text"": """"}, {""bbox"": [227.21, 2898.36, 2629.23, 3022.34], ""type"": ""handwritten"", ""text"": """"}, {""bbox"": [282.04, 1975.11, 1286.02, 2079.04], ""type"": ""handwritten"", ""text"": """"}, {""bbox"": [283.66, 890.12, 2681.3, 1004.92], ""type"": ""handwritten"", ""text"": """"}, {""bbox"": [537.08, 576.27, 2790.59, 685.47], ""type"": ""handwritten"", ""text"": """"}, {""bbox"": [245.86, 3606.75, 2548.74, 3748.89], ""type"": ""handwritten"", ""text"": """"}, {""bbox"": [246.89, 3132.9, 1461.3, 3259.86], ""type"": ""handwritten"", ""text"": """"}, {""bbox"": [251.53, 3489.32, 2798.31, 3625.73], ""type"": ""handwritten"", ""text"": """"}, {""bbox"": [536.13, 346.37, 2784.25, 487.29], ""type"": ""handwritten"", ""text"": """"}, {""bbox"": [244.57, 2308.41, 2829.16, 2436.25], ""type"": ""handwritten"", ""text"": """"}, {""bbox"": [285.41, 987.72, 2753.2, 1111.15], ""type"": ""handwritten"", ""text"": """"}, {""bbox"": [283.02, 1199.62, 2787.46, 1319.48], ""type"": ""handwritten"", ""text"": """"}, {""bbox"": [290.1, 1093.24, 2776.44, 1216.44], ""type"": ""handwritten"", ""text"": """"}, {""bbox"": [452.8, 1504.4, 2738.56, 1643.53], ""type"": ""handwritten"", ""text"": """"}, {""bbox"": [453.22, 2654.82, 2739.9, 2777.81], ""type"": ""handwritten"", ""text"": """"}, {""bbox"": [292.86, 1740.12, 2748.73, 1877.85], ""type"": ""handwritten"", ""text"": """"}, {""bbox"": [262.59, 2542.32, 2411.63, 2667.3], ""type"": ""handwritten"", ""text"": """"}]"
00af1ec3-5315-4782-bc61-bf498617e5a2.jpg,"[{""bbox"": [60.61, 741.3, 1591.52, 868.93], ""type"": ""handwritten"", ""text"": """"}, {""bbox"": [46.61, 2064.97, 1636.36, 2207.38], ""type"": ""handwritten"", ""text"": """"}, {""bbox"": [56.8, 1619.37, 1595.46, 1751.17], ""type"": ""handwritten"", ""text"": """"}, {""bbox"": [111.44, 1832.19, 1537.02, 1965.49], ""type"": ""handwritten"", ""text"": """"}, {""bbox"": [58.88, 1398.85, 1611.56, 1523.23], ""type"": ""handwritten"", ""text"": """"}, {""bbox"": [58.44, 1181.23, 1615.59, 1299.41], ""type"": ""handwritten"", ""text"": """"}, {""bbox"": [60.77, 1510.97, 1470.25, 1633.61], ""type"": ""handwritten"", ""text"": """"}, {""bbox"": [59.61, 1284.13, 1603.28, 1410.96], ""type"": ""handwritten"", ""text"": """"}, {""bbox"": [132.21, 217.66, 1606.19, 331.78], ""type"": ""handwritten"", ""text"": """"}, {""bbox"": [57.92, 857.23, 1541.94, 973.96], ""type"": ""handwritten"", ""text"": """"}, {""bbox"": [49.87, 638.2, 1569.76, 753.45], ""type"": ""handwritten"", ""text"": """"}, {""bbox"": [46.78, 1952.81, 1539.31, 2078.95], ""type"": ""handwritten"", ""text"": """"}, {""bbox"": [51.96, 1069.61, 1424.8, 1188.37], ""type"": ""handwritten"", ""text"": """"}, {""bbox"": [118.46, 529.56, 1606.56, 647.27], ""type"": ""handwritten"", ""text"": """"}, {""bbox"": [44.98, 319.79, 1512.71, 449.98], ""type"": ""handwritten"", ""text"": """"}, {""bbox"": [56.27, 958.96, 1620.06, 1081.68], ""type"": ""handwritten"", ""text"": """"}, {""bbox"": [319.7, 103.44, 894.32, 225.6], ""type"": ""handwritten"", ""text"": """"}, {""bbox"": [409.11, 12.26, 1109.93, 118.97], ""type"": ""handwritten"", ""text"": """"}, {""bbox"": [54.09, 425.81, 425.73, 539.47], ""type"": ""handwritten"", ""text"": """"}, {""bbox"": [66.0, 1728.42, 240.5, 1824.4], ""type"": ""handwritten"", ""text"": """"}]"
010c6dad-2f5d-4e4c-802b-f978a7e1998b.jpg,"[{""bbox"": [1224.05, 2309.66, 3839.8, 2630.48], ""type"": ""formula"", ""text"": """"}, {""bbox"": [816.6, 4006.77, 2953.23, 4342.72], ""type"": ""formula"", ""text"": """"}, {""bbox"": [1125.54, 8622.35, 2826.49, 8868.88], ""type"": ""formula"", ""text"": """"}, {""bbox"": [704.94, 3680.57, 2816.71, 4046.39], ""type"": ""formula"", ""text"": """"}, {""bbox"": [1508.55, 2659.32, 3098.2, 2896.56], ""type"": ""formula"", ""text"": """"}, {""bbox"": [383.56, 2972.83, 2503.6, 3598.25], ""type"": ""formula"", ""text"": """"}, {""bbox"": [958.0, 4803.17, 2633.37, 5161.38], ""type"": ""formula"", ""text"": """"}, {""bbox"": [582.66, 124.37, 3881.11, 464.17], ""type"": ""formula"", ""text"": """"}, {""bbox"": [1136.81, 1205.16, 3972.73, 1495.6], ""type"": ""formula"", ""text"": """"}, {""bbox"": [633.59, 4309.16, 3592.86, 4786.78], ""type"": ""formula"", ""text"": """"}, {""bbox"": [1154.16, 8853.48, 2744.43, 9099.49], ""type"": ""formula"", ""text"": """"}, {""bbox"": [938.28, 7278.67, 2440.48, 7608.62], ""type"": ""formula"", ""text"": """"}, {""bbox"": [873.86, 6489.21, 3787.64, 6828.65], ""type"": ""formula"", ""text"": """"}, {""bbox"": [738.01, 6861.11, 3556.65, 7200.3], ""type"": ""formula"", ""text"": """"}, {""bbox"": [1071.97, 2049.13, 3368.9, 2308.82], ""type"": ""formula"", ""text"": """"}, {""bbox"": [1756.89, 2901.19, 2849.72, 3141.56], ""type"": ""formula"", ""text"": """"}, {""bbox"": [1023.04, 8372.6, 2411.05, 8634.13], ""type"": ""formula"", ""text"": """"}, {""bbox"": [975.45, 5194.27, 3573.16, 5501.83], ""type"": ""formula"", ""text"": """"}, {""bbox"": [924.66, 7634.71, 2622.3, 7982.5], ""type"": ""formula"", ""text"": """"}, {""bbox"": [903.15, 1781.84, 3664.7, 2057.72], ""type"": ""formula"", ""text"": """"}, {""bbox"": [2321.79, 6016.14, 5839.99, 6415.6], ""type"": ""formula"", ""text"": """"}, {""bbox"": [1308.08, 947.23, 2420.52, 1203.37], ""type"": ""formula"", ""text"": """"}, {""bbox"": [611.34, 8039.49, 2851.88, 8371.74], ""type"": ""formula"", ""text"": """"}, {""bbox"": [1160.32, 656.1, 2973.54, 990.34], ""type"": ""formula"", ""text"": """"}, {""bbox"": [922.53, 6097.72, 2027.64, 6455.22], ""type"": ""formula"", ""text"": """"}, {""bbox"": [340.61, 5538.74, 1854.29, 6119.49], ""type"": ""formula"", ""text"": """"}, {""bbox"": [510.4, 3444.34, 1004.27, 3616.6], ""type"": ""handwritten"", ""text"": """"}, {""bbox"": [2865.51, 7475.88, 3863.58, 7714.64], ""type"": ""formula"", ""text"": """"}, {""bbox"": [1207.93, 9064.05, 4860.99, 9317.8], ""type"": ""handwritten"", ""text"": """"}, {""bbox"": [1723.61, 5491.93, 2695.75, 5702.23], ""type"": ""handwritten"", ""text"": """"}, {""bbox"": [1075.66, 1502.48, 4492.08, 1817.88], ""type"": ""formula"", ""text"": """"}, {""bbox"": [1651.11, 441.24, 2442.08, 701.6], ""type"": ""handwritten"", ""text"": """"}, {""bbox"": [3296.89, 5212.78, 3642.84, 5507.6], ""type"": ""image"", ""text"": """"}, {""bbox"": [422.42, 8031.68, 753.67, 8227.13], ""type"": ""annotation"", ""text"": """"}, {""bbox"": [349.52, 5500.58, 2717.58, 5863.13], ""type"": ""formula"", ""text"": """"}, {""bbox"": [1028.01, 5847.35, 1662.91, 6121.24], ""type"": ""formula"", ""text"": """"}, {""bbox"": [327.97, 5505.65, 5557.64, 6117.45], ""type"": ""formula"", ""text"": """"}]"
011934b4-d919-5000-8c1e-39f96daeba68.jpg,"[{""bbox"": [1.13, 1589.1, 1485.07, 1745.21], ""type"": ""handwritten"", ""text"": """"}, {""bbox"": [475.16, 818.47, 1149.26, 948.08], ""type"": ""handwritten"", ""text"": """"}, {""bbox"": [5.32, 1461.52, 1175.72, 1584.89], ""type"": ""handwritten"", ""text"": """"}, {""bbox"": [48.35, 1932.27, 1226.27, 2064.15], ""type"": ""handwritten"", ""text"": """"}, {""bbox"": [59.21, 1112.95, 1357.84, 1261.72], ""type"": ""formula"", ""text"": """"}, {""bbox"": [14.87, 939.67, 210.55, 1021.38], ""type"": ""handwritten"", ""text"": """"}, {""bbox"": [0.41, 1763.61, 275.08, 1918.03], ""type"": ""handwritten"", ""text"": """"}, {""bbox"": [1.14, 1261.58, 298.64, 1416.34], ""type"": ""handwritten"", ""text"": """"}, {""bbox"": [0.73, 2591.38, 1827.91, 2787.8], ""type"": ""formula"", ""text"": """"}, {""bbox"": [0.0, 2325.06, 256.31, 2472.17], ""type"": ""handwritten"", ""text"": """"}, {""bbox"": [20.18, 2067.8, 1337.47, 2244.97], ""type"": ""handwritten"", ""text"": """"}, {""bbox"": [1463.0, 2467.38, 1818.97, 2569.52], ""type"": ""formula"", ""text"": """"}, {""bbox"": [789.66, 2065.09, 1333.77, 2233.53], ""type"": ""formula"", ""text"": """"}, {""bbox"": [0.29, 2468.37, 1695.81, 2613.54], ""type"": ""formula"", ""text"": """"}, {""bbox"": [26.88, 2089.08, 343.62, 2246.25], ""type"": ""formula"", ""text"": """"}, {""bbox"": [1418.09, 2598.54, 1830.89, 2723.13], ""type"": ""formula"", ""text"": """"}, {""bbox"": [412.88, 2101.88, 714.58, 2204.03], ""type"": ""handwritten"", ""text"": """"}, {""bbox"": [343.26, 0.0, 1813.0, 587.76], ""type"": ""graph"", ""text"": """"}, {""bbox"": [1538.83, 2.1, 1706.05, 100.63], ""type"": ""annotation"", ""text"": """"}, {""bbox"": [1027.65, 1148.52, 1353.93, 1260.89], ""type"": ""formula"", ""text"": """"}, {""bbox"": [68.32, 1333.02, 294.71, 1412.94], ""type"": ""handwritten"", ""text"": """"}, {""bbox"": [5.98, 861.13, 218.76, 1031.45], ""type"": ""handwritten"", ""text"": """"}, {""bbox"": [48.23, 1933.57, 425.66, 2048.13], ""type"": ""formula"", ""text"": """"}, {""bbox"": [21.85, 2087.04, 713.85, 2245.56], ""type"": ""formula"", ""text"": """"}]"
012bfc6a-e224-58a6-8b72-b24159292c64.jpg,"[{""bbox"": [507.11, 2650.02, 2309.89, 2812.61], ""type"": ""handwritten"", ""text"": """"}, {""bbox"": [477.21, 3111.14, 2379.25, 3275.92], ""type"": ""handwritten"", ""text"": """"}, {""bbox"": [501.2, 2501.92, 2452.27, 2664.78], ""type"": ""handwritten"", ""text"": """"}, {""bbox"": [493.13, 2936.96, 2534.46, 3130.11], ""type"": ""handwritten"", ""text"": """"}, {""bbox"": [468.74, 3248.69, 2460.3, 3431.19], ""type"": ""handwritten"", ""text"": """"}, {""bbox"": [538.22, 1497.93, 703.84, 1600.68], ""type"": ""handwritten"", ""text"": """"}, {""bbox"": [547.46, 1207.08, 718.44, 1320.59], ""type"": ""handwritten"", ""text"": """"}, {""bbox"": [518.16, 1764.63, 1716.78, 1895.69], ""type"": ""handwritten"", ""text"": """"}, {""bbox"": [538.07, 1649.19, 706.16, 1732.3], ""type"": ""handwritten"", ""text"": """"}, {""bbox"": [511.76, 2184.51, 2292.38, 2374.12], ""type"": ""handwritten"", ""text"": """"}, {""bbox"": [466.47, 3419.36, 1529.69, 3572.36], ""type"": ""handwritten"", ""text"": """"}, {""bbox"": [500.61, 1916.86, 1248.4, 2053.49], ""type"": ""handwritten"", ""text"": """"}, {""bbox"": [533.31, 2341.03, 2428.21, 2520.68], ""type"": ""handwritten"", ""text"": """"}, {""bbox"": [546.66, 1091.06, 715.45, 1181.29], ""type"": ""handwritten"", ""text"": """"}, {""bbox"": [1152.29, 830.01, 2346.44, 996.78], ""type"": ""handwritten"", ""text"": """"}, {""bbox"": [481.55, 2799.3, 2536.39, 2958.28], ""type"": ""handwritten"", ""text"": """"}, {""bbox"": [508.2, 2055.99, 1834.34, 2183.27], ""type"": ""handwritten"", ""text"": """"}, {""bbox"": [568.97, 961.18, 703.85, 1052.05], ""type"": ""handwritten"", ""text"": """"}, {""bbox"": [548.0, 1390.58, 690.62, 1459.98], ""type"": ""handwritten"", ""text"": """"}, {""bbox"": [627.52, 4.06, 1302.45, 681.52], ""type"": ""graph"", ""text"": """"}, {""bbox"": [589.03, 5.86, 2782.27, 1010.51], ""type"": ""graph"", ""text"": """"}, {""bbox"": [622.87, 60.56, 819.32, 212.36], ""type"": ""handwritten"", ""text"": """"}, {""bbox"": [512.5, 2057.02, 851.73, 2174.02], ""type"": ""handwritten"", ""text"": """"}, {""bbox"": [1635.05, 0.66, 3052.74, 824.33], ""type"": ""image"", ""text"": """"}, {""bbox"": [0.0, 464.64, 253.5, 603.83], ""type"": ""handwritten"", ""text"": """"}, {""bbox"": [879.23, 400.19, 1272.95, 654.78], ""type"": ""handwritten"", ""text"": """"}, {""bbox"": [2814.56, 44.38, 3060.0, 284.77], ""type"": ""image"", ""text"": """"}]"
01b6409c-9e0f-4b10-b79d-61c548d999c8.jpg,"[{""bbox"": [177.16, 1930.77, 2081.61, 2083.48], ""type"": ""handwritten"", ""text"": """"}, {""bbox"": [184.47, 1605.0, 2087.74, 1735.89], ""type"": ""handwritten"", ""text"": """"}, {""bbox"": [291.95, 102.19, 2041.5, 266.88], ""type"": ""handwritten"", ""text"": """"}, {""bbox"": [142.27, 248.67, 1913.52, 376.17], ""type"": ""handwritten"", ""text"": """"}, {""bbox"": [188.71, 1826.38, 2053.87, 1957.23], ""type"": ""handwritten"", ""text"": """"}, {""bbox"": [172.97, 1414.29, 1695.06, 1533.18], ""type"": ""handwritten"", ""text"": """"}, {""bbox"": [161.3, 987.12, 2073.97, 1111.65], ""type"": ""handwritten"", ""text"": """"}, {""bbox"": [172.95, 1717.66, 2105.42, 1844.87], ""type"": ""handwritten"", ""text"": """"}, {""bbox"": [173.48, 1302.28, 2065.63, 1432.97], ""type"": ""handwritten"", ""text"": """"}, {""bbox"": [153.48, 563.06, 2074.11, 709.46], ""type"": ""handwritten"", ""text"": """"}, {""bbox"": [146.37, 353.25, 2057.24, 483.04], ""type"": ""handwritten"", ""text"": """"}, {""bbox"": [163.09, 1192.54, 2079.88, 1326.69], ""type"": ""handwritten"", ""text"": """"}, {""bbox"": [151.26, 461.18, 2050.06, 592.97], ""type"": ""handwritten"", ""text"": """"}, {""bbox"": [156.93, 769.62, 1827.73, 919.15], ""type"": ""handwritten"", ""text"": """"}, {""bbox"": [371.72, 1509.75, 2065.13, 1632.98], ""type"": ""handwritten"", ""text"": """"}, {""bbox"": [323.29, 878.71, 2057.17, 1007.95], ""type"": ""handwritten"", ""text"": """"}, {""bbox"": [165.18, 1090.69, 1898.3, 1222.42], ""type"": ""handwritten"", ""text"": """"}, {""bbox"": [190.7, 2051.26, 409.17, 2176.11], ""type"": ""handwritten"", ""text"": """"}, {""bbox"": [156.01, 669.5, 2057.92, 817.32], ""type"": ""handwritten"", ""text"": """"}]"
01e7254a-cda3-4e9f-82ae-f0db5e3ec0a3.jpg,"[{""bbox"": [242.25, 1638.69, 2725.51, 1830.11], ""type"": ""handwritten"", ""text"": """"}, {""bbox"": [103.9, 1807.98, 2567.2, 1976.96], ""type"": ""handwritten"", ""text"": """"}, {""bbox"": [157.4, 138.32, 2497.29, 355.3], ""type"": ""handwritten"", ""text"": """"}, {""bbox"": [101.63, 1955.75, 2522.36, 2128.69], ""type"": ""handwritten"", ""text"": """"}, {""bbox"": [115.43, 2108.55, 2586.34, 2280.09], ""type"": ""handwritten"", ""text"": """"}, {""bbox"": [133.99, 2261.3, 1920.88, 2448.19], ""type"": ""handwritten"", ""text"": """"}, {""bbox"": [80.2, 764.34, 2667.13, 951.26], ""type"": ""handwritten"", ""text"": """"}, {""bbox"": [104.57, 307.26, 2671.51, 533.27], ""type"": ""handwritten"", ""text"": """"}, {""bbox"": [62.41, 1355.39, 2726.64, 1556.32], ""type"": ""handwritten"", ""text"": """"}, {""bbox"": [139.96, 1066.44, 2403.49, 1236.37], ""type"": ""handwritten"", ""text"": """"}, {""bbox"": [162.04, 622.45, 1028.26, 767.31], ""type"": ""handwritten"", ""text"": """"}, {""bbox"": [174.76, 923.22, 2700.26, 1116.0], ""type"": ""handwritten"", ""text"": """"}, {""bbox"": [133.29, 1508.47, 934.46, 1664.58], ""type"": ""handwritten"", ""text"": """"}, {""bbox"": [131.93, 1216.77, 2720.15, 1398.87], ""type"": ""handwritten"", ""text"": """"}, {""bbox"": [170.35, 485.14, 2683.57, 702.9], ""type"": ""handwritten"", ""text"": """"}, {""bbox"": [0.0, 767.04, 181.43, 916.39], ""type"": ""handwritten"", ""text"": """"}]"
0202d8d0-d9a3-4d25-a041-90f5720f3f51.jpg,"[{""bbox"": [3.63, 637.91, 765.18, 697.21], ""type"": ""handwritten"", ""text"": """"}, {""bbox"": [2.97, 592.98, 797.85, 646.62], ""type"": ""handwritten"", ""text"": """"}, {""bbox"": [3.31, 508.42, 795.54, 558.26], ""type"": ""handwritten"", ""text"": """"}, {""bbox"": [3.22, 377.45, 793.45, 430.38], ""type"": ""handwritten"", ""text"": """"}, {""bbox"": [65.64, 721.47, 804.27, 776.53], ""type"": ""handwritten"", ""text"": """"}, {""bbox"": [4.99, 285.43, 785.41, 345.39], ""type"": ""handwritten"", ""text"": """"}, {""bbox"": [66.36, 977.47, 808.42, 1072.53], ""type"": ""handwritten"", ""text"": """"}, {""bbox"": [1.87, 421.14, 794.85, 470.6], ""type"": ""handwritten"", ""text"": """"}, {""bbox"": [12.38, 900.15, 815.54, 966.16], ""type"": ""handwritten"", ""text"": """"}, {""bbox"": [86.74, 110.46, 768.59, 175.14], ""type"": ""handwritten"", ""text"": """"}, {""bbox"": [6.46, 809.32, 808.44, 869.24], ""type"": ""handwritten"", ""text"": """"}, {""bbox"": [3.27, 551.96, 797.72, 601.75], ""type"": ""handwritten"", ""text"": """"}, {""bbox"": [73.22, 238.27, 784.02, 304.32], ""type"": ""handwritten"", ""text"": """"}, {""bbox"": [203.45, 16.6, 400.93, 77.44], ""type"": ""handwritten"", ""text"": """"}, {""bbox"": [1.74, 332.33, 789.19, 389.77], ""type"": ""handwritten"", ""text"": """"}, {""bbox"": [11.23, 856.83, 810.75, 913.53], ""type"": ""handwritten"", ""text"": """"}, {""bbox"": [3.88, 188.32, 196.9, 243.15], ""type"": ""handwritten"", ""text"": """"}, {""bbox"": [185.6, 69.8, 499.85, 126.0], ""type"": ""handwritten"", ""text"": """"}, {""bbox"": [3.33, 687.74, 236.5, 729.58], ""type"": ""handwritten"", ""text"": """"}, {""bbox"": [3.0, 463.1, 792.45, 515.86], ""type"": ""handwritten"", ""text"": """"}, {""bbox"": [0.79, 153.85, 766.89, 235.78], ""type"": ""handwritten"", ""text"": """"}, {""bbox"": [4.89, 964.43, 229.47, 1003.9], ""type"": ""handwritten"", ""text"": """"}, {""bbox"": [5.22, 767.82, 804.19, 819.3], ""type"": ""handwritten"", ""text"": """"}]"
0207523a-9012-42d9-9533-e960eae7f4e0.jpg,"[{""bbox"": [348.84, 2137.24, 2466.96, 2329.05], ""type"": ""handwritten"", ""text"": """"}, {""bbox"": [316.58, 1978.76, 2391.64, 2166.24], ""type"": ""handwritten"", ""text"": """"}, {""bbox"": [277.77, 3236.37, 2674.91, 3409.83], ""type"": ""handwritten"", ""text"": """"}, {""bbox"": [340.42, 1799.5, 2521.29, 1993.11], ""type"": ""handwritten"", ""text"": """"}, {""bbox"": [228.36, 3409.53, 2678.05, 3606.45], ""type"": ""handwritten"", ""text"": """"}, {""bbox"": [328.3, 1599.87, 2525.07, 1818.39], ""type"": ""handwritten"", ""text"": """"}, {""bbox"": [303.5, 3018.86, 2790.43, 3233.99], ""type"": ""handwritten"", ""text"": """"}, {""bbox"": [303.44, 2853.85, 2713.71, 3050.93], ""type"": ""handwritten"", ""text"": """"}, {""bbox"": [504.36, 893.03, 2573.68, 1111.54], ""type"": ""handwritten"", ""text"": """"}, {""bbox"": [337.9, 1424.6, 2547.72, 1639.3], ""type"": ""handwritten"", ""text"": """"}, {""bbox"": [304.25, 2508.28, 2642.29, 2684.48], ""type"": ""handwritten"", ""text"": """"}, {""bbox"": [331.89, 1246.98, 2613.82, 1474.29], ""type"": ""handwritten"", ""text"": """"}, {""bbox"": [323.9, 2309.03, 2753.61, 2496.83], ""type"": ""handwritten"", ""text"": """"}, {""bbox"": [301.99, 2699.1, 2456.87, 2846.76], ""type"": ""handwritten"", ""text"": """"}, {""bbox"": [820.69, 377.82, 2304.76, 559.2], ""type"": ""handwritten"", ""text"": """"}, {""bbox"": [201.94, 3578.7, 2647.87, 3767.46], ""type"": ""handwritten"", ""text"": """"}, {""bbox"": [427.04, 531.7, 2699.69, 777.05], ""type"": ""handwritten"", ""text"": """"}, {""bbox"": [890.95, 737.51, 1901.24, 946.76], ""type"": ""handwritten"", ""text"": """"}, {""bbox"": [334.11, 1076.53, 2713.47, 1281.36], ""type"": ""handwritten"", ""text"": """"}, {""bbox"": [1150.02, 192.32, 1949.89, 373.52], ""type"": ""handwritten"", ""text"": """"}, {""bbox"": [0.0, 983.32, 376.81, 2927.18], ""type"": ""image"", ""text"": """"}, {""bbox"": [818.38, 734.34, 2561.01, 955.19], ""type"": ""handwritten"", ""text"": """"}, {""bbox"": [0.0, 0.0, 480.89, 899.82], ""type"": ""image"", ""text"": """"}, {""bbox"": [1022.78, 3739.17, 1919.96, 3995.0], ""type"": ""image"", ""text"": """"}, {""bbox"": [211.48, 3741.37, 2641.98, 3999.49], ""type"": ""handwritten"", ""text"": """"}, {""bbox"": [2573.74, 1150.93, 2995.63, 1262.64], ""type"": ""handwritten"", ""text"": """"}]"
028298e9-4d7f-4f77-ada6-f9f0ca7a305e.jpg,"[{""bbox"": [30.81, 578.96, 568.14, 620.22], ""type"": ""handwritten"", ""text"": """"}, {""bbox"": [33.13, 614.82, 519.41, 654.04], ""type"": ""handwritten"", ""text"": """"}, {""bbox"": [20.39, 325.47, 212.67, 361.42], ""type"": ""handwritten"", ""text"": """"}, {""bbox"": [31.21, 774.07, 302.66, 811.79], ""type"": ""handwritten"", ""text"": """"}, {""bbox"": [29.24, 151.09, 569.91, 201.81], ""type"": ""handwritten"", ""text"": """"}, {""bbox"": [31.13, 51.34, 566.95, 101.16], ""type"": ""handwritten"", ""text"": """"}, {""bbox"": [29.79, 248.39, 577.0, 295.03], ""type"": ""handwritten"", ""text"": """"}, {""bbox"": [31.16, 677.93, 534.18, 718.69], ""type"": ""handwritten"", ""text"": """"}, {""bbox"": [28.98, 86.24, 535.94, 139.0], ""type"": ""handwritten"", ""text"": """"}, {""bbox"": [29.36, 213.58, 576.76, 261.64], ""type"": ""handwritten"", ""text"": """"}, {""bbox"": [31.99, 646.85, 574.6, 687.58], ""type"": ""handwritten"", ""text"": """"}, {""bbox"": [27.67, 285.08, 576.99, 329.13], ""type"": ""handwritten"", ""text"": """"}, {""bbox"": [29.12, 114.1, 565.83, 172.69], ""type"": ""handwritten"", ""text"": """"}, {""bbox"": [54.84, 182.64, 576.59, 227.32], ""type"": ""handwritten"", ""text"": """"}, {""bbox"": [29.69, 803.42, 223.71, 846.52], ""type"": ""handwritten"", ""text"": """"}, {""bbox"": [32.08, 710.43, 576.27, 748.9], ""type"": ""handwritten"", ""text"": """"}, {""bbox"": [250.01, 865.36, 539.43, 898.29], ""type"": ""handwritten"", ""text"": """"}, {""bbox"": [31.38, 742.68, 576.83, 786.91], ""type"": ""handwritten"", ""text"": """"}, {""bbox"": [30.23, 847.18, 154.64, 867.55], ""type"": ""handwritten"", ""text"": """"}, {""bbox"": [40.04, 175.88, 577.0, 258.4], ""type"": ""handwritten"", ""text"": """"}]"
029de491-d8ee-4fb8-a689-cbfdb14c1f8a.jpg,"[{""bbox"": [407.93, 915.55, 2162.02, 1049.17], ""type"": ""handwritten"", ""text"": """"}, {""bbox"": [662.17, 1121.09, 2280.04, 1265.57], ""type"": ""handwritten"", ""text"": """"}, {""bbox"": [404.13, 798.63, 2502.96, 926.8], ""type"": ""handwritten"", ""text"": """"}, {""bbox"": [540.36, 692.32, 2339.41, 811.73], ""type"": ""handwritten"", ""text"": """"}, {""bbox"": [407.24, 1370.96, 2573.23, 1513.05], ""type"": ""handwritten"", ""text"": """"}, {""bbox"": [352.41, 3103.31, 2698.31, 3280.3], ""type"": ""handwritten"", ""text"": """"}, {""bbox"": [436.1, 1617.93, 2564.77, 1761.43], ""type"": ""handwritten"", ""text"": """"}, {""bbox"": [415.07, 1494.69, 2273.14, 1638.5], ""type"": ""handwritten"", ""text"": """"}, {""bbox"": [365.09, 2395.38, 2621.41, 2542.82], ""type"": ""handwritten"", ""text"": """"}, {""bbox"": [421.32, 1740.31, 2481.48, 1887.18], ""type"": ""handwritten"", ""text"": """"}, {""bbox"": [706.95, 2252.22, 2705.36, 2409.85], ""type"": ""handwritten"", ""text"": """"}, {""bbox"": [446.96, 2127.2, 2674.95, 2270.17], ""type"": ""handwritten"", ""text"": """"}, {""bbox"": [423.47, 1252.83, 2495.5, 1386.31], ""type"": ""handwritten"", ""text"": """"}, {""bbox"": [333.97, 3261.4, 2770.24, 3459.28], ""type"": ""handwritten"", ""text"": """"}, {""bbox"": [394.7, 2803.57, 2846.58, 2984.38], ""type"": ""handwritten"", ""text"": """"}, {""bbox"": [382.13, 2951.47, 2840.8, 3128.36], ""type"": ""handwritten"", ""text"": """"}, {""bbox"": [422.04, 1039.24, 1432.71, 1151.58], ""type"": ""handwritten"", ""text"": """"}, {""bbox"": [354.38, 3450.71, 1264.07, 3606.14], ""type"": ""handwritten"", ""text"": """"}, {""bbox"": [446.69, 1996.61, 2700.91, 2142.27], ""type"": ""handwritten"", ""text"": """"}, {""bbox"": [412.73, 1866.61, 2557.32, 2018.1], ""type"": ""handwritten"", ""text"": """"}, {""bbox"": [430.58, 2654.33, 2840.45, 2838.15], ""type"": ""handwritten"", ""text"": """"}, {""bbox"": [347.47, 2521.03, 2804.28, 2683.29], ""type"": ""handwritten"", ""text"": """"}, {""bbox"": [801.73, 585.71, 1870.1, 712.03], ""type"": ""handwritten"", ""text"": """"}, {""bbox"": [2227.31, 497.64, 2642.57, 588.29], ""type"": ""annotation"", ""text"": """"}, {""bbox"": [345.43, 3421.64, 2914.7, 3617.99], ""type"": ""handwritten"", ""text"": """"}]"
02d9ea31-d60e-40b3-9197-6bbea1d816dc.jpg,"[{""bbox"": [19.61, 12.49, 1361.02, 78.92], ""type"": ""handwritten"", ""text"": """"}, {""bbox"": [16.8, 253.63, 1244.08, 351.01], ""type"": ""handwritten"", ""text"": """"}, {""bbox"": [19.78, 79.25, 753.21, 142.78], ""type"": ""handwritten"", ""text"": """"}, {""bbox"": [32.83, 139.57, 786.53, 214.73], ""type"": ""handwritten"", ""text"": """"}, {""bbox"": [42.54, 336.86, 1413.56, 435.59], ""type"": ""handwritten"", ""text"": """"}, {""bbox"": [13.34, 1281.28, 160.83, 1342.91], ""type"": ""handwritten"", ""text"": """"}, {""bbox"": [15.23, 895.21, 119.99, 946.72], ""type"": ""handwritten"", ""text"": """"}, {""bbox"": [15.08, 1012.21, 119.56, 1067.54], ""type"": ""handwritten"", ""text"": """"}, {""bbox"": [42.55, 721.75, 210.73, 788.2], ""type"": ""handwritten"", ""text"": """"}, {""bbox"": [8.12, 407.01, 1519.54, 503.77], ""type"": ""handwritten"", ""text"": """"}, {""bbox"": [10.81, 1350.27, 120.21, 1409.85], ""type"": ""handwritten"", ""text"": """"}, {""bbox"": [13.68, 949.61, 167.04, 1003.87], ""type"": ""handwritten"", ""text"": """"}, {""bbox"": [22.67, 787.07, 155.36, 840.8], ""type"": ""handwritten"", ""text"": """"}, {""bbox"": [19.93, 198.77, 704.47, 272.85], ""type"": ""handwritten"", ""text"": """"}, {""bbox"": [19.59, 842.89, 272.74, 897.32], ""type"": ""handwritten"", ""text"": """"}, {""bbox"": [12.86, 1219.7, 132.87, 1274.48], ""type"": ""handwritten"", ""text"": """"}, {""bbox"": [11.73, 1077.07, 114.58, 1137.31], ""type"": ""handwritten"", ""text"": """"}, {""bbox"": [11.82, 1146.79, 109.16, 1213.06], ""type"": ""handwritten"", ""text"": """"}, {""bbox"": [13.13, 468.87, 1436.88, 568.78], ""type"": ""handwritten"", ""text"": """"}, {""bbox"": [20.39, 526.41, 329.95, 587.34], ""type"": ""handwritten"", ""text"": """"}]"
0316ef50-0619-485b-9144-51f92b343dbf.jpg,"[{""bbox"": [790.53, 1376.17, 2327.61, 1581.76], ""type"": ""handwritten"", ""text"": """"}, {""bbox"": [534.25, 2454.13, 2227.46, 2673.16], ""type"": ""handwritten"", ""text"": """"}, {""bbox"": [782.27, 949.99, 2245.33, 1143.04], ""type"": ""handwritten"", ""text"": """"}, {""bbox"": [546.01, 1532.2, 2362.44, 1720.74], ""type"": ""handwritten"", ""text"": """"}, {""bbox"": [529.59, 1672.51, 2252.45, 1880.27], ""type"": ""handwritten"", ""text"": """"}, {""bbox"": [526.02, 2960.5, 2597.53, 3203.52], ""type"": ""handwritten"", ""text"": """"}, {""bbox"": [553.48, 1098.5, 2371.14, 1286.7], ""type"": ""handwritten"", ""text"": """"}, {""bbox"": [553.41, 2134.35, 2342.6, 2351.5], ""type"": ""handwritten"", ""text"": """"}, {""bbox"": [538.04, 1821.26, 2318.5, 2031.71], ""type"": ""handwritten"", ""text"": """"}, {""bbox"": [531.72, 1248.29, 2016.46, 1480.45], ""type"": ""handwritten"", ""text"": """"}, {""bbox"": [965.97, 775.58, 1647.26, 938.68], ""type"": ""handwritten"", ""text"": """"}, {""bbox"": [523.35, 2626.32, 2476.07, 2869.23], ""type"": ""handwritten"", ""text"": """"}, {""bbox"": [535.79, 1986.38, 2298.31, 2196.99], ""type"": ""handwritten"", ""text"": """"}, {""bbox"": [519.74, 3134.0, 2542.11, 3399.3], ""type"": ""handwritten"", ""text"": """"}, {""bbox"": [493.63, 3319.82, 2535.97, 3608.27], ""type"": ""handwritten"", ""text"": """"}, {""bbox"": [514.51, 2773.04, 2438.26, 3027.41], ""type"": ""handwritten"", ""text"": """"}, {""bbox"": [543.99, 2300.44, 2359.66, 2511.85], ""type"": ""handwritten"", ""text"": """"}]"
0341e0e1-a15e-4c05-9492-112a1fdba233.jpg,"[{""bbox"": [212.49, 710.43, 2009.75, 839.23], ""type"": ""handwritten"", ""text"": """"}, {""bbox"": [219.97, 590.06, 2712.84, 729.74], ""type"": ""handwritten"", ""text"": """"}, {""bbox"": [220.35, 948.03, 2739.96, 1078.88], ""type"": ""handwritten"", ""text"": """"}, {""bbox"": [221.57, 468.93, 2823.28, 606.96], ""type"": ""handwritten"", ""text"": """"}, {""bbox"": [223.56, 352.81, 2734.04, 485.11], ""type"": ""handwritten"", ""text"": """"}, {""bbox"": [363.3, 824.29, 2828.19, 960.52], ""type"": ""handwritten"", ""text"": """"}, {""bbox"": [225.44, 1053.89, 2797.19, 1196.94], ""type"": ""handwritten"", ""text"": """"}, {""bbox"": [228.46, 1292.34, 2551.49, 1425.28], ""type"": ""handwritten"", ""text"": """"}, {""bbox"": [222.74, 1176.05, 2827.16, 1316.06], ""type"": ""handwritten"", ""text"": """"}, {""bbox"": [248.16, 1406.33, 695.71, 1515.51], ""type"": ""handwritten"", ""text"": """"}, {""bbox"": [227.2, 228.53, 2771.55, 372.73], ""type"": ""handwritten"", ""text"": """"}]"
03edb2e3-11b4-4b45-98c8-45ce1936cf83.jpg,"[{""bbox"": [395.01, 488.36, 2048.48, 615.02], ""type"": ""printed"", ""text"": """"}, {""bbox"": [392.75, 396.65, 2041.7, 514.44], ""type"": ""printed"", ""text"": """"}, {""bbox"": [385.14, 583.75, 2025.6, 707.99], ""type"": ""printed"", ""text"": """"}, {""bbox"": [395.39, 776.69, 2023.01, 894.4], ""type"": ""printed"", ""text"": """"}, {""bbox"": [365.78, 258.9, 1979.96, 435.19], ""type"": ""printed"", ""text"": """"}, {""bbox"": [419.02, 679.34, 2038.28, 806.76], ""type"": ""printed"", ""text"": """"}, {""bbox"": [362.88, 864.07, 2008.62, 1032.82], ""type"": ""handwritten"", ""text"": """"}, {""bbox"": [371.47, 471.84, 2019.06, 558.87], ""type"": ""printed"", ""text"": """"}]"
0414761c-70d3-48f4-ad2d-23b965d67685.jpg,"[{""bbox"": [34.77, 821.75, 825.26, 933.85], ""type"": ""formula"", ""text"": """"}, {""bbox"": [37.32, 594.8, 711.56, 716.76], ""type"": ""formula"", ""text"": """"}, {""bbox"": [70.66, 1174.63, 435.03, 1262.89], ""type"": ""handwritten"", ""text"": """"}, {""bbox"": [46.09, 315.48, 441.22, 395.89], ""type"": ""handwritten"", ""text"": """"}, {""bbox"": [16.52, 956.52, 683.36, 1087.33], ""type"": ""formula"", ""text"": """"}, {""bbox"": [31.52, 714.11, 475.49, 831.51], ""type"": ""formula"", ""text"": """"}, {""bbox"": [38.76, 500.73, 546.5, 603.11], ""type"": ""handwritten"", ""text"": """"}, {""bbox"": [52.02, 1464.55, 1298.48, 1577.99], ""type"": ""handwritten"", ""text"": """"}, {""bbox"": [38.19, 1081.67, 1442.52, 1196.94], ""type"": ""handwritten"", ""text"": """"}, {""bbox"": [115.79, 1661.34, 1573.21, 1768.77], ""type"": ""handwritten"", ""text"": """"}, {""bbox"": [811.64, 413.5, 1188.92, 769.07], ""type"": ""annotation"", ""text"": """"}, {""bbox"": [33.25, 1338.25, 621.12, 1438.14], ""type"": ""formula"", ""text"": """"}, {""bbox"": [33.71, 408.11, 653.07, 498.46], ""type"": ""formula"", ""text"": """"}, {""bbox"": [39.97, 17.32, 940.11, 144.96], ""type"": ""formula"", ""text"": """"}, {""bbox"": [48.14, 1273.4, 483.52, 1338.63], ""type"": ""handwritten"", ""text"": """"}, {""bbox"": [68.25, 236.64, 397.72, 308.99], ""type"": ""formula"", ""text"": """"}, {""bbox"": [1098.45, 1979.89, 1642.56, 2065.41], ""type"": ""handwritten"", ""text"": """"}, {""bbox"": [109.16, 1752.08, 1507.48, 1843.45], ""type"": ""handwritten"", ""text"": """"}, {""bbox"": [982.51, 1820.54, 1341.19, 1896.75], ""type"": ""handwritten"", ""text"": """"}, {""bbox"": [928.42, 1340.69, 1282.05, 1419.48], ""type"": ""handwritten"", ""text"": """"}, {""bbox"": [439.32, 197.77, 739.48, 264.64], ""type"": ""handwritten"", ""text"": """"}, {""bbox"": [125.84, 1569.6, 1327.91, 1679.51], ""type"": ""handwritten"", ""text"": """"}, {""bbox"": [521.31, 1949.07, 748.26, 2126.15], ""type"": ""annotation"", ""text"": """"}, {""bbox"": [261.79, 109.31, 635.89, 208.16], ""type"": ""handwritten"", ""text"": """"}, {""bbox"": [875.66, 1405.08, 1237.2, 1488.86], ""type"": ""formula"", ""text"": """"}, {""bbox"": [104.42, 1831.76, 1455.19, 1987.37], ""type"": ""formula"", ""text"": """"}, {""bbox"": [843.55, 2032.54, 1020.47, 2147.6], ""type"": ""annotation"", ""text"": """"}, {""bbox"": [968.9, 627.11, 1141.29, 795.57], ""type"": ""annotation"", ""text"": """"}, {""bbox"": [105.61, 1835.47, 648.79, 1927.2], ""type"": ""formula"", ""text"": """"}, {""bbox"": [1386.0, 1350.32, 1623.94, 1486.21], ""type"": ""annotation"", ""text"": """"}, {""bbox"": [1047.92, 1175.79, 1202.54, 1312.14], ""type"": ""annotation"", ""text"": """"}, {""bbox"": [709.59, 1863.64, 1444.65, 1990.49], ""type"": ""handwritten"", ""text"": """"}, {""bbox"": [813.63, 404.37, 1052.06, 708.44], ""type"": ""annotation"", ""text"": """"}, {""bbox"": [1372.88, 1324.23, 1618.54, 1403.73], ""type"": ""annotation"", ""text"": """"}, {""bbox"": [819.29, 1401.14, 918.6, 1514.48], ""type"": ""annotation"", ""text"": """"}, {""bbox"": [1245.76, 1165.71, 1631.34, 1497.56], ""type"": ""annotation"", ""text"": """"}, {""bbox"": [1285.74, 1392.64, 1324.47, 1429.33], ""type"": ""annotation"", ""text"": """"}]"
0425cda8-0aef-4c01-a241-1c66e73a2153.jpg,"[{""bbox"": [496.23, 1184.01, 1364.12, 1229.44], ""type"": ""printed"", ""text"": """"}, {""bbox"": [498.78, 1136.71, 1131.3, 1178.66], ""type"": ""printed"", ""text"": """"}, {""bbox"": [279.7, 1008.47, 988.59, 1079.91], ""type"": ""printed"", ""text"": """"}, {""bbox"": [412.8, 1869.0, 1233.1, 1915.35], ""type"": ""printed"", ""text"": """"}, {""bbox"": [279.74, 356.8, 1077.14, 470.08], ""type"": ""printed"", ""text"": """"}, {""bbox"": [284.53, 723.47, 630.32, 765.77], ""type"": ""printed"", ""text"": """"}, {""bbox"": [292.73, 2073.19, 1076.56, 2129.22], ""type"": ""handwritten"", ""text"": """"}, {""bbox"": [550.66, 1976.29, 1108.84, 2024.19], ""type"": ""printed"", ""text"": """"}, {""bbox"": [500.02, 1483.66, 1182.82, 1528.7], ""type"": ""printed"", ""text"": """"}, {""bbox"": [498.98, 1332.5, 1365.1, 1380.12], ""type"": ""printed"", ""text"": """"}, {""bbox"": [552.75, 548.25, 1030.46, 589.98], ""type"": ""printed"", ""text"": """"}, {""bbox"": [493.49, 1689.55, 1163.39, 1728.03], ""type"": ""printed"", ""text"": """"}, {""bbox"": [548.46, 1234.44, 1365.9, 1280.56], ""type"": ""printed"", ""text"": """"}, {""bbox"": [547.84, 817.92, 1363.69, 865.19], ""type"": ""printed"", ""text"": """"}, {""bbox"": [547.47, 772.08, 1325.87, 819.72], ""type"": ""printed"", ""text"": """"}, {""bbox"": [551.18, 600.12, 1366.68, 653.97], ""type"": ""printed"", ""text"": """"}, {""bbox"": [318.15, 2183.82, 1145.06, 2253.81], ""type"": ""handwritten"", ""text"": """"}, {""bbox"": [547.61, 1283.57, 1263.45, 1327.09], ""type"": ""printed"", ""text"": """"}, {""bbox"": [338.74, 2318.07, 1361.07, 2354.94], ""type"": ""printed"", ""text"": """"}, {""bbox"": [459.8, 2355.31, 1201.24, 2390.86], ""type"": ""printed"", ""text"": """"}, {""bbox"": [578.37, 1623.4, 1085.5, 1665.99], ""type"": ""printed"", ""text"": """"}, {""bbox"": [627.78, 1578.44, 1034.25, 1622.9], ""type"": ""printed"", ""text"": """"}, {""bbox"": [294.27, 1730.54, 1367.46, 1777.0], ""type"": ""printed"", ""text"": """"}, {""bbox"": [1539.32, 100.08, 1698.84, 251.45], ""type"": ""annotation"", ""text"": """"}, {""bbox"": [500.82, 1433.09, 818.91, 1476.32], ""type"": ""printed"", ""text"": """"}, {""bbox"": [550.21, 1379.78, 1369.12, 1430.68], ""type"": ""printed"", ""text"": """"}, {""bbox"": [737.99, 1832.95, 938.28, 1863.57], ""type"": ""printed"", ""text"": """"}, {""bbox"": [550.13, 862.31, 1278.49, 908.35], ""type"": ""printed"", ""text"": """"}, {""bbox"": [318.55, 2136.05, 1063.52, 2185.82], ""type"": ""handwritten"", ""text"": """"}, {""bbox"": [501.02, 1931.33, 1159.43, 1973.45], ""type"": ""printed"", ""text"": """"}, {""bbox"": [323.46, 1788.7, 1344.06, 1832.53], ""type"": ""printed"", ""text"": """"}, {""bbox"": [552.22, 909.15, 881.79, 956.64], ""type"": ""printed"", ""text"": """"}, {""bbox"": [550.13, 658.55, 793.56, 708.6], ""type"": ""printed"", ""text"": """"}, {""bbox"": [552.59, 1379.53, 1041.17, 1424.87], ""type"": ""printed"", ""text"": """"}, {""bbox"": [547.63, 601.57, 1047.55, 650.26], ""type"": ""printed"", ""text"": """"}]"
046af991-93eb-4357-9638-7748c7a5c413.jpg,"[{""bbox"": [74.92, 1373.91, 1575.64, 1463.51], ""type"": ""handwritten"", ""text"": """"}, {""bbox"": [96.16, 1444.73, 1594.04, 1532.4], ""type"": ""handwritten"", ""text"": """"}, {""bbox"": [76.12, 1543.29, 1594.0, 1653.5], ""type"": ""handwritten"", ""text"": """"}, {""bbox"": [75.68, 1305.91, 395.72, 1393.34], ""type"": ""handwritten"", ""text"": """"}, {""bbox"": [76.86, 84.64, 1647.58, 216.17], ""type"": ""handwritten"", ""text"": """"}, {""bbox"": [79.22, 853.51, 390.37, 943.13], ""type"": ""handwritten"", ""text"": """"}, {""bbox"": [95.82, 1621.96, 1490.34, 1730.45], ""type"": ""handwritten"", ""text"": """"}, {""bbox"": [77.85, 1162.82, 166.18, 1212.85], ""type"": ""handwritten"", ""text"": """"}, {""bbox"": [77.47, 12.61, 1635.76, 134.17], ""type"": ""handwritten"", ""text"": """"}, {""bbox"": [80.15, 1222.72, 173.14, 1280.17], ""type"": ""handwritten"", ""text"": """"}, {""bbox"": [93.92, 2240.96, 1650.55, 2333.1], ""type"": ""handwritten"", ""text"": """"}, {""bbox"": [57.82, 336.6, 1496.49, 455.38], ""type"": ""handwritten"", ""text"": """"}, {""bbox"": [74.05, 252.83, 1529.8, 380.52], ""type"": ""handwritten"", ""text"": """"}, {""bbox"": [384.23, 948.39, 491.4, 1004.56], ""type"": ""handwritten"", ""text"": """"}, {""bbox"": [90.71, 963.2, 199.21, 1013.07], ""type"": ""handwritten"", ""text"": """"}, {""bbox"": [378.13, 1023.8, 480.0, 1075.74], ""type"": ""handwritten"", ""text"": """"}, {""bbox"": [78.89, 1023.62, 171.29, 1076.72], ""type"": ""handwritten"", ""text"": """"}, {""bbox"": [77.14, 1094.91, 169.93, 1152.1], ""type"": ""handwritten"", ""text"": """"}, {""bbox"": [66.97, 1742.07, 1635.97, 1881.44], ""type"": ""handwritten"", ""text"": """"}, {""bbox"": [370.17, 1090.75, 475.18, 1139.56], ""type"": ""handwritten"", ""text"": """"}, {""bbox"": [84.9, 723.59, 1612.96, 844.47], ""type"": ""handwritten"", ""text"": """"}, {""bbox"": [95.62, 1670.3, 1616.33, 1794.78], ""type"": ""handwritten"", ""text"": """"}, {""bbox"": [78.95, 180.97, 1613.29, 313.12], ""type"": ""handwritten"", ""text"": """"}, {""bbox"": [81.88, 1796.91, 1649.95, 1925.0], ""type"": ""handwritten"", ""text"": """"}, {""bbox"": [92.69, 2160.1, 1653.14, 2258.68], ""type"": ""handwritten"", ""text"": """"}, {""bbox"": [66.3, 484.7, 1549.65, 633.19], ""type"": ""handwritten"", ""text"": """"}, {""bbox"": [82.86, 558.75, 1642.49, 689.47], ""type"": ""handwritten"", ""text"": """"}, {""bbox"": [347.89, 1241.7, 457.25, 1289.16], ""type"": ""handwritten"", ""text"": """"}, {""bbox"": [61.34, 407.47, 1627.58, 564.87], ""type"": ""handwritten"", ""text"": """"}, {""bbox"": [87.69, 1853.31, 1654.45, 1989.61], ""type"": ""handwritten"", ""text"": """"}, {""bbox"": [89.78, 2079.13, 1651.02, 2205.08], ""type"": ""handwritten"", ""text"": """"}, {""bbox"": [87.35, 1902.44, 1652.28, 2044.81], ""type"": ""handwritten"", ""text"": """"}, {""bbox"": [96.4, 1514.36, 240.67, 1560.01], ""type"": ""handwritten"", ""text"": """"}, {""bbox"": [84.39, 2010.27, 1654.1, 2157.98], ""type"": ""handwritten"", ""text"": """"}, {""bbox"": [70.86, 1958.93, 1653.75, 2109.13], ""type"": ""handwritten"", ""text"": """"}, {""bbox"": [88.94, 648.61, 1550.15, 776.16], ""type"": ""handwritten"", ""text"": """"}, {""bbox"": [361.87, 1158.97, 462.35, 1208.77], ""type"": ""handwritten"", ""text"": """"}, {""bbox"": [1376.12, 1313.99, 1473.51, 1367.19], ""type"": ""handwritten"", ""text"": """"}, {""bbox"": [69.33, 915.95, 493.26, 1301.18], ""type"": ""table"", ""text"": """"}, {""bbox"": [695.77, 1076.0, 785.69, 1173.46], ""type"": ""annotation"", ""text"": """"}, {""bbox"": [84.14, 70.79, 1624.06, 319.41], ""type"": ""handwritten"", ""text"": """"}]"
04cf4a71-95e9-442b-8b09-ffbba912e1e9.jpg,"[{""bbox"": [297.23, 1043.19, 2082.85, 1110.84], ""type"": ""printed"", ""text"": """"}, {""bbox"": [296.83, 659.08, 2277.07, 748.75], ""type"": ""printed"", ""text"": """"}, {""bbox"": [302.83, 560.13, 2249.63, 654.79], ""type"": ""printed"", ""text"": """"}, {""bbox"": [235.14, 879.56, 1406.68, 952.17], ""type"": ""printed"", ""text"": """"}, {""bbox"": [773.1, 324.73, 2268.92, 483.64], ""type"": ""handwritten"", ""text"": """"}, {""bbox"": [927.0, 1359.32, 2051.84, 1422.09], ""type"": ""printed"", ""text"": """"}, {""bbox"": [249.86, 102.89, 436.71, 164.42], ""type"": ""printed"", ""text"": """"}, {""bbox"": [63.96, 209.48, 753.0, 270.8], ""type"": ""printed"", ""text"": """"}, {""bbox"": [69.1, 312.23, 659.64, 379.11], ""type"": ""printed"", ""text"": """"}, {""bbox"": [249.92, 770.31, 2230.43, 846.75], ""type"": ""printed"", ""text"": """"}, {""bbox"": [1145.91, 1461.95, 1960.11, 1526.49], ""type"": ""printed"", ""text"": """"}, {""bbox"": [1514.9, 1256.0, 1898.6, 1304.13], ""type"": ""printed"", ""text"": """"}, {""bbox"": [802.97, 511.27, 1237.56, 567.98], ""type"": ""printed"", ""text"": """"}, {""bbox"": [2199.97, 125.64, 2384.85, 287.94], ""type"": ""annotation"", ""text"": """"}, {""bbox"": [1071.27, 1042.5, 2070.8, 1099.04], ""type"": ""printed"", ""text"": """"}, {""bbox"": [1502.57, 774.21, 2508.16, 827.99], ""type"": ""printed"", ""text"": """"}]"
052068c9-4ed7-5f3a-8951-c37a606a5af7.jpg,"[{""bbox"": [845.87, 52.15, 2176.96, 340.22], ""type"": ""handwritten"", ""text"": """"}, {""bbox"": [291.81, 512.57, 2171.94, 810.67], ""type"": ""handwritten"", ""text"": """"}, {""bbox"": [541.14, 283.03, 2028.82, 579.36], ""type"": ""handwritten"", ""text"": """"}, {""bbox"": [214.42, 730.24, 529.56, 1016.74], ""type"": ""handwritten"", ""text"": """"}, {""bbox"": [196.04, 666.26, 2120.52, 1401.68], ""type"": ""table"", ""text"": """"}, {""bbox"": [927.9, 1004.66, 1336.06, 1286.29], ""type"": ""handwritten"", ""text"": """"}, {""bbox"": [1613.78, 1054.5, 1956.25, 1264.21], ""type"": ""handwritten"", ""text"": """"}, {""bbox"": [1578.3, 812.41, 1908.09, 1073.73], ""type"": ""handwritten"", ""text"": """"}, {""bbox"": [875.79, 1280.2, 1262.59, 1510.16], ""type"": ""handwritten"", ""text"": """"}, {""bbox"": [175.83, 978.8, 577.25, 1243.49], ""type"": ""handwritten"", ""text"": """"}, {""bbox"": [1596.85, 1272.65, 1948.52, 1519.72], ""type"": ""handwritten"", ""text"": """"}, {""bbox"": [178.16, 1209.39, 523.3, 1467.08], ""type"": ""handwritten"", ""text"": """"}, {""bbox"": [898.75, 629.04, 2715.24, 1478.05], ""type"": ""table"", ""text"": """"}, {""bbox"": [939.29, 766.36, 1350.04, 1030.35], ""type"": ""handwritten"", ""text"": """"}, {""bbox"": [934.86, 760.24, 1925.41, 1058.42], ""type"": ""handwritten"", ""text"": """"}]"
057f608d-67ad-42b4-b6bb-7cb75acb1317.jpg,"[{""bbox"": [27.02, 464.12, 1506.98, 594.43], ""type"": ""handwritten"", ""text"": """"}, {""bbox"": [36.67, 133.37, 1231.4, 234.49], ""type"": ""formula"", ""text"": """"}, {""bbox"": [51.28, 236.27, 780.25, 320.82], ""type"": ""formula"", ""text"": """"}, {""bbox"": [39.55, 393.21, 1573.64, 514.39], ""type"": ""handwritten"", ""text"": """"}, {""bbox"": [91.59, 372.57, 612.72, 431.32], ""type"": ""formula"", ""text"": """"}, {""bbox"": [84.14, 0.28, 1605.47, 82.36], ""type"": ""formula"", ""text"": """"}, {""bbox"": [80.82, 79.36, 483.54, 144.89], ""type"": ""handwritten"", ""text"": """"}, {""bbox"": [101.31, 306.25, 1108.21, 384.37], ""type"": ""handwritten"", ""text"": """"}, {""bbox"": [1023.89, 717.85, 1333.66, 773.6], ""type"": ""annotation"", ""text"": """"}, {""bbox"": [293.39, 37.04, 546.1, 83.49], ""type"": ""formula"", ""text"": """"}]"
060d7b29-7c95-55ee-bc57-346ea5c41c10.jpg,"[{""bbox"": [308.13, 1816.79, 3233.54, 2072.24], ""type"": ""handwritten"", ""text"": """"}, {""bbox"": [471.37, 316.36, 3167.39, 570.9], ""type"": ""handwritten"", ""text"": """"}, {""bbox"": [306.11, 2054.03, 3067.98, 2302.59], ""type"": ""handwritten"", ""text"": """"}, {""bbox"": [388.82, 1182.58, 2818.85, 1411.93], ""type"": ""handwritten"", ""text"": """"}, {""bbox"": [329.73, 1400.46, 3168.35, 1618.92], ""type"": ""handwritten"", ""text"": """"}, {""bbox"": [489.05, 743.64, 2350.78, 985.91], ""type"": ""handwritten"", ""text"": """"}, {""bbox"": [384.61, 83.87, 2791.05, 333.35], ""type"": ""handwritten"", ""text"": """"}, {""bbox"": [497.87, 958.11, 2909.8, 1193.51], ""type"": ""handwritten"", ""text"": """"}, {""bbox"": [348.72, 1593.58, 3274.75, 1837.08], ""type"": ""handwritten"", ""text"": """"}, {""bbox"": [537.75, 535.47, 1830.16, 731.37], ""type"": ""handwritten"", ""text"": """"}, {""bbox"": [726.9, 2489.81, 3402.03, 2740.74], ""type"": ""handwritten"", ""text"": """"}, {""bbox"": [473.71, 2722.73, 3367.04, 3003.27], ""type"": ""handwritten"", ""text"": """"}]"
06623e41-7d44-4d16-8318-07ed6e8414d1.jpg,"[{""bbox"": [392.25, 1158.7, 2252.81, 1309.67], ""type"": ""handwritten"", ""text"": """"}, {""bbox"": [387.94, 1028.44, 2246.91, 1170.64], ""type"": ""handwritten"", ""text"": """"}, {""bbox"": [387.14, 2131.28, 2310.86, 2290.0], ""type"": ""handwritten"", ""text"": """"}, {""bbox"": [342.71, 2280.06, 2242.64, 2440.13], ""type"": ""handwritten"", ""text"": """"}, {""bbox"": [438.2, 1855.93, 1820.37, 1996.24], ""type"": ""handwritten"", ""text"": """"}, {""bbox"": [391.5, 2427.14, 2233.45, 2586.23], ""type"": ""handwritten"", ""text"": """"}, {""bbox"": [427.32, 620.9, 2237.21, 771.13], ""type"": ""handwritten"", ""text"": """"}, {""bbox"": [387.86, 2575.23, 2336.65, 2731.64], ""type"": ""handwritten"", ""text"": """"}, {""bbox"": [392.39, 1294.58, 2143.55, 1441.67], ""type"": ""handwritten"", ""text"": """"}, {""bbox"": [440.71, 751.93, 2069.86, 897.22], ""type"": ""handwritten"", ""text"": """"}, {""bbox"": [424.64, 1720.77, 2285.97, 1864.65], ""type"": ""handwritten"", ""text"": """"}, {""bbox"": [379.41, 2713.69, 2307.11, 2886.49], ""type"": ""handwritten"", ""text"": """"}, {""bbox"": [570.7, 1989.48, 2184.14, 2137.36], ""type"": ""handwritten"", ""text"": """"}, {""bbox"": [405.62, 1432.67, 2211.53, 1582.17], ""type"": ""handwritten"", ""text"": """"}, {""bbox"": [390.95, 1564.05, 2175.07, 1733.09], ""type"": ""handwritten"", ""text"": """"}, {""bbox"": [414.58, 212.33, 2164.25, 376.75], ""type"": ""handwritten"", ""text"": """"}, {""bbox"": [418.79, 90.43, 2154.76, 252.22], ""type"": ""handwritten"", ""text"": """"}, {""bbox"": [411.13, 350.48, 2199.38, 509.69], ""type"": ""handwritten"", ""text"": """"}, {""bbox"": [572.82, 886.82, 2233.38, 1041.64], ""type"": ""handwritten"", ""text"": """"}, {""bbox"": [423.84, 491.78, 2205.28, 642.18], ""type"": ""handwritten"", ""text"": """"}]"
068ff756-0ff6-43d4-b6c4-bce168837290.jpg,"[{""bbox"": [46.74, 1265.34, 1460.19, 1365.57], ""type"": ""handwritten"", ""text"": """"}, {""bbox"": [32.17, 927.2, 1396.54, 1026.61], ""type"": ""handwritten"", ""text"": """"}, {""bbox"": [46.59, 848.14, 1474.18, 939.2], ""type"": ""handwritten"", ""text"": """"}, {""bbox"": [50.29, 1186.07, 1474.52, 1280.61], ""type"": ""handwritten"", ""text"": """"}, {""bbox"": [34.83, 1353.22, 1427.16, 1449.73], ""type"": ""handwritten"", ""text"": """"}, {""bbox"": [43.8, 1437.19, 1406.26, 1535.41], ""type"": ""handwritten"", ""text"": """"}, {""bbox"": [44.91, 620.37, 1458.77, 702.24], ""type"": ""handwritten"", ""text"": """"}, {""bbox"": [24.81, 463.06, 1432.96, 551.34], ""type"": ""handwritten"", ""text"": """"}, {""bbox"": [50.42, 1016.11, 1463.51, 1116.4], ""type"": ""handwritten"", ""text"": """"}, {""bbox"": [50.29, 540.4, 1450.38, 631.82], ""type"": ""handwritten"", ""text"": """"}, {""bbox"": [50.34, 1106.19, 1479.69, 1200.13], ""type"": ""handwritten"", ""text"": """"}, {""bbox"": [46.58, 313.93, 1477.68, 401.0], ""type"": ""handwritten"", ""text"": """"}, {""bbox"": [49.08, 1525.31, 1458.56, 1629.17], ""type"": ""handwritten"", ""text"": """"}, {""bbox"": [41.39, 1817.84, 1336.8, 1902.81], ""type"": ""handwritten"", ""text"": """"}, {""bbox"": [50.32, 691.93, 1477.63, 779.86], ""type"": ""handwritten"", ""text"": """"}, {""bbox"": [34.51, 389.0, 1453.46, 476.64], ""type"": ""handwritten"", ""text"": """"}, {""bbox"": [50.48, 766.02, 1471.92, 859.09], ""type"": ""handwritten"", ""text"": """"}, {""bbox"": [45.41, 1612.66, 1451.74, 1715.9], ""type"": ""handwritten"", ""text"": """"}, {""bbox"": [38.26, 170.08, 1465.86, 260.19], ""type"": ""handwritten"", ""text"": """"}, {""bbox"": [39.98, 244.42, 1448.98, 331.1], ""type"": ""handwritten"", ""text"": """"}, {""bbox"": [41.67, 75.31, 1389.28, 186.99], ""type"": ""handwritten"", ""text"": """"}, {""bbox"": [43.01, 1704.88, 634.83, 1790.21], ""type"": ""handwritten"", ""text"": """"}, {""bbox"": [1323.26, 286.04, 1445.99, 357.47], ""type"": ""annotation"", ""text"": """"}, {""bbox"": [1359.18, 60.8, 1483.76, 152.58], ""type"": ""handwritten"", ""text"": """"}]"
069c4bf2-1f06-4d67-becf-9bbbd255b347.jpg,"[{""bbox"": [184.09, 284.4, 2354.05, 446.87], ""type"": ""handwritten"", ""text"": """"}, {""bbox"": [30.59, 418.49, 1769.89, 585.13], ""type"": ""handwritten"", ""text"": """"}, {""bbox"": [184.9, 572.49, 2456.87, 764.0], ""type"": ""handwritten"", ""text"": """"}, {""bbox"": [15.4, 2546.13, 2452.14, 2790.46], ""type"": ""handwritten"", ""text"": """"}, {""bbox"": [9.58, 812.98, 2459.63, 1038.22], ""type"": ""handwritten"", ""text"": """"}, {""bbox"": [630.51, 89.03, 1344.64, 245.73], ""type"": ""handwritten"", ""text"": """"}, {""bbox"": [16.15, 1393.3, 2284.77, 1654.43], ""type"": ""handwritten"", ""text"": """"}, {""bbox"": [15.19, 3108.15, 2414.65, 3320.88], ""type"": ""handwritten"", ""text"": """"}, {""bbox"": [22.72, 2290.28, 2450.68, 2551.26], ""type"": ""handwritten"", ""text"": """"}, {""bbox"": [24.22, 2905.38, 2379.4, 3132.57], ""type"": ""handwritten"", ""text"": """"}, {""bbox"": [20.63, 2686.36, 1173.56, 2807.38], ""type"": ""handwritten"", ""text"": """"}, {""bbox"": [12.18, 685.96, 2453.12, 937.22], ""type"": ""handwritten"", ""text"": """"}, {""bbox"": [25.03, 1681.1, 2412.32, 1979.32], ""type"": ""handwritten"", ""text"": """"}, {""bbox"": [19.41, 3234.93, 418.3, 3356.82], ""type"": ""handwritten"", ""text"": """"}, {""bbox"": [24.11, 1925.03, 2343.59, 2222.91], ""type"": ""handwritten"", ""text"": """"}, {""bbox"": [7.98, 1162.1, 2324.54, 1427.52], ""type"": ""handwritten"", ""text"": """"}, {""bbox"": [38.65, 2064.0, 1157.0, 2221.11], ""type"": ""handwritten"", ""text"": """"}, {""bbox"": [202.85, 2184.17, 2426.87, 2439.55], ""type"": ""handwritten"", ""text"": """"}, {""bbox"": [18.25, 2992.04, 2361.7, 3219.21], ""type"": ""handwritten"", ""text"": """"}, {""bbox"": [6.91, 1048.88, 2384.52, 1312.8], ""type"": ""handwritten"", ""text"": """"}, {""bbox"": [23.03, 1828.2, 2285.71, 2104.12], ""type"": ""handwritten"", ""text"": """"}, {""bbox"": [167.3, 2801.0, 2438.36, 3033.29], ""type"": ""handwritten"", ""text"": """"}, {""bbox"": [21.6, 2409.63, 2451.66, 2682.46], ""type"": ""handwritten"", ""text"": """"}, {""bbox"": [145.77, 1545.81, 2420.02, 1843.26], ""type"": ""handwritten"", ""text"": """"}, {""bbox"": [13.23, 1306.21, 2336.11, 1559.84], ""type"": ""handwritten"", ""text"": """"}, {""bbox"": [8.47, 931.15, 2429.05, 1203.03], ""type"": ""handwritten"", ""text"": """"}]"
07018594-65ad-4879-b7ee-bf0bbcc609a6.jpg,"[{""bbox"": [57.94, 778.86, 1800.9, 882.49], ""type"": ""handwritten"", ""text"": """"}, {""bbox"": [72.92, 2080.08, 1802.72, 2180.21], ""type"": ""handwritten"", ""text"": """"}, {""bbox"": [53.6, 1040.22, 1775.49, 1141.06], ""type"": ""handwritten"", ""text"": """"}, {""bbox"": [63.51, 1564.07, 1766.5, 1662.45], ""type"": ""handwritten"", ""text"": """"}, {""bbox"": [57.3, 1217.02, 1811.14, 1318.22], ""type"": ""handwritten"", ""text"": """"}, {""bbox"": [58.21, 1472.67, 1791.26, 1577.67], ""type"": ""handwritten"", ""text"": """"}, {""bbox"": [61.57, 247.98, 1815.39, 324.79], ""type"": ""handwritten"", ""text"": """"}, {""bbox"": [81.78, 2251.59, 1811.79, 2351.84], ""type"": ""handwritten"", ""text"": """"}, {""bbox"": [46.9, 1989.82, 1823.62, 2093.3], ""type"": ""handwritten"", ""text"": """"}, {""bbox"": [57.36, 1131.48, 1779.4, 1227.99], ""type"": ""handwritten"", ""text"": """"}, {""bbox"": [73.98, 1744.4, 1771.7, 1839.37], ""type"": ""handwritten"", ""text"": """"}, {""bbox"": [79.16, 1837.39, 1198.42, 1921.43], ""type"": ""handwritten"", ""text"": """"}, {""bbox"": [54.93, 958.85, 1754.76, 1049.81], ""type"": ""handwritten"", ""text"": """"}, {""bbox"": [78.83, 2169.43, 1826.34, 2264.2], ""type"": ""handwritten"", ""text"": """"}, {""bbox"": [68.9, 158.41, 1798.9, 251.76], ""type"": ""handwritten"", ""text"": """"}, {""bbox"": [64.44, 701.18, 1338.43, 786.29], ""type"": ""handwritten"", ""text"": """"}, {""bbox"": [68.66, 1655.12, 1723.45, 1757.12], ""type"": ""handwritten"", ""text"": """"}, {""bbox"": [66.54, 606.79, 1804.43, 713.24], ""type"": ""handwritten"", ""text"": """"}, {""bbox"": [52.11, 422.09, 1782.87, 524.07], ""type"": ""handwritten"", ""text"": """"}, {""bbox"": [24.75, 514.27, 1807.49, 620.46], ""type"": ""handwritten"", ""text"": """"}, {""bbox"": [53.79, 1411.34, 571.56, 1499.85], ""type"": ""handwritten"", ""text"": """"}, {""bbox"": [65.96, 410.25, 689.95, 467.81], ""type"": ""handwritten"", ""text"": """"}, {""bbox"": [59.94, 1302.35, 1776.48, 1404.38], ""type"": ""handwritten"", ""text"": """"}, {""bbox"": [83.87, 2344.75, 804.2, 2445.64], ""type"": ""handwritten"", ""text"": """"}, {""bbox"": [298.17, 309.46, 1829.31, 374.91], ""type"": ""handwritten"", ""text"": """"}, {""bbox"": [60.52, 872.85, 906.78, 970.92], ""type"": ""handwritten"", ""text"": """"}, {""bbox"": [1598.12, 58.33, 1756.46, 181.68], ""type"": ""annotation"", ""text"": """"}, {""bbox"": [53.84, 367.74, 761.28, 415.28], ""type"": ""handwritten"", ""text"": """"}]"
07855b12-5b9f-43b6-ac01-036b879c0a7a.jpg,"[{""bbox"": [4.53, 903.36, 1033.9, 1003.9], ""type"": ""handwritten"", ""text"": """"}, {""bbox"": [3.21, 721.03, 1867.06, 849.99], ""type"": ""handwritten"", ""text"": """"}, {""bbox"": [6.27, 360.17, 1287.91, 486.94], ""type"": ""handwritten"", ""text"": """"}, {""bbox"": [9.83, 186.43, 396.9, 291.23], ""type"": ""handwritten"", ""text"": """"}, {""bbox"": [3.07, 827.46, 1874.26, 924.69], ""type"": ""handwritten"", ""text"": """"}, {""bbox"": [13.85, 615.04, 506.06, 725.76], ""type"": ""formula"", ""text"": """"}, {""bbox"": [3.67, 86.17, 270.64, 191.09], ""type"": ""handwritten"", ""text"": """"}, {""bbox"": [8.83, 479.83, 277.1, 608.95], ""type"": ""formula"", ""text"": """"}, {""bbox"": [5.8, 286.23, 497.95, 390.06], ""type"": ""handwritten"", ""text"": """"}, {""bbox"": [1248.44, 1086.29, 1559.94, 1173.26], ""type"": ""annotation"", ""text"": """"}, {""bbox"": [33.33, 2750.05, 1050.87, 2778.0], ""type"": ""printed"", ""text"": """"}, {""bbox"": [1741.6, 2598.08, 1834.26, 2715.22], ""type"": ""annotation"", ""text"": """"}, {""bbox"": [1003.51, 2706.21, 1058.17, 2748.18], ""type"": ""handwritten"", ""text"": """"}]"
07d8b7fe-beb0-58c8-8fd8-71b863a62225.jpg,"[{""bbox"": [282.69, 1385.77, 1828.05, 1540.72], ""type"": ""handwritten"", ""text"": """"}, {""bbox"": [288.35, 1230.29, 1992.98, 1429.35], ""type"": ""handwritten"", ""text"": """"}, {""bbox"": [272.14, 996.47, 1805.58, 1200.8], ""type"": ""handwritten"", ""text"": """"}, {""bbox"": [289.89, 726.71, 1948.49, 958.44], ""type"": ""handwritten"", ""text"": """"}, {""bbox"": [282.84, 1117.64, 1990.47, 1301.28], ""type"": ""handwritten"", ""text"": """"}, {""bbox"": [278.89, 838.12, 1989.59, 1083.07], ""type"": ""handwritten"", ""text"": """"}, {""bbox"": [0.15, 1929.25, 270.55, 2081.06], ""type"": ""handwritten"", ""text"": """"}, {""bbox"": [0.74, 1205.95, 232.52, 1328.85], ""type"": ""handwritten"", ""text"": """"}, {""bbox"": [0.28, 2701.55, 203.63, 2837.8], ""type"": ""handwritten"", ""text"": """"}, {""bbox"": [0.55, 2834.91, 193.73, 2960.3], ""type"": ""handwritten"", ""text"": """"}, {""bbox"": [0.35, 1329.45, 209.27, 1438.0], ""type"": ""handwritten"", ""text"": """"}, {""bbox"": [0.44, 2466.44, 107.69, 2591.1], ""type"": ""handwritten"", ""text"": """"}, {""bbox"": [894.71, 1.64, 1947.24, 77.16], ""type"": ""printed"", ""text"": """"}, {""bbox"": [0.0, 0.77, 688.33, 52.41], ""type"": ""printed"", ""text"": """"}, {""bbox"": [0.65, 5.72, 692.62, 104.65], ""type"": ""printed"", ""text"": """"}, {""bbox"": [1.11, 55.59, 697.71, 151.32], ""type"": ""printed"", ""text"": """"}, {""bbox"": [0.0, 94.54, 704.67, 214.75], ""type"": ""printed"", ""text"": """"}, {""bbox"": [0.0, 183.36, 246.12, 283.26], ""type"": ""handwritten"", ""text"": """"}, {""bbox"": [0.0, 1450.54, 69.03, 1550.8], ""type"": ""handwritten"", ""text"": """"}, {""bbox"": [896.29, 13.67, 1966.53, 157.21], ""type"": ""printed"", ""text"": """"}, {""bbox"": [0.31, 827.18, 75.6, 922.72], ""type"": ""handwritten"", ""text"": """"}, {""bbox"": [0.28, 2586.12, 67.77, 2676.71], ""type"": ""handwritten"", ""text"": """"}, {""bbox"": [1879.92, 213.91, 1961.98, 274.4], ""type"": ""annotation"", ""text"": """"}, {""bbox"": [0.37, 972.36, 47.66, 1050.19], ""type"": ""handwritten"", ""text"": """"}, {""bbox"": [859.98, 0.0, 1961.44, 264.24], ""type"": ""image"", ""text"": """"}]"
08072687-8a58-407d-9dff-8086728d04f6.jpg,"[{""bbox"": [5.51, 453.67, 1582.99, 590.92], ""type"": ""handwritten"", ""text"": """"}, {""bbox"": [50.48, 59.49, 1543.63, 171.01], ""type"": ""formula"", ""text"": """"}, {""bbox"": [38.0, 161.89, 676.44, 241.65], ""type"": ""formula"", ""text"": """"}, {""bbox"": [28.37, 30.35, 312.55, 95.78], ""type"": ""handwritten"", ""text"": """"}, {""bbox"": [0.98, 236.27, 1377.2, 338.06], ""type"": ""formula"", ""text"": """"}, {""bbox"": [41.19, 594.26, 700.46, 703.92], ""type"": ""formula"", ""text"": """"}, {""bbox"": [16.19, 295.05, 1620.29, 424.62], ""type"": ""formula"", ""text"": """"}, {""bbox"": [1229.49, 414.33, 1594.9, 473.1], ""type"": ""handwritten"", ""text"": """"}, {""bbox"": [0.0, 448.6, 212.28, 505.87], ""type"": ""formula"", ""text"": """"}, {""bbox"": [523.18, 436.07, 1067.87, 522.75], ""type"": ""handwritten"", ""text"": """"}, {""bbox"": [1336.01, 501.15, 1550.16, 566.68], ""type"": ""handwritten"", ""text"": """"}, {""bbox"": [520.25, 412.06, 1594.11, 576.22], ""type"": ""handwritten"", ""text"": """"}, {""bbox"": [5.47, 505.33, 499.93, 595.02], ""type"": ""formula"", ""text"": """"}]"
0836598e-1ee3-4093-ac54-71eeea855f7b.jpg,"[{""bbox"": [347.91, 506.26, 1162.63, 586.11], ""type"": ""handwritten"", ""text"": """"}, {""bbox"": [796.62, 2047.58, 1382.76, 2125.15], ""type"": ""handwritten"", ""text"": """"}, {""bbox"": [271.24, 2283.2, 1646.42, 2439.04], ""type"": ""formula"", ""text"": """"}, {""bbox"": [365.78, 697.66, 1177.5, 791.38], ""type"": ""formula"", ""text"": """"}, {""bbox"": [368.4, 587.11, 1199.9, 681.87], ""type"": ""formula"", ""text"": """"}, {""bbox"": [146.81, 2666.46, 752.82, 2745.19], ""type"": ""handwritten"", ""text"": """"}, {""bbox"": [289.02, 1436.4, 1079.57, 1545.99], ""type"": ""formula"", ""text"": """"}, {""bbox"": [290.4, 1295.61, 1096.36, 1403.32], ""type"": ""formula"", ""text"": """"}, {""bbox"": [244.8, 2440.94, 1643.05, 2539.44], ""type"": ""handwritten"", ""text"": """"}, {""bbox"": [281.09, 1558.85, 1079.92, 1671.95], ""type"": ""formula"", ""text"": """"}, {""bbox"": [291.87, 1683.52, 1010.33, 1782.11], ""type"": ""formula"", ""text"": """"}, {""bbox"": [92.09, 243.46, 609.58, 447.5], ""type"": ""image"", ""text"": """"}, {""bbox"": [309.09, 1144.04, 1085.77, 1249.77], ""type"": ""formula"", ""text"": """"}, {""bbox"": [365.29, 969.39, 1129.62, 1090.09], ""type"": ""formula"", ""text"": """"}, {""bbox"": [460.62, 2540.98, 731.68, 2603.28], ""type"": ""handwritten"", ""text"": """"}, {""bbox"": [330.71, 2210.6, 867.79, 2289.27], ""type"": ""formula"", ""text"": """"}, {""bbox"": [343.97, 2071.02, 583.99, 2140.98], ""type"": ""formula"", ""text"": """"}, {""bbox"": [130.02, 2102.51, 234.14, 2144.51], ""type"": ""annotation"", ""text"": """"}, {""bbox"": [345.97, 2156.96, 603.28, 2214.76], ""type"": ""formula"", ""text"": """"}, {""bbox"": [369.83, 813.03, 1251.93, 994.81], ""type"": ""formula"", ""text"": """"}, {""bbox"": [338.01, 563.94, 1199.22, 1090.11], ""type"": ""table"", ""text"": """"}, {""bbox"": [776.2, 917.66, 1281.71, 975.28], ""type"": ""formula"", ""text"": """"}, {""bbox"": [282.49, 2055.94, 1383.18, 2139.39], ""type"": ""handwritten"", ""text"": """"}, {""bbox"": [292.76, 1302.37, 642.72, 1361.19], ""type"": ""formula"", ""text"": """"}, {""bbox"": [281.57, 1560.75, 631.68, 1613.48], ""type"": ""formula"", ""text"": """"}, {""bbox"": [375.57, 800.76, 732.34, 871.13], ""type"": ""formula"", ""text"": """"}, {""bbox"": [373.23, 880.49, 742.24, 952.15], ""type"": ""formula"", ""text"": """"}, {""bbox"": [368.79, 897.46, 1282.66, 979.9], ""type"": ""formula"", ""text"": """"}, {""bbox"": [375.36, 800.77, 1173.45, 891.57], ""type"": ""formula"", ""text"": """"}, {""bbox"": [331.59, 2214.75, 595.94, 2287.77], ""type"": ""formula"", ""text"": """"}]"
085cede2-f64a-4ce5-b12a-89edde06ce9d.jpg,"[{""bbox"": [68.03, 1190.94, 854.17, 1277.18], ""type"": ""handwritten"", ""text"": """"}, {""bbox"": [50.71, 659.13, 1557.61, 779.71], ""type"": ""handwritten"", ""text"": """"}, {""bbox"": [75.2, 1100.86, 1769.92, 1198.78], ""type"": ""handwritten"", ""text"": """"}, {""bbox"": [48.06, 382.48, 1819.31, 476.3], ""type"": ""handwritten"", ""text"": """"}, {""bbox"": [61.05, 531.78, 919.77, 619.31], ""type"": ""handwritten"", ""text"": """"}, {""bbox"": [64.14, 1044.91, 641.63, 1133.01], ""type"": ""handwritten"", ""text"": """"}, {""bbox"": [58.46, 472.14, 437.11, 547.63], ""type"": ""handwritten"", ""text"": """"}, {""bbox"": [64.45, 1261.3, 1508.91, 1359.87], ""type"": ""handwritten"", ""text"": """"}, {""bbox"": [68.84, 780.51, 411.64, 872.18], ""type"": ""handwritten"", ""text"": """"}, {""bbox"": [53.55, 868.6, 1644.75, 970.94], ""type"": ""handwritten"", ""text"": """"}, {""bbox"": [43.94, 272.29, 1752.41, 392.41], ""type"": ""handwritten"", ""text"": """"}, {""bbox"": [17.71, 2088.41, 1844.89, 2272.14], ""type"": ""handwritten"", ""text"": """"}, {""bbox"": [70.12, 614.76, 432.05, 704.62], ""type"": ""handwritten"", ""text"": """"}, {""bbox"": [36.02, 178.96, 191.53, 264.2], ""type"": ""handwritten"", ""text"": """"}, {""bbox"": [39.56, 197.26, 1839.5, 355.67], ""type"": ""handwritten"", ""text"": """"}, {""bbox"": [56.5, 957.54, 1109.28, 1044.02], ""type"": ""handwritten"", ""text"": """"}, {""bbox"": [57.54, 852.69, 235.88, 923.14], ""type"": ""handwritten"", ""text"": """"}, {""bbox"": [1521.63, 0.41, 1662.2, 73.52], ""type"": ""annotation"", ""text"": """"}, {""bbox"": [75.29, 1502.33, 399.34, 1591.44], ""type"": ""handwritten"", ""text"": """"}, {""bbox"": [20.33, 1749.86, 1892.62, 1997.43], ""type"": ""formula"", ""text"": """"}, {""bbox"": [24.94, 2076.99, 577.19, 2208.17], ""type"": ""formula"", ""text"": """"}, {""bbox"": [68.16, 1337.78, 1845.56, 1428.27], ""type"": ""handwritten"", ""text"": """"}, {""bbox"": [61.38, 1459.42, 1841.51, 1639.79], ""type"": ""handwritten"", ""text"": """"}, {""bbox"": [66.38, 1424.47, 664.09, 1514.45], ""type"": ""handwritten"", ""text"": """"}, {""bbox"": [1.51, 1906.07, 1486.26, 2091.43], ""type"": ""formula"", ""text"": """"}, {""bbox"": [22.03, 2501.8, 328.67, 2619.22], ""type"": ""handwritten"", ""text"": """"}, {""bbox"": [43.63, 2355.06, 1034.12, 2520.95], ""type"": ""handwritten"", ""text"": """"}, {""bbox"": [999.12, 1522.57, 1826.77, 1623.91], ""type"": ""handwritten"", ""text"": """"}, {""bbox"": [79.73, 2227.56, 757.44, 2363.26], ""type"": ""formula"", ""text"": """"}, {""bbox"": [1158.82, 1742.15, 1898.09, 1891.64], ""type"": ""formula"", ""text"": """"}, {""bbox"": [62.01, 1509.96, 1871.01, 1858.59], ""type"": ""table"", ""text"": """"}, {""bbox"": [34.03, 57.04, 563.24, 139.45], ""type"": ""annotation"", ""text"": """"}, {""bbox"": [49.17, 2352.43, 597.15, 2463.91], ""type"": ""handwritten"", ""text"": """"}, {""bbox"": [73.82, 2314.27, 595.25, 2426.13], ""type"": ""handwritten"", ""text"": """"}, {""bbox"": [407.83, 1447.54, 1900.0, 1573.04], ""type"": ""handwritten"", ""text"": """"}, {""bbox"": [412.23, 1572.43, 879.48, 1674.35], ""type"": ""handwritten"", ""text"": """"}, {""bbox"": [1003.94, 1540.24, 1381.34, 1631.13], ""type"": ""handwritten"", ""text"": """"}]"
093acb37-3606-4e0b-90b5-09bddd661111.jpg,"[{""bbox"": [193.44, 500.63, 858.35, 553.96], ""type"": ""handwritten"", ""text"": """"}, {""bbox"": [253.16, 586.79, 809.9, 636.57], ""type"": ""handwritten"", ""text"": """"}, {""bbox"": [200.3, 367.81, 884.1, 420.66], ""type"": ""handwritten"", ""text"": """"}, {""bbox"": [193.53, 413.33, 865.82, 462.31], ""type"": ""handwritten"", ""text"": """"}, {""bbox"": [184.39, 632.15, 823.84, 681.31], ""type"": ""handwritten"", ""text"": """"}, {""bbox"": [182.71, 672.4, 883.16, 725.81], ""type"": ""handwritten"", ""text"": """"}, {""bbox"": [189.86, 452.15, 886.75, 509.47], ""type"": ""handwritten"", ""text"": """"}, {""bbox"": [172.45, 762.98, 869.15, 820.97], ""type"": ""handwritten"", ""text"": """"}, {""bbox"": [198.11, 233.65, 874.32, 313.25], ""type"": ""handwritten"", ""text"": """"}, {""bbox"": [272.33, 320.55, 884.23, 378.14], ""type"": ""handwritten"", ""text"": """"}, {""bbox"": [181.5, 717.75, 860.81, 772.99], ""type"": ""handwritten"", ""text"": """"}, {""bbox"": [189.59, 549.57, 397.11, 593.36], ""type"": ""handwritten"", ""text"": """"}, {""bbox"": [198.34, 308.02, 278.96, 345.49], ""type"": ""handwritten"", ""text"": """"}, {""bbox"": [201.86, 112.29, 806.46, 212.74], ""type"": ""handwritten"", ""text"": """"}, {""bbox"": [201.41, 185.14, 862.23, 269.46], ""type"": ""handwritten"", ""text"": """"}, {""bbox"": [201.97, 148.3, 838.96, 247.93], ""type"": ""handwritten"", ""text"": """"}]"
095598e0-a443-4e8b-a567-e03b889d2d61.jpg,"[{""bbox"": [224.21, 369.14, 2174.23, 588.09], ""type"": ""handwritten"", ""text"": """"}, {""bbox"": [933.36, 61.12, 1631.42, 252.05], ""type"": ""handwritten"", ""text"": """"}, {""bbox"": [297.27, 238.18, 2585.28, 413.55], ""type"": ""handwritten"", ""text"": """"}, {""bbox"": [302.44, 658.4, 2495.31, 863.96], ""type"": ""handwritten"", ""text"": """"}, {""bbox"": [331.43, 564.23, 972.68, 726.04], ""type"": ""handwritten"", ""text"": """"}, {""bbox"": [174.16, 1720.72, 2589.57, 2031.95], ""type"": ""handwritten"", ""text"": """"}, {""bbox"": [101.36, 3315.05, 2576.51, 3647.75], ""type"": ""handwritten"", ""text"": """"}, {""bbox"": [210.76, 914.61, 2522.52, 1183.37], ""type"": ""handwritten"", ""text"": """"}, {""bbox"": [167.0, 1972.56, 723.79, 2123.28], ""type"": ""handwritten"", ""text"": """"}, {""bbox"": [112.24, 3563.67, 1394.54, 3829.27], ""type"": ""handwritten"", ""text"": """"}, {""bbox"": [191.66, 1304.58, 2596.16, 1621.59], ""type"": ""handwritten"", ""text"": """"}, {""bbox"": [188.17, 1565.9, 2590.98, 1887.15], ""type"": ""handwritten"", ""text"": """"}, {""bbox"": [205.23, 1018.43, 2512.07, 1297.46], ""type"": ""handwritten"", ""text"": """"}, {""bbox"": [130.91, 2506.64, 2715.17, 2866.79], ""type"": ""handwritten"", ""text"": """"}, {""bbox"": [128.89, 2999.62, 2677.16, 3370.42], ""type"": ""handwritten"", ""text"": """"}, {""bbox"": [222.01, 2004.33, 2651.65, 2312.56], ""type"": ""handwritten"", ""text"": """"}, {""bbox"": [142.38, 2185.84, 2674.75, 2525.77], ""type"": ""handwritten"", ""text"": """"}, {""bbox"": [185.08, 2675.76, 2669.62, 3058.6], ""type"": ""handwritten"", ""text"": """"}, {""bbox"": [198.66, 1160.5, 2595.71, 1476.42], ""type"": ""handwritten"", ""text"": """"}, {""bbox"": [218.09, 782.15, 2561.66, 1038.13], ""type"": ""handwritten"", ""text"": """"}, {""bbox"": [181.47, 1430.04, 2597.77, 1708.61], ""type"": ""handwritten"", ""text"": """"}, {""bbox"": [136.43, 2301.76, 2695.4, 2711.88], ""type"": ""handwritten"", ""text"": """"}, {""bbox"": [123.67, 2892.39, 2667.64, 3214.82], ""type"": ""handwritten"", ""text"": """"}, {""bbox"": [112.34, 3162.15, 2654.27, 3495.27], ""type"": ""handwritten"", ""text"": """"}, {""bbox"": [237.19, 2134.16, 2655.27, 2407.29], ""type"": ""handwritten"", ""text"": """"}]"
097e615e-6a67-4dfc-8a8d-8e8ebb809fcc.jpg,"[{""bbox"": [150.15, 280.27, 399.88, 349.79], ""type"": ""formula"", ""text"": """"}, {""bbox"": [1049.79, 291.07, 1570.09, 592.55], ""type"": ""annotation"", ""text"": """"}, {""bbox"": [114.75, 69.75, 1012.77, 147.44], ""type"": ""formula"", ""text"": """"}, {""bbox"": [128.68, 538.14, 658.19, 615.92], ""type"": ""formula"", ""text"": """"}, {""bbox"": [178.33, 349.71, 727.57, 421.43], ""type"": ""formula"", ""text"": """"}, {""bbox"": [160.6, 686.26, 944.94, 751.73], ""type"": ""formula"", ""text"": """"}, {""bbox"": [50.17, 5.14, 415.58, 77.44], ""type"": ""formula"", ""text"": """"}, {""bbox"": [134.41, 203.48, 861.69, 285.23], ""type"": ""formula"", ""text"": """"}, {""bbox"": [170.45, 751.26, 666.41, 818.2], ""type"": ""formula"", ""text"": """"}, {""bbox"": [44.6, 458.37, 572.35, 537.82], ""type"": ""formula"", ""text"": """"}, {""bbox"": [59.19, 1170.99, 698.87, 1246.99], ""type"": ""handwritten"", ""text"": """"}, {""bbox"": [148.51, 1265.28, 702.7, 1335.94], ""type"": ""formula"", ""text"": """"}, {""bbox"": [131.86, 147.91, 373.92, 204.43], ""type"": ""formula"", ""text"": """"}, {""bbox"": [191.85, 1029.02, 766.09, 1096.6], ""type"": ""formula"", ""text"": """"}, {""bbox"": [991.78, 1160.63, 1427.81, 1214.48], ""type"": ""handwritten"", ""text"": """"}, {""bbox"": [144.75, 610.15, 1133.85, 683.13], ""type"": ""formula"", ""text"": """"}, {""bbox"": [1060.95, 125.33, 1229.56, 280.05], ""type"": ""annotation"", ""text"": """"}, {""bbox"": [1123.74, 851.43, 1275.23, 995.0], ""type"": ""annotation"", ""text"": """"}, {""bbox"": [35.19, 810.6, 113.06, 900.87], ""type"": ""annotation"", ""text"": """"}, {""bbox"": [170.98, 873.22, 913.98, 975.2], ""type"": ""handwritten"", ""text"": """"}, {""bbox"": [171.63, 959.03, 234.11, 1015.78], ""type"": ""handwritten"", ""text"": """"}, {""bbox"": [186.88, 1028.11, 760.64, 1169.42], ""type"": ""formula"", ""text"": """"}, {""bbox"": [146.71, 1261.93, 703.13, 1412.25], ""type"": ""formula"", ""text"": """"}, {""bbox"": [1430.38, 1171.14, 1598.69, 1327.93], ""type"": ""annotation"", ""text"": """"}, {""bbox"": [974.85, 1228.43, 1373.38, 1388.88], ""type"": ""handwritten"", ""text"": """"}, {""bbox"": [1041.5, 15.2, 1326.02, 162.71], ""type"": ""annotation"", ""text"": """"}, {""bbox"": [192.51, 1091.63, 259.32, 1166.91], ""type"": ""handwritten"", ""text"": """"}, {""bbox"": [1043.44, 59.08, 1154.88, 157.42], ""type"": ""annotation"", ""text"": """"}, {""bbox"": [1327.82, 122.66, 1520.27, 276.25], ""type"": ""annotation"", ""text"": """"}, {""bbox"": [1524.13, 260.35, 1612.77, 369.3], ""type"": ""annotation"", ""text"": """"}, {""bbox"": [611.58, 873.73, 908.8, 943.17], ""type"": ""handwritten"", ""text"": """"}, {""bbox"": [314.15, 1336.53, 395.12, 1411.0], ""type"": ""handwritten"", ""text"": """"}, {""bbox"": [5.98, 1.59, 72.81, 72.84], ""type"": ""annotation"", ""text"": """"}, {""bbox"": [1041.73, 8.68, 1320.4, 286.19], ""type"": ""annotation"", ""text"": """"}, {""bbox"": [1052.6, 337.35, 1298.79, 588.18], ""type"": ""annotation"", ""text"": """"}, {""bbox"": [1398.57, 388.18, 1575.5, 572.71], ""type"": ""annotation"", ""text"": """"}, {""bbox"": [947.09, 606.57, 1130.75, 686.02], ""type"": ""handwritten"", ""text"": """"}]"
0a331d40-206e-4185-bd31-51e369f07578.jpg,"[{""bbox"": [53.46, 891.71, 1833.18, 968.51], ""type"": ""handwritten"", ""text"": """"}, {""bbox"": [46.36, 965.86, 1798.56, 1048.04], ""type"": ""handwritten"", ""text"": """"}, {""bbox"": [55.86, 1220.96, 292.28, 1272.16], ""type"": ""annotation"", ""text"": """"}, {""bbox"": [66.0, 198.69, 764.99, 424.42], ""type"": ""table"", ""text"": """"}, {""bbox"": [989.73, 505.75, 1594.35, 569.16], ""type"": ""formula"", ""text"": """"}, {""bbox"": [71.04, 727.58, 995.58, 859.87], ""type"": ""formula"", ""text"": """"}, {""bbox"": [65.49, 115.35, 342.3, 186.17], ""type"": ""handwritten"", ""text"": """"}, {""bbox"": [66.54, 565.43, 314.49, 637.17], ""type"": ""handwritten"", ""text"": """"}, {""bbox"": [76.21, 623.66, 1179.13, 706.59], ""type"": ""formula"", ""text"": """"}, {""bbox"": [1011.82, 433.6, 1352.38, 489.55], ""type"": ""formula"", ""text"": """"}, {""bbox"": [38.62, 1051.78, 484.64, 1110.73], ""type"": ""handwritten"", ""text"": """"}, {""bbox"": [1023.29, 621.21, 1173.49, 689.84], ""type"": ""formula"", ""text"": """"}, {""bbox"": [581.83, 622.29, 1173.15, 695.54], ""type"": ""formula"", ""text"": """"}, {""bbox"": [66.76, 430.07, 895.5, 512.87], ""type"": ""formula"", ""text"": """"}, {""bbox"": [460.15, 425.52, 894.43, 514.21], ""type"": ""formula"", ""text"": """"}, {""bbox"": [80.79, 642.58, 483.79, 707.94], ""type"": ""formula"", ""text"": """"}]"
0aa00698-470c-4193-9b38-4dfa1fc11adb.jpg,"[{""bbox"": [142.78, 1495.71, 1245.15, 1588.24], ""type"": ""handwritten"", ""text"": """"}, {""bbox"": [125.76, 1593.01, 1458.46, 1685.02], ""type"": ""handwritten"", ""text"": """"}, {""bbox"": [80.0, 356.13, 1432.85, 441.97], ""type"": ""handwritten"", ""text"": """"}, {""bbox"": [61.28, 1437.68, 365.12, 1506.36], ""type"": ""handwritten"", ""text"": """"}, {""bbox"": [81.74, 283.57, 1460.07, 366.41], ""type"": ""handwritten"", ""text"": """"}, {""bbox"": [76.34, 922.89, 1468.33, 1002.14], ""type"": ""handwritten"", ""text"": """"}, {""bbox"": [350.21, 101.88, 1363.78, 210.61], ""type"": ""handwritten"", ""text"": """"}, {""bbox"": [80.74, 856.44, 1490.09, 935.38], ""type"": ""handwritten"", ""text"": """"}, {""bbox"": [62.99, 1073.01, 1462.55, 1156.15], ""type"": ""handwritten"", ""text"": """"}, {""bbox"": [80.4, 432.02, 1447.73, 519.31], ""type"": ""handwritten"", ""text"": """"}, {""bbox"": [60.28, 1673.59, 1458.02, 1760.2], ""type"": ""handwritten"", ""text"": """"}, {""bbox"": [57.49, 1363.49, 1485.93, 1449.48], ""type"": ""handwritten"", ""text"": """"}, {""bbox"": [99.95, 194.97, 1452.44, 297.39], ""type"": ""handwritten"", ""text"": """"}, {""bbox"": [84.24, 504.98, 1448.63, 589.3], ""type"": ""handwritten"", ""text"": """"}, {""bbox"": [82.14, 789.47, 1433.3, 867.07], ""type"": ""handwritten"", ""text"": """"}, {""bbox"": [61.45, 995.24, 1452.33, 1076.57], ""type"": ""handwritten"", ""text"": """"}, {""bbox"": [56.59, 2172.06, 1464.76, 2250.37], ""type"": ""handwritten"", ""text"": """"}, {""bbox"": [85.34, 718.67, 1485.42, 803.05], ""type"": ""handwritten"", ""text"": """"}, {""bbox"": [60.95, 1290.65, 1494.91, 1373.73], ""type"": ""handwritten"", ""text"": """"}, {""bbox"": [59.87, 1216.11, 1510.3, 1301.44], ""type"": ""handwritten"", ""text"": """"}, {""bbox"": [53.95, 2241.75, 1498.2, 2324.28], ""type"": ""handwritten"", ""text"": """"}, {""bbox"": [56.61, 2092.38, 1458.22, 2176.91], ""type"": ""handwritten"", ""text"": """"}, {""bbox"": [60.7, 1748.38, 1517.07, 1831.09], ""type"": ""handwritten"", ""text"": """"}, {""bbox"": [61.23, 1146.85, 1502.96, 1230.07], ""type"": ""handwritten"", ""text"": """"}, {""bbox"": [83.72, 580.13, 1253.0, 652.26], ""type"": ""handwritten"", ""text"": """"}, {""bbox"": [55.52, 2024.61, 1465.56, 2103.28], ""type"": ""handwritten"", ""text"": """"}, {""bbox"": [166.68, 648.36, 1501.78, 728.92], ""type"": ""handwritten"", ""text"": """"}, {""bbox"": [46.49, 2308.39, 1413.14, 2417.32], ""type"": ""handwritten"", ""text"": """"}, {""bbox"": [68.19, 1960.5, 1465.52, 2035.25], ""type"": ""handwritten"", ""text"": """"}, {""bbox"": [61.36, 1820.86, 1449.24, 1902.59], ""type"": ""handwritten"", ""text"": """"}, {""bbox"": [1028.39, 10.97, 1119.58, 129.92], ""type"": ""annotation"", ""text"": """"}, {""bbox"": [64.57, 1894.11, 1462.89, 1970.85], ""type"": ""handwritten"", ""text"": """"}, {""bbox"": [1386.79, 116.67, 1496.71, 212.35], ""type"": ""annotation"", ""text"": """"}, {""bbox"": [1213.25, 8.8, 1481.16, 88.45], ""type"": ""annotation"", ""text"": """"}]"
0b090a2b-d45b-4ffe-a338-8e6c276b6ab6.jpg,"[{""bbox"": [107.51, 32.5, 548.31, 213.02], ""type"": ""image"", ""text"": """"}, {""bbox"": [206.48, 899.46, 816.57, 988.45], ""type"": ""handwritten"", ""text"": """"}, {""bbox"": [123.24, 333.3, 645.93, 466.66], ""type"": ""handwritten"", ""text"": """"}, {""bbox"": [98.47, 1127.63, 579.49, 1225.32], ""type"": ""handwritten"", ""text"": """"}, {""bbox"": [60.87, 1044.69, 307.76, 1122.34], ""type"": ""handwritten"", ""text"": """"}, {""bbox"": [285.06, 524.26, 812.76, 628.62], ""type"": ""handwritten"", ""text"": """"}, {""bbox"": [278.51, 464.19, 586.3, 542.3], ""type"": ""handwritten"", ""text"": """"}, {""bbox"": [96.31, 1207.24, 613.86, 1306.35], ""type"": ""handwritten"", ""text"": """"}, {""bbox"": [215.47, 826.32, 733.66, 917.24], ""type"": ""handwritten"", ""text"": """"}, {""bbox"": [612.7, 1348.06, 1051.31, 1429.94], ""type"": ""formula"", ""text"": """"}, {""bbox"": [222.99, 753.21, 555.22, 840.44], ""type"": ""handwritten"", ""text"": """"}, {""bbox"": [615.47, 1413.58, 1509.39, 1551.78], ""type"": ""formula"", ""text"": """"}, {""bbox"": [281.84, 616.88, 954.14, 701.66], ""type"": ""handwritten"", ""text"": """"}, {""bbox"": [638.52, 1193.3, 1103.28, 1302.56], ""type"": ""formula"", ""text"": """"}, {""bbox"": [632.12, 1275.63, 1160.5, 1364.9], ""type"": ""formula"", ""text"": """"}, {""bbox"": [15.72, 1642.7, 1111.73, 1811.87], ""type"": ""handwritten"", ""text"": """"}, {""bbox"": [836.13, 1926.78, 1062.91, 2117.58], ""type"": ""annotation"", ""text"": """"}, {""bbox"": [1342.33, 1488.31, 1535.68, 1694.76], ""type"": ""annotation"", ""text"": """"}, {""bbox"": [28.12, 1765.02, 1586.62, 1964.32], ""type"": ""formula"", ""text"": """"}, {""bbox"": [1.31, 2049.6, 989.65, 2205.07], ""type"": ""formula"", ""text"": """"}, {""bbox"": [644.56, 1096.14, 1635.29, 1273.51], ""type"": ""handwritten"", ""text"": """"}, {""bbox"": [611.29, 1523.07, 1022.48, 1605.94], ""type"": ""formula"", ""text"": """"}, {""bbox"": [114.78, 244.73, 195.7, 317.32], ""type"": ""annotation"", ""text"": """"}, {""bbox"": [1062.46, 521.41, 1211.03, 648.56], ""type"": ""annotation"", ""text"": """"}, {""bbox"": [12.17, 2189.08, 787.99, 2294.37], ""type"": ""formula"", ""text"": """"}, {""bbox"": [606.65, 1702.82, 1069.85, 1798.83], ""type"": ""handwritten"", ""text"": """"}, {""bbox"": [3.68, 1865.89, 598.16, 2023.48], ""type"": ""formula"", ""text"": """"}, {""bbox"": [3.84, 2132.23, 988.66, 2251.4], ""type"": ""formula"", ""text"": """"}, {""bbox"": [1449.96, 1585.51, 1532.88, 1684.86], ""type"": ""annotation"", ""text"": """"}, {""bbox"": [604.02, 1602.06, 1197.7, 1709.97], ""type"": ""formula"", ""text"": """"}, {""bbox"": [1071.69, 2175.49, 1207.47, 2295.04], ""type"": ""annotation"", ""text"": """"}, {""bbox"": [600.42, 1902.97, 818.45, 2108.69], ""type"": ""annotation"", ""text"": """"}, {""bbox"": [3.92, 1983.89, 602.3, 2105.94], ""type"": ""formula"", ""text"": """"}, {""bbox"": [1073.72, 2091.97, 1580.88, 2230.97], ""type"": ""handwritten"", ""text"": """"}, {""bbox"": [1051.28, 2015.94, 1612.36, 2142.11], ""type"": ""handwritten"", ""text"": """"}, {""bbox"": [1341.79, 1525.79, 1529.15, 1635.96], ""type"": ""annotation"", ""text"": """"}, {""bbox"": [286.32, 527.58, 520.14, 622.57], ""type"": ""handwritten"", ""text"": """"}, {""bbox"": [560.9, 116.25, 595.3, 211.21], ""type"": ""annotation"", ""text"": """"}, {""bbox"": [640.5, 1999.2, 737.16, 2097.82], ""type"": ""annotation"", ""text"": """"}, {""bbox"": [18.69, 975.97, 308.87, 1122.49], ""type"": ""handwritten"", ""text"": """"}, {""bbox"": [0.0, 1364.01, 1514.79, 1598.5], ""type"": ""formula"", ""text"": """"}, {""bbox"": [1128.57, 518.98, 1210.91, 616.1], ""type"": ""annotation"", ""text"": """"}, {""bbox"": [21.32, 1844.16, 272.4, 1927.58], ""type"": ""formula"", ""text"": """"}, {""bbox"": [1054.06, 1953.07, 1478.89, 2066.12], ""type"": ""handwritten"", ""text"": """"}, {""bbox"": [1049.73, 1817.25, 1582.34, 1996.33], ""type"": ""formula"", ""text"": """"}]"
0b7cdc2a-76d6-4db5-933b-d677aaf54448.jpg,"[{""bbox"": [145.97, 460.08, 1506.1, 515.22], ""type"": ""handwritten"", ""text"": """"}, {""bbox"": [161.42, 664.09, 1645.0, 723.22], ""type"": ""handwritten"", ""text"": """"}, {""bbox"": [392.1, 770.72, 1651.9, 830.51], ""type"": ""handwritten"", ""text"": """"}, {""bbox"": [158.76, 292.24, 1535.49, 351.4], ""type"": ""handwritten"", ""text"": """"}, {""bbox"": [601.37, 231.59, 1510.51, 284.63], ""type"": ""handwritten"", ""text"": """"}, {""bbox"": [475.06, 357.91, 1481.07, 412.04], ""type"": ""handwritten"", ""text"": """"}, {""bbox"": [389.56, 717.87, 1560.17, 777.01], ""type"": ""handwritten"", ""text"": """"}, {""bbox"": [135.13, 127.19, 1654.15, 194.66], ""type"": ""handwritten"", ""text"": """"}, {""bbox"": [486.03, 408.1, 1608.13, 458.19], ""type"": ""handwritten"", ""text"": """"}, {""bbox"": [574.94, 597.38, 1257.04, 651.76], ""type"": ""handwritten"", ""text"": """"}, {""bbox"": [597.55, 180.14, 1535.9, 234.86], ""type"": ""handwritten"", ""text"": """"}, {""bbox"": [395.77, 825.65, 664.34, 870.97], ""type"": ""handwritten"", ""text"": """"}, {""bbox"": [134.57, 84.16, 318.07, 137.6], ""type"": ""handwritten"", ""text"": """"}, {""bbox"": [550.29, 515.92, 1510.73, 563.57], ""type"": ""handwritten"", ""text"": """"}, {""bbox"": [667.63, 556.72, 1542.85, 603.42], ""type"": ""handwritten"", ""text"": """"}, {""bbox"": [1367.8, 836.53, 1473.14, 913.55], ""type"": ""annotation"", ""text"": """"}, {""bbox"": [394.29, 806.4, 1655.02, 882.08], ""type"": ""handwritten"", ""text"": """"}]"
0bb6a86a-b5a1-4e68-97eb-a1f503c040d9.jpg,"[{""bbox"": [296.61, 332.66, 1146.72, 425.78], ""type"": ""handwritten"", ""text"": """"}, {""bbox"": [295.9, 982.16, 1439.34, 1073.63], ""type"": ""handwritten"", ""text"": """"}, {""bbox"": [298.42, 666.24, 1535.37, 761.93], ""type"": ""handwritten"", ""text"": """"}, {""bbox"": [295.93, 578.12, 1515.18, 677.91], ""type"": ""handwritten"", ""text"": """"}, {""bbox"": [298.85, 1063.56, 1121.27, 1150.26], ""type"": ""handwritten"", ""text"": """"}, {""bbox"": [336.05, 252.37, 1541.44, 355.21], ""type"": ""handwritten"", ""text"": """"}, {""bbox"": [290.45, 498.18, 1502.87, 590.86], ""type"": ""handwritten"", ""text"": """"}, {""bbox"": [301.7, 1428.52, 1464.56, 1530.33], ""type"": ""handwritten"", ""text"": """"}, {""bbox"": [296.38, 1196.45, 1504.32, 1316.53], ""type"": ""handwritten"", ""text"": """"}, {""bbox"": [296.0, 908.58, 1528.44, 993.03], ""type"": ""handwritten"", ""text"": """"}, {""bbox"": [313.6, 1318.32, 1504.97, 1445.16], ""type"": ""handwritten"", ""text"": """"}, {""bbox"": [299.32, 751.41, 1533.06, 837.57], ""type"": ""handwritten"", ""text"": """"}, {""bbox"": [641.76, 171.93, 934.02, 236.53], ""type"": ""handwritten"", ""text"": """"}, {""bbox"": [298.36, 829.47, 1531.64, 920.93], ""type"": ""handwritten"", ""text"": """"}, {""bbox"": [332.27, 413.17, 1418.36, 508.97], ""type"": ""handwritten"", ""text"": """"}, {""bbox"": [310.13, 1748.04, 1540.75, 1828.25], ""type"": ""handwritten"", ""text"": """"}, {""bbox"": [316.23, 1814.51, 1227.57, 1912.07], ""type"": ""handwritten"", ""text"": """"}, {""bbox"": [339.29, 1118.44, 1534.03, 1221.29], ""type"": ""handwritten"", ""text"": """"}, {""bbox"": [330.08, 1531.03, 1540.22, 1646.61], ""type"": ""handwritten"", ""text"": """"}, {""bbox"": [306.52, 1670.02, 1541.35, 1766.27], ""type"": ""handwritten"", ""text"": """"}, {""bbox"": [301.59, 1304.09, 443.81, 1375.03], ""type"": ""handwritten"", ""text"": """"}, {""bbox"": [304.92, 1603.23, 1541.57, 1706.77], ""type"": ""handwritten"", ""text"": """"}, {""bbox"": [308.27, 1520.17, 587.92, 1580.32], ""type"": ""handwritten"", ""text"": """"}, {""bbox"": [236.72, 1792.12, 307.61, 1945.73], ""type"": ""image"", ""text"": """"}]"
0bfb347f-9b53-4c8d-b971-e7ddc2fe4ea9.jpg,"[{""bbox"": [6.06, 917.64, 429.28, 994.51], ""type"": ""handwritten"", ""text"": """"}, {""bbox"": [22.97, 2131.62, 1517.01, 2215.98], ""type"": ""formula"", ""text"": """"}, {""bbox"": [12.04, 1443.94, 1555.62, 1780.85], ""type"": ""table"", ""text"": """"}, {""bbox"": [29.59, 408.29, 161.26, 459.86], ""type"": ""handwritten"", ""text"": """"}, {""bbox"": [21.92, 592.07, 152.05, 642.68], ""type"": ""handwritten"", ""text"": """"}, {""bbox"": [12.68, 855.14, 179.71, 913.51], ""type"": ""formula"", ""text"": """"}, {""bbox"": [9.68, 660.78, 145.6, 717.92], ""type"": ""handwritten"", ""text"": """"}, {""bbox"": [43.07, 349.32, 167.31, 397.34], ""type"": ""handwritten"", ""text"": """"}, {""bbox"": [9.68, 787.96, 147.59, 838.69], ""type"": ""handwritten"", ""text"": """"}, {""bbox"": [8.1, 1101.51, 1637.47, 1226.41], ""type"": ""handwritten"", ""text"": """"}, {""bbox"": [25.34, 2027.46, 1473.49, 2111.93], ""type"": ""formula"", ""text"": """"}, {""bbox"": [8.35, 728.12, 146.56, 778.86], ""type"": ""handwritten"", ""text"": """"}, {""bbox"": [24.68, 524.65, 155.0, 581.31], ""type"": ""handwritten"", ""text"": """"}, {""bbox"": [9.46, 1292.5, 1523.64, 1399.6], ""type"": ""handwritten"", ""text"": """"}, {""bbox"": [6.9, 1215.36, 755.15, 1287.84], ""type"": ""handwritten"", ""text"": """"}, {""bbox"": [26.18, 467.87, 154.1, 514.69], ""type"": ""handwritten"", ""text"": """"}, {""bbox"": [10.21, 1017.75, 1611.45, 1158.44], ""type"": ""handwritten"", ""text"": """"}, {""bbox"": [11.81, 934.64, 1640.87, 1048.03], ""type"": ""handwritten"", ""text"": """"}, {""bbox"": [14.1, 1855.09, 1488.96, 1953.89], ""type"": ""handwritten"", ""text"": """"}, {""bbox"": [70.55, 48.29, 509.73, 227.89], ""type"": ""image"", ""text"": """"}, {""bbox"": [36.66, 298.92, 172.91, 344.99], ""type"": ""handwritten"", ""text"": """"}, {""bbox"": [21.94, 1950.72, 679.9, 2027.7], ""type"": ""formula"", ""text"": """"}, {""bbox"": [30.99, 228.8, 498.89, 298.67], ""type"": ""handwritten"", ""text"": """"}, {""bbox"": [14.01, 988.36, 1638.27, 1099.09], ""type"": ""handwritten"", ""text"": """"}, {""bbox"": [10.94, 1799.08, 1616.29, 1888.83], ""type"": ""handwritten"", ""text"": """"}, {""bbox"": [10.77, 1279.98, 466.39, 1353.74], ""type"": ""handwritten"", ""text"": """"}, {""bbox"": [143.16, 156.08, 439.29, 184.32], ""type"": ""printed"", ""text"": """"}, {""bbox"": [7.36, 928.05, 1521.84, 1120.38], ""type"": ""handwritten"", ""text"": """"}, {""bbox"": [178.89, 126.0, 409.09, 154.59], ""type"": ""printed"", ""text"": """"}, {""bbox"": [12.26, 1386.23, 671.46, 1456.14], ""type"": ""handwritten"", ""text"": """"}, {""bbox"": [7.18, 1754.17, 1590.3, 1853.1], ""type"": ""handwritten"", ""text"": """"}, {""bbox"": [110.27, 184.18, 472.13, 211.75], ""type"": ""printed"", ""text"": """"}, {""bbox"": [1474.09, 2226.28, 1555.25, 2298.11], ""type"": ""annotation"", ""text"": """"}, {""bbox"": [10.98, 1373.52, 1523.97, 1470.82], ""type"": ""handwritten"", ""text"": """"}]"
0c185e35-0fe4-4682-b6b7-dbb2fc9521e7.jpg,"[{""bbox"": [1057.82, 1041.04, 3407.36, 1187.78], ""type"": ""handwritten"", ""text"": """"}, {""bbox"": [980.54, 3040.63, 2458.63, 3193.82], ""type"": ""handwritten"", ""text"": """"}, {""bbox"": [1154.9, 2879.66, 3679.07, 3066.42], ""type"": ""handwritten"", ""text"": """"}, {""bbox"": [1047.98, 947.41, 2846.97, 1070.35], ""type"": ""handwritten"", ""text"": """"}, {""bbox"": [925.16, 2717.93, 2494.65, 2874.95], ""type"": ""handwritten"", ""text"": """"}, {""bbox"": [1603.94, 692.78, 2343.87, 825.15], ""type"": ""handwritten"", ""text"": """"}, {""bbox"": [1049.9, 1166.31, 3176.76, 1311.1], ""type"": ""handwritten"", ""text"": """"}, {""bbox"": [1018.58, 3181.96, 3414.21, 3351.96], ""type"": ""handwritten"", ""text"": """"}, {""bbox"": [955.58, 3622.61, 3593.16, 3882.13], ""type"": ""handwritten"", ""text"": """"}, {""bbox"": [1044.24, 1277.62, 3282.2, 1425.24], ""type"": ""handwritten"", ""text"": """"}, {""bbox"": [945.58, 2603.66, 3694.26, 2763.37], ""type"": ""handwritten"", ""text"": """"}, {""bbox"": [974.81, 2029.32, 2070.44, 2175.0], ""type"": ""handwritten"", ""text"": """"}, {""bbox"": [963.56, 2471.13, 3606.82, 2634.53], ""type"": ""handwritten"", ""text"": """"}, {""bbox"": [1095.62, 781.89, 3471.94, 964.5], ""type"": ""handwritten"", ""text"": """"}, {""bbox"": [739.12, 3973.06, 3587.08, 4241.51], ""type"": ""handwritten"", ""text"": """"}, {""bbox"": [933.48, 3311.11, 3477.61, 3522.34], ""type"": ""handwritten"", ""text"": """"}, {""bbox"": [1038.82, 1376.14, 3654.06, 1526.06], ""type"": ""handwritten"", ""text"": """"}, {""bbox"": [1025.67, 1604.69, 3492.94, 1754.38], ""type"": ""handwritten"", ""text"": """"}, {""bbox"": [986.28, 1926.79, 3363.82, 2103.23], ""type"": ""handwritten"", ""text"": """"}, {""bbox"": [974.68, 2339.66, 3576.78, 2493.79], ""type"": ""handwritten"", ""text"": """"}, {""bbox"": [1192.89, 2220.25, 3213.91, 2355.5], ""type"": ""handwritten"", ""text"": """"}, {""bbox"": [1037.95, 1500.61, 3047.64, 1647.18], ""type"": ""handwritten"", ""text"": """"}, {""bbox"": [665.48, 4714.11, 2504.02, 5037.39], ""type"": ""handwritten"", ""text"": """"}, {""bbox"": [1007.08, 1814.03, 3571.79, 1974.55], ""type"": ""handwritten"", ""text"": """"}, {""bbox"": [695.87, 4188.71, 3660.52, 4512.63], ""type"": ""handwritten"", ""text"": """"}, {""bbox"": [1021.03, 1710.43, 3625.87, 1876.81], ""type"": ""handwritten"", ""text"": """"}, {""bbox"": [976.44, 3729.63, 1458.75, 3873.0], ""type"": ""handwritten"", ""text"": """"}, {""bbox"": [1687.04, 425.36, 3446.74, 492.66], ""type"": ""printed"", ""text"": """"}, {""bbox"": [1615.32, 338.91, 3394.43, 411.53], ""type"": ""printed"", ""text"": """"}, {""bbox"": [1605.78, 694.34, 1899.25, 826.97], ""type"": ""handwritten"", ""text"": """"}, {""bbox"": [684.75, 4395.33, 3658.17, 4661.59], ""type"": ""handwritten"", ""text"": """"}, {""bbox"": [854.63, 339.62, 1214.81, 385.21], ""type"": ""printed"", ""text"": """"}, {""bbox"": [1602.1, 584.22, 2670.55, 643.57], ""type"": ""printed"", ""text"": """"}, {""bbox"": [1610.75, 482.86, 3439.76, 547.69], ""type"": ""printed"", ""text"": """"}, {""bbox"": [846.16, 418.49, 1210.48, 465.4], ""type"": ""printed"", ""text"": """"}, {""bbox"": [657.04, 4559.43, 3735.1, 4879.69], ""type"": ""handwritten"", ""text"": """"}, {""bbox"": [924.83, 3455.15, 3557.62, 3743.84], ""type"": ""handwritten"", ""text"": """"}, {""bbox"": [1612.1, 553.49, 3424.73, 634.29], ""type"": ""printed"", ""text"": """"}, {""bbox"": [995.04, 1791.98, 3533.84, 2084.26], ""type"": ""handwritten"", ""text"": """"}, {""bbox"": [842.79, 469.26, 1179.51, 515.72], ""type"": ""printed"", ""text"": """"}, {""bbox"": [1020.18, 1362.1, 3400.23, 1657.36], ""type"": ""handwritten"", ""text"": """"}, {""bbox"": [1053.65, 1042.66, 2832.85, 1291.69], ""type"": ""handwritten"", ""text"": """"}, {""bbox"": [1609.05, 519.77, 2239.36, 616.24], ""type"": ""printed"", ""text"": """"}, {""bbox"": [932.97, 2574.74, 3510.69, 2854.34], ""type"": ""handwritten"", ""text"": """"}, {""bbox"": [956.06, 2470.4, 2726.78, 2705.45], ""type"": ""handwritten"", ""text"": """"}, {""bbox"": [1618.42, 475.54, 2817.16, 601.69], ""type"": ""printed"", ""text"": """"}, {""bbox"": [799.28, 330.3, 1591.24, 587.16], ""type"": ""image"", ""text"": """"}]"
0c3a5c00-b135-48c0-9f46-a3d152c68e2e.jpg,"[{""bbox"": [426.54, 584.83, 1815.95, 628.06], ""type"": ""printed"", ""text"": """"}, {""bbox"": [482.85, 670.46, 1818.78, 717.71], ""type"": ""printed"", ""text"": """"}, {""bbox"": [401.48, 1579.99, 1985.45, 1644.85], ""type"": ""printed"", ""text"": """"}, {""bbox"": [475.53, 1657.02, 1824.13, 1706.45], ""type"": ""printed"", ""text"": """"}, {""bbox"": [404.22, 1744.93, 1822.7, 1795.35], ""type"": ""printed"", ""text"": """"}, {""bbox"": [544.79, 2388.15, 1383.16, 2432.87], ""type"": ""printed"", ""text"": """"}, {""bbox"": [509.41, 1836.47, 1815.79, 1882.43], ""type"": ""printed"", ""text"": """"}, {""bbox"": [498.68, 808.69, 1670.81, 852.68], ""type"": ""printed"", ""text"": """"}, {""bbox"": [519.77, 1256.02, 1823.62, 1299.93], ""type"": ""printed"", ""text"": """"}, {""bbox"": [950.03, 335.6, 1857.6, 450.46], ""type"": ""handwritten"", ""text"": """"}, {""bbox"": [497.51, 2080.6, 1584.88, 2128.22], ""type"": ""printed"", ""text"": """"}, {""bbox"": [504.53, 1338.99, 1817.15, 1386.92], ""type"": ""printed"", ""text"": """"}, {""bbox"": [623.07, 283.76, 924.62, 349.5], ""type"": ""printed"", ""text"": """"}, {""bbox"": [477.83, 2650.62, 1823.29, 2690.27], ""type"": ""printed"", ""text"": """"}, {""bbox"": [896.88, 1971.05, 1712.41, 2017.24], ""type"": ""printed"", ""text"": """"}, {""bbox"": [516.18, 2188.58, 1730.76, 2235.44], ""type"": ""printed"", ""text"": """"}, {""bbox"": [542.24, 2297.51, 1446.95, 2342.81], ""type"": ""printed"", ""text"": """"}, {""bbox"": [537.93, 2434.31, 1328.65, 2477.45], ""type"": ""printed"", ""text"": """"}, {""bbox"": [535.08, 1183.13, 1809.16, 1226.05], ""type"": ""printed"", ""text"": """"}, {""bbox"": [534.13, 933.2, 1813.24, 973.28], ""type"": ""printed"", ""text"": """"}, {""bbox"": [406.27, 764.9, 1115.93, 809.13], ""type"": ""printed"", ""text"": """"}, {""bbox"": [545.33, 2344.23, 1439.5, 2387.67], ""type"": ""printed"", ""text"": """"}, {""bbox"": [506.04, 1519.14, 1802.56, 1569.36], ""type"": ""printed"", ""text"": """"}, {""bbox"": [406.28, 629.35, 1019.0, 670.22], ""type"": ""printed"", ""text"": """"}, {""bbox"": [1172.53, 447.94, 1645.4, 508.7], ""type"": ""handwritten"", ""text"": """"}, {""bbox"": [400.9, 2748.35, 1830.6, 2788.92], ""type"": ""printed"", ""text"": """"}, {""bbox"": [498.72, 2505.98, 1159.84, 2550.76], ""type"": ""printed"", ""text"": """"}, {""bbox"": [539.43, 535.27, 1793.13, 583.27], ""type"": ""printed"", ""text"": """"}, {""bbox"": [573.9, 2842.36, 831.68, 2876.13], ""type"": ""printed"", ""text"": """"}, {""bbox"": [488.25, 1927.28, 1705.08, 1972.06], ""type"": ""printed"", ""text"": """"}, {""bbox"": [1056.85, 2026.06, 1714.38, 2072.47], ""type"": ""printed"", ""text"": """"}, {""bbox"": [522.57, 857.64, 1808.29, 901.77], ""type"": ""printed"", ""text"": """"}, {""bbox"": [565.98, 1153.96, 889.91, 1184.44], ""type"": ""printed"", ""text"": """"}, {""bbox"": [1288.67, 2242.54, 1716.9, 2284.81], ""type"": ""printed"", ""text"": """"}, {""bbox"": [559.49, 1113.49, 1787.45, 1152.18], ""type"": ""printed"", ""text"": """"}, {""bbox"": [521.93, 1431.48, 1804.64, 1478.33], ""type"": ""printed"", ""text"": """"}, {""bbox"": [576.56, 2796.13, 685.22, 2828.51], ""type"": ""printed"", ""text"": """"}, {""bbox"": [556.62, 1388.8, 1789.09, 1433.32], ""type"": ""printed"", ""text"": """"}, {""bbox"": [1186.39, 2134.78, 1677.67, 2180.35], ""type"": ""printed"", ""text"": """"}, {""bbox"": [403.88, 1795.84, 642.25, 1834.81], ""type"": ""printed"", ""text"": """"}, {""bbox"": [560.53, 1081.07, 1261.37, 1115.42], ""type"": ""printed"", ""text"": """"}, {""bbox"": [556.59, 1884.17, 1789.12, 1927.17], ""type"": ""printed"", ""text"": """"}, {""bbox"": [506.01, 2580.62, 1028.35, 2615.04], ""type"": ""printed"", ""text"": """"}, {""bbox"": [413.59, 2752.51, 924.77, 2784.74], ""type"": ""printed"", ""text"": """"}, {""bbox"": [558.8, 1039.52, 1788.47, 1078.95], ""type"": ""printed"", ""text"": """"}, {""bbox"": [1872.12, 218.87, 2083.6, 400.49], ""type"": ""annotation"", ""text"": """"}, {""bbox"": [556.36, 1476.87, 1789.23, 1521.96], ""type"": ""printed"", ""text"": """"}, {""bbox"": [565.22, 1224.94, 1066.37, 1258.67], ""type"": ""printed"", ""text"": """"}, {""bbox"": [556.86, 1700.16, 1788.47, 1748.46], ""type"": ""printed"", ""text"": """"}, {""bbox"": [1223.63, 2842.72, 1828.33, 2875.48], ""type"": ""printed"", ""text"": """"}, {""bbox"": [559.9, 973.35, 1788.25, 1013.77], ""type"": ""printed"", ""text"": """"}, {""bbox"": [556.52, 714.23, 1788.23, 764.86], ""type"": ""printed"", ""text"": """"}, {""bbox"": [589.64, 899.59, 1103.04, 936.49], ""type"": ""printed"", ""text"": """"}, {""bbox"": [565.68, 1009.13, 754.65, 1040.33], ""type"": ""printed"", ""text"": """"}, {""bbox"": [567.95, 2684.66, 1798.17, 2720.87], ""type"": ""printed"", ""text"": """"}, {""bbox"": [1227.3, 2844.62, 1357.14, 2875.92], ""type"": ""printed"", ""text"": """"}, {""bbox"": [751.48, 2618.29, 1368.12, 2651.23], ""type"": ""printed"", ""text"": """"}, {""bbox"": [396.95, 1505.29, 1827.5, 1536.01], ""type"": ""printed"", ""text"": """"}]"
0c6d05a0-bc4a-4640-80d0-4639da07c382.jpg,"[{""bbox"": [172.59, 3837.0, 2936.93, 4089.35], ""type"": ""handwritten"", ""text"": """"}, {""bbox"": [194.13, 3109.32, 2912.68, 3279.68], ""type"": ""handwritten"", ""text"": """"}, {""bbox"": [180.28, 3691.22, 3015.68, 3872.06], ""type"": ""handwritten"", ""text"": """"}, {""bbox"": [169.6, 2554.7, 2815.59, 2718.41], ""type"": ""handwritten"", ""text"": """"}, {""bbox"": [187.3, 2690.81, 2988.34, 2855.59], ""type"": ""handwritten"", ""text"": """"}, {""bbox"": [181.39, 3262.21, 2912.9, 3429.69], ""type"": ""handwritten"", ""text"": """"}, {""bbox"": [239.32, 2972.38, 2857.49, 3133.88], ""type"": ""handwritten"", ""text"": """"}, {""bbox"": [376.15, 2423.46, 3003.25, 2586.31], ""type"": ""handwritten"", ""text"": """"}, {""bbox"": [250.21, 2029.28, 3027.19, 2189.74], ""type"": ""handwritten"", ""text"": """"}, {""bbox"": [228.24, 2832.69, 2801.92, 3000.29], ""type"": ""handwritten"", ""text"": """"}, {""bbox"": [561.86, 139.35, 2699.12, 508.48], ""type"": ""handwritten"", ""text"": """"}, {""bbox"": [278.37, 2163.87, 2784.55, 2319.06], ""type"": ""handwritten"", ""text"": """"}, {""bbox"": [299.27, 2296.66, 2631.11, 2439.83], ""type"": ""handwritten"", ""text"": """"}, {""bbox"": [180.89, 3551.12, 2801.02, 3717.22], ""type"": ""handwritten"", ""text"": """"}, {""bbox"": [264.65, 1775.64, 2861.64, 1938.82], ""type"": ""handwritten"", ""text"": """"}, {""bbox"": [240.28, 3405.0, 2893.59, 3569.29], ""type"": ""handwritten"", ""text"": """"}, {""bbox"": [288.6, 1654.01, 2703.94, 1813.25], ""type"": ""handwritten"", ""text"": """"}, {""bbox"": [340.56, 842.68, 2885.37, 1134.04], ""type"": ""handwritten"", ""text"": """"}, {""bbox"": [312.92, 1382.6, 2766.72, 1607.51], ""type"": ""handwritten"", ""text"": """"}, {""bbox"": [267.86, 1904.62, 2742.32, 2064.68], ""type"": ""handwritten"", ""text"": """"}, {""bbox"": [288.7, 1524.48, 2892.34, 1711.43], ""type"": ""handwritten"", ""text"": """"}, {""bbox"": [352.7, 1269.91, 2927.55, 1520.06], ""type"": ""handwritten"", ""text"": """"}, {""bbox"": [361.25, 662.39, 2869.37, 1007.94], ""type"": ""handwritten"", ""text"": """"}, {""bbox"": [345.73, 1011.43, 2847.19, 1319.67], ""type"": ""handwritten"", ""text"": """"}, {""bbox"": [402.75, 502.93, 2824.44, 825.67], ""type"": ""handwritten"", ""text"": """"}, {""bbox"": [762.4, 152.42, 2032.95, 405.98], ""type"": ""handwritten"", ""text"": """"}, {""bbox"": [510.27, 310.09, 2814.53, 662.48], ""type"": ""handwritten"", ""text"": """"}, {""bbox"": [358.75, 1134.63, 2860.54, 1465.33], ""type"": ""handwritten"", ""text"": """"}, {""bbox"": [503.52, 328.14, 1530.8, 485.93], ""type"": ""handwritten"", ""text"": """"}]"
0d5f90e2-3f58-4aee-ac5e-1577a42392dd.jpg,"[{""bbox"": [111.21, 818.52, 1391.99, 876.85], ""type"": ""handwritten"", ""text"": """"}, {""bbox"": [102.27, 159.68, 1344.52, 219.95], ""type"": ""handwritten"", ""text"": """"}, {""bbox"": [77.98, 981.47, 1476.1, 1043.63], ""type"": ""handwritten"", ""text"": """"}, {""bbox"": [52.31, 1473.36, 1401.88, 1536.93], ""type"": ""handwritten"", ""text"": """"}, {""bbox"": [61.94, 1694.41, 1470.89, 1756.49], ""type"": ""handwritten"", ""text"": """"}, {""bbox"": [57.95, 1750.29, 1172.61, 1808.47], ""type"": ""handwritten"", ""text"": """"}, {""bbox"": [83.04, 652.15, 1457.62, 717.48], ""type"": ""handwritten"", ""text"": """"}, {""bbox"": [85.75, 871.1, 1422.66, 932.18], ""type"": ""handwritten"", ""text"": """"}, {""bbox"": [81.37, 927.49, 1359.28, 984.84], ""type"": ""handwritten"", ""text"": """"}, {""bbox"": [66.5, 1639.07, 1436.66, 1700.22], ""type"": ""handwritten"", ""text"": """"}, {""bbox"": [475.15, 35.63, 945.02, 103.08], ""type"": ""handwritten"", ""text"": """"}, {""bbox"": [85.24, 598.16, 1342.1, 658.04], ""type"": ""handwritten"", ""text"": """"}, {""bbox"": [198.68, 761.46, 1446.84, 822.29], ""type"": ""handwritten"", ""text"": """"}, {""bbox"": [90.72, 542.23, 1436.47, 601.89], ""type"": ""handwritten"", ""text"": """"}, {""bbox"": [205.45, 105.2, 1520.22, 162.59], ""type"": ""handwritten"", ""text"": """"}, {""bbox"": [74.06, 1092.34, 1547.92, 1154.44], ""type"": ""handwritten"", ""text"": """"}, {""bbox"": [221.3, 1586.34, 1494.12, 1642.52], ""type"": ""handwritten"", ""text"": """"}, {""bbox"": [94.52, 489.26, 1382.49, 546.0], ""type"": ""handwritten"", ""text"": """"}, {""bbox"": [59.79, 1530.18, 881.23, 1586.62], ""type"": ""handwritten"", ""text"": """"}, {""bbox"": [107.94, 266.49, 1461.5, 331.05], ""type"": ""handwritten"", ""text"": """"}, {""bbox"": [71.32, 1148.67, 1504.29, 1207.88], ""type"": ""handwritten"", ""text"": """"}, {""bbox"": [73.89, 1040.3, 1439.63, 1097.82], ""type"": ""handwritten"", ""text"": """"}, {""bbox"": [105.16, 214.33, 1424.22, 274.49], ""type"": ""handwritten"", ""text"": """"}, {""bbox"": [67.9, 1423.65, 1299.93, 1476.62], ""type"": ""handwritten"", ""text"": """"}, {""bbox"": [87.13, 708.07, 401.57, 758.96], ""type"": ""handwritten"", ""text"": """"}, {""bbox"": [97.9, 431.03, 1435.27, 490.11], ""type"": ""handwritten"", ""text"": """"}, {""bbox"": [105.38, 326.55, 1425.98, 389.2], ""type"": ""handwritten"", ""text"": """"}, {""bbox"": [77.45, 1367.47, 1467.72, 1422.2], ""type"": ""handwritten"", ""text"": """"}, {""bbox"": [284.77, 383.68, 1394.95, 442.36], ""type"": ""handwritten"", ""text"": """"}, {""bbox"": [187.42, 1310.03, 1440.03, 1365.07], ""type"": ""handwritten"", ""text"": """"}, {""bbox"": [72.02, 1201.53, 1491.71, 1265.82], ""type"": ""handwritten"", ""text"": """"}, {""bbox"": [404.59, 1261.03, 1279.34, 1312.3], ""type"": ""handwritten"", ""text"": """"}, {""bbox"": [76.83, 1246.18, 1444.8, 1300.55], ""type"": ""handwritten"", ""text"": """"}, {""bbox"": [90.95, 715.54, 1442.63, 769.73], ""type"": ""handwritten"", ""text"": """"}, {""bbox"": [522.8, 439.72, 1396.52, 496.04], ""type"": ""handwritten"", ""text"": """"}]"
0d663978-be4a-4860-9685-1bb0aa5802e2.jpg,"[{""bbox"": [688.29, 1385.78, 4577.8, 1686.75], ""type"": ""handwritten"", ""text"": """"}, {""bbox"": [662.21, 1676.13, 4709.37, 2001.56], ""type"": ""handwritten"", ""text"": """"}, {""bbox"": [759.69, 2073.65, 4636.66, 2558.71], ""type"": ""handwritten"", ""text"": """"}, {""bbox"": [1148.42, 980.66, 2810.53, 1355.5], ""type"": ""handwritten"", ""text"": """"}, {""bbox"": [724.06, 3731.26, 4941.84, 4108.04], ""type"": ""handwritten"", ""text"": """"}, {""bbox"": [576.51, 6772.06, 4943.95, 7159.61], ""type"": ""handwritten"", ""text"": """"}, {""bbox"": [660.51, 1975.45, 1702.1, 2272.17], ""type"": ""handwritten"", ""text"": """"}, {""bbox"": [3156.45, 87.44, 4368.49, 327.08], ""type"": ""handwritten"", ""text"": """"}, {""bbox"": [767.82, 2956.68, 5013.26, 3342.28], ""type"": ""handwritten"", ""text"": """"}, {""bbox"": [764.9, 2468.58, 4513.91, 2875.19], ""type"": ""handwritten"", ""text"": """"}, {""bbox"": [573.92, 6237.8, 4777.63, 6625.09], ""type"": ""handwritten"", ""text"": """"}, {""bbox"": [3135.92, 299.66, 5080.19, 498.63], ""type"": ""handwritten"", ""text"": """"}, {""bbox"": [713.82, 4015.6, 4836.47, 4475.92], ""type"": ""handwritten"", ""text"": """"}, {""bbox"": [589.35, 5967.89, 4640.23, 6367.91], ""type"": ""handwritten"", ""text"": """"}, {""bbox"": [3174.21, 457.89, 4424.61, 694.74], ""type"": ""handwritten"", ""text"": """"}, {""bbox"": [777.79, 5657.51, 4873.14, 6088.32], ""type"": ""handwritten"", ""text"": """"}, {""bbox"": [739.51, 3231.58, 4699.49, 3589.38], ""type"": ""handwritten"", ""text"": """"}, {""bbox"": [688.5, 4209.77, 5011.54, 4697.47], ""type"": ""handwritten"", ""text"": """"}, {""bbox"": [663.25, 5379.34, 3825.06, 5831.04], ""type"": ""handwritten"", ""text"": """"}, {""bbox"": [690.61, 4438.55, 4102.0, 4945.52], ""type"": ""handwritten"", ""text"": """"}, {""bbox"": [658.43, 5122.79, 4318.93, 5538.27], ""type"": ""handwritten"", ""text"": """"}, {""bbox"": [768.05, 3471.58, 4936.08, 3862.6], ""type"": ""handwritten"", ""text"": """"}, {""bbox"": [689.01, 4658.12, 4635.14, 5126.99], ""type"": ""handwritten"", ""text"": """"}, {""bbox"": [1028.55, 2679.95, 4989.08, 3154.45], ""type"": ""handwritten"", ""text"": """"}, {""bbox"": [582.58, 6526.02, 4708.09, 6914.73], ""type"": ""handwritten"", ""text"": """"}, {""bbox"": [693.87, 4889.15, 4867.99, 5349.51], ""type"": ""handwritten"", ""text"": """"}]"
0dd25909-0295-45f0-9c52-c318abb01d41.jpg,"[{""bbox"": [195.93, 1748.9, 2313.95, 1904.68], ""type"": ""handwritten"", ""text"": """"}, {""bbox"": [204.55, 1884.26, 2436.57, 2046.67], ""type"": ""handwritten"", ""text"": """"}, {""bbox"": [206.57, 687.35, 2468.25, 837.11], ""type"": ""handwritten"", ""text"": """"}, {""bbox"": [186.71, 555.02, 2200.89, 704.98], ""type"": ""handwritten"", ""text"": """"}, {""bbox"": [182.06, 2805.35, 2393.88, 2984.52], ""type"": ""handwritten"", ""text"": """"}, {""bbox"": [144.48, 2415.51, 2443.44, 2562.9], ""type"": ""handwritten"", ""text"": """"}, {""bbox"": [138.16, 3214.41, 2334.05, 3364.96], ""type"": ""handwritten"", ""text"": """"}, {""bbox"": [195.08, 1081.38, 2408.7, 1239.52], ""type"": ""handwritten"", ""text"": """"}, {""bbox"": [340.62, 3083.52, 2371.03, 3233.51], ""type"": ""handwritten"", ""text"": """"}, {""bbox"": [216.2, 1482.3, 2223.08, 1640.61], ""type"": ""handwritten"", ""text"": """"}, {""bbox"": [216.05, 1618.4, 2222.36, 1763.68], ""type"": ""handwritten"", ""text"": """"}, {""bbox"": [146.62, 2684.0, 2190.24, 2830.84], ""type"": ""handwritten"", ""text"": """"}, {""bbox"": [189.67, 3343.44, 2342.22, 3517.25], ""type"": ""handwritten"", ""text"": """"}, {""bbox"": [342.83, 815.86, 2410.42, 969.97], ""type"": ""handwritten"", ""text"": """"}, {""bbox"": [1121.41, 379.87, 1870.11, 578.55], ""type"": ""handwritten"", ""text"": """"}, {""bbox"": [166.69, 1365.25, 2210.13, 1496.4], ""type"": ""handwritten"", ""text"": """"}, {""bbox"": [151.33, 950.22, 1304.03, 1097.72], ""type"": ""handwritten"", ""text"": """"}, {""bbox"": [359.57, 2280.08, 2463.41, 2431.21], ""type"": ""handwritten"", ""text"": """"}, {""bbox"": [227.07, 2545.5, 2424.84, 2704.8], ""type"": ""handwritten"", ""text"": """"}, {""bbox"": [126.37, 1221.65, 2439.94, 1382.95], ""type"": ""handwritten"", ""text"": """"}, {""bbox"": [172.15, 2957.84, 1260.39, 3099.79], ""type"": ""handwritten"", ""text"": """"}, {""bbox"": [181.02, 2024.21, 2261.43, 2195.36], ""type"": ""handwritten"", ""text"": """"}, {""bbox"": [173.86, 2169.73, 728.79, 2294.48], ""type"": ""handwritten"", ""text"": """"}, {""bbox"": [148.04, 956.18, 2542.76, 1097.9], ""type"": ""handwritten"", ""text"": """"}, {""bbox"": [1821.28, 964.11, 2569.84, 1115.64], ""type"": ""handwritten"", ""text"": """"}]"
0de7d55f-9c74-452d-b277-daac64fcead5.jpg,"[{""bbox"": [508.79, 2348.5, 2674.32, 2546.39], ""type"": ""handwritten"", ""text"": """"}, {""bbox"": [523.15, 1159.23, 2576.15, 1331.18], ""type"": ""handwritten"", ""text"": """"}, {""bbox"": [508.38, 2189.76, 2698.08, 2372.66], ""type"": ""handwritten"", ""text"": """"}, {""bbox"": [626.27, 192.82, 2449.36, 353.82], ""type"": ""handwritten"", ""text"": """"}, {""bbox"": [534.05, 1734.0, 2354.26, 1911.48], ""type"": ""handwritten"", ""text"": """"}, {""bbox"": [609.19, 455.83, 2626.7, 600.71], ""type"": ""handwritten"", ""text"": """"}, {""bbox"": [522.5, 1308.59, 2407.31, 1464.62], ""type"": ""handwritten"", ""text"": """"}, {""bbox"": [498.12, 2519.04, 2700.78, 2696.98], ""type"": ""handwritten"", ""text"": """"}, {""bbox"": [517.63, 2044.54, 2661.38, 2207.55], ""type"": ""handwritten"", ""text"": """"}, {""bbox"": [526.55, 1600.13, 2416.21, 1747.85], ""type"": ""handwritten"", ""text"": """"}, {""bbox"": [508.82, 1440.09, 2422.36, 1623.14], ""type"": ""handwritten"", ""text"": """"}, {""bbox"": [535.49, 1892.16, 2656.58, 2072.83], ""type"": ""handwritten"", ""text"": """"}, {""bbox"": [516.21, 863.47, 2553.57, 1040.23], ""type"": ""handwritten"", ""text"": """"}, {""bbox"": [532.06, 583.78, 2419.82, 760.22], ""type"": ""handwritten"", ""text"": """"}, {""bbox"": [526.96, 1003.42, 2617.98, 1190.27], ""type"": ""handwritten"", ""text"": """"}, {""bbox"": [637.1, 61.4, 2207.41, 207.2], ""type"": ""handwritten"", ""text"": """"}, {""bbox"": [481.42, 2676.67, 2551.23, 2888.21], ""type"": ""handwritten"", ""text"": """"}, {""bbox"": [897.64, 331.76, 1865.28, 477.37], ""type"": ""handwritten"", ""text"": """"}, {""bbox"": [634.48, 727.3, 2488.77, 893.72], ""type"": ""handwritten"", ""text"": """"}, {""bbox"": [881.59, 328.84, 2554.58, 486.1], ""type"": ""handwritten"", ""text"": """"}]"
0e0c130a-605d-4a1d-8b04-0ba81f744790.jpg,"[{""bbox"": [1495.7, 1439.26, 4540.76, 1696.15], ""type"": ""formula"", ""text"": """"}, {""bbox"": [1826.77, 1807.17, 3532.12, 2064.24], ""type"": ""formula"", ""text"": """"}, {""bbox"": [481.42, 660.09, 4612.17, 1114.54], ""type"": ""formula"", ""text"": """"}, {""bbox"": [1218.85, 1122.59, 1808.79, 1331.65], ""type"": ""formula"", ""text"": """"}, {""bbox"": [418.3, 4820.73, 4085.26, 5244.58], ""type"": ""handwritten"", ""text"": """"}, {""bbox"": [467.43, 4247.69, 800.9, 4471.67], ""type"": ""handwritten"", ""text"": """"}, {""bbox"": [536.23, 3079.28, 856.62, 3347.38], ""type"": ""handwritten"", ""text"": """"}, {""bbox"": [441.5, 3605.67, 921.49, 3934.38], ""type"": ""handwritten"", ""text"": """"}, {""bbox"": [495.36, 6011.16, 810.03, 6290.14], ""type"": ""handwritten"", ""text"": """"}, {""bbox"": [465.84, 4850.18, 756.3, 5124.63], ""type"": ""handwritten"", ""text"": """"}, {""bbox"": [507.07, 171.64, 655.39, 405.67], ""type"": ""handwritten"", ""text"": """"}, {""bbox"": [541.42, 1097.3, 747.24, 1333.75], ""type"": ""handwritten"", ""text"": """"}, {""bbox"": [501.84, 5416.74, 853.36, 5726.05], ""type"": ""handwritten"", ""text"": """"}, {""bbox"": [524.95, 1827.94, 686.52, 2083.03], ""type"": ""handwritten"", ""text"": """"}, {""bbox"": [444.3, 87.73, 4636.98, 612.57], ""type"": ""handwritten"", ""text"": """"}]"
0e12b373-fea2-4b95-af05-85a2bdee3235.jpg,"[{""bbox"": [175.05, 268.38, 1989.35, 365.03], ""type"": ""handwritten"", ""text"": """"}, {""bbox"": [371.25, 173.23, 2742.26, 286.86], ""type"": ""handwritten"", ""text"": """"}, {""bbox"": [116.32, 2250.41, 2803.19, 2372.71], ""type"": ""handwritten"", ""text"": """"}, {""bbox"": [308.41, 2451.12, 2652.97, 2568.54], ""type"": ""handwritten"", ""text"": """"}, {""bbox"": [107.16, 2749.95, 2219.85, 2866.23], ""type"": ""handwritten"", ""text"": """"}, {""bbox"": [126.75, 2061.74, 2785.33, 2173.53], ""type"": ""handwritten"", ""text"": """"}, {""bbox"": [299.08, 1533.76, 2832.89, 1648.31], ""type"": ""handwritten"", ""text"": """"}, {""bbox"": [302.85, 1971.91, 2681.17, 2074.91], ""type"": ""handwritten"", ""text"": """"}, {""bbox"": [265.88, 1111.1, 2785.96, 1223.39], ""type"": ""handwritten"", ""text"": """"}, {""bbox"": [112.88, 2152.41, 2817.31, 2268.47], ""type"": ""handwritten"", ""text"": """"}, {""bbox"": [126.69, 917.6, 2817.04, 1061.22], ""type"": ""handwritten"", ""text"": """"}, {""bbox"": [142.64, 1887.34, 2600.98, 1988.64], ""type"": ""handwritten"", ""text"": """"}, {""bbox"": [997.2, 94.38, 1623.95, 199.76], ""type"": ""handwritten"", ""text"": """"}, {""bbox"": [121.24, 2550.67, 2825.14, 2670.86], ""type"": ""handwritten"", ""text"": """"}, {""bbox"": [157.34, 1628.99, 2841.09, 1730.63], ""type"": ""handwritten"", ""text"": """"}, {""bbox"": [105.33, 2651.55, 2660.98, 2766.17], ""type"": ""handwritten"", ""text"": """"}, {""bbox"": [138.94, 1048.06, 1094.69, 1139.22], ""type"": ""handwritten"", ""text"": """"}, {""bbox"": [162.02, 1713.15, 2680.84, 1816.27], ""type"": ""handwritten"", ""text"": """"}, {""bbox"": [119.73, 2352.56, 1524.31, 2473.85], ""type"": ""handwritten"", ""text"": """"}, {""bbox"": [116.43, 1466.53, 642.45, 1562.62], ""type"": ""handwritten"", ""text"": """"}, {""bbox"": [124.19, 1199.84, 2710.51, 1313.6], ""type"": ""handwritten"", ""text"": """"}, {""bbox"": [147.09, 675.01, 2744.83, 792.26], ""type"": ""handwritten"", ""text"": """"}, {""bbox"": [184.69, 472.22, 2663.65, 615.24], ""type"": ""handwritten"", ""text"": """"}, {""bbox"": [150.67, 1801.07, 2809.51, 1905.41], ""type"": ""handwritten"", ""text"": """"}, {""bbox"": [302.63, 334.21, 2744.14, 452.41], ""type"": ""handwritten"", ""text"": """"}, {""bbox"": [139.09, 766.7, 2751.55, 891.06], ""type"": ""handwritten"", ""text"": """"}, {""bbox"": [157.75, 598.59, 2624.53, 703.29], ""type"": ""handwritten"", ""text"": """"}, {""bbox"": [128.84, 842.55, 2768.95, 968.56], ""type"": ""handwritten"", ""text"": """"}, {""bbox"": [161.86, 434.76, 2665.66, 541.73], ""type"": ""handwritten"", ""text"": """"}, {""bbox"": [1100.26, 1272.5, 2520.73, 1375.91], ""type"": ""handwritten"", ""text"": """"}, {""bbox"": [101.89, 1357.26, 2811.05, 1483.7], ""type"": ""handwritten"", ""text"": """"}, {""bbox"": [106.85, 1286.23, 2766.76, 1420.11], ""type"": ""handwritten"", ""text"": """"}, {""bbox"": [1198.96, 422.1, 2615.75, 524.43], ""type"": ""handwritten"", ""text"": """"}]"
0e7d83b5-ed95-4dc9-889d-a5f44dea0fcf.jpg,"[{""bbox"": [538.28, 2611.91, 2811.19, 2754.71], ""type"": ""handwritten"", ""text"": """"}, {""bbox"": [559.68, 1825.93, 2531.19, 1946.99], ""type"": ""handwritten"", ""text"": """"}, {""bbox"": [545.65, 2479.94, 2810.95, 2611.14], ""type"": ""handwritten"", ""text"": """"}, {""bbox"": [549.41, 1554.88, 2757.84, 1683.57], ""type"": ""handwritten"", ""text"": """"}, {""bbox"": [506.36, 2755.18, 2747.76, 2894.65], ""type"": ""handwritten"", ""text"": """"}, {""bbox"": [561.61, 1948.44, 2744.94, 2082.22], ""type"": ""handwritten"", ""text"": """"}, {""bbox"": [568.91, 1177.77, 2744.47, 1288.78], ""type"": ""handwritten"", ""text"": """"}, {""bbox"": [627.34, 2356.25, 2580.3, 2470.4], ""type"": ""handwritten"", ""text"": """"}, {""bbox"": [567.86, 1316.06, 1504.48, 1414.93], ""type"": ""handwritten"", ""text"": """"}, {""bbox"": [516.55, 2893.68, 2648.92, 3024.87], ""type"": ""handwritten"", ""text"": """"}, {""bbox"": [579.63, 911.96, 2641.34, 1031.48], ""type"": ""handwritten"", ""text"": """"}, {""bbox"": [562.32, 1694.12, 2640.99, 1808.56], ""type"": ""handwritten"", ""text"": """"}, {""bbox"": [547.01, 2084.62, 2635.95, 2211.99], ""type"": ""handwritten"", ""text"": """"}, {""bbox"": [578.17, 787.42, 2628.24, 911.79], ""type"": ""handwritten"", ""text"": """"}, {""bbox"": [587.65, 668.0, 2768.23, 788.03], ""type"": ""handwritten"", ""text"": """"}, {""bbox"": [538.83, 3061.13, 957.19, 3155.19], ""type"": ""handwritten"", ""text"": """"}, {""bbox"": [656.67, 1436.17, 2770.74, 1551.69], ""type"": ""handwritten"", ""text"": """"}, {""bbox"": [575.54, 1042.57, 2604.7, 1168.08], ""type"": ""handwritten"", ""text"": """"}, {""bbox"": [586.18, 2244.64, 856.34, 2337.91], ""type"": ""handwritten"", ""text"": """"}, {""bbox"": [1158.58, 1317.26, 1505.09, 1412.66], ""type"": ""handwritten"", ""text"": """"}]"
0eba8f38-64bb-4c0e-a28c-61572efb7b10.jpg,"[{""bbox"": [218.9, 919.97, 1830.09, 990.05], ""type"": ""printed"", ""text"": """"}, {""bbox"": [222.26, 1019.03, 1834.28, 1092.93], ""type"": ""printed"", ""text"": """"}, {""bbox"": [218.12, 1123.72, 1834.41, 1192.24], ""type"": ""printed"", ""text"": """"}, {""bbox"": [321.83, 1431.44, 1443.1, 1495.67], ""type"": ""printed"", ""text"": """"}, {""bbox"": [319.47, 1529.3, 1899.7, 1597.9], ""type"": ""printed"", ""text"": """"}, {""bbox"": [321.49, 1630.23, 1434.88, 1692.75], ""type"": ""printed"", ""text"": """"}, {""bbox"": [350.02, 823.86, 1823.32, 886.79], ""type"": ""printed"", ""text"": """"}, {""bbox"": [517.37, 1332.79, 1027.02, 1389.94], ""type"": ""printed"", ""text"": """"}, {""bbox"": [448.34, 546.07, 1699.58, 653.56], ""type"": ""handwritten"", ""text"": """"}, {""bbox"": [241.63, 292.2, 471.87, 431.37], ""type"": ""annotation"", ""text"": """"}, {""bbox"": [618.79, 268.05, 1160.59, 324.03], ""type"": ""printed"", ""text"": """"}, {""bbox"": [622.09, 472.52, 1542.59, 531.73], ""type"": ""printed"", ""text"": """"}, {""bbox"": [994.14, 1840.54, 1477.39, 1893.64], ""type"": ""printed"", ""text"": """"}, {""bbox"": [350.59, 2036.29, 835.12, 2099.81], ""type"": ""printed"", ""text"": """"}, {""bbox"": [215.24, 1219.13, 553.15, 1289.52], ""type"": ""printed"", ""text"": """"}, {""bbox"": [927.86, 653.88, 1669.55, 771.52], ""type"": ""handwritten"", ""text"": """"}, {""bbox"": [1752.32, 135.12, 1876.18, 271.47], ""type"": ""annotation"", ""text"": """"}, {""bbox"": [932.91, 1843.68, 1945.95, 2108.27], ""type"": ""image"", ""text"": """"}, {""bbox"": [319.84, 1530.38, 1107.59, 1596.52], ""type"": ""printed"", ""text"": """"}]"
0ee54300-0c40-5a7f-90bb-7d738e564a76.jpg,"[{""bbox"": [1329.11, 1329.15, 1715.27, 1513.49], ""type"": ""handwritten"", ""text"": """"}, {""bbox"": [1332.65, 500.28, 1748.32, 694.49], ""type"": ""handwritten"", ""text"": """"}, {""bbox"": [102.38, 1748.73, 453.21, 1923.92], ""type"": ""handwritten"", ""text"": """"}, {""bbox"": [1338.98, 348.74, 1594.0, 509.16], ""type"": ""handwritten"", ""text"": """"}, {""bbox"": [103.98, 216.28, 315.41, 374.91], ""type"": ""handwritten"", ""text"": """"}, {""bbox"": [123.07, 1073.23, 470.68, 1248.71], ""type"": ""handwritten"", ""text"": """"}, {""bbox"": [115.02, 1237.34, 455.26, 1412.42], ""type"": ""handwritten"", ""text"": """"}, {""bbox"": [1328.99, 1008.02, 1603.02, 1164.88], ""type"": ""handwritten"", ""text"": """"}, {""bbox"": [103.94, 392.57, 356.85, 554.54], ""type"": ""handwritten"", ""text"": """"}, {""bbox"": [1341.55, 181.47, 1590.49, 344.81], ""type"": ""handwritten"", ""text"": """"}, {""bbox"": [1336.31, 835.17, 1604.14, 1007.48], ""type"": ""handwritten"", ""text"": """"}, {""bbox"": [105.97, 1566.79, 343.87, 1737.85], ""type"": ""handwritten"", ""text"": """"}, {""bbox"": [1335.32, 677.17, 1596.38, 831.22], ""type"": ""handwritten"", ""text"": """"}, {""bbox"": [63.05, 2424.58, 334.19, 2594.05], ""type"": ""handwritten"", ""text"": """"}, {""bbox"": [109.47, 42.73, 348.85, 202.18], ""type"": ""handwritten"", ""text"": """"}, {""bbox"": [1327.7, 1177.59, 1583.08, 1330.78], ""type"": ""handwritten"", ""text"": """"}, {""bbox"": [1344.99, 35.98, 1574.21, 181.36], ""type"": ""handwritten"", ""text"": """"}, {""bbox"": [67.05, 2240.62, 341.63, 2415.76], ""type"": ""handwritten"", ""text"": """"}, {""bbox"": [81.64, 2076.72, 339.4, 2260.77], ""type"": ""handwritten"", ""text"": """"}, {""bbox"": [102.36, 1914.62, 354.06, 2082.26], ""type"": ""handwritten"", ""text"": """"}, {""bbox"": [107.95, 560.85, 326.12, 718.17], ""type"": ""handwritten"", ""text"": """"}, {""bbox"": [112.77, 728.85, 328.2, 894.93], ""type"": ""handwritten"", ""text"": """"}, {""bbox"": [120.51, 900.64, 315.16, 1062.68], ""type"": ""handwritten"", ""text"": """"}, {""bbox"": [116.76, 1414.22, 332.15, 1576.18], ""type"": ""handwritten"", ""text"": """"}, {""bbox"": [84.64, 181.05, 1556.49, 1587.88], ""type"": ""table"", ""text"": """"}]"
0f30872e-56cd-43d4-a77c-6d9fbd129f6f.jpg,"[{""bbox"": [68.86, 551.66, 546.26, 588.91], ""type"": ""handwritten"", ""text"": """"}, {""bbox"": [52.33, 657.25, 537.58, 695.51], ""type"": ""handwritten"", ""text"": """"}, {""bbox"": [44.67, 586.15, 539.9, 624.07], ""type"": ""handwritten"", ""text"": """"}, {""bbox"": [49.03, 768.06, 536.03, 806.89], ""type"": ""handwritten"", ""text"": """"}, {""bbox"": [46.54, 730.72, 516.98, 770.4], ""type"": ""handwritten"", ""text"": """"}, {""bbox"": [47.58, 438.37, 549.71, 486.19], ""type"": ""handwritten"", ""text"": """"}, {""bbox"": [52.18, 145.42, 530.74, 203.89], ""type"": ""handwritten"", ""text"": """"}, {""bbox"": [55.82, 694.17, 544.3, 731.3], ""type"": ""handwritten"", ""text"": """"}, {""bbox"": [54.92, 477.83, 529.21, 520.34], ""type"": ""handwritten"", ""text"": """"}, {""bbox"": [49.6, 402.89, 547.81, 448.55], ""type"": ""handwritten"", ""text"": """"}, {""bbox"": [44.5, 369.01, 532.15, 413.21], ""type"": ""handwritten"", ""text"": """"}, {""bbox"": [48.05, 805.54, 542.91, 842.71], ""type"": ""handwritten"", ""text"": """"}, {""bbox"": [46.5, 301.91, 472.8, 342.35], ""type"": ""handwritten"", ""text"": """"}, {""bbox"": [47.85, 623.46, 539.13, 661.22], ""type"": ""handwritten"", ""text"": """"}, {""bbox"": [64.01, 212.61, 395.09, 261.15], ""type"": ""handwritten"", ""text"": """"}, {""bbox"": [45.34, 330.87, 539.8, 379.63], ""type"": ""handwritten"", ""text"": """"}, {""bbox"": [54.0, 520.44, 156.53, 552.84], ""type"": ""handwritten"", ""text"": """"}, {""bbox"": [83.59, 261.25, 536.99, 308.08], ""type"": ""handwritten"", ""text"": """"}]"
0fd11bc7-a7c8-4767-9b72-26a4a9ce23a0.jpg,"[{""bbox"": [736.76, 97.25, 991.41, 414.35], ""type"": ""image"", ""text"": """"}, {""bbox"": [72.76, 170.24, 735.05, 222.26], ""type"": ""printed"", ""text"": """"}, {""bbox"": [165.37, 1071.92, 1669.63, 1148.99], ""type"": ""printed"", ""text"": """"}, {""bbox"": [159.66, 1285.26, 1634.87, 1349.9], ""type"": ""printed"", ""text"": """"}, {""bbox"": [326.69, 1496.5, 832.97, 1555.86], ""type"": ""printed"", ""text"": """"}, {""bbox"": [98.21, 313.7, 730.97, 358.08], ""type"": ""printed"", ""text"": """"}, {""bbox"": [196.1, 1596.39, 1316.41, 1660.02], ""type"": ""printed"", ""text"": """"}, {""bbox"": [159.6, 1385.44, 634.83, 1451.55], ""type"": ""printed"", ""text"": """"}, {""bbox"": [224.13, 1184.05, 1610.17, 1251.88], ""type"": ""printed"", ""text"": """"}, {""bbox"": [238.37, 108.02, 571.78, 157.5], ""type"": ""printed"", ""text"": """"}, {""bbox"": [239.75, 377.82, 571.87, 411.03], ""type"": ""printed"", ""text"": """"}, {""bbox"": [989.35, 308.14, 1646.33, 352.97], ""type"": ""printed"", ""text"": """"}, {""bbox"": [332.47, 235.76, 475.51, 281.84], ""type"": ""printed"", ""text"": """"}, {""bbox"": [196.74, 1696.24, 1303.18, 1759.98], ""type"": ""printed"", ""text"": """"}, {""bbox"": [287.71, 980.93, 1590.16, 1047.73], ""type"": ""printed"", ""text"": """"}, {""bbox"": [987.99, 162.57, 1644.8, 218.72], ""type"": ""printed"", ""text"": """"}, {""bbox"": [158.65, 1952.96, 575.15, 2018.88], ""type"": ""printed"", ""text"": """"}, {""bbox"": [372.68, 704.26, 1656.2, 807.53], ""type"": ""handwritten"", ""text"": """"}, {""bbox"": [1151.28, 370.32, 1487.2, 406.71], ""type"": ""printed"", ""text"": """"}, {""bbox"": [936.1, 1804.56, 1420.81, 1857.75], ""type"": ""printed"", ""text"": """"}, {""bbox"": [87.74, 437.53, 1623.3, 511.63], ""type"": ""printed"", ""text"": """"}, {""bbox"": [684.61, 628.48, 1648.12, 687.74], ""type"": ""printed"", ""text"": """"}, {""bbox"": [797.86, 1834.07, 1721.26, 2105.88], ""type"": ""image"", ""text"": """"}, {""bbox"": [1147.87, 101.57, 1481.13, 150.81], ""type"": ""printed"", ""text"": """"}, {""bbox"": [1245.92, 227.8, 1386.0, 273.37], ""type"": ""printed"", ""text"": """"}, {""bbox"": [88.12, 449.4, 738.32, 496.55], ""type"": ""printed"", ""text"": """"}, {""bbox"": [622.42, 444.07, 1631.0, 498.39], ""type"": ""printed"", ""text"": """"}, {""bbox"": [1553.09, 33.12, 1664.63, 150.2], ""type"": ""annotation"", ""text"": """"}, {""bbox"": [834.75, 846.22, 1555.19, 966.84], ""type"": ""handwritten"", ""text"": """"}, {""bbox"": [997.56, 446.81, 1648.49, 493.34], ""type"": ""printed"", ""text"": """"}]"
108c913f-0a78-5005-adc7-7858d0a3736f.jpg,"[{""bbox"": [375.27, 168.4, 1893.68, 322.76], ""type"": ""formula"", ""text"": """"}, {""bbox"": [156.92, 1784.93, 1100.49, 1894.44], ""type"": ""formula"", ""text"": """"}, {""bbox"": [86.52, 1564.49, 1602.72, 1695.62], ""type"": ""handwritten"", ""text"": """"}, {""bbox"": [191.03, 1683.36, 680.79, 1769.07], ""type"": ""formula"", ""text"": """"}, {""bbox"": [196.8, 914.69, 550.85, 1040.3], ""type"": ""formula"", ""text"": """"}, {""bbox"": [183.26, 1199.39, 898.37, 1319.71], ""type"": ""formula"", ""text"": """"}, {""bbox"": [212.59, 1919.64, 816.31, 2030.85], ""type"": ""formula"", ""text"": """"}, {""bbox"": [200.34, 1374.88, 831.76, 1494.59], ""type"": ""formula"", ""text"": """"}, {""bbox"": [235.3, 2035.11, 580.82, 2129.54], ""type"": ""formula"", ""text"": """"}, {""bbox"": [90.83, 799.24, 1585.07, 930.23], ""type"": ""handwritten"", ""text"": """"}, {""bbox"": [201.06, 1056.91, 1104.6, 1165.26], ""type"": ""handwritten"", ""text"": """"}, {""bbox"": [394.44, 321.93, 1873.59, 560.53], ""type"": ""formula"", ""text"": """"}, {""bbox"": [227.27, 2162.48, 578.69, 2239.95], ""type"": ""formula"", ""text"": """"}, {""bbox"": [405.37, 67.5, 837.63, 170.23], ""type"": ""formula"", ""text"": """"}, {""bbox"": [103.93, 2432.39, 992.13, 2558.6], ""type"": ""handwritten"", ""text"": """"}, {""bbox"": [518.01, 2259.97, 780.01, 2320.89], ""type"": ""formula"", ""text"": """"}, {""bbox"": [91.2, 98.95, 233.04, 173.59], ""type"": ""handwritten"", ""text"": """"}, {""bbox"": [190.12, 2265.93, 349.03, 2343.76], ""type"": ""formula"", ""text"": """"}, {""bbox"": [231.74, 550.25, 654.81, 704.99], ""type"": ""formula"", ""text"": """"}, {""bbox"": [76.52, 358.42, 251.3, 431.88], ""type"": ""handwritten"", ""text"": """"}, {""bbox"": [552.48, 2329.66, 735.11, 2414.75], ""type"": ""formula"", ""text"": """"}, {""bbox"": [83.13, 224.24, 249.62, 304.74], ""type"": ""handwritten"", ""text"": """"}, {""bbox"": [88.34, 66.05, 842.38, 176.91], ""type"": ""formula"", ""text"": """"}, {""bbox"": [105.67, 2433.46, 444.31, 2553.91], ""type"": ""handwritten"", ""text"": """"}, {""bbox"": [0.0, 1078.96, 69.48, 1209.77], ""type"": ""annotation"", ""text"": """"}, {""bbox"": [0.0, 525.0, 69.3, 648.49], ""type"": ""handwritten"", ""text"": """"}, {""bbox"": [196.15, 2247.31, 776.25, 2419.29], ""type"": ""formula"", ""text"": """"}]"
11d1616a-bad6-4f2c-8a1a-42dcc6f335c4.jpg,"[{""bbox"": [178.07, 440.3, 2814.74, 594.68], ""type"": ""handwritten"", ""text"": """"}, {""bbox"": [143.53, 754.66, 2950.62, 956.54], ""type"": ""handwritten"", ""text"": """"}, {""bbox"": [51.58, 2227.11, 2638.78, 2416.79], ""type"": ""handwritten"", ""text"": """"}, {""bbox"": [32.53, 660.86, 671.04, 772.86], ""type"": ""handwritten"", ""text"": """"}, {""bbox"": [83.76, 2713.15, 2972.19, 2968.23], ""type"": ""handwritten"", ""text"": """"}, {""bbox"": [1190.89, 314.14, 1583.45, 448.53], ""type"": ""handwritten"", ""text"": """"}, {""bbox"": [147.84, 2087.37, 2993.4, 2266.33], ""type"": ""handwritten"", ""text"": """"}, {""bbox"": [74.14, 3096.94, 3000.0, 3458.74], ""type"": ""handwritten"", ""text"": """"}, {""bbox"": [136.93, 2356.85, 2929.84, 2587.48], ""type"": ""handwritten"", ""text"": """"}, {""bbox"": [65.38, 2453.37, 2886.01, 2726.14], ""type"": ""handwritten"", ""text"": """"}, {""bbox"": [71.95, 573.87, 2947.87, 725.22], ""type"": ""handwritten"", ""text"": """"}, {""bbox"": [119.16, 2977.49, 3000.0, 3267.98], ""type"": ""handwritten"", ""text"": """"}, {""bbox"": [90.77, 1251.55, 2975.33, 1494.13], ""type"": ""handwritten"", ""text"": """"}, {""bbox"": [55.51, 859.13, 2937.6, 1091.9], ""type"": ""handwritten"", ""text"": """"}, {""bbox"": [51.08, 1453.76, 2960.18, 1750.98], ""type"": ""handwritten"", ""text"": """"}, {""bbox"": [91.74, 2825.27, 1041.73, 3017.65], ""type"": ""handwritten"", ""text"": """"}, {""bbox"": [55.4, 1975.4, 2976.15, 2173.87], ""type"": ""handwritten"", ""text"": """"}, {""bbox"": [51.77, 1744.46, 2930.97, 1973.15], ""type"": ""handwritten"", ""text"": """"}, {""bbox"": [48.94, 1869.99, 2945.5, 2083.87], ""type"": ""handwritten"", ""text"": """"}, {""bbox"": [48.12, 1562.83, 174.07, 1639.48], ""type"": ""handwritten"", ""text"": """"}, {""bbox"": [105.19, 1626.31, 2974.59, 1871.09], ""type"": ""handwritten"", ""text"": """"}, {""bbox"": [41.98, 1121.25, 2223.98, 1367.14], ""type"": ""handwritten"", ""text"": """"}, {""bbox"": [32.13, 1010.23, 2919.38, 1250.05], ""type"": ""handwritten"", ""text"": """"}, {""bbox"": [77.45, 2600.92, 2955.38, 2811.95], ""type"": ""handwritten"", ""text"": """"}, {""bbox"": [52.0, 1330.21, 2982.51, 1610.26], ""type"": ""handwritten"", ""text"": """"}, {""bbox"": [79.47, 3223.17, 257.77, 3316.79], ""type"": ""handwritten"", ""text"": """"}, {""bbox"": [62.86, 2553.76, 2834.35, 2934.91], ""type"": ""handwritten"", ""text"": """"}, {""bbox"": [28.67, 907.93, 2944.66, 1193.48], ""type"": ""handwritten"", ""text"": """"}, {""bbox"": [51.44, 1871.47, 1788.32, 2018.06], ""type"": ""handwritten"", ""text"": """"}]"
11d27c9c-9ba2-49af-8155-b6457478e75b.jpg,"[{""bbox"": [1.5, 21.52, 686.15, 128.42], ""type"": ""formula"", ""text"": """"}, {""bbox"": [19.6, 121.69, 859.81, 230.76], ""type"": ""formula"", ""text"": """"}, {""bbox"": [909.38, 298.76, 1194.52, 370.67], ""type"": ""annotation"", ""text"": """"}, {""bbox"": [0.91, 14.5, 865.8, 232.49], ""type"": ""formula"", ""text"": """"}]"
11fa2396-a758-4153-896f-0f18b14b4874.jpg,"[{""bbox"": [298.09, 2684.61, 2539.17, 2884.99], ""type"": ""handwritten"", ""text"": """"}, {""bbox"": [308.36, 1491.5, 2728.37, 1674.79], ""type"": ""handwritten"", ""text"": """"}, {""bbox"": [288.44, 782.5, 2483.52, 963.39], ""type"": ""handwritten"", ""text"": """"}, {""bbox"": [288.48, 1997.38, 2687.48, 2181.48], ""type"": ""handwritten"", ""text"": """"}, {""bbox"": [568.89, 2323.79, 2424.41, 2515.72], ""type"": ""handwritten"", ""text"": """"}, {""bbox"": [305.36, 942.8, 2594.54, 1129.78], ""type"": ""handwritten"", ""text"": """"}, {""bbox"": [556.41, 251.73, 2417.92, 448.12], ""type"": ""handwritten"", ""text"": """"}, {""bbox"": [279.92, 2873.03, 2460.42, 3041.85], ""type"": ""handwritten"", ""text"": """"}, {""bbox"": [317.52, 1124.91, 2645.79, 1294.4], ""type"": ""handwritten"", ""text"": """"}, {""bbox"": [278.0, 2509.23, 2753.22, 2694.77], ""type"": ""handwritten"", ""text"": """"}, {""bbox"": [292.56, 605.24, 2525.39, 786.23], ""type"": ""handwritten"", ""text"": """"}, {""bbox"": [296.04, 1663.44, 2783.0, 1842.25], ""type"": ""handwritten"", ""text"": """"}, {""bbox"": [295.41, 1845.25, 2460.38, 2019.95], ""type"": ""handwritten"", ""text"": """"}, {""bbox"": [271.02, 435.3, 2723.81, 616.01], ""type"": ""handwritten"", ""text"": """"}, {""bbox"": [285.42, 3047.43, 1889.39, 3225.54], ""type"": ""handwritten"", ""text"": """"}, {""bbox"": [564.51, 1313.57, 2646.62, 1471.04], ""type"": ""handwritten"", ""text"": """"}, {""bbox"": [289.88, 2194.12, 505.42, 2332.4], ""type"": ""handwritten"", ""text"": """"}]"
12051900-9032-4631-bcfc-fce24e43e5d8.jpg,"[{""bbox"": [80.66, 44.88, 510.5, 222.38], ""type"": ""image"", ""text"": """"}, {""bbox"": [33.0, 338.68, 1541.88, 505.95], ""type"": ""handwritten"", ""text"": """"}, {""bbox"": [114.78, 206.79, 1089.39, 322.58], ""type"": ""handwritten"", ""text"": """"}, {""bbox"": [99.53, 481.63, 1528.52, 636.48], ""type"": ""handwritten"", ""text"": """"}, {""bbox"": [50.64, 462.43, 682.69, 550.46], ""type"": ""handwritten"", ""text"": """"}, {""bbox"": [93.42, 607.49, 1580.5, 785.59], ""type"": ""handwritten"", ""text"": """"}, {""bbox"": [25.78, 277.07, 1571.39, 405.27], ""type"": ""handwritten"", ""text"": """"}, {""bbox"": [99.33, 552.03, 1499.85, 704.61], ""type"": ""handwritten"", ""text"": """"}, {""bbox"": [1363.23, 1978.46, 1471.75, 2105.14], ""type"": ""annotation"", ""text"": """"}]"
12113942-a50f-4d2c-b731-d8a8afb0e875.jpg,"[{""bbox"": [1029.57, 3217.3, 3590.06, 3425.55], ""type"": ""handwritten"", ""text"": """"}, {""bbox"": [632.04, 2851.32, 3781.82, 3077.6], ""type"": ""handwritten"", ""text"": """"}, {""bbox"": [638.0, 3051.97, 2531.81, 3248.77], ""type"": ""handwritten"", ""text"": """"}, {""bbox"": [705.11, 1273.83, 3255.68, 1470.59], ""type"": ""handwritten"", ""text"": """"}, {""bbox"": [667.02, 1795.93, 3272.18, 1982.51], ""type"": ""handwritten"", ""text"": """"}, {""bbox"": [666.47, 1947.07, 3678.51, 2148.91], ""type"": ""handwritten"", ""text"": """"}, {""bbox"": [709.91, 1119.46, 3582.18, 1296.87], ""type"": ""handwritten"", ""text"": """"}, {""bbox"": [623.16, 3409.14, 3609.81, 3612.05], ""type"": ""handwritten"", ""text"": """"}, {""bbox"": [722.07, 652.77, 3445.43, 823.62], ""type"": ""handwritten"", ""text"": """"}, {""bbox"": [985.08, 3994.48, 3687.64, 4222.06], ""type"": ""handwritten"", ""text"": """"}, {""bbox"": [708.16, 1441.36, 3294.72, 1644.09], ""type"": ""handwritten"", ""text"": """"}, {""bbox"": [704.98, 804.39, 3539.2, 977.59], ""type"": ""handwritten"", ""text"": """"}, {""bbox"": [701.16, 956.31, 3554.2, 1137.1], ""type"": ""handwritten"", ""text"": """"}, {""bbox"": [572.07, 4388.48, 3725.26, 4622.57], ""type"": ""handwritten"", ""text"": """"}, {""bbox"": [1519.4, 300.06, 2670.02, 503.63], ""type"": ""handwritten"", ""text"": """"}, {""bbox"": [635.77, 2497.05, 3601.41, 2690.76], ""type"": ""handwritten"", ""text"": """"}, {""bbox"": [619.72, 3820.44, 2367.25, 4008.55], ""type"": ""handwritten"", ""text"": """"}, {""bbox"": [591.63, 3608.52, 3507.4, 3838.61], ""type"": ""handwritten"", ""text"": """"}, {""bbox"": [639.19, 2665.47, 3564.74, 2873.13], ""type"": ""handwritten"", ""text"": """"}, {""bbox"": [667.85, 2137.48, 3514.33, 2332.75], ""type"": ""handwritten"", ""text"": """"}, {""bbox"": [652.03, 2307.91, 3634.22, 2513.67], ""type"": ""handwritten"", ""text"": """"}, {""bbox"": [540.46, 4196.49, 3696.3, 4419.71], ""type"": ""handwritten"", ""text"": """"}, {""bbox"": [706.12, 1619.95, 3569.91, 1816.79], ""type"": ""handwritten"", ""text"": """"}, {""bbox"": [1049.59, 490.74, 3564.11, 670.51], ""type"": ""handwritten"", ""text"": """"}, {""bbox"": [579.08, 4618.25, 2748.7, 4824.47], ""type"": ""handwritten"", ""text"": """"}]"
121aa35c-0b20-48d9-8a3f-d8bef3b9cbf6.jpg,"[{""bbox"": [985.8, 1172.46, 1797.75, 1260.03], ""type"": ""printed"", ""text"": """"}, {""bbox"": [953.77, 3784.58, 2398.13, 3845.99], ""type"": ""printed"", ""text"": """"}, {""bbox"": [1208.64, 1532.21, 2044.23, 1608.58], ""type"": ""printed"", ""text"": """"}, {""bbox"": [1893.99, 868.55, 2236.27, 1004.27], ""type"": ""handwritten"", ""text"": """"}, {""bbox"": [930.51, 1343.91, 1468.43, 1408.5], ""type"": ""printed"", ""text"": """"}, {""bbox"": [1151.44, 1704.6, 2279.29, 1790.18], ""type"": ""printed"", ""text"": """"}, {""bbox"": [852.23, 3366.6, 1122.7, 3421.68], ""type"": ""printed"", ""text"": """"}, {""bbox"": [2317.61, 1107.12, 2792.43, 1169.31], ""type"": ""printed"", ""text"": """"}, {""bbox"": [2398.61, 3043.6, 2713.34, 3096.76], ""type"": ""printed"", ""text"": """"}, {""bbox"": [1431.19, 4166.07, 2036.21, 4362.19], ""type"": ""handwritten"", ""text"": """"}, {""bbox"": [562.34, 1941.42, 2482.69, 3054.67], ""type"": ""image"", ""text"": """"}, {""bbox"": [1549.26, 2812.82, 2378.26, 3039.46], ""type"": ""handwritten"", ""text"": """"}, {""bbox"": [1207.66, 3303.03, 2766.59, 3735.41], ""type"": ""handwritten"", ""text"": """"}, {""bbox"": [941.5, 3879.49, 1902.64, 3952.91], ""type"": ""printed"", ""text"": """"}, {""bbox"": [2388.94, 2730.4, 2669.85, 2782.7], ""type"": ""printed"", ""text"": """"}, {""bbox"": [2058.61, 207.74, 2826.96, 474.87], ""type"": ""annotation"", ""text"": """"}, {""bbox"": [2424.52, 3150.65, 2749.0, 3205.65], ""type"": ""printed"", ""text"": """"}, {""bbox"": [2393.82, 2934.34, 2702.67, 2991.8], ""type"": ""printed"", ""text"": """"}, {""bbox"": [955.68, 1172.38, 1812.26, 1332.91], ""type"": ""printed"", ""text"": """"}, {""bbox"": [2336.02, 1413.94, 2757.05, 1469.13], ""type"": ""printed"", ""text"": """"}, {""bbox"": [2349.82, 1896.28, 2756.43, 1948.35], ""type"": ""printed"", ""text"": """"}, {""bbox"": [2353.5, 1995.86, 2803.46, 2053.24], ""type"": ""printed"", ""text"": """"}, {""bbox"": [2323.62, 1208.69, 2755.11, 1269.49], ""type"": ""printed"", ""text"": """"}, {""bbox"": [2370.4, 1675.15, 2579.43, 1731.38], ""type"": ""printed"", ""text"": """"}, {""bbox"": [2411.15, 3254.11, 2778.01, 3307.53], ""type"": ""printed"", ""text"": """"}, {""bbox"": [2373.58, 2407.26, 2709.21, 2468.26], ""type"": ""printed"", ""text"": """"}, {""bbox"": [2370.5, 2306.29, 2739.76, 2364.05], ""type"": ""printed"", ""text"": """"}, {""bbox"": [2393.42, 2822.34, 2776.86, 2886.43], ""type"": ""printed"", ""text"": """"}, {""bbox"": [659.3, 1983.13, 1395.33, 2398.56], ""type"": ""handwritten"", ""text"": """"}, {""bbox"": [1199.68, 1523.68, 2060.8, 1674.4], ""type"": ""printed"", ""text"": """"}, {""bbox"": [2392.17, 2621.27, 2711.45, 2675.2], ""type"": ""printed"", ""text"": """"}, {""bbox"": [2326.06, 1312.59, 2733.98, 1371.25], ""type"": ""printed"", ""text"": """"}, {""bbox"": [1212.16, 3439.61, 2187.64, 3554.99], ""type"": ""handwritten"", ""text"": """"}, {""bbox"": [2196.52, 4164.85, 2426.3, 4527.97], ""type"": ""image"", ""text"": """"}, {""bbox"": [1768.99, 3012.39, 2144.84, 3159.14], ""type"": ""handwritten"", ""text"": """"}]"
12b986a4-7c98-5adb-ad30-4c4e86d4b8cf.jpg,"[{""bbox"": [458.18, 226.24, 1718.46, 410.01], ""type"": ""handwritten"", ""text"": """"}, {""bbox"": [643.1, 40.85, 1813.71, 254.88], ""type"": ""handwritten"", ""text"": """"}, {""bbox"": [830.58, 379.05, 1416.44, 561.83], ""type"": ""handwritten"", ""text"": """"}, {""bbox"": [143.14, 727.26, 2548.88, 1049.72], ""type"": ""formula"", ""text"": """"}, {""bbox"": [131.87, 541.17, 1570.73, 789.22], ""type"": ""handwritten"", ""text"": """"}, {""bbox"": [3012.05, 500.6, 3258.89, 1825.91], ""type"": ""image"", ""text"": """"}, {""bbox"": [1642.89, 1167.07, 2275.45, 1836.0], ""type"": ""image"", ""text"": """"}]"
12f1756c-9f50-473a-8299-b46f0102d032.jpg,"[{""bbox"": [64.47, 807.75, 556.17, 847.46], ""type"": ""handwritten"", ""text"": """"}, {""bbox"": [61.57, 706.25, 504.14, 740.63], ""type"": ""handwritten"", ""text"": """"}, {""bbox"": [43.29, 242.94, 553.86, 293.73], ""type"": ""handwritten"", ""text"": """"}, {""bbox"": [56.46, 635.42, 517.1, 671.68], ""type"": ""handwritten"", ""text"": """"}, {""bbox"": [50.59, 357.51, 561.83, 396.8], ""type"": ""handwritten"", ""text"": """"}, {""bbox"": [56.11, 565.12, 537.76, 601.15], ""type"": ""handwritten"", ""text"": """"}, {""bbox"": [53.35, 843.86, 558.42, 883.02], ""type"": ""handwritten"", ""text"": """"}, {""bbox"": [55.44, 394.05, 555.33, 431.76], ""type"": ""handwritten"", ""text"": """"}, {""bbox"": [61.01, 740.59, 503.61, 776.79], ""type"": ""handwritten"", ""text"": """"}, {""bbox"": [54.34, 429.87, 558.17, 467.81], ""type"": ""handwritten"", ""text"": """"}, {""bbox"": [59.23, 671.54, 535.75, 708.44], ""type"": ""handwritten"", ""text"": """"}, {""bbox"": [52.13, 530.0, 546.68, 567.84], ""type"": ""handwritten"", ""text"": """"}, {""bbox"": [74.44, 323.59, 505.73, 360.89], ""type"": ""handwritten"", ""text"": """"}, {""bbox"": [52.37, 881.66, 545.24, 929.81], ""type"": ""handwritten"", ""text"": """"}, {""bbox"": [43.63, 290.84, 140.71, 330.97], ""type"": ""handwritten"", ""text"": """"}, {""bbox"": [53.6, 500.97, 520.09, 534.17], ""type"": ""handwritten"", ""text"": """"}, {""bbox"": [55.59, 464.27, 508.77, 501.63], ""type"": ""handwritten"", ""text"": """"}, {""bbox"": [72.47, 776.88, 166.76, 803.35], ""type"": ""handwritten"", ""text"": """"}, {""bbox"": [58.48, 601.35, 504.03, 632.02], ""type"": ""handwritten"", ""text"": """"}, {""bbox"": [181.02, 221.58, 233.02, 243.04], ""type"": ""handwritten"", ""text"": """"}]"
1300b172-ae72-4b09-aa11-17200a26119a.jpg,"[{""bbox"": [180.62, 354.58, 1591.87, 501.93], ""type"": ""handwritten"", ""text"": """"}, {""bbox"": [68.19, 1618.82, 1598.1, 1764.34], ""type"": ""handwritten"", ""text"": """"}, {""bbox"": [67.51, 996.47, 1374.11, 1131.08], ""type"": ""handwritten"", ""text"": """"}, {""bbox"": [67.38, 493.32, 1696.02, 631.29], ""type"": ""handwritten"", ""text"": """"}, {""bbox"": [48.62, 2109.57, 1572.01, 2252.1], ""type"": ""handwritten"", ""text"": """"}, {""bbox"": [67.31, 863.79, 1686.23, 1010.26], ""type"": ""handwritten"", ""text"": """"}, {""bbox"": [49.52, 1982.76, 1597.26, 2124.96], ""type"": ""handwritten"", ""text"": """"}, {""bbox"": [60.46, 618.74, 1647.18, 757.88], ""type"": ""handwritten"", ""text"": """"}, {""bbox"": [45.22, 1748.94, 1640.97, 1887.63], ""type"": ""handwritten"", ""text"": """"}, {""bbox"": [64.62, 741.27, 1663.2, 878.18], ""type"": ""handwritten"", ""text"": """"}, {""bbox"": [69.42, 1118.14, 1562.92, 1259.08], ""type"": ""handwritten"", ""text"": """"}, {""bbox"": [463.48, 73.36, 1226.96, 220.56], ""type"": ""handwritten"", ""text"": """"}, {""bbox"": [82.13, 1243.4, 1569.64, 1384.9], ""type"": ""handwritten"", ""text"": """"}, {""bbox"": [75.02, 1370.76, 1619.4, 1518.16], ""type"": ""handwritten"", ""text"": """"}, {""bbox"": [49.91, 2459.0, 1556.38, 2613.98], ""type"": ""handwritten"", ""text"": """"}, {""bbox"": [367.16, 212.29, 1292.32, 367.72], ""type"": ""handwritten"", ""text"": """"}, {""bbox"": [61.33, 2236.74, 1471.05, 2367.64], ""type"": ""handwritten"", ""text"": """"}, {""bbox"": [87.49, 1495.74, 1330.03, 1638.39], ""type"": ""handwritten"", ""text"": """"}, {""bbox"": [60.49, 1870.01, 1469.45, 2001.75], ""type"": ""handwritten"", ""text"": """"}, {""bbox"": [55.11, 2346.58, 1440.72, 2477.11], ""type"": ""handwritten"", ""text"": """"}]"
1341c5bc-0e6e-4830-8634-a10e0228de71.jpg,"[{""bbox"": [515.23, 2861.85, 2501.89, 2999.38], ""type"": ""handwritten"", ""text"": """"}, {""bbox"": [538.88, 1786.4, 2373.88, 1914.86], ""type"": ""handwritten"", ""text"": """"}, {""bbox"": [510.7, 2993.32, 2564.92, 3128.06], ""type"": ""handwritten"", ""text"": """"}, {""bbox"": [542.0, 2248.32, 2490.4, 2383.65], ""type"": ""handwritten"", ""text"": """"}, {""bbox"": [512.16, 3116.8, 2468.52, 3251.06], ""type"": ""handwritten"", ""text"": """"}, {""bbox"": [549.84, 1352.09, 2380.54, 1475.45], ""type"": ""handwritten"", ""text"": """"}, {""bbox"": [525.4, 2490.67, 2582.42, 2626.37], ""type"": ""handwritten"", ""text"": """"}, {""bbox"": [551.13, 1458.4, 2418.36, 1576.13], ""type"": ""handwritten"", ""text"": """"}, {""bbox"": [513.05, 2372.85, 2566.73, 2501.93], ""type"": ""handwritten"", ""text"": """"}, {""bbox"": [807.77, 152.68, 1702.21, 306.95], ""type"": ""handwritten"", ""text"": """"}, {""bbox"": [549.17, 2013.49, 2479.36, 2140.58], ""type"": ""handwritten"", ""text"": """"}, {""bbox"": [542.11, 2130.3, 2499.74, 2264.19], ""type"": ""handwritten"", ""text"": """"}, {""bbox"": [502.46, 3242.48, 2345.95, 3393.68], ""type"": ""handwritten"", ""text"": """"}, {""bbox"": [527.99, 407.41, 2392.31, 533.82], ""type"": ""handwritten"", ""text"": """"}, {""bbox"": [548.46, 1675.92, 2367.12, 1801.78], ""type"": ""handwritten"", ""text"": """"}, {""bbox"": [687.9, 605.04, 2416.73, 729.21], ""type"": ""handwritten"", ""text"": """"}, {""bbox"": [537.94, 704.99, 2425.48, 839.23], ""type"": ""handwritten"", ""text"": """"}, {""bbox"": [514.49, 2626.12, 1019.73, 2743.33], ""type"": ""handwritten"", ""text"": """"}, {""bbox"": [544.7, 1563.36, 2472.5, 1690.88], ""type"": ""handwritten"", ""text"": """"}, {""bbox"": [552.43, 1242.02, 2439.37, 1368.92], ""type"": ""handwritten"", ""text"": """"}, {""bbox"": [709.82, 309.29, 2205.37, 436.32], ""type"": ""handwritten"", ""text"": """"}, {""bbox"": [543.95, 812.74, 2296.97, 951.21], ""type"": ""handwritten"", ""text"": """"}, {""bbox"": [682.32, 2735.12, 2577.93, 2870.34], ""type"": ""handwritten"", ""text"": """"}, {""bbox"": [556.49, 1137.23, 2359.09, 1260.77], ""type"": ""handwritten"", ""text"": """"}, {""bbox"": [530.92, 534.48, 1558.55, 631.88], ""type"": ""handwritten"", ""text"": """"}, {""bbox"": [687.86, 1903.01, 2476.36, 2034.37], ""type"": ""handwritten"", ""text"": """"}, {""bbox"": [543.57, 1028.68, 2368.55, 1157.2], ""type"": ""handwritten"", ""text"": """"}, {""bbox"": [541.41, 927.38, 2377.75, 1062.37], ""type"": ""handwritten"", ""text"": """"}, {""bbox"": [536.19, 823.66, 2321.69, 1049.76], ""type"": ""handwritten"", ""text"": """"}]"
134b0c22-9958-4f48-8349-f30862a83209.jpg,"[{""bbox"": [92.53, 1495.68, 1494.99, 1593.46], ""type"": ""handwritten"", ""text"": """"}, {""bbox"": [58.66, 805.05, 1420.03, 889.64], ""type"": ""handwritten"", ""text"": """"}, {""bbox"": [59.49, 1187.9, 1447.84, 1272.13], ""type"": ""handwritten"", ""text"": """"}, {""bbox"": [79.2, 1264.05, 1501.4, 1353.03], ""type"": ""handwritten"", ""text"": """"}, {""bbox"": [60.52, 663.12, 1487.4, 746.86], ""type"": ""handwritten"", ""text"": """"}, {""bbox"": [58.0, 1424.73, 1326.46, 1510.05], ""type"": ""handwritten"", ""text"": """"}, {""bbox"": [108.13, 1340.13, 1524.49, 1433.51], ""type"": ""handwritten"", ""text"": """"}, {""bbox"": [57.9, 734.89, 1453.98, 816.08], ""type"": ""handwritten"", ""text"": """"}, {""bbox"": [76.51, 237.96, 1495.76, 314.72], ""type"": ""handwritten"", ""text"": """"}, {""bbox"": [86.39, 445.95, 1511.33, 531.8], ""type"": ""handwritten"", ""text"": """"}, {""bbox"": [60.65, 1106.96, 1448.7, 1193.05], ""type"": ""handwritten"", ""text"": """"}, {""bbox"": [75.04, 1584.02, 1489.04, 1669.01], ""type"": ""handwritten"", ""text"": """"}, {""bbox"": [60.32, 168.51, 1490.17, 252.12], ""type"": ""handwritten"", ""text"": """"}, {""bbox"": [59.74, 875.55, 1446.16, 968.79], ""type"": ""handwritten"", ""text"": """"}, {""bbox"": [58.93, 1745.77, 867.65, 1839.93], ""type"": ""handwritten"", ""text"": """"}, {""bbox"": [81.94, 522.11, 1507.78, 603.94], ""type"": ""handwritten"", ""text"": """"}, {""bbox"": [96.85, 375.91, 1508.72, 457.41], ""type"": ""handwritten"", ""text"": """"}, {""bbox"": [70.04, 593.94, 1495.57, 676.29], ""type"": ""handwritten"", ""text"": """"}, {""bbox"": [96.85, 302.27, 1519.14, 387.87], ""type"": ""handwritten"", ""text"": """"}, {""bbox"": [59.14, 1027.12, 1476.32, 1117.8], ""type"": ""handwritten"", ""text"": """"}, {""bbox"": [86.26, 1657.16, 1500.55, 1751.6], ""type"": ""handwritten"", ""text"": """"}, {""bbox"": [61.14, 954.68, 1456.71, 1037.78], ""type"": ""handwritten"", ""text"": """"}, {""bbox"": [49.52, 81.4, 1417.99, 180.22], ""type"": ""handwritten"", ""text"": """"}, {""bbox"": [1200.17, 45.87, 1294.7, 118.61], ""type"": ""annotation"", ""text"": """"}, {""bbox"": [1386.95, 55.18, 1514.16, 125.02], ""type"": ""annotation"", ""text"": """"}]"
140b17cd-461e-4ee6-bf04-4b822997e247.jpg,"[{""bbox"": [46.16, 532.92, 292.47, 609.01], ""type"": ""handwritten"", ""text"": """"}, {""bbox"": [22.6, 1210.92, 1518.11, 1280.45], ""type"": ""handwritten"", ""text"": """"}, {""bbox"": [22.3, 11.24, 291.35, 80.92], ""type"": ""handwritten"", ""text"": """"}, {""bbox"": [38.96, 81.88, 1481.66, 147.48], ""type"": ""handwritten"", ""text"": """"}, {""bbox"": [28.55, 1698.5, 1316.24, 1786.31], ""type"": ""handwritten"", ""text"": """"}, {""bbox"": [21.41, 1323.58, 1543.33, 1396.52], ""type"": ""handwritten"", ""text"": """"}, {""bbox"": [20.22, 1384.9, 1526.87, 1458.67], ""type"": ""handwritten"", ""text"": """"}, {""bbox"": [32.03, 965.53, 1512.05, 1042.61], ""type"": ""handwritten"", ""text"": """"}, {""bbox"": [27.85, 145.43, 1563.55, 217.6], ""type"": ""handwritten"", ""text"": """"}, {""bbox"": [23.11, 1451.11, 1507.35, 1523.42], ""type"": ""handwritten"", ""text"": """"}, {""bbox"": [31.39, 381.55, 293.49, 453.53], ""type"": ""handwritten"", ""text"": """"}, {""bbox"": [20.67, 678.65, 1579.56, 740.69], ""type"": ""handwritten"", ""text"": """"}, {""bbox"": [24.43, 1143.46, 1422.96, 1213.62], ""type"": ""handwritten"", ""text"": """"}, {""bbox"": [20.05, 266.15, 1557.59, 336.26], ""type"": ""handwritten"", ""text"": """"}, {""bbox"": [10.4, 609.12, 1486.7, 683.71], ""type"": ""handwritten"", ""text"": """"}, {""bbox"": [24.61, 1511.65, 1493.15, 1580.21], ""type"": ""handwritten"", ""text"": """"}, {""bbox"": [28.43, 1029.38, 1468.52, 1095.24], ""type"": ""handwritten"", ""text"": """"}, {""bbox"": [26.08, 1564.73, 1427.5, 1646.49], ""type"": ""handwritten"", ""text"": """"}, {""bbox"": [20.81, 316.78, 225.22, 366.68], ""type"": ""handwritten"", ""text"": """"}, {""bbox"": [22.71, 1272.29, 1446.13, 1338.57], ""type"": ""handwritten"", ""text"": """"}, {""bbox"": [25.42, 1629.62, 1576.92, 1716.63], ""type"": ""handwritten"", ""text"": """"}, {""bbox"": [25.84, 1086.28, 1535.69, 1155.21], ""type"": ""handwritten"", ""text"": """"}, {""bbox"": [7.69, 452.36, 1199.7, 512.22], ""type"": ""formula"", ""text"": """"}, {""bbox"": [23.86, 207.53, 1535.57, 272.27], ""type"": ""handwritten"", ""text"": """"}, {""bbox"": [32.28, 735.03, 1546.09, 801.06], ""type"": ""handwritten"", ""text"": """"}, {""bbox"": [46.7, 902.59, 1560.08, 976.2], ""type"": ""handwritten"", ""text"": """"}, {""bbox"": [33.74, 790.97, 1488.14, 857.23], ""type"": ""handwritten"", ""text"": """"}, {""bbox"": [38.4, 844.04, 1538.79, 912.79], ""type"": ""handwritten"", ""text"": """"}, {""bbox"": [838.74, 32.01, 930.99, 85.65], ""type"": ""annotation"", ""text"": """"}, {""bbox"": [1062.07, 410.72, 1183.2, 449.61], ""type"": ""annotation"", ""text"": """"}, {""bbox"": [954.38, 551.7, 1071.44, 598.58], ""type"": ""annotation"", ""text"": """"}, {""bbox"": [557.78, 791.17, 1425.74, 847.65], ""type"": ""handwritten"", ""text"": """"}, {""bbox"": [504.25, 967.93, 653.04, 997.1], ""type"": ""handwritten"", ""text"": """"}, {""bbox"": [675.35, 680.02, 1541.45, 730.59], ""type"": ""handwritten"", ""text"": """"}]"
14fce619-19e9-569d-89ff-6a48c7a4f22b.jpg,"[{""bbox"": [220.01, 955.77, 1687.0, 1059.41], ""type"": ""handwritten"", ""text"": """"}, {""bbox"": [183.66, 1607.73, 1686.78, 1744.65], ""type"": ""handwritten"", ""text"": """"}, {""bbox"": [245.08, 334.75, 1488.95, 452.61], ""type"": ""handwritten"", ""text"": """"}, {""bbox"": [254.0, 239.68, 1503.19, 343.8], ""type"": ""handwritten"", ""text"": """"}, {""bbox"": [204.47, 546.98, 1635.09, 641.56], ""type"": ""handwritten"", ""text"": """"}, {""bbox"": [278.32, 1496.99, 1667.55, 1612.64], ""type"": ""handwritten"", ""text"": """"}, {""bbox"": [210.64, 648.9, 1576.53, 738.93], ""type"": ""handwritten"", ""text"": """"}, {""bbox"": [200.87, 443.35, 1658.6, 550.46], ""type"": ""handwritten"", ""text"": """"}, {""bbox"": [186.55, 1721.53, 1686.33, 1856.19], ""type"": ""handwritten"", ""text"": """"}, {""bbox"": [287.87, 845.63, 1683.42, 944.89], ""type"": ""handwritten"", ""text"": """"}, {""bbox"": [207.27, 1064.05, 1687.0, 1168.79], ""type"": ""handwritten"", ""text"": """"}, {""bbox"": [205.56, 1274.92, 1575.5, 1393.2], ""type"": ""handwritten"", ""text"": """"}, {""bbox"": [201.31, 1167.12, 1686.59, 1266.06], ""type"": ""handwritten"", ""text"": """"}, {""bbox"": [664.75, 155.59, 1102.15, 240.67], ""type"": ""handwritten"", ""text"": """"}, {""bbox"": [229.53, 29.24, 1540.74, 161.82], ""type"": ""handwritten"", ""text"": """"}, {""bbox"": [708.53, 751.18, 1094.96, 835.29], ""type"": ""handwritten"", ""text"": """"}, {""bbox"": [737.07, 1853.71, 1303.75, 1960.27], ""type"": ""handwritten"", ""text"": """"}, {""bbox"": [237.43, 2109.05, 665.47, 2205.82], ""type"": ""formula"", ""text"": """"}, {""bbox"": [210.8, 1397.09, 1044.35, 1516.07], ""type"": ""handwritten"", ""text"": """"}, {""bbox"": [234.31, 1993.96, 578.49, 2072.76], ""type"": ""formula"", ""text"": """"}, {""bbox"": [204.08, 1385.73, 1658.15, 1513.71], ""type"": ""handwritten"", ""text"": """"}, {""bbox"": [232.71, 27.43, 286.57, 94.62], ""type"": ""handwritten"", ""text"": """"}, {""bbox"": [122.35, 0.03, 448.95, 17.23], ""type"": ""printed"", ""text"": """"}]"
151eddb2-dedf-4ab3-a536-a47483708b8b.jpg,"[{""bbox"": [397.49, 2378.22, 1674.68, 2630.19], ""type"": ""formula"", ""text"": """"}, {""bbox"": [256.71, 223.45, 1690.71, 495.86], ""type"": ""formula"", ""text"": """"}, {""bbox"": [223.92, 2122.97, 1460.2, 2362.27], ""type"": ""formula"", ""text"": """"}, {""bbox"": [245.34, 2662.26, 3680.51, 2893.11], ""type"": ""handwritten"", ""text"": """"}, {""bbox"": [237.39, 3992.12, 1123.83, 4235.18], ""type"": ""handwritten"", ""text"": """"}, {""bbox"": [209.23, 4479.29, 2523.4, 4737.45], ""type"": ""handwritten"", ""text"": """"}, {""bbox"": [272.42, 497.25, 1960.07, 734.36], ""type"": ""formula"", ""text"": """"}, {""bbox"": [4113.4, 2550.4, 4659.08, 2830.42], ""type"": ""formula"", ""text"": """"}, {""bbox"": [273.07, 3721.3, 1214.82, 3955.33], ""type"": ""formula"", ""text"": """"}, {""bbox"": [200.75, 4741.14, 1918.88, 4954.29], ""type"": ""handwritten"", ""text"": """"}, {""bbox"": [295.9, 776.84, 1218.1, 990.71], ""type"": ""formula"", ""text"": """"}, {""bbox"": [227.17, 1650.71, 895.51, 1905.71], ""type"": ""formula"", ""text"": """"}, {""bbox"": [333.6, 5138.61, 1146.0, 5394.9], ""type"": ""formula"", ""text"": """"}, {""bbox"": [265.28, 6150.35, 1150.75, 6425.29], ""type"": ""formula"", ""text"": """"}, {""bbox"": [244.15, 965.85, 1055.53, 1178.14], ""type"": ""formula"", ""text"": """"}, {""bbox"": [226.2, 1396.84, 1065.2, 1652.57], ""type"": ""formula"", ""text"": """"}, {""bbox"": [365.73, 3518.45, 860.64, 3725.89], ""type"": ""formula"", ""text"": """"}, {""bbox"": [391.84, 3131.67, 737.47, 3262.67], ""type"": ""formula"", ""text"": """"}, {""bbox"": [229.01, 6784.58, 1361.64, 7000.05], ""type"": ""handwritten"", ""text"": """"}, {""bbox"": [337.95, 3323.92, 1103.72, 3497.25], ""type"": ""formula"", ""text"": """"}, {""bbox"": [245.86, 6638.68, 696.55, 6802.58], ""type"": ""formula"", ""text"": """"}, {""bbox"": [220.49, 1175.64, 1307.04, 1441.35], ""type"": ""formula"", ""text"": """"}, {""bbox"": [311.93, 5363.21, 1725.77, 5648.07], ""type"": ""formula"", ""text"": """"}, {""bbox"": [3635.47, 1926.05, 4661.15, 2265.87], ""type"": ""formula"", ""text"": """"}, {""bbox"": [208.04, 4256.88, 985.12, 4472.42], ""type"": ""formula"", ""text"": """"}, {""bbox"": [3616.82, 5392.74, 4493.19, 5555.19], ""type"": ""formula"", ""text"": """"}, {""bbox"": [288.95, 5887.88, 1453.4, 6164.04], ""type"": ""formula"", ""text"": """"}, {""bbox"": [3662.7, 4064.62, 4562.28, 4239.87], ""type"": ""formula"", ""text"": """"}, {""bbox"": [4187.49, 2826.54, 4666.07, 3060.85], ""type"": ""formula"", ""text"": """"}, {""bbox"": [2883.96, 5579.52, 4519.89, 5918.76], ""type"": ""formula"", ""text"": """"}, {""bbox"": [262.69, 6422.21, 913.28, 6625.88], ""type"": ""formula"", ""text"": """"}, {""bbox"": [3477.34, 5181.43, 4492.87, 5373.41], ""type"": ""formula"", ""text"": """"}, {""bbox"": [229.95, 1896.63, 806.99, 2096.99], ""type"": ""formula"", ""text"": """"}, {""bbox"": [3610.88, 4827.63, 4481.82, 5005.06], ""type"": ""formula"", ""text"": """"}, {""bbox"": [3881.23, 6527.83, 4472.47, 6663.74], ""type"": ""formula"", ""text"": """"}, {""bbox"": [4144.79, 2251.67, 4665.41, 2520.3], ""type"": ""formula"", ""text"": """"}, {""bbox"": [4120.64, 1593.48, 4658.87, 1913.61], ""type"": ""formula"", ""text"": """"}, {""bbox"": [3632.48, 3872.26, 4549.21, 4052.62], ""type"": ""formula"", ""text"": """"}, {""bbox"": [3855.76, 3410.87, 4484.12, 3807.67], ""type"": ""formula"", ""text"": """"}, {""bbox"": [296.94, 5591.94, 1354.1, 5904.76], ""type"": ""formula"", ""text"": """"}, {""bbox"": [3185.39, 6268.89, 4465.91, 6523.3], ""type"": ""formula"", ""text"": """"}, {""bbox"": [188.13, 4925.57, 1681.52, 5139.96], ""type"": ""formula"", ""text"": """"}, {""bbox"": [3221.77, 962.48, 4664.94, 1306.62], ""type"": ""formula"", ""text"": """"}, {""bbox"": [3206.95, 6646.68, 4401.09, 6922.57], ""type"": ""formula"", ""text"": """"}, {""bbox"": [3300.7, 1284.33, 4667.91, 1595.8], ""type"": ""formula"", ""text"": """"}, {""bbox"": [384.19, 6991.91, 876.59, 7070.2], ""type"": ""formula"", ""text"": """"}, {""bbox"": [226.07, 2864.41, 1287.65, 3041.6], ""type"": ""formula"", ""text"": """"}, {""bbox"": [1149.78, 7.67, 1282.68, 189.75], ""type"": ""handwritten"", ""text"": """"}, {""bbox"": [3272.81, 4455.24, 4550.71, 4793.98], ""type"": ""formula"", ""text"": """"}, {""bbox"": [2987.42, 4259.81, 4562.31, 4445.6], ""type"": ""handwritten"", ""text"": """"}, {""bbox"": [3259.04, 3093.06, 4641.69, 3371.39], ""type"": ""handwritten"", ""text"": """"}, {""bbox"": [4058.69, 5913.97, 4461.58, 6182.83], ""type"": ""formula"", ""text"": """"}, {""bbox"": [3166.81, 4997.0, 4497.53, 5166.07], ""type"": ""formula"", ""text"": """"}, {""bbox"": [3197.93, 66.04, 4619.95, 1602.99], ""type"": ""graph"", ""text"": """"}, {""bbox"": [3726.38, 106.0, 4625.95, 548.41], ""type"": ""formula"", ""text"": """"}, {""bbox"": [4077.23, 5914.89, 4431.5, 6058.61], ""type"": ""formula"", ""text"": """"}, {""bbox"": [3769.58, 531.0, 4666.08, 823.69], ""type"": ""formula"", ""text"": """"}, {""bbox"": [4073.2, 6040.89, 4436.18, 6186.04], ""type"": ""handwritten"", ""text"": """"}, {""bbox"": [4159.97, 811.41, 4664.36, 928.08], ""type"": ""formula"", ""text"": """"}, {""bbox"": [4487.28, 3358.0, 4674.43, 3497.77], ""type"": ""handwritten"", ""text"": """"}, {""bbox"": [214.19, 2679.43, 3684.9, 3049.75], ""type"": ""handwritten"", ""text"": """"}, {""bbox"": [3733.49, 71.72, 4675.0, 934.48], ""type"": ""annotation"", ""text"": """"}, {""bbox"": [3352.2, 4452.2, 4640.99, 4638.82], ""type"": ""formula"", ""text"": """"}]"
158dffcf-d9ef-4c75-9081-22414baed387.jpg,"[{""bbox"": [648.34, 548.85, 2926.52, 730.93], ""type"": ""handwritten"", ""text"": """"}, {""bbox"": [265.93, 2131.05, 2915.31, 2304.41], ""type"": ""handwritten"", ""text"": """"}, {""bbox"": [267.34, 1683.37, 2893.51, 1864.53], ""type"": ""handwritten"", ""text"": """"}, {""bbox"": [350.38, 700.13, 2879.14, 851.69], ""type"": ""handwritten"", ""text"": """"}, {""bbox"": [315.86, 974.9, 2945.71, 1149.09], ""type"": ""handwritten"", ""text"": """"}, {""bbox"": [317.46, 1104.45, 2882.46, 1290.31], ""type"": ""handwritten"", ""text"": """"}, {""bbox"": [257.76, 2721.88, 2971.46, 2907.69], ""type"": ""handwritten"", ""text"": """"}, {""bbox"": [305.02, 1267.01, 2894.52, 1450.12], ""type"": ""handwritten"", ""text"": """"}, {""bbox"": [273.54, 1996.71, 2895.89, 2154.92], ""type"": ""handwritten"", ""text"": """"}, {""bbox"": [300.07, 1403.68, 1694.24, 1551.46], ""type"": ""handwritten"", ""text"": """"}, {""bbox"": [262.84, 2279.78, 2956.03, 2459.98], ""type"": ""handwritten"", ""text"": """"}, {""bbox"": [335.83, 832.45, 2930.04, 1007.47], ""type"": ""handwritten"", ""text"": """"}, {""bbox"": [251.85, 2879.66, 2752.07, 3065.06], ""type"": ""handwritten"", ""text"": """"}, {""bbox"": [252.37, 3185.75, 1476.03, 3335.87], ""type"": ""handwritten"", ""text"": """"}, {""bbox"": [242.61, 3038.94, 2869.93, 3225.6], ""type"": ""handwritten"", ""text"": """"}, {""bbox"": [538.2, 1536.75, 2958.4, 1721.79], ""type"": ""handwritten"", ""text"": """"}, {""bbox"": [458.53, 2428.55, 2813.04, 2611.97], ""type"": ""handwritten"", ""text"": """"}, {""bbox"": [261.03, 2586.29, 2664.14, 2758.23], ""type"": ""handwritten"", ""text"": """"}, {""bbox"": [270.4, 1851.88, 2876.66, 2015.03], ""type"": ""handwritten"", ""text"": """"}, {""bbox"": [230.17, 3186.61, 3024.54, 3388.55], ""type"": ""handwritten"", ""text"": """"}, {""bbox"": [2412.89, 3832.21, 2962.02, 3990.04], ""type"": ""handwritten"", ""text"": """"}]"
15b01904-3e29-5816-abc2-574e00458aea.jpg,"[{""bbox"": [163.32, 2524.96, 2827.06, 2766.82], ""type"": ""handwritten"", ""text"": """"}, {""bbox"": [125.12, 2355.43, 2980.7, 2570.39], ""type"": ""handwritten"", ""text"": """"}, {""bbox"": [163.61, 2022.46, 2931.25, 2286.63], ""type"": ""handwritten"", ""text"": """"}, {""bbox"": [605.17, 1385.9, 1241.65, 1517.96], ""type"": ""handwritten"", ""text"": """"}, {""bbox"": [562.79, 1515.1, 1295.48, 1677.12], ""type"": ""handwritten"", ""text"": """"}, {""bbox"": [205.67, 1873.84, 2936.12, 2189.93], ""type"": ""handwritten"", ""text"": """"}, {""bbox"": [220.16, 1711.99, 2906.79, 2004.64], ""type"": ""handwritten"", ""text"": """"}, {""bbox"": [137.27, 2198.03, 2951.67, 2453.52], ""type"": ""handwritten"", ""text"": """"}, {""bbox"": [167.75, 1578.71, 2896.85, 1884.94], ""type"": ""handwritten"", ""text"": """"}]"
15c9fa9d-bd4c-42bb-a928-89ca886d0595.jpg,"[{""bbox"": [46.24, 618.44, 532.1, 644.45], ""type"": ""handwritten"", ""text"": """"}, {""bbox"": [50.04, 455.59, 532.39, 480.92], ""type"": ""handwritten"", ""text"": """"}, {""bbox"": [44.9, 681.23, 531.68, 710.46], ""type"": ""handwritten"", ""text"": """"}, {""bbox"": [46.24, 640.78, 540.38, 665.12], ""type"": ""handwritten"", ""text"": """"}, {""bbox"": [52.65, 478.76, 503.7, 500.53], ""type"": ""handwritten"", ""text"": """"}, {""bbox"": [51.36, 416.86, 550.04, 442.13], ""type"": ""handwritten"", ""text"": """"}, {""bbox"": [84.27, 396.2, 518.09, 420.69], ""type"": ""handwritten"", ""text"": """"}, {""bbox"": [52.17, 334.14, 489.99, 362.15], ""type"": ""handwritten"", ""text"": """"}, {""bbox"": [135.54, 178.59, 455.56, 213.72], ""type"": ""handwritten"", ""text"": """"}, {""bbox"": [43.54, 660.53, 520.7, 686.16], ""type"": ""handwritten"", ""text"": """"}, {""bbox"": [39.06, 703.2, 557.09, 740.17], ""type"": ""handwritten"", ""text"": """"}, {""bbox"": [51.74, 439.28, 488.14, 461.37], ""type"": ""handwritten"", ""text"": """"}, {""bbox"": [52.13, 518.07, 537.05, 541.63], ""type"": ""handwritten"", ""text"": """"}, {""bbox"": [95.52, 226.78, 473.8, 255.33], ""type"": ""handwritten"", ""text"": """"}, {""bbox"": [53.56, 357.59, 469.29, 383.57], ""type"": ""handwritten"", ""text"": """"}, {""bbox"": [36.93, 738.47, 529.46, 778.96], ""type"": ""handwritten"", ""text"": """"}, {""bbox"": [38.48, 829.55, 130.71, 854.46], ""type"": ""handwritten"", ""text"": """"}, {""bbox"": [39.75, 881.82, 542.24, 927.88], ""type"": ""handwritten"", ""text"": """"}, {""bbox"": [48.82, 598.77, 520.82, 622.62], ""type"": ""handwritten"", ""text"": """"}, {""bbox"": [86.14, 577.87, 535.45, 601.37], ""type"": ""handwritten"", ""text"": """"}, {""bbox"": [54.24, 552.35, 530.0, 580.2], ""type"": ""handwritten"", ""text"": """"}, {""bbox"": [37.8, 766.1, 533.53, 804.32], ""type"": ""handwritten"", ""text"": """"}, {""bbox"": [51.89, 266.52, 464.77, 298.19], ""type"": ""handwritten"", ""text"": """"}, {""bbox"": [51.06, 288.73, 486.85, 321.68], ""type"": ""handwritten"", ""text"": """"}, {""bbox"": [61.58, 854.5, 515.91, 899.01], ""type"": ""handwritten"", ""text"": """"}, {""bbox"": [54.52, 378.59, 147.43, 398.99], ""type"": ""handwritten"", ""text"": """"}, {""bbox"": [51.7, 311.18, 480.66, 340.73], ""type"": ""handwritten"", ""text"": """"}, {""bbox"": [52.61, 247.9, 437.61, 277.96], ""type"": ""handwritten"", ""text"": """"}, {""bbox"": [37.68, 724.54, 502.99, 753.61], ""type"": ""handwritten"", ""text"": """"}, {""bbox"": [53.68, 537.97, 527.77, 561.7], ""type"": ""handwritten"", ""text"": """"}, {""bbox"": [36.36, 786.57, 546.09, 830.7], ""type"": ""handwritten"", ""text"": """"}, {""bbox"": [53.41, 497.72, 522.87, 520.97], ""type"": ""handwritten"", ""text"": """"}, {""bbox"": [37.49, 807.19, 530.76, 856.3], ""type"": ""handwritten"", ""text"": """"}, {""bbox"": [15.0, 408.73, 34.38, 447.06], ""type"": ""annotation"", ""text"": """"}, {""bbox"": [0.0, 1050.29, 577.0, 1083.73], ""type"": ""handwritten"", ""text"": """"}, {""bbox"": [22.98, 316.35, 47.37, 356.35], ""type"": ""annotation"", ""text"": """"}, {""bbox"": [51.45, 290.48, 274.19, 323.18], ""type"": ""handwritten"", ""text"": """"}, {""bbox"": [23.05, 452.51, 46.43, 494.17], ""type"": ""annotation"", ""text"": """"}, {""bbox"": [41.4, 750.33, 520.56, 795.75], ""type"": ""handwritten"", ""text"": """"}]"
1642dd31-e018-441a-97ee-3b9a619798ed.jpg,"[{""bbox"": [592.89, 415.36, 2405.88, 495.11], ""type"": ""printed"", ""text"": """"}, {""bbox"": [739.66, 319.28, 2464.41, 388.34], ""type"": ""printed"", ""text"": """"}, {""bbox"": [592.7, 627.42, 1680.28, 691.78], ""type"": ""printed"", ""text"": """"}, {""bbox"": [822.16, 726.64, 2046.07, 788.16], ""type"": ""printed"", ""text"": """"}, {""bbox"": [602.9, 518.71, 2424.92, 593.31], ""type"": ""printed"", ""text"": """"}, {""bbox"": [1677.5, 983.02, 2275.75, 1043.68], ""type"": ""printed"", ""text"": """"}, {""bbox"": [818.73, 887.16, 1452.59, 946.72], ""type"": ""printed"", ""text"": """"}, {""bbox"": [447.31, 1087.09, 889.15, 1149.96], ""type"": ""printed"", ""text"": """"}, {""bbox"": [492.43, 87.57, 1782.16, 234.04], ""type"": ""handwritten"", ""text"": """"}, {""bbox"": [818.88, 837.58, 1311.0, 890.25], ""type"": ""printed"", ""text"": """"}, {""bbox"": [887.38, 783.99, 1852.28, 843.53], ""type"": ""printed"", ""text"": """"}, {""bbox"": [477.57, 176.66, 625.43, 233.31], ""type"": ""handwritten"", ""text"": """"}, {""bbox"": [2217.22, 151.19, 2336.85, 292.5], ""type"": ""annotation"", ""text"": """"}, {""bbox"": [592.49, 419.39, 1426.41, 493.26], ""type"": ""printed"", ""text"": """"}, {""bbox"": [1602.36, 522.18, 2560.87, 584.22], ""type"": ""printed"", ""text"": """"}]"
1646ae0b-5f44-4cc3-84fa-5a14cf09be3e.jpg,"[{""bbox"": [97.93, 1094.46, 1324.35, 1242.39], ""type"": ""formula"", ""text"": """"}, {""bbox"": [74.17, 2008.4, 1717.29, 2102.01], ""type"": ""handwritten"", ""text"": """"}, {""bbox"": [114.29, 765.63, 433.81, 855.61], ""type"": ""formula"", ""text"": """"}, {""bbox"": [152.46, 1549.05, 709.93, 1649.55], ""type"": ""formula"", ""text"": """"}, {""bbox"": [105.89, 2115.77, 1906.62, 2207.57], ""type"": ""handwritten"", ""text"": """"}, {""bbox"": [89.8, 378.68, 752.28, 472.13], ""type"": ""handwritten"", ""text"": """"}, {""bbox"": [89.38, 2213.19, 1514.74, 2290.4], ""type"": ""handwritten"", ""text"": """"}, {""bbox"": [100.8, 106.95, 621.61, 309.97], ""type"": ""image"", ""text"": """"}, {""bbox"": [112.99, 902.98, 865.34, 1058.01], ""type"": ""formula"", ""text"": """"}, {""bbox"": [84.06, 2288.88, 1661.12, 2373.89], ""type"": ""handwritten"", ""text"": """"}, {""bbox"": [120.8, 1902.4, 1567.84, 1979.79], ""type"": ""handwritten"", ""text"": """"}, {""bbox"": [87.4, 1368.87, 717.28, 1482.23], ""type"": ""formula"", ""text"": """"}, {""bbox"": [153.7, 1712.33, 1060.68, 1798.62], ""type"": ""formula"", ""text"": """"}, {""bbox"": [58.64, 2402.92, 967.5, 2492.84], ""type"": ""handwritten"", ""text"": """"}, {""bbox"": [126.66, 556.58, 380.73, 634.58], ""type"": ""formula"", ""text"": """"}, {""bbox"": [122.97, 665.92, 410.01, 740.13], ""type"": ""formula"", ""text"": """"}, {""bbox"": [1786.01, 2598.27, 1882.45, 2687.12], ""type"": ""annotation"", ""text"": """"}, {""bbox"": [547.59, 2638.33, 669.38, 2716.36], ""type"": ""handwritten"", ""text"": """"}, {""bbox"": [27.04, 2633.97, 672.55, 2710.8], ""type"": ""handwritten"", ""text"": """"}, {""bbox"": [116.23, 2114.23, 896.07, 2193.73], ""type"": ""handwritten"", ""text"": """"}, {""bbox"": [133.03, 1097.3, 849.04, 1159.75], ""type"": ""formula"", ""text"": """"}]"
172ded73-72b7-50cd-ac5f-1fb6e90a9496.jpg,"[{""bbox"": [386.76, 2106.74, 2435.55, 2301.93], ""type"": ""handwritten"", ""text"": """"}, {""bbox"": [429.72, 1772.89, 2323.59, 1912.89], ""type"": ""handwritten"", ""text"": """"}, {""bbox"": [420.5, 1888.68, 2365.8, 2042.05], ""type"": ""handwritten"", ""text"": """"}, {""bbox"": [363.76, 2366.13, 2443.34, 2522.78], ""type"": ""handwritten"", ""text"": """"}, {""bbox"": [431.71, 1648.55, 2414.57, 1800.7], ""type"": ""handwritten"", ""text"": """"}, {""bbox"": [371.97, 2280.62, 933.77, 2406.87], ""type"": ""handwritten"", ""text"": """"}, {""bbox"": [401.28, 2012.24, 1041.78, 2162.78], ""type"": ""handwritten"", ""text"": """"}, {""bbox"": [432.12, 1516.67, 1976.22, 1707.8], ""type"": ""handwritten"", ""text"": """"}, {""bbox"": [999.48, 1426.76, 1376.22, 1575.35], ""type"": ""handwritten"", ""text"": """"}, {""bbox"": [361.8, 2516.7, 2456.56, 2684.87], ""type"": ""handwritten"", ""text"": """"}, {""bbox"": [231.33, 1213.56, 2020.51, 1305.31], ""type"": ""printed"", ""text"": """"}, {""bbox"": [275.65, 1239.29, 1681.02, 1315.52], ""type"": ""printed"", ""text"": """"}, {""bbox"": [2248.33, 1270.62, 3022.87, 1363.0], ""type"": ""printed"", ""text"": """"}, {""bbox"": [398.64, 1179.64, 1975.64, 1269.19], ""type"": ""printed"", ""text"": """"}, {""bbox"": [174.86, 948.08, 719.29, 1011.5], ""type"": ""printed"", ""text"": """"}, {""bbox"": [2809.44, 1215.09, 3022.89, 1271.0], ""type"": ""printed"", ""text"": """"}, {""bbox"": [257.83, 1055.45, 2017.77, 1171.38], ""type"": ""printed"", ""text"": """"}, {""bbox"": [260.39, 1109.09, 1349.99, 1185.33], ""type"": ""printed"", ""text"": """"}, {""bbox"": [421.61, 1897.22, 969.68, 2028.09], ""type"": ""handwritten"", ""text"": """"}, {""bbox"": [415.32, 1746.59, 2350.4, 2036.8], ""type"": ""handwritten"", ""text"": """"}, {""bbox"": [482.88, 1054.34, 1987.3, 1130.33], ""type"": ""printed"", ""text"": """"}]"
173db2f4-bc3a-446b-90aa-27d00caa9e1a.jpg,"[{""bbox"": [379.65, 2263.12, 2007.71, 2397.3], ""type"": ""handwritten"", ""text"": """"}, {""bbox"": [228.06, 2390.93, 2032.15, 2540.45], ""type"": ""handwritten"", ""text"": """"}, {""bbox"": [387.5, 494.32, 2026.94, 624.79], ""type"": ""handwritten"", ""text"": """"}, {""bbox"": [2139.65, 2501.93, 3738.24, 2647.35], ""type"": ""handwritten"", ""text"": """"}, {""bbox"": [224.79, 2527.54, 2011.65, 2670.05], ""type"": ""handwritten"", ""text"": """"}, {""bbox"": [268.32, 616.61, 2029.92, 754.67], ""type"": ""handwritten"", ""text"": """"}, {""bbox"": [254.66, 1746.88, 2000.59, 1880.81], ""type"": ""handwritten"", ""text"": """"}, {""bbox"": [2139.19, 995.24, 3792.76, 1140.35], ""type"": ""handwritten"", ""text"": """"}, {""bbox"": [247.64, 865.9, 1920.63, 1000.45], ""type"": ""handwritten"", ""text"": """"}, {""bbox"": [2143.32, 879.88, 3777.46, 1006.33], ""type"": ""handwritten"", ""text"": """"}, {""bbox"": [2161.34, 508.68, 3902.51, 653.37], ""type"": ""handwritten"", ""text"": """"}, {""bbox"": [2146.91, 748.04, 3733.24, 887.47], ""type"": ""handwritten"", ""text"": """"}, {""bbox"": [2136.01, 2633.25, 3886.64, 2769.2], ""type"": ""handwritten"", ""text"": """"}, {""bbox"": [224.2, 2795.3, 1970.57, 2917.1], ""type"": ""handwritten"", ""text"": """"}, {""bbox"": [2267.69, 1379.05, 3861.83, 1499.34], ""type"": ""handwritten"", ""text"": """"}, {""bbox"": [2148.23, 1131.93, 3821.09, 1261.56], ""type"": ""handwritten"", ""text"": """"}, {""bbox"": [251.33, 1242.23, 1974.78, 1383.11], ""type"": ""handwritten"", ""text"": """"}, {""bbox"": [267.06, 737.92, 2031.9, 879.71], ""type"": ""handwritten"", ""text"": """"}, {""bbox"": [259.21, 988.46, 1976.25, 1132.34], ""type"": ""handwritten"", ""text"": """"}, {""bbox"": [2141.04, 2000.51, 3785.41, 2135.41], ""type"": ""handwritten"", ""text"": """"}, {""bbox"": [2144.25, 634.27, 3742.3, 759.18], ""type"": ""handwritten"", ""text"": """"}, {""bbox"": [2127.77, 1752.8, 3858.45, 1885.78], ""type"": ""handwritten"", ""text"": """"}, {""bbox"": [239.83, 1375.54, 1869.56, 1494.41], ""type"": ""handwritten"", ""text"": """"}, {""bbox"": [2134.21, 1494.78, 3885.22, 1622.08], ""type"": ""handwritten"", ""text"": """"}, {""bbox"": [2133.02, 1874.98, 3846.21, 2009.82], ""type"": ""handwritten"", ""text"": """"}, {""bbox"": [2137.64, 2257.27, 3835.03, 2389.32], ""type"": ""handwritten"", ""text"": """"}, {""bbox"": [253.22, 1122.61, 1884.84, 1258.86], ""type"": ""handwritten"", ""text"": """"}, {""bbox"": [219.77, 2658.9, 1855.44, 2806.41], ""type"": ""handwritten"", ""text"": """"}, {""bbox"": [2135.83, 2377.94, 3853.3, 2517.41], ""type"": ""handwritten"", ""text"": """"}, {""bbox"": [593.47, 355.58, 1190.73, 474.97], ""type"": ""handwritten"", ""text"": """"}, {""bbox"": [236.27, 2008.26, 1982.61, 2143.37], ""type"": ""handwritten"", ""text"": """"}, {""bbox"": [248.5, 1494.42, 1889.41, 1631.98], ""type"": ""handwritten"", ""text"": """"}, {""bbox"": [241.69, 1872.03, 1888.29, 2016.65], ""type"": ""handwritten"", ""text"": """"}, {""bbox"": [2117.45, 1628.49, 3856.17, 1753.91], ""type"": ""handwritten"", ""text"": """"}, {""bbox"": [2143.63, 1248.14, 3301.84, 1379.34], ""type"": ""handwritten"", ""text"": """"}, {""bbox"": [2237.8, 2134.88, 3763.14, 2262.57], ""type"": ""handwritten"", ""text"": """"}, {""bbox"": [254.37, 1619.6, 2011.13, 1755.57], ""type"": ""handwritten"", ""text"": """"}, {""bbox"": [2145.11, 369.72, 2572.61, 504.71], ""type"": ""handwritten"", ""text"": """"}, {""bbox"": [2118.98, 2765.69, 2490.4, 2877.8], ""type"": ""handwritten"", ""text"": """"}, {""bbox"": [2147.94, 378.09, 3838.13, 516.77], ""type"": ""handwritten"", ""text"": """"}, {""bbox"": [233.17, 2136.92, 521.86, 2243.31], ""type"": ""handwritten"", ""text"": """"}, {""bbox"": [3322.81, 400.71, 3827.26, 515.98], ""type"": ""handwritten"", ""text"": """"}, {""bbox"": [0.74, 361.29, 285.34, 1111.57], ""type"": ""annotation"", ""text"": """"}, {""bbox"": [53.26, 538.27, 230.33, 695.83], ""type"": ""annotation"", ""text"": """"}, {""bbox"": [8.92, 753.67, 208.18, 920.7], ""type"": ""handwritten"", ""text"": """"}, {""bbox"": [0.97, 365.32, 235.16, 752.97], ""type"": ""annotation"", ""text"": """"}, {""bbox"": [67.66, 438.41, 189.41, 541.02], ""type"": ""annotation"", ""text"": """"}, {""bbox"": [17.73, 372.06, 110.31, 457.01], ""type"": ""annotation"", ""text"": """"}]"
176081e8-907f-4bd3-b881-5cc2052cde31.jpg,"[{""bbox"": [385.69, 1074.67, 2476.88, 1254.12], ""type"": ""handwritten"", ""text"": """"}, {""bbox"": [335.55, 2450.01, 2679.26, 2622.05], ""type"": ""handwritten"", ""text"": """"}, {""bbox"": [319.27, 3268.33, 2675.57, 3447.32], ""type"": ""handwritten"", ""text"": """"}, {""bbox"": [499.53, 3100.28, 2756.94, 3286.35], ""type"": ""handwritten"", ""text"": """"}, {""bbox"": [350.84, 2135.79, 2935.61, 2310.75], ""type"": ""handwritten"", ""text"": """"}, {""bbox"": [629.39, 650.13, 2695.46, 823.5], ""type"": ""handwritten"", ""text"": """"}, {""bbox"": [424.0, 1230.83, 2493.42, 1401.33], ""type"": ""handwritten"", ""text"": """"}, {""bbox"": [301.64, 3599.23, 2888.26, 3809.31], ""type"": ""handwritten"", ""text"": """"}, {""bbox"": [329.42, 2762.06, 2730.13, 2955.28], ""type"": ""handwritten"", ""text"": """"}, {""bbox"": [398.92, 814.25, 2472.49, 960.65], ""type"": ""handwritten"", ""text"": """"}, {""bbox"": [662.38, 939.39, 2703.25, 1090.55], ""type"": ""handwritten"", ""text"": """"}, {""bbox"": [342.08, 1818.28, 2634.77, 1996.18], ""type"": ""handwritten"", ""text"": """"}, {""bbox"": [447.32, 1382.0, 2701.19, 1557.73], ""type"": ""handwritten"", ""text"": """"}, {""bbox"": [305.06, 3795.44, 2935.78, 3982.91], ""type"": ""handwritten"", ""text"": """"}, {""bbox"": [357.86, 1542.4, 2667.25, 1693.11], ""type"": ""handwritten"", ""text"": """"}, {""bbox"": [349.76, 1972.8, 2927.47, 2149.42], ""type"": ""handwritten"", ""text"": """"}, {""bbox"": [348.38, 1677.55, 2665.43, 1845.05], ""type"": ""handwritten"", ""text"": """"}, {""bbox"": [856.16, 344.56, 1683.47, 549.51], ""type"": ""handwritten"", ""text"": """"}, {""bbox"": [1059.01, 506.44, 1775.24, 675.39], ""type"": ""handwritten"", ""text"": """"}, {""bbox"": [321.97, 2597.17, 2784.2, 2792.72], ""type"": ""handwritten"", ""text"": """"}, {""bbox"": [299.59, 3424.28, 2933.03, 3628.4], ""type"": ""handwritten"", ""text"": """"}, {""bbox"": [312.3, 2946.84, 1933.6, 3111.86], ""type"": ""handwritten"", ""text"": """"}, {""bbox"": [471.55, 2291.07, 2688.47, 2465.88], ""type"": ""handwritten"", ""text"": """"}, {""bbox"": [421.59, 131.11, 823.83, 232.87], ""type"": ""annotation"", ""text"": """"}]"
17fd976f-8a79-4d74-a066-61bdb02a3afb.jpg,"[{""bbox"": [44.86, 286.11, 961.77, 372.73], ""type"": ""handwritten"", ""text"": """"}, {""bbox"": [66.31, 506.42, 977.38, 584.28], ""type"": ""handwritten"", ""text"": """"}, {""bbox"": [71.77, 577.14, 1007.01, 656.15], ""type"": ""handwritten"", ""text"": """"}, {""bbox"": [46.38, 364.99, 964.81, 444.22], ""type"": ""handwritten"", ""text"": """"}, {""bbox"": [85.64, 1001.34, 1030.52, 1088.24], ""type"": ""handwritten"", ""text"": """"}, {""bbox"": [75.48, 934.36, 1008.96, 1020.99], ""type"": ""handwritten"", ""text"": """"}, {""bbox"": [82.02, 1298.8, 1012.97, 1411.99], ""type"": ""handwritten"", ""text"": """"}, {""bbox"": [72.44, 189.11, 957.29, 303.87], ""type"": ""handwritten"", ""text"": """"}, {""bbox"": [53.46, 428.25, 976.49, 514.2], ""type"": ""handwritten"", ""text"": """"}, {""bbox"": [66.98, 717.72, 1014.66, 794.69], ""type"": ""handwritten"", ""text"": """"}, {""bbox"": [71.96, 646.95, 1010.75, 727.94], ""type"": ""handwritten"", ""text"": """"}, {""bbox"": [77.32, 862.27, 1010.49, 947.76], ""type"": ""handwritten"", ""text"": """"}, {""bbox"": [68.74, 1148.3, 1019.82, 1238.07], ""type"": ""handwritten"", ""text"": """"}, {""bbox"": [75.74, 1224.19, 1022.72, 1312.42], ""type"": ""handwritten"", ""text"": """"}, {""bbox"": [73.47, 1073.94, 1026.75, 1164.95], ""type"": ""handwritten"", ""text"": """"}, {""bbox"": [72.04, 784.25, 1013.81, 869.28], ""type"": ""handwritten"", ""text"": """"}, {""bbox"": [167.09, 66.15, 988.68, 233.69], ""type"": ""handwritten"", ""text"": """"}, {""bbox"": [534.24, 134.91, 983.34, 229.9], ""type"": ""handwritten"", ""text"": """"}, {""bbox"": [836.04, 46.13, 996.55, 150.49], ""type"": ""handwritten"", ""text"": """"}, {""bbox"": [239.12, 63.43, 491.85, 220.85], ""type"": ""handwritten"", ""text"": """"}]"
1857446a-5a5e-53df-9bea-8d439f766b2a.jpg,"[{""bbox"": [537.17, 2357.5, 1042.59, 2642.64], ""type"": ""handwritten"", ""text"": """"}, {""bbox"": [554.58, 3152.04, 989.66, 3399.79], ""type"": ""handwritten"", ""text"": """"}, {""bbox"": [558.74, 3378.26, 1082.9, 3641.79], ""type"": ""handwritten"", ""text"": """"}, {""bbox"": [565.92, 2905.17, 981.38, 3144.01], ""type"": ""handwritten"", ""text"": """"}, {""bbox"": [596.88, 3623.51, 1038.62, 3860.58], ""type"": ""handwritten"", ""text"": """"}, {""bbox"": [431.2, 110.58, 789.86, 322.29], ""type"": ""handwritten"", ""text"": """"}, {""bbox"": [525.03, 2626.8, 911.17, 2911.67], ""type"": ""handwritten"", ""text"": """"}, {""bbox"": [458.64, 597.0, 833.89, 831.66], ""type"": ""handwritten"", ""text"": """"}, {""bbox"": [501.42, 1634.68, 869.74, 1902.14], ""type"": ""handwritten"", ""text"": """"}, {""bbox"": [554.0, 1891.51, 930.47, 2137.11], ""type"": ""handwritten"", ""text"": """"}, {""bbox"": [505.27, 1133.49, 862.31, 1363.49], ""type"": ""handwritten"", ""text"": """"}, {""bbox"": [467.68, 867.43, 854.65, 1127.25], ""type"": ""handwritten"", ""text"": """"}, {""bbox"": [481.73, 330.4, 838.95, 586.09], ""type"": ""handwritten"", ""text"": """"}, {""bbox"": [559.95, 2137.9, 946.3, 2398.11], ""type"": ""handwritten"", ""text"": """"}, {""bbox"": [487.82, 1370.54, 843.18, 1634.01], ""type"": ""handwritten"", ""text"": """"}, {""bbox"": [596.11, 3640.84, 3024.0, 3892.09], ""type"": ""handwritten"", ""text"": """"}]"
185edf0e-7bd8-4e62-8839-0e8d095c4c7c.jpg,"[{""bbox"": [57.02, 1207.6, 661.43, 1280.08], ""type"": ""formula"", ""text"": """"}, {""bbox"": [69.45, 2039.63, 633.83, 2095.44], ""type"": ""formula"", ""text"": """"}, {""bbox"": [39.52, 161.13, 677.04, 221.73], ""type"": ""handwritten"", ""text"": """"}, {""bbox"": [32.43, 451.6, 407.68, 514.0], ""type"": ""formula"", ""text"": """"}, {""bbox"": [69.7, 1473.63, 463.69, 1534.61], ""type"": ""formula"", ""text"": """"}, {""bbox"": [65.47, 1647.25, 462.91, 1708.37], ""type"": ""handwritten"", ""text"": """"}, {""bbox"": [64.33, 929.62, 436.64, 982.0], ""type"": ""handwritten"", ""text"": """"}, {""bbox"": [39.92, 323.07, 319.49, 372.24], ""type"": ""formula"", ""text"": """"}, {""bbox"": [42.7, 536.79, 452.85, 587.61], ""type"": ""handwritten"", ""text"": """"}, {""bbox"": [68.59, 1711.45, 811.17, 1772.08], ""type"": ""handwritten"", ""text"": """"}, {""bbox"": [51.73, 1421.51, 260.32, 1471.93], ""type"": ""handwritten"", ""text"": """"}, {""bbox"": [65.77, 2097.99, 873.26, 2166.59], ""type"": ""formula"", ""text"": """"}, {""bbox"": [42.23, 93.52, 435.77, 144.11], ""type"": ""handwritten"", ""text"": """"}, {""bbox"": [56.64, 850.97, 578.2, 919.12], ""type"": ""formula"", ""text"": """"}, {""bbox"": [40.07, 1062.39, 248.45, 1112.45], ""type"": ""handwritten"", ""text"": """"}, {""bbox"": [34.69, 382.76, 268.79, 427.74], ""type"": ""formula"", ""text"": """"}, {""bbox"": [67.03, 1279.11, 444.28, 1340.37], ""type"": ""handwritten"", ""text"": """"}, {""bbox"": [920.99, 79.5, 1317.81, 451.24], ""type"": ""annotation"", ""text"": """"}, {""bbox"": [40.65, 708.04, 263.95, 760.1], ""type"": ""handwritten"", ""text"": """"}, {""bbox"": [39.62, 602.1, 1052.77, 667.03], ""type"": ""handwritten"", ""text"": """"}, {""bbox"": [131.12, 1172.97, 241.86, 1211.58], ""type"": ""handwritten"", ""text"": """"}, {""bbox"": [176.09, 1543.47, 306.64, 1583.58], ""type"": ""handwritten"", ""text"": """"}, {""bbox"": [62.88, 1577.04, 642.17, 1644.0], ""type"": ""formula"", ""text"": """"}, {""bbox"": [74.8, 757.45, 342.85, 812.64], ""type"": ""formula"", ""text"": """"}, {""bbox"": [73.04, 1107.07, 328.1, 1160.55], ""type"": ""formula"", ""text"": """"}, {""bbox"": [12.53, 267.99, 200.68, 321.9], ""type"": ""handwritten"", ""text"": """"}, {""bbox"": [52.42, 21.1, 350.61, 74.85], ""type"": ""formula"", ""text"": """"}, {""bbox"": [72.52, 1972.02, 719.09, 2025.7], ""type"": ""formula"", ""text"": """"}, {""bbox"": [66.82, 1321.9, 1118.88, 1398.6], ""type"": ""handwritten"", ""text"": """"}, {""bbox"": [135.82, 818.7, 261.04, 855.0], ""type"": ""handwritten"", ""text"": """"}, {""bbox"": [1300.65, 2110.23, 1651.86, 2290.58], ""type"": ""annotation"", ""text"": """"}, {""bbox"": [91.26, 1906.57, 1628.8, 1966.71], ""type"": ""handwritten"", ""text"": """"}, {""bbox"": [862.52, 2204.57, 1207.7, 2258.16], ""type"": ""handwritten"", ""text"": """"}, {""bbox"": [75.67, 2242.4, 419.52, 2284.5], ""type"": ""handwritten"", ""text"": """"}, {""bbox"": [911.61, 1970.14, 1132.4, 2164.93], ""type"": ""annotation"", ""text"": """"}, {""bbox"": [62.44, 2172.99, 641.49, 2226.77], ""type"": ""formula"", ""text"": """"}, {""bbox"": [61.96, 954.62, 1036.14, 1048.5], ""type"": ""handwritten"", ""text"": """"}, {""bbox"": [190.2, 429.67, 295.86, 462.64], ""type"": ""handwritten"", ""text"": """"}, {""bbox"": [225.34, 0.04, 326.29, 20.05], ""type"": ""handwritten"", ""text"": """"}, {""bbox"": [1064.94, 2051.15, 1221.92, 2171.48], ""type"": ""annotation"", ""text"": """"}, {""bbox"": [880.12, 2272.74, 1092.57, 2320.79], ""type"": ""formula"", ""text"": """"}, {""bbox"": [124.5, 2282.38, 490.43, 2331.21], ""type"": ""formula"", ""text"": """"}, {""bbox"": [1157.47, 389.57, 1322.44, 499.99], ""type"": ""annotation"", ""text"": """"}, {""bbox"": [1159.75, 819.07, 1282.6, 953.6], ""type"": ""annotation"", ""text"": """"}, {""bbox"": [53.43, 1846.57, 93.9, 1891.46], ""type"": ""handwritten"", ""text"": """"}, {""bbox"": [1359.16, 2114.02, 1551.38, 2288.49], ""type"": ""annotation"", ""text"": """"}, {""bbox"": [917.1, 116.26, 1089.74, 445.54], ""type"": ""annotation"", ""text"": """"}, {""bbox"": [935.8, 328.82, 1054.46, 443.64], ""type"": ""annotation"", ""text"": """"}]"
18695f3c-c4dc-4427-9e10-7c77b2684ecf.jpg,"[{""bbox"": [128.78, 908.2, 2172.0, 1016.05], ""type"": ""handwritten"", ""text"": """"}, {""bbox"": [140.41, 827.62, 2136.08, 935.29], ""type"": ""handwritten"", ""text"": """"}, {""bbox"": [130.25, 989.22, 2150.34, 1097.19], ""type"": ""handwritten"", ""text"": """"}, {""bbox"": [135.89, 1068.58, 2148.42, 1175.86], ""type"": ""handwritten"", ""text"": """"}, {""bbox"": [85.89, 59.02, 785.83, 830.3], ""type"": ""image"", ""text"": """"}, {""bbox"": [108.52, 2622.15, 1916.07, 2721.84], ""type"": ""handwritten"", ""text"": """"}, {""bbox"": [131.19, 1139.55, 2159.87, 1254.29], ""type"": ""handwritten"", ""text"": """"}, {""bbox"": [81.24, 3157.24, 1776.69, 3220.64], ""type"": ""handwritten"", ""text"": """"}, {""bbox"": [125.62, 1719.34, 2044.82, 1817.98], ""type"": ""handwritten"", ""text"": """"}, {""bbox"": [139.09, 1233.89, 1967.42, 1337.59], ""type"": ""handwritten"", ""text"": """"}, {""bbox"": [119.36, 1800.95, 2117.37, 1900.08], ""type"": ""handwritten"", ""text"": """"}, {""bbox"": [116.52, 1382.0, 2155.36, 1497.66], ""type"": ""handwritten"", ""text"": """"}, {""bbox"": [153.99, 2379.97, 2110.15, 2483.57], ""type"": ""handwritten"", ""text"": """"}, {""bbox"": [121.2, 1881.47, 2125.71, 1981.08], ""type"": ""handwritten"", ""text"": """"}, {""bbox"": [119.17, 1314.62, 2057.73, 1417.12], ""type"": ""handwritten"", ""text"": """"}, {""bbox"": [922.53, 753.94, 2128.67, 839.41], ""type"": ""handwritten"", ""text"": """"}, {""bbox"": [124.04, 1625.34, 2040.08, 1734.36], ""type"": ""handwritten"", ""text"": """"}, {""bbox"": [809.55, 591.0, 2024.89, 692.15], ""type"": ""handwritten"", ""text"": """"}, {""bbox"": [124.51, 2941.64, 653.29, 3021.83], ""type"": ""handwritten"", ""text"": """"}, {""bbox"": [116.62, 1553.68, 2103.69, 1661.5], ""type"": ""handwritten"", ""text"": """"}, {""bbox"": [81.7, 3092.1, 1852.02, 3171.98], ""type"": ""handwritten"", ""text"": """"}, {""bbox"": [121.57, 1965.96, 2122.12, 2072.1], ""type"": ""handwritten"", ""text"": """"}, {""bbox"": [202.43, 2462.27, 1826.12, 2555.56], ""type"": ""handwritten"", ""text"": """"}, {""bbox"": [111.33, 2544.13, 1900.55, 2642.2], ""type"": ""handwritten"", ""text"": """"}, {""bbox"": [117.67, 1486.15, 2146.12, 1597.29], ""type"": ""handwritten"", ""text"": """"}, {""bbox"": [927.21, 251.67, 1934.3, 345.23], ""type"": ""printed"", ""text"": """"}, {""bbox"": [99.81, 2866.54, 1602.91, 2965.48], ""type"": ""handwritten"", ""text"": """"}, {""bbox"": [154.47, 2788.16, 1698.45, 2873.96], ""type"": ""handwritten"", ""text"": """"}, {""bbox"": [824.32, 671.59, 1552.42, 760.74], ""type"": ""handwritten"", ""text"": """"}, {""bbox"": [202.97, 2216.63, 1976.95, 2314.02], ""type"": ""handwritten"", ""text"": """"}, {""bbox"": [120.55, 2127.39, 1994.52, 2230.74], ""type"": ""handwritten"", ""text"": """"}, {""bbox"": [1123.21, 349.54, 1737.5, 432.35], ""type"": ""handwritten"", ""text"": """"}, {""bbox"": [1081.35, 93.2, 1782.61, 218.42], ""type"": ""printed"", ""text"": """"}, {""bbox"": [139.49, 1101.85, 2140.33, 1215.99], ""type"": ""handwritten"", ""text"": """"}, {""bbox"": [812.91, 514.32, 2060.82, 602.98], ""type"": ""handwritten"", ""text"": """"}, {""bbox"": [116.82, 2040.54, 2080.39, 2149.81], ""type"": ""handwritten"", ""text"": """"}, {""bbox"": [107.28, 2704.46, 1877.07, 2800.54], ""type"": ""handwritten"", ""text"": """"}, {""bbox"": [275.33, 3022.03, 1689.76, 3099.44], ""type"": ""handwritten"", ""text"": """"}, {""bbox"": [126.69, 1250.5, 1980.43, 1399.05], ""type"": ""handwritten"", ""text"": """"}, {""bbox"": [119.39, 1588.74, 2041.05, 1694.89], ""type"": ""handwritten"", ""text"": """"}, {""bbox"": [894.51, 430.7, 1903.54, 531.11], ""type"": ""handwritten"", ""text"": """"}, {""bbox"": [254.14, 2300.68, 2098.22, 2395.21], ""type"": ""handwritten"", ""text"": """"}, {""bbox"": [126.87, 1416.43, 2133.03, 1538.99], ""type"": ""handwritten"", ""text"": """"}, {""bbox"": [1920.79, 89.01, 2150.49, 306.23], ""type"": ""image"", ""text"": """"}, {""bbox"": [114.51, 1927.24, 2134.03, 2028.55], ""type"": ""handwritten"", ""text"": """"}, {""bbox"": [1703.14, 2430.23, 2167.87, 3163.22], ""type"": ""image"", ""text"": """"}, {""bbox"": [930.37, 750.05, 1356.97, 839.3], ""type"": ""handwritten"", ""text"": """"}, {""bbox"": [135.2, 190.72, 2083.28, 850.16], ""type"": ""handwritten"", ""text"": """"}, {""bbox"": [1079.88, 90.06, 1283.38, 209.75], ""type"": ""printed"", ""text"": """"}, {""bbox"": [187.68, 1336.91, 2108.29, 1461.61], ""type"": ""handwritten"", ""text"": """"}, {""bbox"": [928.15, 246.11, 1523.82, 422.41], ""type"": ""printed"", ""text"": """"}, {""bbox"": [163.7, 2336.03, 2115.02, 2439.47], ""type"": ""handwritten"", ""text"": """"}, {""bbox"": [1712.51, 2827.34, 2103.84, 3111.3], ""type"": ""image"", ""text"": """"}]"
18729e79-2f24-4db6-ba11-39d5650a2e68.jpg,"[{""bbox"": [30.86, 904.89, 1090.99, 976.73], ""type"": ""handwritten"", ""text"": """"}, {""bbox"": [80.27, 1014.56, 1049.78, 1085.16], ""type"": ""handwritten"", ""text"": """"}, {""bbox"": [62.66, 173.76, 1113.45, 252.52], ""type"": ""handwritten"", ""text"": """"}, {""bbox"": [11.57, 217.65, 1111.5, 315.33], ""type"": ""handwritten"", ""text"": """"}, {""bbox"": [35.81, 1066.88, 1041.98, 1146.03], ""type"": ""handwritten"", ""text"": """"}, {""bbox"": [308.36, 121.15, 614.25, 184.55], ""type"": ""handwritten"", ""text"": """"}, {""bbox"": [71.39, 1295.74, 1068.95, 1375.01], ""type"": ""handwritten"", ""text"": """"}, {""bbox"": [43.2, 1519.38, 337.31, 1576.62], ""type"": ""handwritten"", ""text"": """"}, {""bbox"": [29.55, 853.05, 1008.79, 919.34], ""type"": ""handwritten"", ""text"": """"}, {""bbox"": [189.96, 37.76, 1002.58, 112.77], ""type"": ""handwritten"", ""text"": """"}, {""bbox"": [20.46, 657.41, 1084.82, 724.81], ""type"": ""handwritten"", ""text"": """"}, {""bbox"": [40.51, 1341.03, 1063.05, 1429.53], ""type"": ""handwritten"", ""text"": """"}, {""bbox"": [32.45, 971.34, 389.85, 1025.62], ""type"": ""handwritten"", ""text"": """"}, {""bbox"": [44.12, 1266.32, 317.79, 1323.65], ""type"": ""handwritten"", ""text"": """"}, {""bbox"": [23.53, 706.5, 1085.18, 771.83], ""type"": ""handwritten"", ""text"": """"}, {""bbox"": [40.7, 1439.79, 1096.22, 1528.72], ""type"": ""handwritten"", ""text"": """"}, {""bbox"": [28.04, 798.53, 1048.91, 868.47], ""type"": ""handwritten"", ""text"": """"}, {""bbox"": [27.15, 752.62, 1023.48, 819.36], ""type"": ""handwritten"", ""text"": """"}, {""bbox"": [38.72, 1209.57, 1039.07, 1276.2], ""type"": ""handwritten"", ""text"": """"}, {""bbox"": [17.08, 334.33, 1048.24, 435.89], ""type"": ""handwritten"", ""text"": """"}, {""bbox"": [21.11, 557.8, 1076.48, 637.08], ""type"": ""handwritten"", ""text"": """"}, {""bbox"": [34.53, 1116.73, 1049.56, 1192.84], ""type"": ""handwritten"", ""text"": """"}, {""bbox"": [41.03, 1390.49, 1091.33, 1470.64], ""type"": ""handwritten"", ""text"": """"}, {""bbox"": [26.37, 452.38, 991.37, 543.19], ""type"": ""handwritten"", ""text"": """"}, {""bbox"": [16.37, 283.56, 1052.17, 388.26], ""type"": ""handwritten"", ""text"": """"}, {""bbox"": [17.55, 396.2, 1046.12, 504.06], ""type"": ""handwritten"", ""text"": """"}, {""bbox"": [35.17, 1164.37, 1057.54, 1246.66], ""type"": ""handwritten"", ""text"": """"}, {""bbox"": [23.18, 501.35, 1077.59, 593.33], ""type"": ""handwritten"", ""text"": """"}, {""bbox"": [21.47, 612.18, 1057.2, 679.23], ""type"": ""handwritten"", ""text"": """"}]"
188c50b7-b537-42cf-b0bc-b336780d0710.jpg,"[{""bbox"": [596.13, 1597.51, 1966.48, 1668.07], ""type"": ""printed"", ""text"": """"}, {""bbox"": [599.82, 1808.87, 1961.11, 1878.73], ""type"": ""printed"", ""text"": """"}, {""bbox"": [465.25, 1391.12, 1956.04, 1457.48], ""type"": ""printed"", ""text"": """"}, {""bbox"": [314.96, 866.78, 633.49, 920.32], ""type"": ""printed"", ""text"": """"}, {""bbox"": [602.32, 2119.78, 1989.12, 2191.31], ""type"": ""printed"", ""text"": """"}, {""bbox"": [600.87, 1912.08, 1964.83, 1983.87], ""type"": ""printed"", ""text"": """"}, {""bbox"": [608.77, 2331.21, 1935.83, 2403.02], ""type"": ""printed"", ""text"": """"}, {""bbox"": [599.1, 1495.73, 1921.92, 1563.25], ""type"": ""printed"", ""text"": """"}, {""bbox"": [595.94, 1703.38, 1891.46, 1770.63], ""type"": ""printed"", ""text"": """"}, {""bbox"": [606.22, 2439.11, 1903.83, 2503.86], ""type"": ""printed"", ""text"": """"}, {""bbox"": [289.28, 858.46, 1877.02, 938.91], ""type"": ""printed"", ""text"": """"}, {""bbox"": [606.89, 2546.35, 1894.75, 2612.02], ""type"": ""printed"", ""text"": """"}, {""bbox"": [603.74, 2228.9, 1893.24, 2297.58], ""type"": ""printed"", ""text"": """"}, {""bbox"": [602.54, 2016.86, 1936.65, 2088.3], ""type"": ""printed"", ""text"": """"}, {""bbox"": [88.8, 1106.68, 825.59, 1204.8], ""type"": ""handwritten"", ""text"": """"}, {""bbox"": [605.24, 2649.06, 1909.01, 2716.04], ""type"": ""printed"", ""text"": """"}, {""bbox"": [298.62, 1207.71, 682.24, 1385.68], ""type"": ""handwritten"", ""text"": """"}, {""bbox"": [357.84, 590.46, 583.62, 656.34], ""type"": ""printed"", ""text"": """"}, {""bbox"": [211.19, 958.31, 1414.05, 1037.54], ""type"": ""printed"", ""text"": """"}, {""bbox"": [208.6, 960.3, 743.67, 1025.19], ""type"": ""printed"", ""text"": """"}, {""bbox"": [149.02, 750.59, 792.2, 830.47], ""type"": ""printed"", ""text"": """"}, {""bbox"": [178.19, 748.04, 2025.47, 841.83], ""type"": ""printed"", ""text"": """"}, {""bbox"": [239.87, 1502.24, 562.93, 1813.16], ""type"": ""annotation"", ""text"": """"}, {""bbox"": [237.88, 360.02, 2173.55, 646.89], ""type"": ""handwritten"", ""text"": """"}, {""bbox"": [1454.53, 508.79, 1749.41, 624.1], ""type"": ""handwritten"", ""text"": """"}, {""bbox"": [1006.81, 769.82, 1979.59, 838.43], ""type"": ""printed"", ""text"": """"}, {""bbox"": [909.4, 871.88, 1865.49, 939.07], ""type"": ""printed"", ""text"": """"}, {""bbox"": [1978.77, 833.61, 2211.4, 884.14], ""type"": ""printed"", ""text"": """"}, {""bbox"": [309.16, 1263.79, 1603.93, 1342.77], ""type"": ""printed"", ""text"": """"}, {""bbox"": [1974.92, 730.32, 2128.79, 775.08], ""type"": ""printed"", ""text"": """"}, {""bbox"": [847.83, 965.78, 1404.6, 1036.86], ""type"": ""printed"", ""text"": """"}, {""bbox"": [2674.74, 165.17, 2784.74, 312.67], ""type"": ""annotation"", ""text"": """"}, {""bbox"": [327.72, 1396.76, 608.31, 1441.45], ""type"": ""printed"", ""text"": """"}, {""bbox"": [359.4, 1178.03, 1552.06, 1247.1], ""type"": ""printed"", ""text"": """"}, {""bbox"": [1304.89, 440.26, 1689.46, 503.58], ""type"": ""printed"", ""text"": """"}]"
19b47e1f-1439-4c6d-84e3-762aae6ec1f1.jpg,"[{""bbox"": [476.93, 883.95, 1520.97, 982.78], ""type"": ""handwritten"", ""text"": """"}, {""bbox"": [743.73, 99.21, 998.56, 417.23], ""type"": ""image"", ""text"": """"}, {""bbox"": [85.28, 312.17, 739.18, 356.88], ""type"": ""printed"", ""text"": """"}, {""bbox"": [1121.51, 2213.4, 1723.86, 2526.22], ""type"": ""image"", ""text"": """"}, {""bbox"": [468.43, 822.88, 1547.58, 890.65], ""type"": ""handwritten"", ""text"": """"}, {""bbox"": [130.76, 1377.32, 1656.23, 1466.47], ""type"": ""printed"", ""text"": """"}, {""bbox"": [135.49, 1278.94, 1643.73, 1357.47], ""type"": ""printed"", ""text"": """"}, {""bbox"": [129.41, 1479.71, 1642.99, 1566.8], ""type"": ""printed"", ""text"": """"}, {""bbox"": [997.21, 166.29, 1650.74, 223.67], ""type"": ""printed"", ""text"": """"}, {""bbox"": [130.74, 1582.16, 635.33, 1653.28], ""type"": ""printed"", ""text"": """"}, {""bbox"": [996.31, 313.57, 1629.31, 357.62], ""type"": ""printed"", ""text"": """"}, {""bbox"": [340.23, 232.27, 483.02, 279.95], ""type"": ""printed"", ""text"": """"}, {""bbox"": [266.92, 1176.92, 1642.08, 1253.67], ""type"": ""printed"", ""text"": """"}, {""bbox"": [245.53, 374.52, 577.63, 408.15], ""type"": ""printed"", ""text"": """"}, {""bbox"": [82.43, 167.03, 740.23, 218.91], ""type"": ""printed"", ""text"": """"}, {""bbox"": [1044.98, 1010.7, 1505.42, 1109.57], ""type"": ""handwritten"", ""text"": """"}, {""bbox"": [258.32, 1895.84, 1583.9, 1973.42], ""type"": ""printed"", ""text"": """"}, {""bbox"": [245.01, 104.85, 578.12, 158.66], ""type"": ""printed"", ""text"": """"}, {""bbox"": [877.97, 622.1, 1381.22, 680.73], ""type"": ""printed"", ""text"": """"}, {""bbox"": [1252.08, 231.84, 1393.65, 277.32], ""type"": ""printed"", ""text"": """"}, {""bbox"": [80.18, 447.8, 740.33, 495.49], ""type"": ""printed"", ""text"": """"}, {""bbox"": [255.41, 1998.67, 1346.53, 2073.37], ""type"": ""printed"", ""text"": """"}, {""bbox"": [393.14, 1700.22, 901.83, 1759.69], ""type"": ""printed"", ""text"": """"}, {""bbox"": [964.6, 2122.99, 1445.82, 2183.59], ""type"": ""printed"", ""text"": """"}, {""bbox"": [1157.17, 375.56, 1491.28, 410.42], ""type"": ""printed"", ""text"": """"}, {""bbox"": [1154.49, 104.27, 1488.62, 156.28], ""type"": ""printed"", ""text"": """"}, {""bbox"": [530.23, 2321.23, 661.67, 2375.6], ""type"": ""printed"", ""text"": """"}, {""bbox"": [277.33, 1793.12, 1280.22, 1865.63], ""type"": ""printed"", ""text"": """"}, {""bbox"": [253.43, 2203.29, 1527.54, 2292.29], ""type"": ""handwritten"", ""text"": """"}, {""bbox"": [80.18, 437.08, 1638.18, 509.38], ""type"": ""printed"", ""text"": """"}, {""bbox"": [617.03, 446.62, 1628.05, 500.36], ""type"": ""printed"", ""text"": """"}]"
1a25dd59-a5ea-48dc-a5b1-bad49ee8d4e0.jpg,"[{""bbox"": [312.19, 4027.61, 3662.71, 4317.92], ""type"": ""handwritten"", ""text"": """"}, {""bbox"": [349.73, 2803.1, 3431.39, 3080.88], ""type"": ""handwritten"", ""text"": """"}, {""bbox"": [290.43, 4289.74, 3561.96, 4588.09], ""type"": ""handwritten"", ""text"": """"}, {""bbox"": [450.87, 1660.27, 3683.44, 1947.55], ""type"": ""handwritten"", ""text"": """"}, {""bbox"": [266.9, 4563.19, 3463.8, 4851.31], ""type"": ""handwritten"", ""text"": """"}, {""bbox"": [352.45, 3058.04, 3175.74, 3313.85], ""type"": ""handwritten"", ""text"": """"}, {""bbox"": [462.22, 3782.67, 3595.7, 4052.39], ""type"": ""handwritten"", ""text"": """"}, {""bbox"": [345.42, 3279.39, 3179.15, 3585.76], ""type"": ""handwritten"", ""text"": """"}, {""bbox"": [335.46, 2600.63, 3301.69, 2831.98], ""type"": ""handwritten"", ""text"": """"}, {""bbox"": [391.45, 2114.42, 3418.54, 2372.92], ""type"": ""handwritten"", ""text"": """"}, {""bbox"": [256.84, 4819.71, 3771.33, 5118.76], ""type"": ""handwritten"", ""text"": """"}, {""bbox"": [437.76, 1893.83, 3597.58, 2161.23], ""type"": ""handwritten"", ""text"": """"}, {""bbox"": [374.78, 2355.22, 3609.6, 2625.91], ""type"": ""handwritten"", ""text"": """"}, {""bbox"": [1680.91, 366.64, 2663.41, 598.56], ""type"": ""handwritten"", ""text"": """"}, {""bbox"": [448.44, 1438.58, 3339.57, 1708.0], ""type"": ""handwritten"", ""text"": """"}, {""bbox"": [1607.84, 559.49, 2651.57, 788.32], ""type"": ""handwritten"", ""text"": """"}, {""bbox"": [826.58, 756.32, 3661.79, 1057.9], ""type"": ""handwritten"", ""text"": """"}, {""bbox"": [322.97, 3547.54, 2025.44, 3782.41], ""type"": ""handwritten"", ""text"": """"}, {""bbox"": [821.05, 1208.69, 3640.12, 1493.28], ""type"": ""handwritten"", ""text"": """"}, {""bbox"": [488.76, 991.32, 3669.73, 1287.34], ""type"": ""handwritten"", ""text"": """"}]"
1a7d3f8a-9f10-4918-a768-9b5c04caf859.jpg,"[{""bbox"": [12.97, 1055.55, 758.63, 1164.31], ""type"": ""formula"", ""text"": """"}, {""bbox"": [12.28, 1321.03, 637.73, 1424.71], ""type"": ""formula"", ""text"": """"}, {""bbox"": [10.14, 1417.66, 717.55, 1526.91], ""type"": ""formula"", ""text"": """"}, {""bbox"": [8.67, 1160.65, 666.04, 1264.91], ""type"": ""formula"", ""text"": """"}, {""bbox"": [27.9, 0.5, 1604.42, 63.01], ""type"": ""handwritten"", ""text"": """"}, {""bbox"": [1000.12, 988.14, 1623.35, 1091.0], ""type"": ""formula"", ""text"": """"}, {""bbox"": [46.94, 40.73, 1238.6, 133.73], ""type"": ""handwritten"", ""text"": """"}, {""bbox"": [978.99, 1084.85, 1620.35, 1187.0], ""type"": ""formula"", ""text"": """"}, {""bbox"": [17.87, 1272.95, 221.65, 1342.55], ""type"": ""handwritten"", ""text"": """"}, {""bbox"": [14.99, 141.79, 323.8, 239.03], ""type"": ""handwritten"", ""text"": """"}, {""bbox"": [20.26, 581.93, 787.26, 698.99], ""type"": ""handwritten"", ""text"": """"}, {""bbox"": [1060.64, 874.05, 1628.23, 981.41], ""type"": ""formula"", ""text"": """"}, {""bbox"": [39.44, 7.56, 1632.39, 151.74], ""type"": ""handwritten"", ""text"": """"}, {""bbox"": [21.86, 871.0, 200.69, 945.17], ""type"": ""handwritten"", ""text"": """"}, {""bbox"": [21.18, 1628.65, 261.25, 1707.04], ""type"": ""handwritten"", ""text"": """"}, {""bbox"": [1079.92, 771.9, 1374.54, 880.95], ""type"": ""handwritten"", ""text"": """"}, {""bbox"": [10.82, 1910.61, 1593.99, 2074.35], ""type"": ""handwritten"", ""text"": """"}, {""bbox"": [12.79, 1513.63, 808.17, 1625.63], ""type"": ""formula"", ""text"": """"}, {""bbox"": [16.95, 552.71, 245.21, 644.71], ""type"": ""handwritten"", ""text"": """"}, {""bbox"": [11.58, 676.03, 694.77, 766.97], ""type"": ""handwritten"", ""text"": """"}, {""bbox"": [16.72, 905.86, 880.9, 1065.09], ""type"": ""formula"", ""text"": """"}, {""bbox"": [30.25, 233.95, 196.52, 291.62], ""type"": ""handwritten"", ""text"": """"}, {""bbox"": [9.76, 757.07, 1074.42, 868.84], ""type"": ""formula"", ""text"": """"}, {""bbox"": [21.1, 256.81, 895.87, 544.37], ""type"": ""table"", ""text"": """"}, {""bbox"": [21.65, 1812.32, 299.17, 1881.3], ""type"": ""handwritten"", ""text"": """"}, {""bbox"": [7.89, 1671.29, 1587.29, 1883.43], ""type"": ""handwritten"", ""text"": """"}, {""bbox"": [7.87, 1611.35, 1574.8, 1755.65], ""type"": ""handwritten"", ""text"": """"}, {""bbox"": [11.37, 1769.16, 1639.98, 1970.03], ""type"": ""handwritten"", ""text"": """"}, {""bbox"": [356.06, 144.97, 511.9, 215.99], ""type"": ""annotation"", ""text"": """"}, {""bbox"": [795.44, 2053.53, 1084.27, 2144.99], ""type"": ""annotation"", ""text"": """"}, {""bbox"": [568.96, 2268.93, 822.56, 2323.61], ""type"": ""annotation"", ""text"": """"}, {""bbox"": [242.78, 1267.99, 299.74, 1336.86], ""type"": ""annotation"", ""text"": """"}, {""bbox"": [15.03, 138.07, 517.07, 247.55], ""type"": ""handwritten"", ""text"": """"}, {""bbox"": [1397.75, 770.95, 1462.58, 839.94], ""type"": ""annotation"", ""text"": """"}, {""bbox"": [21.91, 1869.54, 783.27, 1976.26], ""type"": ""handwritten"", ""text"": """"}, {""bbox"": [221.01, 883.13, 272.96, 931.15], ""type"": ""annotation"", ""text"": """"}, {""bbox"": [357.29, 146.07, 410.95, 212.31], ""type"": ""annotation"", ""text"": """"}, {""bbox"": [33.11, 296.95, 209.28, 371.32], ""type"": ""handwritten"", ""text"": """"}, {""bbox"": [544.49, 883.66, 698.08, 954.64], ""type"": ""handwritten"", ""text"": """"}]"
1af72a02-665a-41b9-91c7-e031d763fbb2.jpg,"[{""bbox"": [201.75, 1960.51, 2933.29, 2149.5], ""type"": ""handwritten"", ""text"": """"}, {""bbox"": [236.85, 1268.43, 3086.35, 1453.52], ""type"": ""handwritten"", ""text"": """"}, {""bbox"": [327.21, 382.91, 3027.07, 537.02], ""type"": ""handwritten"", ""text"": """"}, {""bbox"": [344.62, 124.57, 2907.3, 278.87], ""type"": ""handwritten"", ""text"": """"}, {""bbox"": [178.73, 2121.06, 3073.16, 2329.11], ""type"": ""handwritten"", ""text"": """"}, {""bbox"": [139.81, 2488.34, 3066.14, 2710.99], ""type"": ""handwritten"", ""text"": """"}, {""bbox"": [222.49, 1428.19, 2972.64, 1621.39], ""type"": ""handwritten"", ""text"": """"}, {""bbox"": [729.57, 821.07, 3055.11, 978.21], ""type"": ""handwritten"", ""text"": """"}, {""bbox"": [270.05, 1116.75, 2793.9, 1292.56], ""type"": ""handwritten"", ""text"": """"}, {""bbox"": [269.24, 958.46, 2787.29, 1140.34], ""type"": ""handwritten"", ""text"": """"}, {""bbox"": [298.53, 524.04, 2921.69, 689.39], ""type"": ""handwritten"", ""text"": """"}, {""bbox"": [714.44, 1792.77, 2981.11, 1983.15], ""type"": ""handwritten"", ""text"": """"}, {""bbox"": [225.86, 1594.7, 2255.96, 1787.65], ""type"": ""handwritten"", ""text"": """"}, {""bbox"": [340.3, 264.27, 2474.56, 396.67], ""type"": ""handwritten"", ""text"": """"}, {""bbox"": [157.61, 2307.44, 3084.68, 2519.42], ""type"": ""handwritten"", ""text"": """"}, {""bbox"": [307.1, 662.95, 1360.72, 794.68], ""type"": ""handwritten"", ""text"": """"}, {""bbox"": [215.08, 4293.62, 739.31, 4402.17], ""type"": ""printed"", ""text"": """"}]"
1b8832df-3748-4cc3-9f7d-11fa1880106e.jpg,"[{""bbox"": [286.72, 2432.72, 3824.58, 2635.3], ""type"": ""handwritten"", ""text"": """"}, {""bbox"": [484.42, 739.22, 3697.09, 921.44], ""type"": ""handwritten"", ""text"": """"}, {""bbox"": [303.79, 2232.34, 3818.76, 2445.22], ""type"": ""handwritten"", ""text"": """"}, {""bbox"": [403.12, 2823.77, 3665.61, 3005.58], ""type"": ""handwritten"", ""text"": """"}, {""bbox"": [309.26, 2631.2, 2305.81, 2817.03], ""type"": ""handwritten"", ""text"": """"}, {""bbox"": [319.1, 1284.64, 3708.15, 1478.78], ""type"": ""handwritten"", ""text"": """"}, {""bbox"": [311.02, 1861.74, 2929.28, 2058.43], ""type"": ""handwritten"", ""text"": """"}, {""bbox"": [296.66, 4729.11, 3610.61, 4939.96], ""type"": ""handwritten"", ""text"": """"}, {""bbox"": [289.03, 3389.78, 3017.47, 3565.08], ""type"": ""handwritten"", ""text"": """"}, {""bbox"": [444.53, 3572.97, 3793.74, 3755.42], ""type"": ""handwritten"", ""text"": """"}, {""bbox"": [321.9, 1658.69, 3791.6, 1869.75], ""type"": ""handwritten"", ""text"": """"}, {""bbox"": [302.61, 3004.23, 3679.91, 3187.54], ""type"": ""handwritten"", ""text"": """"}, {""bbox"": [317.39, 1107.69, 3593.95, 1300.11], ""type"": ""handwritten"", ""text"": """"}, {""bbox"": [309.05, 3958.13, 3637.19, 4160.1], ""type"": ""handwritten"", ""text"": """"}, {""bbox"": [310.85, 920.38, 3672.19, 1116.28], ""type"": ""handwritten"", ""text"": """"}, {""bbox"": [489.22, 359.9, 3621.19, 554.41], ""type"": ""handwritten"", ""text"": """"}, {""bbox"": [300.75, 3196.49, 3648.03, 3395.58], ""type"": ""handwritten"", ""text"": """"}, {""bbox"": [324.76, 1475.18, 3760.07, 1683.52], ""type"": ""handwritten"", ""text"": """"}, {""bbox"": [291.56, 4539.27, 3494.59, 4733.6], ""type"": ""handwritten"", ""text"": """"}, {""bbox"": [472.47, 2045.06, 3656.17, 2251.13], ""type"": ""handwritten"", ""text"": """"}, {""bbox"": [299.78, 3760.94, 3772.35, 3972.51], ""type"": ""handwritten"", ""text"": """"}, {""bbox"": [330.81, 563.01, 1865.3, 744.55], ""type"": ""handwritten"", ""text"": """"}, {""bbox"": [445.98, 4357.35, 3747.57, 4527.31], ""type"": ""handwritten"", ""text"": """"}, {""bbox"": [319.78, 4168.17, 1697.91, 4350.93], ""type"": ""handwritten"", ""text"": """"}, {""bbox"": [1445.67, 218.15, 2234.36, 381.01], ""type"": ""handwritten"", ""text"": """"}, {""bbox"": [292.36, 4948.76, 676.1, 5095.43], ""type"": ""handwritten"", ""text"": """"}]"
1b908b1b-dbb0-563c-bd3d-a0c0b5935ab7.jpg,"[{""bbox"": [200.34, 494.57, 1383.08, 618.93], ""type"": ""handwritten"", ""text"": """"}, {""bbox"": [222.35, 204.27, 1410.18, 342.94], ""type"": ""handwritten"", ""text"": """"}, {""bbox"": [224.8, 311.7, 1412.63, 438.27], ""type"": ""handwritten"", ""text"": """"}, {""bbox"": [161.37, 616.17, 404.9, 698.53], ""type"": ""handwritten"", ""text"": """"}, {""bbox"": [175.88, 413.3, 304.31, 495.28], ""type"": ""handwritten"", ""text"": """"}, {""bbox"": [0.0, 205.97, 77.47, 276.79], ""type"": ""handwritten"", ""text"": """"}]"
1b9c2bc8-98cf-46e8-8e05-70821257960b.jpg,"[{""bbox"": [27.47, 1308.13, 1245.74, 1399.67], ""type"": ""handwritten"", ""text"": """"}, {""bbox"": [28.84, 887.91, 1211.22, 987.65], ""type"": ""handwritten"", ""text"": """"}, {""bbox"": [22.17, 968.83, 1203.65, 1075.39], ""type"": ""handwritten"", ""text"": """"}, {""bbox"": [21.73, 141.0, 1190.65, 236.18], ""type"": ""handwritten"", ""text"": """"}, {""bbox"": [24.23, 1470.08, 1203.32, 1559.88], ""type"": ""handwritten"", ""text"": """"}, {""bbox"": [28.87, 302.14, 1200.13, 400.48], ""type"": ""handwritten"", ""text"": """"}, {""bbox"": [31.82, 383.52, 1196.88, 486.16], ""type"": ""handwritten"", ""text"": """"}, {""bbox"": [24.34, 1546.73, 973.64, 1657.35], ""type"": ""handwritten"", ""text"": """"}, {""bbox"": [57.11, 1631.72, 1255.98, 1773.68], ""type"": ""handwritten"", ""text"": """"}, {""bbox"": [23.98, 1049.8, 1227.15, 1155.69], ""type"": ""handwritten"", ""text"": """"}, {""bbox"": [30.67, 543.73, 1200.43, 652.98], ""type"": ""handwritten"", ""text"": """"}, {""bbox"": [31.37, 800.46, 1228.74, 900.35], ""type"": ""handwritten"", ""text"": """"}, {""bbox"": [30.03, 463.24, 1188.79, 565.95], ""type"": ""handwritten"", ""text"": """"}, {""bbox"": [19.16, 1134.2, 1180.14, 1233.14], ""type"": ""handwritten"", ""text"": """"}, {""bbox"": [22.81, 223.23, 1199.98, 322.58], ""type"": ""handwritten"", ""text"": """"}, {""bbox"": [27.4, 1385.29, 1243.91, 1488.51], ""type"": ""handwritten"", ""text"": """"}, {""bbox"": [14.91, 1214.18, 1234.81, 1323.22], ""type"": ""handwritten"", ""text"": """"}, {""bbox"": [23.34, 715.6, 1218.39, 815.15], ""type"": ""handwritten"", ""text"": """"}, {""bbox"": [28.65, 627.65, 1220.47, 730.43], ""type"": ""handwritten"", ""text"": """"}, {""bbox"": [10.2, 46.46, 1198.22, 158.05], ""type"": ""handwritten"", ""text"": """"}, {""bbox"": [854.11, 0.39, 1184.26, 63.44], ""type"": ""annotation"", ""text"": """"}]"
1bf0c1cd-effe-49cb-899c-0b1af6dccff4.jpg,"[{""bbox"": [10.93, 1280.0, 992.7, 1551.49], ""type"": ""formula"", ""text"": """"}, {""bbox"": [41.91, 2168.21, 1903.64, 2364.45], ""type"": ""handwritten"", ""text"": """"}, {""bbox"": [182.0, 1597.13, 1145.33, 1796.14], ""type"": ""formula"", ""text"": """"}, {""bbox"": [318.34, 2419.48, 1956.58, 2616.53], ""type"": ""handwritten"", ""text"": """"}, {""bbox"": [335.85, 2629.11, 1954.5, 2812.36], ""type"": ""handwritten"", ""text"": """"}, {""bbox"": [191.25, 367.82, 2046.28, 572.12], ""type"": ""formula"", ""text"": """"}, {""bbox"": [51.47, 35.43, 859.61, 290.24], ""type"": ""formula"", ""text"": """"}, {""bbox"": [180.35, 1831.22, 846.31, 2019.54], ""type"": ""formula"", ""text"": """"}, {""bbox"": [38.83, 2931.08, 919.08, 3118.52], ""type"": ""handwritten"", ""text"": """"}, {""bbox"": [10.7, 676.38, 463.13, 849.13], ""type"": ""handwritten"", ""text"": """"}, {""bbox"": [2231.95, 5596.34, 2846.58, 5748.21], ""type"": ""annotation"", ""text"": """"}, {""bbox"": [1.9, 3201.84, 544.38, 3365.67], ""type"": ""handwritten"", ""text"": """"}, {""bbox"": [4.72, 953.82, 614.74, 1135.44], ""type"": ""handwritten"", ""text"": """"}, {""bbox"": [1342.32, 1671.36, 4576.68, 2240.42], ""type"": ""formula"", ""text"": """"}, {""bbox"": [0.0, 3459.32, 743.58, 3639.82], ""type"": ""handwritten"", ""text"": """"}, {""bbox"": [3484.74, 1178.21, 4492.8, 1627.93], ""type"": ""formula"", ""text"": """"}, {""bbox"": [3447.56, 49.16, 4591.39, 267.79], ""type"": ""handwritten"", ""text"": """"}, {""bbox"": [2026.28, 3003.55, 4525.07, 3277.5], ""type"": ""handwritten"", ""text"": """"}, {""bbox"": [3423.95, 221.76, 4587.67, 453.54], ""type"": ""handwritten"", ""text"": """"}, {""bbox"": [2185.05, 2782.84, 4626.8, 3064.0], ""type"": ""formula"", ""text"": """"}, {""bbox"": [3385.19, 437.67, 4220.85, 621.86], ""type"": ""formula"", ""text"": """"}, {""bbox"": [2738.01, 3219.61, 4570.57, 3446.63], ""type"": ""formula"", ""text"": """"}, {""bbox"": [3485.66, 627.81, 4436.59, 807.59], ""type"": ""formula"", ""text"": """"}, {""bbox"": [2415.49, 3657.97, 4580.39, 4027.66], ""type"": ""handwritten"", ""text"": """"}, {""bbox"": [2674.13, 3939.58, 4634.29, 4225.76], ""type"": ""handwritten"", ""text"": """"}, {""bbox"": [2565.64, 3441.8, 4564.51, 3714.98], ""type"": ""handwritten"", ""text"": """"}, {""bbox"": [3456.14, 942.75, 4428.31, 1121.9], ""type"": ""handwritten"", ""text"": """"}, {""bbox"": [1931.71, 2164.59, 4590.77, 2475.17], ""type"": ""formula"", ""text"": """"}, {""bbox"": [1835.08, 4448.05, 4532.6, 4776.82], ""type"": ""handwritten"", ""text"": """"}, {""bbox"": [3467.52, 782.79, 4455.59, 982.8], ""type"": ""handwritten"", ""text"": """"}, {""bbox"": [1917.86, 1941.71, 4585.4, 2296.63], ""type"": ""formula"", ""text"": """"}, {""bbox"": [24.37, 1282.95, 188.13, 1434.9], ""type"": ""handwritten"", ""text"": """"}, {""bbox"": [3293.97, 2336.84, 4554.14, 2558.74], ""type"": ""formula"", ""text"": """"}]"
1c8cc545-241f-4da1-b46b-429064fc9f13.jpg,"[{""bbox"": [21.6, 332.42, 827.9, 400.99], ""type"": ""handwritten"", ""text"": """"}, {""bbox"": [97.57, 441.72, 827.77, 502.05], ""type"": ""handwritten"", ""text"": """"}, {""bbox"": [90.18, 193.38, 725.51, 257.62], ""type"": ""handwritten"", ""text"": """"}, {""bbox"": [22.92, 239.68, 810.51, 307.41], ""type"": ""handwritten"", ""text"": """"}, {""bbox"": [21.53, 53.51, 758.52, 111.14], ""type"": ""handwritten"", ""text"": """"}, {""bbox"": [21.6, 12.56, 718.88, 66.7], ""type"": ""handwritten"", ""text"": """"}, {""bbox"": [34.84, 487.1, 775.68, 556.03], ""type"": ""handwritten"", ""text"": """"}, {""bbox"": [28.41, 142.13, 465.7, 209.0], ""type"": ""handwritten"", ""text"": """"}, {""bbox"": [21.58, 96.18, 729.75, 159.67], ""type"": ""handwritten"", ""text"": """"}, {""bbox"": [26.48, 578.15, 781.84, 666.39], ""type"": ""handwritten"", ""text"": """"}, {""bbox"": [29.57, 642.05, 319.57, 707.02], ""type"": ""handwritten"", ""text"": """"}, {""bbox"": [27.37, 390.17, 676.32, 454.67], ""type"": ""handwritten"", ""text"": """"}, {""bbox"": [29.33, 534.08, 785.59, 607.88], ""type"": ""handwritten"", ""text"": """"}, {""bbox"": [22.32, 289.04, 815.33, 351.42], ""type"": ""handwritten"", ""text"": """"}]"
1d4953af-c8e6-4095-b58a-b2bc9f26a415.jpg,"[{""bbox"": [393.48, 1233.99, 3305.18, 1416.77], ""type"": ""handwritten"", ""text"": """"}, {""bbox"": [471.49, 1736.0, 3115.13, 1911.07], ""type"": ""handwritten"", ""text"": """"}, {""bbox"": [523.49, 558.67, 3019.22, 771.09], ""type"": ""handwritten"", ""text"": """"}, {""bbox"": [473.59, 1566.42, 3218.0, 1744.1], ""type"": ""handwritten"", ""text"": """"}, {""bbox"": [456.72, 1899.04, 3071.28, 2076.55], ""type"": ""handwritten"", ""text"": """"}, {""bbox"": [1040.79, 182.66, 2427.94, 384.91], ""type"": ""handwritten"", ""text"": """"}, {""bbox"": [368.28, 2957.84, 3347.08, 3165.35], ""type"": ""handwritten"", ""text"": """"}, {""bbox"": [387.55, 2510.51, 3019.3, 2698.17], ""type"": ""handwritten"", ""text"": """"}, {""bbox"": [626.53, 1055.39, 3238.18, 1259.83], ""type"": ""handwritten"", ""text"": """"}, {""bbox"": [277.9, 4294.7, 3108.06, 4533.68], ""type"": ""handwritten"", ""text"": """"}, {""bbox"": [510.15, 737.81, 2787.02, 934.96], ""type"": ""handwritten"", ""text"": """"}, {""bbox"": [342.21, 3402.59, 3211.3, 3681.92], ""type"": ""handwritten"", ""text"": """"}, {""bbox"": [404.56, 2199.26, 3144.35, 2386.6], ""type"": ""handwritten"", ""text"": """"}, {""bbox"": [385.66, 2358.12, 3166.53, 2546.98], ""type"": ""handwritten"", ""text"": """"}, {""bbox"": [414.01, 2057.71, 3047.37, 2226.55], ""type"": ""handwritten"", ""text"": """"}, {""bbox"": [552.46, 1394.41, 3052.05, 1593.45], ""type"": ""handwritten"", ""text"": """"}, {""bbox"": [647.98, 408.17, 2583.22, 593.76], ""type"": ""handwritten"", ""text"": """"}, {""bbox"": [294.72, 4087.15, 3024.69, 4333.82], ""type"": ""handwritten"", ""text"": """"}, {""bbox"": [497.14, 949.16, 1236.72, 1093.21], ""type"": ""handwritten"", ""text"": """"}, {""bbox"": [302.84, 3744.5, 3231.75, 3982.33], ""type"": ""handwritten"", ""text"": """"}, {""bbox"": [371.67, 3148.54, 1248.19, 3322.16], ""type"": ""handwritten"", ""text"": """"}, {""bbox"": [381.39, 2808.53, 3305.42, 3007.66], ""type"": ""handwritten"", ""text"": """"}, {""bbox"": [461.61, 3265.85, 3133.14, 3505.96], ""type"": ""handwritten"", ""text"": """"}, {""bbox"": [296.14, 3926.56, 3149.43, 4175.89], ""type"": ""handwritten"", ""text"": """"}, {""bbox"": [387.89, 2661.6, 3367.85, 2853.49], ""type"": ""handwritten"", ""text"": """"}, {""bbox"": [306.5, 3591.37, 3247.63, 3859.09], ""type"": ""handwritten"", ""text"": """"}, {""bbox"": [373.99, 2988.53, 3321.1, 3323.16], ""type"": ""handwritten"", ""text"": """"}, {""bbox"": [391.11, 2648.5, 3326.93, 3002.56], ""type"": ""handwritten"", ""text"": """"}]"
1d4a28f7-d9f8-4bf1-9f62-5b9a62bd0d39.jpg,"[{""bbox"": [179.18, 1816.32, 1393.94, 1899.47], ""type"": ""handwritten"", ""text"": """"}, {""bbox"": [93.14, 1279.88, 1506.61, 1425.52], ""type"": ""handwritten"", ""text"": """"}, {""bbox"": [193.62, 1621.61, 1245.11, 1767.85], ""type"": ""handwritten"", ""text"": """"}, {""bbox"": [92.19, 1411.47, 386.84, 1535.56], ""type"": ""handwritten"", ""text"": """"}, {""bbox"": [77.63, 968.81, 1488.23, 1097.31], ""type"": ""handwritten"", ""text"": """"}, {""bbox"": [84.91, 1210.37, 1478.57, 1340.4], ""type"": ""handwritten"", ""text"": """"}, {""bbox"": [83.3, 1059.98, 1491.61, 1207.99], ""type"": ""handwritten"", ""text"": """"}, {""bbox"": [955.6, 1507.44, 1482.26, 1662.23], ""type"": ""handwritten"", ""text"": """"}, {""bbox"": [74.06, 19.08, 1502.93, 156.17], ""type"": ""handwritten"", ""text"": """"}, {""bbox"": [83.59, 1131.31, 1484.54, 1295.84], ""type"": ""handwritten"", ""text"": """"}, {""bbox"": [99.14, 814.79, 1523.64, 961.05], ""type"": ""handwritten"", ""text"": """"}, {""bbox"": [140.03, 1744.6, 1513.91, 1836.11], ""type"": ""handwritten"", ""text"": """"}, {""bbox"": [81.41, 182.1, 1474.92, 336.71], ""type"": ""handwritten"", ""text"": """"}, {""bbox"": [82.43, 100.51, 1489.71, 239.99], ""type"": ""handwritten"", ""text"": """"}, {""bbox"": [104.45, 711.87, 1530.22, 863.15], ""type"": ""handwritten"", ""text"": """"}, {""bbox"": [126.72, 244.36, 1546.9, 394.46], ""type"": ""handwritten"", ""text"": """"}, {""bbox"": [637.17, 1407.55, 1410.5, 1568.96], ""type"": ""handwritten"", ""text"": """"}, {""bbox"": [105.05, 411.73, 1531.63, 583.96], ""type"": ""handwritten"", ""text"": """"}, {""bbox"": [105.83, 326.09, 1536.35, 491.58], ""type"": ""handwritten"", ""text"": """"}, {""bbox"": [104.55, 582.76, 1527.17, 748.9], ""type"": ""handwritten"", ""text"": """"}, {""bbox"": [89.38, 885.86, 1511.67, 1046.43], ""type"": ""handwritten"", ""text"": """"}, {""bbox"": [104.89, 479.2, 1535.52, 629.35], ""type"": ""handwritten"", ""text"": """"}, {""bbox"": [104.52, 638.34, 1526.64, 820.27], ""type"": ""handwritten"", ""text"": """"}]"
1d50d7b6-f5a7-4b32-86c7-65c7e965f800.jpg,"[{""bbox"": [23.54, 557.05, 1092.94, 642.93], ""type"": ""handwritten"", ""text"": """"}, {""bbox"": [8.22, 212.31, 1090.47, 309.93], ""type"": ""handwritten"", ""text"": """"}, {""bbox"": [33.22, 303.22, 1099.92, 399.11], ""type"": ""handwritten"", ""text"": """"}, {""bbox"": [14.75, 469.41, 1101.57, 570.36], ""type"": ""handwritten"", ""text"": """"}, {""bbox"": [24.06, 715.04, 1085.99, 803.07], ""type"": ""handwritten"", ""text"": """"}, {""bbox"": [31.38, 881.79, 959.88, 973.36], ""type"": ""handwritten"", ""text"": """"}, {""bbox"": [17.36, 1138.25, 1009.71, 1233.59], ""type"": ""handwritten"", ""text"": """"}, {""bbox"": [22.71, 634.12, 1097.33, 725.04], ""type"": ""handwritten"", ""text"": """"}, {""bbox"": [12.4, 112.62, 1102.71, 226.41], ""type"": ""handwritten"", ""text"": """"}, {""bbox"": [32.33, 959.62, 1082.66, 1068.58], ""type"": ""handwritten"", ""text"": """"}, {""bbox"": [19.49, 1222.04, 1084.86, 1296.86], ""type"": ""handwritten"", ""text"": """"}, {""bbox"": [21.19, 794.07, 1085.52, 891.59], ""type"": ""handwritten"", ""text"": """"}, {""bbox"": [14.23, 391.18, 1092.26, 482.42], ""type"": ""handwritten"", ""text"": """"}, {""bbox"": [26.82, 1058.72, 1080.01, 1150.96], ""type"": ""handwritten"", ""text"": """"}, {""bbox"": [2.19, 1552.6, 1076.43, 1656.94], ""type"": ""handwritten"", ""text"": """"}, {""bbox"": [8.65, 1481.91, 1077.58, 1586.12], ""type"": ""handwritten"", ""text"": """"}, {""bbox"": [33.28, 1666.04, 1079.35, 1769.29], ""type"": ""handwritten"", ""text"": """"}, {""bbox"": [14.68, 1292.32, 1083.28, 1389.06], ""type"": ""handwritten"", ""text"": """"}, {""bbox"": [6.55, 1359.91, 1076.55, 1450.91], ""type"": ""handwritten"", ""text"": """"}, {""bbox"": [7.38, 1421.79, 1074.89, 1511.28], ""type"": ""handwritten"", ""text"": """"}, {""bbox"": [45.03, 35.94, 429.91, 125.37], ""type"": ""handwritten"", ""text"": """"}, {""bbox"": [2.87, 1607.45, 692.98, 1677.27], ""type"": ""handwritten"", ""text"": """"}, {""bbox"": [14.39, 1283.43, 973.59, 1332.57], ""type"": ""handwritten"", ""text"": """"}]"
1d83146e-892d-41d2-a8bb-1aa67a4e1cd4.jpg,"[{""bbox"": [90.75, 1995.6, 1570.05, 2099.16], ""type"": ""handwritten"", ""text"": """"}, {""bbox"": [101.39, 2087.13, 1291.05, 2192.71], ""type"": ""handwritten"", ""text"": """"}, {""bbox"": [125.95, 1801.07, 1648.73, 1908.22], ""type"": ""handwritten"", ""text"": """"}, {""bbox"": [124.38, 1149.83, 320.12, 1234.73], ""type"": ""handwritten"", ""text"": """"}, {""bbox"": [107.74, 1650.79, 858.62, 1759.42], ""type"": ""handwritten"", ""text"": """"}, {""bbox"": [199.06, 1184.25, 1690.24, 1320.47], ""type"": ""handwritten"", ""text"": """"}, {""bbox"": [102.69, 1529.65, 1541.45, 1663.88], ""type"": ""handwritten"", ""text"": """"}, {""bbox"": [113.87, 1275.86, 1651.75, 1416.3], ""type"": ""handwritten"", ""text"": """"}, {""bbox"": [108.05, 755.93, 1537.67, 929.94], ""type"": ""handwritten"", ""text"": """"}, {""bbox"": [111.1, 1365.75, 1571.99, 1513.94], ""type"": ""handwritten"", ""text"": """"}, {""bbox"": [105.11, 1897.5, 1683.84, 2006.9], ""type"": ""handwritten"", ""text"": """"}, {""bbox"": [114.58, 1006.7, 1635.3, 1157.18], ""type"": ""handwritten"", ""text"": """"}, {""bbox"": [104.91, 830.02, 1631.65, 999.66], ""type"": ""handwritten"", ""text"": """"}, {""bbox"": [113.49, 927.87, 1629.07, 1084.41], ""type"": ""handwritten"", ""text"": """"}, {""bbox"": [104.94, 1442.83, 1562.09, 1592.92], ""type"": ""handwritten"", ""text"": """"}, {""bbox"": [177.7, 1715.68, 1648.53, 1821.81], ""type"": ""handwritten"", ""text"": """"}, {""bbox"": [164.12, 1719.46, 1677.84, 1898.88], ""type"": ""handwritten"", ""text"": """"}, {""bbox"": [13.85, 3732.11, 1187.45, 3873.88], ""type"": ""handwritten"", ""text"": """"}, {""bbox"": [151.86, 1778.22, 1661.72, 1860.35], ""type"": ""handwritten"", ""text"": """"}, {""bbox"": [273.07, 3749.68, 1709.42, 3845.87], ""type"": ""handwritten"", ""text"": """"}, {""bbox"": [104.32, 3830.44, 1625.69, 3933.69], ""type"": ""handwritten"", ""text"": """"}]"
1dd10944-9049-4ca8-9944-fb83e3d1daeb.jpg,"[{""bbox"": [504.89, 545.26, 2421.67, 756.87], ""type"": ""handwritten"", ""text"": """"}, {""bbox"": [588.16, 1521.21, 2453.45, 1696.09], ""type"": ""handwritten"", ""text"": """"}, {""bbox"": [520.54, 873.86, 2448.78, 1070.96], ""type"": ""handwritten"", ""text"": """"}, {""bbox"": [521.38, 1050.79, 2520.26, 1218.6], ""type"": ""handwritten"", ""text"": """"}, {""bbox"": [602.15, 1687.69, 2477.05, 1856.87], ""type"": ""handwritten"", ""text"": """"}, {""bbox"": [621.0, 1371.38, 2398.54, 1530.51], ""type"": ""handwritten"", ""text"": """"}, {""bbox"": [531.18, 1208.47, 2068.33, 1368.4], ""type"": ""handwritten"", ""text"": """"}, {""bbox"": [607.39, 1852.82, 2405.52, 2025.46], ""type"": ""handwritten"", ""text"": """"}, {""bbox"": [550.78, 3256.0, 2674.32, 3610.85], ""type"": ""handwritten"", ""text"": """"}, {""bbox"": [514.24, 720.31, 2469.88, 917.49], ""type"": ""handwritten"", ""text"": """"}, {""bbox"": [598.38, 2153.58, 2489.6, 2385.79], ""type"": ""handwritten"", ""text"": """"}, {""bbox"": [668.96, 2470.53, 2514.75, 2717.74], ""type"": ""handwritten"", ""text"": """"}, {""bbox"": [607.52, 1991.76, 2584.99, 2197.17], ""type"": ""handwritten"", ""text"": """"}, {""bbox"": [626.13, 2785.1, 2568.96, 3091.18], ""type"": ""handwritten"", ""text"": """"}, {""bbox"": [583.29, 3126.69, 2588.7, 3444.65], ""type"": ""handwritten"", ""text"": """"}, {""bbox"": [492.91, 282.95, 908.72, 378.28], ""type"": ""handwritten"", ""text"": """"}, {""bbox"": [604.01, 2314.04, 2502.68, 2548.93], ""type"": ""handwritten"", ""text"": """"}, {""bbox"": [601.09, 2928.66, 2554.16, 3307.04], ""type"": ""handwritten"", ""text"": """"}, {""bbox"": [2701.54, 2107.98, 3023.85, 2200.45], ""type"": ""handwritten"", ""text"": """"}, {""bbox"": [2696.1, 1953.94, 3023.97, 2048.48], ""type"": ""handwritten"", ""text"": """"}, {""bbox"": [635.63, 2630.61, 2451.98, 2908.2], ""type"": ""handwritten"", ""text"": """"}, {""bbox"": [2698.05, 2032.22, 3024.0, 2122.04], ""type"": ""handwritten"", ""text"": """"}, {""bbox"": [2685.9, 1794.72, 3024.0, 1892.9], ""type"": ""handwritten"", ""text"": """"}, {""bbox"": [1.62, 406.21, 339.18, 2248.83], ""type"": ""image"", ""text"": """"}, {""bbox"": [0.81, 2281.58, 350.73, 3606.38], ""type"": ""image"", ""text"": """"}, {""bbox"": [2709.44, 2183.73, 3024.0, 2280.14], ""type"": ""handwritten"", ""text"": """"}, {""bbox"": [626.9, 1854.71, 731.89, 1933.86], ""type"": ""handwritten"", ""text"": """"}, {""bbox"": [2714.88, 2257.3, 3023.78, 2355.03], ""type"": ""handwritten"", ""text"": """"}, {""bbox"": [2719.93, 2340.27, 3024.0, 2449.07], ""type"": ""handwritten"", ""text"": """"}, {""bbox"": [1667.31, 2966.49, 2208.83, 3190.06], ""type"": ""handwritten"", ""text"": """"}, {""bbox"": [2726.59, 663.05, 3024.0, 3377.01], ""type"": ""table"", ""text"": """"}, {""bbox"": [1934.49, 1.22, 2280.84, 245.61], ""type"": ""image"", ""text"": """"}, {""bbox"": [0.0, 39.18, 309.5, 1405.2], ""type"": ""image"", ""text"": """"}, {""bbox"": [566.52, 3488.39, 779.66, 3597.94], ""type"": ""handwritten"", ""text"": """"}, {""bbox"": [0.0, 749.01, 321.2, 1449.32], ""type"": ""image"", ""text"": """"}, {""bbox"": [2692.91, 1878.2, 3024.0, 1968.16], ""type"": ""handwritten"", ""text"": """"}, {""bbox"": [2270.39, 3430.62, 3024.0, 4032.0], ""type"": ""image"", ""text"": """"}, {""bbox"": [512.2, 736.94, 852.92, 845.1], ""type"": ""handwritten"", ""text"": """"}, {""bbox"": [2675.77, 1631.69, 3024.0, 1738.61], ""type"": ""handwritten"", ""text"": """"}, {""bbox"": [2745.28, 2835.49, 3024.0, 2928.63], ""type"": ""handwritten"", ""text"": """"}, {""bbox"": [598.43, 2357.78, 739.81, 2458.57], ""type"": ""handwritten"", ""text"": """"}, {""bbox"": [2634.57, 795.09, 3024.0, 892.06], ""type"": ""handwritten"", ""text"": """"}, {""bbox"": [2728.16, 2495.52, 3023.5, 2606.11], ""type"": ""handwritten"", ""text"": """"}, {""bbox"": [2647.15, 934.31, 3024.0, 1048.04], ""type"": ""handwritten"", ""text"": """"}, {""bbox"": [2652.14, 1180.07, 3024.0, 1286.17], ""type"": ""handwritten"", ""text"": """"}, {""bbox"": [2680.93, 1701.1, 3024.0, 1796.26], ""type"": ""handwritten"", ""text"": """"}, {""bbox"": [2601.61, 470.91, 3024.0, 590.49], ""type"": ""handwritten"", ""text"": """"}, {""bbox"": [2750.88, 2912.05, 3024.0, 3004.89], ""type"": ""handwritten"", ""text"": """"}, {""bbox"": [738.27, 0.0, 1386.69, 160.4], ""type"": ""image"", ""text"": """"}, {""bbox"": [2742.08, 2751.89, 3024.0, 2849.79], ""type"": ""handwritten"", ""text"": """"}, {""bbox"": [1669.53, 3110.22, 2562.45, 3364.39], ""type"": ""handwritten"", ""text"": """"}, {""bbox"": [2759.82, 2998.07, 3024.0, 3089.9], ""type"": ""handwritten"", ""text"": """"}]"
1deb4fbf-10bd-489e-b3f3-6b0597a67499.jpg,"[{""bbox"": [18.96, 1075.04, 1601.56, 1974.7], ""type"": ""table"", ""text"": """"}, {""bbox"": [21.68, 839.01, 1607.35, 994.68], ""type"": ""table"", ""text"": """"}, {""bbox"": [29.91, 290.28, 1641.74, 360.81], ""type"": ""handwritten"", ""text"": """"}, {""bbox"": [26.38, 181.46, 1626.54, 246.29], ""type"": ""handwritten"", ""text"": """"}, {""bbox"": [32.79, 651.14, 1325.68, 719.74], ""type"": ""handwritten"", ""text"": """"}, {""bbox"": [35.41, 233.04, 1009.58, 295.03], ""type"": ""handwritten"", ""text"": """"}, {""bbox"": [32.17, 343.11, 1092.27, 404.14], ""type"": ""handwritten"", ""text"": """"}, {""bbox"": [26.31, 71.53, 1632.66, 140.34], ""type"": ""handwritten"", ""text"": """"}, {""bbox"": [26.67, 124.3, 1633.53, 194.19], ""type"": ""handwritten"", ""text"": """"}, {""bbox"": [30.05, 451.51, 1626.5, 531.51], ""type"": ""handwritten"", ""text"": """"}, {""bbox"": [11.34, 7.0, 228.27, 72.65], ""type"": ""handwritten"", ""text"": """"}, {""bbox"": [30.17, 394.59, 1629.69, 480.28], ""type"": ""handwritten"", ""text"": """"}, {""bbox"": [22.34, 540.29, 1615.77, 615.1], ""type"": ""handwritten"", ""text"": """"}, {""bbox"": [18.39, 720.83, 256.17, 796.86], ""type"": ""handwritten"", ""text"": """"}, {""bbox"": [28.66, 603.07, 1611.06, 664.05], ""type"": ""handwritten"", ""text"": """"}, {""bbox"": [64.02, 996.29, 1559.61, 1083.58], ""type"": ""handwritten"", ""text"": """"}, {""bbox"": [41.44, 476.95, 250.63, 524.17], ""type"": ""handwritten"", ""text"": """"}, {""bbox"": [97.6, 1154.05, 241.07, 1218.49], ""type"": ""handwritten"", ""text"": """"}, {""bbox"": [413.24, 1428.17, 767.9, 1476.68], ""type"": ""handwritten"", ""text"": """"}, {""bbox"": [31.7, 1427.51, 331.91, 1474.67], ""type"": ""handwritten"", ""text"": """"}, {""bbox"": [418.71, 1281.29, 738.81, 1336.22], ""type"": ""handwritten"", ""text"": """"}, {""bbox"": [852.67, 1564.75, 1251.1, 1615.17], ""type"": ""handwritten"", ""text"": """"}, {""bbox"": [38.92, 1287.69, 302.75, 1327.52], ""type"": ""handwritten"", ""text"": """"}, {""bbox"": [414.1, 1377.68, 713.61, 1421.37], ""type"": ""handwritten"", ""text"": """"}, {""bbox"": [36.71, 1334.29, 301.77, 1380.43], ""type"": ""handwritten"", ""text"": """"}, {""bbox"": [854.01, 1434.38, 1189.21, 1476.08], ""type"": ""handwritten"", ""text"": """"}, {""bbox"": [852.94, 1272.25, 1190.32, 1316.6], ""type"": ""handwritten"", ""text"": """"}, {""bbox"": [21.27, 1667.43, 348.26, 1712.13], ""type"": ""handwritten"", ""text"": """"}, {""bbox"": [420.37, 1329.39, 741.18, 1377.32], ""type"": ""handwritten"", ""text"": """"}, {""bbox"": [902.87, 1114.5, 1009.22, 1167.37], ""type"": ""handwritten"", ""text"": """"}, {""bbox"": [20.22, 1835.3, 316.38, 1885.8], ""type"": ""handwritten"", ""text"": """"}, {""bbox"": [18.97, 1885.41, 338.62, 1937.3], ""type"": ""handwritten"", ""text"": """"}, {""bbox"": [1279.06, 1434.24, 1629.54, 1494.35], ""type"": ""handwritten"", ""text"": """"}, {""bbox"": [424.61, 1772.57, 773.68, 1825.17], ""type"": ""handwritten"", ""text"": """"}, {""bbox"": [412.66, 1473.9, 769.58, 1533.9], ""type"": ""handwritten"", ""text"": """"}, {""bbox"": [846.56, 1476.42, 1224.04, 1523.69], ""type"": ""handwritten"", ""text"": """"}, {""bbox"": [852.14, 1524.6, 1162.42, 1563.29], ""type"": ""handwritten"", ""text"": """"}, {""bbox"": [413.27, 1524.2, 762.39, 1590.18], ""type"": ""handwritten"", ""text"": """"}, {""bbox"": [435.42, 1171.24, 674.21, 1240.09], ""type"": ""handwritten"", ""text"": """"}, {""bbox"": [414.72, 1226.58, 735.22, 1291.76], ""type"": ""handwritten"", ""text"": """"}, {""bbox"": [34.95, 1379.3, 304.91, 1431.99], ""type"": ""handwritten"", ""text"": """"}, {""bbox"": [856.27, 1610.81, 1278.42, 1657.85], ""type"": ""handwritten"", ""text"": """"}, {""bbox"": [27.28, 1471.19, 333.34, 1517.77], ""type"": ""handwritten"", ""text"": """"}, {""bbox"": [415.82, 1575.78, 739.15, 1628.82], ""type"": ""handwritten"", ""text"": """"}, {""bbox"": [446.36, 1129.58, 595.72, 1173.12], ""type"": ""handwritten"", ""text"": """"}, {""bbox"": [1275.19, 1254.48, 1631.19, 1298.33], ""type"": ""handwritten"", ""text"": """"}, {""bbox"": [1341.09, 1809.14, 1637.26, 1866.15], ""type"": ""handwritten"", ""text"": """"}, {""bbox"": [846.04, 1165.05, 1117.79, 1218.68], ""type"": ""handwritten"", ""text"": """"}, {""bbox"": [26.79, 1711.31, 295.78, 1750.86], ""type"": ""handwritten"", ""text"": """"}, {""bbox"": [841.25, 1218.09, 1181.03, 1273.02], ""type"": ""handwritten"", ""text"": """"}, {""bbox"": [852.06, 1309.21, 1203.77, 1356.94], ""type"": ""handwritten"", ""text"": """"}, {""bbox"": [24.9, 1747.34, 340.37, 1794.5], ""type"": ""handwritten"", ""text"": """"}, {""bbox"": [425.97, 1721.12, 716.61, 1774.25], ""type"": ""handwritten"", ""text"": """"}, {""bbox"": [848.66, 1655.57, 1210.06, 1704.72], ""type"": ""handwritten"", ""text"": """"}, {""bbox"": [25.88, 1512.5, 324.18, 1561.8], ""type"": ""handwritten"", ""text"": """"}, {""bbox"": [849.43, 1696.42, 1287.67, 1744.82], ""type"": ""handwritten"", ""text"": """"}, {""bbox"": [1274.92, 1341.08, 1598.48, 1390.7], ""type"": ""handwritten"", ""text"": """"}, {""bbox"": [22.28, 1553.67, 353.17, 1598.21], ""type"": ""handwritten"", ""text"": """"}, {""bbox"": [1278.97, 1483.92, 1603.18, 1539.83], ""type"": ""handwritten"", ""text"": """"}, {""bbox"": [55.72, 1212.7, 288.55, 1266.21], ""type"": ""handwritten"", ""text"": """"}, {""bbox"": [23.55, 1591.75, 334.22, 1633.47], ""type"": ""handwritten"", ""text"": """"}, {""bbox"": [22.6, 1790.81, 323.38, 1839.82], ""type"": ""handwritten"", ""text"": """"}]"
1e6f8da7-84bf-516e-a4a7-d1cea06b6526.jpg,"[{""bbox"": [194.43, 1064.77, 1253.11, 1166.07], ""type"": ""handwritten"", ""text"": """"}, {""bbox"": [97.97, 1932.82, 1215.93, 2094.62], ""type"": ""handwritten"", ""text"": """"}, {""bbox"": [86.73, 1797.69, 1489.46, 1953.21], ""type"": ""handwritten"", ""text"": """"}, {""bbox"": [93.78, 932.21, 1442.29, 1068.11], ""type"": ""handwritten"", ""text"": """"}, {""bbox"": [106.76, 2055.76, 1450.98, 2226.96], ""type"": ""handwritten"", ""text"": """"}, {""bbox"": [90.23, 1194.94, 588.87, 1331.79], ""type"": ""handwritten"", ""text"": """"}, {""bbox"": [91.24, 1335.17, 599.17, 1439.58], ""type"": ""handwritten"", ""text"": """"}, {""bbox"": [90.98, 1575.96, 638.98, 1681.37], ""type"": ""handwritten"", ""text"": """"}, {""bbox"": [191.13, 804.89, 1680.11, 948.58], ""type"": ""handwritten"", ""text"": """"}, {""bbox"": [89.91, 62.19, 433.28, 137.44], ""type"": ""handwritten"", ""text"": """"}, {""bbox"": [107.89, 1447.83, 678.6, 1564.87], ""type"": ""handwritten"", ""text"": """"}, {""bbox"": [89.85, 495.27, 369.5, 587.79], ""type"": ""handwritten"", ""text"": """"}, {""bbox"": [106.0, 148.9, 424.88, 251.87], ""type"": ""handwritten"", ""text"": """"}, {""bbox"": [94.34, 268.65, 346.34, 349.2], ""type"": ""handwritten"", ""text"": """"}, {""bbox"": [167.51, 374.25, 651.15, 494.67], ""type"": ""handwritten"", ""text"": """"}, {""bbox"": [83.9, 610.16, 360.45, 708.16], ""type"": ""handwritten"", ""text"": """"}, {""bbox"": [136.6, 2219.21, 1317.23, 2370.95], ""type"": ""handwritten"", ""text"": """"}, {""bbox"": [99.31, 721.44, 407.73, 817.61], ""type"": ""handwritten"", ""text"": """"}, {""bbox"": [253.59, 1691.8, 1130.02, 1819.65], ""type"": ""handwritten"", ""text"": """"}, {""bbox"": [1278.89, 2041.26, 1546.89, 2152.95], ""type"": ""handwritten"", ""text"": """"}]"
1f0c78f3-41af-49bc-85fc-4640533cb6f8.jpg,"[{""bbox"": [243.67, 6321.0, 2175.03, 6557.82], ""type"": ""handwritten"", ""text"": """"}, {""bbox"": [304.8, 2658.72, 1598.89, 2895.67], ""type"": ""handwritten"", ""text"": """"}, {""bbox"": [244.15, 5161.54, 1080.81, 5353.54], ""type"": ""handwritten"", ""text"": """"}, {""bbox"": [281.72, 962.7, 1227.68, 1255.3], ""type"": ""formula"", ""text"": """"}, {""bbox"": [291.93, 2036.41, 1116.92, 2206.95], ""type"": ""formula"", ""text"": """"}, {""bbox"": [272.82, 3695.04, 2797.87, 3965.85], ""type"": ""formula"", ""text"": """"}, {""bbox"": [543.74, 3399.36, 1140.51, 3628.63], ""type"": ""handwritten"", ""text"": """"}, {""bbox"": [288.47, 3092.4, 1383.14, 3367.77], ""type"": ""formula"", ""text"": """"}, {""bbox"": [3340.9, 220.72, 4625.01, 701.89], ""type"": ""image"", ""text"": """"}, {""bbox"": [242.92, 5354.01, 1310.36, 5536.3], ""type"": ""handwritten"", ""text"": """"}, {""bbox"": [307.22, 2879.8, 1781.79, 3107.24], ""type"": ""handwritten"", ""text"": """"}, {""bbox"": [284.28, 392.14, 1697.2, 628.59], ""type"": ""handwritten"", ""text"": """"}, {""bbox"": [317.79, 2577.72, 748.73, 2708.93], ""type"": ""handwritten"", ""text"": """"}, {""bbox"": [242.61, 5955.58, 1020.71, 6125.53], ""type"": ""formula"", ""text"": """"}, {""bbox"": [288.49, 767.07, 2164.93, 950.55], ""type"": ""formula"", ""text"": """"}, {""bbox"": [268.26, 4369.72, 1436.48, 4521.98], ""type"": ""formula"", ""text"": """"}, {""bbox"": [301.41, 1301.81, 851.97, 1502.06], ""type"": ""handwritten"", ""text"": """"}, {""bbox"": [451.57, 5737.28, 1516.2, 5962.68], ""type"": ""handwritten"", ""text"": """"}, {""bbox"": [241.46, 4867.03, 1982.6, 5141.23], ""type"": ""formula"", ""text"": """"}, {""bbox"": [275.53, 572.52, 732.94, 727.58], ""type"": ""handwritten"", ""text"": """"}, {""bbox"": [297.71, 1876.28, 713.91, 2013.9], ""type"": ""handwritten"", ""text"": """"}, {""bbox"": [281.0, 214.07, 929.03, 351.18], ""type"": ""formula"", ""text"": """"}, {""bbox"": [266.5, 3655.83, 742.52, 3781.74], ""type"": ""handwritten"", ""text"": """"}, {""bbox"": [230.91, 5493.76, 2620.89, 5735.16], ""type"": ""formula"", ""text"": """"}, {""bbox"": [291.97, 1506.08, 1049.27, 1690.02], ""type"": ""handwritten"", ""text"": """"}, {""bbox"": [506.54, 4529.67, 1132.31, 4740.51], ""type"": ""handwritten"", ""text"": """"}, {""bbox"": [243.72, 6150.7, 790.62, 6301.68], ""type"": ""formula"", ""text"": """"}, {""bbox"": [291.56, 1691.04, 906.02, 1836.61], ""type"": ""formula"", ""text"": """"}, {""bbox"": [227.69, 5506.8, 1410.09, 5720.55], ""type"": ""formula"", ""text"": """"}, {""bbox"": [258.67, 4724.16, 1076.95, 4874.01], ""type"": ""formula"", ""text"": """"}, {""bbox"": [265.96, 4151.01, 688.76, 4334.66], ""type"": ""handwritten"", ""text"": """"}, {""bbox"": [305.6, 2423.69, 626.37, 2548.81], ""type"": ""handwritten"", ""text"": """"}, {""bbox"": [294.62, 2213.78, 918.72, 2395.29], ""type"": ""formula"", ""text"": """"}, {""bbox"": [327.47, 2.75, 606.3, 181.93], ""type"": ""handwritten"", ""text"": """"}, {""bbox"": [580.98, 4009.45, 710.19, 4125.69], ""type"": ""handwritten"", ""text"": """"}, {""bbox"": [267.58, 4009.78, 719.53, 4137.7], ""type"": ""handwritten"", ""text"": """"}, {""bbox"": [269.78, 3663.44, 409.78, 3781.99], ""type"": ""handwritten"", ""text"": """"}, {""bbox"": [1579.8, 5493.41, 2512.9, 5734.19], ""type"": ""formula"", ""text"": """"}, {""bbox"": [4127.38, 6397.34, 4206.08, 6544.54], ""type"": ""annotation"", ""text"": """"}, {""bbox"": [525.73, 29.35, 598.67, 163.67], ""type"": ""handwritten"", ""text"": """"}, {""bbox"": [262.31, 4759.88, 417.57, 4875.55], ""type"": ""handwritten"", ""text"": """"}, {""bbox"": [298.69, 3102.47, 446.7, 3230.05], ""type"": ""handwritten"", ""text"": """"}, {""bbox"": [3828.67, 240.2, 4137.41, 347.08], ""type"": ""handwritten"", ""text"": """"}]"
1f6e5a65-089f-4135-a20a-c72aaa4747eb.jpg,"[{""bbox"": [279.21, 652.02, 1490.15, 811.75], ""type"": ""handwritten"", ""text"": """"}, {""bbox"": [348.51, 309.39, 1680.77, 414.98], ""type"": ""handwritten"", ""text"": """"}, {""bbox"": [96.75, 554.02, 428.64, 663.01], ""type"": ""handwritten"", ""text"": """"}, {""bbox"": [346.88, 488.46, 1677.41, 601.51], ""type"": ""handwritten"", ""text"": """"}, {""bbox"": [581.43, 107.84, 838.28, 255.3], ""type"": ""handwritten"", ""text"": """"}, {""bbox"": [353.82, 397.85, 1680.86, 512.41], ""type"": ""handwritten"", ""text"": """"}, {""bbox"": [1552.97, 119.12, 1700.14, 295.8], ""type"": ""annotation"", ""text"": """"}, {""bbox"": [1120.14, 806.18, 1416.9, 1001.23], ""type"": ""handwritten"", ""text"": """"}, {""bbox"": [1355.06, 895.77, 1691.05, 1056.84], ""type"": ""handwritten"", ""text"": """"}, {""bbox"": [1115.7, 804.43, 1718.25, 1056.61], ""type"": ""handwritten"", ""text"": """"}]"
1f7e87e1-0fe9-47a8-be81-ee4d109e74a0.jpg,"[{""bbox"": [76.44, 49.86, 1106.68, 163.57], ""type"": ""handwritten"", ""text"": """"}, {""bbox"": [87.29, 383.56, 1095.74, 452.93], ""type"": ""handwritten"", ""text"": """"}, {""bbox"": [89.58, 782.79, 1082.88, 854.58], ""type"": ""handwritten"", ""text"": """"}, {""bbox"": [94.76, 846.2, 1092.76, 917.84], ""type"": ""handwritten"", ""text"": """"}, {""bbox"": [80.87, 672.71, 1082.4, 736.89], ""type"": ""handwritten"", ""text"": """"}, {""bbox"": [182.3, 552.3, 1027.8, 624.59], ""type"": ""handwritten"", ""text"": """"}, {""bbox"": [94.19, 206.75, 1108.17, 277.82], ""type"": ""handwritten"", ""text"": """"}, {""bbox"": [82.08, 618.41, 1081.63, 677.81], ""type"": ""handwritten"", ""text"": """"}, {""bbox"": [77.56, 909.18, 1027.52, 975.01], ""type"": ""handwritten"", ""text"": """"}, {""bbox"": [83.78, 324.21, 1007.44, 394.47], ""type"": ""handwritten"", ""text"": """"}, {""bbox"": [88.96, 442.92, 1008.75, 514.76], ""type"": ""handwritten"", ""text"": """"}, {""bbox"": [87.83, 268.8, 1098.07, 332.92], ""type"": ""handwritten"", ""text"": """"}, {""bbox"": [89.11, 142.89, 1112.04, 224.26], ""type"": ""handwritten"", ""text"": """"}, {""bbox"": [83.57, 731.52, 1003.22, 795.55], ""type"": ""handwritten"", ""text"": """"}, {""bbox"": [76.8, 969.6, 947.68, 1036.98], ""type"": ""handwritten"", ""text"": """"}, {""bbox"": [88.68, 505.09, 465.64, 563.82], ""type"": ""handwritten"", ""text"": """"}, {""bbox"": [34.06, 1031.86, 378.16, 1092.9], ""type"": ""handwritten"", ""text"": """"}]"
1f9d8b95-820b-4309-9307-8e8071c372aa.jpg,"[{""bbox"": [199.65, 3151.77, 2742.16, 3317.2], ""type"": ""handwritten"", ""text"": """"}, {""bbox"": [212.36, 763.78, 1997.47, 936.69], ""type"": ""handwritten"", ""text"": """"}, {""bbox"": [191.91, 3297.2, 2616.87, 3464.79], ""type"": ""handwritten"", ""text"": """"}, {""bbox"": [190.14, 2319.25, 2582.1, 2482.45], ""type"": ""handwritten"", ""text"": """"}, {""bbox"": [224.27, 1178.64, 2417.25, 1351.63], ""type"": ""handwritten"", ""text"": """"}, {""bbox"": [361.31, 491.84, 2387.86, 643.89], ""type"": ""handwritten"", ""text"": """"}, {""bbox"": [209.77, 2036.62, 2748.73, 2192.31], ""type"": ""handwritten"", ""text"": """"}, {""bbox"": [164.91, 3441.39, 2410.08, 3626.88], ""type"": ""handwritten"", ""text"": """"}, {""bbox"": [189.57, 3013.27, 2216.34, 3168.83], ""type"": ""handwritten"", ""text"": """"}, {""bbox"": [199.62, 2602.0, 2487.7, 2758.6], ""type"": ""handwritten"", ""text"": """"}, {""bbox"": [202.62, 1611.05, 2393.29, 1776.41], ""type"": ""handwritten"", ""text"": """"}, {""bbox"": [381.87, 901.97, 2455.94, 1058.25], ""type"": ""handwritten"", ""text"": """"}, {""bbox"": [195.73, 2461.85, 2608.4, 2623.22], ""type"": ""handwritten"", ""text"": """"}, {""bbox"": [193.06, 2173.06, 2327.02, 2338.84], ""type"": ""handwritten"", ""text"": """"}, {""bbox"": [194.33, 2741.75, 1836.68, 2887.3], ""type"": ""handwritten"", ""text"": """"}, {""bbox"": [221.61, 1478.48, 2441.53, 1629.43], ""type"": ""handwritten"", ""text"": """"}, {""bbox"": [226.84, 1331.59, 2497.54, 1497.6], ""type"": ""handwritten"", ""text"": """"}, {""bbox"": [220.13, 1891.5, 2690.53, 2055.84], ""type"": ""handwritten"", ""text"": """"}, {""bbox"": [208.57, 1046.04, 2323.83, 1205.99], ""type"": ""handwritten"", ""text"": """"}, {""bbox"": [1030.52, 343.67, 1813.12, 503.24], ""type"": ""handwritten"", ""text"": """"}, {""bbox"": [221.89, 629.05, 2089.77, 783.74], ""type"": ""handwritten"", ""text"": """"}, {""bbox"": [219.34, 1765.65, 2579.75, 1916.68], ""type"": ""handwritten"", ""text"": """"}, {""bbox"": [349.84, 2871.39, 2757.02, 3031.0], ""type"": ""handwritten"", ""text"": """"}, {""bbox"": [562.4, 3853.3, 936.08, 4054.0], ""type"": ""image"", ""text"": """"}]"
1fea3754-fb07-56c3-a574-82c82a7a3ff4.jpg,"[{""bbox"": [425.88, 848.21, 2315.67, 1177.93], ""type"": ""formula"", ""text"": """"}, {""bbox"": [444.61, 1191.0, 2370.28, 1484.43], ""type"": ""formula"", ""text"": """"}, {""bbox"": [339.27, 601.27, 2419.1, 925.59], ""type"": ""formula"", ""text"": """"}, {""bbox"": [0.13, 2598.5, 153.24, 2757.68], ""type"": ""formula"", ""text"": """"}, {""bbox"": [0.05, 2212.65, 164.88, 2378.88], ""type"": ""handwritten"", ""text"": """"}, {""bbox"": [0.0, 3000.71, 135.4, 3100.14], ""type"": ""handwritten"", ""text"": """"}, {""bbox"": [0.82, 2920.88, 110.2, 3007.02], ""type"": ""formula"", ""text"": """"}, {""bbox"": [0.0, 2051.46, 150.3, 2197.56], ""type"": ""handwritten"", ""text"": """"}, {""bbox"": [1554.38, 1372.93, 2264.29, 1508.85], ""type"": ""handwritten"", ""text"": """"}]"
202ff567-7604-4950-a149-97b0ba73f971.jpg,"[{""bbox"": [110.87, 282.49, 2377.26, 446.82], ""type"": ""handwritten"", ""text"": """"}, {""bbox"": [103.17, 2177.12, 2424.72, 2341.27], ""type"": ""handwritten"", ""text"": """"}, {""bbox"": [106.53, 965.06, 2391.23, 1111.03], ""type"": ""handwritten"", ""text"": """"}, {""bbox"": [111.99, 556.44, 2309.69, 707.01], ""type"": ""handwritten"", ""text"": """"}, {""bbox"": [112.24, 828.12, 2410.3, 981.67], ""type"": ""handwritten"", ""text"": """"}, {""bbox"": [248.14, 2728.58, 2441.31, 2910.5], ""type"": ""handwritten"", ""text"": """"}, {""bbox"": [105.07, 1092.3, 2403.64, 1252.28], ""type"": ""handwritten"", ""text"": """"}, {""bbox"": [210.75, 3614.61, 2408.24, 3820.63], ""type"": ""handwritten"", ""text"": """"}, {""bbox"": [301.65, 1889.75, 2332.02, 2056.17], ""type"": ""handwritten"", ""text"": """"}, {""bbox"": [106.73, 1238.51, 2399.59, 1385.46], ""type"": ""handwritten"", ""text"": """"}, {""bbox"": [298.82, 137.09, 2307.79, 308.76], ""type"": ""handwritten"", ""text"": """"}, {""bbox"": [106.54, 1504.0, 2404.44, 1657.07], ""type"": ""handwritten"", ""text"": """"}, {""bbox"": [58.74, 2893.08, 2422.53, 3052.17], ""type"": ""handwritten"", ""text"": """"}, {""bbox"": [62.78, 3036.73, 2264.05, 3190.93], ""type"": ""handwritten"", ""text"": """"}, {""bbox"": [77.49, 2458.98, 2320.66, 2634.32], ""type"": ""handwritten"", ""text"": """"}, {""bbox"": [520.92, 5.46, 1254.99, 172.22], ""type"": ""handwritten"", ""text"": """"}, {""bbox"": [40.57, 3326.47, 2370.02, 3481.41], ""type"": ""handwritten"", ""text"": """"}, {""bbox"": [294.23, 425.97, 2387.85, 576.94], ""type"": ""handwritten"", ""text"": """"}, {""bbox"": [100.54, 2043.09, 2411.22, 2199.49], ""type"": ""handwritten"", ""text"": """"}, {""bbox"": [83.26, 2611.25, 1387.35, 2764.08], ""type"": ""handwritten"", ""text"": """"}, {""bbox"": [105.92, 1372.07, 2297.38, 1522.99], ""type"": ""handwritten"", ""text"": """"}, {""bbox"": [115.3, 1635.68, 2403.53, 1796.36], ""type"": ""handwritten"", ""text"": """"}, {""bbox"": [39.89, 3171.95, 2335.89, 3344.96], ""type"": ""handwritten"", ""text"": """"}, {""bbox"": [113.34, 691.31, 2406.76, 849.39], ""type"": ""handwritten"", ""text"": """"}, {""bbox"": [127.28, 1776.68, 1100.25, 1917.29], ""type"": ""handwritten"", ""text"": """"}, {""bbox"": [80.93, 2325.05, 2405.35, 2484.03], ""type"": ""handwritten"", ""text"": """"}, {""bbox"": [38.7, 3454.92, 2432.31, 3642.41], ""type"": ""handwritten"", ""text"": """"}]"
20bfbef3-798c-4b69-ace9-dc8850e8dbc3.jpg,"[{""bbox"": [129.99, 23.14, 725.71, 100.01], ""type"": ""handwritten"", ""text"": """"}, {""bbox"": [130.28, 105.19, 749.78, 180.44], ""type"": ""formula"", ""text"": """"}, {""bbox"": [97.63, 1040.19, 567.06, 1103.25], ""type"": ""handwritten"", ""text"": """"}, {""bbox"": [90.43, 739.28, 666.29, 800.56], ""type"": ""handwritten"", ""text"": """"}, {""bbox"": [96.92, 1102.64, 717.69, 1157.17], ""type"": ""formula"", ""text"": """"}, {""bbox"": [119.95, 268.87, 1005.83, 345.92], ""type"": ""formula"", ""text"": """"}, {""bbox"": [92.93, 815.38, 811.8, 878.41], ""type"": ""formula"", ""text"": """"}, {""bbox"": [93.19, 663.63, 882.31, 737.49], ""type"": ""formula"", ""text"": """"}, {""bbox"": [105.78, 589.33, 680.41, 664.2], ""type"": ""handwritten"", ""text"": """"}, {""bbox"": [122.22, 184.55, 829.87, 267.53], ""type"": ""handwritten"", ""text"": """"}, {""bbox"": [99.35, 355.88, 975.26, 434.3], ""type"": ""handwritten"", ""text"": """"}, {""bbox"": [90.81, 952.19, 930.57, 1035.17], ""type"": ""formula"", ""text"": """"}, {""bbox"": [91.38, 435.37, 649.54, 514.69], ""type"": ""handwritten"", ""text"": """"}, {""bbox"": [86.41, 887.17, 669.38, 958.54], ""type"": ""handwritten"", ""text"": """"}, {""bbox"": [955.27, 378.51, 1426.64, 766.78], ""type"": ""annotation"", ""text"": """"}, {""bbox"": [100.37, 507.7, 903.17, 591.19], ""type"": ""formula"", ""text"": """"}, {""bbox"": [1355.5, 335.91, 1508.7, 447.3], ""type"": ""annotation"", ""text"": """"}, {""bbox"": [1154.65, 735.95, 1520.47, 1031.4], ""type"": ""annotation"", ""text"": """"}, {""bbox"": [1012.19, 947.78, 1131.77, 1063.83], ""type"": ""annotation"", ""text"": """"}, {""bbox"": [1075.53, 602.63, 1314.83, 777.46], ""type"": ""annotation"", ""text"": """"}, {""bbox"": [87.42, 398.83, 1632.82, 816.32], ""type"": ""formula"", ""text"": """"}, {""bbox"": [498.37, 486.65, 571.52, 518.25], ""type"": ""handwritten"", ""text"": """"}, {""bbox"": [1207.32, 550.94, 1291.23, 637.37], ""type"": ""annotation"", ""text"": """"}, {""bbox"": [958.26, 408.76, 1215.39, 687.96], ""type"": ""annotation"", ""text"": """"}]"
2167e4da-6505-5f5d-8520-d6ab360ff9d3.jpg,"[{""bbox"": [133.88, 512.2, 1480.67, 680.07], ""type"": ""handwritten"", ""text"": """"}, {""bbox"": [112.33, 2074.03, 1537.23, 2217.61], ""type"": ""handwritten"", ""text"": """"}, {""bbox"": [102.29, 1936.49, 1596.39, 2094.22], ""type"": ""handwritten"", ""text"": """"}, {""bbox"": [128.08, 771.4, 1327.35, 894.43], ""type"": ""handwritten"", ""text"": """"}, {""bbox"": [477.48, 1305.79, 1013.35, 1446.73], ""type"": ""handwritten"", ""text"": """"}, {""bbox"": [135.0, 882.72, 1396.47, 1009.59], ""type"": ""handwritten"", ""text"": """"}, {""bbox"": [126.78, 1432.03, 1495.94, 1548.88], ""type"": ""handwritten"", ""text"": """"}, {""bbox"": [107.58, 2198.38, 1262.82, 2363.76], ""type"": ""handwritten"", ""text"": """"}, {""bbox"": [123.41, 1667.95, 1725.77, 1789.35], ""type"": ""handwritten"", ""text"": """"}, {""bbox"": [110.34, 1773.53, 1058.77, 1922.17], ""type"": ""handwritten"", ""text"": """"}, {""bbox"": [125.8, 1095.03, 1635.66, 1224.74], ""type"": ""handwritten"", ""text"": """"}, {""bbox"": [125.61, 1539.71, 1577.8, 1684.31], ""type"": ""handwritten"", ""text"": """"}, {""bbox"": [130.63, 653.97, 1312.75, 788.71], ""type"": ""handwritten"", ""text"": """"}, {""bbox"": [131.44, 989.14, 1762.57, 1124.86], ""type"": ""handwritten"", ""text"": """"}, {""bbox"": [153.99, 1206.86, 481.86, 1318.14], ""type"": ""handwritten"", ""text"": """"}, {""bbox"": [683.76, 1527.02, 1324.81, 1597.07], ""type"": ""handwritten"", ""text"": """"}, {""bbox"": [6.35, 3.37, 327.28, 506.73], ""type"": ""image"", ""text"": """"}, {""bbox"": [0.0, 2895.1, 329.41, 3263.76], ""type"": ""image"", ""text"": """"}, {""bbox"": [0.01, 2879.91, 1646.4, 3264.0], ""type"": ""image"", ""text"": """"}]"
224b1921-dc40-427b-a87d-44816cc96bab.jpg,"[{""bbox"": [22.92, 655.03, 668.09, 721.3], ""type"": ""formula"", ""text"": """"}, {""bbox"": [26.06, 574.82, 280.4, 656.27], ""type"": ""formula"", ""text"": """"}, {""bbox"": [8.58, 792.58, 720.44, 861.86], ""type"": ""formula"", ""text"": """"}, {""bbox"": [5.46, 149.4, 291.75, 203.81], ""type"": ""formula"", ""text"": """"}, {""bbox"": [15.27, 392.38, 1611.06, 495.77], ""type"": ""handwritten"", ""text"": """"}, {""bbox"": [9.25, 97.23, 360.12, 155.11], ""type"": ""handwritten"", ""text"": """"}, {""bbox"": [11.63, 725.15, 564.45, 794.54], ""type"": ""formula"", ""text"": """"}, {""bbox"": [10.54, 257.65, 155.36, 294.74], ""type"": ""handwritten"", ""text"": """"}, {""bbox"": [5.7, 300.16, 162.58, 349.36], ""type"": ""formula"", ""text"": """"}, {""bbox"": [31.12, 509.01, 188.33, 552.98], ""type"": ""handwritten"", ""text"": """"}, {""bbox"": [15.52, 29.67, 94.61, 92.4], ""type"": ""handwritten"", ""text"": """"}, {""bbox"": [702.26, 473.24, 982.97, 719.7], ""type"": ""annotation"", ""text"": """"}, {""bbox"": [10.11, 363.21, 74.56, 428.39], ""type"": ""handwritten"", ""text"": """"}, {""bbox"": [248.36, 239.71, 495.39, 360.5], ""type"": ""annotation"", ""text"": """"}, {""bbox"": [593.73, 92.66, 768.92, 236.3], ""type"": ""annotation"", ""text"": """"}, {""bbox"": [706.33, 516.03, 812.17, 645.89], ""type"": ""annotation"", ""text"": """"}, {""bbox"": [421.22, 290.68, 494.15, 355.01], ""type"": ""annotation"", ""text"": """"}]"
2290b0a6-82f3-4443-b19b-68f7fc82f8ae.jpg,"[{""bbox"": [611.29, 1417.15, 2607.83, 1552.27], ""type"": ""handwritten"", ""text"": """"}, {""bbox"": [622.61, 1028.05, 2955.08, 1185.88], ""type"": ""handwritten"", ""text"": """"}, {""bbox"": [555.95, 501.98, 836.42, 777.23], ""type"": ""image"", ""text"": """"}, {""bbox"": [847.29, 924.06, 2635.55, 1060.49], ""type"": ""handwritten"", ""text"": """"}, {""bbox"": [637.17, 3085.52, 2729.21, 3219.45], ""type"": ""handwritten"", ""text"": """"}, {""bbox"": [632.44, 2888.24, 2727.35, 3025.88], ""type"": ""handwritten"", ""text"": """"}, {""bbox"": [794.83, 1224.39, 2722.04, 1352.5], ""type"": ""handwritten"", ""text"": """"}, {""bbox"": [591.38, 1628.37, 2809.56, 1750.77], ""type"": ""handwritten"", ""text"": """"}, {""bbox"": [1471.42, 811.94, 2079.78, 951.52], ""type"": ""handwritten"", ""text"": """"}, {""bbox"": [781.78, 1731.01, 2689.66, 1848.18], ""type"": ""handwritten"", ""text"": """"}, {""bbox"": [655.66, 2020.87, 2727.52, 2151.53], ""type"": ""handwritten"", ""text"": """"}, {""bbox"": [836.21, 2195.03, 2770.99, 2331.98], ""type"": ""handwritten"", ""text"": """"}, {""bbox"": [665.35, 3296.6, 1720.96, 3419.34], ""type"": ""handwritten"", ""text"": """"}, {""bbox"": [629.64, 1817.52, 2711.75, 1943.56], ""type"": ""handwritten"", ""text"": """"}, {""bbox"": [911.77, 2792.53, 2705.04, 2921.07], ""type"": ""handwritten"", ""text"": """"}, {""bbox"": [625.18, 2305.03, 2878.38, 2455.55], ""type"": ""handwritten"", ""text"": """"}, {""bbox"": [665.81, 1914.03, 2788.68, 2044.85], ""type"": ""handwritten"", ""text"": """"}, {""bbox"": [843.6, 2496.87, 2790.56, 2628.61], ""type"": ""handwritten"", ""text"": """"}, {""bbox"": [593.86, 1529.36, 2789.74, 1657.13], ""type"": ""handwritten"", ""text"": """"}, {""bbox"": [645.15, 2993.14, 2687.79, 3120.47], ""type"": ""handwritten"", ""text"": """"}, {""bbox"": [644.02, 2719.76, 1871.18, 2841.57], ""type"": ""handwritten"", ""text"": """"}, {""bbox"": [940.05, 3366.85, 2872.83, 3499.14], ""type"": ""handwritten"", ""text"": """"}, {""bbox"": [661.35, 3682.74, 2067.92, 3858.52], ""type"": ""handwritten"", ""text"": """"}, {""bbox"": [633.7, 2602.64, 2712.18, 2733.94], ""type"": ""handwritten"", ""text"": """"}, {""bbox"": [667.44, 3188.24, 2580.82, 3314.79], ""type"": ""handwritten"", ""text"": """"}, {""bbox"": [635.08, 2133.18, 1592.58, 2237.49], ""type"": ""handwritten"", ""text"": """"}, {""bbox"": [625.04, 2427.14, 1210.68, 2536.62], ""type"": ""handwritten"", ""text"": """"}, {""bbox"": [599.57, 1135.53, 1231.97, 1255.02], ""type"": ""handwritten"", ""text"": """"}, {""bbox"": [647.22, 3468.32, 2866.66, 3602.54], ""type"": ""handwritten"", ""text"": """"}, {""bbox"": [672.72, 3566.48, 2880.18, 3702.79], ""type"": ""handwritten"", ""text"": """"}, {""bbox"": [843.94, 1330.3, 2572.77, 1448.36], ""type"": ""handwritten"", ""text"": """"}, {""bbox"": [877.41, 561.48, 1499.67, 653.77], ""type"": ""printed"", ""text"": """"}, {""bbox"": [554.29, 498.11, 1651.14, 783.55], ""type"": ""image"", ""text"": """"}, {""bbox"": [877.15, 647.94, 1641.09, 743.42], ""type"": ""printed"", ""text"": """"}, {""bbox"": [619.24, 1975.66, 2799.56, 2060.34], ""type"": ""handwritten"", ""text"": """"}, {""bbox"": [796.1, 1235.37, 1441.97, 1343.86], ""type"": ""handwritten"", ""text"": """"}, {""bbox"": [853.39, 920.09, 1459.92, 1062.95], ""type"": ""handwritten"", ""text"": """"}, {""bbox"": [587.72, 1320.25, 2680.04, 1525.29], ""type"": ""handwritten"", ""text"": """"}]"
22cd3c93-0e4f-47f3-9607-2ea577f8f78c.jpg,"[{""bbox"": [48.37, 1657.24, 1239.35, 1789.62], ""type"": ""formula"", ""text"": """"}, {""bbox"": [42.88, 1894.12, 1967.51, 2021.33], ""type"": ""handwritten"", ""text"": """"}, {""bbox"": [44.62, 936.07, 1328.85, 1061.35], ""type"": ""handwritten"", ""text"": """"}, {""bbox"": [66.96, 1529.34, 1197.68, 1675.44], ""type"": ""formula"", ""text"": """"}, {""bbox"": [76.55, 2572.29, 560.17, 2696.97], ""type"": ""formula"", ""text"": """"}, {""bbox"": [54.52, 2470.55, 481.19, 2579.62], ""type"": ""formula"", ""text"": """"}, {""bbox"": [48.93, 2365.27, 971.76, 2478.62], ""type"": ""formula"", ""text"": """"}, {""bbox"": [39.41, 573.91, 1266.51, 789.8], ""type"": ""formula"", ""text"": """"}, {""bbox"": [51.03, 2044.48, 440.55, 2179.96], ""type"": ""formula"", ""text"": """"}, {""bbox"": [52.51, 2170.17, 993.72, 2275.78], ""type"": ""formula"", ""text"": """"}, {""bbox"": [46.2, 2266.23, 1062.64, 2375.5], ""type"": ""formula"", ""text"": """"}, {""bbox"": [44.74, 1790.93, 423.44, 1885.27], ""type"": ""handwritten"", ""text"": """"}, {""bbox"": [37.13, 775.91, 1155.85, 964.63], ""type"": ""formula"", ""text"": """"}, {""bbox"": [55.69, 1205.64, 1013.59, 1285.53], ""type"": ""formula"", ""text"": """"}, {""bbox"": [57.05, 1984.18, 651.07, 2040.96], ""type"": ""handwritten"", ""text"": """"}, {""bbox"": [54.52, 2676.02, 781.31, 2773.94], ""type"": ""handwritten"", ""text"": """"}, {""bbox"": [13.18, 233.07, 1449.27, 465.93], ""type"": ""formula"", ""text"": """"}, {""bbox"": [81.01, 1442.07, 910.51, 1573.65], ""type"": ""formula"", ""text"": """"}, {""bbox"": [90.34, 0.05, 1207.26, 87.69], ""type"": ""handwritten"", ""text"": """"}, {""bbox"": [47.37, 1089.79, 462.35, 1221.94], ""type"": ""formula"", ""text"": """"}, {""bbox"": [43.33, 1278.29, 1242.57, 1354.77], ""type"": ""handwritten"", ""text"": """"}, {""bbox"": [54.31, 1389.48, 853.11, 1445.23], ""type"": ""formula"", ""text"": """"}, {""bbox"": [45.59, 1870.54, 371.44, 1934.61], ""type"": ""handwritten"", ""text"": """"}, {""bbox"": [46.18, 1039.98, 355.86, 1106.09], ""type"": ""formula"", ""text"": """"}, {""bbox"": [50.04, 697.0, 206.46, 785.38], ""type"": ""formula"", ""text"": """"}, {""bbox"": [27.56, 426.26, 644.38, 542.59], ""type"": ""formula"", ""text"": """"}, {""bbox"": [13.84, 269.89, 1453.68, 404.15], ""type"": ""formula"", ""text"": """"}, {""bbox"": [15.52, 327.37, 893.82, 509.69], ""type"": ""formula"", ""text"": """"}, {""bbox"": [46.6, 1339.28, 863.23, 1392.41], ""type"": ""handwritten"", ""text"": """"}, {""bbox"": [27.84, 97.97, 1017.34, 229.25], ""type"": ""handwritten"", ""text"": """"}, {""bbox"": [21.7, 128.61, 362.2, 296.35], ""type"": ""formula"", ""text"": """"}, {""bbox"": [21.68, 132.34, 323.91, 222.28], ""type"": ""formula"", ""text"": """"}, {""bbox"": [159.34, 2111.19, 438.54, 2184.62], ""type"": ""formula"", ""text"": """"}, {""bbox"": [31.43, 493.73, 456.13, 594.58], ""type"": ""handwritten"", ""text"": """"}, {""bbox"": [57.31, 20.62, 782.36, 140.77], ""type"": ""handwritten"", ""text"": """"}, {""bbox"": [51.35, 2052.33, 113.49, 2106.3], ""type"": ""handwritten"", ""text"": """"}, {""bbox"": [36.34, 27.09, 1206.46, 159.78], ""type"": ""handwritten"", ""text"": """"}]"
23a5880a-b005-4c52-bbde-7188f01e46fb.jpg,"[{""bbox"": [48.81, 1074.27, 1252.31, 1178.15], ""type"": ""handwritten"", ""text"": """"}, {""bbox"": [49.88, 930.4, 1651.4, 1093.23], ""type"": ""handwritten"", ""text"": """"}, {""bbox"": [57.46, 2195.58, 1523.29, 2320.31], ""type"": ""handwritten"", ""text"": """"}, {""bbox"": [45.91, 6.99, 623.21, 76.58], ""type"": ""handwritten"", ""text"": """"}, {""bbox"": [56.72, 2062.92, 1087.92, 2177.2], ""type"": ""handwritten"", ""text"": """"}, {""bbox"": [51.62, 605.6, 1609.88, 810.57], ""type"": ""handwritten"", ""text"": """"}, {""bbox"": [58.29, 136.72, 1646.52, 279.01], ""type"": ""handwritten"", ""text"": """"}, {""bbox"": [61.34, 321.75, 555.86, 385.64], ""type"": ""handwritten"", ""text"": """"}, {""bbox"": [53.49, 253.02, 1652.49, 416.59], ""type"": ""handwritten"", ""text"": """"}, {""bbox"": [51.49, 796.14, 1529.77, 973.06], ""type"": ""handwritten"", ""text"": """"}, {""bbox"": [43.25, 1551.55, 1190.98, 1687.07], ""type"": ""handwritten"", ""text"": """"}, {""bbox"": [57.29, 1005.64, 363.08, 1075.78], ""type"": ""handwritten"", ""text"": """"}, {""bbox"": [51.51, 1429.72, 536.23, 1500.12], ""type"": ""handwritten"", ""text"": """"}, {""bbox"": [44.16, 1678.2, 682.52, 1764.48], ""type"": ""handwritten"", ""text"": """"}, {""bbox"": [49.02, 1999.69, 442.47, 2068.42], ""type"": ""handwritten"", ""text"": """"}, {""bbox"": [48.97, 1933.54, 348.98, 2002.57], ""type"": ""handwritten"", ""text"": """"}, {""bbox"": [50.72, 1299.1, 1320.97, 1452.56], ""type"": ""handwritten"", ""text"": """"}, {""bbox"": [54.99, 1614.78, 287.32, 1678.2], ""type"": ""handwritten"", ""text"": """"}, {""bbox"": [45.37, 1370.28, 1539.45, 1554.55], ""type"": ""handwritten"", ""text"": """"}, {""bbox"": [43.45, 1484.76, 1566.1, 1635.18], ""type"": ""handwritten"", ""text"": """"}, {""bbox"": [60.73, 75.31, 1543.11, 200.04], ""type"": ""handwritten"", ""text"": """"}, {""bbox"": [52.47, 364.74, 1654.27, 557.87], ""type"": ""handwritten"", ""text"": """"}, {""bbox"": [47.59, 1879.75, 1598.32, 2029.79], ""type"": ""handwritten"", ""text"": """"}, {""bbox"": [62.41, 883.65, 319.68, 942.46], ""type"": ""handwritten"", ""text"": """"}, {""bbox"": [60.75, 2122.04, 691.36, 2213.51], ""type"": ""handwritten"", ""text"": """"}, {""bbox"": [47.72, 493.04, 1646.49, 708.12], ""type"": ""handwritten"", ""text"": """"}, {""bbox"": [51.71, 1814.36, 1096.18, 1995.0], ""type"": ""handwritten"", ""text"": """"}, {""bbox"": [50.32, 1742.76, 1117.11, 1883.63], ""type"": ""handwritten"", ""text"": """"}, {""bbox"": [57.64, 196.09, 984.15, 323.85], ""type"": ""handwritten"", ""text"": """"}, {""bbox"": [51.26, 1165.44, 237.76, 1229.97], ""type"": ""handwritten"", ""text"": """"}, {""bbox"": [48.46, 687.43, 1562.75, 887.49], ""type"": ""handwritten"", ""text"": """"}, {""bbox"": [51.05, 1240.2, 945.59, 1328.52], ""type"": ""handwritten"", ""text"": """"}, {""bbox"": [58.28, 436.09, 751.94, 547.35], ""type"": ""handwritten"", ""text"": """"}, {""bbox"": [55.14, 568.13, 738.55, 684.69], ""type"": ""handwritten"", ""text"": """"}, {""bbox"": [51.38, 835.22, 1610.48, 1074.17], ""type"": ""handwritten"", ""text"": """"}, {""bbox"": [57.45, 696.94, 784.45, 825.36], ""type"": ""handwritten"", ""text"": """"}, {""bbox"": [56.17, 2280.04, 1507.03, 2339.0], ""type"": ""handwritten"", ""text"": """"}, {""bbox"": [55.87, 627.34, 773.39, 787.13], ""type"": ""handwritten"", ""text"": """"}, {""bbox"": [60.13, 2110.16, 881.81, 2281.06], ""type"": ""handwritten"", ""text"": """"}]"
23a8e4cb-50b6-47ed-b754-4bb18e8cda29.jpg,"[{""bbox"": [41.8, 480.42, 1584.72, 911.36], ""type"": ""table"", ""text"": """"}, {""bbox"": [839.2, 1268.76, 1411.64, 1339.69], ""type"": ""handwritten"", ""text"": """"}, {""bbox"": [47.33, 64.6, 1599.74, 432.56], ""type"": ""table"", ""text"": """"}, {""bbox"": [31.01, 1250.72, 600.26, 1340.63], ""type"": ""handwritten"", ""text"": """"}, {""bbox"": [35.96, 1838.91, 1484.4, 1951.68], ""type"": ""handwritten"", ""text"": """"}, {""bbox"": [36.07, 1779.28, 1486.81, 1865.15], ""type"": ""handwritten"", ""text"": """"}, {""bbox"": [17.68, 1533.07, 796.77, 1629.46], ""type"": ""formula"", ""text"": """"}, {""bbox"": [16.13, 1391.1, 744.47, 1473.48], ""type"": ""formula"", ""text"": """"}, {""bbox"": [31.43, 1709.05, 1604.81, 1797.53], ""type"": ""handwritten"", ""text"": """"}, {""bbox"": [18.47, 1461.6, 746.43, 1541.81], ""type"": ""formula"", ""text"": """"}, {""bbox"": [862.54, 1504.45, 1648.55, 1584.2], ""type"": ""formula"", ""text"": """"}, {""bbox"": [849.25, 1378.43, 1589.67, 1453.76], ""type"": ""formula"", ""text"": """"}, {""bbox"": [24.26, 905.84, 752.49, 974.08], ""type"": ""handwritten"", ""text"": """"}, {""bbox"": [48.81, 1947.95, 285.8, 2014.58], ""type"": ""handwritten"", ""text"": """"}, {""bbox"": [847.85, 1317.44, 1593.34, 1391.31], ""type"": ""handwritten"", ""text"": """"}, {""bbox"": [12.79, 1327.51, 714.41, 1397.4], ""type"": ""handwritten"", ""text"": """"}, {""bbox"": [1040.97, 1989.88, 1310.09, 2053.76], ""type"": ""annotation"", ""text"": """"}, {""bbox"": [862.93, 1442.42, 1596.74, 1516.31], ""type"": ""formula"", ""text"": """"}, {""bbox"": [46.17, 6.46, 331.39, 91.84], ""type"": ""handwritten"", ""text"": """"}, {""bbox"": [19.96, 1041.74, 868.29, 1144.42], ""type"": ""handwritten"", ""text"": """"}, {""bbox"": [841.02, 1575.38, 1624.45, 1665.58], ""type"": ""formula"", ""text"": """"}, {""bbox"": [14.91, 1147.35, 1138.77, 1274.83], ""type"": ""formula"", ""text"": """"}, {""bbox"": [38.84, 90.97, 1571.72, 813.48], ""type"": ""table"", ""text"": """"}, {""bbox"": [18.12, 963.0, 942.83, 1060.81], ""type"": ""formula"", ""text"": """"}, {""bbox"": [1210.06, 1662.59, 1472.16, 1717.95], ""type"": ""handwritten"", ""text"": """"}]"
24127c01-a407-45e6-af73-02562354378c.jpg,"[{""bbox"": [212.27, 113.52, 1477.6, 196.21], ""type"": ""handwritten"", ""text"": """"}, {""bbox"": [73.92, 337.68, 1369.24, 413.97], ""type"": ""handwritten"", ""text"": """"}, {""bbox"": [75.84, 409.17, 1391.14, 490.77], ""type"": ""handwritten"", ""text"": """"}, {""bbox"": [95.26, 712.05, 1486.74, 792.37], ""type"": ""handwritten"", ""text"": """"}, {""bbox"": [86.19, 1076.79, 1471.23, 1163.85], ""type"": ""handwritten"", ""text"": """"}, {""bbox"": [88.75, 627.87, 1479.61, 718.61], ""type"": ""handwritten"", ""text"": """"}, {""bbox"": [79.67, 192.42, 1188.2, 274.38], ""type"": ""handwritten"", ""text"": """"}, {""bbox"": [89.97, 861.9, 1369.24, 939.13], ""type"": ""handwritten"", ""text"": """"}, {""bbox"": [86.84, 557.09, 1455.22, 632.7], ""type"": ""handwritten"", ""text"": """"}, {""bbox"": [82.2, 486.89, 1419.72, 565.38], ""type"": ""handwritten"", ""text"": """"}, {""bbox"": [85.17, 1229.61, 1480.33, 1312.56], ""type"": ""handwritten"", ""text"": """"}, {""bbox"": [177.35, 1372.15, 1444.86, 1452.66], ""type"": ""handwritten"", ""text"": """"}, {""bbox"": [86.26, 1154.51, 1416.83, 1236.45], ""type"": ""handwritten"", ""text"": """"}, {""bbox"": [84.09, 1450.4, 1459.83, 1530.13], ""type"": ""handwritten"", ""text"": """"}, {""bbox"": [174.4, 269.21, 1419.49, 344.65], ""type"": ""handwritten"", ""text"": """"}, {""bbox"": [190.89, 1741.55, 1439.01, 1818.41], ""type"": ""handwritten"", ""text"": """"}, {""bbox"": [92.03, 1300.95, 864.72, 1373.48], ""type"": ""handwritten"", ""text"": """"}, {""bbox"": [71.67, 1813.27, 1413.39, 1891.23], ""type"": ""handwritten"", ""text"": """"}, {""bbox"": [555.26, 31.6, 1005.52, 116.27], ""type"": ""handwritten"", ""text"": """"}, {""bbox"": [67.62, 1523.4, 1349.33, 1600.45], ""type"": ""handwritten"", ""text"": """"}, {""bbox"": [92.7, 793.0, 1389.11, 868.41], ""type"": ""handwritten"", ""text"": """"}, {""bbox"": [65.67, 1965.98, 1374.39, 2055.19], ""type"": ""handwritten"", ""text"": """"}, {""bbox"": [69.39, 1589.66, 1496.4, 1676.54], ""type"": ""handwritten"", ""text"": """"}, {""bbox"": [196.7, 1003.85, 1406.91, 1087.7], ""type"": ""handwritten"", ""text"": """"}, {""bbox"": [94.9, 931.46, 345.42, 991.66], ""type"": ""handwritten"", ""text"": """"}, {""bbox"": [68.92, 1887.88, 1398.25, 1969.96], ""type"": ""handwritten"", ""text"": """"}, {""bbox"": [39.79, 2046.25, 662.91, 2136.8], ""type"": ""handwritten"", ""text"": """"}, {""bbox"": [69.02, 1670.53, 1264.84, 1746.5], ""type"": ""handwritten"", ""text"": """"}]"
24f70abb-c16d-4368-ab50-8892d269512e.jpg,"[{""bbox"": [20.25, 150.4, 479.9, 222.14], ""type"": ""handwritten"", ""text"": """"}, {""bbox"": [4.3, 223.94, 1492.84, 307.54], ""type"": ""handwritten"", ""text"": """"}, {""bbox"": [12.23, 305.81, 514.66, 370.15], ""type"": ""handwritten"", ""text"": """"}, {""bbox"": [4.43, 0.22, 1531.51, 86.03], ""type"": ""handwritten"", ""text"": """"}, {""bbox"": [473.66, 284.44, 918.2, 698.9], ""type"": ""annotation"", ""text"": """"}, {""bbox"": [3.34, 59.38, 1487.78, 153.64], ""type"": ""handwritten"", ""text"": """"}, {""bbox"": [10.27, 222.78, 609.93, 304.81], ""type"": ""handwritten"", ""text"": """"}, {""bbox"": [479.89, 474.78, 555.33, 567.2], ""type"": ""annotation"", ""text"": """"}, {""bbox"": [477.86, 369.47, 736.5, 701.64], ""type"": ""annotation"", ""text"": """"}]"
24f7d274-b6ce-4495-939f-9528a1fe42f4.jpg,"[{""bbox"": [266.08, 1657.16, 1277.5, 1780.41], ""type"": ""formula"", ""text"": """"}, {""bbox"": [293.85, 1271.51, 1046.22, 1437.8], ""type"": ""formula"", ""text"": """"}, {""bbox"": [225.7, 323.57, 689.86, 548.71], ""type"": ""formula"", ""text"": """"}, {""bbox"": [261.85, 1185.32, 532.33, 1251.24], ""type"": ""formula"", ""text"": """"}, {""bbox"": [308.48, 1472.75, 1025.78, 1568.14], ""type"": ""formula"", ""text"": """"}, {""bbox"": [190.36, 809.12, 1026.57, 960.26], ""type"": ""formula"", ""text"": """"}, {""bbox"": [196.52, 1873.32, 1897.33, 2024.48], ""type"": ""formula"", ""text"": """"}, {""bbox"": [124.35, 2219.22, 790.62, 2299.28], ""type"": ""formula"", ""text"": """"}, {""bbox"": [459.5, 568.12, 1338.83, 654.14], ""type"": ""formula"", ""text"": """"}, {""bbox"": [211.84, 175.69, 313.4, 229.26], ""type"": ""annotation"", ""text"": """"}, {""bbox"": [60.47, 2044.94, 1789.82, 2156.49], ""type"": ""handwritten"", ""text"": """"}, {""bbox"": [1067.33, 105.33, 1920.82, 421.41], ""type"": ""table"", ""text"": """"}, {""bbox"": [200.84, 573.48, 1343.73, 753.34], ""type"": ""formula"", ""text"": """"}, {""bbox"": [133.04, 1097.78, 227.84, 1151.6], ""type"": ""annotation"", ""text"": """"}, {""bbox"": [94.93, 1922.93, 189.42, 1984.37], ""type"": ""handwritten"", ""text"": """"}, {""bbox"": [1052.12, 1913.1, 1911.64, 2013.84], ""type"": ""handwritten"", ""text"": """"}, {""bbox"": [219.93, 1873.36, 942.38, 2020.3], ""type"": ""formula"", ""text"": """"}, {""bbox"": [467.05, 470.08, 614.31, 575.93], ""type"": ""handwritten"", ""text"": """"}, {""bbox"": [206.97, 654.31, 1025.15, 755.36], ""type"": ""formula"", ""text"": """"}]"
251ddee6-e8e2-58a3-91c2-eb4970a2648d.jpg,"[{""bbox"": [383.52, 2900.47, 1054.2, 3417.78], ""type"": ""graph"", ""text"": """"}, {""bbox"": [1107.52, 3014.02, 2511.95, 3250.91], ""type"": ""formula"", ""text"": """"}, {""bbox"": [396.44, 2756.0, 1286.79, 2923.59], ""type"": ""handwritten"", ""text"": """"}, {""bbox"": [448.01, 2261.3, 2644.83, 2471.77], ""type"": ""handwritten"", ""text"": """"}, {""bbox"": [350.28, 2590.7, 1271.07, 2767.7], ""type"": ""handwritten"", ""text"": """"}, {""bbox"": [0.49, 1182.06, 1091.12, 1352.41], ""type"": ""handwritten"", ""text"": """"}, {""bbox"": [76.75, 1029.31, 1155.69, 1185.92], ""type"": ""handwritten"", ""text"": """"}, {""bbox"": [1175.03, 1707.04, 2704.54, 1882.57], ""type"": ""formula"", ""text"": """"}, {""bbox"": [1191.1, 1424.96, 2700.79, 1713.19], ""type"": ""formula"", ""text"": """"}, {""bbox"": [443.01, 3383.94, 2806.22, 3536.29], ""type"": ""formula"", ""text"": """"}, {""bbox"": [419.8, 2474.72, 1038.99, 2601.66], ""type"": ""formula"", ""text"": """"}, {""bbox"": [386.84, 835.23, 2432.08, 1046.2], ""type"": ""formula"", ""text"": """"}, {""bbox"": [1012.32, 731.41, 1339.93, 875.38], ""type"": ""handwritten"", ""text"": """"}, {""bbox"": [417.83, 1909.06, 1283.51, 2091.58], ""type"": ""handwritten"", ""text"": """"}, {""bbox"": [982.99, 2843.84, 2290.73, 3027.01], ""type"": ""handwritten"", ""text"": """"}, {""bbox"": [332.21, 1341.13, 1130.98, 1819.25], ""type"": ""graph"", ""text"": """"}, {""bbox"": [601.93, 3589.06, 1322.66, 3685.86], ""type"": ""handwritten"", ""text"": """"}, {""bbox"": [0.1, 3323.67, 253.99, 3471.21], ""type"": ""formula"", ""text"": """"}, {""bbox"": [1102.15, 1297.66, 1531.14, 1421.32], ""type"": ""handwritten"", ""text"": """"}, {""bbox"": [1263.96, 2157.08, 1552.47, 2274.41], ""type"": ""handwritten"", ""text"": """"}, {""bbox"": [291.54, 1391.8, 2722.25, 1916.29], ""type"": ""formula"", ""text"": """"}, {""bbox"": [1089.3, 3243.93, 2575.88, 3384.39], ""type"": ""formula"", ""text"": """"}, {""bbox"": [0.0, 1329.45, 248.08, 1462.34], ""type"": ""formula"", ""text"": """"}, {""bbox"": [0.0, 1316.57, 356.01, 1544.29], ""type"": ""formula"", ""text"": """"}, {""bbox"": [0.0, 1046.15, 347.47, 1185.67], ""type"": ""handwritten"", ""text"": """"}, {""bbox"": [1253.25, 1976.96, 1392.81, 2144.52], ""type"": ""handwritten"", ""text"": """"}, {""bbox"": [445.38, 3498.47, 1151.93, 3611.9], ""type"": ""formula"", ""text"": """"}, {""bbox"": [0.38, 2579.39, 364.89, 2728.38], ""type"": ""formula"", ""text"": """"}, {""bbox"": [355.42, 2908.68, 2555.24, 3413.74], ""type"": ""formula"", ""text"": """"}]"
25482213-5d8f-40f3-bf91-a7931d78381e.jpg,"[{""bbox"": [336.96, 2446.57, 2808.08, 2623.56], ""type"": ""handwritten"", ""text"": """"}, {""bbox"": [303.86, 1576.42, 2630.56, 1755.44], ""type"": ""handwritten"", ""text"": """"}, {""bbox"": [315.05, 1377.68, 2568.98, 1588.17], ""type"": ""handwritten"", ""text"": """"}, {""bbox"": [340.47, 2620.14, 2628.77, 2784.98], ""type"": ""handwritten"", ""text"": """"}, {""bbox"": [558.68, 3127.24, 2723.6, 3328.35], ""type"": ""handwritten"", ""text"": """"}, {""bbox"": [317.46, 1758.94, 2661.68, 1933.75], ""type"": ""handwritten"", ""text"": """"}, {""bbox"": [346.23, 2277.71, 2683.44, 2438.76], ""type"": ""handwritten"", ""text"": """"}, {""bbox"": [325.51, 2101.2, 2638.33, 2274.48], ""type"": ""handwritten"", ""text"": """"}, {""bbox"": [382.83, 1217.31, 2635.66, 1388.7], ""type"": ""handwritten"", ""text"": """"}, {""bbox"": [491.47, 2952.02, 2632.97, 3126.9], ""type"": ""handwritten"", ""text"": """"}, {""bbox"": [377.5, 685.57, 2046.51, 865.96], ""type"": ""handwritten"", ""text"": """"}, {""bbox"": [329.91, 1932.05, 2664.92, 2092.85], ""type"": ""handwritten"", ""text"": """"}, {""bbox"": [309.64, 298.56, 2590.83, 458.5], ""type"": ""handwritten"", ""text"": """"}, {""bbox"": [302.08, 883.72, 2172.17, 1051.51], ""type"": ""handwritten"", ""text"": """"}, {""bbox"": [768.81, 482.6, 1654.53, 693.49], ""type"": ""handwritten"", ""text"": """"}, {""bbox"": [842.34, 3296.07, 2696.43, 3518.45], ""type"": ""handwritten"", ""text"": """"}, {""bbox"": [363.16, 2788.95, 903.81, 2925.21], ""type"": ""handwritten"", ""text"": """"}, {""bbox"": [299.78, 1048.21, 2526.32, 1235.39], ""type"": ""handwritten"", ""text"": """"}, {""bbox"": [301.05, 1053.75, 1552.95, 1213.49], ""type"": ""handwritten"", ""text"": """"}, {""bbox"": [1038.53, 3646.94, 2603.67, 3868.86], ""type"": ""handwritten"", ""text"": """"}, {""bbox"": [865.9, 3477.16, 2628.75, 3680.81], ""type"": ""handwritten"", ""text"": """"}, {""bbox"": [65.92, 3091.55, 1073.0, 3895.39], ""type"": ""image"", ""text"": """"}, {""bbox"": [2103.92, 404.29, 2836.0, 1250.83], ""type"": ""image"", ""text"": """"}, {""bbox"": [2568.5, 811.24, 2697.36, 945.08], ""type"": ""image"", ""text"": """"}]"
25849906-8ae6-4b9d-8dca-8c298e9d00a7.jpg,"[{""bbox"": [183.94, 159.16, 1639.46, 280.47], ""type"": ""handwritten"", ""text"": """"}, {""bbox"": [67.03, 1978.96, 1338.09, 2068.14], ""type"": ""handwritten"", ""text"": """"}, {""bbox"": [37.82, 845.68, 1623.02, 951.79], ""type"": ""handwritten"", ""text"": """"}, {""bbox"": [34.02, 747.51, 1637.16, 858.21], ""type"": ""handwritten"", ""text"": """"}, {""bbox"": [68.62, 1888.21, 1604.93, 1988.98], ""type"": ""handwritten"", ""text"": """"}, {""bbox"": [178.4, 362.86, 1646.74, 471.61], ""type"": ""handwritten"", ""text"": """"}, {""bbox"": [66.59, 1805.1, 1537.31, 1896.67], ""type"": ""handwritten"", ""text"": """"}, {""bbox"": [52.69, 1293.35, 1576.0, 1390.91], ""type"": ""handwritten"", ""text"": """"}, {""bbox"": [45.3, 1027.53, 1459.57, 1132.81], ""type"": ""handwritten"", ""text"": """"}, {""bbox"": [40.16, 562.32, 1646.87, 675.59], ""type"": ""handwritten"", ""text"": """"}, {""bbox"": [65.06, 1716.25, 1569.16, 1816.28], ""type"": ""handwritten"", ""text"": """"}, {""bbox"": [53.13, 1464.14, 1469.37, 1564.21], ""type"": ""handwritten"", ""text"": """"}, {""bbox"": [41.01, 456.67, 1648.78, 579.7], ""type"": ""handwritten"", ""text"": """"}, {""bbox"": [342.45, 50.08, 876.84, 167.16], ""type"": ""handwritten"", ""text"": """"}, {""bbox"": [233.59, 1198.5, 1536.31, 1300.82], ""type"": ""handwritten"", ""text"": """"}, {""bbox"": [39.86, 940.5, 1622.96, 1037.05], ""type"": ""handwritten"", ""text"": """"}, {""bbox"": [53.09, 1377.88, 1527.75, 1478.86], ""type"": ""handwritten"", ""text"": """"}, {""bbox"": [43.85, 269.46, 1505.48, 377.88], ""type"": ""handwritten"", ""text"": """"}, {""bbox"": [268.43, 1636.13, 1496.03, 1728.85], ""type"": ""handwritten"", ""text"": """"}, {""bbox"": [292.55, 2062.01, 1586.72, 2162.41], ""type"": ""handwritten"", ""text"": """"}, {""bbox"": [37.41, 659.93, 1636.3, 764.78], ""type"": ""handwritten"", ""text"": """"}, {""bbox"": [62.08, 1553.65, 1051.07, 1646.84], ""type"": ""handwritten"", ""text"": """"}, {""bbox"": [52.87, 1126.45, 346.86, 1193.34], ""type"": ""handwritten"", ""text"": """"}]"
25bababa-7207-425a-93bb-a7c95856ba42.jpg,"[{""bbox"": [174.15, 1549.57, 2041.99, 1674.81], ""type"": ""handwritten"", ""text"": """"}, {""bbox"": [93.63, 974.58, 1973.55, 1090.49], ""type"": ""handwritten"", ""text"": """"}, {""bbox"": [69.57, 2014.82, 1729.41, 2136.26], ""type"": ""handwritten"", ""text"": """"}, {""bbox"": [117.55, 2132.2, 2132.65, 2265.42], ""type"": ""handwritten"", ""text"": """"}, {""bbox"": [165.01, 496.88, 2043.78, 617.86], ""type"": ""handwritten"", ""text"": """"}, {""bbox"": [112.42, 1319.5, 2098.85, 1441.83], ""type"": ""handwritten"", ""text"": """"}, {""bbox"": [112.35, 1672.11, 2023.29, 1798.32], ""type"": ""handwritten"", ""text"": """"}, {""bbox"": [78.99, 1908.46, 2146.24, 2030.23], ""type"": ""handwritten"", ""text"": """"}, {""bbox"": [83.63, 1084.62, 2110.24, 1212.99], ""type"": ""handwritten"", ""text"": """"}, {""bbox"": [98.18, 729.03, 1983.7, 859.91], ""type"": ""handwritten"", ""text"": """"}, {""bbox"": [211.08, 267.16, 1979.03, 392.86], ""type"": ""handwritten"", ""text"": """"}, {""bbox"": [93.54, 2365.89, 2081.86, 2493.31], ""type"": ""handwritten"", ""text"": """"}, {""bbox"": [102.66, 854.33, 1938.89, 986.14], ""type"": ""handwritten"", ""text"": """"}, {""bbox"": [90.09, 610.47, 2135.33, 744.45], ""type"": ""handwritten"", ""text"": """"}, {""bbox"": [94.44, 1784.09, 2143.03, 1915.93], ""type"": ""handwritten"", ""text"": """"}, {""bbox"": [69.51, 2604.75, 2119.28, 2731.17], ""type"": ""handwritten"", ""text"": """"}, {""bbox"": [99.07, 383.01, 2119.09, 511.25], ""type"": ""handwritten"", ""text"": """"}, {""bbox"": [743.69, 116.13, 1497.27, 264.23], ""type"": ""handwritten"", ""text"": """"}, {""bbox"": [90.01, 2483.97, 2123.17, 2614.44], ""type"": ""handwritten"", ""text"": """"}, {""bbox"": [93.49, 1203.61, 2055.51, 1330.71], ""type"": ""handwritten"", ""text"": """"}, {""bbox"": [59.48, 2253.66, 2143.14, 2374.95], ""type"": ""handwritten"", ""text"": """"}, {""bbox"": [60.31, 2726.02, 710.73, 2835.45], ""type"": ""handwritten"", ""text"": """"}, {""bbox"": [52.56, 1429.32, 2183.42, 1561.53], ""type"": ""handwritten"", ""text"": """"}]"
26112b81-a0b5-4337-924a-a527fec99c42.jpg,"[{""bbox"": [55.8, 4.12, 1465.71, 77.2], ""type"": ""handwritten"", ""text"": """"}, {""bbox"": [18.09, 402.38, 1649.16, 467.69], ""type"": ""handwritten"", ""text"": """"}, {""bbox"": [26.78, 122.56, 1641.88, 182.6], ""type"": ""handwritten"", ""text"": """"}, {""bbox"": [14.42, 574.25, 1622.53, 648.79], ""type"": ""handwritten"", ""text"": """"}, {""bbox"": [32.78, 227.54, 1567.13, 297.2], ""type"": ""handwritten"", ""text"": """"}, {""bbox"": [29.84, 348.75, 1638.91, 414.2], ""type"": ""handwritten"", ""text"": """"}, {""bbox"": [14.98, 632.73, 779.03, 715.7], ""type"": ""handwritten"", ""text"": """"}, {""bbox"": [24.37, 458.08, 1489.23, 531.55], ""type"": ""handwritten"", ""text"": """"}, {""bbox"": [27.12, 171.57, 1138.21, 236.99], ""type"": ""handwritten"", ""text"": """"}, {""bbox"": [29.5, 286.49, 1386.48, 359.63], ""type"": ""handwritten"", ""text"": """"}, {""bbox"": [59.2, 65.86, 1619.72, 135.07], ""type"": ""handwritten"", ""text"": """"}, {""bbox"": [19.74, 519.23, 1632.33, 588.35], ""type"": ""handwritten"", ""text"": """"}]"
26479da6-9ab4-46e7-b38a-bacbd3b9f094.jpg,"[{""bbox"": [819.03, 1198.3, 2235.33, 1297.68], ""type"": ""printed"", ""text"": """"}, {""bbox"": [243.06, 727.98, 499.7, 795.48], ""type"": ""printed"", ""text"": """"}, {""bbox"": [817.13, 1096.39, 2269.6, 1196.94], ""type"": ""printed"", ""text"": """"}, {""bbox"": [167.81, 1571.43, 380.73, 1633.93], ""type"": ""handwritten"", ""text"": """"}, {""bbox"": [238.91, 529.03, 529.74, 602.89], ""type"": ""printed"", ""text"": """"}, {""bbox"": [203.29, 1653.17, 343.86, 1705.53], ""type"": ""handwritten"", ""text"": """"}, {""bbox"": [849.75, 1509.98, 2379.88, 1614.88], ""type"": ""printed"", ""text"": """"}, {""bbox"": [819.88, 1302.98, 2197.6, 1406.59], ""type"": ""printed"", ""text"": """"}, {""bbox"": [823.21, 1406.22, 2183.94, 1518.64], ""type"": ""printed"", ""text"": """"}, {""bbox"": [139.48, 1725.98, 385.2, 1784.22], ""type"": ""printed"", ""text"": """"}, {""bbox"": [888.13, 2128.76, 1102.71, 2186.95], ""type"": ""printed"", ""text"": """"}, {""bbox"": [810.33, 1835.5, 1819.78, 1926.18], ""type"": ""printed"", ""text"": """"}, {""bbox"": [878.1, 996.3, 2360.56, 1088.46], ""type"": ""printed"", ""text"": """"}, {""bbox"": [1215.38, 656.11, 1810.29, 719.57], ""type"": ""printed"", ""text"": """"}, {""bbox"": [79.9, 1832.86, 605.88, 1895.35], ""type"": ""printed"", ""text"": """"}, {""bbox"": [830.82, 1608.92, 2314.11, 1715.85], ""type"": ""printed"", ""text"": """"}, {""bbox"": [803.86, 1710.11, 2204.43, 1820.05], ""type"": ""printed"", ""text"": """"}, {""bbox"": [83.1, 2233.49, 544.19, 2291.9], ""type"": ""printed"", ""text"": """"}, {""bbox"": [173.97, 659.2, 604.91, 726.03], ""type"": ""handwritten"", ""text"": """"}, {""bbox"": [1248.06, 749.28, 1982.09, 823.05], ""type"": ""printed"", ""text"": """"}, {""bbox"": [147.45, 2135.79, 398.54, 2198.94], ""type"": ""handwritten"", ""text"": """"}, {""bbox"": [243.59, 345.43, 2456.11, 520.04], ""type"": ""printed"", ""text"": """"}, {""bbox"": [118.48, 587.96, 600.38, 672.55], ""type"": ""printed"", ""text"": """"}, {""bbox"": [508.42, 2738.15, 1945.17, 2885.02], ""type"": ""handwritten"", ""text"": """"}, {""bbox"": [950.87, 1990.7, 2188.85, 2070.26], ""type"": ""printed"", ""text"": """"}, {""bbox"": [248.98, 367.24, 1700.45, 546.1], ""type"": ""handwritten"", ""text"": """"}, {""bbox"": [82.01, 2022.1, 258.63, 2069.79], ""type"": ""printed"", ""text"": """"}, {""bbox"": [81.19, 1913.57, 573.91, 1984.46], ""type"": ""printed"", ""text"": """"}, {""bbox"": [228.45, 723.42, 508.47, 850.69], ""type"": ""handwritten"", ""text"": """"}, {""bbox"": [858.19, 1502.7, 1732.23, 1617.32], ""type"": ""printed"", ""text"": """"}, {""bbox"": [180.66, 528.3, 595.45, 657.07], ""type"": ""printed"", ""text"": """"}, {""bbox"": [234.23, 2015.1, 453.58, 2199.35], ""type"": ""handwritten"", ""text"": """"}, {""bbox"": [2675.45, 168.16, 2787.48, 324.13], ""type"": ""annotation"", ""text"": """"}]"
266c3214-adc6-4caa-95cb-dca7eea5c6bd.jpg,"[{""bbox"": [3532.85, 314.26, 5042.55, 955.35], ""type"": ""image"", ""text"": """"}, {""bbox"": [1.91, 837.77, 3413.09, 1383.76], ""type"": ""formula"", ""text"": """"}, {""bbox"": [2.5, 227.96, 3222.28, 824.66], ""type"": ""formula"", ""text"": """"}, {""bbox"": [5.25, 6130.36, 5295.35, 6590.41], ""type"": ""formula"", ""text"": """"}, {""bbox"": [0.85, 1991.44, 3013.22, 2265.53], ""type"": ""formula"", ""text"": """"}, {""bbox"": [1.31, 2262.02, 3031.57, 2585.51], ""type"": ""formula"", ""text"": """"}, {""bbox"": [1.29, 1631.1, 4703.64, 1970.42], ""type"": ""formula"", ""text"": """"}, {""bbox"": [39.63, 6648.76, 1141.84, 6935.9], ""type"": ""handwritten"", ""text"": """"}, {""bbox"": [2.52, 4206.88, 3120.5, 4560.97], ""type"": ""handwritten"", ""text"": """"}, {""bbox"": [54.69, 2909.9, 3856.95, 3848.51], ""type"": ""formula"", ""text"": """"}, {""bbox"": [119.47, 7135.89, 1753.07, 7783.63], ""type"": ""formula"", ""text"": """"}, {""bbox"": [57.76, 5645.65, 1209.53, 5881.04], ""type"": ""formula"", ""text"": """"}, {""bbox"": [1370.56, 4593.27, 3150.56, 4826.55], ""type"": ""formula"", ""text"": """"}, {""bbox"": [0.0, 6035.73, 493.44, 6233.46], ""type"": ""handwritten"", ""text"": """"}, {""bbox"": [0.0, 14.22, 457.12, 279.26], ""type"": ""handwritten"", ""text"": """"}, {""bbox"": [1351.22, 3174.25, 3824.39, 3709.27], ""type"": ""formula"", ""text"": """"}, {""bbox"": [1439.8, 5260.17, 4477.55, 5720.18], ""type"": ""formula"", ""text"": """"}, {""bbox"": [5.74, 3962.3, 660.5, 4166.0], ""type"": ""handwritten"", ""text"": """"}, {""bbox"": [40.74, 6980.81, 240.91, 7146.31], ""type"": ""handwritten"", ""text"": """"}, {""bbox"": [1574.88, 5506.29, 3371.1, 5732.79], ""type"": ""formula"", ""text"": """"}, {""bbox"": [1577.51, 4844.75, 3247.54, 5086.17], ""type"": ""formula"", ""text"": """"}, {""bbox"": [3318.56, 4604.73, 4928.98, 5121.59], ""type"": ""formula"", ""text"": """"}, {""bbox"": [1408.09, 5260.22, 3372.59, 5512.63], ""type"": ""formula"", ""text"": """"}, {""bbox"": [81.35, 2918.88, 1268.29, 3831.5], ""type"": ""formula"", ""text"": """"}, {""bbox"": [158.54, 4585.48, 1209.13, 5576.33], ""type"": ""table"", ""text"": """"}, {""bbox"": [91.62, 820.99, 286.06, 970.03], ""type"": ""handwritten"", ""text"": """"}, {""bbox"": [4831.25, 8.32, 5026.38, 208.57], ""type"": ""handwritten"", ""text"": """"}, {""bbox"": [205.06, 5101.41, 4737.96, 5755.9], ""type"": ""formula"", ""text"": """"}, {""bbox"": [41.91, 4563.97, 4724.12, 5838.36], ""type"": ""table"", ""text"": """"}, {""bbox"": [3488.71, 5323.59, 4669.78, 5532.85], ""type"": ""formula"", ""text"": """"}, {""bbox"": [194.2, 57.5, 447.67, 242.32], ""type"": ""handwritten"", ""text"": """"}, {""bbox"": [0.0, 4571.43, 220.22, 4765.7], ""type"": ""handwritten"", ""text"": """"}, {""bbox"": [22.92, 2925.18, 195.27, 3089.3], ""type"": ""handwritten"", ""text"": """"}, {""bbox"": [3516.63, 3789.43, 5255.47, 4126.74], ""type"": ""formula"", ""text"": """"}]"
26b25869-e0e6-486e-a7bd-ebe8433cc1ae.jpg,"[{""bbox"": [134.34, 167.09, 499.4, 210.56], ""type"": ""handwritten"", ""text"": """"}, {""bbox"": [323.24, 1269.13, 1008.15, 1323.07], ""type"": ""handwritten"", ""text"": """"}, {""bbox"": [140.54, 864.48, 1036.75, 917.24], ""type"": ""handwritten"", ""text"": """"}, {""bbox"": [145.22, 692.58, 1052.83, 736.22], ""type"": ""handwritten"", ""text"": """"}, {""bbox"": [413.34, 1368.03, 817.72, 1424.65], ""type"": ""handwritten"", ""text"": """"}, {""bbox"": [140.51, 808.94, 1041.96, 858.34], ""type"": ""handwritten"", ""text"": """"}, {""bbox"": [143.39, 634.35, 1010.26, 677.47], ""type"": ""handwritten"", ""text"": """"}, {""bbox"": [142.41, 1038.04, 1018.82, 1089.74], ""type"": ""handwritten"", ""text"": """"}, {""bbox"": [146.11, 1149.45, 693.41, 1201.63], ""type"": ""handwritten"", ""text"": """"}, {""bbox"": [144.91, 1096.16, 1046.02, 1143.79], ""type"": ""handwritten"", ""text"": """"}, {""bbox"": [209.04, 573.29, 1028.88, 623.26], ""type"": ""handwritten"", ""text"": """"}, {""bbox"": [139.66, 923.38, 723.37, 972.78], ""type"": ""handwritten"", ""text"": """"}, {""bbox"": [393.75, 1422.35, 874.5, 1485.17], ""type"": ""handwritten"", ""text"": """"}, {""bbox"": [294.86, 1213.18, 1019.73, 1265.3], ""type"": ""handwritten"", ""text"": """"}, {""bbox"": [128.78, 284.33, 496.2, 334.19], ""type"": ""handwritten"", ""text"": """"}, {""bbox"": [537.61, 401.17, 861.17, 446.68], ""type"": ""handwritten"", ""text"": """"}, {""bbox"": [125.04, 284.79, 958.61, 335.25], ""type"": ""handwritten"", ""text"": """"}, {""bbox"": [145.93, 750.36, 1041.11, 798.48], ""type"": ""handwritten"", ""text"": """"}, {""bbox"": [227.31, 99.26, 365.85, 140.8], ""type"": ""handwritten"", ""text"": """"}, {""bbox"": [545.9, 337.02, 954.57, 390.89], ""type"": ""handwritten"", ""text"": """"}, {""bbox"": [202.5, 979.13, 1041.25, 1030.89], ""type"": ""handwritten"", ""text"": """"}, {""bbox"": [555.16, 286.78, 958.02, 335.0], ""type"": ""handwritten"", ""text"": """"}, {""bbox"": [229.02, 228.63, 357.36, 270.3], ""type"": ""handwritten"", ""text"": """"}, {""bbox"": [202.67, 401.78, 353.9, 432.97], ""type"": ""handwritten"", ""text"": """"}, {""bbox"": [466.01, 1484.12, 838.54, 1544.83], ""type"": ""handwritten"", ""text"": """"}, {""bbox"": [237.98, 345.13, 304.72, 374.93], ""type"": ""handwritten"", ""text"": """"}, {""bbox"": [947.69, 49.18, 1015.3, 79.07], ""type"": ""annotation"", ""text"": """"}, {""bbox"": [860.36, 115.71, 1062.77, 146.36], ""type"": ""annotation"", ""text"": """"}, {""bbox"": [199.51, 398.81, 865.35, 446.65], ""type"": ""handwritten"", ""text"": """"}, {""bbox"": [128.39, 256.9, 958.74, 456.36], ""type"": ""table"", ""text"": """"}, {""bbox"": [231.27, 334.6, 954.45, 389.27], ""type"": ""handwritten"", ""text"": """"}]"
26c766e1-81f4-4b88-b03f-9ba1d71190e5.jpg,"[{""bbox"": [846.55, 66.0, 2238.64, 264.12], ""type"": ""handwritten"", ""text"": """"}, {""bbox"": [133.84, 91.32, 640.31, 149.36], ""type"": ""printed"", ""text"": """"}, {""bbox"": [561.23, 411.38, 2215.29, 502.5], ""type"": ""printed"", ""text"": """"}, {""bbox"": [621.0, 517.31, 2051.88, 606.85], ""type"": ""printed"", ""text"": """"}, {""bbox"": [563.69, 338.0, 2257.04, 446.74], ""type"": ""printed"", ""text"": """"}, {""bbox"": [132.14, 189.1, 502.54, 256.57], ""type"": ""printed"", ""text"": """"}, {""bbox"": [224.52, 1373.72, 479.32, 1507.32], ""type"": ""handwritten"", ""text"": """"}, {""bbox"": [951.4, 1211.77, 1445.63, 1272.92], ""type"": ""printed"", ""text"": """"}, {""bbox"": [629.49, 601.41, 2131.38, 715.96], ""type"": ""printed"", ""text"": """"}, {""bbox"": [624.35, 781.84, 1894.88, 864.47], ""type"": ""printed"", ""text"": """"}, {""bbox"": [197.96, 1515.61, 591.21, 1652.56], ""type"": ""handwritten"", ""text"": """"}, {""bbox"": [616.58, 842.03, 2225.86, 933.86], ""type"": ""printed"", ""text"": """"}, {""bbox"": [609.73, 894.56, 2093.18, 970.75], ""type"": ""printed"", ""text"": """"}, {""bbox"": [664.87, 677.26, 2188.87, 773.96], ""type"": ""printed"", ""text"": """"}, {""bbox"": [675.97, 310.92, 2239.75, 386.98], ""type"": ""printed"", ""text"": """"}, {""bbox"": [588.14, 996.83, 1363.66, 1061.3], ""type"": ""printed"", ""text"": """"}, {""bbox"": [555.33, 1044.52, 1077.96, 1106.33], ""type"": ""printed"", ""text"": """"}, {""bbox"": [592.62, 947.9, 1911.45, 1024.09], ""type"": ""printed"", ""text"": """"}, {""bbox"": [677.78, 731.89, 1091.65, 790.62], ""type"": ""printed"", ""text"": """"}, {""bbox"": [2167.75, 97.91, 2398.66, 265.22], ""type"": ""annotation"", ""text"": """"}, {""bbox"": [619.08, 842.09, 1397.4, 905.22], ""type"": ""printed"", ""text"": """"}, {""bbox"": [624.31, 786.04, 1096.97, 845.8], ""type"": ""printed"", ""text"": """"}, {""bbox"": [719.22, 310.5, 1026.79, 368.67], ""type"": ""printed"", ""text"": """"}, {""bbox"": [680.95, 682.13, 1463.27, 745.99], ""type"": ""printed"", ""text"": """"}, {""bbox"": [617.8, 887.3, 1445.93, 954.93], ""type"": ""printed"", ""text"": """"}, {""bbox"": [623.22, 519.84, 1341.19, 589.36], ""type"": ""printed"", ""text"": """"}]"
26db9d85-0974-483b-b53e-0a2cff4f30c5.jpg,"[{""bbox"": [564.71, 1016.15, 3749.54, 1217.95], ""type"": ""handwritten"", ""text"": """"}, {""bbox"": [283.28, 1425.02, 3865.3, 1647.84], ""type"": ""handwritten"", ""text"": """"}, {""bbox"": [298.68, 812.24, 3618.08, 1009.39], ""type"": ""handwritten"", ""text"": """"}, {""bbox"": [314.0, 2179.62, 3784.82, 2369.08], ""type"": ""handwritten"", ""text"": """"}, {""bbox"": [277.48, 1219.73, 3406.81, 1424.75], ""type"": ""handwritten"", ""text"": """"}, {""bbox"": [306.58, 1993.56, 3587.36, 2186.52], ""type"": ""handwritten"", ""text"": """"}, {""bbox"": [310.55, 2729.57, 3781.16, 2917.95], ""type"": ""handwritten"", ""text"": """"}, {""bbox"": [285.9, 1822.35, 3551.85, 2001.93], ""type"": ""handwritten"", ""text"": """"}, {""bbox"": [229.24, 4718.32, 3563.17, 4932.93], ""type"": ""handwritten"", ""text"": """"}, {""bbox"": [274.13, 3073.69, 3807.73, 3261.54], ""type"": ""handwritten"", ""text"": """"}, {""bbox"": [242.88, 5261.84, 3583.54, 5434.75], ""type"": ""handwritten"", ""text"": """"}, {""bbox"": [308.36, 2552.51, 3763.77, 2751.62], ""type"": ""handwritten"", ""text"": """"}, {""bbox"": [277.76, 3445.31, 3617.1, 3651.97], ""type"": ""handwritten"", ""text"": """"}, {""bbox"": [506.04, 5076.82, 3838.88, 5252.43], ""type"": ""handwritten"", ""text"": """"}, {""bbox"": [614.11, 644.31, 3663.13, 823.05], ""type"": ""handwritten"", ""text"": """"}, {""bbox"": [281.2, 1631.42, 3550.3, 1835.94], ""type"": ""handwritten"", ""text"": """"}, {""bbox"": [274.38, 3247.83, 3527.72, 3439.35], ""type"": ""handwritten"", ""text"": """"}, {""bbox"": [304.19, 2366.97, 3805.52, 2558.84], ""type"": ""handwritten"", ""text"": """"}, {""bbox"": [1053.36, 409.69, 2091.51, 611.05], ""type"": ""handwritten"", ""text"": """"}, {""bbox"": [275.22, 3625.36, 3848.3, 3833.71], ""type"": ""handwritten"", ""text"": """"}, {""bbox"": [222.74, 4529.05, 3827.62, 4727.81], ""type"": ""handwritten"", ""text"": """"}, {""bbox"": [234.31, 4161.59, 3625.01, 4368.69], ""type"": ""handwritten"", ""text"": """"}, {""bbox"": [518.95, 3958.03, 3878.66, 4204.21], ""type"": ""handwritten"", ""text"": """"}, {""bbox"": [249.04, 5435.74, 3863.66, 5625.58], ""type"": ""handwritten"", ""text"": """"}, {""bbox"": [222.23, 4347.59, 3692.91, 4541.94], ""type"": ""handwritten"", ""text"": """"}, {""bbox"": [261.14, 3786.14, 784.67, 3926.62], ""type"": ""handwritten"", ""text"": """"}, {""bbox"": [501.7, 2904.17, 3695.49, 3090.09], ""type"": ""handwritten"", ""text"": """"}, {""bbox"": [223.2, 4906.75, 2362.5, 5084.22], ""type"": ""handwritten"", ""text"": """"}, {""bbox"": [108.79, 5620.49, 3856.71, 5712.0], ""type"": ""handwritten"", ""text"": """"}]"
27067f3f-09db-45ff-b654-1d183398076c.jpg,"[{""bbox"": [317.91, 2088.78, 2694.89, 2203.79], ""type"": ""handwritten"", ""text"": """"}, {""bbox"": [113.21, 2185.49, 2632.99, 2288.22], ""type"": ""handwritten"", ""text"": """"}, {""bbox"": [352.6, 644.88, 2573.85, 780.19], ""type"": ""handwritten"", ""text"": """"}, {""bbox"": [172.91, 2013.76, 875.87, 2108.08], ""type"": ""handwritten"", ""text"": """"}, {""bbox"": [174.07, 1375.86, 2677.35, 1505.35], ""type"": ""handwritten"", ""text"": """"}, {""bbox"": [158.15, 1470.06, 1422.47, 1574.8], ""type"": ""handwritten"", ""text"": """"}, {""bbox"": [76.48, 3376.21, 2718.09, 3509.66], ""type"": ""handwritten"", ""text"": """"}, {""bbox"": [158.46, 1910.76, 2665.1, 2033.97], ""type"": ""handwritten"", ""text"": """"}, {""bbox"": [71.29, 3471.81, 2710.52, 3608.63], ""type"": ""handwritten"", ""text"": """"}, {""bbox"": [78.47, 2733.1, 2652.99, 2838.09], ""type"": ""handwritten"", ""text"": """"}, {""bbox"": [121.35, 2360.57, 2670.38, 2469.72], ""type"": ""handwritten"", ""text"": """"}, {""bbox"": [288.86, 3173.78, 2424.92, 3315.87], ""type"": ""handwritten"", ""text"": """"}, {""bbox"": [174.73, 759.27, 2490.24, 872.56], ""type"": ""handwritten"", ""text"": """"}, {""bbox"": [83.96, 3287.69, 2587.75, 3409.9], ""type"": ""handwritten"", ""text"": """"}, {""bbox"": [418.3, 351.6, 2609.29, 500.32], ""type"": ""handwritten"", ""text"": """"}, {""bbox"": [123.77, 3106.84, 966.84, 3202.53], ""type"": ""handwritten"", ""text"": """"}, {""bbox"": [29.96, 3570.57, 2727.4, 3757.56], ""type"": ""handwritten"", ""text"": """"}, {""bbox"": [111.68, 2271.74, 2450.24, 2378.37], ""type"": ""handwritten"", ""text"": """"}, {""bbox"": [78.63, 2818.97, 2732.39, 2940.25], ""type"": ""handwritten"", ""text"": """"}, {""bbox"": [583.68, 117.92, 2426.49, 319.13], ""type"": ""handwritten"", ""text"": """"}, {""bbox"": [168.92, 1825.36, 2563.08, 1926.92], ""type"": ""handwritten"", ""text"": """"}, {""bbox"": [190.55, 984.84, 2639.87, 1134.41], ""type"": ""handwritten"", ""text"": """"}, {""bbox"": [397.28, 537.95, 1281.7, 677.65], ""type"": ""handwritten"", ""text"": """"}, {""bbox"": [80.81, 2897.04, 2683.07, 3024.87], ""type"": ""handwritten"", ""text"": """"}, {""bbox"": [180.48, 1199.86, 2609.21, 1316.08], ""type"": ""handwritten"", ""text"": """"}, {""bbox"": [178.0, 1730.11, 2594.02, 1839.45], ""type"": ""handwritten"", ""text"": """"}, {""bbox"": [183.66, 1286.05, 2660.93, 1396.86], ""type"": ""handwritten"", ""text"": """"}, {""bbox"": [197.55, 1116.98, 2648.07, 1238.0], ""type"": ""handwritten"", ""text"": """"}, {""bbox"": [72.24, 2997.95, 2723.74, 3159.76], ""type"": ""handwritten"", ""text"": """"}, {""bbox"": [183.99, 855.19, 2367.85, 969.01], ""type"": ""handwritten"", ""text"": """"}, {""bbox"": [192.45, 2549.21, 2702.08, 2660.4], ""type"": ""handwritten"", ""text"": """"}, {""bbox"": [180.59, 862.16, 2635.68, 1045.45], ""type"": ""handwritten"", ""text"": """"}, {""bbox"": [382.59, 1549.63, 2604.63, 1674.51], ""type"": ""handwritten"", ""text"": """"}, {""bbox"": [122.89, 2454.95, 2643.6, 2563.21], ""type"": ""handwritten"", ""text"": """"}, {""bbox"": [204.03, 460.43, 2638.21, 606.58], ""type"": ""handwritten"", ""text"": """"}, {""bbox"": [183.47, 359.56, 2631.76, 630.63], ""type"": ""handwritten"", ""text"": """"}, {""bbox"": [1057.26, 268.98, 1879.5, 395.48], ""type"": ""handwritten"", ""text"": """"}, {""bbox"": [193.68, 946.75, 2648.24, 1065.89], ""type"": ""handwritten"", ""text"": """"}, {""bbox"": [876.41, 854.89, 2373.83, 952.51], ""type"": ""handwritten"", ""text"": """"}, {""bbox"": [45.2, 3380.72, 2754.87, 3683.92], ""type"": ""handwritten"", ""text"": """"}, {""bbox"": [735.82, 1639.07, 2522.35, 1749.84], ""type"": ""handwritten"", ""text"": """"}, {""bbox"": [1028.12, 2452.97, 2523.22, 2551.23], ""type"": ""handwritten"", ""text"": """"}, {""bbox"": [54.93, 3307.36, 2761.46, 3570.62], ""type"": ""handwritten"", ""text"": """"}, {""bbox"": [175.95, 1665.42, 2583.27, 1819.5], ""type"": ""handwritten"", ""text"": """"}, {""bbox"": [1144.76, 2652.39, 2622.6, 2754.16], ""type"": ""handwritten"", ""text"": """"}, {""bbox"": [322.61, 2637.06, 2725.24, 2745.84], ""type"": ""handwritten"", ""text"": """"}]"
272b57f4-1fc7-4cf8-97af-7fe575fbf601.jpg,"[{""bbox"": [523.94, 2831.82, 2542.83, 3051.15], ""type"": ""handwritten"", ""text"": """"}, {""bbox"": [345.91, 3600.31, 2765.07, 3789.42], ""type"": ""handwritten"", ""text"": """"}, {""bbox"": [479.27, 1258.98, 2674.95, 1471.06], ""type"": ""handwritten"", ""text"": """"}, {""bbox"": [694.61, 618.87, 2723.07, 815.02], ""type"": ""handwritten"", ""text"": """"}, {""bbox"": [517.81, 789.61, 2798.32, 970.41], ""type"": ""handwritten"", ""text"": """"}, {""bbox"": [421.68, 2668.93, 2597.52, 2859.82], ""type"": ""handwritten"", ""text"": """"}, {""bbox"": [411.94, 2483.55, 2860.17, 2685.75], ""type"": ""handwritten"", ""text"": """"}, {""bbox"": [397.39, 3200.57, 2959.57, 3428.45], ""type"": ""handwritten"", ""text"": """"}, {""bbox"": [527.02, 468.97, 2657.93, 643.43], ""type"": ""handwritten"", ""text"": """"}, {""bbox"": [534.34, 314.29, 2792.12, 493.28], ""type"": ""handwritten"", ""text"": """"}, {""bbox"": [375.31, 3406.85, 2708.07, 3620.92], ""type"": ""handwritten"", ""text"": """"}, {""bbox"": [393.28, 3038.14, 2827.34, 3245.84], ""type"": ""handwritten"", ""text"": """"}, {""bbox"": [599.03, 1775.9, 2903.44, 1956.13], ""type"": ""handwritten"", ""text"": """"}, {""bbox"": [419.73, 2302.7, 2829.91, 2503.95], ""type"": ""handwritten"", ""text"": """"}, {""bbox"": [452.75, 1935.47, 2837.48, 2150.71], ""type"": ""handwritten"", ""text"": """"}, {""bbox"": [482.44, 1449.55, 2872.2, 1646.35], ""type"": ""handwritten"", ""text"": """"}, {""bbox"": [499.95, 933.82, 2828.83, 1137.61], ""type"": ""handwritten"", ""text"": """"}, {""bbox"": [443.84, 2130.13, 2778.15, 2310.83], ""type"": ""handwritten"", ""text"": """"}, {""bbox"": [484.54, 1617.29, 1883.87, 1780.27], ""type"": ""handwritten"", ""text"": """"}, {""bbox"": [494.87, 1108.98, 2658.8, 1299.08], ""type"": ""handwritten"", ""text"": """"}, {""bbox"": [0.0, 0.0, 486.07, 1138.33], ""type"": ""image"", ""text"": """"}, {""bbox"": [2002.42, 204.77, 2586.75, 272.63], ""type"": ""printed"", ""text"": """"}]"
27855adb-b372-4d01-a0c3-9dc209e9c93b.jpg,"[{""bbox"": [27.69, 656.95, 475.78, 688.73], ""type"": ""handwritten"", ""text"": """"}, {""bbox"": [28.42, 598.43, 507.44, 631.72], ""type"": ""handwritten"", ""text"": """"}, {""bbox"": [18.23, 567.68, 519.53, 602.44], ""type"": ""handwritten"", ""text"": """"}, {""bbox"": [23.76, 512.44, 519.95, 544.63], ""type"": ""handwritten"", ""text"": """"}, {""bbox"": [27.5, 627.18, 522.09, 660.87], ""type"": ""handwritten"", ""text"": """"}, {""bbox"": [13.24, 242.91, 516.51, 284.69], ""type"": ""handwritten"", ""text"": """"}, {""bbox"": [21.47, 478.35, 519.1, 517.78], ""type"": ""handwritten"", ""text"": """"}, {""bbox"": [21.31, 539.69, 514.02, 572.68], ""type"": ""handwritten"", ""text"": """"}, {""bbox"": [14.36, 424.17, 519.19, 462.96], ""type"": ""handwritten"", ""text"": """"}, {""bbox"": [25.12, 715.07, 507.51, 749.03], ""type"": ""handwritten"", ""text"": """"}, {""bbox"": [24.34, 685.7, 472.59, 720.16], ""type"": ""handwritten"", ""text"": """"}, {""bbox"": [19.28, 454.2, 499.02, 490.46], ""type"": ""handwritten"", ""text"": """"}, {""bbox"": [19.25, 367.15, 353.34, 404.19], ""type"": ""handwritten"", ""text"": """"}, {""bbox"": [16.2, 802.25, 497.95, 843.11], ""type"": ""handwritten"", ""text"": """"}, {""bbox"": [73.08, 390.07, 449.74, 435.58], ""type"": ""handwritten"", ""text"": """"}, {""bbox"": [15.63, 773.7, 480.77, 811.82], ""type"": ""handwritten"", ""text"": """"}, {""bbox"": [9.98, 185.6, 432.31, 228.15], ""type"": ""handwritten"", ""text"": """"}, {""bbox"": [14.86, 332.82, 469.97, 376.39], ""type"": ""handwritten"", ""text"": """"}, {""bbox"": [64.26, 273.39, 502.51, 313.62], ""type"": ""handwritten"", ""text"": """"}, {""bbox"": [20.0, 744.81, 479.47, 778.85], ""type"": ""handwritten"", ""text"": """"}, {""bbox"": [8.21, 303.71, 489.14, 347.55], ""type"": ""handwritten"", ""text"": """"}, {""bbox"": [17.8, 831.33, 476.12, 887.24], ""type"": ""handwritten"", ""text"": """"}, {""bbox"": [534.41, 245.37, 576.1, 276.7], ""type"": ""handwritten"", ""text"": """"}, {""bbox"": [535.41, 390.16, 576.36, 424.77], ""type"": ""handwritten"", ""text"": """"}, {""bbox"": [7.96, 215.39, 468.39, 262.77], ""type"": ""handwritten"", ""text"": """"}, {""bbox"": [548.64, 362.59, 575.54, 393.09], ""type"": ""handwritten"", ""text"": """"}, {""bbox"": [540.9, 272.99, 576.56, 303.32], ""type"": ""handwritten"", ""text"": """"}, {""bbox"": [540.04, 300.62, 576.46, 336.4], ""type"": ""handwritten"", ""text"": """"}, {""bbox"": [551.55, 425.37, 575.82, 453.51], ""type"": ""handwritten"", ""text"": """"}, {""bbox"": [544.09, 338.54, 576.27, 365.81], ""type"": ""handwritten"", ""text"": """"}, {""bbox"": [548.68, 186.68, 575.78, 215.33], ""type"": ""handwritten"", ""text"": """"}, {""bbox"": [50.35, 275.81, 498.26, 343.42], ""type"": ""handwritten"", ""text"": """"}, {""bbox"": [17.46, 446.34, 504.7, 513.59], ""type"": ""handwritten"", ""text"": """"}, {""bbox"": [0.0, 95.36, 577.0, 152.83], ""type"": ""handwritten"", ""text"": """"}, {""bbox"": [24.8, 680.42, 483.2, 702.26], ""type"": ""handwritten"", ""text"": """"}]"
27ef34c2-c89a-4117-9e6a-b497c961735c.jpg,"[{""bbox"": [1125.53, 2354.96, 1521.29, 2737.85], ""type"": ""image"", ""text"": """"}, {""bbox"": [370.59, 1889.01, 2427.35, 1957.99], ""type"": ""printed"", ""text"": """"}, {""bbox"": [377.06, 1574.06, 2354.75, 1641.28], ""type"": ""printed"", ""text"": """"}, {""bbox"": [444.27, 755.19, 607.95, 793.99], ""type"": ""printed"", ""text"": """"}, {""bbox"": [370.61, 1991.18, 2448.92, 2062.47], ""type"": ""printed"", ""text"": """"}, {""bbox"": [267.15, 801.51, 784.04, 835.56], ""type"": ""printed"", ""text"": """"}, {""bbox"": [217.08, 208.77, 840.23, 265.36], ""type"": ""printed"", ""text"": """"}, {""bbox"": [374.36, 1680.22, 1028.52, 1741.35], ""type"": ""printed"", ""text"": """"}, {""bbox"": [199.91, 578.23, 930.07, 631.07], ""type"": ""printed"", ""text"": """"}, {""bbox"": [409.44, 673.25, 639.26, 720.57], ""type"": ""printed"", ""text"": """"}, {""bbox"": [374.63, 2097.87, 1406.0, 2161.92], ""type"": ""printed"", ""text"": """"}, {""bbox"": [403.97, 468.94, 653.94, 522.73], ""type"": ""printed"", ""text"": """"}, {""bbox"": [152.48, 2447.69, 960.51, 2764.7], ""type"": ""image"", ""text"": """"}, {""bbox"": [826.66, 1467.38, 1866.74, 1534.01], ""type"": ""printed"", ""text"": """"}, {""bbox"": [188.79, 405.87, 867.26, 460.41], ""type"": ""printed"", ""text"": """"}, {""bbox"": [822.13, 980.05, 2064.74, 1037.76], ""type"": ""printed"", ""text"": """"}, {""bbox"": [401.67, 275.68, 650.06, 323.63], ""type"": ""printed"", ""text"": """"}, {""bbox"": [358.06, 145.78, 694.94, 200.2], ""type"": ""printed"", ""text"": """"}, {""bbox"": [1230.09, 1089.77, 1695.4, 1138.06], ""type"": ""printed"", ""text"": """"}, {""bbox"": [1009.39, 1367.67, 2296.74, 1429.75], ""type"": ""printed"", ""text"": """"}, {""bbox"": [366.18, 344.06, 692.57, 400.91], ""type"": ""printed"", ""text"": """"}, {""bbox"": [1913.34, 2616.57, 2319.64, 2749.99], ""type"": ""image"", ""text"": """"}, {""bbox"": [1027.76, 2311.19, 1468.36, 2371.9], ""type"": ""printed"", ""text"": """"}, {""bbox"": [988.51, 1788.84, 2225.04, 1850.28], ""type"": ""printed"", ""text"": """"}, {""bbox"": [479.28, 2690.37, 666.06, 2730.63], ""type"": ""printed"", ""text"": """"}, {""bbox"": [1166.03, 826.73, 1225.75, 874.97], ""type"": ""printed"", ""text"": """"}, {""bbox"": [2169.6, 160.68, 2313.54, 304.94], ""type"": ""annotation"", ""text"": """"}, {""bbox"": [1947.69, 2690.5, 2294.22, 2740.44], ""type"": ""printed"", ""text"": """"}, {""bbox"": [1975.74, 2621.17, 2319.88, 2692.77], ""type"": ""handwritten"", ""text"": """"}]"
2930d9df-572f-4514-802d-bd13be6d0003.jpg,"[{""bbox"": [134.95, 599.24, 2250.63, 744.54], ""type"": ""handwritten"", ""text"": """"}, {""bbox"": [123.77, 2386.96, 2167.68, 2534.93], ""type"": ""handwritten"", ""text"": """"}, {""bbox"": [121.23, 2672.5, 2247.76, 2834.52], ""type"": ""handwritten"", ""text"": """"}, {""bbox"": [91.62, 2815.52, 2170.18, 2975.84], ""type"": ""handwritten"", ""text"": """"}, {""bbox"": [336.28, 456.19, 2214.47, 615.95], ""type"": ""handwritten"", ""text"": """"}, {""bbox"": [130.69, 722.9, 2203.53, 892.36], ""type"": ""handwritten"", ""text"": """"}, {""bbox"": [84.37, 2961.75, 2048.06, 3127.31], ""type"": ""handwritten"", ""text"": """"}, {""bbox"": [149.86, 1527.84, 2270.33, 1704.28], ""type"": ""handwritten"", ""text"": """"}, {""bbox"": [79.44, 3112.61, 2151.14, 3283.35], ""type"": ""handwritten"", ""text"": """"}, {""bbox"": [264.25, 1251.53, 2264.27, 1415.36], ""type"": ""handwritten"", ""text"": """"}, {""bbox"": [224.57, 1116.75, 2128.64, 1270.25], ""type"": ""handwritten"", ""text"": """"}, {""bbox"": [229.43, 973.93, 2130.32, 1140.87], ""type"": ""handwritten"", ""text"": """"}, {""bbox"": [152.99, 1679.48, 1932.92, 1823.89], ""type"": ""handwritten"", ""text"": """"}, {""bbox"": [133.19, 2515.95, 2219.81, 2689.85], ""type"": ""handwritten"", ""text"": """"}, {""bbox"": [125.48, 1948.59, 2215.61, 2132.03], ""type"": ""handwritten"", ""text"": """"}, {""bbox"": [343.31, 1384.01, 2271.28, 1554.54], ""type"": ""handwritten"", ""text"": """"}, {""bbox"": [118.33, 2090.79, 1165.37, 2224.4], ""type"": ""handwritten"", ""text"": """"}, {""bbox"": [134.05, 1801.64, 2220.68, 1966.81], ""type"": ""handwritten"", ""text"": """"}, {""bbox"": [330.01, 2220.4, 2148.78, 2406.86], ""type"": ""handwritten"", ""text"": """"}, {""bbox"": [55.05, 3260.4, 1423.39, 3422.63], ""type"": ""handwritten"", ""text"": """"}, {""bbox"": [533.95, 212.8, 2210.37, 376.92], ""type"": ""handwritten"", ""text"": """"}, {""bbox"": [558.68, 326.46, 1500.01, 475.83], ""type"": ""handwritten"", ""text"": """"}, {""bbox"": [228.34, 844.5, 1348.03, 986.42], ""type"": ""handwritten"", ""text"": """"}, {""bbox"": [1008.47, 106.45, 1812.94, 221.65], ""type"": ""handwritten"", ""text"": """"}, {""bbox"": [540.29, 264.79, 2210.43, 477.95], ""type"": ""handwritten"", ""text"": """"}]"
2a8a7785-2a06-5b1c-92af-35397c96bdd0.jpg,"[{""bbox"": [194.14, 2812.2, 3110.44, 3036.31], ""type"": ""handwritten"", ""text"": """"}, {""bbox"": [225.84, 1836.6, 2821.71, 2037.74], ""type"": ""handwritten"", ""text"": """"}, {""bbox"": [136.08, 3918.49, 3264.35, 4189.96], ""type"": ""handwritten"", ""text"": """"}, {""bbox"": [249.76, 1461.9, 3117.28, 1656.87], ""type"": ""handwritten"", ""text"": """"}, {""bbox"": [167.64, 3669.87, 3325.41, 3941.08], ""type"": ""handwritten"", ""text"": """"}, {""bbox"": [211.83, 3022.78, 3111.31, 3261.11], ""type"": ""handwritten"", ""text"": """"}, {""bbox"": [202.68, 3241.72, 3197.08, 3484.18], ""type"": ""handwritten"", ""text"": """"}, {""bbox"": [410.51, 574.12, 2705.43, 766.17], ""type"": ""handwritten"", ""text"": """"}, {""bbox"": [198.43, 3461.35, 3313.46, 3699.15], ""type"": ""handwritten"", ""text"": """"}, {""bbox"": [105.57, 4174.33, 3022.85, 4421.48], ""type"": ""handwritten"", ""text"": """"}, {""bbox"": [251.67, 1636.95, 3133.56, 1855.49], ""type"": ""handwritten"", ""text"": """"}, {""bbox"": [397.34, 380.69, 2983.26, 593.07], ""type"": ""handwritten"", ""text"": """"}, {""bbox"": [270.26, 2021.82, 3179.81, 2224.12], ""type"": ""handwritten"", ""text"": """"}, {""bbox"": [304.05, 752.83, 2935.56, 935.58], ""type"": ""handwritten"", ""text"": """"}, {""bbox"": [299.03, 1099.85, 2943.05, 1286.27], ""type"": ""handwritten"", ""text"": """"}, {""bbox"": [288.35, 922.96, 2734.28, 1116.09], ""type"": ""handwritten"", ""text"": """"}, {""bbox"": [231.25, 2206.8, 2878.48, 2415.46], ""type"": ""handwritten"", ""text"": """"}, {""bbox"": [173.56, 2609.98, 2617.53, 2816.42], ""type"": ""handwritten"", ""text"": """"}, {""bbox"": [254.09, 1288.1, 2767.68, 1483.05], ""type"": ""handwritten"", ""text"": """"}, {""bbox"": [205.08, 2401.88, 2657.8, 2631.95], ""type"": ""handwritten"", ""text"": """"}]"
2a9a0fa6-30af-45d8-8fde-8eccfda9af19.jpg,"[{""bbox"": [340.28, 178.49, 2642.64, 337.44], ""type"": ""handwritten"", ""text"": """"}, {""bbox"": [116.81, 333.28, 1298.11, 482.93], ""type"": ""handwritten"", ""text"": """"}, {""bbox"": [319.03, 496.32, 2734.77, 675.73], ""type"": ""handwritten"", ""text"": """"}, {""bbox"": [38.23, 2911.88, 2357.62, 3131.57], ""type"": ""handwritten"", ""text"": """"}, {""bbox"": [1002.31, 43.6, 1572.56, 176.62], ""type"": ""handwritten"", ""text"": """"}, {""bbox"": [44.15, 2029.78, 2614.41, 2321.09], ""type"": ""handwritten"", ""text"": """"}, {""bbox"": [90.99, 785.95, 2407.98, 1029.74], ""type"": ""handwritten"", ""text"": """"}, {""bbox"": [65.16, 1575.61, 2535.08, 1874.86], ""type"": ""handwritten"", ""text"": """"}, {""bbox"": [67.91, 1714.57, 956.46, 1845.28], ""type"": ""handwritten"", ""text"": """"}, {""bbox"": [85.04, 642.94, 2632.93, 909.34], ""type"": ""handwritten"", ""text"": """"}, {""bbox"": [60.87, 2446.94, 2725.84, 2794.44], ""type"": ""handwritten"", ""text"": """"}, {""bbox"": [30.39, 2354.25, 2490.38, 2623.72], ""type"": ""handwritten"", ""text"": """"}, {""bbox"": [91.35, 912.23, 2589.87, 1160.5], ""type"": ""handwritten"", ""text"": """"}, {""bbox"": [125.76, 2585.22, 767.51, 2699.2], ""type"": ""handwritten"", ""text"": """"}, {""bbox"": [212.69, 2259.43, 2543.95, 2526.51], ""type"": ""handwritten"", ""text"": """"}, {""bbox"": [187.06, 2655.4, 2639.35, 2920.6], ""type"": ""handwritten"", ""text"": """"}, {""bbox"": [84.58, 1410.71, 2645.48, 1727.37], ""type"": ""handwritten"", ""text"": """"}, {""bbox"": [85.56, 1015.81, 2531.11, 1283.46], ""type"": ""handwritten"", ""text"": """"}, {""bbox"": [29.6, 2783.11, 2524.75, 3037.11], ""type"": ""handwritten"", ""text"": """"}, {""bbox"": [39.84, 1226.86, 2163.15, 1483.36], ""type"": ""handwritten"", ""text"": """"}, {""bbox"": [75.78, 1133.01, 2674.01, 1392.96], ""type"": ""handwritten"", ""text"": """"}, {""bbox"": [73.27, 1500.77, 2651.33, 1771.21], ""type"": ""handwritten"", ""text"": """"}, {""bbox"": [123.32, 1828.58, 2703.17, 2119.48], ""type"": ""handwritten"", ""text"": """"}, {""bbox"": [244.43, 1363.04, 2657.36, 1590.95], ""type"": ""handwritten"", ""text"": """"}, {""bbox"": [53.71, 1960.86, 2597.55, 2219.89], ""type"": ""handwritten"", ""text"": """"}, {""bbox"": [45.74, 2155.06, 1272.67, 2298.56], ""type"": ""handwritten"", ""text"": """"}]"
2ab689ce-5a01-4285-aacf-f48a680fe422.jpg,"[{""bbox"": [248.15, 3434.05, 1967.68, 3575.04], ""type"": ""handwritten"", ""text"": """"}, {""bbox"": [42.02, 592.33, 2682.08, 732.54], ""type"": ""handwritten"", ""text"": """"}, {""bbox"": [55.75, 710.51, 2784.16, 843.53], ""type"": ""handwritten"", ""text"": """"}, {""bbox"": [53.75, 366.33, 2286.29, 509.49], ""type"": ""handwritten"", ""text"": """"}, {""bbox"": [113.1, 1893.86, 2927.52, 2063.29], ""type"": ""handwritten"", ""text"": """"}, {""bbox"": [366.35, 11.83, 1452.51, 175.01], ""type"": ""handwritten"", ""text"": """"}, {""bbox"": [228.12, 3322.38, 2630.37, 3448.5], ""type"": ""handwritten"", ""text"": """"}, {""bbox"": [214.29, 3027.87, 2828.47, 3152.41], ""type"": ""handwritten"", ""text"": """"}, {""bbox"": [83.53, 1222.06, 2843.1, 1350.06], ""type"": ""handwritten"", ""text"": """"}, {""bbox"": [190.4, 3222.9, 2603.42, 3340.51], ""type"": ""handwritten"", ""text"": """"}, {""bbox"": [181.59, 3131.81, 2608.52, 3243.66], ""type"": ""handwritten"", ""text"": """"}, {""bbox"": [169.48, 2799.47, 2933.35, 2930.05], ""type"": ""handwritten"", ""text"": """"}, {""bbox"": [172.87, 248.06, 2912.21, 389.81], ""type"": ""handwritten"", ""text"": """"}, {""bbox"": [16.78, 1120.93, 2852.87, 1248.01], ""type"": ""handwritten"", ""text"": """"}, {""bbox"": [96.15, 1426.17, 2826.54, 1564.18], ""type"": ""handwritten"", ""text"": """"}, {""bbox"": [21.82, 1020.92, 2669.57, 1145.59], ""type"": ""handwritten"", ""text"": """"}, {""bbox"": [108.11, 2091.02, 2787.96, 2282.99], ""type"": ""handwritten"", ""text"": """"}, {""bbox"": [212.35, 2686.68, 2940.81, 2824.26], ""type"": ""handwritten"", ""text"": """"}, {""bbox"": [109.99, 2282.8, 2934.21, 2468.08], ""type"": ""handwritten"", ""text"": """"}, {""bbox"": [91.54, 1323.08, 2809.35, 1466.19], ""type"": ""handwritten"", ""text"": """"}, {""bbox"": [36.4, 819.13, 2776.95, 950.63], ""type"": ""handwritten"", ""text"": """"}, {""bbox"": [135.36, 486.4, 1043.37, 609.77], ""type"": ""handwritten"", ""text"": """"}, {""bbox"": [28.58, 924.14, 2792.69, 1051.24], ""type"": ""handwritten"", ""text"": """"}, {""bbox"": [628.88, 146.1, 1431.93, 269.13], ""type"": ""handwritten"", ""text"": """"}, {""bbox"": [146.57, 2471.56, 2953.66, 2633.21], ""type"": ""handwritten"", ""text"": """"}, {""bbox"": [87.32, 1789.61, 2919.33, 1944.18], ""type"": ""handwritten"", ""text"": """"}, {""bbox"": [79.63, 1586.14, 2927.13, 1738.24], ""type"": ""handwritten"", ""text"": """"}, {""bbox"": [165.94, 2909.43, 1963.11, 3043.1], ""type"": ""handwritten"", ""text"": """"}, {""bbox"": [74.65, 2026.92, 1196.11, 2167.43], ""type"": ""handwritten"", ""text"": """"}, {""bbox"": [75.49, 1697.28, 2805.43, 1834.36], ""type"": ""handwritten"", ""text"": """"}, {""bbox"": [148.2, 2411.86, 1485.66, 2554.33], ""type"": ""handwritten"", ""text"": """"}, {""bbox"": [114.1, 2564.12, 2614.9, 2735.32], ""type"": ""handwritten"", ""text"": """"}, {""bbox"": [2162.2, 1.75, 2686.94, 116.42], ""type"": ""annotation"", ""text"": """"}, {""bbox"": [90.98, 1525.48, 2615.22, 1663.87], ""type"": ""handwritten"", ""text"": """"}, {""bbox"": [99.96, 2189.86, 2941.5, 2405.51], ""type"": ""handwritten"", ""text"": """"}, {""bbox"": [1525.86, 367.34, 2258.39, 488.27], ""type"": ""handwritten"", ""text"": """"}, {""bbox"": [128.74, 2327.63, 1463.44, 2538.86], ""type"": ""handwritten"", ""text"": """"}, {""bbox"": [90.28, 1869.85, 2931.09, 2179.04], ""type"": ""handwritten"", ""text"": """"}]"
2c0ef89b-07e4-45f8-9bdc-81360d08de8c.jpg,"[{""bbox"": [250.58, 3406.27, 3928.55, 3695.66], ""type"": ""handwritten"", ""text"": """"}, {""bbox"": [206.74, 4636.99, 4299.39, 4952.7], ""type"": ""handwritten"", ""text"": """"}, {""bbox"": [89.2, 1963.27, 4071.72, 2256.75], ""type"": ""handwritten"", ""text"": """"}, {""bbox"": [57.04, 5167.71, 4144.36, 5437.06], ""type"": ""handwritten"", ""text"": """"}, {""bbox"": [70.93, 4408.9, 3058.56, 4656.93], ""type"": ""handwritten"", ""text"": """"}, {""bbox"": [68.12, 4912.27, 3831.12, 5197.7], ""type"": ""handwritten"", ""text"": """"}, {""bbox"": [606.33, 182.53, 1970.9, 459.04], ""type"": ""handwritten"", ""text"": """"}, {""bbox"": [85.19, 1716.84, 4068.37, 1990.54], ""type"": ""handwritten"", ""text"": """"}, {""bbox"": [69.66, 3903.31, 4285.02, 4199.08], ""type"": ""handwritten"", ""text"": """"}, {""bbox"": [84.86, 2933.76, 4038.22, 3234.78], ""type"": ""handwritten"", ""text"": """"}, {""bbox"": [84.24, 2214.62, 4333.19, 2471.87], ""type"": ""handwritten"", ""text"": """"}, {""bbox"": [76.43, 4170.31, 4205.08, 4453.89], ""type"": ""handwritten"", ""text"": """"}, {""bbox"": [54.31, 5405.97, 4209.04, 5700.3], ""type"": ""handwritten"", ""text"": """"}, {""bbox"": [213.86, 464.76, 4309.12, 796.7], ""type"": ""handwritten"", ""text"": """"}, {""bbox"": [82.3, 1207.29, 4342.14, 1508.83], ""type"": ""handwritten"", ""text"": """"}, {""bbox"": [78.73, 2436.56, 4529.82, 2728.37], ""type"": ""handwritten"", ""text"": """"}, {""bbox"": [108.54, 739.8, 3484.63, 1005.87], ""type"": ""handwritten"", ""text"": """"}, {""bbox"": [82.04, 1454.17, 4328.52, 1772.98], ""type"": ""handwritten"", ""text"": """"}, {""bbox"": [75.98, 2679.95, 4246.44, 2968.74], ""type"": ""handwritten"", ""text"": """"}, {""bbox"": [67.7, 3676.17, 4214.47, 3953.85], ""type"": ""handwritten"", ""text"": """"}, {""bbox"": [96.75, 3187.35, 2528.26, 3421.97], ""type"": ""handwritten"", ""text"": """"}, {""bbox"": [159.67, 966.3, 4417.91, 1264.79], ""type"": ""handwritten"", ""text"": """"}, {""bbox"": [46.45, 5670.68, 4720.1, 6012.32], ""type"": ""handwritten"", ""text"": """"}, {""bbox"": [0.0, 6297.65, 2179.37, 6358.78], ""type"": ""printed"", ""text"": """"}]"
2c17848f-8fe2-4ed4-abf3-8705a4603384.jpg,"[{""bbox"": [99.75, 2422.02, 2597.47, 2579.21], ""type"": ""handwritten"", ""text"": """"}, {""bbox"": [111.49, 1717.32, 2684.34, 1872.57], ""type"": ""handwritten"", ""text"": """"}, {""bbox"": [104.59, 3001.82, 2644.5, 3154.7], ""type"": ""handwritten"", ""text"": """"}, {""bbox"": [294.64, 496.29, 2591.44, 642.86], ""type"": ""handwritten"", ""text"": """"}, {""bbox"": [127.42, 1305.14, 2605.85, 1459.56], ""type"": ""handwritten"", ""text"": """"}, {""bbox"": [238.48, 1997.31, 2559.25, 2147.31], ""type"": ""handwritten"", ""text"": """"}, {""bbox"": [110.07, 1864.96, 2629.57, 2013.76], ""type"": ""handwritten"", ""text"": """"}, {""bbox"": [158.52, 641.38, 2076.75, 781.0], ""type"": ""handwritten"", ""text"": """"}, {""bbox"": [96.55, 2280.55, 2469.47, 2432.94], ""type"": ""handwritten"", ""text"": """"}, {""bbox"": [106.4, 2711.58, 2521.73, 2861.91], ""type"": ""handwritten"", ""text"": """"}, {""bbox"": [104.63, 2568.62, 2563.01, 2725.27], ""type"": ""handwritten"", ""text"": """"}, {""bbox"": [147.26, 892.66, 2522.05, 1044.3], ""type"": ""handwritten"", ""text"": """"}, {""bbox"": [132.7, 1172.28, 2604.52, 1323.81], ""type"": ""handwritten"", ""text"": """"}, {""bbox"": [347.0, 765.54, 2588.82, 902.25], ""type"": ""handwritten"", ""text"": """"}, {""bbox"": [121.67, 3297.38, 2422.24, 3456.24], ""type"": ""handwritten"", ""text"": """"}, {""bbox"": [98.78, 2858.92, 2569.62, 3013.75], ""type"": ""handwritten"", ""text"": """"}, {""bbox"": [136.67, 1455.63, 2457.29, 1595.71], ""type"": ""handwritten"", ""text"": """"}, {""bbox"": [131.42, 1584.28, 2587.03, 1731.59], ""type"": ""handwritten"", ""text"": """"}, {""bbox"": [590.57, 241.55, 2407.5, 379.0], ""type"": ""handwritten"", ""text"": """"}, {""bbox"": [107.84, 2140.24, 2520.2, 2298.83], ""type"": ""handwritten"", ""text"": """"}, {""bbox"": [99.61, 3149.94, 2694.38, 3306.47], ""type"": ""handwritten"", ""text"": """"}, {""bbox"": [145.16, 1034.01, 2605.64, 1191.36], ""type"": ""handwritten"", ""text"": """"}, {""bbox"": [744.2, 375.27, 1568.28, 507.69], ""type"": ""handwritten"", ""text"": """"}, {""bbox"": [729.46, 372.64, 2587.43, 499.09], ""type"": ""handwritten"", ""text"": """"}]"
2c4689f3-1195-4adc-bf62-8ec3a1b7b339.jpg,"[{""bbox"": [314.29, 426.22, 1900.04, 600.57], ""type"": ""handwritten"", ""text"": """"}, {""bbox"": [56.02, 1436.89, 1800.93, 1569.64], ""type"": ""handwritten"", ""text"": """"}, {""bbox"": [26.78, 1746.59, 1823.87, 1882.22], ""type"": ""handwritten"", ""text"": """"}, {""bbox"": [99.92, 1138.18, 1512.46, 1262.45], ""type"": ""handwritten"", ""text"": """"}, {""bbox"": [34.37, 1957.81, 1762.87, 2094.8], ""type"": ""handwritten"", ""text"": """"}, {""bbox"": [144.11, 839.02, 1856.26, 972.21], ""type"": ""handwritten"", ""text"": """"}, {""bbox"": [60.85, 1544.93, 1868.47, 1676.69], ""type"": ""handwritten"", ""text"": """"}, {""bbox"": [77.59, 1240.24, 1680.37, 1364.3], ""type"": ""handwritten"", ""text"": """"}, {""bbox"": [224.54, 937.03, 1679.79, 1084.46], ""type"": ""handwritten"", ""text"": """"}, {""bbox"": [16.29, 1846.77, 1837.3, 1987.3], ""type"": ""handwritten"", ""text"": """"}, {""bbox"": [304.56, 752.97, 1854.05, 876.38], ""type"": ""handwritten"", ""text"": """"}, {""bbox"": [102.88, 645.73, 1641.45, 781.03], ""type"": ""handwritten"", ""text"": """"}, {""bbox"": [85.7, 1334.62, 1819.23, 1474.17], ""type"": ""handwritten"", ""text"": """"}, {""bbox"": [203.98, 1033.24, 1627.02, 1165.33], ""type"": ""handwritten"", ""text"": """"}, {""bbox"": [116.25, 544.65, 1665.95, 703.94], ""type"": ""handwritten"", ""text"": """"}, {""bbox"": [24.59, 2276.16, 703.05, 2391.2], ""type"": ""handwritten"", ""text"": """"}, {""bbox"": [752.75, 24.92, 1389.39, 198.2], ""type"": ""handwritten"", ""text"": """"}, {""bbox"": [641.99, 223.75, 1479.71, 435.28], ""type"": ""handwritten"", ""text"": """"}, {""bbox"": [55.43, 1651.85, 1772.88, 1778.41], ""type"": ""handwritten"", ""text"": """"}, {""bbox"": [62.96, 2166.18, 1861.72, 2329.34], ""type"": ""handwritten"", ""text"": """"}, {""bbox"": [31.81, 2065.33, 1760.71, 2195.47], ""type"": ""handwritten"", ""text"": """"}]"
2c52754e-ce26-415c-8878-de4bca776ed7.jpg,"[{""bbox"": [137.24, 263.13, 846.58, 329.12], ""type"": ""handwritten"", ""text"": """"}, {""bbox"": [153.39, 519.38, 929.35, 593.77], ""type"": ""handwritten"", ""text"": """"}, {""bbox"": [242.49, 390.51, 911.78, 452.06], ""type"": ""handwritten"", ""text"": """"}, {""bbox"": [149.71, 458.81, 925.45, 522.4], ""type"": ""handwritten"", ""text"": """"}, {""bbox"": [172.51, 793.57, 861.9, 867.75], ""type"": ""handwritten"", ""text"": """"}, {""bbox"": [132.52, 328.56, 858.28, 392.35], ""type"": ""handwritten"", ""text"": """"}, {""bbox"": [165.55, 858.66, 876.95, 932.84], ""type"": ""handwritten"", ""text"": """"}, {""bbox"": [169.09, 929.25, 964.84, 1014.71], ""type"": ""handwritten"", ""text"": """"}, {""bbox"": [164.14, 589.02, 937.02, 658.82], ""type"": ""handwritten"", ""text"": """"}, {""bbox"": [167.78, 724.09, 958.74, 791.71], ""type"": ""handwritten"", ""text"": """"}, {""bbox"": [170.07, 1005.46, 838.93, 1084.41], ""type"": ""handwritten"", ""text"": """"}, {""bbox"": [169.45, 1144.67, 914.21, 1223.34], ""type"": ""handwritten"", ""text"": """"}, {""bbox"": [400.82, 91.73, 767.34, 165.69], ""type"": ""handwritten"", ""text"": """"}, {""bbox"": [238.63, 195.4, 943.67, 258.5], ""type"": ""handwritten"", ""text"": """"}, {""bbox"": [163.82, 656.4, 924.66, 727.78], ""type"": ""handwritten"", ""text"": """"}, {""bbox"": [161.32, 1212.83, 963.36, 1304.41], ""type"": ""handwritten"", ""text"": """"}, {""bbox"": [155.04, 1287.23, 953.53, 1370.76], ""type"": ""handwritten"", ""text"": """"}, {""bbox"": [164.07, 1073.45, 951.47, 1163.54], ""type"": ""handwritten"", ""text"": """"}, {""bbox"": [479.34, 1369.14, 666.11, 1447.03], ""type"": ""handwritten"", ""text"": """"}]"
2c52e21f-f145-4e1e-ae0e-f44e3769a8d0.jpg,"[{""bbox"": [310.27, 2915.54, 2533.11, 3085.88], ""type"": ""handwritten"", ""text"": """"}, {""bbox"": [366.23, 2031.11, 2471.43, 2183.09], ""type"": ""handwritten"", ""text"": """"}, {""bbox"": [82.8, 3197.98, 2584.69, 3366.98], ""type"": ""handwritten"", ""text"": """"}, {""bbox"": [157.3, 2402.24, 2477.6, 2558.83], ""type"": ""handwritten"", ""text"": """"}, {""bbox"": [73.46, 3345.9, 2576.08, 3533.26], ""type"": ""handwritten"", ""text"": """"}, {""bbox"": [144.7, 2662.39, 2522.24, 2831.95], ""type"": ""handwritten"", ""text"": """"}, {""bbox"": [267.54, 646.57, 2422.89, 809.67], ""type"": ""handwritten"", ""text"": """"}, {""bbox"": [213.85, 1800.26, 2387.74, 1950.48], ""type"": ""handwritten"", ""text"": """"}, {""bbox"": [170.09, 2278.42, 2448.99, 2428.98], ""type"": ""handwritten"", ""text"": """"}, {""bbox"": [139.03, 2787.9, 879.16, 2922.21], ""type"": ""handwritten"", ""text"": """"}, {""bbox"": [143.63, 2537.45, 2529.72, 2687.06], ""type"": ""handwritten"", ""text"": """"}, {""bbox"": [433.27, 190.2, 2365.75, 354.66], ""type"": ""handwritten"", ""text"": """"}, {""bbox"": [173.99, 2160.06, 2377.01, 2305.68], ""type"": ""handwritten"", ""text"": """"}, {""bbox"": [214.25, 1323.39, 2391.24, 1466.96], ""type"": ""handwritten"", ""text"": """"}, {""bbox"": [226.62, 1914.2, 922.95, 2032.96], ""type"": ""handwritten"", ""text"": """"}, {""bbox"": [109.19, 3065.08, 2520.24, 3218.91], ""type"": ""handwritten"", ""text"": """"}, {""bbox"": [636.88, 37.58, 1661.39, 185.5], ""type"": ""handwritten"", ""text"": """"}, {""bbox"": [417.48, 530.51, 1338.05, 665.45], ""type"": ""handwritten"", ""text"": """"}, {""bbox"": [284.89, 321.25, 2387.82, 492.78], ""type"": ""handwritten"", ""text"": """"}, {""bbox"": [219.75, 1663.08, 2414.69, 1826.35], ""type"": ""handwritten"", ""text"": """"}, {""bbox"": [208.88, 1441.72, 2443.29, 1586.52], ""type"": ""handwritten"", ""text"": """"}, {""bbox"": [233.4, 1220.05, 2399.78, 1350.66], ""type"": ""handwritten"", ""text"": """"}, {""bbox"": [275.49, 421.71, 1465.85, 569.2], ""type"": ""handwritten"", ""text"": """"}, {""bbox"": [228.56, 1097.01, 2394.02, 1240.89], ""type"": ""handwritten"", ""text"": """"}, {""bbox"": [229.82, 870.4, 2458.06, 1029.43], ""type"": ""handwritten"", ""text"": """"}, {""bbox"": [229.4, 986.52, 2204.55, 1132.61], ""type"": ""handwritten"", ""text"": """"}, {""bbox"": [225.76, 1550.49, 2472.08, 1708.78], ""type"": ""handwritten"", ""text"": """"}, {""bbox"": [250.88, 762.45, 2278.74, 918.53], ""type"": ""handwritten"", ""text"": """"}]"
2cd6b7b0-e0b1-4459-b39f-1dda4134fb57.jpg,"[{""bbox"": [877.91, 857.51, 2374.53, 926.58], ""type"": ""printed"", ""text"": """"}, {""bbox"": [134.08, 469.67, 715.58, 596.29], ""type"": ""handwritten"", ""text"": """"}, {""bbox"": [876.73, 748.88, 2412.58, 823.22], ""type"": ""printed"", ""text"": """"}, {""bbox"": [1142.5, 105.43, 2380.66, 284.1], ""type"": ""handwritten"", ""text"": """"}, {""bbox"": [882.26, 1177.68, 2400.01, 1244.19], ""type"": ""printed"", ""text"": """"}, {""bbox"": [127.01, 386.75, 684.69, 453.24], ""type"": ""printed"", ""text"": """"}, {""bbox"": [1067.81, 1073.37, 2343.84, 1139.11], ""type"": ""printed"", ""text"": """"}, {""bbox"": [186.74, 282.64, 541.79, 348.88], ""type"": ""printed"", ""text"": """"}, {""bbox"": [890.29, 1506.44, 1643.22, 1567.88], ""type"": ""printed"", ""text"": """"}, {""bbox"": [877.71, 967.92, 1404.23, 1035.84], ""type"": ""printed"", ""text"": """"}, {""bbox"": [222.75, 187.23, 441.96, 238.42], ""type"": ""handwritten"", ""text"": """"}, {""bbox"": [1636.61, 1447.33, 2200.13, 1660.02], ""type"": ""image"", ""text"": """"}, {""bbox"": [1119.36, 652.74, 2282.53, 713.14], ""type"": ""printed"", ""text"": """"}, {""bbox"": [1076.46, 1459.57, 1324.04, 1512.27], ""type"": ""printed"", ""text"": """"}, {""bbox"": [879.47, 1297.64, 1221.85, 1350.1], ""type"": ""printed"", ""text"": """"}, {""bbox"": [1079.29, 1459.27, 1322.21, 1490.09], ""type"": ""printed"", ""text"": """"}, {""bbox"": [2207.0, 219.57, 2325.33, 378.04], ""type"": ""annotation"", ""text"": """"}, {""bbox"": [879.2, 753.2, 1574.45, 821.51], ""type"": ""printed"", ""text"": """"}, {""bbox"": [882.13, 1438.88, 2209.46, 1667.06], ""type"": ""handwritten"", ""text"": """"}]"
2d6d084a-84db-5133-832d-cee551c9cd94.jpg,"[{""bbox"": [126.15, 1571.12, 3219.65, 1800.67], ""type"": ""handwritten"", ""text"": """"}, {""bbox"": [24.34, 2360.04, 2829.58, 2605.1], ""type"": ""handwritten"", ""text"": """"}, {""bbox"": [30.68, 2571.43, 3075.58, 2838.82], ""type"": ""handwritten"", ""text"": """"}, {""bbox"": [94.92, 1780.01, 2918.66, 1982.87], ""type"": ""handwritten"", ""text"": """"}, {""bbox"": [7.78, 2779.04, 3132.19, 3056.74], ""type"": ""handwritten"", ""text"": """"}, {""bbox"": [2.78, 3006.84, 3009.38, 3278.9], ""type"": ""handwritten"", ""text"": """"}, {""bbox"": [170.88, 794.95, 2661.89, 1052.67], ""type"": ""handwritten"", ""text"": """"}, {""bbox"": [160.43, 1211.65, 2583.6, 1414.97], ""type"": ""handwritten"", ""text"": """"}, {""bbox"": [198.33, 309.75, 3311.49, 697.79], ""type"": ""handwritten"", ""text"": """"}, {""bbox"": [182.76, 1023.07, 2557.25, 1238.48], ""type"": ""handwritten"", ""text"": """"}, {""bbox"": [151.61, 1390.56, 3259.5, 1608.41], ""type"": ""handwritten"", ""text"": """"}, {""bbox"": [3.65, 3224.45, 2471.04, 3561.25], ""type"": ""handwritten"", ""text"": """"}, {""bbox"": [85.2, 1957.77, 2789.39, 2193.82], ""type"": ""handwritten"", ""text"": """"}, {""bbox"": [185.75, 559.06, 3213.82, 906.5], ""type"": ""handwritten"", ""text"": """"}, {""bbox"": [46.79, 2162.82, 2748.61, 2403.09], ""type"": ""handwritten"", ""text"": """"}, {""bbox"": [1920.77, 778.33, 2656.6, 1017.64], ""type"": ""handwritten"", ""text"": """"}]"
2d7ee75e-a401-46bc-b4e8-c536c7ecfd9b.jpg,"[{""bbox"": [163.42, 2500.49, 2157.54, 2610.7], ""type"": ""handwritten"", ""text"": """"}, {""bbox"": [96.66, 1435.13, 2139.43, 1545.95], ""type"": ""handwritten"", ""text"": """"}, {""bbox"": [62.25, 2597.68, 2183.41, 2697.33], ""type"": ""handwritten"", ""text"": """"}, {""bbox"": [223.98, 244.5, 2129.59, 345.44], ""type"": ""handwritten"", ""text"": """"}, {""bbox"": [104.45, 1009.79, 2178.86, 1091.79], ""type"": ""handwritten"", ""text"": """"}, {""bbox"": [71.97, 2860.31, 2247.05, 2975.57], ""type"": ""handwritten"", ""text"": """"}, {""bbox"": [530.86, 93.06, 1022.19, 162.54], ""type"": ""handwritten"", ""text"": """"}, {""bbox"": [69.3, 2348.63, 2217.04, 2450.01], ""type"": ""handwritten"", ""text"": """"}, {""bbox"": [112.42, 943.12, 2197.2, 1021.31], ""type"": ""handwritten"", ""text"": """"}, {""bbox"": [59.99, 2682.14, 2185.86, 2785.64], ""type"": ""handwritten"", ""text"": """"}, {""bbox"": [341.46, 155.52, 1131.69, 256.29], ""type"": ""handwritten"", ""text"": """"}, {""bbox"": [150.92, 330.89, 2191.44, 421.5], ""type"": ""handwritten"", ""text"": """"}, {""bbox"": [82.1, 2196.7, 2228.92, 2285.56], ""type"": ""handwritten"", ""text"": """"}, {""bbox"": [74.74, 2269.69, 2219.32, 2366.06], ""type"": ""handwritten"", ""text"": """"}, {""bbox"": [191.3, 1569.66, 2210.44, 1681.6], ""type"": ""handwritten"", ""text"": """"}, {""bbox"": [84.41, 2121.35, 2112.13, 2211.99], ""type"": ""handwritten"", ""text"": """"}, {""bbox"": [73.8, 2770.99, 2235.97, 2875.54], ""type"": ""handwritten"", ""text"": """"}, {""bbox"": [124.88, 708.49, 2176.8, 800.92], ""type"": ""handwritten"", ""text"": """"}, {""bbox"": [77.0, 1964.64, 2000.09, 2060.82], ""type"": ""handwritten"", ""text"": """"}, {""bbox"": [124.66, 785.55, 2199.71, 879.73], ""type"": ""handwritten"", ""text"": """"}, {""bbox"": [165.25, 2043.93, 2229.97, 2137.45], ""type"": ""handwritten"", ""text"": """"}, {""bbox"": [119.08, 866.14, 2205.8, 956.12], ""type"": ""handwritten"", ""text"": """"}, {""bbox"": [122.41, 622.98, 2210.49, 726.09], ""type"": ""handwritten"", ""text"": """"}, {""bbox"": [95.46, 1666.96, 2171.79, 1759.17], ""type"": ""handwritten"", ""text"": """"}, {""bbox"": [77.23, 2442.09, 372.69, 2521.13], ""type"": ""handwritten"", ""text"": """"}, {""bbox"": [94.52, 2963.6, 372.88, 3062.53], ""type"": ""handwritten"", ""text"": """"}, {""bbox"": [219.88, 13.97, 1472.55, 103.11], ""type"": ""handwritten"", ""text"": """"}, {""bbox"": [97.89, 1356.61, 2215.24, 1461.02], ""type"": ""handwritten"", ""text"": """"}, {""bbox"": [90.57, 1741.0, 2229.41, 1827.59], ""type"": ""handwritten"", ""text"": """"}, {""bbox"": [103.87, 1080.89, 2180.38, 1161.43], ""type"": ""handwritten"", ""text"": """"}, {""bbox"": [121.4, 546.83, 2188.83, 645.29], ""type"": ""handwritten"", ""text"": """"}, {""bbox"": [189.45, 402.23, 2185.64, 499.58], ""type"": ""handwritten"", ""text"": """"}, {""bbox"": [90.09, 1810.95, 2220.79, 1905.78], ""type"": ""handwritten"", ""text"": """"}, {""bbox"": [126.58, 477.45, 2196.76, 571.82], ""type"": ""handwritten"", ""text"": """"}, {""bbox"": [85.08, 1890.94, 2225.72, 1982.41], ""type"": ""handwritten"", ""text"": """"}, {""bbox"": [101.09, 1277.04, 2205.22, 1375.42], ""type"": ""handwritten"", ""text"": """"}, {""bbox"": [131.27, 1211.48, 2203.06, 1295.55], ""type"": ""handwritten"", ""text"": """"}, {""bbox"": [99.75, 1536.73, 522.16, 1611.68], ""type"": ""handwritten"", ""text"": """"}, {""bbox"": [894.88, 1147.71, 2077.84, 1223.11], ""type"": ""handwritten"", ""text"": """"}, {""bbox"": [125.84, 1140.5, 2190.78, 1251.39], ""type"": ""handwritten"", ""text"": """"}, {""bbox"": [935.57, 1071.9, 2117.43, 1147.88], ""type"": ""handwritten"", ""text"": """"}]"
2e216d29-29f6-49de-837c-42d4400e5389.jpg,"[{""bbox"": [474.02, 1984.94, 4478.6, 2244.42], ""type"": ""handwritten"", ""text"": """"}, {""bbox"": [529.57, 1284.85, 4748.1, 1548.23], ""type"": ""handwritten"", ""text"": """"}, {""bbox"": [470.21, 3638.13, 4719.21, 3941.17], ""type"": ""handwritten"", ""text"": """"}, {""bbox"": [511.19, 810.28, 4767.13, 1080.61], ""type"": ""handwritten"", ""text"": """"}, {""bbox"": [457.62, 2212.29, 4661.83, 2519.87], ""type"": ""handwritten"", ""text"": """"}, {""bbox"": [504.03, 508.86, 4310.72, 837.08], ""type"": ""handwritten"", ""text"": """"}, {""bbox"": [986.53, 2665.58, 4522.39, 2959.79], ""type"": ""handwritten"", ""text"": """"}, {""bbox"": [496.4, 1520.44, 4746.53, 1787.21], ""type"": ""handwritten"", ""text"": """"}, {""bbox"": [459.34, 3156.0, 4659.5, 3442.99], ""type"": ""handwritten"", ""text"": """"}, {""bbox"": [487.37, 1755.22, 4633.32, 2017.31], ""type"": ""handwritten"", ""text"": """"}, {""bbox"": [472.17, 2919.87, 4467.7, 3193.85], ""type"": ""handwritten"", ""text"": """"}, {""bbox"": [451.66, 3394.11, 4578.6, 3677.21], ""type"": ""handwritten"", ""text"": """"}, {""bbox"": [551.58, 1051.89, 4368.04, 1304.25], ""type"": ""handwritten"", ""text"": """"}, {""bbox"": [545.38, 2445.27, 1925.49, 2686.56], ""type"": ""handwritten"", ""text"": """"}]"
2e3b30e8-c613-5716-8403-e41cee116ca4.jpg,"[{""bbox"": [142.96, 3049.75, 2870.6, 3237.93], ""type"": ""handwritten"", ""text"": """"}, {""bbox"": [147.58, 2652.4, 2778.04, 2877.77], ""type"": ""handwritten"", ""text"": """"}, {""bbox"": [1171.22, 1587.52, 1484.51, 1759.84], ""type"": ""handwritten"", ""text"": """"}, {""bbox"": [905.92, 1447.77, 1995.36, 1628.9], ""type"": ""handwritten"", ""text"": """"}, {""bbox"": [181.87, 1804.31, 2106.59, 1994.99], ""type"": ""handwritten"", ""text"": """"}, {""bbox"": [947.76, 2430.47, 1298.05, 2584.46], ""type"": ""handwritten"", ""text"": """"}, {""bbox"": [161.25, 2855.32, 1875.58, 3024.89], ""type"": ""handwritten"", ""text"": """"}, {""bbox"": [200.14, 2098.14, 2761.06, 2259.62], ""type"": ""handwritten"", ""text"": """"}, {""bbox"": [176.18, 2297.14, 492.67, 2429.62], ""type"": ""handwritten"", ""text"": """"}, {""bbox"": [0.22, 1494.34, 181.21, 1610.57], ""type"": ""handwritten"", ""text"": """"}, {""bbox"": [86.86, 246.14, 1175.76, 1150.01], ""type"": ""graph"", ""text"": """"}, {""bbox"": [2859.58, 3089.35, 3023.65, 3207.89], ""type"": ""handwritten"", ""text"": """"}, {""bbox"": [2846.8, 1250.81, 3023.75, 1408.28], ""type"": ""handwritten"", ""text"": """"}, {""bbox"": [2838.69, 2774.08, 3024.0, 2910.52], ""type"": ""handwritten"", ""text"": """"}, {""bbox"": [2840.1, 855.35, 3024.0, 999.6], ""type"": ""handwritten"", ""text"": """"}, {""bbox"": [2857.67, 2972.06, 3023.87, 3092.7], ""type"": ""handwritten"", ""text"": """"}, {""bbox"": [49.83, 655.07, 143.58, 758.33], ""type"": ""handwritten"", ""text"": """"}, {""bbox"": [35.02, 15.59, 2177.31, 1323.46], ""type"": ""graph"", ""text"": """"}, {""bbox"": [2874.22, 2577.37, 3023.2, 2709.98], ""type"": ""handwritten"", ""text"": """"}, {""bbox"": [1024.85, 1008.68, 1142.01, 1141.6], ""type"": ""handwritten"", ""text"": """"}, {""bbox"": [2818.73, 1047.81, 3023.72, 1194.14], ""type"": ""handwritten"", ""text"": """"}, {""bbox"": [2896.27, 1963.33, 3024.0, 2121.9], ""type"": ""handwritten"", ""text"": """"}, {""bbox"": [2850.26, 19.57, 3023.56, 202.96], ""type"": ""handwritten"", ""text"": """"}, {""bbox"": [2889.19, 2162.51, 3023.63, 2323.17], ""type"": ""handwritten"", ""text"": """"}, {""bbox"": [2867.38, 1597.2, 3024.0, 1733.56], ""type"": ""handwritten"", ""text"": """"}, {""bbox"": [2875.73, 1438.61, 3023.81, 1562.03], ""type"": ""handwritten"", ""text"": """"}, {""bbox"": [2842.09, 692.94, 3024.0, 810.18], ""type"": ""handwritten"", ""text"": """"}, {""bbox"": [144.17, 233.19, 352.04, 323.19], ""type"": ""handwritten"", ""text"": """"}, {""bbox"": [134.65, 228.68, 867.86, 382.7], ""type"": ""handwritten"", ""text"": """"}, {""bbox"": [2867.48, 2345.7, 3022.59, 2551.82], ""type"": ""handwritten"", ""text"": """"}, {""bbox"": [745.18, 14.75, 2709.92, 1619.7], ""type"": ""graph"", ""text"": """"}]"
2efee78e-0580-4604-b0b1-fa084de91814.jpg,"[{""bbox"": [221.12, 198.06, 1618.55, 294.45], ""type"": ""handwritten"", ""text"": """"}, {""bbox"": [209.83, 347.02, 1617.53, 427.98], ""type"": ""handwritten"", ""text"": """"}, {""bbox"": [134.72, 416.01, 1547.59, 494.98], ""type"": ""handwritten"", ""text"": """"}, {""bbox"": [153.84, 919.73, 1622.39, 1003.34], ""type"": ""handwritten"", ""text"": """"}, {""bbox"": [131.05, 289.66, 1063.11, 364.39], ""type"": ""handwritten"", ""text"": """"}, {""bbox"": [165.04, 1668.87, 280.6, 1733.76], ""type"": ""handwritten"", ""text"": """"}, {""bbox"": [155.84, 735.31, 1618.35, 807.99], ""type"": ""handwritten"", ""text"": """"}, {""bbox"": [145.92, 1365.67, 1291.34, 1433.59], ""type"": ""handwritten"", ""text"": """"}, {""bbox"": [153.99, 993.82, 1507.32, 1070.75], ""type"": ""handwritten"", ""text"": """"}, {""bbox"": [216.59, 856.25, 1644.21, 929.41], ""type"": ""handwritten"", ""text"": """"}, {""bbox"": [134.74, 484.06, 1574.7, 559.98], ""type"": ""handwritten"", ""text"": """"}, {""bbox"": [659.27, 122.16, 1099.02, 218.29], ""type"": ""handwritten"", ""text"": """"}, {""bbox"": [152.15, 1059.48, 1555.27, 1133.64], ""type"": ""handwritten"", ""text"": """"}, {""bbox"": [156.25, 1609.4, 1587.07, 1682.23], ""type"": ""handwritten"", ""text"": """"}, {""bbox"": [148.22, 671.31, 1621.22, 746.34], ""type"": ""handwritten"", ""text"": """"}, {""bbox"": [157.7, 1847.97, 1467.2, 1918.99], ""type"": ""handwritten"", ""text"": """"}, {""bbox"": [144.29, 1121.22, 1577.86, 1196.61], ""type"": ""handwritten"", ""text"": """"}, {""bbox"": [162.22, 1492.64, 1598.03, 1560.64], ""type"": ""handwritten"", ""text"": """"}, {""bbox"": [155.23, 1781.78, 1595.0, 1856.64], ""type"": ""handwritten"", ""text"": """"}, {""bbox"": [158.59, 798.87, 1418.05, 866.41], ""type"": ""handwritten"", ""text"": """"}, {""bbox"": [150.19, 1184.95, 1597.19, 1258.14], ""type"": ""handwritten"", ""text"": """"}, {""bbox"": [166.62, 1911.1, 928.93, 2002.83], ""type"": ""handwritten"", ""text"": """"}, {""bbox"": [42.54, 6.59, 1181.38, 101.23], ""type"": ""handwritten"", ""text"": """"}, {""bbox"": [142.35, 1244.56, 1505.35, 1317.7], ""type"": ""handwritten"", ""text"": """"}, {""bbox"": [138.75, 553.61, 1596.78, 621.4], ""type"": ""handwritten"", ""text"": """"}, {""bbox"": [140.06, 1304.35, 1478.37, 1376.95], ""type"": ""handwritten"", ""text"": """"}, {""bbox"": [142.44, 611.82, 1551.4, 679.34], ""type"": ""handwritten"", ""text"": """"}, {""bbox"": [160.9, 1553.41, 1581.05, 1615.68], ""type"": ""handwritten"", ""text"": """"}, {""bbox"": [207.71, 1721.96, 1600.3, 1789.44], ""type"": ""handwritten"", ""text"": """"}, {""bbox"": [250.23, 1427.06, 1573.32, 1501.09], ""type"": ""handwritten"", ""text"": """"}, {""bbox"": [139.08, 1266.02, 1496.74, 1356.93], ""type"": ""handwritten"", ""text"": """"}, {""bbox"": [146.65, 1361.27, 1448.62, 1397.44], ""type"": ""handwritten"", ""text"": """"}, {""bbox"": [154.68, 1389.62, 1410.76, 1486.76], ""type"": ""handwritten"", ""text"": """"}]"
305f4f1b-8ba5-4a9b-9450-0e1a5042eadc.jpg,"[{""bbox"": [31.6, 707.8, 552.02, 741.79], ""type"": ""handwritten"", ""text"": """"}, {""bbox"": [36.94, 680.85, 555.15, 712.34], ""type"": ""handwritten"", ""text"": """"}, {""bbox"": [36.81, 649.94, 518.12, 684.61], ""type"": ""handwritten"", ""text"": """"}, {""bbox"": [35.79, 582.76, 560.78, 621.82], ""type"": ""handwritten"", ""text"": """"}, {""bbox"": [28.79, 885.23, 567.43, 926.5], ""type"": ""handwritten"", ""text"": """"}, {""bbox"": [35.73, 618.46, 525.49, 653.93], ""type"": ""handwritten"", ""text"": """"}, {""bbox"": [28.54, 922.09, 568.06, 967.37], ""type"": ""handwritten"", ""text"": """"}, {""bbox"": [29.02, 854.55, 554.48, 890.2], ""type"": ""handwritten"", ""text"": """"}, {""bbox"": [28.37, 546.22, 564.45, 590.06], ""type"": ""handwritten"", ""text"": """"}, {""bbox"": [30.09, 821.31, 547.23, 858.47], ""type"": ""handwritten"", ""text"": """"}, {""bbox"": [65.77, 763.26, 546.29, 796.93], ""type"": ""handwritten"", ""text"": """"}, {""bbox"": [28.09, 791.23, 548.26, 826.55], ""type"": ""handwritten"", ""text"": """"}, {""bbox"": [39.49, 457.63, 555.37, 495.45], ""type"": ""handwritten"", ""text"": """"}, {""bbox"": [45.71, 418.8, 530.76, 463.37], ""type"": ""handwritten"", ""text"": """"}, {""bbox"": [34.56, 515.72, 555.11, 553.18], ""type"": ""handwritten"", ""text"": """"}, {""bbox"": [47.62, 391.08, 553.01, 430.17], ""type"": ""handwritten"", ""text"": """"}, {""bbox"": [32.94, 486.27, 553.77, 524.32], ""type"": ""handwritten"", ""text"": """"}, {""bbox"": [31.88, 735.53, 193.69, 765.16], ""type"": ""handwritten"", ""text"": """"}, {""bbox"": [50.69, 280.42, 549.66, 331.4], ""type"": ""handwritten"", ""text"": """"}, {""bbox"": [120.95, 192.17, 230.1, 226.39], ""type"": ""handwritten"", ""text"": """"}, {""bbox"": [82.69, 220.15, 497.64, 269.04], ""type"": ""handwritten"", ""text"": """"}, {""bbox"": [58.76, 330.47, 134.12, 355.66], ""type"": ""handwritten"", ""text"": """"}, {""bbox"": [50.63, 255.81, 520.75, 303.59], ""type"": ""handwritten"", ""text"": """"}, {""bbox"": [61.03, 331.9, 531.33, 381.79], ""type"": ""handwritten"", ""text"": """"}, {""bbox"": [53.04, 362.56, 535.73, 401.69], ""type"": ""handwritten"", ""text"": """"}, {""bbox"": [85.72, 230.49, 217.04, 273.16], ""type"": ""handwritten"", ""text"": """"}, {""bbox"": [243.19, 173.04, 430.79, 224.81], ""type"": ""handwritten"", ""text"": """"}, {""bbox"": [34.9, 464.23, 562.78, 543.33], ""type"": ""handwritten"", ""text"": """"}, {""bbox"": [118.33, 185.2, 432.19, 228.82], ""type"": ""handwritten"", ""text"": """"}, {""bbox"": [224.6, 130.34, 431.75, 226.1], ""type"": ""handwritten"", ""text"": """"}, {""bbox"": [232.21, 221.68, 496.51, 261.26], ""type"": ""handwritten"", ""text"": """"}, {""bbox"": [54.82, 258.39, 251.13, 301.5], ""type"": ""handwritten"", ""text"": """"}, {""bbox"": [52.13, 292.95, 235.14, 331.94], ""type"": ""handwritten"", ""text"": """"}]"
306a30ef-da46-49d0-b8b3-8ffb24871d90.jpg,"[{""bbox"": [16.56, 691.91, 1585.89, 787.76], ""type"": ""handwritten"", ""text"": """"}, {""bbox"": [13.34, 261.9, 1609.96, 366.19], ""type"": ""handwritten"", ""text"": """"}, {""bbox"": [18.45, 1445.15, 1642.27, 1552.5], ""type"": ""handwritten"", ""text"": """"}, {""bbox"": [20.62, 854.18, 1501.54, 954.6], ""type"": ""handwritten"", ""text"": """"}, {""bbox"": [11.86, 353.11, 1553.42, 444.72], ""type"": ""handwritten"", ""text"": """"}, {""bbox"": [15.16, 108.99, 1609.57, 215.29], ""type"": ""handwritten"", ""text"": """"}, {""bbox"": [24.77, 517.25, 1614.39, 601.19], ""type"": ""handwritten"", ""text"": """"}, {""bbox"": [17.21, 435.84, 1453.87, 529.76], ""type"": ""handwritten"", ""text"": """"}, {""bbox"": [20.37, 1285.22, 1558.76, 1369.47], ""type"": ""handwritten"", ""text"": """"}, {""bbox"": [16.55, 775.52, 1619.31, 869.1], ""type"": ""handwritten"", ""text"": """"}, {""bbox"": [21.0, 1201.77, 1551.89, 1295.9], ""type"": ""handwritten"", ""text"": """"}, {""bbox"": [13.93, 1048.57, 1558.94, 1142.69], ""type"": ""handwritten"", ""text"": """"}, {""bbox"": [25.79, 24.71, 338.77, 124.13], ""type"": ""handwritten"", ""text"": """"}, {""bbox"": [12.0, 198.16, 599.98, 275.53], ""type"": ""handwritten"", ""text"": """"}, {""bbox"": [23.56, 973.67, 302.72, 1067.92], ""type"": ""handwritten"", ""text"": """"}, {""bbox"": [24.0, 589.3, 1614.22, 688.06], ""type"": ""handwritten"", ""text"": """"}, {""bbox"": [23.12, 1356.51, 1270.65, 1450.32], ""type"": ""handwritten"", ""text"": """"}, {""bbox"": [19.77, 1129.95, 1580.41, 1216.36], ""type"": ""handwritten"", ""text"": """"}, {""bbox"": [67.89, 1535.36, 593.03, 1608.4], ""type"": ""handwritten"", ""text"": """"}, {""bbox"": [281.78, 1647.52, 636.65, 1723.74], ""type"": ""annotation"", ""text"": """"}, {""bbox"": [40.01, 1481.69, 1642.0, 1602.22], ""type"": ""handwritten"", ""text"": """"}]"
331635e6-a19f-40e0-9898-d550f24170be.jpg,"[{""bbox"": [610.7, 1597.67, 2451.28, 1663.05], ""type"": ""printed"", ""text"": """"}, {""bbox"": [533.02, 1040.08, 2498.05, 1108.71], ""type"": ""printed"", ""text"": """"}, {""bbox"": [558.86, 1141.95, 2213.7, 1208.64], ""type"": ""printed"", ""text"": """"}, {""bbox"": [613.86, 1852.19, 2568.03, 1917.59], ""type"": ""printed"", ""text"": """"}, {""bbox"": [524.69, 1341.54, 2463.88, 1411.77], ""type"": ""printed"", ""text"": """"}, {""bbox"": [727.76, 443.18, 2483.56, 505.07], ""type"": ""printed"", ""text"": """"}, {""bbox"": [1023.6, 2461.18, 1669.03, 2520.53], ""type"": ""printed"", ""text"": """"}, {""bbox"": [520.58, 1694.92, 1635.16, 1761.2], ""type"": ""printed"", ""text"": """"}, {""bbox"": [413.59, 297.82, 630.06, 342.0], ""type"": ""printed"", ""text"": """"}, {""bbox"": [960.98, 2164.39, 1608.56, 2214.93], ""type"": ""printed"", ""text"": """"}, {""bbox"": [891.99, 2559.52, 1669.66, 2619.71], ""type"": ""printed"", ""text"": """"}, {""bbox"": [93.26, 223.31, 949.69, 288.38], ""type"": ""printed"", ""text"": """"}, {""bbox"": [91.76, 152.0, 947.85, 225.98], ""type"": ""printed"", ""text"": """"}, {""bbox"": [625.01, 1244.68, 2529.51, 1313.31], ""type"": ""printed"", ""text"": """"}, {""bbox"": [523.28, 1446.8, 1501.36, 1503.79], ""type"": ""printed"", ""text"": """"}, {""bbox"": [97.41, 342.95, 951.87, 407.71], ""type"": ""printed"", ""text"": """"}, {""bbox"": [524.18, 1947.19, 1762.08, 2020.04], ""type"": ""printed"", ""text"": """"}, {""bbox"": [1205.39, 544.66, 1470.88, 600.14], ""type"": ""printed"", ""text"": """"}, {""bbox"": [1405.49, 240.55, 2074.14, 297.1], ""type"": ""printed"", ""text"": """"}, {""bbox"": [1057.39, 2310.79, 1541.16, 2363.86], ""type"": ""printed"", ""text"": """"}, {""bbox"": [2363.3, 178.14, 2556.64, 348.69], ""type"": ""annotation"", ""text"": """"}, {""bbox"": [94.8, 221.78, 955.24, 339.58], ""type"": ""printed"", ""text"": """"}, {""bbox"": [1048.48, 671.29, 1359.41, 723.59], ""type"": ""printed"", ""text"": """"}, {""bbox"": [681.92, 840.3, 1945.28, 905.24], ""type"": ""printed"", ""text"": """"}, {""bbox"": [654.85, 937.67, 1948.55, 1006.02], ""type"": ""printed"", ""text"": """"}, {""bbox"": [541.3, 934.9, 2507.22, 1018.24], ""type"": ""printed"", ""text"": """"}, {""bbox"": [731.53, 441.56, 1868.4, 495.46], ""type"": ""printed"", ""text"": """"}, {""bbox"": [658.49, 827.05, 2471.94, 911.97], ""type"": ""printed"", ""text"": """"}, {""bbox"": [1261.34, 944.32, 2568.32, 1005.52], ""type"": ""printed"", ""text"": """"}, {""bbox"": [80.48, 314.74, 2354.47, 490.02], ""type"": ""printed"", ""text"": """"}]"
331ab90e-daef-42a7-b577-f761b052d663.jpg,"[{""bbox"": [253.01, 98.5, 1162.83, 184.33], ""type"": ""handwritten"", ""text"": """"}, {""bbox"": [181.12, 169.67, 1113.19, 241.15], ""type"": ""handwritten"", ""text"": """"}, {""bbox"": [174.51, 1031.66, 981.5, 1095.15], ""type"": ""handwritten"", ""text"": """"}, {""bbox"": [276.08, 519.28, 1133.18, 590.78], ""type"": ""handwritten"", ""text"": """"}, {""bbox"": [181.77, 978.38, 1111.01, 1039.1], ""type"": ""handwritten"", ""text"": """"}, {""bbox"": [181.38, 579.33, 1113.42, 650.65], ""type"": ""handwritten"", ""text"": """"}, {""bbox"": [170.75, 752.46, 1084.33, 819.65], ""type"": ""handwritten"", ""text"": """"}, {""bbox"": [178.02, 1085.54, 1057.57, 1155.28], ""type"": ""handwritten"", ""text"": """"}, {""bbox"": [182.45, 643.16, 1114.27, 709.17], ""type"": ""handwritten"", ""text"": """"}, {""bbox"": [190.27, 285.38, 1116.58, 361.5], ""type"": ""handwritten"", ""text"": """"}, {""bbox"": [239.71, 911.15, 1112.81, 988.49], ""type"": ""handwritten"", ""text"": """"}, {""bbox"": [182.83, 229.5, 1133.41, 300.31], ""type"": ""handwritten"", ""text"": """"}, {""bbox"": [188.64, 466.42, 809.2, 527.85], ""type"": ""handwritten"", ""text"": """"}, {""bbox"": [172.74, 412.32, 1071.2, 478.71], ""type"": ""handwritten"", ""text"": """"}, {""bbox"": [173.46, 1143.83, 1076.97, 1223.66], ""type"": ""handwritten"", ""text"": """"}, {""bbox"": [187.04, 344.85, 1122.41, 420.55], ""type"": ""handwritten"", ""text"": """"}, {""bbox"": [198.6, 44.67, 712.44, 104.31], ""type"": ""handwritten"", ""text"": """"}, {""bbox"": [177.11, 701.27, 1108.42, 764.18], ""type"": ""handwritten"", ""text"": """"}, {""bbox"": [169.71, 809.72, 1036.41, 885.04], ""type"": ""handwritten"", ""text"": """"}, {""bbox"": [167.25, 1196.26, 567.03, 1254.76], ""type"": ""handwritten"", ""text"": """"}, {""bbox"": [174.63, 870.92, 327.55, 922.96], ""type"": ""handwritten"", ""text"": """"}]"
33331ef7-02fe-4d53-a1c2-19940d128b49.jpg,"[{""bbox"": [791.96, 488.97, 1561.6, 584.31], ""type"": ""handwritten"", ""text"": """"}, {""bbox"": [815.37, 760.62, 2439.32, 852.69], ""type"": ""handwritten"", ""text"": """"}, {""bbox"": [768.95, 2385.02, 2009.34, 2482.13], ""type"": ""handwritten"", ""text"": """"}, {""bbox"": [757.72, 2294.63, 2442.31, 2394.64], ""type"": ""handwritten"", ""text"": """"}, {""bbox"": [832.5, 1758.88, 2462.23, 1852.39], ""type"": ""handwritten"", ""text"": """"}, {""bbox"": [851.76, 586.1, 2433.01, 688.86], ""type"": ""handwritten"", ""text"": """"}, {""bbox"": [882.44, 1324.73, 2343.16, 1416.42], ""type"": ""handwritten"", ""text"": """"}, {""bbox"": [779.82, 1243.73, 1657.77, 1328.8], ""type"": ""handwritten"", ""text"": """"}, {""bbox"": [872.73, 2068.83, 2436.81, 2156.08], ""type"": ""handwritten"", ""text"": """"}, {""bbox"": [794.16, 1403.25, 2448.83, 1488.08], ""type"": ""handwritten"", ""text"": """"}, {""bbox"": [777.35, 2221.44, 2348.57, 2306.16], ""type"": ""handwritten"", ""text"": """"}, {""bbox"": [792.79, 1990.45, 2359.23, 2084.07], ""type"": ""handwritten"", ""text"": """"}, {""bbox"": [787.79, 985.7, 2447.96, 1080.67], ""type"": ""handwritten"", ""text"": """"}, {""bbox"": [784.41, 1165.46, 2341.77, 1265.07], ""type"": ""handwritten"", ""text"": """"}, {""bbox"": [789.4, 840.68, 2453.87, 928.43], ""type"": ""handwritten"", ""text"": """"}, {""bbox"": [795.53, 1618.05, 1919.46, 1702.29], ""type"": ""handwritten"", ""text"": """"}, {""bbox"": [788.75, 912.16, 2448.65, 1001.82], ""type"": ""handwritten"", ""text"": """"}, {""bbox"": [782.02, 2142.6, 2435.11, 2231.53], ""type"": ""handwritten"", ""text"": """"}, {""bbox"": [1261.74, 229.73, 1701.19, 352.16], ""type"": ""handwritten"", ""text"": """"}, {""bbox"": [796.21, 356.25, 2408.34, 487.23], ""type"": ""handwritten"", ""text"": """"}, {""bbox"": [784.1, 2563.28, 2340.32, 2662.78], ""type"": ""handwritten"", ""text"": """"}, {""bbox"": [853.62, 1687.11, 2352.3, 1770.96], ""type"": ""handwritten"", ""text"": """"}, {""bbox"": [810.51, 1839.65, 2449.46, 1929.56], ""type"": ""handwritten"", ""text"": """"}, {""bbox"": [770.25, 2646.35, 2459.29, 2749.51], ""type"": ""handwritten"", ""text"": """"}, {""bbox"": [766.0, 2729.17, 2442.58, 2817.27], ""type"": ""handwritten"", ""text"": """"}, {""bbox"": [793.96, 1070.66, 2450.66, 1170.59], ""type"": ""handwritten"", ""text"": """"}, {""bbox"": [800.07, 1921.25, 2440.76, 2004.69], ""type"": ""handwritten"", ""text"": """"}, {""bbox"": [803.15, 679.54, 1975.04, 777.83], ""type"": ""handwritten"", ""text"": """"}, {""bbox"": [790.34, 1539.78, 2363.78, 1628.75], ""type"": ""handwritten"", ""text"": """"}, {""bbox"": [793.14, 1470.54, 2369.24, 1557.09], ""type"": ""handwritten"", ""text"": """"}, {""bbox"": [869.02, 2469.25, 2468.77, 2569.64], ""type"": ""handwritten"", ""text"": """"}, {""bbox"": [0.0, 2227.1, 678.08, 3157.0], ""type"": ""image"", ""text"": """"}]"
3403933d-c115-4371-9368-f9b6c0c6020e.jpg,"[{""bbox"": [283.89, 1057.85, 1630.79, 1139.82], ""type"": ""handwritten"", ""text"": """"}, {""bbox"": [103.37, 928.67, 1569.34, 1020.5], ""type"": ""handwritten"", ""text"": """"}, {""bbox"": [555.71, 119.23, 1025.82, 209.8], ""type"": ""handwritten"", ""text"": """"}, {""bbox"": [286.21, 1435.74, 1561.52, 1525.18], ""type"": ""handwritten"", ""text"": """"}, {""bbox"": [166.95, 1510.95, 1550.63, 1587.24], ""type"": ""handwritten"", ""text"": """"}, {""bbox"": [362.99, 235.71, 1603.51, 316.94], ""type"": ""handwritten"", ""text"": """"}, {""bbox"": [169.73, 1636.17, 1569.38, 1717.07], ""type"": ""handwritten"", ""text"": """"}, {""bbox"": [162.54, 872.61, 1621.54, 948.15], ""type"": ""handwritten"", ""text"": """"}, {""bbox"": [145.48, 2082.84, 1577.45, 2167.85], ""type"": ""handwritten"", ""text"": """"}, {""bbox"": [166.82, 1572.46, 1520.35, 1648.88], ""type"": ""handwritten"", ""text"": """"}, {""bbox"": [162.97, 803.91, 1625.02, 884.41], ""type"": ""handwritten"", ""text"": """"}, {""bbox"": [289.43, 438.27, 1556.58, 513.26], ""type"": ""handwritten"", ""text"": """"}, {""bbox"": [166.46, 1127.0, 1578.22, 1202.16], ""type"": ""handwritten"", ""text"": """"}, {""bbox"": [183.86, 1767.55, 1152.14, 1837.19], ""type"": ""handwritten"", ""text"": """"}, {""bbox"": [180.12, 1319.72, 1473.26, 1405.72], ""type"": ""handwritten"", ""text"": """"}, {""bbox"": [167.25, 553.02, 1606.66, 644.02], ""type"": ""handwritten"", ""text"": """"}, {""bbox"": [170.31, 741.46, 1622.33, 818.37], ""type"": ""handwritten"", ""text"": """"}, {""bbox"": [172.97, 1706.7, 1480.97, 1775.82], ""type"": ""handwritten"", ""text"": """"}, {""bbox"": [173.78, 617.61, 1570.19, 701.65], ""type"": ""handwritten"", ""text"": """"}, {""bbox"": [163.3, 497.3, 1550.39, 577.02], ""type"": ""handwritten"", ""text"": """"}, {""bbox"": [165.86, 1190.76, 1631.91, 1273.71], ""type"": ""handwritten"", ""text"": """"}, {""bbox"": [167.42, 1257.13, 1582.36, 1337.74], ""type"": ""handwritten"", ""text"": """"}, {""bbox"": [178.24, 1958.49, 1575.82, 2035.83], ""type"": ""handwritten"", ""text"": """"}, {""bbox"": [361.78, 376.05, 827.74, 445.03], ""type"": ""handwritten"", ""text"": """"}, {""bbox"": [178.88, 1382.39, 389.83, 1442.17], ""type"": ""handwritten"", ""text"": """"}, {""bbox"": [173.75, 2023.1, 1483.38, 2096.71], ""type"": ""handwritten"", ""text"": """"}, {""bbox"": [190.42, 994.06, 541.09, 1054.37], ""type"": ""handwritten"", ""text"": """"}, {""bbox"": [172.46, 683.02, 1617.81, 759.91], ""type"": ""handwritten"", ""text"": """"}, {""bbox"": [149.75, 2153.29, 462.56, 2224.57], ""type"": ""handwritten"", ""text"": """"}, {""bbox"": [162.45, 305.78, 1607.26, 399.43], ""type"": ""handwritten"", ""text"": """"}, {""bbox"": [178.24, 1892.0, 1436.05, 1970.47], ""type"": ""handwritten"", ""text"": """"}, {""bbox"": [289.98, 1828.53, 1476.65, 1903.29], ""type"": ""handwritten"", ""text"": """"}]"
34f945c0-7e77-4309-92ea-59975b0798d4.jpg,"[{""bbox"": [270.78, 851.4, 2524.02, 1014.12], ""type"": ""handwritten"", ""text"": """"}, {""bbox"": [274.79, 1411.18, 2521.82, 1571.3], ""type"": ""handwritten"", ""text"": """"}, {""bbox"": [372.86, 1948.48, 2638.62, 2118.88], ""type"": ""handwritten"", ""text"": """"}, {""bbox"": [269.23, 302.28, 2414.18, 430.53], ""type"": ""handwritten"", ""text"": """"}, {""bbox"": [337.25, 658.63, 2622.41, 814.53], ""type"": ""handwritten"", ""text"": """"}, {""bbox"": [326.58, 2839.89, 2542.75, 3053.49], ""type"": ""handwritten"", ""text"": """"}, {""bbox"": [425.15, 2315.25, 2704.38, 2477.33], ""type"": ""handwritten"", ""text"": """"}, {""bbox"": [413.06, 1764.18, 2511.68, 1926.53], ""type"": ""handwritten"", ""text"": """"}, {""bbox"": [348.27, 1031.89, 2644.0, 1189.85], ""type"": ""handwritten"", ""text"": """"}, {""bbox"": [345.86, 2671.19, 2598.49, 2858.42], ""type"": ""handwritten"", ""text"": """"}, {""bbox"": [425.67, 2488.03, 2657.52, 2682.39], ""type"": ""handwritten"", ""text"": """"}, {""bbox"": [1007.91, 93.98, 1908.91, 262.0], ""type"": ""handwritten"", ""text"": """"}, {""bbox"": [376.22, 485.98, 2661.4, 634.39], ""type"": ""handwritten"", ""text"": """"}, {""bbox"": [424.5, 2138.82, 2657.08, 2291.76], ""type"": ""handwritten"", ""text"": """"}, {""bbox"": [265.13, 1623.35, 691.95, 1722.13], ""type"": ""handwritten"", ""text"": """"}, {""bbox"": [348.36, 1202.18, 2643.07, 1389.39], ""type"": ""handwritten"", ""text"": """"}, {""bbox"": [502.01, 0.43, 2680.53, 87.82], ""type"": ""handwritten"", ""text"": """"}, {""bbox"": [0.0, 17.55, 327.39, 995.03], ""type"": ""image"", ""text"": """"}, {""bbox"": [0.25, 2089.62, 319.97, 2406.16], ""type"": ""annotation"", ""text"": """"}, {""bbox"": [2597.9, 14.1, 2928.22, 1121.21], ""type"": ""image"", ""text"": """"}, {""bbox"": [401.28, 0.0, 2453.53, 170.4], ""type"": ""handwritten"", ""text"": """"}, {""bbox"": [2652.54, 1233.09, 2972.69, 2302.65], ""type"": ""image"", ""text"": """"}, {""bbox"": [0.0, 216.41, 267.35, 1829.03], ""type"": ""image"", ""text"": """"}]"
35d3aafe-680d-495b-ac73-c02c3982d096.jpg,"[{""bbox"": [25.93, 1367.62, 1094.52, 1443.26], ""type"": ""handwritten"", ""text"": """"}, {""bbox"": [24.81, 1434.42, 1098.38, 1502.71], ""type"": ""handwritten"", ""text"": """"}, {""bbox"": [24.54, 1494.56, 1106.53, 1559.17], ""type"": ""handwritten"", ""text"": """"}, {""bbox"": [22.34, 79.51, 1097.43, 167.09], ""type"": ""handwritten"", ""text"": """"}, {""bbox"": [24.43, 1304.3, 1109.77, 1377.48], ""type"": ""handwritten"", ""text"": """"}, {""bbox"": [21.65, 1603.8, 1108.44, 1662.98], ""type"": ""handwritten"", ""text"": """"}, {""bbox"": [24.18, 1547.92, 1107.05, 1612.47], ""type"": ""handwritten"", ""text"": """"}, {""bbox"": [26.34, 1173.4, 1084.79, 1251.74], ""type"": ""handwritten"", ""text"": """"}, {""bbox"": [25.95, 1237.66, 1108.79, 1315.24], ""type"": ""handwritten"", ""text"": """"}, {""bbox"": [31.22, 906.16, 1105.26, 996.07], ""type"": ""handwritten"", ""text"": """"}, {""bbox"": [82.85, 32.04, 413.19, 112.82], ""type"": ""handwritten"", ""text"": """"}, {""bbox"": [23.77, 146.86, 1103.24, 239.32], ""type"": ""handwritten"", ""text"": """"}, {""bbox"": [22.59, 201.73, 1107.66, 310.11], ""type"": ""handwritten"", ""text"": """"}, {""bbox"": [30.37, 977.27, 1107.35, 1067.72], ""type"": ""handwritten"", ""text"": """"}, {""bbox"": [23.35, 449.39, 1102.34, 563.01], ""type"": ""handwritten"", ""text"": """"}, {""bbox"": [30.34, 1058.93, 1096.34, 1118.97], ""type"": ""handwritten"", ""text"": """"}, {""bbox"": [23.9, 518.58, 1108.53, 611.7], ""type"": ""handwritten"", ""text"": """"}, {""bbox"": [67.58, 586.43, 1106.37, 678.23], ""type"": ""handwritten"", ""text"": """"}, {""bbox"": [23.39, 324.25, 1105.45, 442.78], ""type"": ""handwritten"", ""text"": """"}, {""bbox"": [26.61, 790.73, 1080.39, 854.72], ""type"": ""handwritten"", ""text"": """"}, {""bbox"": [27.41, 841.81, 1092.22, 935.63], ""type"": ""handwritten"", ""text"": """"}, {""bbox"": [23.66, 273.07, 1103.37, 386.8], ""type"": ""handwritten"", ""text"": """"}, {""bbox"": [24.83, 729.85, 1083.71, 797.12], ""type"": ""handwritten"", ""text"": """"}, {""bbox"": [23.88, 652.41, 1102.46, 732.21], ""type"": ""handwritten"", ""text"": """"}, {""bbox"": [301.24, 1700.72, 885.49, 1743.2], ""type"": ""handwritten"", ""text"": """"}, {""bbox"": [28.36, 1119.55, 1098.06, 1188.52], ""type"": ""handwritten"", ""text"": """"}, {""bbox"": [20.53, 387.63, 1106.13, 522.47], ""type"": ""handwritten"", ""text"": """"}, {""bbox"": [92.22, 1658.34, 1110.75, 1709.25], ""type"": ""handwritten"", ""text"": """"}, {""bbox"": [13.61, 1692.7, 1114.3, 1742.38], ""type"": ""handwritten"", ""text"": """"}, {""bbox"": [19.44, 1705.25, 1112.58, 1761.4], ""type"": ""handwritten"", ""text"": """"}, {""bbox"": [30.62, 695.15, 1093.93, 757.12], ""type"": ""handwritten"", ""text"": """"}, {""bbox"": [32.24, 1099.73, 1094.21, 1146.62], ""type"": ""handwritten"", ""text"": """"}, {""bbox"": [27.91, 1127.61, 524.12, 1196.79], ""type"": ""handwritten"", ""text"": """"}, {""bbox"": [25.44, 753.4, 1085.18, 812.82], ""type"": ""handwritten"", ""text"": """"}]"
364474eb-bc10-482f-82c3-503b8c1ff194.jpg,"[{""bbox"": [135.77, 3327.43, 6950.74, 3785.22], ""type"": ""handwritten"", ""text"": """"}, {""bbox"": [183.83, 2143.95, 6910.2, 2593.26], ""type"": ""handwritten"", ""text"": """"}, {""bbox"": [670.38, 1344.96, 6987.81, 1773.88], ""type"": ""handwritten"", ""text"": """"}, {""bbox"": [148.46, 7142.01, 6654.24, 7586.98], ""type"": ""handwritten"", ""text"": """"}, {""bbox"": [468.73, 9026.6, 6674.65, 9455.0], ""type"": ""handwritten"", ""text"": """"}, {""bbox"": [183.14, 2922.63, 6699.07, 3378.92], ""type"": ""handwritten"", ""text"": """"}, {""bbox"": [165.27, 5233.34, 7081.87, 5674.63], ""type"": ""handwritten"", ""text"": """"}, {""bbox"": [190.61, 8298.67, 6596.12, 8741.87], ""type"": ""handwritten"", ""text"": """"}, {""bbox"": [219.78, 1751.3, 6124.32, 2190.58], ""type"": ""handwritten"", ""text"": """"}, {""bbox"": [2360.71, 889.41, 4905.71, 1402.47], ""type"": ""handwritten"", ""text"": """"}, {""bbox"": [140.47, 3742.76, 6846.22, 4151.95], ""type"": ""handwritten"", ""text"": """"}, {""bbox"": [124.73, 6772.06, 6255.31, 7195.94], ""type"": ""handwritten"", ""text"": """"}, {""bbox"": [146.65, 4092.33, 6864.83, 4523.85], ""type"": ""handwritten"", ""text"": """"}, {""bbox"": [154.68, 7937.22, 6713.79, 8337.42], ""type"": ""handwritten"", ""text"": """"}, {""bbox"": [104.14, 6011.73, 5686.2, 6439.33], ""type"": ""handwritten"", ""text"": """"}, {""bbox"": [728.9, 6373.49, 6458.37, 6811.62], ""type"": ""handwritten"", ""text"": """"}, {""bbox"": [73.45, 9412.0, 6739.83, 9904.33], ""type"": ""handwritten"", ""text"": """"}, {""bbox"": [141.08, 5634.35, 6652.26, 6073.96], ""type"": ""handwritten"", ""text"": """"}, {""bbox"": [135.77, 4837.37, 6968.53, 5293.91], ""type"": ""handwritten"", ""text"": """"}, {""bbox"": [136.49, 4474.4, 6672.11, 4898.3], ""type"": ""handwritten"", ""text"": """"}, {""bbox"": [194.28, 8754.23, 1303.36, 9064.15], ""type"": ""handwritten"", ""text"": """"}, {""bbox"": [114.61, 7545.95, 6660.4, 7980.06], ""type"": ""handwritten"", ""text"": """"}, {""bbox"": [169.39, 2537.32, 6947.79, 2981.37], ""type"": ""handwritten"", ""text"": """"}]"
36784a07-53cb-4e89-81e3-9263dc488243.jpg,"[{""bbox"": [180.45, 1523.56, 1631.68, 1618.16], ""type"": ""handwritten"", ""text"": """"}, {""bbox"": [200.6, 1195.31, 1285.51, 1283.36], ""type"": ""handwritten"", ""text"": """"}, {""bbox"": [349.67, 1784.53, 1687.02, 1869.05], ""type"": ""handwritten"", ""text"": """"}, {""bbox"": [209.16, 271.23, 1771.27, 373.44], ""type"": ""handwritten"", ""text"": """"}, {""bbox"": [159.32, 2030.03, 1713.75, 2124.61], ""type"": ""handwritten"", ""text"": """"}, {""bbox"": [179.18, 1610.82, 1690.89, 1702.89], ""type"": ""handwritten"", ""text"": """"}, {""bbox"": [359.05, 1270.8, 1718.62, 1364.42], ""type"": ""handwritten"", ""text"": """"}, {""bbox"": [188.3, 606.47, 1702.09, 701.02], ""type"": ""handwritten"", ""text"": """"}, {""bbox"": [186.38, 941.63, 1730.09, 1034.05], ""type"": ""handwritten"", ""text"": """"}, {""bbox"": [186.5, 1358.02, 1698.09, 1452.34], ""type"": ""handwritten"", ""text"": """"}, {""bbox"": [377.61, 184.81, 1725.6, 273.66], ""type"": ""handwritten"", ""text"": """"}, {""bbox"": [186.75, 689.23, 1633.91, 789.57], ""type"": ""handwritten"", ""text"": """"}, {""bbox"": [203.63, 1104.4, 1714.84, 1201.01], ""type"": ""handwritten"", ""text"": """"}, {""bbox"": [511.89, 59.08, 1083.45, 159.82], ""type"": ""handwritten"", ""text"": """"}, {""bbox"": [185.37, 861.25, 1766.11, 950.19], ""type"": ""handwritten"", ""text"": """"}, {""bbox"": [159.09, 1950.35, 1659.8, 2037.6], ""type"": ""handwritten"", ""text"": """"}, {""bbox"": [155.85, 1866.03, 1656.13, 1958.49], ""type"": ""handwritten"", ""text"": """"}, {""bbox"": [154.27, 2119.78, 1756.77, 2217.07], ""type"": ""handwritten"", ""text"": """"}, {""bbox"": [182.6, 1442.59, 1543.46, 1532.38], ""type"": ""handwritten"", ""text"": """"}, {""bbox"": [382.63, 437.96, 1725.54, 523.14], ""type"": ""handwritten"", ""text"": """"}, {""bbox"": [148.89, 2219.76, 679.12, 2298.54], ""type"": ""handwritten"", ""text"": """"}, {""bbox"": [179.47, 1707.72, 579.11, 1787.67], ""type"": ""handwritten"", ""text"": """"}, {""bbox"": [195.92, 519.48, 1649.28, 616.08], ""type"": ""handwritten"", ""text"": """"}, {""bbox"": [178.15, 781.72, 1714.3, 869.64], ""type"": ""handwritten"", ""text"": """"}, {""bbox"": [203.68, 1028.53, 1633.95, 1112.67], ""type"": ""handwritten"", ""text"": """"}, {""bbox"": [202.89, 375.66, 438.3, 453.53], ""type"": ""handwritten"", ""text"": """"}, {""bbox"": [154.31, 1874.71, 1018.21, 1965.31], ""type"": ""handwritten"", ""text"": """"}]"
371b0d30-9363-4656-b752-8976d42098cd.jpg,"[{""bbox"": [42.6, 470.87, 1037.52, 558.11], ""type"": ""handwritten"", ""text"": """"}, {""bbox"": [59.31, 977.5, 1056.58, 1068.5], ""type"": ""handwritten"", ""text"": """"}, {""bbox"": [42.08, 405.51, 1038.99, 482.23], ""type"": ""handwritten"", ""text"": """"}, {""bbox"": [40.38, 259.12, 1029.9, 348.36], ""type"": ""handwritten"", ""text"": """"}, {""bbox"": [53.55, 904.76, 1054.97, 990.92], ""type"": ""handwritten"", ""text"": """"}, {""bbox"": [55.64, 693.42, 1037.44, 770.52], ""type"": ""handwritten"", ""text"": """"}, {""bbox"": [72.05, 1338.53, 1070.15, 1450.45], ""type"": ""handwritten"", ""text"": """"}, {""bbox"": [48.33, 547.92, 1038.66, 631.2], ""type"": ""handwritten"", ""text"": """"}, {""bbox"": [54.37, 763.11, 1040.24, 839.02], ""type"": ""handwritten"", ""text"": """"}, {""bbox"": [41.39, 338.39, 1027.01, 415.6], ""type"": ""handwritten"", ""text"": """"}, {""bbox"": [62.93, 1194.27, 1052.66, 1286.09], ""type"": ""handwritten"", ""text"": """"}, {""bbox"": [50.88, 829.31, 1043.44, 917.3], ""type"": ""handwritten"", ""text"": """"}, {""bbox"": [69.3, 1270.02, 1052.32, 1361.9], ""type"": ""handwritten"", ""text"": """"}, {""bbox"": [44.2, 161.87, 998.25, 268.84], ""type"": ""handwritten"", ""text"": """"}, {""bbox"": [53.7, 1571.42, 1044.75, 1669.33], ""type"": ""handwritten"", ""text"": """"}, {""bbox"": [69.23, 1053.87, 1054.72, 1139.65], ""type"": ""handwritten"", ""text"": """"}, {""bbox"": [73.47, 1117.38, 1058.52, 1215.62], ""type"": ""handwritten"", ""text"": """"}, {""bbox"": [53.81, 624.46, 1044.73, 702.47], ""type"": ""handwritten"", ""text"": """"}, {""bbox"": [51.57, 1473.49, 1082.18, 1582.46], ""type"": ""handwritten"", ""text"": """"}, {""bbox"": [53.34, 1526.89, 1081.89, 1614.74], ""type"": ""handwritten"", ""text"": """"}, {""bbox"": [311.84, 46.22, 564.25, 204.93], ""type"": ""annotation"", ""text"": """"}, {""bbox"": [797.42, 139.91, 952.54, 215.45], ""type"": ""handwritten"", ""text"": """"}, {""bbox"": [705.66, 40.71, 984.48, 220.3], ""type"": ""image"", ""text"": """"}, {""bbox"": [712.59, 49.11, 973.35, 144.52], ""type"": ""handwritten"", ""text"": """"}, {""bbox"": [775.22, 39.91, 869.67, 116.43], ""type"": ""annotation"", ""text"": """"}]"
373c7720-1c00-4ea9-874f-5486bdb46879.jpg,"[{""bbox"": [99.72, 2760.03, 2731.82, 2945.87], ""type"": ""handwritten"", ""text"": """"}, {""bbox"": [242.24, 2595.76, 2689.69, 2790.33], ""type"": ""handwritten"", ""text"": """"}, {""bbox"": [82.61, 3227.11, 2797.98, 3400.41], ""type"": ""handwritten"", ""text"": """"}, {""bbox"": [99.2, 2921.11, 2754.1, 3093.22], ""type"": ""handwritten"", ""text"": """"}, {""bbox"": [72.02, 1868.74, 2733.36, 2043.78], ""type"": ""handwritten"", ""text"": """"}, {""bbox"": [61.79, 2161.28, 2698.38, 2342.52], ""type"": ""handwritten"", ""text"": """"}, {""bbox"": [273.74, 459.3, 2568.8, 636.79], ""type"": ""handwritten"", ""text"": """"}, {""bbox"": [83.85, 3067.48, 2771.15, 3257.68], ""type"": ""handwritten"", ""text"": """"}, {""bbox"": [284.89, 870.04, 2579.68, 1045.28], ""type"": ""handwritten"", ""text"": """"}, {""bbox"": [73.36, 2306.94, 2790.87, 2511.56], ""type"": ""handwritten"", ""text"": """"}, {""bbox"": [59.34, 3370.01, 2745.51, 3651.59], ""type"": ""handwritten"", ""text"": """"}, {""bbox"": [866.16, 190.58, 1965.6, 363.05], ""type"": ""handwritten"", ""text"": """"}, {""bbox"": [99.3, 601.55, 2634.92, 799.01], ""type"": ""handwritten"", ""text"": """"}, {""bbox"": [73.02, 1156.38, 2653.73, 1333.57], ""type"": ""handwritten"", ""text"": """"}, {""bbox"": [73.0, 1734.54, 2730.07, 1906.07], ""type"": ""handwritten"", ""text"": """"}, {""bbox"": [71.79, 2017.99, 2754.4, 2195.81], ""type"": ""handwritten"", ""text"": """"}, {""bbox"": [71.13, 1592.4, 2722.47, 1763.3], ""type"": ""handwritten"", ""text"": """"}, {""bbox"": [67.1, 1005.49, 2694.66, 1197.6], ""type"": ""handwritten"", ""text"": """"}, {""bbox"": [64.76, 1438.97, 2681.4, 1623.3], ""type"": ""handwritten"", ""text"": """"}, {""bbox"": [758.78, 331.37, 1881.18, 495.98], ""type"": ""handwritten"", ""text"": """"}, {""bbox"": [81.42, 2473.17, 1366.91, 2640.47], ""type"": ""handwritten"", ""text"": """"}, {""bbox"": [65.72, 1302.15, 2666.31, 1480.63], ""type"": ""handwritten"", ""text"": """"}, {""bbox"": [97.6, 762.86, 1541.02, 913.03], ""type"": ""handwritten"", ""text"": """"}]"
3750514a-eb49-460f-8b56-64b3cea0443f.jpg,"[{""bbox"": [11.37, 1000.5, 1528.14, 1080.28], ""type"": ""handwritten"", ""text"": """"}, {""bbox"": [16.59, 645.23, 1474.76, 709.58], ""type"": ""handwritten"", ""text"": """"}, {""bbox"": [15.11, 849.35, 1590.63, 933.69], ""type"": ""handwritten"", ""text"": """"}, {""bbox"": [27.11, 757.29, 1126.12, 823.47], ""type"": ""handwritten"", ""text"": """"}, {""bbox"": [17.16, 702.82, 1158.72, 764.32], ""type"": ""handwritten"", ""text"": """"}, {""bbox"": [25.94, 78.3, 1274.47, 134.29], ""type"": ""handwritten"", ""text"": """"}, {""bbox"": [24.5, 479.6, 897.2, 540.86], ""type"": ""handwritten"", ""text"": """"}, {""bbox"": [1.13, 1976.28, 1584.31, 2065.46], ""type"": ""handwritten"", ""text"": """"}, {""bbox"": [17.34, 1745.48, 239.34, 1799.72], ""type"": ""handwritten"", ""text"": """"}, {""bbox"": [10.25, 353.25, 1607.6, 435.0], ""type"": ""handwritten"", ""text"": """"}, {""bbox"": [24.94, 1543.94, 104.63, 1605.71], ""type"": ""handwritten"", ""text"": """"}, {""bbox"": [22.53, 587.11, 1166.99, 650.73], ""type"": ""handwritten"", ""text"": """"}, {""bbox"": [13.06, 925.7, 1581.45, 1002.6], ""type"": ""handwritten"", ""text"": """"}, {""bbox"": [5.31, 1803.44, 1639.85, 1876.36], ""type"": ""handwritten"", ""text"": """"}, {""bbox"": [2.95, 2063.45, 1646.96, 2172.42], ""type"": ""handwritten"", ""text"": """"}, {""bbox"": [23.09, 526.44, 1082.64, 592.16], ""type"": ""handwritten"", ""text"": """"}, {""bbox"": [17.96, 1673.66, 117.96, 1745.17], ""type"": ""handwritten"", ""text"": """"}, {""bbox"": [16.14, 1400.38, 112.34, 1464.29], ""type"": ""handwritten"", ""text"": """"}, {""bbox"": [19.59, 1846.29, 227.93, 1889.01], ""type"": ""handwritten"", ""text"": """"}, {""bbox"": [19.63, 1062.59, 279.14, 1132.92], ""type"": ""handwritten"", ""text"": """"}, {""bbox"": [10.87, 2137.42, 379.5, 2219.48], ""type"": ""handwritten"", ""text"": """"}, {""bbox"": [139.38, 24.28, 1230.07, 86.04], ""type"": ""handwritten"", ""text"": """"}, {""bbox"": [21.46, 1344.6, 104.36, 1398.78], ""type"": ""handwritten"", ""text"": """"}, {""bbox"": [15.92, 186.7, 1349.96, 250.34], ""type"": ""handwritten"", ""text"": """"}, {""bbox"": [10.79, 1128.93, 94.45, 1181.89], ""type"": ""handwritten"", ""text"": """"}, {""bbox"": [13.19, 431.19, 255.62, 481.13], ""type"": ""handwritten"", ""text"": """"}, {""bbox"": [23.33, 1470.16, 106.63, 1534.84], ""type"": ""handwritten"", ""text"": """"}, {""bbox"": [14.15, 238.55, 1310.95, 307.4], ""type"": ""handwritten"", ""text"": """"}, {""bbox"": [9.4, 293.2, 1615.44, 372.97], ""type"": ""handwritten"", ""text"": """"}, {""bbox"": [1.02, 1890.13, 1317.66, 1960.75], ""type"": ""handwritten"", ""text"": """"}, {""bbox"": [26.87, 824.59, 174.9, 887.97], ""type"": ""handwritten"", ""text"": """"}, {""bbox"": [15.85, 131.67, 1446.84, 195.33], ""type"": ""handwritten"", ""text"": """"}, {""bbox"": [13.67, 1178.18, 98.45, 1223.17], ""type"": ""handwritten"", ""text"": """"}, {""bbox"": [19.07, 1224.42, 89.12, 1279.34], ""type"": ""handwritten"", ""text"": """"}, {""bbox"": [14.67, 1283.59, 86.72, 1345.48], ""type"": ""handwritten"", ""text"": """"}, {""bbox"": [21.8, 1607.55, 104.88, 1676.2], ""type"": ""handwritten"", ""text"": """"}, {""bbox"": [1357.15, 977.22, 1557.66, 1022.34], ""type"": ""handwritten"", ""text"": """"}, {""bbox"": [1347.12, 1744.28, 1448.05, 1804.13], ""type"": ""annotation"", ""text"": """"}, {""bbox"": [1328.82, 2044.98, 1552.56, 2091.19], ""type"": ""handwritten"", ""text"": """"}, {""bbox"": [1400.16, 499.55, 1509.1, 559.74], ""type"": ""annotation"", ""text"": """"}, {""bbox"": [554.74, 1436.46, 647.49, 1492.98], ""type"": ""annotation"", ""text"": """"}]"
377e3119-9473-4695-aed1-c9a56c9bee8b.jpg,"[{""bbox"": [351.43, 1294.55, 1630.57, 1435.87], ""type"": ""handwritten"", ""text"": """"}, {""bbox"": [512.81, 2203.39, 2080.3, 2347.08], ""type"": ""handwritten"", ""text"": """"}, {""bbox"": [364.52, 857.8, 845.24, 952.89], ""type"": ""handwritten"", ""text"": """"}, {""bbox"": [2046.41, 132.62, 3631.42, 239.76], ""type"": ""handwritten"", ""text"": """"}, {""bbox"": [346.87, 1792.63, 2045.49, 1928.59], ""type"": ""handwritten"", ""text"": """"}, {""bbox"": [322.71, 1890.39, 2074.32, 2039.74], ""type"": ""handwritten"", ""text"": """"}, {""bbox"": [353.94, 1699.5, 1877.24, 1825.52], ""type"": ""handwritten"", ""text"": """"}, {""bbox"": [2046.07, 227.95, 3463.27, 338.75], ""type"": ""handwritten"", ""text"": """"}, {""bbox"": [336.54, 984.01, 2034.53, 1139.44], ""type"": ""handwritten"", ""text"": """"}, {""bbox"": [437.18, 894.08, 2028.43, 1044.0], ""type"": ""handwritten"", ""text"": """"}, {""bbox"": [2063.81, 323.54, 3624.88, 430.2], ""type"": ""handwritten"", ""text"": """"}, {""bbox"": [344.23, 1591.87, 1818.65, 1729.26], ""type"": ""handwritten"", ""text"": """"}, {""bbox"": [335.65, 1187.38, 2013.23, 1334.25], ""type"": ""handwritten"", ""text"": """"}, {""bbox"": [343.92, 1082.51, 1994.46, 1232.32], ""type"": ""handwritten"", ""text"": """"}, {""bbox"": [2066.66, 510.92, 2807.45, 597.74], ""type"": ""handwritten"", ""text"": """"}, {""bbox"": [423.77, 120.03, 1989.55, 310.18], ""type"": ""handwritten"", ""text"": """"}, {""bbox"": [339.19, 2143.68, 683.04, 2248.84], ""type"": ""handwritten"", ""text"": """"}, {""bbox"": [436.81, 1385.83, 1955.68, 1533.85], ""type"": ""handwritten"", ""text"": """"}, {""bbox"": [342.05, 323.68, 1966.9, 523.93], ""type"": ""handwritten"", ""text"": """"}, {""bbox"": [346.76, 697.81, 1985.79, 870.31], ""type"": ""handwritten"", ""text"": """"}, {""bbox"": [466.87, 512.75, 1762.31, 682.65], ""type"": ""handwritten"", ""text"": """"}, {""bbox"": [346.42, 605.68, 1960.78, 781.88], ""type"": ""handwritten"", ""text"": """"}, {""bbox"": [347.46, 1490.18, 1890.04, 1628.2], ""type"": ""handwritten"", ""text"": """"}, {""bbox"": [336.46, 489.9, 683.42, 598.58], ""type"": ""handwritten"", ""text"": """"}, {""bbox"": [366.42, 222.64, 1996.75, 399.79], ""type"": ""handwritten"", ""text"": """"}, {""bbox"": [325.96, 2007.8, 2021.6, 2148.45], ""type"": ""handwritten"", ""text"": """"}, {""bbox"": [2051.72, 416.68, 3629.85, 517.57], ""type"": ""handwritten"", ""text"": """"}, {""bbox"": [324.62, 1909.62, 2054.52, 2132.77], ""type"": ""handwritten"", ""text"": """"}, {""bbox"": [329.26, 1068.75, 2009.87, 1337.31], ""type"": ""handwritten"", ""text"": """"}]"
382c3795-d27c-4e20-a6f4-3704045a9c19.jpg,"[{""bbox"": [369.63, 2001.84, 3881.23, 2206.22], ""type"": ""handwritten"", ""text"": """"}, {""bbox"": [571.96, 4023.97, 3785.59, 4221.04], ""type"": ""handwritten"", ""text"": """"}, {""bbox"": [580.04, 555.88, 3909.32, 748.54], ""type"": ""handwritten"", ""text"": """"}, {""bbox"": [380.56, 1641.62, 3849.18, 1836.09], ""type"": ""handwritten"", ""text"": """"}, {""bbox"": [440.04, 3694.7, 3962.61, 3888.39], ""type"": ""handwritten"", ""text"": """"}, {""bbox"": [478.79, 3132.51, 3908.46, 3356.44], ""type"": ""handwritten"", ""text"": """"}, {""bbox"": [383.23, 2718.42, 3965.31, 2910.55], ""type"": ""handwritten"", ""text"": """"}, {""bbox"": [340.43, 1269.77, 4005.3, 1475.38], ""type"": ""handwritten"", ""text"": """"}, {""bbox"": [352.41, 1074.82, 3991.08, 1297.05], ""type"": ""handwritten"", ""text"": """"}, {""bbox"": [399.77, 2533.9, 3956.76, 2742.24], ""type"": ""handwritten"", ""text"": """"}, {""bbox"": [386.58, 3335.31, 3708.86, 3537.79], ""type"": ""handwritten"", ""text"": """"}, {""bbox"": [389.86, 2891.62, 3810.32, 3088.59], ""type"": ""handwritten"", ""text"": """"}, {""bbox"": [469.41, 2356.16, 3959.17, 2547.36], ""type"": ""handwritten"", ""text"": """"}, {""bbox"": [364.49, 746.51, 2595.95, 934.04], ""type"": ""handwritten"", ""text"": """"}, {""bbox"": [1423.06, 354.74, 2329.3, 522.52], ""type"": ""handwritten"", ""text"": """"}, {""bbox"": [354.01, 1456.55, 3993.37, 1648.35], ""type"": ""handwritten"", ""text"": """"}, {""bbox"": [452.35, 4203.78, 3842.4, 4397.16], ""type"": ""handwritten"", ""text"": """"}, {""bbox"": [413.6, 3516.58, 3911.03, 3707.09], ""type"": ""handwritten"", ""text"": """"}, {""bbox"": [379.27, 1818.15, 3960.98, 2016.51], ""type"": ""handwritten"", ""text"": """"}, {""bbox"": [363.43, 2191.44, 2520.26, 2362.28], ""type"": ""handwritten"", ""text"": """"}, {""bbox"": [445.41, 4380.44, 3794.69, 4578.13], ""type"": ""handwritten"", ""text"": """"}, {""bbox"": [450.21, 3858.68, 1825.32, 4007.26], ""type"": ""handwritten"", ""text"": """"}, {""bbox"": [448.92, 4546.83, 3733.38, 4754.61], ""type"": ""handwritten"", ""text"": """"}, {""bbox"": [539.92, 910.5, 4021.17, 1099.94], ""type"": ""handwritten"", ""text"": """"}, {""bbox"": [504.74, 5206.86, 3237.78, 5403.98], ""type"": ""handwritten"", ""text"": """"}, {""bbox"": [628.76, 4721.03, 3852.39, 4929.01], ""type"": ""handwritten"", ""text"": """"}, {""bbox"": [480.08, 4878.31, 3901.7, 5108.94], ""type"": ""handwritten"", ""text"": """"}, {""bbox"": [1034.47, 3050.86, 1309.48, 3139.21], ""type"": ""handwritten"", ""text"": """"}, {""bbox"": [507.08, 5052.1, 3696.22, 5266.2], ""type"": ""handwritten"", ""text"": """"}, {""bbox"": [515.58, 4904.15, 3858.99, 5221.2], ""type"": ""handwritten"", ""text"": """"}]"
3908ae7d-5692-4c49-aa2a-5741baf6de47.jpg,"[{""bbox"": [712.13, 723.09, 2317.34, 852.62], ""type"": ""handwritten"", ""text"": """"}, {""bbox"": [703.86, 835.33, 2347.85, 968.59], ""type"": ""handwritten"", ""text"": """"}, {""bbox"": [875.87, 1027.01, 2421.06, 1159.29], ""type"": ""handwritten"", ""text"": """"}, {""bbox"": [691.95, 1141.15, 2425.16, 1256.23], ""type"": ""handwritten"", ""text"": """"}, {""bbox"": [692.14, 1329.55, 2321.0, 1460.89], ""type"": ""handwritten"", ""text"": """"}, {""bbox"": [718.56, 938.38, 1773.78, 1045.93], ""type"": ""handwritten"", ""text"": """"}, {""bbox"": [690.72, 1232.06, 2292.74, 1351.85], ""type"": ""handwritten"", ""text"": """"}, {""bbox"": [687.6, 1526.13, 2306.76, 1658.2], ""type"": ""handwritten"", ""text"": """"}, {""bbox"": [688.82, 1434.23, 2325.38, 1554.26], ""type"": ""handwritten"", ""text"": """"}, {""bbox"": [971.21, 1820.31, 2366.63, 1959.56], ""type"": ""handwritten"", ""text"": """"}, {""bbox"": [689.16, 1625.42, 2437.76, 1765.41], ""type"": ""handwritten"", ""text"": """"}, {""bbox"": [693.18, 1724.72, 1623.82, 1843.64], ""type"": ""handwritten"", ""text"": """"}, {""bbox"": [978.02, 2513.56, 2267.11, 2673.34], ""type"": ""handwritten"", ""text"": """"}, {""bbox"": [670.8, 2021.9, 2355.64, 2163.56], ""type"": ""handwritten"", ""text"": """"}, {""bbox"": [673.67, 1918.11, 2411.83, 2058.84], ""type"": ""handwritten"", ""text"": """"}, {""bbox"": [651.0, 2915.82, 2132.52, 3077.85], ""type"": ""handwritten"", ""text"": """"}, {""bbox"": [672.75, 2117.08, 2401.71, 2265.45], ""type"": ""handwritten"", ""text"": """"}, {""bbox"": [655.82, 2312.61, 2417.32, 2499.05], ""type"": ""handwritten"", ""text"": """"}, {""bbox"": [652.62, 2816.65, 2311.68, 2993.29], ""type"": ""handwritten"", ""text"": """"}, {""bbox"": [651.0, 2411.67, 1417.82, 2539.4], ""type"": ""handwritten"", ""text"": """"}, {""bbox"": [657.82, 2714.28, 2222.59, 2893.74], ""type"": ""handwritten"", ""text"": """"}, {""bbox"": [659.55, 2626.1, 2374.72, 2801.52], ""type"": ""handwritten"", ""text"": """"}, {""bbox"": [662.36, 2211.36, 2407.83, 2389.5], ""type"": ""handwritten"", ""text"": """"}, {""bbox"": [660.1, 2503.45, 2293.98, 2779.87], ""type"": ""handwritten"", ""text"": """"}]"
39d587b7-6ea0-42db-8ae4-6c72d70f006b.jpg,"[{""bbox"": [313.39, 300.12, 1398.84, 354.51], ""type"": ""handwritten"", ""text"": """"}, {""bbox"": [262.49, 231.89, 1395.05, 285.03], ""type"": ""handwritten"", ""text"": """"}, {""bbox"": [582.59, 139.35, 970.62, 195.8], ""type"": ""handwritten"", ""text"": """"}, {""bbox"": [313.32, 190.59, 1368.9, 237.41], ""type"": ""handwritten"", ""text"": """"}, {""bbox"": [538.96, 53.66, 1097.01, 130.0], ""type"": ""handwritten"", ""text"": """"}, {""bbox"": [230.96, 665.39, 1154.61, 710.79], ""type"": ""handwritten"", ""text"": """"}, {""bbox"": [228.0, 586.2, 1396.82, 630.1], ""type"": ""handwritten"", ""text"": """"}, {""bbox"": [238.73, 1100.01, 805.92, 1143.2], ""type"": ""handwritten"", ""text"": """"}, {""bbox"": [244.37, 468.91, 1415.24, 512.95], ""type"": ""handwritten"", ""text"": """"}, {""bbox"": [235.55, 939.8, 1408.79, 985.06], ""type"": ""handwritten"", ""text"": """"}, {""bbox"": [250.98, 1531.75, 740.63, 1579.52], ""type"": ""handwritten"", ""text"": """"}, {""bbox"": [243.63, 546.1, 1418.04, 590.84], ""type"": ""handwritten"", ""text"": """"}, {""bbox"": [239.46, 1412.38, 1368.77, 1457.93], ""type"": ""handwritten"", ""text"": """"}, {""bbox"": [325.48, 1366.04, 1375.82, 1417.3], ""type"": ""handwritten"", ""text"": """"}, {""bbox"": [234.15, 1295.0, 1306.56, 1348.11], ""type"": ""handwritten"", ""text"": """"}, {""bbox"": [258.47, 426.63, 1412.22, 473.65], ""type"": ""handwritten"", ""text"": """"}, {""bbox"": [239.2, 1177.99, 1296.69, 1220.95], ""type"": ""handwritten"", ""text"": """"}, {""bbox"": [279.1, 704.01, 1374.53, 748.58], ""type"": ""handwritten"", ""text"": """"}, {""bbox"": [231.4, 1060.12, 1378.62, 1105.96], ""type"": ""handwritten"", ""text"": """"}, {""bbox"": [242.99, 822.16, 1400.51, 866.2], ""type"": ""handwritten"", ""text"": """"}, {""bbox"": [433.41, 388.79, 1309.86, 436.07], ""type"": ""handwritten"", ""text"": """"}, {""bbox"": [462.55, 861.89, 1339.08, 906.28], ""type"": ""handwritten"", ""text"": """"}, {""bbox"": [481.3, 509.05, 1357.9, 553.89], ""type"": ""handwritten"", ""text"": """"}, {""bbox"": [252.54, 347.71, 1410.17, 395.33], ""type"": ""handwritten"", ""text"": """"}, {""bbox"": [462.63, 744.98, 1339.05, 790.02], ""type"": ""handwritten"", ""text"": """"}, {""bbox"": [243.69, 781.96, 1347.29, 826.61], ""type"": ""handwritten"", ""text"": """"}, {""bbox"": [241.52, 1450.8, 1401.63, 1497.43], ""type"": ""handwritten"", ""text"": """"}, {""bbox"": [252.75, 272.07, 395.29, 320.48], ""type"": ""handwritten"", ""text"": """"}, {""bbox"": [282.56, 899.38, 1383.96, 944.31], ""type"": ""handwritten"", ""text"": """"}, {""bbox"": [429.18, 626.22, 1305.42, 671.69], ""type"": ""handwritten"", ""text"": """"}, {""bbox"": [245.36, 1457.84, 1398.36, 1534.06], ""type"": ""handwritten"", ""text"": """"}, {""bbox"": [249.07, 1340.1, 369.56, 1390.69], ""type"": ""handwritten"", ""text"": """"}, {""bbox"": [462.66, 1491.97, 1339.06, 1537.32], ""type"": ""handwritten"", ""text"": """"}, {""bbox"": [255.85, 1015.08, 1378.45, 1061.63], ""type"": ""handwritten"", ""text"": """"}, {""bbox"": [240.76, 1236.02, 1362.65, 1296.51], ""type"": ""handwritten"", ""text"": """"}, {""bbox"": [310.39, 1217.73, 1351.71, 1261.08], ""type"": ""handwritten"", ""text"": """"}, {""bbox"": [291.57, 1135.53, 1330.42, 1179.97], ""type"": ""handwritten"", ""text"": """"}, {""bbox"": [433.51, 1256.26, 1309.69, 1299.7], ""type"": ""handwritten"", ""text"": """"}, {""bbox"": [244.06, 756.13, 1381.29, 799.51], ""type"": ""handwritten"", ""text"": """"}, {""bbox"": [404.74, 982.28, 1280.52, 1025.19], ""type"": ""handwritten"", ""text"": """"}, {""bbox"": [239.58, 1503.44, 1405.38, 1566.16], ""type"": ""handwritten"", ""text"": """"}, {""bbox"": [239.86, 1249.49, 1370.08, 1282.05], ""type"": ""handwritten"", ""text"": """"}]"
3a04e16a-c8d5-4a58-a5a8-b8774ffc32be.jpg,"[{""bbox"": [31.52, 1235.89, 1805.77, 1418.21], ""type"": ""formula"", ""text"": """"}, {""bbox"": [30.98, 2345.3, 1541.16, 2468.05], ""type"": ""handwritten"", ""text"": """"}, {""bbox"": [31.75, 1423.68, 1335.78, 1577.27], ""type"": ""formula"", ""text"": """"}, {""bbox"": [42.16, 2152.62, 1642.58, 2329.59], ""type"": ""formula"", ""text"": """"}, {""bbox"": [123.86, 185.76, 648.93, 397.79], ""type"": ""image"", ""text"": """"}, {""bbox"": [58.58, 624.69, 777.41, 736.21], ""type"": ""handwritten"", ""text"": """"}, {""bbox"": [75.86, 934.89, 1601.39, 1046.29], ""type"": ""formula"", ""text"": """"}, {""bbox"": [47.1, 1136.55, 861.35, 1226.97], ""type"": ""formula"", ""text"": """"}, {""bbox"": [51.47, 1934.23, 797.08, 2037.24], ""type"": ""formula"", ""text"": """"}, {""bbox"": [46.3, 1743.21, 1299.85, 1911.98], ""type"": ""formula"", ""text"": """"}, {""bbox"": [51.64, 724.06, 1618.09, 846.05], ""type"": ""formula"", ""text"": """"}, {""bbox"": [50.03, 458.44, 1410.15, 656.52], ""type"": ""formula"", ""text"": """"}, {""bbox"": [46.36, 2045.4, 346.35, 2126.14], ""type"": ""formula"", ""text"": """"}, {""bbox"": [45.38, 1704.84, 200.73, 1767.68], ""type"": ""formula"", ""text"": """"}, {""bbox"": [58.36, 1076.96, 241.94, 1140.0], ""type"": ""handwritten"", ""text"": """"}, {""bbox"": [52.31, 842.99, 944.8, 947.96], ""type"": ""handwritten"", ""text"": """"}, {""bbox"": [66.37, 460.54, 256.3, 530.81], ""type"": ""handwritten"", ""text"": """"}, {""bbox"": [46.51, 1744.73, 600.64, 1911.43], ""type"": ""formula"", ""text"": """"}, {""bbox"": [91.29, 5.55, 653.94, 396.0], ""type"": ""graph"", ""text"": """"}, {""bbox"": [77.16, 929.51, 935.57, 1052.87], ""type"": ""formula"", ""text"": """"}, {""bbox"": [10.98, 2668.57, 380.29, 2770.36], ""type"": ""handwritten"", ""text"": """"}, {""bbox"": [30.66, 1610.65, 239.8, 1684.41], ""type"": ""formula"", ""text"": """"}, {""bbox"": [727.12, 1788.09, 1300.1, 1899.17], ""type"": ""formula"", ""text"": """"}]"
3a2f413e-5251-4be1-b39a-85029cea053c.jpg,"[{""bbox"": [78.79, 1682.55, 1603.0, 1790.97], ""type"": ""handwritten"", ""text"": """"}, {""bbox"": [69.47, 1277.86, 1506.43, 1378.44], ""type"": ""handwritten"", ""text"": """"}, {""bbox"": [42.85, 918.51, 1533.2, 1012.75], ""type"": ""handwritten"", ""text"": """"}, {""bbox"": [44.81, 1183.48, 1557.7, 1288.69], ""type"": ""handwritten"", ""text"": """"}, {""bbox"": [58.6, 565.21, 1541.68, 658.34], ""type"": ""handwritten"", ""text"": """"}, {""bbox"": [37.02, 234.07, 1618.31, 329.77], ""type"": ""handwritten"", ""text"": """"}, {""bbox"": [28.2, 1.66, 1524.97, 80.05], ""type"": ""handwritten"", ""text"": """"}, {""bbox"": [60.4, 647.72, 1543.52, 749.11], ""type"": ""handwritten"", ""text"": """"}, {""bbox"": [34.37, 146.74, 1622.37, 246.45], ""type"": ""handwritten"", ""text"": """"}, {""bbox"": [50.7, 1096.25, 1234.66, 1188.81], ""type"": ""handwritten"", ""text"": """"}, {""bbox"": [55.25, 397.01, 1474.01, 485.99], ""type"": ""handwritten"", ""text"": """"}, {""bbox"": [41.18, 321.12, 1511.87, 406.72], ""type"": ""handwritten"", ""text"": """"}, {""bbox"": [44.82, 1007.92, 1456.49, 1103.08], ""type"": ""handwritten"", ""text"": """"}, {""bbox"": [71.03, 1430.81, 1364.65, 1530.8], ""type"": ""handwritten"", ""text"": """"}, {""bbox"": [76.51, 1780.36, 1542.95, 1878.55], ""type"": ""handwritten"", ""text"": """"}, {""bbox"": [59.63, 479.17, 1587.04, 574.04], ""type"": ""handwritten"", ""text"": """"}, {""bbox"": [51.87, 818.15, 1565.46, 925.72], ""type"": ""handwritten"", ""text"": """"}, {""bbox"": [79.36, 1509.3, 1561.98, 1619.84], ""type"": ""handwritten"", ""text"": """"}, {""bbox"": [80.69, 1611.27, 403.8, 1704.15], ""type"": ""handwritten"", ""text"": """"}, {""bbox"": [79.14, 1369.48, 263.05, 1457.67], ""type"": ""handwritten"", ""text"": """"}, {""bbox"": [57.21, 741.12, 992.64, 835.12], ""type"": ""handwritten"", ""text"": """"}, {""bbox"": [37.66, 69.56, 1523.95, 158.29], ""type"": ""handwritten"", ""text"": """"}, {""bbox"": [73.69, 1861.23, 1540.87, 1973.05], ""type"": ""handwritten"", ""text"": """"}]"
3b4990e0-d71c-4e12-a083-a306730eb52b.jpg,"[{""bbox"": [74.58, 218.24, 817.58, 273.69], ""type"": ""handwritten"", ""text"": """"}, {""bbox"": [47.79, 265.79, 842.15, 324.99], ""type"": ""handwritten"", ""text"": """"}, {""bbox"": [48.26, 121.15, 854.24, 197.06], ""type"": ""handwritten"", ""text"": """"}, {""bbox"": [33.13, 311.22, 789.15, 368.89], ""type"": ""handwritten"", ""text"": """"}, {""bbox"": [32.02, 563.83, 897.03, 662.83], ""type"": ""handwritten"", ""text"": """"}, {""bbox"": [37.83, 168.77, 197.61, 215.13], ""type"": ""handwritten"", ""text"": """"}, {""bbox"": [36.34, 394.64, 877.97, 450.79], ""type"": ""handwritten"", ""text"": """"}, {""bbox"": [49.3, 902.64, 854.33, 1006.95], ""type"": ""handwritten"", ""text"": """"}, {""bbox"": [27.79, 972.57, 821.36, 1042.89], ""type"": ""handwritten"", ""text"": """"}, {""bbox"": [9.87, 780.15, 857.63, 859.42], ""type"": ""handwritten"", ""text"": """"}, {""bbox"": [265.3, 43.14, 425.69, 83.58], ""type"": ""handwritten"", ""text"": """"}, {""bbox"": [36.76, 432.08, 853.89, 490.78], ""type"": ""handwritten"", ""text"": """"}, {""bbox"": [24.5, 840.04, 854.09, 909.31], ""type"": ""handwritten"", ""text"": """"}, {""bbox"": [27.81, 526.41, 884.03, 607.56], ""type"": ""handwritten"", ""text"": """"}, {""bbox"": [38.46, 868.92, 172.96, 905.0], ""type"": ""handwritten"", ""text"": """"}, {""bbox"": [40.4, 358.57, 818.44, 404.95], ""type"": ""handwritten"", ""text"": """"}, {""bbox"": [21.52, 701.91, 863.58, 795.72], ""type"": ""handwritten"", ""text"": """"}, {""bbox"": [43.0, 600.96, 191.07, 641.59], ""type"": ""handwritten"", ""text"": """"}, {""bbox"": [37.36, 460.25, 584.59, 528.77], ""type"": ""handwritten"", ""text"": """"}, {""bbox"": [21.34, 738.38, 312.52, 772.06], ""type"": ""handwritten"", ""text"": """"}, {""bbox"": [23.86, 672.52, 873.51, 769.01], ""type"": ""handwritten"", ""text"": """"}, {""bbox"": [33.64, 631.62, 886.53, 737.4], ""type"": ""handwritten"", ""text"": """"}, {""bbox"": [52.44, 759.75, 858.98, 829.0], ""type"": ""handwritten"", ""text"": """"}, {""bbox"": [71.1, 497.56, 858.46, 563.44], ""type"": ""handwritten"", ""text"": """"}, {""bbox"": [20.5, 807.98, 788.27, 884.61], ""type"": ""handwritten"", ""text"": """"}]"
3bc2244f-ea4a-4c1e-86bf-defa0f11402f.jpg,"[{""bbox"": [362.42, 276.56, 1363.64, 355.51], ""type"": ""handwritten"", ""text"": """"}, {""bbox"": [239.7, 344.08, 1364.07, 420.5], ""type"": ""handwritten"", ""text"": """"}, {""bbox"": [232.82, 594.11, 1263.77, 672.67], ""type"": ""handwritten"", ""text"": """"}, {""bbox"": [314.22, 467.63, 1359.85, 546.54], ""type"": ""handwritten"", ""text"": """"}, {""bbox"": [598.72, 190.99, 1120.3, 287.38], ""type"": ""handwritten"", ""text"": """"}, {""bbox"": [216.21, 910.32, 1377.86, 989.55], ""type"": ""handwritten"", ""text"": """"}, {""bbox"": [219.94, 1482.14, 1346.53, 1558.99], ""type"": ""handwritten"", ""text"": """"}, {""bbox"": [212.89, 661.13, 1267.47, 736.15], ""type"": ""handwritten"", ""text"": """"}, {""bbox"": [212.08, 784.28, 1358.84, 864.17], ""type"": ""handwritten"", ""text"": """"}, {""bbox"": [236.66, 534.88, 1356.46, 605.93], ""type"": ""handwritten"", ""text"": """"}, {""bbox"": [224.86, 1102.26, 1353.13, 1179.06], ""type"": ""handwritten"", ""text"": """"}, {""bbox"": [234.49, 1549.03, 1270.22, 1620.22], ""type"": ""handwritten"", ""text"": """"}, {""bbox"": [224.46, 1165.06, 1243.17, 1240.41], ""type"": ""handwritten"", ""text"": """"}, {""bbox"": [221.49, 723.12, 1344.5, 800.34], ""type"": ""handwritten"", ""text"": """"}, {""bbox"": [338.2, 1291.95, 1340.97, 1370.29], ""type"": ""handwritten"", ""text"": """"}, {""bbox"": [202.01, 1352.69, 1341.1, 1431.46], ""type"": ""handwritten"", ""text"": """"}, {""bbox"": [227.96, 1229.31, 1189.02, 1300.35], ""type"": ""handwritten"", ""text"": """"}, {""bbox"": [218.97, 978.14, 1378.46, 1058.52], ""type"": ""handwritten"", ""text"": """"}, {""bbox"": [219.34, 853.07, 1370.25, 928.49], ""type"": ""handwritten"", ""text"": """"}, {""bbox"": [255.74, 407.94, 1146.23, 479.48], ""type"": ""handwritten"", ""text"": """"}, {""bbox"": [218.72, 1609.48, 1340.35, 1709.76], ""type"": ""handwritten"", ""text"": """"}, {""bbox"": [205.39, 1420.53, 1343.24, 1495.56], ""type"": ""handwritten"", ""text"": """"}, {""bbox"": [208.6, 1038.39, 1279.16, 1115.23], ""type"": ""handwritten"", ""text"": """"}, {""bbox"": [224.47, 1671.35, 672.02, 1727.98], ""type"": ""handwritten"", ""text"": """"}, {""bbox"": [589.5, 185.8, 1556.27, 296.6], ""type"": ""handwritten"", ""text"": """"}]"
3c29b80c-3ece-4a81-abae-3a396b16abcd.jpg,"[{""bbox"": [183.08, 1789.9, 2130.44, 1912.54], ""type"": ""handwritten"", ""text"": """"}, {""bbox"": [50.57, 1908.52, 2027.47, 2039.71], ""type"": ""handwritten"", ""text"": """"}, {""bbox"": [210.19, 446.84, 2078.85, 566.87], ""type"": ""handwritten"", ""text"": """"}, {""bbox"": [81.39, 1407.06, 2091.53, 1553.69], ""type"": ""handwritten"", ""text"": """"}, {""bbox"": [267.92, 209.22, 2318.22, 321.79], ""type"": ""handwritten"", ""text"": """"}, {""bbox"": [56.37, 2663.99, 2069.89, 2786.43], ""type"": ""handwritten"", ""text"": """"}, {""bbox"": [73.78, 2026.6, 2081.32, 2166.59], ""type"": ""handwritten"", ""text"": """"}, {""bbox"": [24.48, 2777.15, 2247.56, 2934.39], ""type"": ""handwritten"", ""text"": """"}, {""bbox"": [108.65, 805.81, 1936.09, 950.07], ""type"": ""handwritten"", ""text"": """"}, {""bbox"": [78.27, 2144.21, 2061.98, 2290.18], ""type"": ""handwritten"", ""text"": """"}, {""bbox"": [84.58, 1543.71, 1854.25, 1679.49], ""type"": ""handwritten"", ""text"": """"}, {""bbox"": [760.71, 55.07, 1358.5, 203.48], ""type"": ""handwritten"", ""text"": """"}, {""bbox"": [83.73, 1297.02, 1908.82, 1434.13], ""type"": ""handwritten"", ""text"": """"}, {""bbox"": [91.31, 1044.6, 2194.82, 1177.94], ""type"": ""handwritten"", ""text"": """"}, {""bbox"": [109.19, 554.68, 2130.74, 702.44], ""type"": ""handwritten"", ""text"": """"}, {""bbox"": [85.0, 1170.9, 2210.44, 1309.11], ""type"": ""handwritten"", ""text"": """"}, {""bbox"": [70.09, 2272.39, 2155.01, 2421.16], ""type"": ""handwritten"", ""text"": """"}, {""bbox"": [78.0, 1689.21, 553.95, 1778.46], ""type"": ""handwritten"", ""text"": """"}, {""bbox"": [88.95, 685.53, 2098.5, 817.9], ""type"": ""handwritten"", ""text"": """"}, {""bbox"": [64.14, 2529.47, 1859.13, 2655.07], ""type"": ""handwritten"", ""text"": """"}, {""bbox"": [141.81, 327.96, 1196.91, 463.93], ""type"": ""handwritten"", ""text"": """"}, {""bbox"": [106.12, 934.23, 2107.07, 1056.42], ""type"": ""handwritten"", ""text"": """"}, {""bbox"": [59.89, 2425.01, 909.42, 2525.62], ""type"": ""handwritten"", ""text"": """"}, {""bbox"": [1705.62, 1384.46, 1837.73, 1449.88], ""type"": ""handwritten"", ""text"": """"}]"
3db56843-9ebc-4f59-b882-266e02182e6e.jpg,"[{""bbox"": [248.89, 1683.69, 2406.26, 1880.52], ""type"": ""handwritten"", ""text"": """"}, {""bbox"": [526.49, 946.28, 2397.93, 1153.47], ""type"": ""handwritten"", ""text"": """"}, {""bbox"": [169.57, 3370.13, 2201.47, 3599.53], ""type"": ""handwritten"", ""text"": """"}, {""bbox"": [241.35, 1867.56, 2422.56, 2047.42], ""type"": ""handwritten"", ""text"": """"}, {""bbox"": [293.43, 632.55, 2402.03, 835.27], ""type"": ""handwritten"", ""text"": """"}, {""bbox"": [163.25, 2972.93, 2290.64, 3195.09], ""type"": ""handwritten"", ""text"": """"}, {""bbox"": [215.44, 2394.46, 2296.97, 2617.14], ""type"": ""handwritten"", ""text"": """"}, {""bbox"": [276.56, 1141.18, 2264.02, 1336.57], ""type"": ""handwritten"", ""text"": """"}, {""bbox"": [412.88, 3176.79, 2465.16, 3388.88], ""type"": ""handwritten"", ""text"": """"}, {""bbox"": [218.67, 2227.34, 2350.99, 2411.97], ""type"": ""handwritten"", ""text"": """"}, {""bbox"": [279.86, 1314.85, 2399.25, 1515.37], ""type"": ""handwritten"", ""text"": """"}, {""bbox"": [583.01, 447.38, 2362.13, 641.22], ""type"": ""handwritten"", ""text"": """"}, {""bbox"": [229.9, 2037.47, 2395.16, 2241.84], ""type"": ""handwritten"", ""text"": """"}, {""bbox"": [832.95, 198.44, 1743.45, 392.68], ""type"": ""handwritten"", ""text"": """"}, {""bbox"": [270.79, 1492.31, 2440.23, 1701.64], ""type"": ""handwritten"", ""text"": """"}, {""bbox"": [196.02, 2593.44, 2254.02, 2810.35], ""type"": ""handwritten"", ""text"": """"}, {""bbox"": [324.87, 810.27, 1161.32, 967.95], ""type"": ""handwritten"", ""text"": """"}, {""bbox"": [142.14, 3577.07, 2255.86, 3821.63], ""type"": ""handwritten"", ""text"": """"}, {""bbox"": [172.1, 2792.75, 2290.99, 3002.3], ""type"": ""handwritten"", ""text"": """"}]"
3e441d16-245d-552b-8f44-06206bf42ac7.jpg,"[{""bbox"": [848.16, 2015.01, 3742.79, 2290.38], ""type"": ""handwritten"", ""text"": """"}, {""bbox"": [943.57, 2379.0, 3896.44, 2699.21], ""type"": ""handwritten"", ""text"": """"}, {""bbox"": [933.33, 2219.36, 3342.21, 2491.09], ""type"": ""handwritten"", ""text"": """"}, {""bbox"": [665.84, 1633.22, 3707.13, 2015.76], ""type"": ""handwritten"", ""text"": """"}, {""bbox"": [722.24, 1284.45, 3759.46, 1582.21], ""type"": ""handwritten"", ""text"": """"}, {""bbox"": [572.58, 1104.96, 3589.96, 1387.89], ""type"": ""handwritten"", ""text"": """"}, {""bbox"": [727.51, 1446.55, 3771.62, 1805.98], ""type"": ""handwritten"", ""text"": """"}, {""bbox"": [720.27, 1811.83, 3666.56, 2166.82], ""type"": ""handwritten"", ""text"": """"}, {""bbox"": [581.09, 916.86, 3618.5, 1258.67], ""type"": ""handwritten"", ""text"": """"}]"
3e920349-b25e-5705-8d5c-839aed38f6c2.jpg,"[{""bbox"": [1136.94, 20.77, 2310.65, 280.68], ""type"": ""handwritten"", ""text"": """"}, {""bbox"": [1491.04, 465.86, 2253.14, 836.66], ""type"": ""table"", ""text"": """"}, {""bbox"": [102.23, 1729.07, 1750.04, 2145.34], ""type"": ""table"", ""text"": """"}, {""bbox"": [1530.27, 229.09, 1850.39, 418.64], ""type"": ""handwritten"", ""text"": """"}, {""bbox"": [1516.19, 3403.48, 1868.46, 3623.44], ""type"": ""handwritten"", ""text"": """"}, {""bbox"": [1228.68, 1323.8, 1530.86, 1499.1], ""type"": ""handwritten"", ""text"": """"}, {""bbox"": [169.26, 1181.4, 1659.49, 1376.12], ""type"": ""formula"", ""text"": """"}, {""bbox"": [101.19, 1562.63, 1286.36, 1738.94], ""type"": ""formula"", ""text"": """"}, {""bbox"": [81.87, 455.04, 1201.89, 842.17], ""type"": ""table"", ""text"": """"}, {""bbox"": [77.71, 457.72, 2268.82, 845.32], ""type"": ""table"", ""text"": """"}, {""bbox"": [89.46, 976.17, 1536.76, 1174.37], ""type"": ""formula"", ""text"": """"}, {""bbox"": [1146.91, 0.69, 2084.49, 69.9], ""type"": ""handwritten"", ""text"": """"}, {""bbox"": [76.15, 821.56, 1138.09, 907.12], ""type"": ""handwritten"", ""text"": """"}]"
3f0e94da-d247-523a-9278-1a407a6cc828.jpg,"[{""bbox"": [409.02, 629.42, 3341.69, 837.61], ""type"": ""handwritten"", ""text"": """"}, {""bbox"": [423.17, 1522.09, 3400.83, 1736.27], ""type"": ""handwritten"", ""text"": """"}, {""bbox"": [519.06, 447.49, 3474.25, 650.01], ""type"": ""handwritten"", ""text"": """"}, {""bbox"": [1082.8, 70.89, 3269.86, 287.67], ""type"": ""handwritten"", ""text"": """"}, {""bbox"": [398.7, 821.72, 3101.1, 1031.78], ""type"": ""handwritten"", ""text"": """"}, {""bbox"": [407.1, 1707.33, 3323.69, 1918.52], ""type"": ""handwritten"", ""text"": """"}, {""bbox"": [558.94, 2247.51, 3552.33, 2458.73], ""type"": ""handwritten"", ""text"": """"}, {""bbox"": [1069.33, 263.67, 3285.13, 463.87], ""type"": ""handwritten"", ""text"": """"}, {""bbox"": [534.23, 2069.48, 3537.88, 2277.79], ""type"": ""handwritten"", ""text"": """"}, {""bbox"": [485.28, 993.65, 3470.76, 1208.06], ""type"": ""handwritten"", ""text"": """"}, {""bbox"": [497.52, 1343.56, 3485.57, 1563.22], ""type"": ""handwritten"", ""text"": """"}, {""bbox"": [435.88, 1170.56, 3375.02, 1380.04], ""type"": ""handwritten"", ""text"": """"}, {""bbox"": [481.38, 2426.37, 1453.13, 2601.68], ""type"": ""handwritten"", ""text"": """"}, {""bbox"": [576.87, 1883.16, 3578.79, 2094.5], ""type"": ""handwritten"", ""text"": """"}, {""bbox"": [0.21, 1936.51, 284.74, 2102.63], ""type"": ""handwritten"", ""text"": """"}, {""bbox"": [0.0, 2120.11, 287.05, 2318.02], ""type"": ""handwritten"", ""text"": """"}, {""bbox"": [0.0, 443.23, 290.85, 651.66], ""type"": ""handwritten"", ""text"": """"}]"
3f40ba84-b3ae-4b3a-87db-707257a4993a.jpg,"[{""bbox"": [62.98, 22.11, 516.31, 98.27], ""type"": ""handwritten"", ""text"": """"}, {""bbox"": [31.46, 1187.69, 840.61, 1266.99], ""type"": ""handwritten"", ""text"": """"}, {""bbox"": [89.92, 288.21, 446.48, 360.41], ""type"": ""handwritten"", ""text"": """"}, {""bbox"": [43.41, 347.14, 1394.97, 444.24], ""type"": ""handwritten"", ""text"": """"}, {""bbox"": [44.39, 872.46, 1583.72, 973.64], ""type"": ""handwritten"", ""text"": """"}, {""bbox"": [21.74, 808.04, 651.75, 889.73], ""type"": ""handwritten"", ""text"": """"}, {""bbox"": [31.79, 753.43, 351.44, 822.29], ""type"": ""handwritten"", ""text"": """"}, {""bbox"": [48.57, 409.91, 1633.76, 518.57], ""type"": ""handwritten"", ""text"": """"}, {""bbox"": [49.57, 485.83, 1651.21, 625.36], ""type"": ""handwritten"", ""text"": """"}, {""bbox"": [33.09, 662.03, 500.35, 721.69], ""type"": ""handwritten"", ""text"": """"}, {""bbox"": [49.38, 226.09, 1034.54, 315.45], ""type"": ""handwritten"", ""text"": """"}, {""bbox"": [35.3, 705.57, 376.63, 761.97], ""type"": ""handwritten"", ""text"": """"}, {""bbox"": [57.98, 86.94, 1541.82, 189.88], ""type"": ""handwritten"", ""text"": """"}, {""bbox"": [46.39, 136.44, 1623.04, 270.18], ""type"": ""handwritten"", ""text"": """"}, {""bbox"": [35.9, 1130.61, 1588.28, 1235.16], ""type"": ""handwritten"", ""text"": """"}, {""bbox"": [47.12, 956.05, 1606.47, 1091.34], ""type"": ""handwritten"", ""text"": """"}, {""bbox"": [46.08, 603.68, 1078.61, 691.27], ""type"": ""handwritten"", ""text"": """"}, {""bbox"": [45.39, 926.18, 1606.35, 1042.45], ""type"": ""handwritten"", ""text"": """"}, {""bbox"": [42.12, 1070.35, 1636.64, 1188.34], ""type"": ""handwritten"", ""text"": """"}, {""bbox"": [44.71, 549.51, 1652.14, 668.91], ""type"": ""handwritten"", ""text"": """"}, {""bbox"": [45.92, 1023.26, 1537.09, 1143.32], ""type"": ""handwritten"", ""text"": """"}, {""bbox"": [51.31, 412.69, 1645.61, 600.66], ""type"": ""handwritten"", ""text"": """"}, {""bbox"": [52.24, 196.67, 1605.05, 307.67], ""type"": ""handwritten"", ""text"": """"}]"
3f8d8f92-c06b-4dea-a648-ad9593ece94e.jpg,"[{""bbox"": [21.03, 185.37, 1133.14, 267.22], ""type"": ""handwritten"", ""text"": """"}, {""bbox"": [83.76, 649.97, 1157.51, 726.75], ""type"": ""handwritten"", ""text"": """"}, {""bbox"": [9.37, 1433.66, 1141.88, 1506.82], ""type"": ""handwritten"", ""text"": """"}, {""bbox"": [103.7, 971.0, 1105.09, 1043.69], ""type"": ""handwritten"", ""text"": """"}, {""bbox"": [9.53, 459.44, 1142.87, 534.94], ""type"": ""handwritten"", ""text"": """"}, {""bbox"": [91.0, 1300.63, 1090.26, 1374.74], ""type"": ""handwritten"", ""text"": """"}, {""bbox"": [67.35, 324.5, 1099.35, 399.93], ""type"": ""handwritten"", ""text"": """"}, {""bbox"": [14.53, 845.62, 1156.76, 923.71], ""type"": ""handwritten"", ""text"": """"}, {""bbox"": [5.42, 1168.11, 1151.77, 1245.06], ""type"": ""handwritten"", ""text"": """"}, {""bbox"": [9.68, 595.1, 792.1, 656.01], ""type"": ""handwritten"", ""text"": """"}, {""bbox"": [5.59, 524.8, 1159.29, 604.2], ""type"": ""handwritten"", ""text"": """"}, {""bbox"": [5.78, 1102.35, 1122.46, 1179.5], ""type"": ""handwritten"", ""text"": """"}, {""bbox"": [10.33, 782.48, 1046.18, 854.44], ""type"": ""handwritten"", ""text"": """"}, {""bbox"": [13.0, 1360.3, 1140.87, 1441.75], ""type"": ""handwritten"", ""text"": """"}, {""bbox"": [8.12, 1496.62, 1101.22, 1585.42], ""type"": ""handwritten"", ""text"": """"}, {""bbox"": [14.06, 915.61, 388.71, 973.13], ""type"": ""handwritten"", ""text"": """"}, {""bbox"": [228.58, 120.43, 544.79, 189.79], ""type"": ""handwritten"", ""text"": """"}, {""bbox"": [19.11, 256.76, 776.7, 332.21], ""type"": ""handwritten"", ""text"": """"}, {""bbox"": [285.13, 34.51, 757.98, 128.14], ""type"": ""handwritten"", ""text"": """"}, {""bbox"": [11.7, 1036.77, 1119.76, 1110.74], ""type"": ""handwritten"", ""text"": """"}, {""bbox"": [14.95, 390.37, 1156.83, 468.19], ""type"": ""handwritten"", ""text"": """"}, {""bbox"": [12.46, 715.37, 1113.99, 792.33], ""type"": ""handwritten"", ""text"": """"}, {""bbox"": [6.91, 1238.95, 909.27, 1311.15], ""type"": ""handwritten"", ""text"": """"}]"
40268017-c323-478e-9887-7d204b8b5ee2.jpg,"[{""bbox"": [117.55, 928.91, 1625.09, 1014.63], ""type"": ""handwritten"", ""text"": """"}, {""bbox"": [35.26, 234.88, 1630.58, 315.34], ""type"": ""handwritten"", ""text"": """"}, {""bbox"": [34.59, 805.66, 1569.12, 881.7], ""type"": ""handwritten"", ""text"": """"}, {""bbox"": [82.31, 0.35, 1611.3, 66.35], ""type"": ""handwritten"", ""text"": """"}, {""bbox"": [39.97, 301.49, 1586.4, 376.13], ""type"": ""handwritten"", ""text"": """"}, {""bbox"": [187.22, 1523.72, 415.95, 1580.74], ""type"": ""annotation"", ""text"": """"}, {""bbox"": [117.72, 674.51, 1637.62, 756.4], ""type"": ""handwritten"", ""text"": """"}, {""bbox"": [37.95, 367.67, 1027.56, 440.44], ""type"": ""handwritten"", ""text"": """"}, {""bbox"": [115.36, 488.38, 1522.21, 557.53], ""type"": ""handwritten"", ""text"": """"}, {""bbox"": [37.12, 745.45, 1653.46, 820.89], ""type"": ""handwritten"", ""text"": """"}, {""bbox"": [44.01, 107.87, 1633.78, 175.52], ""type"": ""handwritten"", ""text"": """"}, {""bbox"": [40.68, 639.2, 620.55, 689.48], ""type"": ""handwritten"", ""text"": """"}, {""bbox"": [60.63, 54.72, 1641.2, 119.22], ""type"": ""handwritten"", ""text"": """"}, {""bbox"": [50.52, 1064.6, 201.15, 1120.0], ""type"": ""handwritten"", ""text"": """"}, {""bbox"": [115.94, 544.64, 1601.67, 609.3], ""type"": ""handwritten"", ""text"": """"}, {""bbox"": [116.16, 591.82, 1648.68, 668.41], ""type"": ""handwritten"", ""text"": """"}, {""bbox"": [49.43, 1315.09, 189.26, 1372.74], ""type"": ""handwritten"", ""text"": """"}, {""bbox"": [47.59, 875.0, 704.22, 944.64], ""type"": ""handwritten"", ""text"": """"}, {""bbox"": [49.75, 1191.72, 200.88, 1253.6], ""type"": ""handwritten"", ""text"": """"}, {""bbox"": [47.83, 1261.35, 195.7, 1312.8], ""type"": ""handwritten"", ""text"": """"}, {""bbox"": [50.96, 1133.53, 201.17, 1182.9], ""type"": ""handwritten"", ""text"": """"}, {""bbox"": [48.47, 158.05, 645.32, 233.41], ""type"": ""handwritten"", ""text"": """"}, {""bbox"": [120.12, 432.18, 768.71, 496.74], ""type"": ""handwritten"", ""text"": """"}, {""bbox"": [51.78, 1016.59, 97.31, 1065.8], ""type"": ""handwritten"", ""text"": """"}, {""bbox"": [1073.28, 1548.9, 1096.98, 1600.96], ""type"": ""annotation"", ""text"": """"}]"
4224b634-df40-4424-ae3d-2dc7adfba528.jpg,"[{""bbox"": [18.12, 786.34, 541.29, 827.42], ""type"": ""handwritten"", ""text"": """"}, {""bbox"": [10.67, 821.17, 560.02, 866.87], ""type"": ""handwritten"", ""text"": """"}, {""bbox"": [36.51, 472.72, 523.22, 516.39], ""type"": ""handwritten"", ""text"": """"}, {""bbox"": [24.8, 601.0, 522.15, 654.36], ""type"": ""handwritten"", ""text"": """"}, {""bbox"": [11.96, 861.1, 545.33, 911.78], ""type"": ""handwritten"", ""text"": """"}, {""bbox"": [19.45, 746.17, 485.06, 795.59], ""type"": ""handwritten"", ""text"": """"}, {""bbox"": [22.7, 638.79, 551.98, 689.25], ""type"": ""handwritten"", ""text"": """"}, {""bbox"": [105.97, 432.74, 546.61, 477.94], ""type"": ""handwritten"", ""text"": """"}, {""bbox"": [41.55, 106.84, 507.83, 184.52], ""type"": ""handwritten"", ""text"": """"}, {""bbox"": [26.27, 561.91, 548.85, 616.9], ""type"": ""handwritten"", ""text"": """"}, {""bbox"": [40.92, 143.58, 527.71, 221.8], ""type"": ""handwritten"", ""text"": """"}, {""bbox"": [32.46, 503.34, 540.55, 549.79], ""type"": ""handwritten"", ""text"": """"}, {""bbox"": [33.9, 388.58, 186.9, 431.9], ""type"": ""handwritten"", ""text"": """"}, {""bbox"": [40.58, 178.67, 560.81, 264.88], ""type"": ""handwritten"", ""text"": """"}, {""bbox"": [23.18, 673.79, 558.66, 723.06], ""type"": ""handwritten"", ""text"": """"}, {""bbox"": [28.16, 530.04, 555.06, 588.27], ""type"": ""handwritten"", ""text"": """"}, {""bbox"": [36.28, 226.14, 556.54, 313.06], ""type"": ""handwritten"", ""text"": """"}, {""bbox"": [23.35, 707.36, 507.92, 754.89], ""type"": ""handwritten"", ""text"": """"}, {""bbox"": [30.31, 274.55, 559.55, 354.06], ""type"": ""handwritten"", ""text"": """"}, {""bbox"": [32.61, 313.0, 527.72, 383.58], ""type"": ""handwritten"", ""text"": """"}, {""bbox"": [35.19, 348.36, 513.37, 412.23], ""type"": ""handwritten"", ""text"": """"}, {""bbox"": [0.41, 1149.63, 202.9, 1198.25], ""type"": ""printed"", ""text"": """"}, {""bbox"": [4.14, 1174.46, 208.55, 1205.66], ""type"": ""printed"", ""text"": """"}, {""bbox"": [0.0, 1184.09, 212.92, 1217.42], ""type"": ""printed"", ""text"": """"}, {""bbox"": [5.66, 1162.34, 210.04, 1188.18], ""type"": ""printed"", ""text"": """"}, {""bbox"": [381.31, 1089.43, 577.0, 1279.81], ""type"": ""image"", ""text"": """"}]"
422a4acd-4d89-4123-a7c4-1b2919ad2e2f.jpg,"[{""bbox"": [95.28, 500.25, 647.21, 533.98], ""type"": ""handwritten"", ""text"": """"}, {""bbox"": [103.11, 529.87, 660.34, 564.86], ""type"": ""handwritten"", ""text"": """"}, {""bbox"": [137.86, 469.56, 637.41, 503.19], ""type"": ""handwritten"", ""text"": """"}, {""bbox"": [97.11, 440.15, 450.88, 473.51], ""type"": ""handwritten"", ""text"": """"}, {""bbox"": [97.82, 410.5, 643.6, 444.51], ""type"": ""handwritten"", ""text"": """"}, {""bbox"": [100.57, 381.83, 686.1, 414.0], ""type"": ""handwritten"", ""text"": """"}, {""bbox"": [95.53, 730.73, 647.82, 763.4], ""type"": ""handwritten"", ""text"": """"}, {""bbox"": [100.0, 327.1, 706.73, 359.1], ""type"": ""handwritten"", ""text"": """"}, {""bbox"": [142.01, 644.35, 688.82, 679.01], ""type"": ""handwritten"", ""text"": """"}, {""bbox"": [102.75, 842.97, 661.04, 875.53], ""type"": ""handwritten"", ""text"": """"}, {""bbox"": [97.66, 272.44, 603.02, 305.85], ""type"": ""handwritten"", ""text"": """"}, {""bbox"": [301.81, 86.73, 498.77, 127.51], ""type"": ""handwritten"", ""text"": """"}, {""bbox"": [103.47, 787.58, 528.76, 818.53], ""type"": ""handwritten"", ""text"": """"}, {""bbox"": [94.04, 703.18, 656.67, 734.24], ""type"": ""handwritten"", ""text"": """"}, {""bbox"": [99.16, 301.93, 663.83, 331.66], ""type"": ""handwritten"", ""text"": """"}, {""bbox"": [108.79, 589.33, 713.56, 627.62], ""type"": ""handwritten"", ""text"": """"}, {""bbox"": [101.81, 902.96, 627.89, 936.21], ""type"": ""handwritten"", ""text"": """"}, {""bbox"": [106.35, 931.98, 654.94, 970.97], ""type"": ""handwritten"", ""text"": """"}, {""bbox"": [141.08, 817.52, 656.25, 845.33], ""type"": ""handwritten"", ""text"": """"}, {""bbox"": [90.74, 164.09, 681.47, 195.55], ""type"": ""handwritten"", ""text"": """"}, {""bbox"": [98.25, 244.67, 672.6, 277.06], ""type"": ""handwritten"", ""text"": """"}, {""bbox"": [101.13, 872.24, 673.7, 906.7], ""type"": ""handwritten"", ""text"": """"}, {""bbox"": [100.24, 214.49, 685.39, 249.24], ""type"": ""handwritten"", ""text"": """"}, {""bbox"": [98.66, 354.67, 651.12, 385.85], ""type"": ""handwritten"", ""text"": """"}, {""bbox"": [97.63, 191.12, 621.68, 221.22], ""type"": ""handwritten"", ""text"": """"}, {""bbox"": [100.11, 616.91, 264.72, 646.8], ""type"": ""handwritten"", ""text"": """"}, {""bbox"": [100.84, 561.18, 649.47, 595.85], ""type"": ""handwritten"", ""text"": """"}, {""bbox"": [92.09, 675.27, 642.57, 706.81], ""type"": ""handwritten"", ""text"": """"}, {""bbox"": [132.66, 135.52, 659.99, 168.19], ""type"": ""handwritten"", ""text"": """"}, {""bbox"": [101.98, 760.75, 646.01, 789.87], ""type"": ""handwritten"", ""text"": """"}]"
42561928-976b-4afd-8b5d-dbb9bdf5353d.jpg,"[{""bbox"": [412.1, 4070.83, 2420.97, 4415.06], ""type"": ""formula"", ""text"": """"}, {""bbox"": [468.61, 5110.03, 2507.47, 5449.27], ""type"": ""formula"", ""text"": """"}, {""bbox"": [99.92, 2252.07, 886.15, 2573.19], ""type"": ""formula"", ""text"": """"}, {""bbox"": [447.29, 4413.52, 2262.61, 4635.67], ""type"": ""formula"", ""text"": """"}, {""bbox"": [551.55, 3732.46, 2826.07, 4029.37], ""type"": ""formula"", ""text"": """"}, {""bbox"": [96.77, 2590.47, 887.07, 2909.49], ""type"": ""formula"", ""text"": """"}, {""bbox"": [131.93, 1596.67, 663.56, 1927.65], ""type"": ""formula"", ""text"": """"}, {""bbox"": [113.6, 4780.84, 2555.83, 5087.71], ""type"": ""formula"", ""text"": """"}, {""bbox"": [143.42, 1356.26, 681.94, 1565.76], ""type"": ""formula"", ""text"": """"}, {""bbox"": [1825.76, 54.13, 3288.49, 744.23], ""type"": ""formula"", ""text"": """"}, {""bbox"": [182.09, 1110.1, 627.19, 1296.23], ""type"": ""formula"", ""text"": """"}, {""bbox"": [272.01, 5461.62, 3282.29, 5818.91], ""type"": ""formula"", ""text"": """"}, {""bbox"": [73.08, 6808.85, 1413.93, 7314.18], ""type"": ""formula"", ""text"": """"}, {""bbox"": [352.5, 6158.6, 3595.44, 6422.5], ""type"": ""formula"", ""text"": """"}, {""bbox"": [247.1, 7341.06, 716.4, 7523.34], ""type"": ""formula"", ""text"": """"}, {""bbox"": [139.02, 1932.82, 797.18, 2165.98], ""type"": ""formula"", ""text"": """"}, {""bbox"": [1251.04, 6516.76, 2290.42, 6693.19], ""type"": ""formula"", ""text"": """"}, {""bbox"": [357.01, 5920.09, 3590.95, 6169.28], ""type"": ""formula"", ""text"": """"}, {""bbox"": [88.73, 2910.44, 939.54, 3236.43], ""type"": ""formula"", ""text"": """"}, {""bbox"": [238.27, 7531.74, 700.51, 7733.41], ""type"": ""formula"", ""text"": """"}, {""bbox"": [1362.04, 2956.48, 2519.19, 3277.46], ""type"": ""formula"", ""text"": """"}, {""bbox"": [212.64, 7758.8, 790.94, 8071.38], ""type"": ""formula"", ""text"": """"}, {""bbox"": [229.74, 93.53, 1591.63, 1009.9], ""type"": ""formula"", ""text"": """"}, {""bbox"": [202.34, 3426.98, 2168.39, 3694.95], ""type"": ""formula"", ""text"": """"}, {""bbox"": [2233.72, 3448.77, 2823.02, 3682.21], ""type"": ""formula"", ""text"": """"}, {""bbox"": [1880.99, 6840.04, 2707.47, 7216.27], ""type"": ""formula"", ""text"": """"}, {""bbox"": [226.97, 7497.64, 1575.81, 7741.81], ""type"": ""formula"", ""text"": """"}, {""bbox"": [342.33, 91.78, 1600.04, 371.3], ""type"": ""formula"", ""text"": """"}, {""bbox"": [16.32, 6796.85, 2753.15, 7328.99], ""type"": ""formula"", ""text"": """"}, {""bbox"": [102.19, 3470.67, 335.96, 3664.43], ""type"": ""handwritten"", ""text"": """"}, {""bbox"": [244.45, 584.69, 1494.86, 1034.48], ""type"": ""formula"", ""text"": """"}, {""bbox"": [27.12, 8187.71, 155.18, 8383.55], ""type"": ""handwritten"", ""text"": """"}, {""bbox"": [1010.65, 7487.64, 1583.31, 7718.09], ""type"": ""formula"", ""text"": """"}, {""bbox"": [102.73, 0.0, 255.15, 144.92], ""type"": ""handwritten"", ""text"": """"}, {""bbox"": [110.08, 4820.38, 332.33, 5032.78], ""type"": ""handwritten"", ""text"": """"}, {""bbox"": [198.06, 58.05, 3295.08, 772.04], ""type"": ""formula"", ""text"": """"}, {""bbox"": [346.55, 6191.95, 1041.04, 6425.28], ""type"": ""formula"", ""text"": """"}, {""bbox"": [142.23, 7388.61, 1588.37, 8080.76], ""type"": ""formula"", ""text"": """"}]"
435e94ff-044c-52de-b6ba-bdac4f209b67.jpg,"[{""bbox"": [235.39, 653.12, 2715.27, 843.85], ""type"": ""handwritten"", ""text"": """"}, {""bbox"": [230.61, 976.26, 2422.89, 1142.95], ""type"": ""handwritten"", ""text"": """"}, {""bbox"": [332.03, 3070.34, 2529.52, 3255.93], ""type"": ""handwritten"", ""text"": """"}, {""bbox"": [326.55, 1269.99, 2587.29, 1434.04], ""type"": ""handwritten"", ""text"": """"}, {""bbox"": [273.7, 1411.44, 2772.56, 1589.59], ""type"": ""handwritten"", ""text"": """"}, {""bbox"": [249.64, 803.24, 2496.59, 1001.71], ""type"": ""handwritten"", ""text"": """"}, {""bbox"": [340.28, 2628.78, 2049.82, 2830.83], ""type"": ""handwritten"", ""text"": """"}, {""bbox"": [248.33, 1116.36, 2559.3, 1295.66], ""type"": ""handwritten"", ""text"": """"}, {""bbox"": [243.37, 3226.13, 2539.12, 3396.99], ""type"": ""handwritten"", ""text"": """"}, {""bbox"": [323.9, 2793.0, 2725.4, 2999.51], ""type"": ""handwritten"", ""text"": """"}, {""bbox"": [409.46, 3372.94, 2660.35, 3579.41], ""type"": ""handwritten"", ""text"": """"}, {""bbox"": [318.31, 2963.1, 1078.45, 3126.06], ""type"": ""handwritten"", ""text"": """"}, {""bbox"": [81.75, 505.85, 2648.32, 709.29], ""type"": ""handwritten"", ""text"": """"}, {""bbox"": [313.44, 2226.73, 2755.41, 2414.48], ""type"": ""handwritten"", ""text"": """"}, {""bbox"": [314.59, 2378.97, 2641.76, 2565.38], ""type"": ""handwritten"", ""text"": """"}, {""bbox"": [274.65, 1564.71, 944.71, 1759.72], ""type"": ""handwritten"", ""text"": """"}, {""bbox"": [1118.37, 211.98, 2525.55, 400.64], ""type"": ""handwritten"", ""text"": """"}, {""bbox"": [1470.28, 362.53, 2479.84, 526.99], ""type"": ""handwritten"", ""text"": """"}, {""bbox"": [483.79, 1764.61, 2363.72, 2080.74], ""type"": ""handwritten"", ""text"": """"}, {""bbox"": [272.98, 1745.3, 404.95, 1846.55], ""type"": ""handwritten"", ""text"": """"}, {""bbox"": [265.44, 2553.56, 1276.65, 2721.52], ""type"": ""handwritten"", ""text"": """"}, {""bbox"": [787.29, 2069.71, 1151.29, 2216.82], ""type"": ""handwritten"", ""text"": """"}, {""bbox"": [0.0, 2950.32, 1079.11, 3170.65], ""type"": ""handwritten"", ""text"": """"}, {""bbox"": [1809.33, 1939.84, 2499.31, 2130.3], ""type"": ""handwritten"", ""text"": """"}, {""bbox"": [1384.64, 2121.19, 1948.23, 2261.03], ""type"": ""handwritten"", ""text"": """"}, {""bbox"": [0.55, 548.31, 152.49, 701.0], ""type"": ""handwritten"", ""text"": """"}, {""bbox"": [0.76, 1146.82, 147.06, 1284.33], ""type"": ""handwritten"", ""text"": """"}, {""bbox"": [0.7, 1865.62, 208.61, 1992.05], ""type"": ""handwritten"", ""text"": """"}, {""bbox"": [0.88, 1719.3, 152.88, 1866.65], ""type"": ""handwritten"", ""text"": """"}, {""bbox"": [0.04, 2988.66, 264.9, 3182.5], ""type"": ""handwritten"", ""text"": """"}, {""bbox"": [520.06, 1940.3, 2506.02, 2141.08], ""type"": ""handwritten"", ""text"": """"}, {""bbox"": [0.29, 3264.55, 138.0, 3405.17], ""type"": ""handwritten"", ""text"": """"}, {""bbox"": [1994.87, 1764.11, 2329.02, 1873.88], ""type"": ""handwritten"", ""text"": """"}]"
437d82cf-a0c3-4620-8211-90f673f51ed2.jpg,"[{""bbox"": [54.08, 554.83, 554.33, 594.7], ""type"": ""handwritten"", ""text"": """"}, {""bbox"": [55.53, 497.11, 523.14, 533.27], ""type"": ""handwritten"", ""text"": """"}, {""bbox"": [34.55, 375.86, 554.77, 423.21], ""type"": ""handwritten"", ""text"": """"}, {""bbox"": [31.81, 340.24, 568.25, 395.82], ""type"": ""handwritten"", ""text"": """"}, {""bbox"": [25.67, 275.33, 531.03, 333.68], ""type"": ""handwritten"", ""text"": """"}, {""bbox"": [44.41, 447.91, 199.12, 475.79], ""type"": ""handwritten"", ""text"": """"}, {""bbox"": [28.69, 303.11, 563.73, 366.64], ""type"": ""handwritten"", ""text"": """"}, {""bbox"": [26.04, 240.11, 560.61, 303.26], ""type"": ""handwritten"", ""text"": """"}, {""bbox"": [42.23, 408.88, 569.61, 453.94], ""type"": ""handwritten"", ""text"": """"}, {""bbox"": [56.15, 594.74, 440.13, 631.28], ""type"": ""handwritten"", ""text"": """"}, {""bbox"": [82.89, 464.93, 562.06, 504.45], ""type"": ""handwritten"", ""text"": """"}, {""bbox"": [56.22, 522.7, 540.34, 558.83], ""type"": ""handwritten"", ""text"": """"}, {""bbox"": [21.9, 629.18, 542.98, 1067.33], ""type"": ""table"", ""text"": """"}, {""bbox"": [27.2, 246.98, 531.98, 358.12], ""type"": ""handwritten"", ""text"": """"}]"
43b38c7c-f913-406d-a267-b9ef9529b9ca.jpg,"[{""bbox"": [105.6, 2211.48, 2580.77, 2367.16], ""type"": ""handwritten"", ""text"": """"}, {""bbox"": [72.87, 3756.02, 2574.34, 3986.82], ""type"": ""handwritten"", ""text"": """"}, {""bbox"": [144.82, 907.36, 2586.46, 1145.63], ""type"": ""handwritten"", ""text"": """"}, {""bbox"": [96.16, 2493.45, 2614.12, 2662.6], ""type"": ""handwritten"", ""text"": """"}, {""bbox"": [93.51, 2345.83, 2625.9, 2514.78], ""type"": ""handwritten"", ""text"": """"}, {""bbox"": [205.8, 762.93, 2581.71, 981.32], ""type"": ""handwritten"", ""text"": """"}, {""bbox"": [91.1, 2912.71, 2598.02, 3081.27], ""type"": ""handwritten"", ""text"": """"}, {""bbox"": [80.34, 3319.25, 2589.94, 3535.53], ""type"": ""handwritten"", ""text"": """"}, {""bbox"": [110.58, 1782.61, 2598.75, 1953.15], ""type"": ""handwritten"", ""text"": """"}, {""bbox"": [151.51, 2768.61, 2580.84, 2932.22], ""type"": ""handwritten"", ""text"": """"}, {""bbox"": [83.96, 3191.3, 2587.22, 3388.22], ""type"": ""handwritten"", ""text"": """"}, {""bbox"": [108.37, 2072.23, 2574.14, 2228.87], ""type"": ""handwritten"", ""text"": """"}, {""bbox"": [127.47, 1492.15, 2622.44, 1686.47], ""type"": ""handwritten"", ""text"": """"}, {""bbox"": [91.39, 3055.95, 2572.55, 3229.97], ""type"": ""handwritten"", ""text"": """"}, {""bbox"": [129.01, 1338.68, 2608.55, 1548.86], ""type"": ""handwritten"", ""text"": """"}, {""bbox"": [1049.03, 631.61, 1872.05, 815.2], ""type"": ""handwritten"", ""text"": """"}, {""bbox"": [137.87, 3609.74, 2581.95, 3824.59], ""type"": ""handwritten"", ""text"": """"}, {""bbox"": [180.53, 1179.63, 2636.24, 1399.04], ""type"": ""handwritten"", ""text"": """"}, {""bbox"": [103.63, 2643.96, 1143.1, 2787.17], ""type"": ""handwritten"", ""text"": """"}, {""bbox"": [123.57, 1638.82, 2613.68, 1823.8], ""type"": ""handwritten"", ""text"": """"}, {""bbox"": [110.63, 1932.03, 2593.51, 2099.77], ""type"": ""handwritten"", ""text"": """"}, {""bbox"": [82.82, 3514.97, 1326.56, 3659.79], ""type"": ""handwritten"", ""text"": """"}, {""bbox"": [151.33, 1058.05, 442.9, 1184.17], ""type"": ""handwritten"", ""text"": """"}, {""bbox"": [0.0, 2064.93, 72.83, 2181.85], ""type"": ""handwritten"", ""text"": """"}, {""bbox"": [0.0, 1050.21, 95.95, 1189.3], ""type"": ""handwritten"", ""text"": """"}, {""bbox"": [0.0, 1191.91, 90.98, 1306.86], ""type"": ""handwritten"", ""text"": """"}, {""bbox"": [0.0, 1767.32, 85.8, 1898.95], ""type"": ""handwritten"", ""text"": """"}, {""bbox"": [0.0, 1922.02, 78.6, 2047.5], ""type"": ""handwritten"", ""text"": """"}, {""bbox"": [0.0, 757.29, 95.49, 874.4], ""type"": ""handwritten"", ""text"": """"}, {""bbox"": [0.0, 2787.7, 62.31, 2879.21], ""type"": ""handwritten"", ""text"": """"}, {""bbox"": [0.0, 1614.3, 86.1, 1743.27], ""type"": ""handwritten"", ""text"": """"}, {""bbox"": [0.27, 2357.14, 59.35, 2464.69], ""type"": ""handwritten"", ""text"": """"}]"
43d640f2-5e17-4019-89e3-e4fdec84fd30.jpg,"[{""bbox"": [103.19, 563.49, 1020.39, 663.14], ""type"": ""formula"", ""text"": """"}, {""bbox"": [58.41, 238.28, 801.81, 341.45], ""type"": ""handwritten"", ""text"": """"}, {""bbox"": [34.69, 153.04, 1168.05, 256.68], ""type"": ""handwritten"", ""text"": """"}, {""bbox"": [53.35, 509.98, 694.43, 586.9], ""type"": ""handwritten"", ""text"": """"}, {""bbox"": [112.37, 728.04, 941.12, 830.02], ""type"": ""formula"", ""text"": """"}, {""bbox"": [119.47, 815.37, 521.02, 882.95], ""type"": ""formula"", ""text"": """"}, {""bbox"": [36.35, 24.21, 1482.93, 180.06], ""type"": ""handwritten"", ""text"": """"}, {""bbox"": [118.13, 951.37, 532.78, 1017.63], ""type"": ""formula"", ""text"": """"}, {""bbox"": [50.22, 278.75, 1379.72, 423.66], ""type"": ""formula"", ""text"": """"}, {""bbox"": [122.39, 872.05, 661.27, 941.99], ""type"": ""formula"", ""text"": """"}, {""bbox"": [1380.85, 201.86, 1543.63, 355.9], ""type"": ""annotation"", ""text"": """"}, {""bbox"": [105.07, 694.27, 353.69, 746.95], ""type"": ""formula"", ""text"": """"}, {""bbox"": [1251.65, 584.04, 1387.09, 772.06], ""type"": ""annotation"", ""text"": """"}, {""bbox"": [29.68, 0.12, 791.07, 74.49], ""type"": ""formula"", ""text"": """"}, {""bbox"": [240.48, 445.84, 418.63, 494.67], ""type"": ""handwritten"", ""text"": """"}, {""bbox"": [178.76, 52.25, 429.1, 107.49], ""type"": ""handwritten"", ""text"": """"}, {""bbox"": [51.99, 327.23, 729.19, 443.09], ""type"": ""formula"", ""text"": """"}, {""bbox"": [122.73, 882.31, 405.54, 945.19], ""type"": ""formula"", ""text"": """"}, {""bbox"": [110.26, 820.68, 597.8, 942.05], ""type"": ""formula"", ""text"": """"}]"
4438131a-dcaf-4bcb-ad17-1ad32af9a9aa.jpg,"[{""bbox"": [241.22, 1848.21, 2604.97, 1999.97], ""type"": ""handwritten"", ""text"": """"}, {""bbox"": [245.1, 282.65, 2648.17, 452.42], ""type"": ""handwritten"", ""text"": """"}, {""bbox"": [313.37, 2258.1, 2592.71, 2408.8], ""type"": ""handwritten"", ""text"": """"}, {""bbox"": [247.38, 711.33, 2520.23, 884.16], ""type"": ""handwritten"", ""text"": """"}, {""bbox"": [228.72, 1425.92, 2349.49, 1579.58], ""type"": ""handwritten"", ""text"": """"}, {""bbox"": [245.07, 581.91, 2523.81, 736.67], ""type"": ""handwritten"", ""text"": """"}, {""bbox"": [659.81, 1988.4, 2454.13, 2132.66], ""type"": ""handwritten"", ""text"": """"}, {""bbox"": [267.26, 2530.26, 2373.93, 2683.85], ""type"": ""handwritten"", ""text"": """"}, {""bbox"": [221.93, 1717.53, 2451.26, 1863.16], ""type"": ""handwritten"", ""text"": """"}, {""bbox"": [240.26, 1577.09, 2272.32, 1721.24], ""type"": ""handwritten"", ""text"": """"}, {""bbox"": [220.68, 1280.0, 2549.32, 1434.88], ""type"": ""handwritten"", ""text"": """"}, {""bbox"": [332.47, 2125.48, 2560.06, 2273.7], ""type"": ""handwritten"", ""text"": """"}, {""bbox"": [240.67, 872.85, 2643.71, 1023.29], ""type"": ""handwritten"", ""text"": """"}, {""bbox"": [249.32, 431.1, 2526.09, 601.87], ""type"": ""handwritten"", ""text"": """"}, {""bbox"": [264.52, 2396.42, 2404.1, 2547.21], ""type"": ""handwritten"", ""text"": """"}, {""bbox"": [271.6, 999.71, 1140.92, 1135.94], ""type"": ""handwritten"", ""text"": """"}, {""bbox"": [627.21, 1143.18, 2721.84, 1299.34], ""type"": ""handwritten"", ""text"": """"}]"
4550bab7-a843-4cf1-ba33-b175583e42ab.jpg,"[{""bbox"": [75.47, 3427.31, 1964.58, 3651.32], ""type"": ""formula"", ""text"": """"}, {""bbox"": [217.01, 232.18, 1651.97, 860.67], ""type"": ""image"", ""text"": """"}, {""bbox"": [116.06, 3724.76, 4551.89, 4146.09], ""type"": ""formula"", ""text"": """"}, {""bbox"": [178.27, 1449.66, 1758.78, 1871.1], ""type"": ""formula"", ""text"": """"}, {""bbox"": [109.66, 2161.06, 1163.09, 2468.24], ""type"": ""formula"", ""text"": """"}, {""bbox"": [66.37, 3066.97, 3427.3, 3370.89], ""type"": ""formula"", ""text"": """"}, {""bbox"": [115.66, 4647.82, 1207.98, 4871.8], ""type"": ""handwritten"", ""text"": """"}, {""bbox"": [159.49, 2494.96, 3694.62, 2835.27], ""type"": ""formula"", ""text"": """"}, {""bbox"": [66.27, 5373.78, 1447.96, 5574.29], ""type"": ""handwritten"", ""text"": """"}, {""bbox"": [130.25, 925.74, 2058.84, 1397.16], ""type"": ""formula"", ""text"": """"}, {""bbox"": [180.96, 2814.93, 1571.22, 3058.91], ""type"": ""handwritten"", ""text"": """"}, {""bbox"": [96.24, 4441.96, 3169.57, 4731.29], ""type"": ""formula"", ""text"": """"}, {""bbox"": [57.96, 5595.67, 1544.65, 5856.87], ""type"": ""handwritten"", ""text"": """"}, {""bbox"": [68.32, 5061.42, 5167.15, 5353.37], ""type"": ""handwritten"", ""text"": """"}, {""bbox"": [92.41, 4104.44, 4993.8, 4440.15], ""type"": ""formula"", ""text"": """"}, {""bbox"": [125.98, 3630.79, 602.11, 3788.82], ""type"": ""formula"", ""text"": """"}, {""bbox"": [138.95, 1819.63, 1098.83, 2147.36], ""type"": ""formula"", ""text"": """"}, {""bbox"": [86.87, 4916.03, 1794.4, 5139.68], ""type"": ""handwritten"", ""text"": """"}, {""bbox"": [2359.96, 1840.69, 4673.9, 2106.63], ""type"": ""formula"", ""text"": """"}, {""bbox"": [136.35, 1828.34, 2021.25, 2149.07], ""type"": ""formula"", ""text"": """"}, {""bbox"": [2305.06, 5878.81, 3585.49, 6088.7], ""type"": ""annotation"", ""text"": """"}, {""bbox"": [134.42, 1825.09, 4677.18, 2145.41], ""type"": ""formula"", ""text"": """"}, {""bbox"": [587.09, 4025.61, 737.06, 4132.53], ""type"": ""handwritten"", ""text"": """"}, {""bbox"": [78.27, 933.0, 287.86, 1096.92], ""type"": ""handwritten"", ""text"": """"}, {""bbox"": [4779.03, 7832.74, 4980.32, 8021.19], ""type"": ""annotation"", ""text"": """"}, {""bbox"": [1514.64, 1939.22, 2016.8, 2133.13], ""type"": ""formula"", ""text"": """"}, {""bbox"": [2771.09, 3734.49, 2915.02, 3817.91], ""type"": ""handwritten"", ""text"": """"}, {""bbox"": [2674.22, 3085.28, 3601.23, 3337.04], ""type"": ""handwritten"", ""text"": """"}, {""bbox"": [134.61, 3780.06, 875.84, 4037.49], ""type"": ""formula"", ""text"": """"}]"
45515516-f7a4-4786-8406-804809b93eaa.jpg,"[{""bbox"": [174.17, 508.31, 2834.69, 757.33], ""type"": ""handwritten"", ""text"": """"}, {""bbox"": [342.49, 333.93, 2870.56, 570.22], ""type"": ""handwritten"", ""text"": """"}, {""bbox"": [319.17, 1086.14, 2913.64, 1354.26], ""type"": ""handwritten"", ""text"": """"}, {""bbox"": [143.51, 1422.82, 2918.37, 1705.39], ""type"": ""handwritten"", ""text"": """"}, {""bbox"": [152.43, 698.0, 2825.13, 948.68], ""type"": ""handwritten"", ""text"": """"}, {""bbox"": [140.33, 1593.36, 2836.38, 1916.74], ""type"": ""handwritten"", ""text"": """"}, {""bbox"": [158.99, 3142.28, 2781.41, 3425.04], ""type"": ""handwritten"", ""text"": """"}, {""bbox"": [670.94, 117.91, 1735.54, 346.01], ""type"": ""handwritten"", ""text"": """"}, {""bbox"": [163.16, 883.27, 2903.03, 1136.42], ""type"": ""handwritten"", ""text"": """"}, {""bbox"": [150.22, 2321.37, 1936.05, 2546.76], ""type"": ""handwritten"", ""text"": """"}, {""bbox"": [184.27, 2722.43, 2822.8, 2997.35], ""type"": ""handwritten"", ""text"": """"}, {""bbox"": [138.86, 1784.72, 2848.24, 2130.35], ""type"": ""handwritten"", ""text"": """"}, {""bbox"": [145.93, 3367.69, 2978.65, 3630.52], ""type"": ""handwritten"", ""text"": """"}, {""bbox"": [288.54, 2547.35, 2908.44, 2803.68], ""type"": ""handwritten"", ""text"": """"}, {""bbox"": [163.21, 3552.51, 1218.33, 3747.09], ""type"": ""handwritten"", ""text"": """"}, {""bbox"": [135.11, 1945.48, 2839.7, 2291.25], ""type"": ""handwritten"", ""text"": """"}, {""bbox"": [144.01, 2106.12, 2810.48, 2431.84], ""type"": ""handwritten"", ""text"": """"}, {""bbox"": [160.68, 2929.65, 2750.47, 3201.51], ""type"": ""handwritten"", ""text"": """"}, {""bbox"": [169.34, 1266.08, 2926.87, 1601.87], ""type"": ""handwritten"", ""text"": """"}, {""bbox"": [145.37, 3523.38, 2993.82, 3788.09], ""type"": ""handwritten"", ""text"": """"}]"
455e22e3-0ac0-492f-a969-35c5bdce3853.jpg,"[{""bbox"": [63.34, 2434.64, 5409.48, 2984.26], ""type"": ""formula"", ""text"": """"}, {""bbox"": [117.58, 1405.19, 4795.71, 2273.93], ""type"": ""formula"", ""text"": """"}, {""bbox"": [67.08, 6773.52, 2020.54, 7108.41], ""type"": ""handwritten"", ""text"": """"}, {""bbox"": [401.19, 713.83, 1999.54, 947.48], ""type"": ""handwritten"", ""text"": """"}, {""bbox"": [24.63, 7189.84, 1347.71, 7461.12], ""type"": ""formula"", ""text"": """"}, {""bbox"": [75.48, 7561.26, 2398.2, 7980.23], ""type"": ""formula"", ""text"": """"}, {""bbox"": [122.66, 513.18, 5063.2, 848.67], ""type"": ""handwritten"", ""text"": """"}, {""bbox"": [85.4, 5946.45, 638.12, 6391.18], ""type"": ""formula"", ""text"": """"}, {""bbox"": [49.01, 6459.36, 5388.26, 6783.69], ""type"": ""handwritten"", ""text"": """"}, {""bbox"": [4143.75, 1151.65, 5450.72, 1487.65], ""type"": ""handwritten"", ""text"": """"}, {""bbox"": [60.06, 8071.5, 1317.61, 8517.18], ""type"": ""formula"", ""text"": """"}, {""bbox"": [91.97, 3140.08, 3688.24, 3664.06], ""type"": ""formula"", ""text"": """"}, {""bbox"": [2639.85, 7403.62, 3052.39, 7586.64], ""type"": ""handwritten"", ""text"": """"}, {""bbox"": [85.85, 5057.49, 5174.76, 5879.34], ""type"": ""formula"", ""text"": """"}, {""bbox"": [19.07, 882.92, 5355.57, 1266.85], ""type"": ""handwritten"", ""text"": """"}, {""bbox"": [327.34, 289.6, 5026.65, 562.12], ""type"": ""handwritten"", ""text"": """"}, {""bbox"": [233.79, 5529.32, 1964.29, 5855.7], ""type"": ""formula"", ""text"": """"}, {""bbox"": [56.81, 4324.34, 5370.68, 5130.54], ""type"": ""formula"", ""text"": """"}, {""bbox"": [2534.61, 7672.9, 5468.43, 8251.86], ""type"": ""formula"", ""text"": """"}, {""bbox"": [57.79, 78.36, 808.57, 330.52], ""type"": ""handwritten"", ""text"": """"}, {""bbox"": [129.11, 3789.82, 5431.2, 4330.3], ""type"": ""formula"", ""text"": """"}, {""bbox"": [577.9, 3431.81, 2537.12, 3701.42], ""type"": ""formula"", ""text"": """"}, {""bbox"": [97.07, 5050.36, 2352.77, 5545.14], ""type"": ""formula"", ""text"": """"}, {""bbox"": [124.82, 3808.12, 3006.59, 4318.83], ""type"": ""formula"", ""text"": """"}, {""bbox"": [244.43, 3142.33, 3459.01, 3388.59], ""type"": ""formula"", ""text"": """"}, {""bbox"": [218.95, 4157.2, 651.63, 4353.1], ""type"": ""formula"", ""text"": """"}, {""bbox"": [3644.49, 5551.86, 4827.75, 5863.14], ""type"": ""formula"", ""text"": """"}, {""bbox"": [56.19, 5114.99, 5076.47, 5551.74], ""type"": ""formula"", ""text"": """"}, {""bbox"": [1343.0, 4119.63, 2941.28, 4318.9], ""type"": ""formula"", ""text"": """"}, {""bbox"": [436.29, 3816.47, 3036.37, 4051.87], ""type"": ""formula"", ""text"": """"}, {""bbox"": [270.67, 1366.82, 1398.41, 2293.07], ""type"": ""formula"", ""text"": """"}, {""bbox"": [73.12, 1424.15, 296.37, 1607.49], ""type"": ""handwritten"", ""text"": """"}, {""bbox"": [32.1, 930.55, 252.13, 1136.78], ""type"": ""handwritten"", ""text"": """"}, {""bbox"": [1512.97, 1480.35, 4781.28, 2091.33], ""type"": ""formula"", ""text"": """"}]"
45680c81-ad49-4bd5-90cf-fe5305d7300f.jpg,"[{""bbox"": [70.07, 77.35, 1270.27, 171.19], ""type"": ""handwritten"", ""text"": """"}, {""bbox"": [64.84, 1163.25, 1444.67, 1259.76], ""type"": ""handwritten"", ""text"": """"}, {""bbox"": [62.9, 160.4, 1419.29, 249.68], ""type"": ""handwritten"", ""text"": """"}, {""bbox"": [58.91, 1250.39, 1414.82, 1347.21], ""type"": ""handwritten"", ""text"": """"}, {""bbox"": [37.54, 453.26, 1407.1, 540.01], ""type"": ""handwritten"", ""text"": """"}, {""bbox"": [71.94, 1589.34, 1473.5, 1688.51], ""type"": ""handwritten"", ""text"": """"}, {""bbox"": [68.47, 1508.24, 1385.92, 1598.85], ""type"": ""handwritten"", ""text"": """"}, {""bbox"": [57.46, 310.81, 1460.69, 394.7], ""type"": ""handwritten"", ""text"": """"}, {""bbox"": [61.58, 932.5, 1423.03, 1023.72], ""type"": ""handwritten"", ""text"": """"}, {""bbox"": [51.19, 696.4, 1435.42, 789.23], ""type"": ""handwritten"", ""text"": """"}, {""bbox"": [38.47, 530.67, 1398.49, 625.29], ""type"": ""handwritten"", ""text"": """"}, {""bbox"": [72.84, 1334.89, 1472.11, 1435.66], ""type"": ""handwritten"", ""text"": """"}, {""bbox"": [83.93, 775.46, 1493.77, 868.64], ""type"": ""handwritten"", ""text"": """"}, {""bbox"": [56.52, 382.46, 1478.56, 464.54], ""type"": ""handwritten"", ""text"": """"}, {""bbox"": [72.6, 1006.45, 1485.77, 1104.57], ""type"": ""handwritten"", ""text"": """"}, {""bbox"": [75.27, 1788.69, 757.28, 1864.3], ""type"": ""handwritten"", ""text"": """"}, {""bbox"": [58.98, 240.26, 1417.1, 318.68], ""type"": ""handwritten"", ""text"": """"}, {""bbox"": [66.89, 1087.46, 1484.66, 1180.35], ""type"": ""handwritten"", ""text"": """"}, {""bbox"": [90.34, 1673.92, 878.34, 1769.17], ""type"": ""handwritten"", ""text"": """"}, {""bbox"": [69.98, 1427.48, 1435.02, 1519.01], ""type"": ""handwritten"", ""text"": """"}, {""bbox"": [54.52, 615.38, 1462.91, 704.58], ""type"": ""handwritten"", ""text"": """"}, {""bbox"": [78.68, 857.46, 1472.15, 946.48], ""type"": ""handwritten"", ""text"": """"}, {""bbox"": [1390.91, 60.63, 1485.8, 126.92], ""type"": ""annotation"", ""text"": """"}, {""bbox"": [1370.16, 62.32, 1485.31, 175.47], ""type"": ""annotation"", ""text"": """"}]"
4574b0a5-fb06-5a4e-a0b2-6b3fe582b9bd.jpg,"[{""bbox"": [212.52, 3640.58, 2815.22, 3930.83], ""type"": ""handwritten"", ""text"": """"}, {""bbox"": [207.15, 2273.63, 2607.27, 2513.07], ""type"": ""handwritten"", ""text"": """"}, {""bbox"": [113.4, 909.35, 2472.4, 1181.62], ""type"": ""handwritten"", ""text"": """"}, {""bbox"": [253.64, 678.52, 2538.09, 955.6], ""type"": ""handwritten"", ""text"": """"}, {""bbox"": [275.79, 1714.92, 1277.69, 1954.62], ""type"": ""formula"", ""text"": """"}, {""bbox"": [1035.67, 161.66, 2616.46, 360.1], ""type"": ""handwritten"", ""text"": """"}, {""bbox"": [1073.57, 2888.63, 2310.55, 3136.09], ""type"": ""handwritten"", ""text"": """"}, {""bbox"": [379.66, 2068.71, 2787.64, 2294.32], ""type"": ""handwritten"", ""text"": """"}, {""bbox"": [1384.1, 329.66, 2596.05, 533.03], ""type"": ""handwritten"", ""text"": """"}, {""bbox"": [214.55, 2514.84, 848.11, 2654.9], ""type"": ""formula"", ""text"": """"}, {""bbox"": [1419.03, 3312.37, 2289.45, 3575.27], ""type"": ""formula"", ""text"": """"}, {""bbox"": [247.13, 1479.84, 2798.89, 1730.58], ""type"": ""formula"", ""text"": """"}, {""bbox"": [896.63, 3097.87, 2036.79, 3334.58], ""type"": ""handwritten"", ""text"": """"}, {""bbox"": [1690.71, 511.21, 2004.65, 678.97], ""type"": ""handwritten"", ""text"": """"}, {""bbox"": [1268.08, 2707.1, 1595.53, 2906.15], ""type"": ""handwritten"", ""text"": """"}, {""bbox"": [1345.41, 1883.13, 1597.7, 2060.27], ""type"": ""handwritten"", ""text"": """"}, {""bbox"": [112.02, 3301.4, 2343.24, 3705.93], ""type"": ""formula"", ""text"": """"}, {""bbox"": [285.89, 1126.97, 2149.43, 1463.18], ""type"": ""handwritten"", ""text"": """"}, {""bbox"": [1688.4, 680.87, 2533.71, 934.66], ""type"": ""handwritten"", ""text"": """"}, {""bbox"": [97.85, 2742.89, 1306.4, 3794.45], ""type"": ""graph"", ""text"": """"}, {""bbox"": [263.93, 702.37, 1551.99, 949.83], ""type"": ""handwritten"", ""text"": """"}, {""bbox"": [299.3, 1139.54, 781.7, 1476.25], ""type"": ""formula"", ""text"": """"}, {""bbox"": [258.0, 1744.74, 2811.0, 2066.4], ""type"": ""handwritten"", ""text"": """"}]"
45afc1f5-c3ce-4d22-a9c7-c7e1369662c2.jpg,"[{""bbox"": [92.95, 661.87, 864.19, 723.06], ""type"": ""handwritten"", ""text"": """"}, {""bbox"": [103.05, 287.67, 810.7, 342.66], ""type"": ""handwritten"", ""text"": """"}, {""bbox"": [95.51, 823.79, 826.65, 883.98], ""type"": ""handwritten"", ""text"": """"}, {""bbox"": [98.6, 879.78, 846.76, 941.6], ""type"": ""handwritten"", ""text"": """"}, {""bbox"": [96.63, 336.96, 859.02, 396.85], ""type"": ""handwritten"", ""text"": """"}, {""bbox"": [98.01, 180.71, 860.01, 236.12], ""type"": ""handwritten"", ""text"": """"}, {""bbox"": [82.22, 1105.28, 875.41, 1167.36], ""type"": ""handwritten"", ""text"": """"}, {""bbox"": [94.63, 719.1, 784.17, 773.91], ""type"": ""handwritten"", ""text"": """"}, {""bbox"": [105.81, 501.53, 866.16, 563.28], ""type"": ""handwritten"", ""text"": """"}, {""bbox"": [95.62, 392.34, 723.85, 448.29], ""type"": ""handwritten"", ""text"": """"}, {""bbox"": [116.75, 441.69, 815.85, 500.59], ""type"": ""handwritten"", ""text"": """"}, {""bbox"": [134.91, 935.76, 847.89, 999.68], ""type"": ""handwritten"", ""text"": """"}, {""bbox"": [163.15, 230.04, 865.46, 290.61], ""type"": ""handwritten"", ""text"": """"}, {""bbox"": [96.22, 993.52, 874.47, 1054.42], ""type"": ""handwritten"", ""text"": """"}, {""bbox"": [99.11, 773.16, 864.04, 829.8], ""type"": ""handwritten"", ""text"": """"}, {""bbox"": [103.41, 550.92, 353.68, 602.04], ""type"": ""handwritten"", ""text"": """"}, {""bbox"": [135.51, 604.6, 871.11, 666.16], ""type"": ""handwritten"", ""text"": """"}, {""bbox"": [81.68, 1160.51, 572.71, 1227.75], ""type"": ""handwritten"", ""text"": """"}, {""bbox"": [94.39, 127.0, 841.47, 187.53], ""type"": ""handwritten"", ""text"": """"}, {""bbox"": [89.3, 1049.69, 840.04, 1111.44], ""type"": ""handwritten"", ""text"": """"}]"
45daa6c5-4824-4285-9fe0-05b6a8c2623c.jpg,"[{""bbox"": [816.54, 1006.91, 2842.56, 1202.4], ""type"": ""handwritten"", ""text"": """"}, {""bbox"": [451.07, 2110.57, 2874.88, 2326.25], ""type"": ""handwritten"", ""text"": """"}, {""bbox"": [447.11, 1731.98, 2741.54, 1941.12], ""type"": ""handwritten"", ""text"": """"}, {""bbox"": [440.23, 2499.06, 2865.73, 2719.27], ""type"": ""handwritten"", ""text"": """"}, {""bbox"": [465.35, 1555.74, 2848.61, 1756.7], ""type"": ""handwritten"", ""text"": """"}, {""bbox"": [461.52, 1199.31, 2836.89, 1394.1], ""type"": ""handwritten"", ""text"": """"}, {""bbox"": [493.43, 665.47, 2585.05, 857.01], ""type"": ""handwritten"", ""text"": """"}, {""bbox"": [391.9, 3708.45, 2643.57, 3940.03], ""type"": ""handwritten"", ""text"": """"}, {""bbox"": [411.23, 3494.43, 2946.97, 3738.77], ""type"": ""handwritten"", ""text"": """"}, {""bbox"": [774.7, 311.98, 2552.51, 499.62], ""type"": ""handwritten"", ""text"": """"}, {""bbox"": [453.55, 2312.53, 2839.48, 2511.95], ""type"": ""handwritten"", ""text"": """"}, {""bbox"": [429.73, 3082.54, 2875.1, 3321.97], ""type"": ""handwritten"", ""text"": """"}, {""bbox"": [397.73, 2703.27, 2801.33, 2899.61], ""type"": ""handwritten"", ""text"": """"}, {""bbox"": [522.65, 484.02, 2752.56, 669.43], ""type"": ""handwritten"", ""text"": """"}, {""bbox"": [441.07, 1927.01, 2590.47, 2136.22], ""type"": ""handwritten"", ""text"": """"}, {""bbox"": [423.32, 3307.22, 2945.33, 3530.07], ""type"": ""handwritten"", ""text"": """"}, {""bbox"": [895.18, 129.2, 1997.02, 318.82], ""type"": ""handwritten"", ""text"": """"}, {""bbox"": [400.96, 2883.89, 2805.1, 3101.56], ""type"": ""handwritten"", ""text"": """"}, {""bbox"": [505.31, 830.91, 1267.11, 1016.69], ""type"": ""handwritten"", ""text"": """"}, {""bbox"": [479.04, 1375.34, 2818.17, 1578.1], ""type"": ""handwritten"", ""text"": """"}, {""bbox"": [74.1, 114.74, 482.35, 1255.4], ""type"": ""image"", ""text"": """"}]"
45ec9864-4bd9-449c-af80-e21992519461.jpg,"[{""bbox"": [7.92, 232.91, 546.74, 274.22], ""type"": ""handwritten"", ""text"": """"}, {""bbox"": [94.02, 147.54, 525.51, 208.87], ""type"": ""handwritten"", ""text"": """"}, {""bbox"": [0.0, 339.26, 503.32, 376.26], ""type"": ""handwritten"", ""text"": """"}, {""bbox"": [0.0, 304.66, 527.7, 344.11], ""type"": ""handwritten"", ""text"": """"}, {""bbox"": [8.5, 494.16, 458.96, 523.43], ""type"": ""handwritten"", ""text"": """"}, {""bbox"": [0.0, 371.87, 523.56, 407.07], ""type"": ""handwritten"", ""text"": """"}, {""bbox"": [5.47, 402.36, 523.23, 438.86], ""type"": ""handwritten"", ""text"": """"}, {""bbox"": [14.61, 519.67, 470.39, 550.34], ""type"": ""handwritten"", ""text"": """"}, {""bbox"": [5.29, 570.96, 502.34, 602.53], ""type"": ""handwritten"", ""text"": """"}, {""bbox"": [0.89, 434.64, 518.67, 468.52], ""type"": ""handwritten"", ""text"": """"}, {""bbox"": [75.35, 545.67, 499.69, 576.65], ""type"": ""handwritten"", ""text"": """"}, {""bbox"": [0.0, 271.3, 530.27, 309.04], ""type"": ""handwritten"", ""text"": """"}, {""bbox"": [7.44, 708.07, 504.55, 752.85], ""type"": ""handwritten"", ""text"": """"}, {""bbox"": [0.0, 825.18, 499.19, 883.81], ""type"": ""handwritten"", ""text"": """"}, {""bbox"": [7.43, 624.19, 514.59, 671.85], ""type"": ""handwritten"", ""text"": """"}, {""bbox"": [11.17, 597.0, 514.18, 633.74], ""type"": ""handwritten"", ""text"": """"}, {""bbox"": [6.9, 465.13, 498.92, 498.49], ""type"": ""handwritten"", ""text"": """"}, {""bbox"": [0.03, 793.55, 514.95, 853.67], ""type"": ""handwritten"", ""text"": """"}, {""bbox"": [1.21, 765.18, 517.71, 821.81], ""type"": ""handwritten"", ""text"": """"}, {""bbox"": [0.61, 736.45, 491.68, 783.79], ""type"": ""handwritten"", ""text"": """"}, {""bbox"": [1.29, 677.59, 510.16, 721.28], ""type"": ""handwritten"", ""text"": """"}, {""bbox"": [8.84, 652.71, 499.78, 696.39], ""type"": ""handwritten"", ""text"": """"}, {""bbox"": [0.0, 75.72, 577.0, 111.32], ""type"": ""handwritten"", ""text"": """"}]"
45ee8701-c383-467c-a765-cb61fcefad03.jpg,"[{""bbox"": [141.56, 1122.34, 1837.59, 1244.44], ""type"": ""handwritten"", ""text"": """"}, {""bbox"": [164.59, 1455.33, 1985.45, 1565.6], ""type"": ""handwritten"", ""text"": """"}, {""bbox"": [181.98, 1002.66, 2082.41, 1134.99], ""type"": ""handwritten"", ""text"": """"}, {""bbox"": [145.33, 1565.09, 2069.91, 1676.81], ""type"": ""handwritten"", ""text"": """"}, {""bbox"": [216.88, 1225.49, 2080.21, 1350.72], ""type"": ""handwritten"", ""text"": """"}, {""bbox"": [154.75, 1341.89, 2068.69, 1460.94], ""type"": ""handwritten"", ""text"": """"}, {""bbox"": [133.57, 1999.6, 1986.82, 2115.77], ""type"": ""handwritten"", ""text"": """"}, {""bbox"": [130.9, 2105.07, 2024.07, 2238.01], ""type"": ""handwritten"", ""text"": """"}, {""bbox"": [147.94, 1890.24, 1982.3, 2004.72], ""type"": ""handwritten"", ""text"": """"}, {""bbox"": [153.31, 1679.92, 1255.15, 1789.26], ""type"": ""handwritten"", ""text"": """"}, {""bbox"": [136.08, 2207.9, 2004.77, 2357.53], ""type"": ""handwritten"", ""text"": """"}, {""bbox"": [211.91, 1785.94, 2046.79, 1898.28], ""type"": ""handwritten"", ""text"": """"}, {""bbox"": [111.11, 2523.22, 2024.13, 2731.38], ""type"": ""handwritten"", ""text"": """"}, {""bbox"": [131.36, 2308.83, 2003.09, 2495.46], ""type"": ""handwritten"", ""text"": """"}, {""bbox"": [84.43, 2648.84, 2030.99, 2874.64], ""type"": ""handwritten"", ""text"": """"}, {""bbox"": [170.45, 2401.61, 1898.3, 2594.98], ""type"": ""handwritten"", ""text"": """"}, {""bbox"": [84.9, 2860.29, 1813.2, 3061.26], ""type"": ""handwritten"", ""text"": """"}, {""bbox"": [82.72, 2734.8, 2037.05, 2968.44], ""type"": ""handwritten"", ""text"": """"}]"
45fcc1af-e4bb-5932-a521-d73b8cda4427.jpg,"[{""bbox"": [454.17, 2230.18, 3267.58, 2470.39], ""type"": ""handwritten"", ""text"": """"}, {""bbox"": [469.51, 2031.78, 3177.86, 2260.01], ""type"": ""handwritten"", ""text"": """"}, {""bbox"": [421.16, 3036.88, 3318.25, 3323.76], ""type"": ""handwritten"", ""text"": """"}, {""bbox"": [568.78, 1473.36, 3165.42, 1684.04], ""type"": ""handwritten"", ""text"": """"}, {""bbox"": [429.86, 2444.67, 3012.5, 2665.55], ""type"": ""handwritten"", ""text"": """"}, {""bbox"": [512.92, 1646.12, 3201.24, 1862.56], ""type"": ""handwritten"", ""text"": """"}, {""bbox"": [415.34, 2638.44, 3198.9, 2881.68], ""type"": ""handwritten"", ""text"": """"}, {""bbox"": [550.24, 1282.17, 3017.4, 1512.37], ""type"": ""handwritten"", ""text"": """"}, {""bbox"": [274.38, 3707.24, 3086.42, 4035.46], ""type"": ""handwritten"", ""text"": """"}, {""bbox"": [575.68, 1097.45, 3140.94, 1327.88], ""type"": ""handwritten"", ""text"": """"}, {""bbox"": [403.04, 2850.73, 3305.49, 3088.23], ""type"": ""handwritten"", ""text"": """"}, {""bbox"": [167.02, 4160.11, 3194.96, 4573.59], ""type"": ""handwritten"", ""text"": """"}, {""bbox"": [255.31, 3935.08, 3105.9, 4274.17], ""type"": ""handwritten"", ""text"": """"}, {""bbox"": [505.01, 1836.59, 3184.49, 2057.64], ""type"": ""handwritten"", ""text"": """"}, {""bbox"": [329.93, 3453.0, 3351.59, 3816.49], ""type"": ""handwritten"", ""text"": """"}, {""bbox"": [623.0, 743.17, 3034.64, 1019.32], ""type"": ""handwritten"", ""text"": """"}, {""bbox"": [428.14, 3261.11, 3140.07, 3565.61], ""type"": ""handwritten"", ""text"": """"}, {""bbox"": [646.77, 610.91, 3057.79, 870.15], ""type"": ""handwritten"", ""text"": """"}, {""bbox"": [590.87, 916.49, 3081.89, 1185.29], ""type"": ""handwritten"", ""text"": """"}, {""bbox"": [662.53, 445.73, 3001.37, 713.74], ""type"": ""handwritten"", ""text"": """"}, {""bbox"": [3146.66, 578.97, 3467.06, 750.85], ""type"": ""handwritten"", ""text"": """"}, {""bbox"": [3202.48, 1045.42, 3468.0, 1243.77], ""type"": ""handwritten"", ""text"": """"}, {""bbox"": [3155.54, 902.3, 3467.67, 1058.8], ""type"": ""handwritten"", ""text"": """"}, {""bbox"": [3216.99, 1207.67, 3468.0, 1385.85], ""type"": ""handwritten"", ""text"": """"}, {""bbox"": [3161.02, 749.84, 3468.0, 899.85], ""type"": ""handwritten"", ""text"": """"}, {""bbox"": [3247.8, 1404.07, 3467.36, 1576.85], ""type"": ""handwritten"", ""text"": """"}, {""bbox"": [2721.97, 3588.51, 3327.34, 3805.55], ""type"": ""handwritten"", ""text"": """"}, {""bbox"": [608.34, 578.21, 3030.12, 1079.89], ""type"": ""handwritten"", ""text"": """"}, {""bbox"": [3239.02, 1578.8, 3467.69, 1760.66], ""type"": ""handwritten"", ""text"": """"}, {""bbox"": [3281.26, 2124.63, 3466.13, 2326.88], ""type"": ""handwritten"", ""text"": """"}, {""bbox"": [3330.16, 2758.58, 3468.0, 2902.83], ""type"": ""handwritten"", ""text"": """"}]"
4648cf5b-07f4-598a-8778-51c40dc185b4.jpg,"[{""bbox"": [367.39, 543.07, 2453.94, 742.46], ""type"": ""handwritten"", ""text"": """"}, {""bbox"": [370.03, 366.57, 2810.84, 571.26], ""type"": ""handwritten"", ""text"": """"}, {""bbox"": [837.01, 1468.52, 2151.97, 1591.33], ""type"": ""handwritten"", ""text"": """"}, {""bbox"": [907.58, 2359.1, 2085.32, 2460.75], ""type"": ""handwritten"", ""text"": """"}, {""bbox"": [873.78, 1623.42, 2409.01, 1784.35], ""type"": ""handwritten"", ""text"": """"}, {""bbox"": [814.44, 2004.93, 1884.92, 2118.38], ""type"": ""handwritten"", ""text"": """"}, {""bbox"": [426.62, 1123.98, 1726.47, 1261.0], ""type"": ""handwritten"", ""text"": """"}, {""bbox"": [509.79, 694.78, 2838.11, 932.81], ""type"": ""handwritten"", ""text"": """"}, {""bbox"": [879.94, 1843.56, 1850.25, 1947.75], ""type"": ""handwritten"", ""text"": """"}, {""bbox"": [538.85, 1308.44, 1414.84, 1434.91], ""type"": ""handwritten"", ""text"": """"}, {""bbox"": [838.22, 2179.04, 2054.6, 2299.14], ""type"": ""handwritten"", ""text"": """"}, {""bbox"": [690.45, 3605.46, 2920.53, 3775.64], ""type"": ""handwritten"", ""text"": """"}, {""bbox"": [855.6, 3451.5, 2887.74, 3611.64], ""type"": ""handwritten"", ""text"": """"}, {""bbox"": [433.05, 997.2, 782.29, 1074.76], ""type"": ""handwritten"", ""text"": """"}, {""bbox"": [558.34, 2757.37, 2830.91, 2925.79], ""type"": ""handwritten"", ""text"": """"}, {""bbox"": [577.69, 2932.18, 2799.21, 3095.15], ""type"": ""handwritten"", ""text"": """"}, {""bbox"": [900.23, 3151.6, 1268.93, 3237.95], ""type"": ""handwritten"", ""text"": """"}, {""bbox"": [782.15, 3323.25, 1918.18, 3432.67], ""type"": ""handwritten"", ""text"": """"}, {""bbox"": [941.95, 2534.44, 2354.38, 2629.79], ""type"": ""handwritten"", ""text"": """"}, {""bbox"": [680.49, 3777.75, 912.04, 3860.02], ""type"": ""handwritten"", ""text"": """"}, {""bbox"": [1610.95, 2365.94, 2080.79, 2446.66], ""type"": ""handwritten"", ""text"": """"}, {""bbox"": [610.94, 3150.56, 1283.27, 3294.21], ""type"": ""handwritten"", ""text"": """"}, {""bbox"": [1.74, 3197.29, 302.48, 3978.91], ""type"": ""annotation"", ""text"": """"}, {""bbox"": [1396.26, 2934.6, 2770.59, 3061.59], ""type"": ""handwritten"", ""text"": """"}, {""bbox"": [2120.49, 2748.06, 2829.49, 2903.28], ""type"": ""handwritten"", ""text"": """"}, {""bbox"": [1339.61, 710.07, 2827.84, 858.9], ""type"": ""handwritten"", ""text"": """"}]"
484b4963-1d6d-4766-9057-954bda8a6118.jpg,"[{""bbox"": [20.14, 277.34, 501.45, 315.73], ""type"": ""handwritten"", ""text"": """"}, {""bbox"": [26.22, 371.39, 455.98, 409.41], ""type"": ""handwritten"", ""text"": """"}, {""bbox"": [72.39, 233.09, 463.69, 287.14], ""type"": ""handwritten"", ""text"": """"}, {""bbox"": [35.1, 464.54, 294.25, 504.84], ""type"": ""handwritten"", ""text"": """"}, {""bbox"": [28.51, 402.16, 436.17, 438.9], ""type"": ""handwritten"", ""text"": """"}, {""bbox"": [24.29, 307.32, 426.05, 347.78], ""type"": ""handwritten"", ""text"": """"}, {""bbox"": [18.91, 434.14, 503.97, 472.85], ""type"": ""handwritten"", ""text"": """"}, {""bbox"": [23.17, 339.07, 472.01, 377.84], ""type"": ""handwritten"", ""text"": """"}, {""bbox"": [33.05, 228.31, 142.66, 259.5], ""type"": ""handwritten"", ""text"": """"}]"
48b5044b-0ce6-4bb9-813a-8443a9b8b6a1.jpg,"[{""bbox"": [50.98, 412.57, 556.15, 452.31], ""type"": ""handwritten"", ""text"": """"}, {""bbox"": [49.41, 449.06, 557.69, 487.2], ""type"": ""handwritten"", ""text"": """"}, {""bbox"": [48.04, 374.34, 560.42, 415.05], ""type"": ""handwritten"", ""text"": """"}, {""bbox"": [55.82, 483.47, 531.0, 518.99], ""type"": ""handwritten"", ""text"": """"}, {""bbox"": [66.11, 619.44, 551.46, 655.56], ""type"": ""handwritten"", ""text"": """"}, {""bbox"": [63.24, 191.84, 535.46, 238.96], ""type"": ""handwritten"", ""text"": """"}, {""bbox"": [48.89, 584.65, 541.84, 621.72], ""type"": ""handwritten"", ""text"": """"}, {""bbox"": [55.84, 337.48, 556.19, 378.76], ""type"": ""handwritten"", ""text"": """"}, {""bbox"": [67.35, 725.22, 504.23, 762.35], ""type"": ""handwritten"", ""text"": """"}, {""bbox"": [70.49, 756.44, 504.6, 798.07], ""type"": ""handwritten"", ""text"": """"}, {""bbox"": [66.09, 690.2, 552.97, 729.69], ""type"": ""handwritten"", ""text"": """"}, {""bbox"": [66.56, 828.01, 288.49, 858.81], ""type"": ""handwritten"", ""text"": """"}, {""bbox"": [49.18, 551.18, 546.16, 586.42], ""type"": ""handwritten"", ""text"": """"}, {""bbox"": [66.71, 301.96, 518.16, 342.37], ""type"": ""handwritten"", ""text"": """"}, {""bbox"": [62.42, 654.48, 553.33, 696.23], ""type"": ""handwritten"", ""text"": """"}, {""bbox"": [63.25, 264.72, 519.64, 307.84], ""type"": ""handwritten"", ""text"": """"}, {""bbox"": [68.6, 227.58, 523.51, 275.58], ""type"": ""handwritten"", ""text"": """"}, {""bbox"": [74.57, 789.89, 527.34, 835.03], ""type"": ""handwritten"", ""text"": """"}, {""bbox"": [46.61, 516.24, 487.97, 553.01], ""type"": ""handwritten"", ""text"": """"}]"
49d70be4-af77-558b-af69-8ea6386d95fb.jpg,"[{""bbox"": [1101.29, 420.33, 2585.99, 775.49], ""type"": ""handwritten"", ""text"": """"}, {""bbox"": [1057.38, 706.3, 2620.65, 1024.68], ""type"": ""handwritten"", ""text"": """"}, {""bbox"": [453.85, 1443.72, 3475.64, 1741.67], ""type"": ""handwritten"", ""text"": """"}, {""bbox"": [277.34, 1219.25, 3297.9, 1511.11], ""type"": ""handwritten"", ""text"": """"}, {""bbox"": [463.97, 1916.65, 3507.84, 2243.09], ""type"": ""handwritten"", ""text"": """"}, {""bbox"": [252.22, 963.13, 3304.84, 1278.21], ""type"": ""handwritten"", ""text"": """"}, {""bbox"": [463.75, 1682.15, 3471.62, 1998.93], ""type"": ""handwritten"", ""text"": """"}, {""bbox"": [528.97, 2137.68, 3556.49, 2504.16], ""type"": ""handwritten"", ""text"": """"}, {""bbox"": [136.67, 0.8, 412.24, 227.88], ""type"": ""handwritten"", ""text"": """"}]"
4a021a5c-f436-5381-a993-f042596b6639.jpg,"[{""bbox"": [100.56, 3009.7, 581.5, 3233.69], ""type"": ""handwritten"", ""text"": """"}, {""bbox"": [92.54, 1822.86, 287.22, 1952.77], ""type"": ""handwritten"", ""text"": """"}, {""bbox"": [100.87, 2589.44, 424.76, 2792.93], ""type"": ""handwritten"", ""text"": """"}, {""bbox"": [101.78, 2802.08, 412.26, 3000.5], ""type"": ""handwritten"", ""text"": """"}, {""bbox"": [823.43, 499.16, 2657.51, 825.17], ""type"": ""handwritten"", ""text"": """"}, {""bbox"": [101.65, 2392.28, 313.07, 2576.69], ""type"": ""handwritten"", ""text"": """"}, {""bbox"": [107.54, 1362.45, 319.09, 1538.86], ""type"": ""handwritten"", ""text"": """"}, {""bbox"": [100.55, 2012.73, 304.91, 2163.15], ""type"": ""handwritten"", ""text"": """"}, {""bbox"": [113.5, 800.46, 351.64, 935.55], ""type"": ""handwritten"", ""text"": """"}, {""bbox"": [105.03, 1198.82, 328.53, 1334.11], ""type"": ""handwritten"", ""text"": """"}, {""bbox"": [97.12, 1570.06, 299.61, 1745.38], ""type"": ""handwritten"", ""text"": """"}, {""bbox"": [98.24, 2225.4, 311.69, 2384.87], ""type"": ""handwritten"", ""text"": """"}, {""bbox"": [113.96, 964.45, 335.88, 1127.43], ""type"": ""handwritten"", ""text"": """"}, {""bbox"": [2818.44, 603.93, 3119.93, 727.67], ""type"": ""handwritten"", ""text"": """"}, {""bbox"": [0.04, 927.65, 50.28, 1037.9], ""type"": ""handwritten"", ""text"": """"}]"
4a02ea8b-1756-4ed4-92e2-e72e642e9ed9.jpg,"[{""bbox"": [531.17, 527.83, 1015.84, 573.76], ""type"": ""printed"", ""text"": """"}, {""bbox"": [216.28, 418.0, 1333.63, 472.92], ""type"": ""printed"", ""text"": """"}, {""bbox"": [1490.24, 1206.17, 1983.58, 1253.91], ""type"": ""printed"", ""text"": """"}, {""bbox"": [1429.65, 1106.51, 1928.96, 1147.12], ""type"": ""printed"", ""text"": """"}, {""bbox"": [898.03, 885.67, 2255.85, 936.61], ""type"": ""printed"", ""text"": """"}, {""bbox"": [900.62, 939.12, 2011.89, 996.05], ""type"": ""printed"", ""text"": """"}, {""bbox"": [2061.56, 42.57, 2257.53, 206.94], ""type"": ""annotation"", ""text"": """"}, {""bbox"": [1574.41, 200.89, 2097.89, 260.78], ""type"": ""printed"", ""text"": """"}, {""bbox"": [219.3, 883.13, 472.76, 928.47], ""type"": ""printed"", ""text"": """"}, {""bbox"": [900.94, 834.86, 2236.71, 885.09], ""type"": ""printed"", ""text"": """"}, {""bbox"": [68.69, 78.64, 828.68, 227.4], ""type"": ""handwritten"", ""text"": """"}, {""bbox"": [101.87, 750.7, 592.96, 1245.98], ""type"": ""image"", ""text"": """"}, {""bbox"": [1025.01, 729.96, 2094.48, 781.88], ""type"": ""printed"", ""text"": """"}, {""bbox"": [1364.11, 732.19, 2250.51, 777.28], ""type"": ""printed"", ""text"": """"}, {""bbox"": [221.38, 942.16, 469.9, 986.51], ""type"": ""printed"", ""text"": """"}, {""bbox"": [239.2, 1057.58, 457.61, 1091.33], ""type"": ""printed"", ""text"": """"}, {""bbox"": [910.58, 789.74, 1790.73, 833.02], ""type"": ""printed"", ""text"": """"}, {""bbox"": [1361.73, 789.6, 2249.81, 832.1], ""type"": ""printed"", ""text"": """"}]"
4beaadf9-1007-4233-99be-d72fa5f2e6fa.jpg,"[{""bbox"": [1.74, 1811.23, 1632.99, 1961.15], ""type"": ""handwritten"", ""text"": """"}, {""bbox"": [20.71, 5.92, 1605.36, 88.59], ""type"": ""handwritten"", ""text"": """"}, {""bbox"": [16.27, 1153.87, 424.78, 1222.16], ""type"": ""handwritten"", ""text"": """"}, {""bbox"": [25.29, 1214.22, 450.1, 1291.49], ""type"": ""handwritten"", ""text"": """"}, {""bbox"": [9.47, 1096.95, 1626.51, 1251.16], ""type"": ""handwritten"", ""text"": """"}, {""bbox"": [17.76, 94.26, 1635.69, 183.86], ""type"": ""handwritten"", ""text"": """"}, {""bbox"": [10.75, 796.98, 1537.55, 884.78], ""type"": ""handwritten"", ""text"": """"}, {""bbox"": [5.81, 1511.57, 1637.02, 1674.87], ""type"": ""handwritten"", ""text"": """"}, {""bbox"": [17.58, 1278.19, 1613.89, 1365.69], ""type"": ""handwritten"", ""text"": """"}, {""bbox"": [16.31, 189.96, 1633.66, 312.61], ""type"": ""handwritten"", ""text"": """"}, {""bbox"": [10.66, 1342.75, 1620.96, 1441.04], ""type"": ""handwritten"", ""text"": """"}, {""bbox"": [13.29, 894.43, 1617.59, 1017.64], ""type"": ""handwritten"", ""text"": """"}, {""bbox"": [17.22, 947.51, 240.38, 996.8], ""type"": ""handwritten"", ""text"": """"}, {""bbox"": [4.46, 1727.19, 1619.3, 1877.29], ""type"": ""handwritten"", ""text"": """"}, {""bbox"": [12.75, 305.99, 1617.41, 448.78], ""type"": ""handwritten"", ""text"": """"}, {""bbox"": [5.29, 1389.2, 1527.45, 1522.28], ""type"": ""handwritten"", ""text"": """"}, {""bbox"": [12.53, 756.98, 730.56, 809.18], ""type"": ""handwritten"", ""text"": """"}, {""bbox"": [14.15, 561.52, 1626.58, 685.81], ""type"": ""handwritten"", ""text"": """"}, {""bbox"": [12.36, 991.59, 1579.76, 1105.52], ""type"": ""handwritten"", ""text"": """"}, {""bbox"": [15.99, 377.66, 1625.82, 550.63], ""type"": ""handwritten"", ""text"": """"}, {""bbox"": [16.63, 55.02, 1595.42, 130.84], ""type"": ""handwritten"", ""text"": """"}, {""bbox"": [7.52, 677.0, 1623.89, 805.19], ""type"": ""handwritten"", ""text"": """"}, {""bbox"": [16.08, 254.85, 1528.92, 374.17], ""type"": ""handwritten"", ""text"": """"}, {""bbox"": [6.39, 1608.75, 1631.27, 1766.11], ""type"": ""handwritten"", ""text"": """"}, {""bbox"": [12.52, 847.74, 1594.98, 938.9], ""type"": ""handwritten"", ""text"": """"}, {""bbox"": [4.21, 1865.83, 772.3, 1960.48], ""type"": ""handwritten"", ""text"": """"}, {""bbox"": [19.43, 478.18, 1616.77, 646.61], ""type"": ""handwritten"", ""text"": """"}, {""bbox"": [12.77, 611.59, 1610.26, 729.04], ""type"": ""handwritten"", ""text"": """"}, {""bbox"": [6.46, 1655.25, 1604.28, 1814.26], ""type"": ""handwritten"", ""text"": """"}, {""bbox"": [7.34, 1045.83, 1582.43, 1161.15], ""type"": ""handwritten"", ""text"": """"}, {""bbox"": [3.16, 1436.67, 1530.4, 1586.75], ""type"": ""handwritten"", ""text"": """"}, {""bbox"": [1195.33, 482.43, 1654.68, 582.05], ""type"": ""handwritten"", ""text"": """"}, {""bbox"": [18.27, 424.75, 1624.08, 600.38], ""type"": ""handwritten"", ""text"": """"}, {""bbox"": [15.58, 147.69, 1614.24, 215.63], ""type"": ""handwritten"", ""text"": """"}]"
4c5d63d9-1110-531c-b2fa-e93b9bba4121.jpg,"[{""bbox"": [914.71, 55.61, 2130.2, 262.37], ""type"": ""handwritten"", ""text"": """"}, {""bbox"": [1041.25, 248.34, 2102.84, 449.77], ""type"": ""handwritten"", ""text"": """"}, {""bbox"": [1354.63, 424.52, 1918.82, 633.33], ""type"": ""handwritten"", ""text"": """"}, {""bbox"": [596.8, 596.36, 3150.95, 829.22], ""type"": ""handwritten"", ""text"": """"}, {""bbox"": [1768.47, 246.76, 2097.2, 447.74], ""type"": ""handwritten"", ""text"": """"}]"
4c6edec1-59be-405c-a28b-759a52e9788f.jpg,"[{""bbox"": [65.89, 623.35, 434.54, 664.85], ""type"": ""handwritten"", ""text"": """"}, {""bbox"": [42.42, 1163.37, 828.48, 1210.14], ""type"": ""handwritten"", ""text"": """"}, {""bbox"": [129.06, 657.84, 760.54, 713.62], ""type"": ""handwritten"", ""text"": """"}, {""bbox"": [60.94, 908.43, 807.61, 953.62], ""type"": ""handwritten"", ""text"": """"}, {""bbox"": [36.05, 1202.69, 840.67, 1253.16], ""type"": ""handwritten"", ""text"": """"}, {""bbox"": [39.3, 1245.97, 846.58, 1298.27], ""type"": ""handwritten"", ""text"": """"}, {""bbox"": [110.3, 1124.25, 820.62, 1170.23], ""type"": ""handwritten"", ""text"": """"}, {""bbox"": [65.51, 747.53, 812.53, 802.22], ""type"": ""handwritten"", ""text"": """"}, {""bbox"": [271.24, 449.83, 618.75, 532.24], ""type"": ""handwritten"", ""text"": """"}, {""bbox"": [60.03, 981.13, 847.61, 1028.6], ""type"": ""handwritten"", ""text"": """"}, {""bbox"": [129.76, 517.6, 775.09, 580.63], ""type"": ""handwritten"", ""text"": """"}, {""bbox"": [99.87, 1353.27, 750.77, 1407.4], ""type"": ""handwritten"", ""text"": """"}, {""bbox"": [62.83, 710.28, 730.65, 757.64], ""type"": ""handwritten"", ""text"": """"}, {""bbox"": [57.55, 1021.44, 818.07, 1065.15], ""type"": ""handwritten"", ""text"": """"}, {""bbox"": [37.75, 1285.88, 851.45, 1340.95], ""type"": ""handwritten"", ""text"": """"}, {""bbox"": [54.82, 874.76, 790.36, 920.96], ""type"": ""handwritten"", ""text"": """"}, {""bbox"": [39.31, 1320.59, 219.17, 1356.99], ""type"": ""handwritten"", ""text"": """"}, {""bbox"": [62.56, 829.65, 784.93, 884.16], ""type"": ""handwritten"", ""text"": """"}, {""bbox"": [282.02, 410.41, 495.62, 458.78], ""type"": ""handwritten"", ""text"": """"}, {""bbox"": [33.47, 1424.93, 853.69, 1486.74], ""type"": ""handwritten"", ""text"": """"}, {""bbox"": [56.38, 793.35, 749.13, 845.2], ""type"": ""handwritten"", ""text"": """"}, {""bbox"": [54.36, 1098.17, 426.17, 1137.56], ""type"": ""handwritten"", ""text"": """"}, {""bbox"": [60.12, 947.97, 775.54, 989.79], ""type"": ""handwritten"", ""text"": """"}, {""bbox"": [32.16, 1392.73, 849.87, 1449.56], ""type"": ""handwritten"", ""text"": """"}, {""bbox"": [53.26, 1060.29, 753.8, 1103.13], ""type"": ""handwritten"", ""text"": """"}, {""bbox"": [66.12, 562.32, 815.92, 627.51], ""type"": ""handwritten"", ""text"": """"}, {""bbox"": [584.17, 318.72, 768.51, 371.65], ""type"": ""annotation"", ""text"": """"}, {""bbox"": [40.53, 1306.73, 851.61, 1357.36], ""type"": ""handwritten"", ""text"": """"}]"
4f057027-68bf-5386-b41f-1f5224e440ab.jpg,"[{""bbox"": [165.92, 731.88, 2417.42, 948.33], ""type"": ""formula"", ""text"": """"}, {""bbox"": [172.35, 558.78, 2321.63, 743.3], ""type"": ""formula"", ""text"": """"}, {""bbox"": [175.57, 353.06, 2476.1, 560.98], ""type"": ""formula"", ""text"": """"}, {""bbox"": [190.38, 1141.08, 1911.89, 1347.34], ""type"": ""formula"", ""text"": """"}, {""bbox"": [150.95, 935.18, 2819.14, 1143.4], ""type"": ""formula"", ""text"": """"}, {""bbox"": [1232.96, 164.43, 1599.75, 317.68], ""type"": ""handwritten"", ""text"": """"}, {""bbox"": [0.28, 3041.48, 184.3, 3203.57], ""type"": ""handwritten"", ""text"": """"}, {""bbox"": [0.0, 3908.8, 203.05, 4031.71], ""type"": ""formula"", ""text"": """"}, {""bbox"": [0.0, 2337.69, 113.79, 2440.71], ""type"": ""formula"", ""text"": """"}, {""bbox"": [0.0, 1685.42, 141.01, 1841.85], ""type"": ""handwritten"", ""text"": """"}]"
4f624032-aeb4-48f6-a773-7e82c872f981.jpg,"[{""bbox"": [681.56, 902.28, 2356.61, 968.61], ""type"": ""printed"", ""text"": """"}, {""bbox"": [808.07, 1317.15, 2410.46, 1381.44], ""type"": ""printed"", ""text"": """"}, {""bbox"": [863.25, 801.98, 2369.24, 860.13], ""type"": ""printed"", ""text"": """"}, {""bbox"": [878.74, 2283.99, 1774.47, 2330.69], ""type"": ""printed"", ""text"": """"}, {""bbox"": [687.02, 1431.25, 1553.81, 1488.88], ""type"": ""printed"", ""text"": """"}, {""bbox"": [688.33, 1636.22, 1858.4, 1696.4], ""type"": ""printed"", ""text"": """"}, {""bbox"": [865.24, 1229.31, 1637.01, 1278.17], ""type"": ""printed"", ""text"": """"}, {""bbox"": [816.12, 1956.94, 1752.13, 2011.73], ""type"": ""printed"", ""text"": """"}, {""bbox"": [696.46, 2569.4, 2407.23, 2657.0], ""type"": ""handwritten"", ""text"": """"}, {""bbox"": [694.56, 2168.99, 1096.62, 2227.27], ""type"": ""printed"", ""text"": """"}, {""bbox"": [686.65, 1129.32, 1053.3, 1178.48], ""type"": ""printed"", ""text"": """"}, {""bbox"": [880.63, 2382.95, 2053.79, 2438.28], ""type"": ""printed"", ""text"": """"}, {""bbox"": [812.63, 1737.41, 2341.62, 1798.74], ""type"": ""printed"", ""text"": """"}, {""bbox"": [690.78, 1857.78, 1246.11, 1911.34], ""type"": ""printed"", ""text"": """"}, {""bbox"": [676.56, 603.58, 799.01, 647.22], ""type"": ""printed"", ""text"": """"}, {""bbox"": [1657.05, 3066.59, 2485.39, 3188.41], ""type"": ""handwritten"", ""text"": """"}, {""bbox"": [710.57, 1002.34, 2271.59, 1074.51], ""type"": ""printed"", ""text"": """"}, {""bbox"": [1517.03, 2910.12, 2072.68, 2950.35], ""type"": ""printed"", ""text"": """"}, {""bbox"": [699.27, 2708.05, 1502.68, 2758.09], ""type"": ""printed"", ""text"": """"}, {""bbox"": [847.76, 2054.26, 2256.39, 2113.9], ""type"": ""printed"", ""text"": """"}, {""bbox"": [878.57, 2655.16, 1366.94, 2713.32], ""type"": ""handwritten"", ""text"": """"}, {""bbox"": [1543.1, 2999.52, 2253.53, 3062.06], ""type"": ""printed"", ""text"": """"}, {""bbox"": [880.13, 2483.6, 2376.91, 2543.99], ""type"": ""printed"", ""text"": """"}, {""bbox"": [2360.29, 240.03, 2552.66, 398.85], ""type"": ""annotation"", ""text"": """"}, {""bbox"": [1681.66, 3053.3, 2495.68, 3331.96], ""type"": ""image"", ""text"": """"}, {""bbox"": [1693.2, 425.67, 2189.11, 487.04], ""type"": ""printed"", ""text"": """"}, {""bbox"": [896.74, 1532.27, 2238.1, 1591.31], ""type"": ""printed"", ""text"": """"}, {""bbox"": [1672.27, 3169.11, 2411.37, 3333.24], ""type"": ""image"", ""text"": """"}]"
4f6c66bf-dbae-4a85-815d-20616f72fb0f.jpg,"[{""bbox"": [105.85, 396.95, 1563.93, 505.01], ""type"": ""handwritten"", ""text"": """"}, {""bbox"": [116.8, 1500.32, 390.98, 1581.55], ""type"": ""handwritten"", ""text"": """"}, {""bbox"": [25.05, 1426.67, 437.73, 1513.48], ""type"": ""handwritten"", ""text"": """"}, {""bbox"": [23.31, 1631.43, 1635.83, 1713.81], ""type"": ""handwritten"", ""text"": """"}, {""bbox"": [38.14, 1540.03, 1337.64, 1647.41], ""type"": ""handwritten"", ""text"": """"}, {""bbox"": [59.51, 341.01, 548.6, 397.6], ""type"": ""handwritten"", ""text"": """"}, {""bbox"": [34.27, 1121.76, 394.83, 1202.58], ""type"": ""handwritten"", ""text"": """"}, {""bbox"": [38.84, 751.56, 1606.79, 944.19], ""type"": ""handwritten"", ""text"": """"}, {""bbox"": [28.45, 1208.3, 150.87, 1270.95], ""type"": ""handwritten"", ""text"": """"}, {""bbox"": [70.0, 149.49, 1076.74, 223.91], ""type"": ""handwritten"", ""text"": """"}, {""bbox"": [40.83, 2017.57, 1307.54, 2093.76], ""type"": ""formula"", ""text"": """"}, {""bbox"": [43.69, 88.72, 900.72, 152.27], ""type"": ""handwritten"", ""text"": """"}, {""bbox"": [41.43, 470.43, 355.39, 533.94], ""type"": ""handwritten"", ""text"": """"}, {""bbox"": [60.54, 261.76, 1049.4, 364.08], ""type"": ""handwritten"", ""text"": """"}, {""bbox"": [42.89, 20.72, 1561.04, 102.25], ""type"": ""handwritten"", ""text"": """"}, {""bbox"": [23.95, 1340.93, 135.8, 1413.75], ""type"": ""handwritten"", ""text"": """"}, {""bbox"": [35.56, 2099.86, 964.99, 2187.18], ""type"": ""formula"", ""text"": """"}, {""bbox"": [35.16, 610.57, 1573.63, 800.74], ""type"": ""handwritten"", ""text"": """"}, {""bbox"": [32.16, 888.53, 1007.11, 1016.69], ""type"": ""handwritten"", ""text"": """"}, {""bbox"": [26.68, 1275.87, 135.26, 1335.73], ""type"": ""handwritten"", ""text"": """"}, {""bbox"": [48.2, 972.26, 1646.22, 1147.43], ""type"": ""handwritten"", ""text"": """"}, {""bbox"": [349.45, 1740.22, 1109.18, 1815.01], ""type"": ""handwritten"", ""text"": """"}, {""bbox"": [52.98, 1860.5, 174.41, 1902.46], ""type"": ""handwritten"", ""text"": """"}, {""bbox"": [49.4, 813.97, 206.63, 885.69], ""type"": ""handwritten"", ""text"": """"}, {""bbox"": [47.19, 1045.4, 989.27, 1152.12], ""type"": ""handwritten"", ""text"": """"}, {""bbox"": [44.91, 523.99, 1025.78, 659.18], ""type"": ""handwritten"", ""text"": """"}, {""bbox"": [36.1, 1955.85, 739.74, 2024.05], ""type"": ""handwritten"", ""text"": """"}, {""bbox"": [553.72, 1801.77, 844.56, 1859.39], ""type"": ""handwritten"", ""text"": """"}, {""bbox"": [97.05, 213.42, 1594.08, 307.18], ""type"": ""handwritten"", ""text"": """"}, {""bbox"": [31.06, 1699.23, 624.5, 1790.78], ""type"": ""handwritten"", ""text"": """"}, {""bbox"": [1208.23, 1700.92, 1539.34, 1828.4], ""type"": ""handwritten"", ""text"": """"}, {""bbox"": [30.65, 1797.4, 848.77, 1867.79], ""type"": ""handwritten"", ""text"": """"}, {""bbox"": [43.78, 1885.05, 851.18, 1961.28], ""type"": ""handwritten"", ""text"": """"}, {""bbox"": [58.78, 1731.32, 1567.21, 1854.22], ""type"": ""handwritten"", ""text"": """"}, {""bbox"": [42.89, 700.25, 1462.35, 889.49], ""type"": ""handwritten"", ""text"": """"}, {""bbox"": [35.07, 1708.81, 1119.66, 1803.69], ""type"": ""handwritten"", ""text"": """"}, {""bbox"": [1498.52, 1692.28, 1542.41, 1745.3], ""type"": ""annotation"", ""text"": """"}, {""bbox"": [32.82, 1806.06, 413.99, 1874.59], ""type"": ""handwritten"", ""text"": """"}]"
4fd37fb0-ca93-47fd-b836-5f2ca7d77a5d.jpg,"[{""bbox"": [505.0, 765.03, 1801.73, 808.24], ""type"": ""printed"", ""text"": """"}, {""bbox"": [390.21, 1742.98, 1804.14, 1792.87], ""type"": ""printed"", ""text"": """"}, {""bbox"": [489.65, 1835.35, 1803.51, 1883.08], ""type"": ""printed"", ""text"": """"}, {""bbox"": [673.57, 2450.54, 1801.25, 2496.68], ""type"": ""printed"", ""text"": """"}, {""bbox"": [415.22, 1427.31, 1803.0, 1474.14], ""type"": ""printed"", ""text"": """"}, {""bbox"": [441.21, 2685.32, 808.08, 2727.77], ""type"": ""printed"", ""text"": """"}, {""bbox"": [422.57, 2330.51, 1803.24, 2376.74], ""type"": ""printed"", ""text"": """"}, {""bbox"": [479.1, 1247.41, 1804.78, 1296.1], ""type"": ""printed"", ""text"": """"}, {""bbox"": [513.53, 1339.66, 1795.23, 1387.53], ""type"": ""printed"", ""text"": """"}, {""bbox"": [408.11, 2241.71, 1801.07, 2286.32], ""type"": ""printed"", ""text"": """"}, {""bbox"": [467.48, 1090.88, 1806.51, 1134.49], ""type"": ""printed"", ""text"": """"}, {""bbox"": [523.23, 1163.79, 1799.88, 1207.33], ""type"": ""printed"", ""text"": """"}, {""bbox"": [390.6, 1655.06, 1428.42, 1700.24], ""type"": ""printed"", ""text"": """"}, {""bbox"": [446.01, 1924.68, 1800.57, 1970.34], ""type"": ""printed"", ""text"": """"}, {""bbox"": [528.8, 1019.43, 1799.72, 1061.38], ""type"": ""printed"", ""text"": """"}, {""bbox"": [496.45, 840.75, 1806.31, 880.65], ""type"": ""printed"", ""text"": """"}, {""bbox"": [102.92, 60.07, 300.12, 328.39], ""type"": ""annotation"", ""text"": """"}, {""bbox"": [420.4, 2062.56, 1633.24, 2102.75], ""type"": ""printed"", ""text"": """"}, {""bbox"": [923.11, 2512.76, 1802.15, 2557.76], ""type"": ""printed"", ""text"": """"}, {""bbox"": [390.04, 2150.57, 1156.46, 2196.83], ""type"": ""printed"", ""text"": """"}, {""bbox"": [515.07, 1518.13, 1794.15, 1566.5], ""type"": ""printed"", ""text"": """"}, {""bbox"": [556.35, 876.09, 1786.09, 915.64], ""type"": ""printed"", ""text"": """"}, {""bbox"": [481.31, 714.2, 1080.81, 756.77], ""type"": ""printed"", ""text"": """"}, {""bbox"": [461.68, 1562.72, 1798.69, 1609.3], ""type"": ""printed"", ""text"": """"}, {""bbox"": [393.08, 1474.36, 1096.2, 1518.96], ""type"": ""printed"", ""text"": """"}, {""bbox"": [967.08, 425.67, 1238.67, 497.93], ""type"": ""printed"", ""text"": """"}, {""bbox"": [395.25, 1297.06, 861.88, 1333.72], ""type"": ""printed"", ""text"": """"}, {""bbox"": [542.09, 988.77, 1249.19, 1022.96], ""type"": ""printed"", ""text"": """"}, {""bbox"": [437.63, 2731.96, 801.72, 2774.8], ""type"": ""printed"", ""text"": """"}, {""bbox"": [529.26, 620.49, 1750.17, 669.51], ""type"": ""printed"", ""text"": """"}, {""bbox"": [523.87, 548.63, 1754.78, 603.03], ""type"": ""printed"", ""text"": """"}, {""bbox"": [557.28, 2622.2, 1788.39, 2668.0], ""type"": ""printed"", ""text"": """"}, {""bbox"": [566.65, 807.34, 1082.23, 842.28], ""type"": ""printed"", ""text"": """"}, {""bbox"": [555.74, 1971.28, 1788.3, 2015.06], ""type"": ""printed"", ""text"": """"}, {""bbox"": [395.35, 1791.11, 717.5, 1831.41], ""type"": ""printed"", ""text"": """"}, {""bbox"": [555.67, 1608.82, 1788.71, 1651.21], ""type"": ""printed"", ""text"": """"}, {""bbox"": [556.34, 948.49, 1787.85, 987.29], ""type"": ""printed"", ""text"": """"}, {""bbox"": [548.98, 1131.34, 1045.27, 1163.74], ""type"": ""printed"", ""text"": """"}, {""bbox"": [765.8, 2401.16, 1806.39, 2446.95], ""type"": ""printed"", ""text"": """"}, {""bbox"": [414.14, 670.36, 938.11, 713.87], ""type"": ""printed"", ""text"": """"}, {""bbox"": [494.75, 2013.54, 1749.08, 2060.86], ""type"": ""printed"", ""text"": """"}, {""bbox"": [595.57, 2574.27, 1802.21, 2620.81], ""type"": ""printed"", ""text"": """"}, {""bbox"": [556.28, 1884.02, 1788.3, 1926.97], ""type"": ""printed"", ""text"": """"}, {""bbox"": [556.04, 1698.02, 1785.46, 1744.82], ""type"": ""printed"", ""text"": """"}, {""bbox"": [556.28, 1387.06, 1788.41, 1431.57], ""type"": ""printed"", ""text"": """"}, {""bbox"": [552.44, 1203.83, 717.74, 1236.79], ""type"": ""printed"", ""text"": """"}, {""bbox"": [549.56, 1059.7, 961.35, 1092.23], ""type"": ""printed"", ""text"": """"}, {""bbox"": [555.67, 2195.62, 1788.27, 2239.98], ""type"": ""printed"", ""text"": """"}, {""bbox"": [517.68, 2288.73, 1748.23, 2334.86], ""type"": ""printed"", ""text"": """"}, {""bbox"": [493.35, 2105.21, 1718.33, 2148.22], ""type"": ""printed"", ""text"": """"}, {""bbox"": [380.2, 1581.75, 1810.41, 1617.75], ""type"": ""printed"", ""text"": """"}, {""bbox"": [555.34, 917.53, 706.97, 946.08], ""type"": ""printed"", ""text"": """"}, {""bbox"": [385.29, 2074.38, 1708.46, 2111.78], ""type"": ""printed"", ""text"": """"}, {""bbox"": [555.77, 884.84, 1787.55, 946.95], ""type"": ""printed"", ""text"": """"}]"
500996ab-a1ee-55ac-b830-a417bf57a3d2.jpg,"[{""bbox"": [88.19, 964.62, 1686.31, 1114.23], ""type"": ""handwritten"", ""text"": """"}, {""bbox"": [78.21, 1451.54, 1568.29, 1586.12], ""type"": ""handwritten"", ""text"": """"}, {""bbox"": [85.33, 701.94, 1688.25, 859.26], ""type"": ""handwritten"", ""text"": """"}, {""bbox"": [87.37, 1883.67, 735.21, 2029.79], ""type"": ""handwritten"", ""text"": """"}, {""bbox"": [44.37, 506.48, 580.16, 606.58], ""type"": ""handwritten"", ""text"": """"}, {""bbox"": [90.8, 2009.21, 1004.23, 2140.35], ""type"": ""handwritten"", ""text"": """"}, {""bbox"": [96.14, 1209.04, 997.71, 1333.64], ""type"": ""handwritten"", ""text"": """"}, {""bbox"": [78.4, 1580.73, 1662.46, 1714.02], ""type"": ""handwritten"", ""text"": """"}, {""bbox"": [70.28, 830.43, 1643.04, 982.95], ""type"": ""handwritten"", ""text"": """"}, {""bbox"": [312.88, 42.67, 1128.76, 171.5], ""type"": ""handwritten"", ""text"": """"}, {""bbox"": [118.92, 188.97, 1499.06, 381.16], ""type"": ""handwritten"", ""text"": """"}, {""bbox"": [51.76, 336.86, 1609.26, 496.05], ""type"": ""handwritten"", ""text"": """"}, {""bbox"": [88.28, 2359.31, 1635.9, 2449.41], ""type"": ""formula"", ""text"": """"}, {""bbox"": [78.86, 1106.66, 298.44, 1211.92], ""type"": ""handwritten"", ""text"": """"}, {""bbox"": [76.17, 1331.09, 637.27, 1459.54], ""type"": ""formula"", ""text"": """"}, {""bbox"": [207.59, 135.61, 975.79, 271.86], ""type"": ""handwritten"", ""text"": """"}, {""bbox"": [88.28, 2134.84, 626.8, 2253.9], ""type"": ""formula"", ""text"": """"}, {""bbox"": [75.63, 1700.92, 1014.67, 1839.99], ""type"": ""handwritten"", ""text"": """"}, {""bbox"": [106.51, 2433.09, 863.04, 2515.2], ""type"": ""handwritten"", ""text"": """"}, {""bbox"": [83.63, 612.22, 251.85, 716.7], ""type"": ""handwritten"", ""text"": """"}, {""bbox"": [1496.44, 2473.85, 1836.0, 3264.0], ""type"": ""image"", ""text"": """"}, {""bbox"": [1785.66, 464.97, 1836.0, 542.03], ""type"": ""handwritten"", ""text"": """"}, {""bbox"": [1769.4, 330.2, 1835.48, 426.9], ""type"": ""handwritten"", ""text"": """"}]"
50df26eb-ecf7-5008-8003-615329dda2cd.jpg,"[{""bbox"": [175.67, 2185.46, 1789.5, 2336.39], ""type"": ""handwritten"", ""text"": """"}, {""bbox"": [535.6, 196.61, 1265.95, 318.28], ""type"": ""handwritten"", ""text"": """"}, {""bbox"": [196.84, 2315.8, 1584.15, 2465.72], ""type"": ""handwritten"", ""text"": """"}, {""bbox"": [202.01, 1707.07, 1608.83, 1845.9], ""type"": ""handwritten"", ""text"": """"}, {""bbox"": [418.28, 300.18, 1273.81, 441.43], ""type"": ""handwritten"", ""text"": """"}, {""bbox"": [186.12, 1943.03, 1795.95, 2095.31], ""type"": ""handwritten"", ""text"": """"}, {""bbox"": [208.16, 1825.62, 1716.89, 1965.97], ""type"": ""handwritten"", ""text"": """"}, {""bbox"": [254.4, 420.28, 681.52, 545.68], ""type"": ""handwritten"", ""text"": """"}, {""bbox"": [206.16, 1247.7, 496.03, 1358.42], ""type"": ""handwritten"", ""text"": """"}, {""bbox"": [188.99, 2079.7, 1282.51, 2217.45], ""type"": ""handwritten"", ""text"": """"}, {""bbox"": [323.28, 1572.68, 527.74, 1712.18], ""type"": ""handwritten"", ""text"": """"}, {""bbox"": [224.44, 758.6, 445.09, 894.51], ""type"": ""handwritten"", ""text"": """"}, {""bbox"": [220.73, 880.55, 404.75, 1015.63], ""type"": ""handwritten"", ""text"": """"}, {""bbox"": [203.15, 1122.83, 367.3, 1255.7], ""type"": ""handwritten"", ""text"": """"}, {""bbox"": [228.52, 654.94, 420.32, 779.85], ""type"": ""handwritten"", ""text"": """"}, {""bbox"": [323.29, 1356.8, 532.61, 1483.45], ""type"": ""handwritten"", ""text"": """"}, {""bbox"": [237.04, 541.12, 414.45, 673.77], ""type"": ""handwritten"", ""text"": """"}, {""bbox"": [211.68, 998.91, 395.73, 1132.99], ""type"": ""handwritten"", ""text"": """"}, {""bbox"": [321.8, 1473.69, 522.12, 1598.06], ""type"": ""handwritten"", ""text"": """"}, {""bbox"": [1149.71, 1812.76, 1556.68, 1875.1], ""type"": ""handwritten"", ""text"": """"}, {""bbox"": [315.13, 1466.41, 549.83, 1665.34], ""type"": ""handwritten"", ""text"": """"}, {""bbox"": [912.07, 2640.47, 1836.0, 3256.26], ""type"": ""image"", ""text"": """"}]"
517b4763-7769-4fce-a52b-20d62eff28e7.jpg,"[{""bbox"": [154.66, 1006.46, 1455.32, 1077.87], ""type"": ""handwritten"", ""text"": """"}, {""bbox"": [172.56, 774.15, 1438.68, 843.57], ""type"": ""handwritten"", ""text"": """"}, {""bbox"": [279.26, 330.25, 1338.13, 422.86], ""type"": ""handwritten"", ""text"": """"}, {""bbox"": [190.4, 456.29, 1334.5, 518.29], ""type"": ""handwritten"", ""text"": """"}, {""bbox"": [167.01, 830.0, 873.55, 886.28], ""type"": ""handwritten"", ""text"": """"}, {""bbox"": [149.7, 1068.67, 750.0, 1125.81], ""type"": ""handwritten"", ""text"": """"}, {""bbox"": [200.09, 507.88, 1337.61, 565.7], ""type"": ""handwritten"", ""text"": """"}, {""bbox"": [175.86, 647.72, 1459.48, 713.71], ""type"": ""handwritten"", ""text"": """"}, {""bbox"": [544.51, 284.52, 923.44, 347.8], ""type"": ""handwritten"", ""text"": """"}, {""bbox"": [97.94, 1730.58, 1553.14, 1818.09], ""type"": ""handwritten"", ""text"": """"}, {""bbox"": [174.23, 692.71, 1464.81, 759.84], ""type"": ""handwritten"", ""text"": """"}, {""bbox"": [180.95, 605.35, 1383.85, 661.12], ""type"": ""handwritten"", ""text"": """"}, {""bbox"": [102.3, 1801.72, 955.79, 1898.91], ""type"": ""handwritten"", ""text"": """"}, {""bbox"": [100.69, 1678.43, 1528.11, 1760.65], ""type"": ""handwritten"", ""text"": """"}, {""bbox"": [174.46, 1098.96, 1494.02, 1179.62], ""type"": ""handwritten"", ""text"": """"}, {""bbox"": [159.7, 1618.99, 1482.51, 1698.5], ""type"": ""handwritten"", ""text"": """"}, {""bbox"": [156.18, 914.56, 1431.3, 986.82], ""type"": ""handwritten"", ""text"": """"}, {""bbox"": [219.85, 1309.83, 1270.9, 1377.68], ""type"": ""handwritten"", ""text"": """"}, {""bbox"": [130.95, 1416.81, 1479.7, 1490.67], ""type"": ""handwritten"", ""text"": """"}, {""bbox"": [115.26, 1518.26, 1513.82, 1607.39], ""type"": ""handwritten"", ""text"": """"}, {""bbox"": [153.5, 1357.12, 1533.96, 1436.31], ""type"": ""handwritten"", ""text"": """"}, {""bbox"": [202.66, 862.32, 1475.79, 929.87], ""type"": ""handwritten"", ""text"": """"}, {""bbox"": [189.78, 400.01, 1374.88, 473.08], ""type"": ""handwritten"", ""text"": """"}, {""bbox"": [133.6, 1204.57, 1439.28, 1285.13], ""type"": ""handwritten"", ""text"": """"}, {""bbox"": [118.85, 1459.48, 1532.27, 1540.13], ""type"": ""handwritten"", ""text"": """"}, {""bbox"": [138.83, 1151.94, 1492.72, 1238.15], ""type"": ""handwritten"", ""text"": """"}, {""bbox"": [114.75, 1597.73, 261.89, 1657.77], ""type"": ""handwritten"", ""text"": """"}, {""bbox"": [492.06, 558.13, 1367.75, 612.89], ""type"": ""handwritten"", ""text"": """"}, {""bbox"": [132.81, 1257.96, 1409.26, 1347.51], ""type"": ""handwritten"", ""text"": """"}, {""bbox"": [492.19, 964.54, 1368.3, 1024.11], ""type"": ""handwritten"", ""text"": """"}, {""bbox"": [540.73, 735.12, 1415.14, 790.37], ""type"": ""handwritten"", ""text"": """"}, {""bbox"": [194.52, 381.9, 1352.95, 512.88], ""type"": ""handwritten"", ""text"": """"}, {""bbox"": [172.02, 774.5, 1434.0, 811.6], ""type"": ""handwritten"", ""text"": """"}, {""bbox"": [192.19, 437.88, 1329.92, 561.37], ""type"": ""handwritten"", ""text"": """"}, {""bbox"": [491.89, 784.06, 1368.26, 837.97], ""type"": ""handwritten"", ""text"": """"}, {""bbox"": [134.65, 1311.37, 1354.58, 1409.69], ""type"": ""handwritten"", ""text"": """"}, {""bbox"": [187.18, 493.97, 1328.77, 602.56], ""type"": ""handwritten"", ""text"": """"}, {""bbox"": [168.24, 768.27, 1450.81, 916.45], ""type"": ""handwritten"", ""text"": """"}, {""bbox"": [405.7, 472.85, 1280.26, 523.97], ""type"": ""handwritten"", ""text"": """"}, {""bbox"": [155.39, 1005.4, 1458.11, 1146.77], ""type"": ""handwritten"", ""text"": """"}]"
535fc980-8fc5-49f9-8332-ddbdec5132ae.jpg,"[{""bbox"": [115.29, 3492.94, 1554.74, 3787.87], ""type"": ""handwritten"", ""text"": """"}, {""bbox"": [2.48, 1291.08, 3323.63, 1702.5], ""type"": ""formula"", ""text"": """"}, {""bbox"": [222.74, 5349.79, 1628.41, 5648.59], ""type"": ""handwritten"", ""text"": """"}, {""bbox"": [141.62, 3182.83, 1550.0, 3420.88], ""type"": ""handwritten"", ""text"": """"}, {""bbox"": [210.69, 5688.87, 1682.91, 6020.85], ""type"": ""handwritten"", ""text"": """"}, {""bbox"": [144.42, 2911.05, 1534.7, 3216.33], ""type"": ""handwritten"", ""text"": """"}, {""bbox"": [163.1, 5968.74, 1972.91, 6251.64], ""type"": ""handwritten"", ""text"": """"}, {""bbox"": [94.29, 4411.35, 1483.95, 4680.79], ""type"": ""handwritten"", ""text"": """"}, {""bbox"": [2185.09, 2555.08, 3684.46, 2888.52], ""type"": ""handwritten"", ""text"": """"}, {""bbox"": [103.48, 1888.44, 1707.17, 2158.97], ""type"": ""handwritten"", ""text"": """"}, {""bbox"": [26.32, 590.57, 4770.36, 935.83], ""type"": ""formula"", ""text"": """"}, {""bbox"": [87.66, 0.54, 1507.53, 221.2], ""type"": ""handwritten"", ""text"": """"}, {""bbox"": [79.03, 188.8, 3011.6, 464.86], ""type"": ""formula"", ""text"": """"}, {""bbox"": [73.25, 1588.9, 1491.08, 1927.41], ""type"": ""handwritten"", ""text"": """"}, {""bbox"": [3989.94, 6412.0, 5346.61, 6702.14], ""type"": ""handwritten"", ""text"": """"}, {""bbox"": [15.34, 1040.37, 1471.14, 1320.76], ""type"": ""formula"", ""text"": """"}, {""bbox"": [4175.57, 6666.05, 5419.71, 6930.52], ""type"": ""handwritten"", ""text"": """"}, {""bbox"": [4102.57, 5126.22, 5363.47, 5402.01], ""type"": ""handwritten"", ""text"": """"}, {""bbox"": [2392.43, 7932.82, 3356.98, 8171.0], ""type"": ""handwritten"", ""text"": """"}, {""bbox"": [71.62, 398.53, 1267.35, 608.86], ""type"": ""formula"", ""text"": """"}, {""bbox"": [643.1, 3960.96, 3799.03, 4323.18], ""type"": ""handwritten"", ""text"": """"}, {""bbox"": [4187.97, 6911.92, 5345.91, 7172.74], ""type"": ""handwritten"", ""text"": """"}, {""bbox"": [37.3, 816.11, 428.98, 1008.98], ""type"": ""formula"", ""text"": """"}, {""bbox"": [119.98, 4674.07, 2806.72, 5309.85], ""type"": ""formula"", ""text"": """"}, {""bbox"": [72.16, 3814.31, 3918.46, 4367.67], ""type"": ""formula"", ""text"": """"}, {""bbox"": [4007.44, 4190.7, 5384.0, 4439.32], ""type"": ""handwritten"", ""text"": """"}, {""bbox"": [112.79, 2152.68, 4143.27, 2637.55], ""type"": ""formula"", ""text"": """"}, {""bbox"": [4073.82, 3727.81, 5332.28, 3999.07], ""type"": ""handwritten"", ""text"": """"}, {""bbox"": [4756.61, 7485.1, 5160.76, 7907.3], ""type"": ""annotation"", ""text"": """"}, {""bbox"": [81.99, 2110.28, 1017.08, 2678.46], ""type"": ""formula"", ""text"": """"}, {""bbox"": [4091.4, 3243.8, 5390.17, 3522.78], ""type"": ""handwritten"", ""text"": """"}, {""bbox"": [75.46, 3815.25, 1364.09, 4363.59], ""type"": ""formula"", ""text"": """"}, {""bbox"": [4090.89, 1083.4, 5414.35, 1430.82], ""type"": ""handwritten"", ""text"": """"}, {""bbox"": [5020.91, 7143.58, 5384.21, 7351.05], ""type"": ""handwritten"", ""text"": """"}, {""bbox"": [2986.67, 5392.92, 5392.78, 5717.77], ""type"": ""handwritten"", ""text"": """"}, {""bbox"": [85.77, 4578.58, 5469.4, 5282.83], ""type"": ""formula"", ""text"": """"}, {""bbox"": [3879.14, 4567.01, 5421.96, 4796.62], ""type"": ""formula"", ""text"": """"}, {""bbox"": [147.98, 3824.22, 1376.48, 4021.0], ""type"": ""formula"", ""text"": """"}, {""bbox"": [3926.65, 4395.17, 5403.89, 4601.84], ""type"": ""handwritten"", ""text"": """"}, {""bbox"": [3806.23, 4942.07, 5432.22, 5155.43], ""type"": ""formula"", ""text"": """"}, {""bbox"": [101.2, 4171.01, 1251.94, 4362.24], ""type"": ""formula"", ""text"": """"}, {""bbox"": [3978.64, 3980.12, 5411.49, 4248.75], ""type"": ""handwritten"", ""text"": """"}]"
5413bb7b-6b69-5589-b218-bfeb24d37648.jpg,"[{""bbox"": [862.38, 1351.52, 3873.75, 1646.78], ""type"": ""handwritten"", ""text"": """"}, {""bbox"": [922.44, 179.95, 3899.12, 535.23], ""type"": ""handwritten"", ""text"": """"}, {""bbox"": [720.25, 1086.51, 3695.25, 1377.3], ""type"": ""handwritten"", ""text"": """"}, {""bbox"": [964.9, 1621.23, 3920.23, 1903.74], ""type"": ""handwritten"", ""text"": """"}, {""bbox"": [658.7, 1869.42, 3598.52, 2162.99], ""type"": ""handwritten"", ""text"": """"}, {""bbox"": [961.77, 493.48, 3950.41, 838.27], ""type"": ""handwritten"", ""text"": """"}, {""bbox"": [302.97, 2188.02, 1358.51, 2441.33], ""type"": ""handwritten"", ""text"": """"}, {""bbox"": [244.61, 802.62, 1208.91, 1121.46], ""type"": ""handwritten"", ""text"": """"}, {""bbox"": [539.3, 2352.41, 3495.59, 2690.44], ""type"": ""handwritten"", ""text"": """"}, {""bbox"": [3242.03, 0.41, 3447.03, 141.04], ""type"": ""annotation"", ""text"": """"}, {""bbox"": [2125.37, 1100.55, 3716.3, 1344.64], ""type"": ""handwritten"", ""text"": """"}]"
54d24772-90a7-4ac2-8e6c-6122fc113764.jpg,"[{""bbox"": [99.98, 332.63, 952.84, 405.51], ""type"": ""handwritten"", ""text"": """"}, {""bbox"": [145.44, 277.22, 941.38, 351.7], ""type"": ""handwritten"", ""text"": """"}, {""bbox"": [381.08, 210.95, 819.91, 294.08], ""type"": ""handwritten"", ""text"": """"}, {""bbox"": [142.41, 1039.56, 997.52, 1127.04], ""type"": ""handwritten"", ""text"": """"}, {""bbox"": [122.7, 472.67, 966.79, 542.95], ""type"": ""handwritten"", ""text"": """"}, {""bbox"": [119.62, 1295.58, 937.81, 1413.22], ""type"": ""handwritten"", ""text"": """"}, {""bbox"": [156.38, 425.66, 955.13, 495.94], ""type"": ""handwritten"", ""text"": """"}, {""bbox"": [112.81, 616.24, 968.34, 685.28], ""type"": ""handwritten"", ""text"": """"}, {""bbox"": [106.94, 394.32, 647.4, 447.41], ""type"": ""handwritten"", ""text"": """"}, {""bbox"": [113.83, 518.7, 965.37, 598.73], ""type"": ""handwritten"", ""text"": """"}, {""bbox"": [113.76, 667.57, 981.48, 733.57], ""type"": ""handwritten"", ""text"": """"}, {""bbox"": [112.29, 1097.61, 1004.3, 1174.39], ""type"": ""handwritten"", ""text"": """"}, {""bbox"": [111.74, 1249.0, 990.42, 1330.05], ""type"": ""handwritten"", ""text"": """"}, {""bbox"": [110.58, 711.89, 985.22, 781.76], ""type"": ""handwritten"", ""text"": """"}, {""bbox"": [103.37, 952.43, 987.35, 1039.96], ""type"": ""handwritten"", ""text"": """"}, {""bbox"": [108.68, 759.86, 984.37, 835.68], ""type"": ""handwritten"", ""text"": """"}, {""bbox"": [113.13, 568.38, 965.95, 645.13], ""type"": ""handwritten"", ""text"": """"}, {""bbox"": [106.39, 1022.48, 277.44, 1078.35], ""type"": ""handwritten"", ""text"": """"}, {""bbox"": [105.22, 857.49, 981.63, 929.02], ""type"": ""handwritten"", ""text"": """"}, {""bbox"": [101.67, 899.93, 982.52, 977.14], ""type"": ""handwritten"", ""text"": """"}, {""bbox"": [109.79, 811.06, 979.34, 880.63], ""type"": ""handwritten"", ""text"": """"}, {""bbox"": [111.44, 1150.25, 988.43, 1231.21], ""type"": ""handwritten"", ""text"": """"}, {""bbox"": [111.5, 1199.72, 974.07, 1280.49], ""type"": ""handwritten"", ""text"": """"}, {""bbox"": [124.84, 1042.54, 1005.7, 1193.58], ""type"": ""handwritten"", ""text"": """"}]"
555d4776-eb89-43fb-9090-f8b625d6c42b.jpg,"[{""bbox"": [30.73, 585.14, 536.73, 622.21], ""type"": ""handwritten"", ""text"": """"}, {""bbox"": [51.68, 732.21, 524.7, 768.7], ""type"": ""handwritten"", ""text"": """"}, {""bbox"": [27.96, 510.04, 526.88, 548.16], ""type"": ""handwritten"", ""text"": """"}, {""bbox"": [33.57, 403.85, 539.44, 439.33], ""type"": ""handwritten"", ""text"": """"}, {""bbox"": [27.26, 475.86, 545.33, 508.03], ""type"": ""handwritten"", ""text"": """"}, {""bbox"": [29.19, 547.19, 503.66, 583.94], ""type"": ""handwritten"", ""text"": """"}, {""bbox"": [30.48, 658.42, 545.16, 697.11], ""type"": ""handwritten"", ""text"": """"}, {""bbox"": [87.98, 153.78, 519.37, 198.65], ""type"": ""handwritten"", ""text"": """"}, {""bbox"": [30.75, 771.58, 503.1, 812.63], ""type"": ""handwritten"", ""text"": """"}, {""bbox"": [44.39, 189.69, 535.01, 235.57], ""type"": ""handwritten"", ""text"": """"}, {""bbox"": [29.95, 807.74, 548.09, 848.3], ""type"": ""handwritten"", ""text"": """"}, {""bbox"": [37.88, 296.29, 548.39, 338.22], ""type"": ""handwritten"", ""text"": """"}, {""bbox"": [32.66, 440.1, 546.74, 474.12], ""type"": ""handwritten"", ""text"": """"}, {""bbox"": [35.37, 332.6, 550.01, 375.04], ""type"": ""handwritten"", ""text"": """"}, {""bbox"": [34.08, 368.45, 548.05, 406.03], ""type"": ""handwritten"", ""text"": """"}, {""bbox"": [31.47, 844.1, 547.63, 887.83], ""type"": ""handwritten"", ""text"": """"}, {""bbox"": [41.29, 259.85, 544.27, 303.97], ""type"": ""handwritten"", ""text"": """"}, {""bbox"": [42.38, 223.04, 515.62, 269.94], ""type"": ""handwritten"", ""text"": """"}, {""bbox"": [31.26, 696.33, 159.17, 727.18], ""type"": ""handwritten"", ""text"": """"}, {""bbox"": [31.55, 622.21, 540.89, 657.9], ""type"": ""handwritten"", ""text"": """"}, {""bbox"": [477.42, 356.74, 530.3, 371.96], ""type"": ""handwritten"", ""text"": """"}, {""bbox"": [150.31, 1233.22, 408.54, 1280.0], ""type"": ""handwritten"", ""text"": """"}]"
555fde63-5903-5962-8976-d76559248573.jpg,"[{""bbox"": [214.91, 500.33, 1279.04, 761.71], ""type"": ""formula"", ""text"": """"}, {""bbox"": [1084.1, 240.71, 1856.4, 386.15], ""type"": ""handwritten"", ""text"": """"}, {""bbox"": [239.19, 929.17, 829.94, 1102.0], ""type"": ""formula"", ""text"": """"}, {""bbox"": [234.3, 783.9, 789.5, 923.68], ""type"": ""formula"", ""text"": """"}, {""bbox"": [132.26, 3407.25, 840.25, 3576.2], ""type"": ""handwritten"", ""text"": """"}, {""bbox"": [181.19, 1366.58, 1541.89, 1628.17], ""type"": ""formula"", ""text"": """"}, {""bbox"": [131.68, 2527.08, 1872.46, 2737.46], ""type"": ""formula"", ""text"": """"}, {""bbox"": [131.87, 2960.52, 1839.49, 3157.35], ""type"": ""formula"", ""text"": """"}, {""bbox"": [1009.7, 73.7, 1963.41, 278.79], ""type"": ""handwritten"", ""text"": """"}, {""bbox"": [119.75, 2755.68, 1383.25, 2959.33], ""type"": ""handwritten"", ""text"": """"}, {""bbox"": [54.8, 1608.95, 1296.95, 2424.22], ""type"": ""graph"", ""text"": """"}, {""bbox"": [113.27, 3181.04, 950.59, 3335.99], ""type"": ""formula"", ""text"": """"}, {""bbox"": [1336.41, 394.6, 1621.52, 525.22], ""type"": ""handwritten"", ""text"": """"}, {""bbox"": [1291.75, 1124.72, 1599.39, 1327.0], ""type"": ""handwritten"", ""text"": """"}, {""bbox"": [1194.07, 2356.97, 1532.32, 2508.18], ""type"": ""handwritten"", ""text"": """"}, {""bbox"": [703.54, 1847.07, 1261.69, 2408.74], ""type"": ""graph"", ""text"": """"}]"
5676d55d-25d9-465d-ade7-a13809091d7c.jpg,"[{""bbox"": [128.77, 138.2, 1649.43, 264.89], ""type"": ""handwritten"", ""text"": """"}, {""bbox"": [159.69, 1132.73, 1507.56, 1245.92], ""type"": ""handwritten"", ""text"": """"}, {""bbox"": [140.21, 483.33, 1531.34, 606.18], ""type"": ""handwritten"", ""text"": """"}, {""bbox"": [160.74, 595.47, 1577.44, 720.19], ""type"": ""handwritten"", ""text"": """"}, {""bbox"": [171.5, 1031.18, 1739.8, 1142.88], ""type"": ""handwritten"", ""text"": """"}, {""bbox"": [232.79, 1230.56, 1800.29, 1351.78], ""type"": ""handwritten"", ""text"": """"}, {""bbox"": [161.15, 1645.22, 1633.59, 1764.4], ""type"": ""handwritten"", ""text"": """"}, {""bbox"": [162.57, 1552.64, 1756.57, 1658.28], ""type"": ""handwritten"", ""text"": """"}, {""bbox"": [131.69, 253.58, 1223.07, 370.36], ""type"": ""handwritten"", ""text"": """"}, {""bbox"": [163.59, 708.59, 1547.09, 824.98], ""type"": ""handwritten"", ""text"": """"}, {""bbox"": [209.54, 362.25, 1399.7, 494.62], ""type"": ""handwritten"", ""text"": """"}, {""bbox"": [168.42, 922.51, 1522.49, 1036.97], ""type"": ""handwritten"", ""text"": """"}, {""bbox"": [159.98, 1440.32, 1479.39, 1562.97], ""type"": ""handwritten"", ""text"": """"}, {""bbox"": [179.64, 1955.43, 1691.18, 2065.44], ""type"": ""handwritten"", ""text"": """"}, {""bbox"": [159.08, 818.67, 1456.1, 933.63], ""type"": ""handwritten"", ""text"": """"}, {""bbox"": [303.57, 1844.62, 1724.42, 1966.59], ""type"": ""handwritten"", ""text"": """"}, {""bbox"": [182.16, 2052.6, 1702.31, 2165.87], ""type"": ""handwritten"", ""text"": """"}, {""bbox"": [145.3, 1337.89, 1656.64, 1449.09], ""type"": ""handwritten"", ""text"": """"}, {""bbox"": [161.73, 1751.18, 1767.01, 1859.81], ""type"": ""handwritten"", ""text"": """"}, {""bbox"": [187.36, 2146.77, 1546.4, 2251.91], ""type"": ""handwritten"", ""text"": """"}, {""bbox"": [0.0, 1997.71, 94.3, 2078.73], ""type"": ""handwritten"", ""text"": """"}, {""bbox"": [0.0, 1629.52, 81.22, 1697.82], ""type"": ""handwritten"", ""text"": """"}, {""bbox"": [0.0, 690.14, 66.36, 738.27], ""type"": ""handwritten"", ""text"": """"}, {""bbox"": [0.0, 1215.8, 50.32, 1275.45], ""type"": ""handwritten"", ""text"": """"}, {""bbox"": [0.0, 1109.56, 64.02, 1164.34], ""type"": ""handwritten"", ""text"": """"}]"
56d2fff8-7789-436a-bde0-66572f6198a7.jpg,"[{""bbox"": [63.49, 185.02, 426.33, 231.22], ""type"": ""handwritten"", ""text"": """"}, {""bbox"": [287.34, 404.2, 1110.82, 449.48], ""type"": ""handwritten"", ""text"": """"}, {""bbox"": [287.63, 439.69, 1106.17, 487.71], ""type"": ""handwritten"", ""text"": """"}, {""bbox"": [120.45, 77.4, 302.36, 116.07], ""type"": ""handwritten"", ""text"": """"}, {""bbox"": [504.78, 613.6, 833.0, 667.49], ""type"": ""handwritten"", ""text"": """"}, {""bbox"": [358.25, 723.19, 795.13, 784.85], ""type"": ""handwritten"", ""text"": """"}, {""bbox"": [288.92, 480.34, 828.93, 522.36], ""type"": ""handwritten"", ""text"": """"}, {""bbox"": [504.76, 658.55, 904.18, 713.0], ""type"": ""handwritten"", ""text"": """"}, {""bbox"": [73.94, 294.94, 409.69, 344.45], ""type"": ""handwritten"", ""text"": """"}, {""bbox"": [582.95, 156.01, 1057.02, 229.55], ""type"": ""handwritten"", ""text"": """"}, {""bbox"": [604.49, 220.87, 952.78, 268.3], ""type"": ""handwritten"", ""text"": """"}, {""bbox"": [547.08, 807.77, 839.3, 852.2], ""type"": ""handwritten"", ""text"": """"}, {""bbox"": [70.37, 118.2, 406.38, 166.72], ""type"": ""handwritten"", ""text"": """"}, {""bbox"": [64.78, 226.39, 411.89, 272.83], ""type"": ""handwritten"", ""text"": """"}, {""bbox"": [286.57, 509.66, 1108.74, 561.96], ""type"": ""handwritten"", ""text"": """"}, {""bbox"": [482.0, 325.7, 1118.69, 371.62], ""type"": ""handwritten"", ""text"": """"}, {""bbox"": [552.36, 844.98, 857.15, 888.04], ""type"": ""handwritten"", ""text"": """"}, {""bbox"": [156.99, 158.6, 252.86, 196.23], ""type"": ""handwritten"", ""text"": """"}, {""bbox"": [295.44, 556.39, 420.35, 598.79], ""type"": ""handwritten"", ""text"": """"}, {""bbox"": [108.28, 264.26, 269.01, 295.22], ""type"": ""handwritten"", ""text"": """"}, {""bbox"": [288.13, 364.09, 1111.9, 413.37], ""type"": ""handwritten"", ""text"": """"}, {""bbox"": [284.3, 295.74, 407.81, 342.98], ""type"": ""handwritten"", ""text"": """"}, {""bbox"": [891.84, 28.39, 1003.83, 72.57], ""type"": ""handwritten"", ""text"": """"}]"
576ee645-4900-488f-a03f-cc7364400641.jpg,"[{""bbox"": [28.57, 489.83, 535.38, 526.56], ""type"": ""handwritten"", ""text"": """"}, {""bbox"": [29.2, 212.45, 568.1, 251.25], ""type"": ""handwritten"", ""text"": """"}, {""bbox"": [29.92, 280.39, 465.67, 315.29], ""type"": ""handwritten"", ""text"": """"}, {""bbox"": [26.53, 550.02, 527.45, 580.32], ""type"": ""handwritten"", ""text"": """"}, {""bbox"": [31.51, 180.98, 571.2, 220.4], ""type"": ""handwritten"", ""text"": """"}, {""bbox"": [14.27, 726.96, 427.72, 762.96], ""type"": ""handwritten"", ""text"": """"}, {""bbox"": [30.32, 244.83, 518.17, 284.12], ""type"": ""handwritten"", ""text"": """"}, {""bbox"": [13.34, 698.05, 517.9, 736.94], ""type"": ""handwritten"", ""text"": """"}, {""bbox"": [24.53, 431.54, 420.24, 465.64], ""type"": ""handwritten"", ""text"": """"}, {""bbox"": [27.89, 306.7, 518.0, 345.46], ""type"": ""handwritten"", ""text"": """"}, {""bbox"": [15.19, 665.49, 539.87, 705.18], ""type"": ""handwritten"", ""text"": """"}, {""bbox"": [18.69, 629.54, 554.83, 673.62], ""type"": ""handwritten"", ""text"": """"}, {""bbox"": [27.32, 575.41, 570.77, 611.25], ""type"": ""handwritten"", ""text"": """"}, {""bbox"": [25.59, 339.48, 484.54, 373.97], ""type"": ""handwritten"", ""text"": """"}, {""bbox"": [24.74, 603.09, 513.72, 638.91], ""type"": ""handwritten"", ""text"": """"}, {""bbox"": [12.82, 758.02, 564.01, 800.06], ""type"": ""handwritten"", ""text"": """"}, {""bbox"": [46.7, 461.3, 245.08, 492.84], ""type"": ""handwritten"", ""text"": """"}, {""bbox"": [27.57, 369.49, 573.31, 405.74], ""type"": ""handwritten"", ""text"": """"}, {""bbox"": [27.81, 522.68, 512.91, 554.63], ""type"": ""handwritten"", ""text"": """"}, {""bbox"": [24.25, 400.38, 496.26, 434.93], ""type"": ""handwritten"", ""text"": """"}, {""bbox"": [10.56, 845.82, 467.32, 908.83], ""type"": ""handwritten"", ""text"": """"}, {""bbox"": [14.79, 820.43, 494.11, 863.17], ""type"": ""handwritten"", ""text"": """"}, {""bbox"": [11.42, 789.63, 495.74, 832.69], ""type"": ""handwritten"", ""text"": """"}, {""bbox"": [14.09, 816.64, 489.71, 894.76], ""type"": ""handwritten"", ""text"": """"}, {""bbox"": [1.6, 1141.36, 131.89, 1195.11], ""type"": ""image"", ""text"": """"}, {""bbox"": [489.62, 1044.77, 577.0, 1216.31], ""type"": ""image"", ""text"": """"}, {""bbox"": [357.19, 403.03, 493.18, 431.36], ""type"": ""handwritten"", ""text"": """"}, {""bbox"": [0.0, 1065.28, 148.81, 1209.6], ""type"": ""image"", ""text"": """"}, {""bbox"": [0.0, 1056.91, 469.67, 1280.0], ""type"": ""image"", ""text"": """"}]"
5868c5e3-c32e-4463-82fa-98ed082a98b1.jpg,"[{""bbox"": [84.45, 447.36, 845.35, 500.83], ""type"": ""handwritten"", ""text"": """"}, {""bbox"": [86.45, 172.49, 857.01, 225.28], ""type"": ""handwritten"", ""text"": """"}, {""bbox"": [93.42, 307.2, 836.63, 359.42], ""type"": ""handwritten"", ""text"": """"}, {""bbox"": [81.96, 632.7, 854.36, 683.39], ""type"": ""handwritten"", ""text"": """"}, {""bbox"": [82.4, 538.01, 841.9, 593.04], ""type"": ""handwritten"", ""text"": """"}, {""bbox"": [78.28, 723.72, 856.81, 777.02], ""type"": ""handwritten"", ""text"": """"}, {""bbox"": [147.24, 129.3, 796.62, 174.96], ""type"": ""handwritten"", ""text"": """"}, {""bbox"": [85.85, 354.35, 795.79, 407.51], ""type"": ""handwritten"", ""text"": """"}, {""bbox"": [80.61, 589.42, 772.33, 637.79], ""type"": ""handwritten"", ""text"": """"}, {""bbox"": [92.98, 862.42, 815.99, 910.74], ""type"": ""handwritten"", ""text"": """"}, {""bbox"": [85.25, 950.0, 820.39, 1001.52], ""type"": ""handwritten"", ""text"": """"}, {""bbox"": [84.08, 1042.07, 814.94, 1106.72], ""type"": ""handwritten"", ""text"": """"}, {""bbox"": [82.77, 495.7, 819.02, 543.74], ""type"": ""handwritten"", ""text"": """"}, {""bbox"": [84.94, 401.88, 769.19, 453.56], ""type"": ""handwritten"", ""text"": """"}, {""bbox"": [91.4, 906.14, 832.74, 955.87], ""type"": ""handwritten"", ""text"": """"}, {""bbox"": [96.94, 817.05, 821.26, 867.0], ""type"": ""handwritten"", ""text"": """"}, {""bbox"": [82.37, 216.98, 359.84, 268.31], ""type"": ""handwritten"", ""text"": """"}, {""bbox"": [365.33, 80.45, 643.92, 131.92], ""type"": ""handwritten"", ""text"": """"}, {""bbox"": [71.86, 679.81, 822.42, 730.35], ""type"": ""handwritten"", ""text"": """"}, {""bbox"": [142.17, 260.43, 762.5, 313.28], ""type"": ""handwritten"", ""text"": """"}, {""bbox"": [80.22, 770.98, 847.55, 823.87], ""type"": ""handwritten"", ""text"": """"}, {""bbox"": [86.42, 995.37, 858.22, 1048.49], ""type"": ""handwritten"", ""text"": """"}, {""bbox"": [83.56, 1102.7, 212.07, 1142.9], ""type"": ""handwritten"", ""text"": """"}]"
5afe97d9-b028-57d3-8d90-5bf34a9dd2aa.jpg,"[{""bbox"": [47.0, 2333.32, 1449.56, 2572.48], ""type"": ""formula"", ""text"": """"}, {""bbox"": [582.69, 1340.66, 1272.24, 1419.24], ""type"": ""formula"", ""text"": """"}, {""bbox"": [515.61, 0.01, 1085.41, 89.17], ""type"": ""handwritten"", ""text"": """"}, {""bbox"": [807.62, 857.95, 1048.49, 942.1], ""type"": ""handwritten"", ""text"": """"}, {""bbox"": [519.09, 455.03, 984.04, 570.56], ""type"": ""formula"", ""text"": """"}, {""bbox"": [520.83, 350.31, 897.57, 429.95], ""type"": ""formula"", ""text"": """"}, {""bbox"": [502.72, 717.09, 1031.99, 820.19], ""type"": ""handwritten"", ""text"": """"}, {""bbox"": [567.99, 970.82, 879.34, 1059.81], ""type"": ""handwritten"", ""text"": """"}, {""bbox"": [46.31, 2314.6, 373.87, 2421.03], ""type"": ""formula"", ""text"": """"}, {""bbox"": [24.33, 451.16, 345.26, 549.6], ""type"": ""formula"", ""text"": """"}, {""bbox"": [413.99, 573.13, 1761.89, 704.88], ""type"": ""formula"", ""text"": """"}, {""bbox"": [583.09, 1090.6, 910.85, 1177.35], ""type"": ""formula"", ""text"": """"}, {""bbox"": [593.55, 1477.13, 1048.32, 1572.13], ""type"": ""handwritten"", ""text"": """"}, {""bbox"": [757.23, 1622.72, 1016.1, 1702.2], ""type"": ""handwritten"", ""text"": """"}, {""bbox"": [491.98, 58.71, 865.49, 139.89], ""type"": ""handwritten"", ""text"": """"}, {""bbox"": [64.19, 208.08, 250.42, 280.41], ""type"": ""handwritten"", ""text"": """"}, {""bbox"": [457.67, 1192.88, 1498.6, 1293.19], ""type"": ""formula"", ""text"": """"}, {""bbox"": [21.76, 323.58, 310.75, 430.32], ""type"": ""formula"", ""text"": """"}, {""bbox"": [17.1, 1091.22, 276.07, 1189.29], ""type"": ""formula"", ""text"": """"}, {""bbox"": [12.12, 1999.5, 771.43, 2127.04], ""type"": ""formula"", ""text"": """"}, {""bbox"": [19.5, 581.87, 472.5, 651.72], ""type"": ""formula"", ""text"": """"}, {""bbox"": [390.97, 1885.74, 723.59, 1981.07], ""type"": ""formula"", ""text"": """"}, {""bbox"": [522.33, 242.22, 793.18, 323.33], ""type"": ""handwritten"", ""text"": """"}, {""bbox"": [11.94, 2138.65, 703.5, 2295.2], ""type"": ""formula"", ""text"": """"}, {""bbox"": [511.19, 125.09, 1447.45, 240.73], ""type"": ""handwritten"", ""text"": """"}, {""bbox"": [92.41, 693.91, 201.68, 766.42], ""type"": ""formula"", ""text"": """"}, {""bbox"": [23.59, 1907.81, 214.4, 1976.38], ""type"": ""formula"", ""text"": """"}, {""bbox"": [24.95, 1211.34, 543.87, 1299.84], ""type"": ""formula"", ""text"": """"}, {""bbox"": [18.51, 2173.69, 301.14, 2291.27], ""type"": ""formula"", ""text"": """"}, {""bbox"": [13.13, 1351.63, 283.03, 1451.57], ""type"": ""formula"", ""text"": """"}, {""bbox"": [613.14, 186.38, 828.22, 261.34], ""type"": ""handwritten"", ""text"": """"}, {""bbox"": [47.79, 965.63, 232.7, 1031.69], ""type"": ""handwritten"", ""text"": """"}, {""bbox"": [3.51, 186.48, 989.17, 814.94], ""type"": ""table"", ""text"": """"}, {""bbox"": [377.39, 2001.22, 768.54, 2108.74], ""type"": ""formula"", ""text"": """"}, {""bbox"": [379.33, 1754.53, 737.29, 1836.21], ""type"": ""handwritten"", ""text"": """"}, {""bbox"": [3.73, 1061.9, 1492.97, 1318.58], ""type"": ""formula"", ""text"": """"}, {""bbox"": [14.94, 2026.09, 333.27, 2122.12], ""type"": ""formula"", ""text"": """"}, {""bbox"": [370.57, 2140.62, 700.83, 2247.87], ""type"": ""formula"", ""text"": """"}, {""bbox"": [74.69, 1473.03, 211.07, 1559.17], ""type"": ""formula"", ""text"": """"}, {""bbox"": [45.79, 1753.95, 743.48, 1836.01], ""type"": ""handwritten"", ""text"": """"}, {""bbox"": [5.84, 778.07, 1604.6, 1589.58], ""type"": ""table"", ""text"": """"}, {""bbox"": [0.0, 1739.66, 763.07, 2291.48], ""type"": ""table"", ""text"": """"}]"
5c27cedd-96c8-460d-bb51-ec0343a510f6.jpg,"[{""bbox"": [110.4, 236.22, 1516.19, 310.1], ""type"": ""handwritten"", ""text"": """"}, {""bbox"": [40.77, 305.62, 1518.92, 385.36], ""type"": ""handwritten"", ""text"": """"}, {""bbox"": [50.36, 1473.83, 1560.84, 1546.58], ""type"": ""handwritten"", ""text"": """"}, {""bbox"": [105.33, 1689.98, 1520.7, 1762.19], ""type"": ""handwritten"", ""text"": """"}, {""bbox"": [106.11, 87.2, 1507.28, 169.12], ""type"": ""handwritten"", ""text"": """"}, {""bbox"": [48.94, 1409.7, 1500.68, 1482.08], ""type"": ""handwritten"", ""text"": """"}, {""bbox"": [60.29, 517.39, 1498.26, 594.84], ""type"": ""handwritten"", ""text"": """"}, {""bbox"": [48.46, 1538.73, 1524.78, 1630.93], ""type"": ""handwritten"", ""text"": """"}, {""bbox"": [38.9, 449.68, 1557.14, 520.44], ""type"": ""handwritten"", ""text"": """"}, {""bbox"": [122.9, 1345.32, 1509.52, 1416.96], ""type"": ""handwritten"", ""text"": """"}, {""bbox"": [35.77, 379.02, 1607.07, 456.81], ""type"": ""handwritten"", ""text"": """"}, {""bbox"": [64.74, 1874.36, 450.26, 1940.22], ""type"": ""handwritten"", ""text"": """"}, {""bbox"": [65.41, 647.82, 1537.21, 728.19], ""type"": ""handwritten"", ""text"": """"}, {""bbox"": [50.96, 1163.72, 1607.55, 1240.68], ""type"": ""handwritten"", ""text"": """"}, {""bbox"": [44.74, 1097.35, 1579.83, 1177.49], ""type"": ""handwritten"", ""text"": """"}, {""bbox"": [38.81, 170.15, 725.93, 247.97], ""type"": ""handwritten"", ""text"": """"}, {""bbox"": [161.36, 1021.9, 1579.63, 1113.92], ""type"": ""handwritten"", ""text"": """"}, {""bbox"": [49.04, 1753.21, 1447.39, 1836.34], ""type"": ""handwritten"", ""text"": """"}, {""bbox"": [58.22, 968.53, 636.32, 1026.34], ""type"": ""handwritten"", ""text"": """"}, {""bbox"": [62.42, 714.4, 1525.24, 796.7], ""type"": ""handwritten"", ""text"": """"}, {""bbox"": [70.37, 583.07, 1625.36, 659.56], ""type"": ""handwritten"", ""text"": """"}, {""bbox"": [73.82, 1279.55, 662.2, 1348.76], ""type"": ""handwritten"", ""text"": """"}, {""bbox"": [54.08, 905.9, 1571.46, 982.16], ""type"": ""handwritten"", ""text"": """"}, {""bbox"": [447.27, 16.56, 861.05, 102.22], ""type"": ""handwritten"", ""text"": """"}, {""bbox"": [60.64, 1227.45, 1524.58, 1305.33], ""type"": ""handwritten"", ""text"": """"}, {""bbox"": [58.19, 845.35, 1557.35, 923.9], ""type"": ""handwritten"", ""text"": """"}, {""bbox"": [61.8, 785.19, 1533.33, 872.22], ""type"": ""handwritten"", ""text"": """"}, {""bbox"": [55.92, 1629.01, 168.07, 1702.24], ""type"": ""handwritten"", ""text"": """"}, {""bbox"": [58.64, 1815.33, 1555.66, 1911.33], ""type"": ""handwritten"", ""text"": """"}]"
5d4e5854-bc1e-466e-a379-cde3d42b50e5.jpg,"[{""bbox"": [74.69, 382.96, 553.38, 425.85], ""type"": ""handwritten"", ""text"": """"}, {""bbox"": [23.63, 419.49, 505.21, 460.49], ""type"": ""handwritten"", ""text"": """"}, {""bbox"": [25.86, 292.76, 536.36, 331.4], ""type"": ""handwritten"", ""text"": """"}, {""bbox"": [24.72, 325.33, 537.46, 362.63], ""type"": ""handwritten"", ""text"": """"}, {""bbox"": [17.29, 552.55, 530.5, 593.6], ""type"": ""handwritten"", ""text"": """"}, {""bbox"": [32.01, 227.39, 545.85, 267.74], ""type"": ""handwritten"", ""text"": """"}, {""bbox"": [25.49, 258.39, 543.15, 301.38], ""type"": ""handwritten"", ""text"": """"}, {""bbox"": [21.24, 516.06, 540.33, 559.73], ""type"": ""handwritten"", ""text"": """"}, {""bbox"": [27.14, 453.23, 545.68, 495.96], ""type"": ""handwritten"", ""text"": """"}, {""bbox"": [131.41, 99.54, 479.82, 140.92], ""type"": ""handwritten"", ""text"": """"}, {""bbox"": [21.45, 484.02, 541.49, 526.86], ""type"": ""handwritten"", ""text"": """"}, {""bbox"": [38.42, 196.79, 541.99, 236.74], ""type"": ""handwritten"", ""text"": """"}, {""bbox"": [14.59, 587.96, 552.3, 627.97], ""type"": ""handwritten"", ""text"": """"}, {""bbox"": [29.05, 359.57, 171.03, 390.71], ""type"": ""handwritten"", ""text"": """"}, {""bbox"": [49.93, 719.72, 549.13, 772.66], ""type"": ""handwritten"", ""text"": """"}, {""bbox"": [7.34, 751.99, 560.17, 806.79], ""type"": ""handwritten"", ""text"": """"}, {""bbox"": [12.44, 618.75, 557.57, 662.63], ""type"": ""handwritten"", ""text"": """"}, {""bbox"": [41.67, 168.01, 539.85, 206.49], ""type"": ""handwritten"", ""text"": """"}, {""bbox"": [8.11, 653.33, 568.03, 706.81], ""type"": ""handwritten"", ""text"": """"}, {""bbox"": [3.71, 682.73, 492.26, 735.58], ""type"": ""handwritten"", ""text"": """"}, {""bbox"": [8.25, 783.88, 557.96, 848.77], ""type"": ""handwritten"", ""text"": """"}, {""bbox"": [7.65, 818.3, 550.02, 884.89], ""type"": ""handwritten"", ""text"": """"}, {""bbox"": [93.71, 136.68, 538.92, 179.44], ""type"": ""handwritten"", ""text"": """"}, {""bbox"": [130.6, 106.32, 258.75, 144.7], ""type"": ""handwritten"", ""text"": """"}, {""bbox"": [0.04, 956.56, 175.68, 974.97], ""type"": ""printed"", ""text"": """"}, {""bbox"": [279.38, 99.73, 478.43, 134.87], ""type"": ""handwritten"", ""text"": """"}, {""bbox"": [367.43, 937.76, 577.0, 1024.86], ""type"": ""image"", ""text"": """"}, {""bbox"": [3.17, 970.42, 177.14, 987.83], ""type"": ""printed"", ""text"": """"}, {""bbox"": [6.69, 983.88, 133.98, 1001.53], ""type"": ""printed"", ""text"": """"}, {""bbox"": [46.48, 137.1, 536.83, 225.96], ""type"": ""handwritten"", ""text"": """"}]"
5e1ac17d-4acd-5f47-b40b-d829cf1af6a4.jpg,"[{""bbox"": [603.07, 2675.16, 1245.2, 2941.51], ""type"": ""handwritten"", ""text"": """"}, {""bbox"": [303.14, 1310.27, 887.51, 1508.93], ""type"": ""handwritten"", ""text"": """"}, {""bbox"": [325.89, 851.56, 718.46, 1053.68], ""type"": ""handwritten"", ""text"": """"}, {""bbox"": [316.9, 38.44, 670.19, 218.85], ""type"": ""handwritten"", ""text"": """"}, {""bbox"": [324.86, 643.47, 735.51, 860.76], ""type"": ""handwritten"", ""text"": """"}, {""bbox"": [310.0, 416.36, 735.86, 630.49], ""type"": ""handwritten"", ""text"": """"}, {""bbox"": [314.11, 234.0, 720.43, 414.28], ""type"": ""handwritten"", ""text"": """"}, {""bbox"": [310.6, 1086.82, 655.53, 1291.51], ""type"": ""handwritten"", ""text"": """"}, {""bbox"": [490.78, 2004.51, 817.17, 2196.43], ""type"": ""handwritten"", ""text"": """"}, {""bbox"": [537.46, 1543.59, 862.09, 1701.02], ""type"": ""handwritten"", ""text"": """"}, {""bbox"": [526.38, 1781.55, 854.7, 1966.8], ""type"": ""handwritten"", ""text"": """"}, {""bbox"": [559.48, 2926.33, 1162.83, 3072.0], ""type"": ""handwritten"", ""text"": """"}, {""bbox"": [263.15, 2197.99, 1400.6, 2500.94], ""type"": ""handwritten"", ""text"": """"}, {""bbox"": [656.77, 2437.11, 1231.31, 2718.87], ""type"": ""handwritten"", ""text"": """"}, {""bbox"": [919.53, 2439.14, 1226.88, 2690.77], ""type"": ""handwritten"", ""text"": """"}, {""bbox"": [256.66, 2430.03, 1257.51, 2753.93], ""type"": ""handwritten"", ""text"": """"}, {""bbox"": [887.07, 2212.46, 1394.24, 2422.61], ""type"": ""handwritten"", ""text"": """"}, {""bbox"": [3934.95, 204.03, 4096.0, 355.56], ""type"": ""handwritten"", ""text"": """"}, {""bbox"": [252.37, 2509.79, 515.13, 2740.81], ""type"": ""handwritten"", ""text"": """"}, {""bbox"": [3951.66, 369.99, 4096.0, 553.03], ""type"": ""handwritten"", ""text"": """"}, {""bbox"": [3991.0, 687.13, 4096.0, 847.13], ""type"": ""handwritten"", ""text"": """"}, {""bbox"": [3981.06, 551.89, 4096.0, 685.44], ""type"": ""handwritten"", ""text"": """"}, {""bbox"": [575.95, 2772.51, 754.7, 2940.96], ""type"": ""handwritten"", ""text"": """"}, {""bbox"": [3862.62, 23.2, 4071.44, 172.09], ""type"": ""handwritten"", ""text"": """"}, {""bbox"": [3988.64, 917.97, 4096.0, 1098.06], ""type"": ""handwritten"", ""text"": """"}, {""bbox"": [305.75, 1323.3, 481.3, 1492.63], ""type"": ""handwritten"", ""text"": """"}]"
5e1e1311-7f17-44d7-bc83-59e46351864e.jpg,"[{""bbox"": [32.38, 1198.65, 1259.24, 1282.02], ""type"": ""formula"", ""text"": """"}, {""bbox"": [37.55, 1521.11, 1644.79, 1614.32], ""type"": ""handwritten"", ""text"": """"}, {""bbox"": [40.1, 1622.21, 1173.7, 1690.34], ""type"": ""handwritten"", ""text"": """"}, {""bbox"": [23.14, 260.48, 1653.63, 369.64], ""type"": ""handwritten"", ""text"": """"}, {""bbox"": [48.57, 1711.05, 762.22, 1790.59], ""type"": ""handwritten"", ""text"": """"}, {""bbox"": [31.27, 1892.54, 683.59, 1968.57], ""type"": ""handwritten"", ""text"": """"}, {""bbox"": [53.04, 1791.68, 896.89, 1884.51], ""type"": ""formula"", ""text"": """"}, {""bbox"": [30.15, 108.18, 1613.25, 197.04], ""type"": ""formula"", ""text"": """"}, {""bbox"": [53.31, 1459.1, 433.87, 1525.98], ""type"": ""formula"", ""text"": """"}, {""bbox"": [15.03, 973.11, 1610.29, 1039.65], ""type"": ""handwritten"", ""text"": """"}, {""bbox"": [17.73, 898.35, 1645.08, 983.14], ""type"": ""handwritten"", ""text"": """"}, {""bbox"": [36.58, 1373.48, 1644.07, 1501.99], ""type"": ""formula"", ""text"": """"}, {""bbox"": [18.63, 26.89, 1330.01, 105.16], ""type"": ""handwritten"", ""text"": """"}, {""bbox"": [22.71, 1028.41, 1331.13, 1095.23], ""type"": ""handwritten"", ""text"": """"}, {""bbox"": [15.59, 484.34, 1646.95, 579.48], ""type"": ""handwritten"", ""text"": """"}, {""bbox"": [43.72, 558.65, 215.82, 604.63], ""type"": ""handwritten"", ""text"": """"}, {""bbox"": [27.33, 427.44, 528.97, 492.05], ""type"": ""handwritten"", ""text"": """"}, {""bbox"": [21.28, 352.04, 1653.36, 486.06], ""type"": ""handwritten"", ""text"": """"}, {""bbox"": [1414.95, 1070.33, 1609.13, 1230.54], ""type"": ""annotation"", ""text"": """"}, {""bbox"": [35.19, 772.99, 163.82, 821.55], ""type"": ""handwritten"", ""text"": """"}, {""bbox"": [20.01, 683.51, 1629.04, 802.7], ""type"": ""handwritten"", ""text"": """"}, {""bbox"": [61.66, 1978.68, 610.28, 2072.28], ""type"": ""formula"", ""text"": """"}, {""bbox"": [18.69, 587.17, 1590.94, 686.36], ""type"": ""handwritten"", ""text"": """"}, {""bbox"": [214.81, 766.5, 486.18, 907.84], ""type"": ""annotation"", ""text"": """"}, {""bbox"": [29.41, 1109.02, 889.17, 1185.17], ""type"": ""formula"", ""text"": """"}, {""bbox"": [37.07, 1283.27, 1634.98, 1392.05], ""type"": ""formula"", ""text"": """"}, {""bbox"": [901.81, 1844.17, 1018.85, 1966.57], ""type"": ""annotation"", ""text"": """"}, {""bbox"": [983.46, 192.72, 1456.83, 303.3], ""type"": ""handwritten"", ""text"": """"}, {""bbox"": [986.39, 202.59, 1235.67, 286.05], ""type"": ""handwritten"", ""text"": """"}, {""bbox"": [1269.8, 187.31, 1457.78, 306.64], ""type"": ""annotation"", ""text"": """"}, {""bbox"": [1382.28, 200.89, 1457.49, 311.58], ""type"": ""annotation"", ""text"": """"}, {""bbox"": [1415.63, 1123.92, 1531.54, 1233.07], ""type"": ""annotation"", ""text"": """"}, {""bbox"": [1548.88, 1066.72, 1611.93, 1166.78], ""type"": ""annotation"", ""text"": """"}]"
5eabbc4e-1439-5f92-ab93-bc5416357737.jpg,"[{""bbox"": [531.23, 249.96, 3504.37, 545.2], ""type"": ""handwritten"", ""text"": """"}, {""bbox"": [351.61, 712.4, 3324.66, 984.68], ""type"": ""handwritten"", ""text"": """"}, {""bbox"": [161.9, 1390.55, 2036.43, 1655.1], ""type"": ""handwritten"", ""text"": """"}, {""bbox"": [765.63, 1500.11, 3754.14, 1862.02], ""type"": ""handwritten"", ""text"": """"}, {""bbox"": [359.15, 933.22, 3330.62, 1222.75], ""type"": ""handwritten"", ""text"": """"}, {""bbox"": [521.52, 487.97, 3510.75, 750.98], ""type"": ""handwritten"", ""text"": """"}, {""bbox"": [624.41, 1134.79, 3596.99, 1418.91], ""type"": ""handwritten"", ""text"": """"}, {""bbox"": [0.54, 2338.74, 159.11, 2504.8], ""type"": ""handwritten"", ""text"": """"}, {""bbox"": [2016.81, 690.62, 2229.55, 816.82], ""type"": ""handwritten"", ""text"": """"}, {""bbox"": [0.0, 2787.15, 207.22, 3000.0], ""type"": ""handwritten"", ""text"": """"}]"
607c9477-058c-48ff-beca-330836b5ce60.jpg,"[{""bbox"": [50.27, 240.21, 559.08, 296.9], ""type"": ""handwritten"", ""text"": """"}, {""bbox"": [141.5, 155.79, 422.86, 187.1], ""type"": ""handwritten"", ""text"": """"}, {""bbox"": [47.4, 333.2, 562.56, 408.68], ""type"": ""handwritten"", ""text"": """"}, {""bbox"": [49.85, 392.05, 557.78, 467.76], ""type"": ""handwritten"", ""text"": """"}, {""bbox"": [45.83, 368.72, 557.29, 439.0], ""type"": ""handwritten"", ""text"": """"}, {""bbox"": [58.25, 298.34, 312.35, 325.98], ""type"": ""handwritten"", ""text"": """"}, {""bbox"": [77.15, 309.03, 561.5, 372.15], ""type"": ""handwritten"", ""text"": """"}, {""bbox"": [46.77, 214.05, 548.83, 273.13], ""type"": ""handwritten"", ""text"": """"}, {""bbox"": [31.42, 567.37, 556.63, 624.88], ""type"": ""handwritten"", ""text"": """"}, {""bbox"": [46.47, 464.58, 555.65, 540.52], ""type"": ""handwritten"", ""text"": """"}, {""bbox"": [37.55, 495.15, 554.08, 570.42], ""type"": ""handwritten"", ""text"": """"}, {""bbox"": [58.01, 186.88, 550.75, 241.12], ""type"": ""handwritten"", ""text"": """"}, {""bbox"": [55.21, 260.57, 564.18, 335.83], ""type"": ""handwritten"", ""text"": """"}, {""bbox"": [153.27, 121.53, 392.49, 162.55], ""type"": ""handwritten"", ""text"": """"}, {""bbox"": [50.07, 435.09, 519.01, 499.86], ""type"": ""handwritten"", ""text"": """"}, {""bbox"": [22.98, 622.67, 543.7, 691.48], ""type"": ""handwritten"", ""text"": """"}, {""bbox"": [10.19, 750.07, 558.88, 796.0], ""type"": ""handwritten"", ""text"": """"}, {""bbox"": [16.63, 667.72, 563.33, 723.5], ""type"": ""handwritten"", ""text"": """"}, {""bbox"": [26.85, 688.55, 566.36, 742.63], ""type"": ""handwritten"", ""text"": """"}, {""bbox"": [6.82, 785.64, 256.05, 815.6], ""type"": ""handwritten"", ""text"": """"}, {""bbox"": [21.81, 721.22, 555.38, 780.42], ""type"": ""handwritten"", ""text"": """"}, {""bbox"": [34.03, 527.74, 547.69, 603.01], ""type"": ""handwritten"", ""text"": """"}, {""bbox"": [17.66, 683.45, 274.45, 719.81], ""type"": ""handwritten"", ""text"": """"}, {""bbox"": [21.62, 660.64, 274.41, 697.79], ""type"": ""handwritten"", ""text"": """"}, {""bbox"": [27.54, 589.75, 546.96, 658.97], ""type"": ""handwritten"", ""text"": """"}, {""bbox"": [57.23, 566.33, 536.38, 592.55], ""type"": ""handwritten"", ""text"": """"}, {""bbox"": [57.28, 465.94, 536.75, 500.95], ""type"": ""handwritten"", ""text"": """"}, {""bbox"": [14.31, 722.31, 272.96, 763.25], ""type"": ""handwritten"", ""text"": """"}, {""bbox"": [49.73, 351.34, 400.77, 400.66], ""type"": ""handwritten"", ""text"": """"}, {""bbox"": [137.67, 145.2, 537.37, 217.62], ""type"": ""handwritten"", ""text"": """"}, {""bbox"": [57.25, 549.74, 536.66, 576.38], ""type"": ""handwritten"", ""text"": """"}, {""bbox"": [85.98, 310.19, 559.95, 344.19], ""type"": ""handwritten"", ""text"": """"}, {""bbox"": [59.49, 268.33, 508.26, 305.53], ""type"": ""handwritten"", ""text"": """"}, {""bbox"": [14.37, 741.09, 273.5, 778.6], ""type"": ""handwritten"", ""text"": """"}, {""bbox"": [81.08, 171.64, 529.8, 213.67], ""type"": ""handwritten"", ""text"": """"}, {""bbox"": [12.66, 736.74, 397.09, 790.65], ""type"": ""handwritten"", ""text"": """"}, {""bbox"": [52.67, 199.39, 296.37, 243.2], ""type"": ""handwritten"", ""text"": """"}, {""bbox"": [294.05, 122.08, 374.95, 139.39], ""type"": ""handwritten"", ""text"": """"}, {""bbox"": [57.42, 583.17, 536.04, 611.25], ""type"": ""handwritten"", ""text"": """"}, {""bbox"": [57.12, 401.18, 536.71, 437.4], ""type"": ""handwritten"", ""text"": """"}, {""bbox"": [277.78, 675.88, 448.76, 700.32], ""type"": ""handwritten"", ""text"": """"}]"
612f55d0-2d4e-4609-abc3-067c85459e44.jpg,"[{""bbox"": [119.38, 166.82, 1399.92, 254.77], ""type"": ""handwritten"", ""text"": """"}, {""bbox"": [132.85, 1187.61, 1656.0, 1313.03], ""type"": ""handwritten"", ""text"": """"}, {""bbox"": [142.2, 1606.88, 1656.0, 1715.1], ""type"": ""handwritten"", ""text"": """"}, {""bbox"": [132.59, 1936.99, 1656.0, 2041.1], ""type"": ""handwritten"", ""text"": """"}, {""bbox"": [118.22, 90.77, 1652.14, 182.68], ""type"": ""handwritten"", ""text"": """"}, {""bbox"": [135.67, 609.52, 978.62, 688.32], ""type"": ""handwritten"", ""text"": """"}, {""bbox"": [117.65, 674.23, 1656.0, 772.8], ""type"": ""handwritten"", ""text"": """"}, {""bbox"": [144.24, 1712.48, 1656.0, 1852.89], ""type"": ""handwritten"", ""text"": """"}, {""bbox"": [144.06, 1467.32, 1517.46, 1568.14], ""type"": ""handwritten"", ""text"": """"}, {""bbox"": [104.23, 17.85, 462.44, 90.67], ""type"": ""handwritten"", ""text"": """"}, {""bbox"": [143.38, 1336.25, 1656.0, 1438.16], ""type"": ""handwritten"", ""text"": """"}, {""bbox"": [122.05, 756.25, 1655.99, 841.5], ""type"": ""handwritten"", ""text"": """"}, {""bbox"": [161.41, 2160.75, 1656.0, 2273.0], ""type"": ""handwritten"", ""text"": """"}, {""bbox"": [161.06, 2041.45, 1656.0, 2157.52], ""type"": ""handwritten"", ""text"": """"}, {""bbox"": [138.74, 1029.62, 1465.03, 1106.13], ""type"": ""handwritten"", ""text"": """"}, {""bbox"": [131.02, 521.96, 1656.0, 616.15], ""type"": ""handwritten"", ""text"": """"}, {""bbox"": [132.18, 1161.0, 791.63, 1240.77], ""type"": ""handwritten"", ""text"": """"}, {""bbox"": [122.37, 455.05, 1379.64, 543.78], ""type"": ""handwritten"", ""text"": """"}, {""bbox"": [173.67, 2274.75, 308.69, 2339.0], ""type"": ""handwritten"", ""text"": """"}, {""bbox"": [117.86, 249.04, 731.74, 336.66], ""type"": ""handwritten"", ""text"": """"}, {""bbox"": [158.88, 1100.18, 484.0, 1170.19], ""type"": ""handwritten"", ""text"": """"}, {""bbox"": [122.45, 376.22, 1625.32, 478.48], ""type"": ""handwritten"", ""text"": """"}, {""bbox"": [128.01, 826.16, 1656.0, 908.47], ""type"": ""handwritten"", ""text"": """"}, {""bbox"": [143.24, 963.22, 1654.69, 1042.28], ""type"": ""handwritten"", ""text"": """"}, {""bbox"": [132.13, 1561.9, 832.87, 1639.31], ""type"": ""handwritten"", ""text"": """"}, {""bbox"": [150.6, 1842.2, 378.3, 1916.52], ""type"": ""handwritten"", ""text"": """"}, {""bbox"": [144.6, 1312.51, 540.68, 1375.49], ""type"": ""handwritten"", ""text"": """"}, {""bbox"": [120.68, 308.32, 1339.89, 419.12], ""type"": ""handwritten"", ""text"": """"}, {""bbox"": [136.09, 1711.52, 444.05, 1778.47], ""type"": ""handwritten"", ""text"": """"}, {""bbox"": [324.83, 1892.74, 902.82, 1965.05], ""type"": ""handwritten"", ""text"": """"}, {""bbox"": [146.92, 1430.62, 705.07, 1496.79], ""type"": ""handwritten"", ""text"": """"}, {""bbox"": [133.83, 899.99, 1198.56, 978.74], ""type"": ""handwritten"", ""text"": """"}, {""bbox"": [137.21, 2040.0, 328.9, 2101.91], ""type"": ""handwritten"", ""text"": """"}, {""bbox"": [158.82, 2155.01, 368.39, 2217.89], ""type"": ""handwritten"", ""text"": """"}]"
6166f538-7510-5339-9e1d-e0b583cf449f.jpg,"[{""bbox"": [108.52, 1274.7, 1609.28, 1445.66], ""type"": ""handwritten"", ""text"": """"}, {""bbox"": [118.05, 1112.9, 1906.12, 1287.04], ""type"": ""handwritten"", ""text"": """"}, {""bbox"": [113.66, 528.24, 2024.32, 705.51], ""type"": ""handwritten"", ""text"": """"}, {""bbox"": [78.66, 1433.4, 1908.3, 1594.34], ""type"": ""handwritten"", ""text"": """"}, {""bbox"": [37.32, 1574.13, 1682.09, 1730.93], ""type"": ""handwritten"", ""text"": """"}, {""bbox"": [676.83, 951.62, 886.32, 1101.28], ""type"": ""handwritten"", ""text"": """"}, {""bbox"": [648.57, 116.51, 1970.9, 307.69], ""type"": ""handwritten"", ""text"": """"}, {""bbox"": [97.43, 831.14, 1043.17, 989.47], ""type"": ""handwritten"", ""text"": """"}, {""bbox"": [451.65, 247.71, 1661.42, 458.97], ""type"": ""handwritten"", ""text"": """"}, {""bbox"": [103.71, 689.59, 2360.67, 864.19], ""type"": ""handwritten"", ""text"": """"}, {""bbox"": [781.66, 378.62, 1030.71, 538.79], ""type"": ""handwritten"", ""text"": """"}, {""bbox"": [337.99, 395.35, 1036.68, 554.75], ""type"": ""handwritten"", ""text"": """"}, {""bbox"": [333.88, 472.24, 1017.03, 559.83], ""type"": ""handwritten"", ""text"": """"}, {""bbox"": [2946.68, 4.26, 3264.0, 858.36], ""type"": ""image"", ""text"": """"}, {""bbox"": [339.22, 476.43, 681.98, 558.25], ""type"": ""handwritten"", ""text"": """"}, {""bbox"": [2559.45, 1212.38, 3264.0, 1836.0], ""type"": ""image"", ""text"": """"}]"
630393d4-b357-4251-bb2f-6d6fb3499c3f.jpg,"[{""bbox"": [49.17, 398.83, 1739.55, 1615.45], ""type"": ""table"", ""text"": """"}, {""bbox"": [99.99, 3.3, 1760.15, 128.49], ""type"": ""handwritten"", ""text"": """"}, {""bbox"": [112.93, 286.67, 1742.51, 406.84], ""type"": ""handwritten"", ""text"": """"}, {""bbox"": [528.99, 138.32, 1013.31, 300.79], ""type"": ""handwritten"", ""text"": """"}, {""bbox"": [345.0, 1715.96, 692.47, 2045.96], ""type"": ""image"", ""text"": """"}, {""bbox"": [756.4, 1748.74, 1447.62, 1829.61], ""type"": ""handwritten"", ""text"": """"}, {""bbox"": [743.22, 1669.46, 1461.43, 1767.46], ""type"": ""handwritten"", ""text"": """"}, {""bbox"": [339.37, 1559.25, 1441.61, 1708.7], ""type"": ""handwritten"", ""text"": """"}, {""bbox"": [1700.09, 98.06, 1810.2, 247.94], ""type"": ""annotation"", ""text"": """"}, {""bbox"": [683.66, 1239.21, 1120.56, 1339.87], ""type"": ""handwritten"", ""text"": """"}, {""bbox"": [279.58, 1066.2, 1167.8, 1135.74], ""type"": ""handwritten"", ""text"": """"}, {""bbox"": [637.71, 229.28, 992.24, 294.19], ""type"": ""handwritten"", ""text"": """"}, {""bbox"": [265.35, 1463.94, 1320.16, 1546.8], ""type"": ""handwritten"", ""text"": """"}, {""bbox"": [615.18, 1354.33, 1011.93, 1426.6], ""type"": ""handwritten"", ""text"": """"}, {""bbox"": [274.67, 1132.99, 1215.68, 1192.74], ""type"": ""handwritten"", ""text"": """"}, {""bbox"": [265.04, 1413.47, 1373.63, 1515.69], ""type"": ""handwritten"", ""text"": """"}]"
6440b626-9bee-5f44-9dac-951de7044424.jpg,"[{""bbox"": [267.07, 953.53, 1283.25, 1253.96], ""type"": ""formula"", ""text"": """"}, {""bbox"": [383.83, 3698.17, 2763.27, 3904.56], ""type"": ""formula"", ""text"": """"}, {""bbox"": [494.71, 543.0, 1309.56, 734.48], ""type"": ""formula"", ""text"": """"}, {""bbox"": [357.82, 3342.8, 1248.17, 3522.68], ""type"": ""formula"", ""text"": """"}, {""bbox"": [388.58, 739.17, 1798.01, 953.22], ""type"": ""formula"", ""text"": """"}, {""bbox"": [311.44, 3154.29, 1569.95, 3351.64], ""type"": ""handwritten"", ""text"": """"}, {""bbox"": [412.8, 2181.4, 1081.36, 2391.92], ""type"": ""formula"", ""text"": """"}, {""bbox"": [417.09, 2003.57, 1150.55, 2181.41], ""type"": ""formula"", ""text"": """"}, {""bbox"": [373.81, 3518.02, 1065.81, 3703.35], ""type"": ""formula"", ""text"": """"}, {""bbox"": [305.84, 1636.55, 1598.59, 1832.84], ""type"": ""handwritten"", ""text"": """"}, {""bbox"": [139.44, 170.03, 1345.68, 376.15], ""type"": ""formula"", ""text"": """"}, {""bbox"": [406.42, 1817.37, 1397.38, 2019.69], ""type"": ""formula"", ""text"": """"}, {""bbox"": [229.41, 340.76, 1618.44, 572.81], ""type"": ""handwritten"", ""text"": """"}, {""bbox"": [241.51, 2376.69, 1399.42, 2595.9], ""type"": ""formula"", ""text"": """"}, {""bbox"": [1210.56, 2791.78, 1564.84, 2939.8], ""type"": ""formula"", ""text"": """"}, {""bbox"": [262.3, 2959.94, 1438.12, 3180.68], ""type"": ""formula"", ""text"": """"}, {""bbox"": [457.8, 2808.46, 935.27, 2953.8], ""type"": ""formula"", ""text"": """"}, {""bbox"": [191.74, 1429.03, 1575.45, 1639.28], ""type"": ""formula"", ""text"": """"}, {""bbox"": [1705.39, 3482.52, 2695.54, 3696.36], ""type"": ""formula"", ""text"": """"}, {""bbox"": [1102.01, 2588.45, 1616.11, 2759.5], ""type"": ""formula"", ""text"": """"}, {""bbox"": [443.29, 2616.23, 894.18, 2771.66], ""type"": ""formula"", ""text"": """"}, {""bbox"": [453.28, 2791.92, 1574.75, 2953.79], ""type"": ""formula"", ""text"": """"}, {""bbox"": [440.56, 2587.84, 1620.44, 2775.2], ""type"": ""formula"", ""text"": """"}, {""bbox"": [450.88, 1234.13, 2771.68, 1494.72], ""type"": ""formula"", ""text"": """"}, {""bbox"": [384.19, 3696.09, 1423.49, 3896.54], ""type"": ""formula"", ""text"": """"}, {""bbox"": [1562.55, 3706.08, 2759.14, 3899.29], ""type"": ""formula"", ""text"": """"}, {""bbox"": [2289.65, 3706.79, 2761.4, 3894.1], ""type"": ""formula"", ""text"": """"}, {""bbox"": [1589.52, 3725.26, 2122.86, 3898.83], ""type"": ""formula"", ""text"": """"}, {""bbox"": [2451.79, 1372.17, 2771.89, 1506.57], ""type"": ""formula"", ""text"": """"}, {""bbox"": [1709.99, 3522.74, 2104.73, 3687.72], ""type"": ""formula"", ""text"": """"}]"
64722ae2-0be0-4440-8eb3-c8e5fadb12fd.jpg,"[{""bbox"": [290.09, 507.53, 649.21, 576.42], ""type"": ""handwritten"", ""text"": """"}, {""bbox"": [221.45, 567.74, 655.91, 631.59], ""type"": ""handwritten"", ""text"": """"}, {""bbox"": [317.63, 354.76, 666.39, 396.16], ""type"": ""handwritten"", ""text"": """"}, {""bbox"": [62.58, 117.96, 916.47, 173.05], ""type"": ""handwritten"", ""text"": """"}, {""bbox"": [292.1, 232.24, 862.01, 287.46], ""type"": ""handwritten"", ""text"": """"}, {""bbox"": [71.01, 182.06, 378.5, 213.67], ""type"": ""handwritten"", ""text"": """"}, {""bbox"": [497.17, 302.24, 708.29, 350.08], ""type"": ""handwritten"", ""text"": """"}, {""bbox"": [438.18, 408.04, 855.53, 459.31], ""type"": ""handwritten"", ""text"": """"}, {""bbox"": [292.68, 622.41, 662.46, 686.75], ""type"": ""handwritten"", ""text"": """"}]"
658ab1b3-78f1-4f61-8e03-126556558f3e.jpg,"[{""bbox"": [171.66, 754.75, 964.4, 870.15], ""type"": ""formula"", ""text"": """"}, {""bbox"": [175.54, 870.37, 1194.33, 988.46], ""type"": ""formula"", ""text"": """"}, {""bbox"": [192.16, 1018.84, 827.49, 1136.61], ""type"": ""formula"", ""text"": """"}, {""bbox"": [225.51, 1247.28, 1531.82, 1346.13], ""type"": ""formula"", ""text"": """"}, {""bbox"": [48.71, 632.5, 790.0, 743.72], ""type"": ""formula"", ""text"": """"}, {""bbox"": [209.19, 1141.57, 851.07, 1241.33], ""type"": ""formula"", ""text"": """"}, {""bbox"": [4.64, 115.0, 274.31, 191.11], ""type"": ""handwritten"", ""text"": """"}, {""bbox"": [49.39, 561.11, 88.49, 611.44], ""type"": ""handwritten"", ""text"": """"}, {""bbox"": [11.95, 387.25, 204.66, 473.37], ""type"": ""handwritten"", ""text"": """"}, {""bbox"": [53.68, 46.91, 288.15, 96.07], ""type"": ""handwritten"", ""text"": """"}, {""bbox"": [259.63, 1786.02, 649.95, 1902.89], ""type"": ""handwritten"", ""text"": """"}, {""bbox"": [372.17, 43.21, 525.72, 150.34], ""type"": ""formula"", ""text"": """"}, {""bbox"": [196.24, 1699.59, 241.8, 1759.26], ""type"": ""handwritten"", ""text"": """"}, {""bbox"": [1326.58, 637.5, 1421.86, 764.25], ""type"": ""annotation"", ""text"": """"}, {""bbox"": [16.39, 235.8, 257.64, 296.86], ""type"": ""handwritten"", ""text"": """"}, {""bbox"": [112.21, 84.66, 319.33, 145.39], ""type"": ""handwritten"", ""text"": """"}, {""bbox"": [6.66, 195.67, 300.06, 270.49], ""type"": ""formula"", ""text"": """"}, {""bbox"": [1177.71, 631.42, 1421.27, 758.86], ""type"": ""handwritten"", ""text"": """"}, {""bbox"": [6.71, 45.79, 310.05, 475.15], ""type"": ""graph"", ""text"": """"}, {""bbox"": [48.48, 631.65, 114.57, 700.06], ""type"": ""handwritten"", ""text"": """"}, {""bbox"": [377.23, 93.13, 455.65, 138.27], ""type"": ""formula"", ""text"": """"}, {""bbox"": [733.16, 1657.93, 787.02, 1740.36], ""type"": ""annotation"", ""text"": """"}]"
65b3b7b6-9db2-4a89-bd82-30cc6842318e.jpg,"[{""bbox"": [27.6, 171.51, 1304.41, 280.19], ""type"": ""handwritten"", ""text"": """"}, {""bbox"": [52.97, 804.6, 1332.11, 918.97], ""type"": ""handwritten"", ""text"": """"}, {""bbox"": [33.9, 268.07, 1312.46, 366.99], ""type"": ""handwritten"", ""text"": """"}, {""bbox"": [62.65, 625.95, 1313.62, 731.77], ""type"": ""handwritten"", ""text"": """"}, {""bbox"": [40.74, 360.41, 1315.79, 465.54], ""type"": ""handwritten"", ""text"": """"}, {""bbox"": [42.41, 453.79, 1314.57, 558.59], ""type"": ""handwritten"", ""text"": """"}, {""bbox"": [72.08, 1797.18, 1360.58, 1903.88], ""type"": ""handwritten"", ""text"": """"}, {""bbox"": [52.06, 532.32, 1328.92, 649.69], ""type"": ""handwritten"", ""text"": """"}, {""bbox"": [55.6, 901.0, 1340.45, 1010.56], ""type"": ""handwritten"", ""text"": """"}, {""bbox"": [70.17, 1888.43, 1353.38, 2021.87], ""type"": ""handwritten"", ""text"": """"}, {""bbox"": [50.77, 720.47, 1326.66, 826.87], ""type"": ""handwritten"", ""text"": """"}, {""bbox"": [49.9, 1427.41, 1355.76, 1553.78], ""type"": ""handwritten"", ""text"": """"}, {""bbox"": [57.73, 990.67, 1339.71, 1106.73], ""type"": ""handwritten"", ""text"": """"}, {""bbox"": [54.68, 1161.37, 1351.71, 1296.38], ""type"": ""handwritten"", ""text"": """"}, {""bbox"": [37.97, 1513.27, 1360.24, 1663.24], ""type"": ""handwritten"", ""text"": """"}, {""bbox"": [53.62, 1603.91, 1350.09, 1758.32], ""type"": ""handwritten"", ""text"": """"}, {""bbox"": [57.61, 1243.83, 1342.49, 1399.72], ""type"": ""handwritten"", ""text"": """"}, {""bbox"": [53.42, 1341.48, 1341.46, 1473.2], ""type"": ""handwritten"", ""text"": """"}, {""bbox"": [71.52, 1706.37, 1358.48, 1828.19], ""type"": ""handwritten"", ""text"": """"}, {""bbox"": [52.05, 1077.48, 1350.79, 1203.42], ""type"": ""handwritten"", ""text"": """"}, {""bbox"": [1066.53, 77.54, 1171.54, 172.73], ""type"": ""handwritten"", ""text"": """"}]"
65fd757d-857d-53dc-8c51-f875a2553497.jpg,"[{""bbox"": [158.13, 2123.14, 1738.68, 2537.21], ""type"": ""table"", ""text"": """"}, {""bbox"": [1120.17, 189.62, 2121.9, 499.65], ""type"": ""handwritten"", ""text"": """"}, {""bbox"": [1528.33, 879.79, 2285.51, 1258.21], ""type"": ""table"", ""text"": """"}, {""bbox"": [241.05, 1585.99, 1674.21, 1767.97], ""type"": ""formula"", ""text"": """"}, {""bbox"": [1566.21, 655.49, 1890.52, 841.8], ""type"": ""handwritten"", ""text"": """"}, {""bbox"": [186.2, 871.77, 1235.62, 1256.23], ""type"": ""table"", ""text"": """"}, {""bbox"": [1243.98, 1726.25, 1543.88, 1905.41], ""type"": ""handwritten"", ""text"": """"}, {""bbox"": [1184.23, 425.81, 2351.36, 701.49], ""type"": ""handwritten"", ""text"": """"}, {""bbox"": [181.94, 1378.31, 1558.73, 1563.56], ""type"": ""formula"", ""text"": """"}, {""bbox"": [1470.24, 3777.76, 1819.34, 3999.52], ""type"": ""handwritten"", ""text"": """"}, {""bbox"": [169.64, 1953.36, 1294.35, 2110.71], ""type"": ""formula"", ""text"": """"}, {""bbox"": [1482.79, 3882.87, 1797.92, 3992.58], ""type"": ""formula"", ""text"": """"}]"
66b9b5aa-1b36-4adc-9312-6c36328421c0.jpg,"[{""bbox"": [14.35, 10.49, 624.5, 87.2], ""type"": ""handwritten"", ""text"": """"}, {""bbox"": [2.02, 306.14, 1508.28, 487.0], ""type"": ""handwritten"", ""text"": """"}, {""bbox"": [0.4, 191.32, 1530.45, 311.0], ""type"": ""handwritten"", ""text"": """"}, {""bbox"": [0.17, 435.89, 1607.91, 624.9], ""type"": ""handwritten"", ""text"": """"}, {""bbox"": [0.21, 904.09, 1574.52, 1107.35], ""type"": ""handwritten"", ""text"": """"}, {""bbox"": [0.07, 133.11, 1568.38, 219.59], ""type"": ""handwritten"", ""text"": """"}, {""bbox"": [0.11, 540.82, 1595.48, 745.41], ""type"": ""handwritten"", ""text"": """"}, {""bbox"": [5.16, 79.08, 1565.37, 156.22], ""type"": ""handwritten"", ""text"": """"}, {""bbox"": [0.51, 230.56, 404.71, 326.04], ""type"": ""handwritten"", ""text"": """"}, {""bbox"": [0.0, 583.84, 1584.88, 777.77], ""type"": ""handwritten"", ""text"": """"}, {""bbox"": [0.6, 779.41, 1615.08, 975.9], ""type"": ""handwritten"", ""text"": """"}, {""bbox"": [0.0, 667.87, 1614.8, 886.71], ""type"": ""handwritten"", ""text"": """"}, {""bbox"": [0.0, 1047.24, 1592.87, 1263.86], ""type"": ""handwritten"", ""text"": """"}, {""bbox"": [0.27, 1150.25, 1607.99, 1367.74], ""type"": ""handwritten"", ""text"": """"}, {""bbox"": [3.67, 1231.84, 1615.94, 1506.52], ""type"": ""handwritten"", ""text"": """"}, {""bbox"": [0.04, 365.34, 1504.78, 539.63], ""type"": ""handwritten"", ""text"": """"}, {""bbox"": [0.0, 1377.9, 1618.39, 1557.54], ""type"": ""handwritten"", ""text"": """"}, {""bbox"": [0.0, 961.3, 1575.2, 1189.32], ""type"": ""handwritten"", ""text"": """"}, {""bbox"": [1.28, 1418.29, 815.6, 1539.0], ""type"": ""handwritten"", ""text"": """"}, {""bbox"": [41.8, 2169.06, 371.78, 2259.65], ""type"": ""annotation"", ""text"": """"}, {""bbox"": [0.11, 84.36, 1425.88, 209.77], ""type"": ""handwritten"", ""text"": """"}]"
6715d395-b045-4401-8e97-03b97582a825.jpg,"[{""bbox"": [84.56, 108.97, 1930.71, 633.24], ""type"": ""table"", ""text"": """"}, {""bbox"": [145.65, 939.96, 1847.98, 1089.36], ""type"": ""handwritten"", ""text"": """"}, {""bbox"": [122.92, 1130.82, 1023.17, 2053.79], ""type"": ""table"", ""text"": """"}, {""bbox"": [41.2, 2092.45, 746.74, 2226.99], ""type"": ""formula"", ""text"": """"}, {""bbox"": [144.92, 1078.67, 709.23, 1156.08], ""type"": ""handwritten"", ""text"": """"}, {""bbox"": [166.93, 809.1, 1471.14, 958.77], ""type"": ""formula"", ""text"": """"}, {""bbox"": [51.75, 2461.29, 717.7, 2573.95], ""type"": ""formula"", ""text"": """"}, {""bbox"": [749.79, 2333.89, 1545.7, 2458.87], ""type"": ""formula"", ""text"": """"}, {""bbox"": [46.83, 2445.81, 1539.4, 2582.68], ""type"": ""formula"", ""text"": """"}, {""bbox"": [1273.73, 2045.07, 1903.67, 2167.47], ""type"": ""handwritten"", ""text"": """"}, {""bbox"": [148.25, 672.33, 1268.82, 805.93], ""type"": ""formula"", ""text"": """"}, {""bbox"": [52.28, 2333.81, 701.56, 2461.68], ""type"": ""formula"", ""text"": """"}, {""bbox"": [50.75, 2332.88, 1546.74, 2459.07], ""type"": ""formula"", ""text"": """"}, {""bbox"": [50.06, 2216.08, 1470.59, 2330.9], ""type"": ""formula"", ""text"": """"}, {""bbox"": [50.16, 2570.0, 673.09, 2665.68], ""type"": ""formula"", ""text"": """"}, {""bbox"": [75.49, 65.27, 234.54, 147.71], ""type"": ""annotation"", ""text"": """"}, {""bbox"": [94.02, 1155.4, 911.16, 1263.68], ""type"": ""handwritten"", ""text"": """"}, {""bbox"": [132.66, 1137.53, 1888.92, 2077.4], ""type"": ""table"", ""text"": """"}, {""bbox"": [745.38, 2441.09, 1524.1, 2577.51], ""type"": ""formula"", ""text"": """"}, {""bbox"": [142.51, 556.14, 1256.89, 678.06], ""type"": ""formula"", ""text"": """"}, {""bbox"": [56.23, 2665.93, 635.87, 2768.54], ""type"": ""formula"", ""text"": """"}, {""bbox"": [749.56, 2220.52, 1451.55, 2327.24], ""type"": ""formula"", ""text"": """"}, {""bbox"": [51.43, 2222.77, 738.1, 2331.4], ""type"": ""formula"", ""text"": """"}, {""bbox"": [728.89, 2573.65, 1509.73, 2764.12], ""type"": ""formula"", ""text"": """"}, {""bbox"": [1450.42, 2143.41, 1927.5, 2245.01], ""type"": ""formula"", ""text"": """"}, {""bbox"": [821.59, 1795.97, 934.05, 1857.78], ""type"": ""handwritten"", ""text"": """"}, {""bbox"": [745.43, 2680.98, 1459.0, 2760.01], ""type"": ""formula"", ""text"": """"}, {""bbox"": [1784.34, 2624.05, 1918.07, 2736.03], ""type"": ""annotation"", ""text"": """"}, {""bbox"": [49.16, 2568.89, 1525.86, 2764.55], ""type"": ""formula"", ""text"": """"}, {""bbox"": [804.25, 1866.15, 935.05, 1951.79], ""type"": ""handwritten"", ""text"": """"}, {""bbox"": [881.23, 1422.61, 979.14, 1480.06], ""type"": ""handwritten"", ""text"": """"}, {""bbox"": [899.98, 1265.27, 1009.11, 1342.55], ""type"": ""handwritten"", ""text"": """"}, {""bbox"": [47.97, 2740.92, 639.58, 2778.0], ""type"": ""formula"", ""text"": """"}, {""bbox"": [838.59, 1728.45, 937.66, 1783.62], ""type"": ""handwritten"", ""text"": """"}]"
683bd345-fc09-5bf0-8c84-33947ff393cb.jpg,"[{""bbox"": [1468.94, 857.13, 3148.85, 1019.66], ""type"": ""formula"", ""text"": """"}, {""bbox"": [1374.18, 1411.62, 2842.91, 1638.92], ""type"": ""formula"", ""text"": """"}, {""bbox"": [682.94, 174.73, 1189.14, 300.99], ""type"": ""handwritten"", ""text"": """"}, {""bbox"": [786.43, 302.06, 1129.33, 454.44], ""type"": ""formula"", ""text"": """"}, {""bbox"": [1626.01, 316.3, 2138.93, 481.35], ""type"": ""handwritten"", ""text"": """"}, {""bbox"": [1409.67, 1215.79, 2674.15, 1373.1], ""type"": ""formula"", ""text"": """"}, {""bbox"": [1530.88, 693.15, 2429.97, 844.24], ""type"": ""formula"", ""text"": """"}, {""bbox"": [690.33, 494.52, 1314.92, 687.95], ""type"": ""formula"", ""text"": """"}, {""bbox"": [1523.01, 492.05, 3126.68, 657.61], ""type"": ""formula"", ""text"": """"}, {""bbox"": [1437.94, 1033.12, 2058.91, 1190.24], ""type"": ""formula"", ""text"": """"}, {""bbox"": [689.53, 676.36, 1256.24, 854.68], ""type"": ""formula"", ""text"": """"}, {""bbox"": [659.22, 847.19, 1294.22, 1004.92], ""type"": ""formula"", ""text"": """"}, {""bbox"": [509.78, 1740.57, 1163.72, 1991.63], ""type"": ""formula"", ""text"": """"}, {""bbox"": [1405.95, 1751.8, 1855.02, 1939.98], ""type"": ""formula"", ""text"": """"}, {""bbox"": [1380.53, 1642.07, 1858.5, 1763.85], ""type"": ""formula"", ""text"": """"}, {""bbox"": [714.94, 1029.58, 959.57, 1168.06], ""type"": ""formula"", ""text"": """"}, {""bbox"": [504.84, 1726.94, 1882.53, 1995.19], ""type"": ""formula"", ""text"": """"}, {""bbox"": [620.72, 478.5, 3131.74, 710.9], ""type"": ""formula"", ""text"": """"}]"
683ff306-c9f9-407e-a540-ae4a72a3cd70.jpg,"[{""bbox"": [39.32, 345.49, 527.96, 417.67], ""type"": ""handwritten"", ""text"": """"}, {""bbox"": [55.34, 398.72, 344.58, 447.83], ""type"": ""handwritten"", ""text"": """"}, {""bbox"": [0.11, 530.06, 44.31, 552.85], ""type"": ""handwritten"", ""text"": """"}, {""bbox"": [149.99, 345.4, 195.99, 366.04], ""type"": ""handwritten"", ""text"": """"}, {""bbox"": [0.0, 560.79, 45.98, 582.95], ""type"": ""handwritten"", ""text"": """"}, {""bbox"": [0.28, 497.13, 50.04, 518.61], ""type"": ""handwritten"", ""text"": """"}, {""bbox"": [0.11, 390.05, 41.08, 419.98], ""type"": ""handwritten"", ""text"": """"}, {""bbox"": [0.0, 650.01, 34.11, 677.07], ""type"": ""handwritten"", ""text"": """"}]"
6bb9e272-5066-4753-98fb-e81a817ce158.jpg,"[{""bbox"": [39.71, 1096.77, 1626.62, 1169.24], ""type"": ""handwritten"", ""text"": """"}, {""bbox"": [50.62, 1466.42, 1602.69, 1541.55], ""type"": ""handwritten"", ""text"": """"}, {""bbox"": [17.91, 453.4, 1593.9, 526.99], ""type"": ""handwritten"", ""text"": """"}, {""bbox"": [180.02, 1208.77, 1603.44, 1290.53], ""type"": ""handwritten"", ""text"": """"}, {""bbox"": [174.98, 1035.65, 1644.89, 1110.7], ""type"": ""handwritten"", ""text"": """"}, {""bbox"": [48.37, 1277.58, 1624.84, 1357.88], ""type"": ""handwritten"", ""text"": """"}, {""bbox"": [48.36, 1530.24, 1130.43, 1609.06], ""type"": ""handwritten"", ""text"": """"}, {""bbox"": [171.92, 1403.1, 1635.47, 1478.92], ""type"": ""handwritten"", ""text"": """"}, {""bbox"": [88.94, 334.27, 1638.19, 403.64], ""type"": ""handwritten"", ""text"": """"}, {""bbox"": [39.21, 67.25, 1627.87, 146.57], ""type"": ""handwritten"", ""text"": """"}, {""bbox"": [56.79, 1668.33, 1587.57, 1741.05], ""type"": ""handwritten"", ""text"": """"}, {""bbox"": [61.27, 983.64, 327.89, 1062.52], ""type"": ""handwritten"", ""text"": """"}, {""bbox"": [37.77, 7.05, 1611.08, 79.26], ""type"": ""handwritten"", ""text"": """"}, {""bbox"": [17.59, 393.22, 1644.82, 464.16], ""type"": ""handwritten"", ""text"": """"}, {""bbox"": [39.57, 135.55, 1623.6, 213.29], ""type"": ""handwritten"", ""text"": """"}, {""bbox"": [168.07, 1601.95, 1610.72, 1681.27], ""type"": ""handwritten"", ""text"": """"}, {""bbox"": [45.94, 1159.25, 556.72, 1229.26], ""type"": ""handwritten"", ""text"": """"}, {""bbox"": [34.75, 264.17, 1585.27, 336.74], ""type"": ""handwritten"", ""text"": """"}, {""bbox"": [748.79, 868.77, 859.24, 934.27], ""type"": ""handwritten"", ""text"": """"}, {""bbox"": [61.62, 1727.77, 765.8, 1797.7], ""type"": ""handwritten"", ""text"": """"}, {""bbox"": [766.29, 789.69, 857.25, 855.03], ""type"": ""handwritten"", ""text"": """"}, {""bbox"": [120.88, 570.65, 501.3, 660.39], ""type"": ""handwritten"", ""text"": """"}, {""bbox"": [395.61, 726.1, 490.67, 786.05], ""type"": ""handwritten"", ""text"": """"}, {""bbox"": [772.77, 703.97, 867.73, 763.37], ""type"": ""handwritten"", ""text"": """"}, {""bbox"": [35.96, 203.1, 1634.31, 278.69], ""type"": ""handwritten"", ""text"": """"}, {""bbox"": [394.05, 806.82, 486.9, 862.46], ""type"": ""handwritten"", ""text"": """"}, {""bbox"": [55.9, 1352.61, 299.6, 1407.25], ""type"": ""handwritten"", ""text"": """"}, {""bbox"": [393.65, 641.05, 500.91, 709.55], ""type"": ""handwritten"", ""text"": """"}, {""bbox"": [13.26, 516.34, 169.16, 580.81], ""type"": ""handwritten"", ""text"": """"}, {""bbox"": [112.7, 556.16, 888.18, 948.31], ""type"": ""table"", ""text"": """"}, {""bbox"": [773.62, 567.03, 860.94, 627.55], ""type"": ""handwritten"", ""text"": """"}, {""bbox"": [418.43, 0.05, 625.14, 27.14], ""type"": ""handwritten"", ""text"": """"}, {""bbox"": [770.74, 631.26, 866.39, 699.63], ""type"": ""handwritten"", ""text"": """"}, {""bbox"": [390.34, 882.38, 487.71, 943.97], ""type"": ""handwritten"", ""text"": """"}, {""bbox"": [1048.61, 2009.52, 1322.41, 2071.01], ""type"": ""annotation"", ""text"": """"}, {""bbox"": [1137.09, 1750.68, 1240.48, 1829.11], ""type"": ""annotation"", ""text"": """"}, {""bbox"": [48.1, 1349.68, 1618.24, 1408.73], ""type"": ""handwritten"", ""text"": """"}, {""bbox"": [1356.82, 2018.12, 1395.76, 2090.95], ""type"": ""annotation"", ""text"": """"}, {""bbox"": [1002.31, 876.1, 1093.7, 942.31], ""type"": ""annotation"", ""text"": """"}, {""bbox"": [1048.02, 2006.71, 1399.26, 2095.49], ""type"": ""annotation"", ""text"": """"}]"
6c0e528e-f37f-4a88-932d-d36d870582c5.jpg,"[{""bbox"": [311.81, 1036.11, 2765.44, 1212.27], ""type"": ""handwritten"", ""text"": """"}, {""bbox"": [136.71, 3183.77, 792.23, 3335.03], ""type"": ""handwritten"", ""text"": """"}, {""bbox"": [186.96, 899.5, 959.89, 1043.85], ""type"": ""handwritten"", ""text"": """"}, {""bbox"": [153.5, 3449.82, 2361.92, 3638.44], ""type"": ""handwritten"", ""text"": """"}, {""bbox"": [152.15, 1395.09, 2792.67, 1562.21], ""type"": ""handwritten"", ""text"": """"}, {""bbox"": [151.0, 76.59, 1021.25, 232.69], ""type"": ""handwritten"", ""text"": """"}, {""bbox"": [124.95, 1557.12, 2861.5, 1777.24], ""type"": ""handwritten"", ""text"": """"}, {""bbox"": [264.33, 3306.01, 2745.96, 3485.0], ""type"": ""handwritten"", ""text"": """"}, {""bbox"": [130.97, 1201.04, 2768.21, 1369.72], ""type"": ""handwritten"", ""text"": """"}, {""bbox"": [247.53, 2439.56, 2843.48, 2660.86], ""type"": ""handwritten"", ""text"": """"}, {""bbox"": [205.05, 508.11, 2742.14, 718.07], ""type"": ""handwritten"", ""text"": """"}, {""bbox"": [183.0, 3848.01, 2766.43, 3999.7], ""type"": ""handwritten"", ""text"": """"}, {""bbox"": [119.18, 1899.94, 2655.16, 2148.37], ""type"": ""handwritten"", ""text"": """"}, {""bbox"": [257.72, 1740.67, 2759.56, 1954.41], ""type"": ""handwritten"", ""text"": """"}, {""bbox"": [189.93, 682.8, 2556.39, 869.86], ""type"": ""handwritten"", ""text"": """"}, {""bbox"": [130.83, 2931.17, 2686.46, 3183.35], ""type"": ""handwritten"", ""text"": """"}, {""bbox"": [133.69, 2290.67, 1229.82, 2468.38], ""type"": ""handwritten"", ""text"": """"}, {""bbox"": [133.0, 2582.26, 2801.8, 2861.99], ""type"": ""handwritten"", ""text"": """"}, {""bbox"": [974.28, 353.53, 1363.68, 500.18], ""type"": ""handwritten"", ""text"": """"}, {""bbox"": [124.9, 2741.09, 2831.81, 2983.26], ""type"": ""handwritten"", ""text"": """"}, {""bbox"": [122.42, 2076.1, 2765.93, 2316.84], ""type"": ""handwritten"", ""text"": """"}, {""bbox"": [174.55, 3721.27, 2859.14, 3945.77], ""type"": ""handwritten"", ""text"": """"}, {""bbox"": [280.83, 3586.77, 2794.48, 3795.73], ""type"": ""handwritten"", ""text"": """"}]"
722f3510-1231-5e82-8803-a5bd9658337f.jpg,"[{""bbox"": [278.41, 884.55, 1692.89, 1028.53], ""type"": ""handwritten"", ""text"": """"}, {""bbox"": [267.85, 718.54, 1612.48, 913.09], ""type"": ""handwritten"", ""text"": """"}, {""bbox"": [272.43, 1777.58, 1162.08, 1913.89], ""type"": ""handwritten"", ""text"": """"}, {""bbox"": [226.7, 1406.37, 1533.25, 1559.27], ""type"": ""handwritten"", ""text"": """"}, {""bbox"": [260.28, 1889.97, 1279.92, 2023.97], ""type"": ""handwritten"", ""text"": """"}, {""bbox"": [277.65, 1009.89, 1712.36, 1143.81], ""type"": ""handwritten"", ""text"": """"}, {""bbox"": [256.84, 1627.42, 1772.03, 1797.51], ""type"": ""handwritten"", ""text"": """"}, {""bbox"": [254.71, 2417.48, 1718.0, 2553.17], ""type"": ""handwritten"", ""text"": """"}, {""bbox"": [253.54, 2555.14, 744.16, 2695.77], ""type"": ""handwritten"", ""text"": """"}, {""bbox"": [337.21, 534.04, 828.17, 641.57], ""type"": ""handwritten"", ""text"": """"}, {""bbox"": [286.1, 2173.11, 893.06, 2275.52], ""type"": ""handwritten"", ""text"": """"}, {""bbox"": [285.94, 1145.97, 1704.82, 1320.8], ""type"": ""handwritten"", ""text"": """"}, {""bbox"": [292.28, 284.53, 1750.17, 463.97], ""type"": ""handwritten"", ""text"": """"}, {""bbox"": [647.9, 1524.35, 1109.38, 1659.65], ""type"": ""handwritten"", ""text"": """"}, {""bbox"": [264.47, 2046.25, 1031.31, 2171.22], ""type"": ""handwritten"", ""text"": """"}, {""bbox"": [233.24, 1291.83, 1801.35, 1438.2], ""type"": ""handwritten"", ""text"": """"}, {""bbox"": [266.65, 2279.21, 1553.85, 2441.43], ""type"": ""handwritten"", ""text"": """"}, {""bbox"": [300.25, 421.95, 1758.48, 573.02], ""type"": ""handwritten"", ""text"": """"}, {""bbox"": [711.59, 620.91, 1565.39, 786.18], ""type"": ""handwritten"", ""text"": """"}, {""bbox"": [1374.63, 2712.78, 1836.0, 3264.0], ""type"": ""image"", ""text"": """"}, {""bbox"": [2.28, 2718.91, 1121.71, 3264.0], ""type"": ""image"", ""text"": """"}]"
728d28d0-1c0a-53eb-8cd1-5d2123cf0a90.jpg,"[{""bbox"": [48.24, 824.36, 606.52, 874.72], ""type"": ""formula"", ""text"": """"}, {""bbox"": [50.26, 459.76, 344.36, 503.6], ""type"": ""handwritten"", ""text"": """"}, {""bbox"": [46.48, 931.37, 172.75, 970.06], ""type"": ""handwritten"", ""text"": """"}, {""bbox"": [18.86, 1096.55, 223.29, 1139.32], ""type"": ""formula"", ""text"": """"}, {""bbox"": [50.7, 555.99, 244.56, 587.46], ""type"": ""formula"", ""text"": """"}, {""bbox"": [58.85, 595.38, 345.4, 632.59], ""type"": ""handwritten"", ""text"": """"}, {""bbox"": [38.51, 643.25, 245.14, 690.15], ""type"": ""handwritten"", ""text"": """"}, {""bbox"": [24.97, 1037.52, 368.08, 1080.96], ""type"": ""formula"", ""text"": """"}, {""bbox"": [49.59, 419.82, 183.8, 455.04], ""type"": ""handwritten"", ""text"": """"}, {""bbox"": [46.62, 733.98, 675.06, 784.68], ""type"": ""handwritten"", ""text"": """"}, {""bbox"": [49.44, 505.16, 402.06, 544.54], ""type"": ""formula"", ""text"": """"}, {""bbox"": [46.8, 250.95, 112.14, 282.38], ""type"": ""handwritten"", ""text"": """"}, {""bbox"": [17.93, 1139.42, 316.72, 1190.84], ""type"": ""handwritten"", ""text"": """"}, {""bbox"": [44.72, 293.09, 109.86, 326.92], ""type"": ""handwritten"", ""text"": """"}, {""bbox"": [49.12, 331.58, 110.88, 370.89], ""type"": ""handwritten"", ""text"": """"}, {""bbox"": [44.95, 780.35, 538.4, 824.78], ""type"": ""formula"", ""text"": """"}, {""bbox"": [26.29, 990.17, 247.37, 1028.32], ""type"": ""formula"", ""text"": """"}, {""bbox"": [46.61, 363.68, 491.65, 419.77], ""type"": ""formula"", ""text"": """"}, {""bbox"": [396.31, 900.53, 635.62, 1123.02], ""type"": ""graph"", ""text"": """"}, {""bbox"": [45.42, 684.25, 663.58, 730.15], ""type"": ""formula"", ""text"": """"}, {""bbox"": [33.69, 892.59, 66.04, 931.95], ""type"": ""handwritten"", ""text"": """"}, {""bbox"": [47.73, 737.91, 170.85, 774.94], ""type"": ""formula"", ""text"": """"}, {""bbox"": [682.56, 261.81, 718.73, 292.75], ""type"": ""handwritten"", ""text"": """"}, {""bbox"": [686.03, 305.8, 718.85, 334.09], ""type"": ""handwritten"", ""text"": """"}, {""bbox"": [19.17, 1202.78, 688.65, 1280.0], ""type"": ""handwritten"", ""text"": """"}]"
732aa69b-d029-41ff-9cc5-3b01080f92cf.jpg,"[{""bbox"": [71.06, 665.52, 547.94, 697.39], ""type"": ""handwritten"", ""text"": """"}, {""bbox"": [52.34, 580.92, 552.66, 612.87], ""type"": ""handwritten"", ""text"": """"}, {""bbox"": [53.52, 469.06, 554.0, 503.01], ""type"": ""handwritten"", ""text"": """"}, {""bbox"": [52.27, 552.78, 542.12, 582.28], ""type"": ""handwritten"", ""text"": """"}, {""bbox"": [47.94, 725.32, 557.86, 762.21], ""type"": ""handwritten"", ""text"": """"}, {""bbox"": [52.48, 607.86, 495.92, 640.3], ""type"": ""handwritten"", ""text"": """"}, {""bbox"": [76.69, 382.04, 567.81, 415.39], ""type"": ""handwritten"", ""text"": """"}, {""bbox"": [57.34, 292.69, 553.81, 325.95], ""type"": ""handwritten"", ""text"": """"}, {""bbox"": [47.96, 757.73, 494.45, 789.52], ""type"": ""handwritten"", ""text"": """"}, {""bbox"": [54.67, 412.51, 516.74, 441.94], ""type"": ""handwritten"", ""text"": """"}, {""bbox"": [47.25, 696.36, 532.19, 728.95], ""type"": ""handwritten"", ""text"": """"}, {""bbox"": [54.82, 259.92, 532.57, 294.99], ""type"": ""handwritten"", ""text"": """"}, {""bbox"": [56.29, 356.29, 280.23, 386.21], ""type"": ""handwritten"", ""text"": """"}, {""bbox"": [77.57, 173.24, 512.57, 203.93], ""type"": ""handwritten"", ""text"": """"}, {""bbox"": [59.04, 321.87, 535.97, 355.0], ""type"": ""handwritten"", ""text"": """"}, {""bbox"": [57.84, 199.54, 535.64, 235.77], ""type"": ""handwritten"", ""text"": """"}, {""bbox"": [58.03, 231.03, 525.27, 264.89], ""type"": ""handwritten"", ""text"": """"}, {""bbox"": [54.09, 441.15, 546.76, 474.05], ""type"": ""handwritten"", ""text"": """"}, {""bbox"": [49.14, 636.28, 146.26, 670.59], ""type"": ""handwritten"", ""text"": """"}, {""bbox"": [143.26, 115.72, 237.35, 140.03], ""type"": ""handwritten"", ""text"": """"}, {""bbox"": [99.62, 142.32, 375.78, 171.74], ""type"": ""handwritten"", ""text"": """"}, {""bbox"": [48.45, 785.15, 546.14, 821.08], ""type"": ""handwritten"", ""text"": """"}, {""bbox"": [53.96, 499.42, 554.98, 531.88], ""type"": ""handwritten"", ""text"": """"}, {""bbox"": [46.65, 903.61, 449.19, 948.88], ""type"": ""handwritten"", ""text"": """"}, {""bbox"": [49.49, 870.02, 558.51, 916.98], ""type"": ""handwritten"", ""text"": """"}, {""bbox"": [49.02, 847.87, 510.05, 885.24], ""type"": ""handwritten"", ""text"": """"}, {""bbox"": [48.46, 818.0, 538.67, 854.74], ""type"": ""handwritten"", ""text"": """"}, {""bbox"": [56.47, 528.43, 532.21, 556.09], ""type"": ""handwritten"", ""text"": """"}, {""bbox"": [46.85, 881.93, 550.84, 942.9], ""type"": ""handwritten"", ""text"": """"}, {""bbox"": [49.82, 861.64, 548.74, 896.0], ""type"": ""handwritten"", ""text"": """"}]"
733c1258-753a-5574-a8bd-1bed77aa09e4.jpg,"[{""bbox"": [607.18, 1717.66, 1431.29, 1956.17], ""type"": ""handwritten"", ""text"": """"}, {""bbox"": [437.33, 2618.72, 1596.36, 2841.59], ""type"": ""handwritten"", ""text"": """"}, {""bbox"": [382.18, 3319.32, 1564.02, 3527.8], ""type"": ""handwritten"", ""text"": """"}, {""bbox"": [393.86, 3139.2, 1330.82, 3345.17], ""type"": ""handwritten"", ""text"": """"}, {""bbox"": [389.53, 3681.36, 1732.85, 3866.07], ""type"": ""handwritten"", ""text"": """"}, {""bbox"": [401.74, 2264.26, 1452.7, 2445.27], ""type"": ""handwritten"", ""text"": """"}, {""bbox"": [424.24, 2435.27, 1236.17, 2655.42], ""type"": ""handwritten"", ""text"": """"}, {""bbox"": [391.07, 2092.75, 1740.29, 2310.44], ""type"": ""handwritten"", ""text"": """"}, {""bbox"": [504.58, 220.1, 2230.1, 483.44], ""type"": ""handwritten"", ""text"": """"}, {""bbox"": [411.07, 3014.78, 1299.34, 3140.73], ""type"": ""handwritten"", ""text"": """"}, {""bbox"": [268.14, 1920.1, 1723.33, 2139.22], ""type"": ""handwritten"", ""text"": """"}, {""bbox"": [513.51, 424.65, 2165.28, 687.73], ""type"": ""handwritten"", ""text"": """"}, {""bbox"": [609.76, 1556.19, 1243.89, 1715.61], ""type"": ""handwritten"", ""text"": """"}, {""bbox"": [323.09, 41.18, 2406.49, 292.13], ""type"": ""handwritten"", ""text"": """"}, {""bbox"": [535.67, 632.7, 1929.69, 848.34], ""type"": ""handwritten"", ""text"": """"}, {""bbox"": [393.4, 3506.92, 1412.33, 3646.08], ""type"": ""handwritten"", ""text"": """"}, {""bbox"": [463.53, 2818.97, 1812.21, 3031.98], ""type"": ""handwritten"", ""text"": """"}, {""bbox"": [561.34, 1353.12, 1088.31, 1532.86], ""type"": ""handwritten"", ""text"": """"}, {""bbox"": [519.21, 1189.84, 1455.04, 1358.84], ""type"": ""handwritten"", ""text"": """"}, {""bbox"": [492.26, 809.99, 2268.08, 1064.45], ""type"": ""handwritten"", ""text"": """"}, {""bbox"": [398.69, 977.74, 1207.54, 1170.76], ""type"": ""handwritten"", ""text"": """"}, {""bbox"": [454.9, 1032.85, 3022.25, 2269.41], ""type"": ""table"", ""text"": """"}, {""bbox"": [1581.41, 0.51, 2799.21, 55.17], ""type"": ""handwritten"", ""text"": """"}, {""bbox"": [1578.7, 0.11, 2820.32, 126.05], ""type"": ""handwritten"", ""text"": """"}, {""bbox"": [428.93, 2814.29, 3024.0, 3057.52], ""type"": ""handwritten"", ""text"": """"}, {""bbox"": [1903.0, 886.9, 2162.78, 1091.71], ""type"": ""handwritten"", ""text"": """"}, {""bbox"": [522.3, 637.35, 3024.0, 857.87], ""type"": ""handwritten"", ""text"": """"}, {""bbox"": [379.84, 2454.42, 3024.0, 3834.55], ""type"": ""table"", ""text"": """"}, {""bbox"": [0.0, 2639.82, 190.06, 2802.33], ""type"": ""handwritten"", ""text"": """"}, {""bbox"": [330.88, 0.0, 2711.18, 92.99], ""type"": ""handwritten"", ""text"": """"}, {""bbox"": [341.93, 1880.8, 3024.0, 3115.7], ""type"": ""table"", ""text"": """"}]"
736e2ec6-97ae-4524-8c06-3a1165b7e00b.jpg,"[{""bbox"": [31.83, 1206.61, 867.52, 1298.13], ""type"": ""handwritten"", ""text"": """"}, {""bbox"": [11.03, 359.33, 283.97, 428.78], ""type"": ""handwritten"", ""text"": """"}, {""bbox"": [29.93, 929.38, 1462.71, 1030.58], ""type"": ""handwritten"", ""text"": """"}, {""bbox"": [19.06, 205.64, 1620.68, 310.65], ""type"": ""handwritten"", ""text"": """"}, {""bbox"": [41.53, 446.44, 674.78, 531.58], ""type"": ""handwritten"", ""text"": """"}, {""bbox"": [35.04, 772.28, 1189.22, 866.51], ""type"": ""handwritten"", ""text"": """"}, {""bbox"": [97.15, 1306.79, 646.72, 1376.68], ""type"": ""handwritten"", ""text"": """"}, {""bbox"": [111.4, 540.1, 893.0, 629.32], ""type"": ""formula"", ""text"": """"}, {""bbox"": [36.49, 81.38, 921.67, 183.22], ""type"": ""formula"", ""text"": """"}, {""bbox"": [84.52, 694.02, 1051.73, 768.81], ""type"": ""formula"", ""text"": """"}, {""bbox"": [36.98, 1107.08, 1640.14, 1196.48], ""type"": ""handwritten"", ""text"": """"}, {""bbox"": [1102.07, 592.7, 1412.54, 801.47], ""type"": ""annotation"", ""text"": """"}, {""bbox"": [122.04, 1463.41, 854.68, 1546.66], ""type"": ""handwritten"", ""text"": """"}, {""bbox"": [37.64, 1639.37, 1571.73, 1733.45], ""type"": ""handwritten"", ""text"": """"}, {""bbox"": [40.99, 0.38, 1397.53, 99.29], ""type"": ""formula"", ""text"": """"}, {""bbox"": [40.85, 1016.72, 1503.82, 1112.06], ""type"": ""formula"", ""text"": """"}, {""bbox"": [49.79, 1721.7, 657.71, 1821.56], ""type"": ""handwritten"", ""text"": """"}, {""bbox"": [122.96, 1375.61, 850.24, 1451.8], ""type"": ""formula"", ""text"": """"}, {""bbox"": [13.42, 291.86, 1608.46, 421.93], ""type"": ""handwritten"", ""text"": """"}, {""bbox"": [812.25, 921.68, 1023.54, 971.03], ""type"": ""handwritten"", ""text"": """"}, {""bbox"": [877.93, 1380.83, 1389.77, 1648.64], ""type"": ""annotation"", ""text"": """"}, {""bbox"": [921.54, 1231.08, 1149.65, 1356.13], ""type"": ""annotation"", ""text"": """"}, {""bbox"": [1398.24, 1248.04, 1550.13, 1384.97], ""type"": ""annotation"", ""text"": """"}, {""bbox"": [90.79, 855.7, 1358.75, 932.14], ""type"": ""formula"", ""text"": """"}, {""bbox"": [43.6, 620.58, 882.83, 703.14], ""type"": ""handwritten"", ""text"": """"}, {""bbox"": [1348.05, 466.96, 1504.14, 583.41], ""type"": ""annotation"", ""text"": """"}, {""bbox"": [154.45, 1556.99, 643.62, 1644.75], ""type"": ""handwritten"", ""text"": """"}, {""bbox"": [924.31, 1244.81, 1043.5, 1349.24], ""type"": ""annotation"", ""text"": """"}, {""bbox"": [1030.89, 1581.35, 1102.95, 1655.04], ""type"": ""annotation"", ""text"": """"}, {""bbox"": [1143.91, 1394.99, 1385.03, 1605.82], ""type"": ""annotation"", ""text"": """"}, {""bbox"": [929.12, 1155.09, 1318.11, 1361.34], ""type"": ""annotation"", ""text"": """"}, {""bbox"": [1118.37, 708.97, 1232.12, 798.09], ""type"": ""annotation"", ""text"": """"}, {""bbox"": [960.31, 1379.13, 1050.99, 1455.45], ""type"": ""annotation"", ""text"": """"}, {""bbox"": [1071.18, 1282.09, 1148.7, 1354.46], ""type"": ""annotation"", ""text"": """"}, {""bbox"": [1081.35, 647.51, 1185.2, 731.94], ""type"": ""annotation"", ""text"": """"}, {""bbox"": [688.39, 1532.62, 731.7, 1588.83], ""type"": ""annotation"", ""text"": """"}, {""bbox"": [1123.19, 1169.02, 1321.99, 1248.79], ""type"": ""annotation"", ""text"": """"}, {""bbox"": [882.04, 1395.76, 1118.1, 1656.53], ""type"": ""annotation"", ""text"": """"}, {""bbox"": [878.8, 1498.13, 1011.5, 1594.79], ""type"": ""annotation"", ""text"": """"}, {""bbox"": [950.17, 95.07, 990.34, 152.32], ""type"": ""annotation"", ""text"": """"}]"
748081fc-fc3c-4fe5-ba1e-07777007a2b4.jpg,"[{""bbox"": [74.8, 1688.99, 1283.81, 1835.86], ""type"": ""handwritten"", ""text"": """"}, {""bbox"": [33.84, 848.5, 1477.51, 1027.79], ""type"": ""formula"", ""text"": """"}, {""bbox"": [55.01, 993.26, 1263.27, 1143.2], ""type"": ""handwritten"", ""text"": """"}, {""bbox"": [146.36, 535.18, 561.43, 634.47], ""type"": ""formula"", ""text"": """"}, {""bbox"": [145.08, 638.21, 448.28, 733.2], ""type"": ""formula"", ""text"": """"}, {""bbox"": [146.25, 683.61, 1163.32, 829.44], ""type"": ""handwritten"", ""text"": """"}, {""bbox"": [81.91, 243.25, 1246.42, 369.09], ""type"": ""handwritten"", ""text"": """"}, {""bbox"": [110.47, 2244.22, 388.26, 2329.67], ""type"": ""formula"", ""text"": """"}, {""bbox"": [32.63, 2164.45, 415.45, 2248.04], ""type"": ""formula"", ""text"": """"}, {""bbox"": [56.41, 1291.51, 457.52, 1395.87], ""type"": ""formula"", ""text"": """"}, {""bbox"": [92.76, 343.59, 736.54, 474.9], ""type"": ""formula"", ""text"": """"}, {""bbox"": [66.48, 1110.5, 621.11, 1232.39], ""type"": ""formula"", ""text"": """"}, {""bbox"": [6.07, 1897.7, 499.47, 2008.13], ""type"": ""formula"", ""text"": """"}, {""bbox"": [55.83, 1363.35, 1031.78, 1548.65], ""type"": ""formula"", ""text"": """"}, {""bbox"": [91.03, 419.87, 705.68, 543.4], ""type"": ""formula"", ""text"": """"}, {""bbox"": [63.64, 1204.45, 532.38, 1308.65], ""type"": ""formula"", ""text"": """"}, {""bbox"": [62.81, 844.84, 239.26, 921.75], ""type"": ""handwritten"", ""text"": """"}, {""bbox"": [78.61, 1980.76, 497.81, 2083.49], ""type"": ""formula"", ""text"": """"}, {""bbox"": [65.54, 1543.62, 234.08, 1608.18], ""type"": ""handwritten"", ""text"": """"}, {""bbox"": [77.73, 2072.78, 468.08, 2161.41], ""type"": ""formula"", ""text"": """"}, {""bbox"": [57.49, 1377.45, 335.29, 1472.68], ""type"": ""formula"", ""text"": """"}, {""bbox"": [78.42, 1803.6, 631.45, 1923.92], ""type"": ""formula"", ""text"": """"}, {""bbox"": [57.9, 1524.89, 1620.56, 1709.04], ""type"": ""formula"", ""text"": """"}, {""bbox"": [7.65, 55.56, 1548.94, 247.35], ""type"": ""formula"", ""text"": """"}, {""bbox"": [869.24, 1594.8, 1556.4, 1686.22], ""type"": ""handwritten"", ""text"": """"}, {""bbox"": [889.51, 938.25, 1201.04, 1001.13], ""type"": ""handwritten"", ""text"": """"}, {""bbox"": [1438.26, 2155.81, 1535.96, 2277.82], ""type"": ""annotation"", ""text"": """"}, {""bbox"": [18.81, 140.96, 1510.31, 330.92], ""type"": ""handwritten"", ""text"": """"}, {""bbox"": [1058.63, 177.04, 1593.49, 241.58], ""type"": ""handwritten"", ""text"": """"}, {""bbox"": [75.34, 53.42, 236.4, 122.31], ""type"": ""handwritten"", ""text"": """"}, {""bbox"": [928.77, 1677.49, 1115.38, 1721.53], ""type"": ""handwritten"", ""text"": """"}]"
75d41fe1-2946-4e13-b966-f44cbc7818fc.jpg,"[{""bbox"": [41.73, 2075.4, 1670.22, 2189.04], ""type"": ""formula"", ""text"": """"}, {""bbox"": [11.48, 135.2, 680.21, 636.09], ""type"": ""table"", ""text"": """"}, {""bbox"": [19.53, 696.0, 1491.05, 871.83], ""type"": ""handwritten"", ""text"": """"}, {""bbox"": [40.63, 1720.19, 826.01, 1886.17], ""type"": ""formula"", ""text"": """"}, {""bbox"": [23.86, 921.97, 1814.68, 1370.46], ""type"": ""table"", ""text"": """"}, {""bbox"": [43.59, 2561.23, 844.01, 2677.64], ""type"": ""formula"", ""text"": """"}, {""bbox"": [40.81, 1595.64, 677.75, 1727.09], ""type"": ""formula"", ""text"": """"}, {""bbox"": [49.03, 643.82, 584.01, 750.6], ""type"": ""formula"", ""text"": """"}, {""bbox"": [24.54, 1280.94, 385.12, 1420.29], ""type"": ""formula"", ""text"": """"}, {""bbox"": [31.94, 2671.11, 1363.99, 2777.66], ""type"": ""formula"", ""text"": """"}, {""bbox"": [44.19, 1418.92, 1838.14, 1599.05], ""type"": ""formula"", ""text"": """"}, {""bbox"": [46.59, 1885.58, 1611.28, 1986.73], ""type"": ""formula"", ""text"": """"}, {""bbox"": [45.49, 1976.77, 1693.18, 2074.57], ""type"": ""formula"", ""text"": """"}, {""bbox"": [44.51, 2206.3, 519.7, 2302.47], ""type"": ""formula"", ""text"": """"}, {""bbox"": [42.59, 1702.79, 1634.01, 1895.68], ""type"": ""formula"", ""text"": """"}, {""bbox"": [45.4, 1428.77, 940.52, 1603.36], ""type"": ""formula"", ""text"": """"}, {""bbox"": [49.3, 2294.33, 793.52, 2439.04], ""type"": ""formula"", ""text"": """"}, {""bbox"": [38.37, 2460.09, 214.88, 2532.69], ""type"": ""handwritten"", ""text"": """"}, {""bbox"": [37.34, 1604.13, 1811.68, 1708.93], ""type"": ""formula"", ""text"": """"}, {""bbox"": [0.0, 126.11, 1740.68, 656.04], ""type"": ""table"", ""text"": """"}]"
75e7ac0c-01e1-4392-b287-5e05e0b2c5bb.jpg,"[{""bbox"": [22.51, 1049.1, 419.87, 1132.91], ""type"": ""formula"", ""text"": """"}, {""bbox"": [57.6, 1128.64, 492.79, 1213.46], ""type"": ""formula"", ""text"": """"}, {""bbox"": [22.72, 761.25, 817.84, 844.45], ""type"": ""handwritten"", ""text"": """"}, {""bbox"": [47.19, 1298.55, 684.0, 1389.64], ""type"": ""formula"", ""text"": """"}, {""bbox"": [49.98, 1205.43, 688.5, 1302.08], ""type"": ""formula"", ""text"": """"}, {""bbox"": [23.09, 0.18, 1616.91, 84.3], ""type"": ""handwritten"", ""text"": """"}, {""bbox"": [8.41, 232.56, 1515.8, 331.69], ""type"": ""handwritten"", ""text"": """"}, {""bbox"": [46.54, 1408.65, 575.46, 1495.82], ""type"": ""formula"", ""text"": """"}, {""bbox"": [24.34, 57.72, 1039.58, 156.82], ""type"": ""handwritten"", ""text"": """"}, {""bbox"": [50.68, 1590.6, 378.92, 1649.69], ""type"": ""handwritten"", ""text"": """"}, {""bbox"": [22.65, 134.24, 861.19, 245.5], ""type"": ""handwritten"", ""text"": """"}, {""bbox"": [26.15, 1422.61, 1576.9, 1601.05], ""type"": ""handwritten"", ""text"": """"}, {""bbox"": [44.59, 2237.39, 334.31, 2318.6], ""type"": ""handwritten"", ""text"": """"}, {""bbox"": [34.29, 2027.15, 1608.11, 2110.12], ""type"": ""handwritten"", ""text"": """"}, {""bbox"": [31.33, 539.37, 342.38, 621.07], ""type"": ""formula"", ""text"": """"}, {""bbox"": [20.57, 316.03, 817.26, 424.99], ""type"": ""handwritten"", ""text"": """"}, {""bbox"": [364.77, 399.34, 700.0, 512.66], ""type"": ""formula"", ""text"": """"}, {""bbox"": [58.85, 832.25, 1001.0, 966.7], ""type"": ""formula"", ""text"": """"}, {""bbox"": [910.71, 385.59, 1225.17, 583.32], ""type"": ""annotation"", ""text"": """"}, {""bbox"": [1076.66, 63.84, 1216.62, 171.27], ""type"": ""annotation"", ""text"": """"}, {""bbox"": [30.36, 433.54, 182.68, 493.57], ""type"": ""handwritten"", ""text"": """"}, {""bbox"": [739.67, 356.68, 1186.11, 437.98], ""type"": ""formula"", ""text"": """"}, {""bbox"": [30.88, 479.62, 297.1, 550.14], ""type"": ""formula"", ""text"": """"}, {""bbox"": [1345.1, 999.06, 1516.55, 1137.43], ""type"": ""annotation"", ""text"": """"}, {""bbox"": [663.75, 348.61, 755.8, 428.08], ""type"": ""annotation"", ""text"": """"}, {""bbox"": [122.2, 950.42, 341.99, 1029.09], ""type"": ""handwritten"", ""text"": """"}, {""bbox"": [842.43, 899.07, 1050.04, 1221.66], ""type"": ""annotation"", ""text"": """"}, {""bbox"": [33.42, 654.73, 207.65, 720.02], ""type"": ""formula"", ""text"": """"}, {""bbox"": [1291.87, 838.18, 1460.15, 999.6], ""type"": ""annotation"", ""text"": """"}, {""bbox"": [841.23, 898.52, 1231.73, 1223.09], ""type"": ""annotation"", ""text"": """"}, {""bbox"": [836.02, 856.31, 1462.02, 1215.87], ""type"": ""annotation"", ""text"": """"}, {""bbox"": [861.98, 1581.08, 941.81, 1683.39], ""type"": ""annotation"", ""text"": """"}, {""bbox"": [1345.08, 330.87, 1463.54, 465.76], ""type"": ""annotation"", ""text"": """"}, {""bbox"": [219.83, 955.64, 338.71, 1027.53], ""type"": ""formula"", ""text"": """"}, {""bbox"": [781.82, 316.26, 918.23, 362.35], ""type"": ""handwritten"", ""text"": """"}, {""bbox"": [1001.81, 485.92, 1102.37, 578.49], ""type"": ""annotation"", ""text"": """"}, {""bbox"": [886.08, 479.28, 949.59, 559.73], ""type"": ""annotation"", ""text"": """"}, {""bbox"": [18.23, 359.14, 936.18, 753.57], ""type"": ""graph"", ""text"": """"}]"
767e5b52-5a16-42b7-ac64-d385d4660ef2.jpg,"[{""bbox"": [85.79, 742.87, 567.04, 771.25], ""type"": ""handwritten"", ""text"": """"}, {""bbox"": [126.48, 797.67, 575.72, 825.78], ""type"": ""handwritten"", ""text"": """"}, {""bbox"": [75.32, 553.13, 570.3, 584.56], ""type"": ""handwritten"", ""text"": """"}, {""bbox"": [93.66, 824.98, 555.65, 854.79], ""type"": ""handwritten"", ""text"": """"}, {""bbox"": [81.5, 1045.2, 576.78, 1086.9], ""type"": ""handwritten"", ""text"": """"}, {""bbox"": [88.91, 962.65, 535.08, 993.31], ""type"": ""handwritten"", ""text"": """"}, {""bbox"": [73.11, 528.75, 523.09, 559.13], ""type"": ""handwritten"", ""text"": """"}, {""bbox"": [88.56, 771.19, 300.77, 800.03], ""type"": ""handwritten"", ""text"": """"}, {""bbox"": [93.01, 935.91, 576.34, 966.97], ""type"": ""handwritten"", ""text"": """"}, {""bbox"": [78.33, 579.36, 563.0, 610.72], ""type"": ""handwritten"", ""text"": """"}, {""bbox"": [86.52, 715.07, 518.59, 743.79], ""type"": ""handwritten"", ""text"": """"}, {""bbox"": [86.99, 990.6, 559.87, 1023.9], ""type"": ""handwritten"", ""text"": """"}, {""bbox"": [84.28, 687.81, 552.61, 714.54], ""type"": ""handwritten"", ""text"": """"}, {""bbox"": [98.63, 242.42, 522.71, 276.99], ""type"": ""handwritten"", ""text"": """"}, {""bbox"": [81.16, 606.91, 574.87, 638.39], ""type"": ""handwritten"", ""text"": """"}, {""bbox"": [99.16, 449.09, 540.63, 480.5], ""type"": ""handwritten"", ""text"": """"}, {""bbox"": [84.55, 635.09, 519.96, 664.8], ""type"": ""handwritten"", ""text"": """"}, {""bbox"": [77.32, 422.82, 450.96, 455.76], ""type"": ""handwritten"", ""text"": """"}, {""bbox"": [73.3, 389.08, 559.52, 430.08], ""type"": ""handwritten"", ""text"": """"}, {""bbox"": [127.38, 217.66, 458.64, 248.31], ""type"": ""handwritten"", ""text"": """"}, {""bbox"": [85.57, 1019.38, 521.96, 1050.87], ""type"": ""handwritten"", ""text"": """"}, {""bbox"": [94.78, 908.55, 565.16, 938.52], ""type"": ""handwritten"", ""text"": """"}, {""bbox"": [83.54, 662.22, 565.72, 692.25], ""type"": ""handwritten"", ""text"": """"}, {""bbox"": [70.93, 370.02, 555.26, 411.22], ""type"": ""handwritten"", ""text"": """"}, {""bbox"": [67.6, 289.08, 558.85, 334.35], ""type"": ""handwritten"", ""text"": """"}, {""bbox"": [73.37, 474.33, 505.98, 504.63], ""type"": ""handwritten"", ""text"": """"}, {""bbox"": [95.54, 852.56, 576.6, 883.04], ""type"": ""handwritten"", ""text"": """"}, {""bbox"": [62.19, 311.12, 557.81, 359.82], ""type"": ""handwritten"", ""text"": """"}, {""bbox"": [72.34, 500.2, 560.55, 532.19], ""type"": ""handwritten"", ""text"": """"}, {""bbox"": [96.38, 880.6, 563.03, 912.25], ""type"": ""handwritten"", ""text"": """"}, {""bbox"": [69.66, 338.93, 554.22, 381.96], ""type"": ""handwritten"", ""text"": """"}, {""bbox"": [69.43, 261.3, 526.67, 302.36], ""type"": ""handwritten"", ""text"": """"}, {""bbox"": [75.83, 398.61, 487.0, 446.83], ""type"": ""handwritten"", ""text"": """"}, {""bbox"": [69.42, 273.25, 275.68, 303.71], ""type"": ""handwritten"", ""text"": """"}, {""bbox"": [282.45, 290.61, 560.2, 318.95], ""type"": ""handwritten"", ""text"": """"}]"
78b70718-bf5a-4461-b675-3df99398db95.jpg,"[{""bbox"": [332.59, 2285.07, 2510.46, 2433.43], ""type"": ""handwritten"", ""text"": """"}, {""bbox"": [321.0, 2415.98, 2709.39, 2575.84], ""type"": ""handwritten"", ""text"": """"}, {""bbox"": [366.46, 925.46, 2671.89, 1070.23], ""type"": ""handwritten"", ""text"": """"}, {""bbox"": [330.36, 1605.97, 2459.63, 1741.95], ""type"": ""handwritten"", ""text"": """"}, {""bbox"": [338.79, 1740.92, 2710.25, 1890.17], ""type"": ""handwritten"", ""text"": """"}, {""bbox"": [330.01, 1064.05, 2697.52, 1218.73], ""type"": ""handwritten"", ""text"": """"}, {""bbox"": [325.01, 648.14, 2726.4, 802.36], ""type"": ""handwritten"", ""text"": """"}, {""bbox"": [334.04, 790.7, 2483.82, 937.04], ""type"": ""handwritten"", ""text"": """"}, {""bbox"": [327.06, 2012.83, 2250.92, 2164.58], ""type"": ""handwritten"", ""text"": """"}, {""bbox"": [466.96, 1335.33, 2610.73, 1474.25], ""type"": ""handwritten"", ""text"": """"}, {""bbox"": [304.71, 53.71, 2645.69, 264.95], ""type"": ""handwritten"", ""text"": """"}, {""bbox"": [331.35, 2561.28, 2467.16, 2725.18], ""type"": ""handwritten"", ""text"": """"}, {""bbox"": [484.4, 362.57, 2550.6, 527.43], ""type"": ""handwritten"", ""text"": """"}, {""bbox"": [327.42, 1469.32, 2464.71, 1614.12], ""type"": ""handwritten"", ""text"": """"}, {""bbox"": [659.08, 2154.25, 2644.55, 2298.33], ""type"": ""handwritten"", ""text"": """"}, {""bbox"": [331.67, 512.73, 2580.54, 663.57], ""type"": ""handwritten"", ""text"": """"}, {""bbox"": [347.31, 1205.07, 1457.55, 1339.19], ""type"": ""handwritten"", ""text"": """"}, {""bbox"": [343.96, 2705.35, 2749.94, 2867.49], ""type"": ""handwritten"", ""text"": """"}, {""bbox"": [307.34, 211.58, 858.89, 340.15], ""type"": ""handwritten"", ""text"": """"}, {""bbox"": [333.99, 1873.89, 2698.59, 2032.65], ""type"": ""handwritten"", ""text"": """"}]"
7a57be4d-b57a-428b-b271-d142f87d9173.jpg,"[{""bbox"": [422.96, 726.55, 2245.39, 808.85], ""type"": ""printed"", ""text"": """"}, {""bbox"": [499.81, 630.53, 2198.7, 701.98], ""type"": ""printed"", ""text"": """"}, {""bbox"": [443.82, 834.46, 2273.95, 913.05], ""type"": ""printed"", ""text"": """"}, {""bbox"": [141.4, 154.95, 325.22, 214.38], ""type"": ""printed"", ""text"": """"}, {""bbox"": [21.48, 258.1, 678.51, 317.54], ""type"": ""printed"", ""text"": """"}, {""bbox"": [1063.26, 1060.67, 2216.51, 1126.6], ""type"": ""printed"", ""text"": """"}, {""bbox"": [434.34, 1318.83, 2220.48, 1386.01], ""type"": ""printed"", ""text"": """"}, {""bbox"": [18.63, 363.84, 584.44, 422.68], ""type"": ""printed"", ""text"": """"}, {""bbox"": [15.04, 467.16, 600.3, 528.63], ""type"": ""printed"", ""text"": """"}, {""bbox"": [905.02, 424.34, 2300.63, 553.49], ""type"": ""handwritten"", ""text"": """"}, {""bbox"": [1280.98, 1542.12, 2002.42, 1602.72], ""type"": ""printed"", ""text"": """"}, {""bbox"": [1094.81, 1483.11, 1633.66, 1538.47], ""type"": ""printed"", ""text"": """"}, {""bbox"": [1055.55, 1164.47, 2121.51, 1231.85], ""type"": ""printed"", ""text"": """"}, {""bbox"": [1437.87, 1437.11, 1819.93, 1486.85], ""type"": ""printed"", ""text"": """"}, {""bbox"": [415.25, 943.12, 1121.74, 1008.68], ""type"": ""printed"", ""text"": """"}, {""bbox"": [2240.15, 235.76, 2460.49, 438.0], ""type"": ""annotation"", ""text"": """"}, {""bbox"": [1087.15, 1268.8, 2011.37, 1329.65], ""type"": ""printed"", ""text"": """"}, {""bbox"": [412.0, 821.07, 2239.19, 968.06], ""type"": ""printed"", ""text"": """"}, {""bbox"": [500.1, 629.87, 1282.92, 699.46], ""type"": ""printed"", ""text"": """"}, {""bbox"": [413.78, 722.07, 1138.84, 803.67], ""type"": ""printed"", ""text"": """"}]"
7c4f5130-ca60-48c7-85e4-096c8de64ed2.jpg,"[{""bbox"": [151.8, 1386.57, 1059.75, 1441.98], ""type"": ""handwritten"", ""text"": """"}, {""bbox"": [150.15, 1156.22, 1063.48, 1210.2], ""type"": ""handwritten"", ""text"": """"}, {""bbox"": [151.12, 750.05, 1036.6, 798.17], ""type"": ""handwritten"", ""text"": """"}, {""bbox"": [263.06, 226.76, 897.23, 274.57], ""type"": ""handwritten"", ""text"": """"}, {""bbox"": [147.92, 694.62, 1039.02, 738.44], ""type"": ""handwritten"", ""text"": """"}, {""bbox"": [209.34, 634.23, 1051.45, 677.38], ""type"": ""handwritten"", ""text"": """"}, {""bbox"": [143.62, 1503.03, 1038.9, 1552.08], ""type"": ""handwritten"", ""text"": """"}, {""bbox"": [216.11, 1612.62, 1024.37, 1663.78], ""type"": ""handwritten"", ""text"": """"}, {""bbox"": [149.95, 806.52, 1037.65, 858.0], ""type"": ""handwritten"", ""text"": """"}, {""bbox"": [149.36, 1447.09, 1012.08, 1498.26], ""type"": ""handwritten"", ""text"": """"}, {""bbox"": [150.58, 1101.2, 1037.32, 1146.03], ""type"": ""handwritten"", ""text"": """"}, {""bbox"": [154.72, 1672.58, 1035.6, 1728.35], ""type"": ""handwritten"", ""text"": """"}, {""bbox"": [149.54, 922.46, 1049.66, 969.47], ""type"": ""handwritten"", ""text"": """"}, {""bbox"": [152.25, 1331.75, 1083.2, 1381.62], ""type"": ""handwritten"", ""text"": """"}, {""bbox"": [153.15, 1274.91, 1052.7, 1320.44], ""type"": ""handwritten"", ""text"": """"}, {""bbox"": [144.47, 868.36, 1047.95, 918.19], ""type"": ""handwritten"", ""text"": """"}, {""bbox"": [152.17, 1214.11, 1042.01, 1267.18], ""type"": ""handwritten"", ""text"": """"}, {""bbox"": [525.79, 518.2, 904.77, 565.28], ""type"": ""handwritten"", ""text"": """"}, {""bbox"": [151.64, 1041.61, 1040.22, 1082.24], ""type"": ""handwritten"", ""text"": """"}, {""bbox"": [150.17, 112.95, 555.06, 153.84], ""type"": ""handwritten"", ""text"": """"}, {""bbox"": [436.83, 340.08, 614.76, 388.4], ""type"": ""handwritten"", ""text"": """"}, {""bbox"": [152.86, 984.4, 1064.09, 1034.34], ""type"": ""handwritten"", ""text"": """"}, {""bbox"": [532.01, 465.33, 885.6, 496.22], ""type"": ""handwritten"", ""text"": """"}, {""bbox"": [154.32, 1564.53, 283.51, 1600.24], ""type"": ""handwritten"", ""text"": """"}, {""bbox"": [941.41, 53.77, 996.24, 80.24], ""type"": ""annotation"", ""text"": """"}, {""bbox"": [811.24, 114.5, 1031.18, 144.22], ""type"": ""handwritten"", ""text"": """"}]"
7e6a6ceb-632c-4862-8ca3-a06ed6f51891.jpg,"[{""bbox"": [1066.8, 38.97, 2301.33, 257.02], ""type"": ""handwritten"", ""text"": """"}, {""bbox"": [460.7, 271.64, 555.01, 317.26], ""type"": ""handwritten"", ""text"": """"}, {""bbox"": [211.4, 160.26, 774.39, 215.56], ""type"": ""printed"", ""text"": """"}, {""bbox"": [774.41, 405.42, 1930.34, 468.73], ""type"": ""printed"", ""text"": """"}, {""bbox"": [885.88, 290.28, 2340.94, 386.92], ""type"": ""printed"", ""text"": """"}, {""bbox"": [617.87, 735.43, 1111.82, 783.43], ""type"": ""printed"", ""text"": """"}, {""bbox"": [620.77, 607.22, 1952.35, 675.53], ""type"": ""printed"", ""text"": """"}, {""bbox"": [618.61, 784.0, 1110.06, 834.72], ""type"": ""printed"", ""text"": """"}, {""bbox"": [190.75, 935.7, 862.57, 1056.97], ""type"": ""handwritten"", ""text"": """"}, {""bbox"": [154.14, 365.85, 737.46, 421.74], ""type"": ""printed"", ""text"": """"}, {""bbox"": [988.06, 516.03, 1484.08, 574.66], ""type"": ""printed"", ""text"": """"}, {""bbox"": [335.89, 214.65, 702.87, 265.7], ""type"": ""printed"", ""text"": """"}, {""bbox"": [405.79, 884.9, 2221.94, 940.56], ""type"": ""printed"", ""text"": """"}, {""bbox"": [427.16, 107.01, 650.98, 160.68], ""type"": ""printed"", ""text"": """"}, {""bbox"": [621.59, 678.67, 1328.91, 729.77], ""type"": ""printed"", ""text"": """"}, {""bbox"": [1646.71, 985.76, 1921.98, 1040.47], ""type"": ""printed"", ""text"": """"}, {""bbox"": [2140.35, 43.41, 2336.99, 206.72], ""type"": ""annotation"", ""text"": """"}]"
7e8eb75e-9a97-406d-afdf-64579f381bb9.jpg,"[{""bbox"": [24.49, 363.29, 526.53, 446.01], ""type"": ""handwritten"", ""text"": """"}, {""bbox"": [85.28, 212.29, 636.17, 291.7], ""type"": ""handwritten"", ""text"": """"}, {""bbox"": [14.82, 17.52, 1588.6, 147.48], ""type"": ""handwritten"", ""text"": """"}, {""bbox"": [70.38, 1501.28, 897.08, 1586.99], ""type"": ""handwritten"", ""text"": """"}, {""bbox"": [25.68, 715.99, 806.3, 822.58], ""type"": ""handwritten"", ""text"": """"}, {""bbox"": [971.58, 360.78, 1452.67, 439.98], ""type"": ""handwritten"", ""text"": """"}, {""bbox"": [32.21, 1164.56, 737.38, 1263.3], ""type"": ""handwritten"", ""text"": """"}, {""bbox"": [67.81, 1352.71, 753.45, 1444.16], ""type"": ""handwritten"", ""text"": """"}, {""bbox"": [20.59, 279.67, 792.27, 363.54], ""type"": ""handwritten"", ""text"": """"}, {""bbox"": [969.94, 538.19, 1665.8, 626.09], ""type"": ""handwritten"", ""text"": """"}, {""bbox"": [952.16, 765.71, 1453.05, 834.54], ""type"": ""handwritten"", ""text"": """"}, {""bbox"": [91.02, 130.83, 743.18, 219.96], ""type"": ""handwritten"", ""text"": """"}, {""bbox"": [29.89, 803.83, 558.65, 905.22], ""type"": ""handwritten"", ""text"": """"}, {""bbox"": [954.84, 685.6, 1587.39, 770.54], ""type"": ""handwritten"", ""text"": """"}, {""bbox"": [29.3, 639.88, 644.76, 735.6], ""type"": ""handwritten"", ""text"": """"}, {""bbox"": [658.63, 1980.43, 1192.98, 2049.18], ""type"": ""formula"", ""text"": """"}, {""bbox"": [36.73, 560.49, 855.82, 659.34], ""type"": ""handwritten"", ""text"": """"}, {""bbox"": [139.51, 1886.52, 584.96, 1969.02], ""type"": ""handwritten"", ""text"": """"}, {""bbox"": [151.04, 2026.95, 573.47, 2104.29], ""type"": ""handwritten"", ""text"": """"}, {""bbox"": [111.57, 1260.86, 798.86, 1353.33], ""type"": ""formula"", ""text"": """"}, {""bbox"": [948.99, 824.97, 1334.72, 907.86], ""type"": ""handwritten"", ""text"": """"}, {""bbox"": [976.08, 277.32, 1642.13, 359.28], ""type"": ""handwritten"", ""text"": """"}, {""bbox"": [148.63, 1817.12, 487.15, 1894.64], ""type"": ""handwritten"", ""text"": """"}, {""bbox"": [978.27, 206.04, 1596.84, 283.01], ""type"": ""handwritten"", ""text"": """"}, {""bbox"": [877.31, 1856.61, 1122.59, 1977.31], ""type"": ""annotation"", ""text"": """"}, {""bbox"": [977.69, 19.74, 1599.67, 116.37], ""type"": ""handwritten"", ""text"": """"}, {""bbox"": [880.51, 1200.48, 1579.4, 1268.38], ""type"": ""handwritten"", ""text"": """"}, {""bbox"": [115.46, 1073.14, 537.97, 1162.29], ""type"": ""formula"", ""text"": """"}, {""bbox"": [146.12, 2178.65, 509.89, 2239.33], ""type"": ""handwritten"", ""text"": """"}, {""bbox"": [142.77, 1954.26, 299.07, 2021.17], ""type"": ""handwritten"", ""text"": """"}, {""bbox"": [29.22, 972.22, 1309.02, 1092.63], ""type"": ""handwritten"", ""text"": """"}, {""bbox"": [64.27, 1429.48, 639.14, 1505.72], ""type"": ""formula"", ""text"": """"}, {""bbox"": [983.3, 136.97, 1642.72, 210.42], ""type"": ""handwritten"", ""text"": """"}, {""bbox"": [997.88, 101.61, 1551.83, 153.71], ""type"": ""handwritten"", ""text"": """"}, {""bbox"": [969.58, 438.38, 1475.0, 530.1], ""type"": ""formula"", ""text"": """"}, {""bbox"": [66.82, 1577.12, 967.82, 1659.38], ""type"": ""formula"", ""text"": """"}, {""bbox"": [57.98, 1657.03, 309.63, 1749.29], ""type"": ""handwritten"", ""text"": """"}, {""bbox"": [958.52, 614.69, 1580.1, 683.91], ""type"": ""handwritten"", ""text"": """"}, {""bbox"": [141.74, 2093.29, 625.22, 2164.56], ""type"": ""handwritten"", ""text"": """"}, {""bbox"": [39.85, 883.68, 430.65, 972.02], ""type"": ""formula"", ""text"": """"}, {""bbox"": [1374.27, 1965.36, 1529.1, 2094.71], ""type"": ""annotation"", ""text"": """"}, {""bbox"": [26.93, 441.99, 418.23, 532.89], ""type"": ""formula"", ""text"": """"}, {""bbox"": [647.14, 2236.65, 1098.88, 2323.19], ""type"": ""handwritten"", ""text"": """"}, {""bbox"": [873.92, 1367.47, 1232.23, 1444.37], ""type"": ""formula"", ""text"": """"}, {""bbox"": [655.92, 2047.74, 1339.6, 2110.04], ""type"": ""handwritten"", ""text"": """"}, {""bbox"": [1409.67, 1014.68, 1580.43, 1127.74], ""type"": ""annotation"", ""text"": """"}, {""bbox"": [798.26, 1087.58, 1329.49, 1174.22], ""type"": ""formula"", ""text"": """"}, {""bbox"": [644.83, 2168.95, 1275.13, 2260.16], ""type"": ""formula"", ""text"": """"}, {""bbox"": [875.04, 1281.94, 1577.87, 1377.76], ""type"": ""formula"", ""text"": """"}, {""bbox"": [60.71, 1576.94, 606.13, 1651.85], ""type"": ""formula"", ""text"": """"}, {""bbox"": [653.74, 2100.12, 1350.19, 2170.08], ""type"": ""handwritten"", ""text"": """"}, {""bbox"": [1168.01, 1474.87, 1310.35, 1604.3], ""type"": ""annotation"", ""text"": """"}, {""bbox"": [814.17, 305.25, 965.99, 453.98], ""type"": ""annotation"", ""text"": """"}, {""bbox"": [145.26, 1737.2, 575.27, 1821.92], ""type"": ""handwritten"", ""text"": """"}, {""bbox"": [798.54, 998.78, 1303.6, 1084.02], ""type"": ""handwritten"", ""text"": """"}, {""bbox"": [111.26, 1082.24, 1329.67, 1174.22], ""type"": ""handwritten"", ""text"": """"}, {""bbox"": [35.89, 1181.25, 1576.46, 1271.84], ""type"": ""handwritten"", ""text"": """"}]"
7e98a014-ec2d-57bf-991e-7b6ed5b9b67c.jpg,"[{""bbox"": [267.93, 1840.57, 2835.62, 2046.29], ""type"": ""handwritten"", ""text"": """"}, {""bbox"": [287.21, 1570.4, 2523.06, 1750.16], ""type"": ""handwritten"", ""text"": """"}, {""bbox"": [1059.35, 1160.4, 1846.12, 1309.88], ""type"": ""handwritten"", ""text"": """"}, {""bbox"": [353.62, 708.99, 2298.79, 947.55], ""type"": ""handwritten"", ""text"": """"}, {""bbox"": [1116.81, 1290.51, 1810.74, 1443.08], ""type"": ""handwritten"", ""text"": """"}, {""bbox"": [495.87, 1425.58, 2582.4, 1588.03], ""type"": ""handwritten"", ""text"": """"}, {""bbox"": [418.19, 1739.57, 1346.52, 1896.8], ""type"": ""handwritten"", ""text"": """"}, {""bbox"": [474.67, 2468.0, 1577.17, 2666.21], ""type"": ""handwritten"", ""text"": """"}, {""bbox"": [445.66, 2167.94, 1636.8, 2351.83], ""type"": ""handwritten"", ""text"": """"}, {""bbox"": [330.29, 460.5, 2181.21, 675.96], ""type"": ""handwritten"", ""text"": """"}, {""bbox"": [464.92, 2325.27, 1399.35, 2487.43], ""type"": ""handwritten"", ""text"": """"}, {""bbox"": [466.68, 2774.67, 1376.32, 2946.1], ""type"": ""handwritten"", ""text"": """"}, {""bbox"": [261.65, 2017.98, 2742.98, 2202.2], ""type"": ""handwritten"", ""text"": """"}, {""bbox"": [491.92, 2629.58, 1501.63, 2803.59], ""type"": ""handwritten"", ""text"": """"}, {""bbox"": [295.22, 2896.45, 2396.62, 3125.32], ""type"": ""handwritten"", ""text"": """"}, {""bbox"": [385.42, 186.18, 2472.9, 425.07], ""type"": ""handwritten"", ""text"": """"}, {""bbox"": [338.79, 321.53, 2612.53, 548.66], ""type"": ""handwritten"", ""text"": """"}, {""bbox"": [376.94, 635.67, 1311.91, 803.74], ""type"": ""handwritten"", ""text"": """"}]"
7eb51d2e-ee03-5d51-afcd-c7e30f59f19c.jpg,"[{""bbox"": [14.13, 2624.04, 3005.78, 2875.25], ""type"": ""handwritten"", ""text"": """"}, {""bbox"": [102.01, 2395.92, 2812.62, 2657.87], ""type"": ""handwritten"", ""text"": """"}, {""bbox"": [0.0, 1174.58, 2629.36, 1401.51], ""type"": ""handwritten"", ""text"": """"}, {""bbox"": [4.04, 961.05, 2743.76, 1197.25], ""type"": ""handwritten"", ""text"": """"}, {""bbox"": [106.64, 2196.22, 2776.55, 2433.97], ""type"": ""handwritten"", ""text"": """"}, {""bbox"": [5.15, 1386.21, 2338.73, 1596.42], ""type"": ""handwritten"", ""text"": """"}, {""bbox"": [94.62, 1992.29, 2679.87, 2217.21], ""type"": ""handwritten"", ""text"": """"}, {""bbox"": [27.81, 572.9, 2626.45, 800.17], ""type"": ""handwritten"", ""text"": """"}, {""bbox"": [20.8, 1593.07, 2607.96, 1800.99], ""type"": ""handwritten"", ""text"": """"}, {""bbox"": [24.74, 371.61, 2483.1, 594.68], ""type"": ""handwritten"", ""text"": """"}, {""bbox"": [73.04, 1791.57, 2599.92, 2003.53], ""type"": ""handwritten"", ""text"": """"}, {""bbox"": [47.15, 777.38, 3102.18, 994.2], ""type"": ""handwritten"", ""text"": """"}, {""bbox"": [741.64, 4.39, 2501.23, 208.18], ""type"": ""handwritten"", ""text"": """"}, {""bbox"": [48.47, 3712.91, 3113.54, 4104.97], ""type"": ""handwritten"", ""text"": """"}, {""bbox"": [19.89, 185.73, 2824.71, 400.7], ""type"": ""handwritten"", ""text"": """"}, {""bbox"": [5.2, 3515.93, 2431.99, 3849.14], ""type"": ""handwritten"", ""text"": """"}, {""bbox"": [8.53, 3291.24, 2437.78, 3616.34], ""type"": ""handwritten"", ""text"": """"}, {""bbox"": [4.64, 2835.04, 2638.92, 3119.25], ""type"": ""handwritten"", ""text"": """"}, {""bbox"": [13.06, 3048.49, 2873.85, 3342.11], ""type"": ""handwritten"", ""text"": """"}]"
80819b77-4801-4050-a586-272a1745f6bc.jpg,"[{""bbox"": [75.47, 2498.16, 2934.37, 2719.37], ""type"": ""handwritten"", ""text"": """"}, {""bbox"": [49.78, 2698.11, 2881.68, 2927.27], ""type"": ""handwritten"", ""text"": """"}, {""bbox"": [347.29, 234.28, 2935.97, 429.76], ""type"": ""handwritten"", ""text"": """"}, {""bbox"": [101.03, 549.61, 2961.51, 763.58], ""type"": ""handwritten"", ""text"": """"}, {""bbox"": [92.85, 1591.33, 2908.91, 1796.52], ""type"": ""handwritten"", ""text"": """"}, {""bbox"": [76.04, 2912.75, 2886.91, 3118.03], ""type"": ""handwritten"", ""text"": """"}, {""bbox"": [87.6, 395.59, 2890.9, 561.67], ""type"": ""handwritten"", ""text"": """"}, {""bbox"": [70.69, 1785.82, 2914.78, 1992.35], ""type"": ""handwritten"", ""text"": """"}, {""bbox"": [149.97, 3455.67, 2615.4, 3655.78], ""type"": ""handwritten"", ""text"": """"}, {""bbox"": [94.44, 1983.44, 2910.75, 2166.15], ""type"": ""handwritten"", ""text"": """"}, {""bbox"": [330.96, 967.4, 2993.75, 1191.1], ""type"": ""handwritten"", ""text"": """"}, {""bbox"": [216.23, 3286.38, 2867.07, 3497.35], ""type"": ""handwritten"", ""text"": """"}, {""bbox"": [124.42, 3089.33, 2910.5, 3301.73], ""type"": ""handwritten"", ""text"": """"}, {""bbox"": [473.22, 2311.8, 2844.99, 2499.84], ""type"": ""handwritten"", ""text"": """"}, {""bbox"": [70.02, 1370.12, 2972.16, 1588.4], ""type"": ""handwritten"", ""text"": """"}, {""bbox"": [80.5, 741.47, 1298.57, 943.4], ""type"": ""handwritten"", ""text"": """"}, {""bbox"": [72.91, 1162.54, 2982.59, 1381.96], ""type"": ""handwritten"", ""text"": """"}, {""bbox"": [914.56, 29.07, 1544.26, 237.38], ""type"": ""handwritten"", ""text"": """"}, {""bbox"": [82.25, 2176.1, 407.25, 2365.71], ""type"": ""handwritten"", ""text"": """"}]"
80d0aed6-6f29-45f8-aa4c-7a7a8b94cb0f.jpg,"[{""bbox"": [16.97, 2081.05, 1641.05, 2178.36], ""type"": ""handwritten"", ""text"": """"}, {""bbox"": [17.96, 0.99, 379.98, 69.08], ""type"": ""handwritten"", ""text"": """"}, {""bbox"": [22.19, 13.36, 1602.75, 146.5], ""type"": ""handwritten"", ""text"": """"}, {""bbox"": [18.67, 1934.93, 1655.44, 2024.96], ""type"": ""handwritten"", ""text"": """"}, {""bbox"": [17.67, 847.82, 1652.34, 1025.43], ""type"": ""handwritten"", ""text"": """"}, {""bbox"": [18.61, 1105.47, 1633.82, 1264.95], ""type"": ""handwritten"", ""text"": """"}, {""bbox"": [18.41, 361.21, 1627.55, 521.89], ""type"": ""handwritten"", ""text"": """"}, {""bbox"": [24.01, 190.22, 1633.13, 342.77], ""type"": ""handwritten"", ""text"": """"}, {""bbox"": [16.3, 1254.22, 1655.46, 1421.07], ""type"": ""handwritten"", ""text"": """"}, {""bbox"": [23.69, 1811.99, 1647.29, 1931.65], ""type"": ""handwritten"", ""text"": """"}, {""bbox"": [19.13, 516.05, 1286.51, 651.71], ""type"": ""handwritten"", ""text"": """"}, {""bbox"": [17.5, 1995.98, 1655.7, 2067.24], ""type"": ""handwritten"", ""text"": """"}, {""bbox"": [17.67, 908.3, 1653.53, 1082.01], ""type"": ""handwritten"", ""text"": """"}, {""bbox"": [19.24, 124.53, 1636.3, 293.35], ""type"": ""handwritten"", ""text"": """"}, {""bbox"": [15.65, 429.81, 1647.13, 577.29], ""type"": ""handwritten"", ""text"": """"}, {""bbox"": [11.95, 1372.24, 1649.87, 1534.7], ""type"": ""handwritten"", ""text"": """"}, {""bbox"": [10.18, 1604.01, 1651.97, 1764.56], ""type"": ""handwritten"", ""text"": """"}, {""bbox"": [22.67, 1903.04, 489.3, 1970.01], ""type"": ""handwritten"", ""text"": """"}, {""bbox"": [9.62, 1440.5, 1647.21, 1604.73], ""type"": ""handwritten"", ""text"": """"}, {""bbox"": [16.03, 585.81, 1652.22, 751.22], ""type"": ""handwritten"", ""text"": """"}, {""bbox"": [13.43, 772.63, 1654.09, 948.67], ""type"": ""handwritten"", ""text"": """"}, {""bbox"": [16.35, 1178.9, 1651.23, 1331.75], ""type"": ""handwritten"", ""text"": """"}, {""bbox"": [12.61, 688.75, 1646.83, 870.44], ""type"": ""handwritten"", ""text"": """"}, {""bbox"": [19.05, 950.87, 1653.42, 1136.09], ""type"": ""handwritten"", ""text"": """"}, {""bbox"": [20.58, 77.41, 1616.82, 217.01], ""type"": ""handwritten"", ""text"": """"}, {""bbox"": [19.95, 299.69, 1643.01, 462.48], ""type"": ""handwritten"", ""text"": """"}, {""bbox"": [15.5, 2032.39, 1649.26, 2114.81], ""type"": ""handwritten"", ""text"": """"}, {""bbox"": [10.91, 1532.68, 1655.41, 1703.26], ""type"": ""handwritten"", ""text"": """"}, {""bbox"": [10.79, 1477.82, 1656.0, 1639.1], ""type"": ""handwritten"", ""text"": """"}, {""bbox"": [24.64, 248.99, 1642.06, 409.5], ""type"": ""handwritten"", ""text"": """"}, {""bbox"": [18.02, 1005.48, 1653.02, 1171.49], ""type"": ""handwritten"", ""text"": """"}, {""bbox"": [11.47, 556.72, 1656.0, 695.19], ""type"": ""handwritten"", ""text"": """"}, {""bbox"": [27.74, 1324.17, 1650.63, 1465.33], ""type"": ""handwritten"", ""text"": """"}, {""bbox"": [9.07, 1674.97, 1644.84, 1820.11], ""type"": ""handwritten"", ""text"": """"}, {""bbox"": [9.33, 1725.3, 1613.4, 1857.2], ""type"": ""handwritten"", ""text"": """"}, {""bbox"": [13.57, 656.37, 1654.46, 809.18], ""type"": ""handwritten"", ""text"": """"}, {""bbox"": [10.09, 1762.83, 1656.0, 1907.38], ""type"": ""handwritten"", ""text"": """"}, {""bbox"": [27.46, 1265.33, 897.69, 1387.45], ""type"": ""handwritten"", ""text"": """"}, {""bbox"": [1491.03, 2219.65, 1578.15, 2295.34], ""type"": ""annotation"", ""text"": """"}, {""bbox"": [647.42, 1775.82, 1513.77, 1846.1], ""type"": ""handwritten"", ""text"": """"}, {""bbox"": [319.9, 68.08, 1610.12, 159.35], ""type"": ""handwritten"", ""text"": """"}]"
812989c1-79d3-5672-abb5-7e03cde94288.jpg,"[{""bbox"": [181.4, 39.61, 1522.32, 185.32], ""type"": ""formula"", ""text"": """"}, {""bbox"": [690.95, 578.51, 1018.8, 735.73], ""type"": ""handwritten"", ""text"": """"}, {""bbox"": [166.96, 731.46, 383.47, 846.0], ""type"": ""handwritten"", ""text"": """"}, {""bbox"": [133.75, 871.41, 445.95, 991.58], ""type"": ""formula"", ""text"": """"}, {""bbox"": [184.43, 318.05, 1463.46, 437.95], ""type"": ""formula"", ""text"": """"}, {""bbox"": [202.38, 459.22, 1035.23, 594.86], ""type"": ""handwritten"", ""text"": """"}, {""bbox"": [343.88, 174.36, 1690.04, 317.71], ""type"": ""formula"", ""text"": """"}, {""bbox"": [1173.75, 327.38, 1477.48, 416.17], ""type"": ""handwritten"", ""text"": """"}]"
81bf9ff0-a620-5e25-986f-39391f894cf5.jpg,"[{""bbox"": [937.4, 1028.48, 1715.66, 1213.69], ""type"": ""handwritten"", ""text"": """"}, {""bbox"": [478.73, 1421.55, 2658.22, 1607.25], ""type"": ""handwritten"", ""text"": """"}, {""bbox"": [475.58, 1678.12, 2028.0, 1842.07], ""type"": ""handwritten"", ""text"": """"}, {""bbox"": [527.13, 1794.57, 2662.43, 1995.71], ""type"": ""handwritten"", ""text"": """"}, {""bbox"": [715.1, 1154.53, 1764.78, 1354.06], ""type"": ""handwritten"", ""text"": """"}, {""bbox"": [545.68, 1551.94, 2626.37, 1730.89], ""type"": ""handwritten"", ""text"": """"}, {""bbox"": [527.07, 1280.27, 1756.5, 1483.16], ""type"": ""handwritten"", ""text"": """"}, {""bbox"": [0.4, 2759.77, 431.47, 2993.29], ""type"": ""handwritten"", ""text"": """"}, {""bbox"": [0.15, 2183.93, 486.33, 2358.58], ""type"": ""handwritten"", ""text"": """"}, {""bbox"": [0.0, 1917.32, 240.81, 2090.52], ""type"": ""handwritten"", ""text"": """"}, {""bbox"": [0.14, 2638.33, 358.58, 2806.61], ""type"": ""handwritten"", ""text"": """"}, {""bbox"": [0.0, 2066.48, 178.72, 2200.89], ""type"": ""handwritten"", ""text"": """"}, {""bbox"": [0.0, 1018.8, 175.26, 1164.3], ""type"": ""handwritten"", ""text"": """"}, {""bbox"": [0.5, 1898.16, 510.03, 2086.5], ""type"": ""handwritten"", ""text"": """"}, {""bbox"": [501.75, 1095.55, 1755.98, 1433.21], ""type"": ""handwritten"", ""text"": """"}, {""bbox"": [83.28, 1384.29, 286.22, 1486.02], ""type"": ""annotation"", ""text"": """"}, {""bbox"": [0.0, 1009.28, 200.24, 1208.46], ""type"": ""handwritten"", ""text"": """"}, {""bbox"": [0.9, 3044.03, 454.39, 3104.0], ""type"": ""handwritten"", ""text"": """"}]"
83fb89dc-812a-5be8-9405-7847a23e46dc.jpg,"[{""bbox"": [1498.24, 903.96, 3508.34, 1282.81], ""type"": ""formula"", ""text"": """"}, {""bbox"": [399.44, 587.75, 1978.0, 882.04], ""type"": ""formula"", ""text"": """"}, {""bbox"": [326.7, 215.08, 2373.61, 621.49], ""type"": ""handwritten"", ""text"": """"}, {""bbox"": [1523.46, 1242.22, 2844.44, 1625.11], ""type"": ""handwritten"", ""text"": """"}, {""bbox"": [408.35, 876.86, 1343.57, 1119.07], ""type"": ""formula"", ""text"": """"}, {""bbox"": [407.04, 597.32, 1340.74, 832.29], ""type"": ""formula"", ""text"": """"}, {""bbox"": [1452.94, 637.79, 1957.0, 879.47], ""type"": ""formula"", ""text"": """"}, {""bbox"": [359.37, 1104.71, 782.46, 1399.65], ""type"": ""formula"", ""text"": """"}, {""bbox"": [348.78, 595.47, 1357.31, 1376.73], ""type"": ""graph"", ""text"": """"}, {""bbox"": [1526.12, 1247.07, 2202.98, 1620.34], ""type"": ""handwritten"", ""text"": """"}]"
84226802-42a8-44da-adaf-4e13ed2e4e6f.jpg,"[{""bbox"": [217.5, 1211.45, 2844.87, 1405.12], ""type"": ""handwritten"", ""text"": """"}, {""bbox"": [219.36, 1546.21, 2749.81, 1720.7], ""type"": ""handwritten"", ""text"": """"}, {""bbox"": [198.23, 3107.5, 2771.97, 3285.64], ""type"": ""handwritten"", ""text"": """"}, {""bbox"": [220.53, 2805.34, 1781.94, 2976.72], ""type"": ""handwritten"", ""text"": """"}, {""bbox"": [241.07, 2182.42, 2701.16, 2353.98], ""type"": ""handwritten"", ""text"": """"}, {""bbox"": [224.84, 1714.67, 2553.21, 1880.38], ""type"": ""handwritten"", ""text"": """"}, {""bbox"": [194.82, 1390.31, 2716.21, 1564.58], ""type"": ""handwritten"", ""text"": """"}, {""bbox"": [185.94, 799.53, 2878.23, 1007.93], ""type"": ""handwritten"", ""text"": """"}, {""bbox"": [263.46, 2645.83, 2633.15, 2813.9], ""type"": ""handwritten"", ""text"": """"}, {""bbox"": [237.17, 2030.65, 2718.23, 2200.79], ""type"": ""handwritten"", ""text"": """"}, {""bbox"": [147.71, 333.17, 2600.32, 528.79], ""type"": ""handwritten"", ""text"": """"}, {""bbox"": [274.66, 3259.15, 2616.93, 3441.15], ""type"": ""handwritten"", ""text"": """"}, {""bbox"": [260.48, 3423.44, 2635.76, 3583.98], ""type"": ""handwritten"", ""text"": """"}, {""bbox"": [264.68, 3564.58, 2747.4, 3726.63], ""type"": ""handwritten"", ""text"": """"}, {""bbox"": [407.43, 2946.46, 2453.92, 3128.06], ""type"": ""handwritten"", ""text"": """"}, {""bbox"": [252.27, 2330.08, 2579.93, 2517.87], ""type"": ""handwritten"", ""text"": """"}, {""bbox"": [361.51, 604.33, 2879.44, 827.47], ""type"": ""handwritten"", ""text"": """"}, {""bbox"": [254.46, 2501.6, 2398.11, 2666.72], ""type"": ""handwritten"", ""text"": """"}, {""bbox"": [420.99, 161.91, 2516.91, 358.92], ""type"": ""handwritten"", ""text"": """"}, {""bbox"": [172.23, 1025.28, 2670.25, 1227.23], ""type"": ""handwritten"", ""text"": """"}, {""bbox"": [250.01, 1858.53, 2836.9, 2044.8], ""type"": ""handwritten"", ""text"": """"}, {""bbox"": [973.03, 0.02, 2129.53, 198.5], ""type"": ""handwritten"", ""text"": """"}, {""bbox"": [199.38, 484.68, 1152.59, 671.16], ""type"": ""handwritten"", ""text"": """"}, {""bbox"": [191.6, 493.88, 2716.77, 671.95], ""type"": ""handwritten"", ""text"": """"}]"
84fa6920-a410-4191-9e3a-c59eb8a410b5.jpg,"[{""bbox"": [51.06, 4.42, 1583.76, 637.46], ""type"": ""table"", ""text"": """"}, {""bbox"": [166.57, 892.31, 1655.87, 1009.7], ""type"": ""handwritten"", ""text"": """"}, {""bbox"": [87.36, 1180.93, 1418.94, 1293.22], ""type"": ""handwritten"", ""text"": """"}, {""bbox"": [155.03, 1083.29, 1643.5, 1202.57], ""type"": ""handwritten"", ""text"": """"}, {""bbox"": [161.05, 654.43, 1654.49, 763.54], ""type"": ""handwritten"", ""text"": """"}, {""bbox"": [60.41, 742.2, 1654.69, 866.39], ""type"": ""handwritten"", ""text"": """"}, {""bbox"": [155.96, 988.78, 1652.73, 1104.03], ""type"": ""handwritten"", ""text"": """"}, {""bbox"": [63.49, 806.44, 409.47, 890.19], ""type"": ""handwritten"", ""text"": """"}, {""bbox"": [109.05, 585.59, 310.53, 653.34], ""type"": ""handwritten"", ""text"": """"}, {""bbox"": [1386.27, 479.12, 1469.93, 525.17], ""type"": ""annotation"", ""text"": """"}, {""bbox"": [321.56, 28.17, 653.73, 77.72], ""type"": ""handwritten"", ""text"": """"}, {""bbox"": [923.95, 0.0, 1638.27, 536.48], ""type"": ""table"", ""text"": """"}, {""bbox"": [1394.84, 54.09, 1624.69, 118.46], ""type"": ""handwritten"", ""text"": """"}, {""bbox"": [579.99, 596.79, 692.75, 637.74], ""type"": ""handwritten"", ""text"": """"}, {""bbox"": [1615.12, 751.72, 1650.61, 787.7], ""type"": ""handwritten"", ""text"": """"}]"
86625e72-e149-415a-b51e-cbe1bd7dd644.jpg,"[{""bbox"": [23.67, 702.45, 490.29, 739.91], ""type"": ""handwritten"", ""text"": """"}, {""bbox"": [29.16, 599.62, 555.68, 636.63], ""type"": ""handwritten"", ""text"": """"}, {""bbox"": [30.34, 635.23, 559.85, 675.71], ""type"": ""handwritten"", ""text"": """"}, {""bbox"": [27.59, 565.32, 531.71, 603.53], ""type"": ""handwritten"", ""text"": """"}, {""bbox"": [29.29, 530.03, 576.08, 569.97], ""type"": ""handwritten"", ""text"": """"}, {""bbox"": [28.58, 498.39, 556.63, 535.46], ""type"": ""handwritten"", ""text"": """"}, {""bbox"": [38.8, 773.6, 562.91, 812.88], ""type"": ""handwritten"", ""text"": """"}, {""bbox"": [136.16, 192.4, 546.39, 238.03], ""type"": ""handwritten"", ""text"": """"}, {""bbox"": [39.45, 737.5, 574.13, 777.96], ""type"": ""handwritten"", ""text"": """"}, {""bbox"": [43.59, 671.89, 415.73, 705.14], ""type"": ""handwritten"", ""text"": """"}, {""bbox"": [30.16, 429.44, 548.04, 469.46], ""type"": ""handwritten"", ""text"": """"}, {""bbox"": [35.91, 294.67, 556.72, 337.59], ""type"": ""handwritten"", ""text"": """"}, {""bbox"": [36.5, 264.37, 558.2, 307.18], ""type"": ""handwritten"", ""text"": """"}, {""bbox"": [39.72, 318.55, 570.8, 370.14], ""type"": ""handwritten"", ""text"": """"}, {""bbox"": [39.25, 228.91, 539.91, 277.22], ""type"": ""handwritten"", ""text"": """"}, {""bbox"": [27.33, 464.24, 555.64, 502.18], ""type"": ""handwritten"", ""text"": """"}, {""bbox"": [34.24, 363.51, 517.36, 408.17], ""type"": ""handwritten"", ""text"": """"}, {""bbox"": [33.85, 391.51, 538.61, 434.37], ""type"": ""handwritten"", ""text"": """"}, {""bbox"": [40.64, 805.65, 500.66, 857.01], ""type"": ""handwritten"", ""text"": """"}, {""bbox"": [33.05, 328.51, 549.36, 391.62], ""type"": ""handwritten"", ""text"": """"}, {""bbox"": [36.42, 226.79, 549.48, 314.9], ""type"": ""handwritten"", ""text"": """"}, {""bbox"": [0.86, 95.27, 577.0, 122.45], ""type"": ""handwritten"", ""text"": """"}]"
8772d631-a32a-4004-b46b-64fec1300d83.jpg,"[{""bbox"": [20.77, 1403.27, 1625.36, 1494.7], ""type"": ""handwritten"", ""text"": """"}, {""bbox"": [22.34, 1313.25, 1599.73, 1417.41], ""type"": ""handwritten"", ""text"": """"}, {""bbox"": [24.72, 1952.21, 1563.96, 2041.12], ""type"": ""handwritten"", ""text"": """"}, {""bbox"": [40.38, 20.7, 1578.87, 123.43], ""type"": ""handwritten"", ""text"": """"}, {""bbox"": [28.92, 1625.05, 1529.38, 1722.55], ""type"": ""handwritten"", ""text"": """"}, {""bbox"": [28.94, 1890.75, 1053.06, 1964.04], ""type"": ""handwritten"", ""text"": """"}, {""bbox"": [29.85, 1764.64, 1359.38, 1840.92], ""type"": ""handwritten"", ""text"": """"}, {""bbox"": [64.51, 287.86, 1649.18, 439.39], ""type"": ""handwritten"", ""text"": """"}, {""bbox"": [16.13, 2199.38, 1461.54, 2316.43], ""type"": ""handwritten"", ""text"": """"}, {""bbox"": [13.28, 1224.92, 267.2, 1322.74], ""type"": ""handwritten"", ""text"": """"}, {""bbox"": [28.31, 1826.96, 1442.71, 1902.2], ""type"": ""handwritten"", ""text"": """"}, {""bbox"": [23.11, 204.08, 837.36, 300.57], ""type"": ""handwritten"", ""text"": """"}, {""bbox"": [129.53, 395.88, 670.57, 483.53], ""type"": ""handwritten"", ""text"": """"}, {""bbox"": [24.87, 1550.79, 1574.26, 1646.91], ""type"": ""handwritten"", ""text"": """"}, {""bbox"": [12.07, 2064.84, 1500.17, 2187.75], ""type"": ""handwritten"", ""text"": """"}, {""bbox"": [23.18, 1046.73, 1623.36, 1204.1], ""type"": ""handwritten"", ""text"": """"}, {""bbox"": [34.65, 114.64, 1604.12, 215.12], ""type"": ""handwritten"", ""text"": """"}, {""bbox"": [23.54, 1692.48, 711.78, 1772.97], ""type"": ""handwritten"", ""text"": """"}, {""bbox"": [21.23, 956.04, 1621.12, 1113.75], ""type"": ""handwritten"", ""text"": """"}, {""bbox"": [22.27, 866.73, 1628.48, 1045.11], ""type"": ""handwritten"", ""text"": """"}, {""bbox"": [25.28, 1481.64, 1574.66, 1565.82], ""type"": ""handwritten"", ""text"": """"}, {""bbox"": [29.51, 786.52, 1634.74, 959.22], ""type"": ""handwritten"", ""text"": """"}, {""bbox"": [20.17, 1140.51, 659.96, 1243.56], ""type"": ""handwritten"", ""text"": """"}, {""bbox"": [12.14, 2131.22, 1269.05, 2237.59], ""type"": ""handwritten"", ""text"": """"}, {""bbox"": [1307.2, 2018.9, 1572.9, 2093.67], ""type"": ""handwritten"", ""text"": """"}, {""bbox"": [39.07, 705.65, 1248.46, 860.61], ""type"": ""handwritten"", ""text"": """"}, {""bbox"": [51.16, 476.08, 1641.92, 625.38], ""type"": ""handwritten"", ""text"": """"}, {""bbox"": [43.83, 557.04, 1637.51, 743.61], ""type"": ""handwritten"", ""text"": """"}, {""bbox"": [1260.79, 1285.94, 1361.69, 1348.66], ""type"": ""annotation"", ""text"": """"}, {""bbox"": [39.49, 634.83, 1634.14, 820.88], ""type"": ""handwritten"", ""text"": """"}, {""bbox"": [19.73, 2256.21, 1460.56, 2339.0], ""type"": ""handwritten"", ""text"": """"}]"
8b0afa40-06bb-5843-8d82-c4dd90e456c1.jpg,"[{""bbox"": [342.24, 2129.89, 792.94, 2522.62], ""type"": ""handwritten"", ""text"": """"}, {""bbox"": [377.07, 1720.26, 830.69, 2088.24], ""type"": ""handwritten"", ""text"": """"}, {""bbox"": [437.42, 678.88, 888.42, 988.37], ""type"": ""handwritten"", ""text"": """"}, {""bbox"": [2908.81, 1206.89, 3420.34, 1507.4], ""type"": ""handwritten"", ""text"": """"}, {""bbox"": [2919.37, 1494.67, 3333.65, 1828.31], ""type"": ""handwritten"", ""text"": """"}, {""bbox"": [2929.82, 1840.47, 3404.82, 2156.94], ""type"": ""handwritten"", ""text"": """"}, {""bbox"": [2204.01, 849.99, 2448.83, 1071.89], ""type"": ""handwritten"", ""text"": """"}, {""bbox"": [435.26, 977.72, 836.09, 1362.24], ""type"": ""handwritten"", ""text"": """"}, {""bbox"": [2941.45, 2476.71, 3566.62, 2786.93], ""type"": ""handwritten"", ""text"": """"}, {""bbox"": [2924.22, 928.76, 3270.77, 1183.71], ""type"": ""handwritten"", ""text"": """"}, {""bbox"": [2931.64, 2160.45, 3367.88, 2433.19], ""type"": ""handwritten"", ""text"": """"}, {""bbox"": [441.63, 1147.43, 826.13, 1358.6], ""type"": ""handwritten"", ""text"": """"}, {""bbox"": [243.35, 2506.81, 878.52, 2885.77], ""type"": ""handwritten"", ""text"": """"}, {""bbox"": [433.63, 1338.65, 834.07, 1731.65], ""type"": ""handwritten"", ""text"": """"}, {""bbox"": [2077.88, 511.48, 3477.31, 966.72], ""type"": ""handwritten"", ""text"": """"}, {""bbox"": [413.68, 585.58, 952.3, 1348.94], ""type"": ""annotation"", ""text"": """"}, {""bbox"": [386.02, 1903.79, 810.56, 2085.19], ""type"": ""handwritten"", ""text"": """"}, {""bbox"": [1214.96, 877.34, 3456.8, 2450.14], ""type"": ""table"", ""text"": """"}, {""bbox"": [2923.23, 1652.34, 3301.36, 1826.42], ""type"": ""handwritten"", ""text"": """"}, {""bbox"": [613.15, 2503.4, 890.65, 2879.2], ""type"": ""handwritten"", ""text"": """"}, {""bbox"": [0.78, 686.65, 881.33, 1004.01], ""type"": ""handwritten"", ""text"": """"}, {""bbox"": [2888.46, 1197.21, 3441.23, 1821.87], ""type"": ""annotation"", ""text"": """"}, {""bbox"": [436.96, 1537.76, 811.39, 1728.71], ""type"": ""handwritten"", ""text"": """"}, {""bbox"": [2085.66, 510.69, 2645.22, 922.2], ""type"": ""handwritten"", ""text"": """"}]"
8c457781-c5c3-4648-90d3-22c5c95d2abf.jpg,"[{""bbox"": [301.66, 251.01, 1407.97, 439.63], ""type"": ""handwritten"", ""text"": """"}, {""bbox"": [477.3, 570.63, 2169.71, 640.33], ""type"": ""printed"", ""text"": """"}, {""bbox"": [348.2, 665.46, 2149.3, 747.19], ""type"": ""printed"", ""text"": """"}, {""bbox"": [341.66, 769.18, 2153.85, 843.3], ""type"": ""printed"", ""text"": """"}, {""bbox"": [334.08, 870.74, 1568.07, 942.65], ""type"": ""printed"", ""text"": """"}, {""bbox"": [1085.3, 1289.25, 1682.3, 1349.83], ""type"": ""printed"", ""text"": """"}, {""bbox"": [559.9, 979.14, 1674.49, 1046.69], ""type"": ""printed"", ""text"": """"}, {""bbox"": [1650.17, 1126.04, 2016.27, 1190.81], ""type"": ""printed"", ""text"": """"}, {""bbox"": [1940.76, 208.89, 2062.2, 345.73], ""type"": ""annotation"", ""text"": """"}, {""bbox"": [1228.33, 774.88, 2173.66, 834.17], ""type"": ""printed"", ""text"": """"}]"
8d61156d-be9d-43a5-82b8-8ac68bb0c74f.jpg,"[{""bbox"": [126.26, 592.43, 1084.56, 632.21], ""type"": ""handwritten"", ""text"": """"}, {""bbox"": [143.71, 877.34, 1146.39, 917.55], ""type"": ""handwritten"", ""text"": """"}, {""bbox"": [119.16, 178.34, 673.88, 212.88], ""type"": ""handwritten"", ""text"": """"}, {""bbox"": [122.36, 423.24, 1117.09, 472.95], ""type"": ""handwritten"", ""text"": """"}, {""bbox"": [125.17, 507.92, 1072.05, 551.15], ""type"": ""handwritten"", ""text"": """"}, {""bbox"": [123.26, 466.32, 1108.93, 512.46], ""type"": ""handwritten"", ""text"": """"}, {""bbox"": [129.36, 711.19, 1110.35, 753.05], ""type"": ""handwritten"", ""text"": """"}, {""bbox"": [140.14, 923.11, 1134.82, 969.76], ""type"": ""handwritten"", ""text"": """"}, {""bbox"": [127.81, 670.22, 1124.6, 710.37], ""type"": ""handwritten"", ""text"": """"}, {""bbox"": [135.42, 829.69, 1101.81, 868.27], ""type"": ""handwritten"", ""text"": """"}, {""bbox"": [127.97, 629.39, 1125.86, 667.91], ""type"": ""handwritten"", ""text"": """"}, {""bbox"": [131.92, 750.14, 1134.72, 788.17], ""type"": ""handwritten"", ""text"": """"}, {""bbox"": [132.54, 789.53, 1106.53, 828.82], ""type"": ""handwritten"", ""text"": """"}, {""bbox"": [401.64, 124.06, 570.15, 152.47], ""type"": ""handwritten"", ""text"": """"}, {""bbox"": [120.63, 381.57, 1110.7, 432.84], ""type"": ""handwritten"", ""text"": """"}, {""bbox"": [121.46, 271.42, 1089.73, 331.15], ""type"": ""handwritten"", ""text"": """"}, {""bbox"": [139.23, 967.12, 976.94, 1012.41], ""type"": ""handwritten"", ""text"": """"}, {""bbox"": [129.8, 555.25, 207.3, 585.45], ""type"": ""handwritten"", ""text"": """"}, {""bbox"": [122.83, 228.4, 1070.52, 289.7], ""type"": ""handwritten"", ""text"": """"}, {""bbox"": [122.86, 207.93, 849.79, 251.61], ""type"": ""handwritten"", ""text"": """"}, {""bbox"": [119.84, 341.79, 1076.3, 401.41], ""type"": ""handwritten"", ""text"": """"}, {""bbox"": [119.79, 307.88, 1056.2, 372.45], ""type"": ""handwritten"", ""text"": """"}]"
8f108fd4-5550-5493-93bd-fc43c53068b4.jpg,"[{""bbox"": [116.56, 2244.04, 2961.32, 2436.82], ""type"": ""handwritten"", ""text"": """"}, {""bbox"": [80.24, 954.43, 2422.2, 1146.19], ""type"": ""handwritten"", ""text"": """"}, {""bbox"": [84.34, 1261.03, 2921.93, 1474.3], ""type"": ""handwritten"", ""text"": """"}, {""bbox"": [84.22, 165.19, 2834.28, 359.6], ""type"": ""handwritten"", ""text"": """"}, {""bbox"": [87.01, 2581.77, 2941.94, 2779.46], ""type"": ""handwritten"", ""text"": """"}, {""bbox"": [82.37, 648.41, 2235.78, 826.11], ""type"": ""handwritten"", ""text"": """"}, {""bbox"": [96.21, 4.8, 2604.01, 199.14], ""type"": ""handwritten"", ""text"": """"}, {""bbox"": [97.03, 2853.84, 2937.52, 3094.37], ""type"": ""handwritten"", ""text"": """"}, {""bbox"": [84.26, 327.67, 1662.78, 496.96], ""type"": ""handwritten"", ""text"": """"}, {""bbox"": [98.08, 2409.21, 2829.57, 2610.94], ""type"": ""handwritten"", ""text"": """"}, {""bbox"": [769.64, 2087.59, 1947.64, 2264.05], ""type"": ""handwritten"", ""text"": """"}, {""bbox"": [592.68, 1940.93, 1855.2, 2106.16], ""type"": ""handwritten"", ""text"": """"}, {""bbox"": [90.07, 487.15, 1389.3, 661.77], ""type"": ""handwritten"", ""text"": """"}, {""bbox"": [81.62, 1123.64, 1605.94, 1303.06], ""type"": ""handwritten"", ""text"": """"}, {""bbox"": [73.55, 3049.29, 1376.76, 3273.19], ""type"": ""handwritten"", ""text"": """"}, {""bbox"": [88.91, 1443.14, 1479.56, 1639.72], ""type"": ""handwritten"", ""text"": """"}, {""bbox"": [78.76, 808.99, 1946.57, 982.43], ""type"": ""handwritten"", ""text"": """"}]"
8f730993-8a0f-436f-b56a-e710851adad4.jpg,"[{""bbox"": [225.74, 288.55, 1042.25, 336.82], ""type"": ""handwritten"", ""text"": """"}, {""bbox"": [160.09, 1676.73, 1058.89, 1728.88], ""type"": ""handwritten"", ""text"": """"}, {""bbox"": [164.66, 870.32, 1035.45, 921.65], ""type"": ""handwritten"", ""text"": """"}, {""bbox"": [164.96, 984.26, 1050.86, 1034.81], ""type"": ""handwritten"", ""text"": """"}, {""bbox"": [163.79, 518.2, 1075.16, 572.78], ""type"": ""handwritten"", ""text"": """"}, {""bbox"": [166.36, 1444.85, 1048.96, 1494.77], ""type"": ""handwritten"", ""text"": """"}, {""bbox"": [159.14, 1387.31, 1049.9, 1443.03], ""type"": ""handwritten"", ""text"": """"}, {""bbox"": [171.98, 1332.38, 1073.01, 1387.97], ""type"": ""handwritten"", ""text"": """"}, {""bbox"": [155.0, 689.51, 1030.48, 747.81], ""type"": ""handwritten"", ""text"": """"}, {""bbox"": [160.95, 406.07, 1062.97, 457.99], ""type"": ""handwritten"", ""text"": """"}, {""bbox"": [167.13, 1098.4, 1069.6, 1151.78], ""type"": ""handwritten"", ""text"": """"}, {""bbox"": [158.11, 749.08, 1067.94, 801.21], ""type"": ""handwritten"", ""text"": """"}, {""bbox"": [168.43, 924.14, 1039.84, 973.49], ""type"": ""handwritten"", ""text"": """"}, {""bbox"": [162.24, 633.39, 1064.53, 685.35], ""type"": ""handwritten"", ""text"": """"}, {""bbox"": [165.08, 1040.61, 1051.33, 1097.02], ""type"": ""handwritten"", ""text"": """"}, {""bbox"": [158.52, 808.48, 1043.56, 863.61], ""type"": ""handwritten"", ""text"": """"}, {""bbox"": [170.24, 1274.72, 1077.89, 1330.48], ""type"": ""handwritten"", ""text"": """"}, {""bbox"": [171.37, 1560.16, 1093.16, 1614.7], ""type"": ""handwritten"", ""text"": """"}, {""bbox"": [166.31, 458.65, 1060.93, 512.84], ""type"": ""handwritten"", ""text"": """"}, {""bbox"": [169.81, 1218.41, 1071.28, 1266.13], ""type"": ""handwritten"", ""text"": """"}, {""bbox"": [174.03, 1615.99, 1099.07, 1671.75], ""type"": ""handwritten"", ""text"": """"}, {""bbox"": [171.07, 1157.89, 1069.69, 1210.53], ""type"": ""handwritten"", ""text"": """"}, {""bbox"": [265.77, 171.64, 784.87, 213.0], ""type"": ""handwritten"", ""text"": """"}, {""bbox"": [166.6, 1501.51, 1058.5, 1557.02], ""type"": ""handwritten"", ""text"": """"}, {""bbox"": [165.39, 577.82, 1035.0, 629.81], ""type"": ""handwritten"", ""text"": """"}, {""bbox"": [270.91, 110.56, 891.27, 165.01], ""type"": ""handwritten"", ""text"": """"}, {""bbox"": [180.01, 347.38, 1006.53, 396.33], ""type"": ""handwritten"", ""text"": """"}, {""bbox"": [919.62, 55.07, 973.21, 85.19], ""type"": ""annotation"", ""text"": """"}, {""bbox"": [897.04, 114.71, 1095.9, 148.37], ""type"": ""annotation"", ""text"": """"}]"
8f883660-a534-4b7a-aca8-18b7fc97bf90.jpg,"[{""bbox"": [746.66, 124.4, 1001.55, 440.79], ""type"": ""image"", ""text"": """"}, {""bbox"": [65.62, 306.88, 712.6, 343.11], ""type"": ""printed"", ""text"": """"}, {""bbox"": [184.16, 941.34, 1679.73, 1006.79], ""type"": ""printed"", ""text"": """"}, {""bbox"": [95.46, 1038.49, 1694.5, 1115.59], ""type"": ""printed"", ""text"": """"}, {""bbox"": [317.44, 503.23, 1426.26, 553.43], ""type"": ""printed"", ""text"": """"}, {""bbox"": [100.57, 398.86, 667.43, 432.59], ""type"": ""printed"", ""text"": """"}, {""bbox"": [93.49, 1247.07, 1587.5, 1317.46], ""type"": ""printed"", ""text"": """"}, {""bbox"": [98.47, 1143.74, 1636.46, 1218.12], ""type"": ""printed"", ""text"": """"}, {""bbox"": [75.87, 181.94, 702.06, 231.63], ""type"": ""printed"", ""text"": """"}, {""bbox"": [193.5, 1465.12, 705.08, 1524.87], ""type"": ""printed"", ""text"": """"}, {""bbox"": [325.23, 739.44, 1274.84, 800.03], ""type"": ""printed"", ""text"": """"}, {""bbox"": [326.05, 247.15, 455.55, 291.59], ""type"": ""printed"", ""text"": """"}, {""bbox"": [312.22, 352.12, 463.91, 387.16], ""type"": ""printed"", ""text"": """"}, {""bbox"": [96.5, 1355.03, 598.6, 1422.19], ""type"": ""printed"", ""text"": """"}, {""bbox"": [226.55, 119.2, 543.84, 169.52], ""type"": ""printed"", ""text"": """"}, {""bbox"": [100.17, 1879.46, 636.11, 1942.36], ""type"": ""printed"", ""text"": """"}, {""bbox"": [239.29, 445.18, 543.54, 476.49], ""type"": ""printed"", ""text"": """"}, {""bbox"": [740.86, 1974.11, 1201.87, 2033.09], ""type"": ""printed"", ""text"": """"}, {""bbox"": [99.04, 1763.35, 1017.17, 1838.1], ""type"": ""printed"", ""text"": """"}, {""bbox"": [101.78, 1564.47, 868.24, 1630.93], ""type"": ""printed"", ""text"": """"}, {""bbox"": [1059.69, 176.05, 1654.74, 231.38], ""type"": ""printed"", ""text"": """"}, {""bbox"": [1302.35, 242.22, 1420.42, 282.74], ""type"": ""printed"", ""text"": """"}, {""bbox"": [118.9, 1667.58, 1171.15, 1732.39], ""type"": ""printed"", ""text"": """"}, {""bbox"": [326.88, 805.77, 964.61, 879.53], ""type"": ""printed"", ""text"": """"}, {""bbox"": [1266.67, 440.13, 1456.2, 470.26], ""type"": ""printed"", ""text"": """"}, {""bbox"": [1335.03, 597.38, 1611.93, 666.65], ""type"": ""annotation"", ""text"": """"}, {""bbox"": [322.87, 503.44, 719.83, 552.19], ""type"": ""printed"", ""text"": """"}, {""bbox"": [1285.14, 349.97, 1427.49, 378.57], ""type"": ""printed"", ""text"": """"}, {""bbox"": [409.57, 831.36, 1715.17, 898.16], ""type"": ""printed"", ""text"": """"}, {""bbox"": [1086.33, 300.04, 1655.53, 335.07], ""type"": ""printed"", ""text"": """"}, {""bbox"": [1104.59, 394.85, 1609.58, 428.03], ""type"": ""printed"", ""text"": """"}, {""bbox"": [573.09, 2208.73, 1573.58, 2419.36], ""type"": ""handwritten"", ""text"": """"}, {""bbox"": [1229.66, 112.02, 1494.37, 167.07], ""type"": ""printed"", ""text"": """"}, {""bbox"": [1231.94, 113.0, 1494.28, 138.47], ""type"": ""printed"", ""text"": """"}]"
8fd0b710-7b73-5e10-99c1-9c9c7e975390.jpg,"[{""bbox"": [447.27, 161.51, 1562.79, 395.07], ""type"": ""formula"", ""text"": """"}, {""bbox"": [714.6, 1724.37, 1285.29, 1893.99], ""type"": ""formula"", ""text"": """"}, {""bbox"": [710.88, 360.93, 1325.42, 542.42], ""type"": ""handwritten"", ""text"": """"}, {""bbox"": [2110.61, 624.25, 2956.97, 896.48], ""type"": ""formula"", ""text"": """"}, {""bbox"": [564.07, 1239.62, 3029.83, 1505.01], ""type"": ""handwritten"", ""text"": """"}, {""bbox"": [2161.43, 874.22, 2887.1, 1071.8], ""type"": ""formula"", ""text"": """"}, {""bbox"": [561.11, 1472.73, 1733.84, 1719.54], ""type"": ""handwritten"", ""text"": """"}, {""bbox"": [2493.68, 510.91, 2663.7, 640.21], ""type"": ""handwritten"", ""text"": """"}, {""bbox"": [518.03, 1096.3, 1395.11, 1295.02], ""type"": ""formula"", ""text"": """"}, {""bbox"": [531.15, 532.24, 1978.98, 1095.74], ""type"": ""formula"", ""text"": """"}, {""bbox"": [574.14, 924.05, 1781.54, 1125.18], ""type"": ""handwritten"", ""text"": """"}, {""bbox"": [388.58, 240.6, 533.74, 352.39], ""type"": ""handwritten"", ""text"": """"}]"
8fe7dd6d-ec76-538a-a07a-1d30573dbec0.jpg,"[{""bbox"": [88.57, 1941.42, 2513.62, 2161.22], ""type"": ""handwritten"", ""text"": """"}, {""bbox"": [53.27, 3058.55, 2538.05, 3264.91], ""type"": ""handwritten"", ""text"": """"}, {""bbox"": [80.15, 2865.16, 2731.69, 3066.85], ""type"": ""handwritten"", ""text"": """"}, {""bbox"": [88.66, 2132.47, 2274.83, 2330.2], ""type"": ""handwritten"", ""text"": """"}, {""bbox"": [106.42, 3240.14, 3024.0, 3458.79], ""type"": ""handwritten"", ""text"": """"}, {""bbox"": [124.99, 2670.91, 2662.59, 2865.97], ""type"": ""handwritten"", ""text"": """"}, {""bbox"": [137.6, 2317.21, 2448.32, 2507.09], ""type"": ""handwritten"", ""text"": """"}, {""bbox"": [201.83, 383.33, 2614.27, 668.24], ""type"": ""handwritten"", ""text"": """"}, {""bbox"": [77.07, 2494.6, 2136.38, 2685.73], ""type"": ""handwritten"", ""text"": """"}, {""bbox"": [128.84, 1398.18, 2582.22, 1646.11], ""type"": ""handwritten"", ""text"": """"}, {""bbox"": [223.88, 1234.46, 2751.85, 1489.17], ""type"": ""handwritten"", ""text"": """"}, {""bbox"": [155.24, 735.81, 2626.37, 977.64], ""type"": ""handwritten"", ""text"": """"}, {""bbox"": [113.31, 1594.52, 2524.0, 1819.23], ""type"": ""handwritten"", ""text"": """"}, {""bbox"": [176.15, 918.93, 2757.24, 1160.15], ""type"": ""handwritten"", ""text"": """"}, {""bbox"": [182.5, 1773.94, 1740.85, 1957.44], ""type"": ""handwritten"", ""text"": """"}, {""bbox"": [225.66, 1074.89, 2566.39, 1290.38], ""type"": ""handwritten"", ""text"": """"}, {""bbox"": [153.39, 574.64, 2545.61, 798.99], ""type"": ""handwritten"", ""text"": """"}, {""bbox"": [65.31, 3436.26, 652.04, 3622.28], ""type"": ""handwritten"", ""text"": """"}, {""bbox"": [0.0, 938.87, 96.23, 1076.46], ""type"": ""handwritten"", ""text"": """"}]"
904249d2-3ecc-481c-94f8-bdb2ce82906b.jpg,"[{""bbox"": [6.43, 518.43, 558.52, 549.89], ""type"": ""handwritten"", ""text"": """"}, {""bbox"": [51.14, 358.84, 561.78, 395.66], ""type"": ""handwritten"", ""text"": """"}, {""bbox"": [5.93, 389.03, 564.5, 424.24], ""type"": ""handwritten"", ""text"": """"}, {""bbox"": [5.13, 647.01, 559.56, 672.18], ""type"": ""handwritten"", ""text"": """"}, {""bbox"": [9.25, 416.9, 557.58, 449.95], ""type"": ""handwritten"", ""text"": """"}, {""bbox"": [4.22, 268.93, 559.37, 305.7], ""type"": ""handwritten"", ""text"": """"}, {""bbox"": [0.07, 797.98, 523.66, 825.88], ""type"": ""handwritten"", ""text"": """"}, {""bbox"": [26.13, 236.02, 559.3, 272.26], ""type"": ""handwritten"", ""text"": """"}, {""bbox"": [44.01, 774.54, 549.34, 801.48], ""type"": ""handwritten"", ""text"": """"}, {""bbox"": [4.61, 667.07, 555.87, 694.61], ""type"": ""handwritten"", ""text"": """"}, {""bbox"": [0.0, 821.07, 537.92, 856.37], ""type"": ""handwritten"", ""text"": """"}, {""bbox"": [6.91, 582.52, 562.48, 608.92], ""type"": ""handwritten"", ""text"": """"}, {""bbox"": [159.52, 150.35, 397.58, 186.75], ""type"": ""handwritten"", ""text"": """"}, {""bbox"": [1.29, 736.38, 548.99, 765.36], ""type"": ""handwritten"", ""text"": """"}, {""bbox"": [49.83, 178.35, 574.22, 215.65], ""type"": ""handwritten"", ""text"": """"}, {""bbox"": [9.47, 603.38, 560.66, 631.63], ""type"": ""handwritten"", ""text"": """"}, {""bbox"": [8.03, 470.62, 568.19, 501.45], ""type"": ""handwritten"", ""text"": """"}, {""bbox"": [41.12, 690.01, 520.78, 717.66], ""type"": ""handwritten"", ""text"": """"}, {""bbox"": [12.28, 544.84, 184.48, 569.93], ""type"": ""handwritten"", ""text"": """"}, {""bbox"": [8.3, 445.15, 549.52, 474.97], ""type"": ""handwritten"", ""text"": """"}, {""bbox"": [4.06, 758.08, 235.33, 780.98], ""type"": ""handwritten"", ""text"": """"}, {""bbox"": [3.03, 712.73, 548.0, 740.78], ""type"": ""handwritten"", ""text"": """"}, {""bbox"": [0.27, 848.27, 154.68, 878.83], ""type"": ""handwritten"", ""text"": """"}, {""bbox"": [3.58, 336.04, 359.98, 369.49], ""type"": ""handwritten"", ""text"": """"}, {""bbox"": [3.81, 301.34, 556.05, 339.55], ""type"": ""handwritten"", ""text"": """"}, {""bbox"": [25.28, 625.95, 504.68, 652.13], ""type"": ""handwritten"", ""text"": """"}, {""bbox"": [42.18, 558.09, 555.69, 586.77], ""type"": ""handwritten"", ""text"": """"}, {""bbox"": [2.39, 210.36, 558.53, 244.95], ""type"": ""handwritten"", ""text"": """"}, {""bbox"": [6.1, 482.56, 563.22, 505.04], ""type"": ""handwritten"", ""text"": """"}, {""bbox"": [10.07, 496.61, 488.25, 524.47], ""type"": ""handwritten"", ""text"": """"}]"
905fe63b-de06-4844-b5cf-d67f29821de4.jpg,"[{""bbox"": [57.18, 404.31, 536.56, 431.15], ""type"": ""handwritten"", ""text"": """"}, {""bbox"": [159.56, 133.76, 394.79, 164.55], ""type"": ""handwritten"", ""text"": """"}, {""bbox"": [129.15, 718.01, 561.68, 743.85], ""type"": ""handwritten"", ""text"": """"}, {""bbox"": [42.82, 362.2, 551.44, 389.42], ""type"": ""handwritten"", ""text"": """"}, {""bbox"": [47.29, 383.5, 563.05, 409.68], ""type"": ""handwritten"", ""text"": """"}, {""bbox"": [47.94, 421.68, 565.57, 453.73], ""type"": ""handwritten"", ""text"": """"}, {""bbox"": [73.24, 755.95, 552.81, 784.6], ""type"": ""handwritten"", ""text"": """"}, {""bbox"": [126.48, 174.58, 514.82, 209.67], ""type"": ""handwritten"", ""text"": """"}, {""bbox"": [51.29, 250.22, 526.91, 279.22], ""type"": ""handwritten"", ""text"": """"}, {""bbox"": [51.14, 293.14, 545.9, 324.3], ""type"": ""handwritten"", ""text"": """"}, {""bbox"": [43.62, 617.33, 567.89, 644.22], ""type"": ""handwritten"", ""text"": """"}, {""bbox"": [57.4, 226.89, 529.29, 255.93], ""type"": ""handwritten"", ""text"": """"}, {""bbox"": [59.46, 200.03, 523.97, 234.18], ""type"": ""handwritten"", ""text"": """"}, {""bbox"": [28.16, 801.7, 116.55, 833.03], ""type"": ""handwritten"", ""text"": """"}, {""bbox"": [43.11, 677.75, 564.1, 701.03], ""type"": ""handwritten"", ""text"": """"}, {""bbox"": [48.82, 445.8, 549.21, 475.4], ""type"": ""handwritten"", ""text"": """"}, {""bbox"": [43.51, 697.09, 553.38, 723.05], ""type"": ""handwritten"", ""text"": """"}, {""bbox"": [32.42, 738.74, 571.47, 763.01], ""type"": ""handwritten"", ""text"": """"}, {""bbox"": [114.17, 318.55, 546.9, 346.68], ""type"": ""handwritten"", ""text"": """"}, {""bbox"": [44.33, 638.36, 574.58, 663.23], ""type"": ""handwritten"", ""text"": """"}, {""bbox"": [29.77, 773.14, 574.37, 809.23], ""type"": ""handwritten"", ""text"": """"}, {""bbox"": [45.12, 342.08, 548.82, 380.96], ""type"": ""handwritten"", ""text"": """"}, {""bbox"": [68.84, 600.83, 548.33, 624.92], ""type"": ""handwritten"", ""text"": """"}, {""bbox"": [44.18, 580.78, 568.53, 614.98], ""type"": ""handwritten"", ""text"": """"}, {""bbox"": [127.39, 487.03, 543.98, 525.95], ""type"": ""handwritten"", ""text"": """"}, {""bbox"": [53.53, 271.39, 525.54, 300.15], ""type"": ""handwritten"", ""text"": """"}, {""bbox"": [57.29, 563.91, 536.74, 590.5], ""type"": ""handwritten"", ""text"": """"}, {""bbox"": [48.85, 469.53, 520.68, 495.96], ""type"": ""handwritten"", ""text"": """"}, {""bbox"": [133.76, 863.76, 169.23, 897.93], ""type"": ""annotation"", ""text"": """"}, {""bbox"": [58.97, 507.92, 550.05, 552.36], ""type"": ""handwritten"", ""text"": """"}, {""bbox"": [73.2, 657.94, 552.7, 681.59], ""type"": ""handwritten"", ""text"": """"}, {""bbox"": [56.05, 536.77, 561.85, 583.14], ""type"": ""handwritten"", ""text"": """"}, {""bbox"": [423.93, 883.55, 495.99, 914.06], ""type"": ""annotation"", ""text"": """"}, {""bbox"": [45.13, 558.43, 562.95, 626.49], ""type"": ""handwritten"", ""text"": """"}, {""bbox"": [32.5, 708.02, 561.87, 737.48], ""type"": ""handwritten"", ""text"": """"}, {""bbox"": [47.19, 428.46, 416.82, 453.13], ""type"": ""handwritten"", ""text"": """"}, {""bbox"": [45.45, 478.83, 544.87, 505.07], ""type"": ""handwritten"", ""text"": """"}, {""bbox"": [57.64, 531.22, 535.08, 565.68], ""type"": ""handwritten"", ""text"": """"}]"
914c4c2f-2353-57dd-bc21-04571ff7d744.jpg,"[{""bbox"": [139.97, 354.95, 2381.82, 512.87], ""type"": ""handwritten"", ""text"": """"}, {""bbox"": [15.61, 1264.88, 2371.69, 1411.94], ""type"": ""handwritten"", ""text"": """"}, {""bbox"": [28.62, 1662.12, 2361.09, 1810.92], ""type"": ""handwritten"", ""text"": """"}, {""bbox"": [27.12, 1006.8, 2299.26, 1161.02], ""type"": ""handwritten"", ""text"": """"}, {""bbox"": [27.15, 617.78, 2371.63, 764.22], ""type"": ""handwritten"", ""text"": """"}, {""bbox"": [90.07, 2047.9, 2434.31, 2215.94], ""type"": ""handwritten"", ""text"": """"}, {""bbox"": [24.93, 2328.29, 2417.16, 2501.06], ""type"": ""handwritten"", ""text"": """"}, {""bbox"": [32.57, 876.54, 2306.55, 1028.97], ""type"": ""handwritten"", ""text"": """"}, {""bbox"": [21.21, 1529.41, 2294.99, 1676.76], ""type"": ""handwritten"", ""text"": """"}, {""bbox"": [32.87, 1794.93, 2259.65, 1950.75], ""type"": ""handwritten"", ""text"": """"}, {""bbox"": [14.79, 1394.6, 2361.19, 1548.15], ""type"": ""handwritten"", ""text"": """"}, {""bbox"": [44.22, 50.22, 2386.77, 263.6], ""type"": ""handwritten"", ""text"": """"}, {""bbox"": [29.76, 745.51, 2382.12, 899.22], ""type"": ""handwritten"", ""text"": """"}, {""bbox"": [55.42, 241.92, 882.37, 389.58], ""type"": ""handwritten"", ""text"": """"}, {""bbox"": [24.39, 1946.05, 566.02, 2081.36], ""type"": ""handwritten"", ""text"": """"}, {""bbox"": [37.79, 493.34, 2348.02, 641.11], ""type"": ""handwritten"", ""text"": """"}, {""bbox"": [16.83, 2195.29, 2315.08, 2358.23], ""type"": ""handwritten"", ""text"": """"}, {""bbox"": [4.27, 2524.37, 170.98, 2611.43], ""type"": ""handwritten"", ""text"": """"}, {""bbox"": [19.56, 1142.72, 2381.38, 1279.35], ""type"": ""handwritten"", ""text"": """"}]"
92107779-a9bb-59ef-80f0-e0b074acbbc5.jpg,"[{""bbox"": [429.68, 1595.01, 3406.3, 1917.77], ""type"": ""handwritten"", ""text"": """"}, {""bbox"": [404.44, 601.36, 2604.41, 929.39], ""type"": ""handwritten"", ""text"": """"}, {""bbox"": [536.11, 360.26, 3582.6, 701.93], ""type"": ""handwritten"", ""text"": """"}, {""bbox"": [566.74, 725.2, 3617.35, 1147.02], ""type"": ""handwritten"", ""text"": """"}, {""bbox"": [426.99, 1498.3, 707.11, 1669.91], ""type"": ""handwritten"", ""text"": """"}, {""bbox"": [400.11, 2150.31, 1615.03, 2376.57], ""type"": ""handwritten"", ""text"": """"}, {""bbox"": [702.5, 1169.15, 3737.93, 1514.98], ""type"": ""handwritten"", ""text"": """"}, {""bbox"": [791.78, 1818.01, 3811.49, 2150.52], ""type"": ""handwritten"", ""text"": """"}, {""bbox"": [1057.9, 2227.49, 4053.29, 2591.95], ""type"": ""handwritten"", ""text"": """"}, {""bbox"": [625.54, 938.48, 3678.56, 1327.96], ""type"": ""handwritten"", ""text"": """"}, {""bbox"": [364.46, 2591.1, 695.04, 2818.01], ""type"": ""handwritten"", ""text"": """"}, {""bbox"": [451.52, 0.53, 1505.18, 132.95], ""type"": ""handwritten"", ""text"": """"}, {""bbox"": [575.39, 0.0, 3412.86, 153.37], ""type"": ""handwritten"", ""text"": """"}]"
97183784-6690-5788-8ff1-656dd9cf9d25.jpg,"[{""bbox"": [189.29, 658.68, 1461.09, 778.93], ""type"": ""handwritten"", ""text"": """"}, {""bbox"": [177.04, 1144.84, 1636.17, 1274.53], ""type"": ""handwritten"", ""text"": """"}, {""bbox"": [198.57, 577.04, 908.37, 666.02], ""type"": ""handwritten"", ""text"": """"}, {""bbox"": [425.85, 448.68, 1655.0, 605.81], ""type"": ""handwritten"", ""text"": """"}, {""bbox"": [158.59, 1379.44, 1628.8, 1503.58], ""type"": ""handwritten"", ""text"": """"}, {""bbox"": [196.12, 1074.54, 1022.5, 1161.57], ""type"": ""handwritten"", ""text"": """"}, {""bbox"": [166.13, 1916.9, 1522.43, 2050.85], ""type"": ""handwritten"", ""text"": """"}, {""bbox"": [98.44, 2317.2, 1835.18, 2442.64], ""type"": ""handwritten"", ""text"": """"}, {""bbox"": [252.82, 2194.43, 892.74, 2332.86], ""type"": ""handwritten"", ""text"": """"}, {""bbox"": [164.07, 1692.69, 1559.54, 1827.64], ""type"": ""handwritten"", ""text"": """"}, {""bbox"": [158.56, 1591.01, 1541.47, 1712.89], ""type"": ""handwritten"", ""text"": """"}, {""bbox"": [165.83, 2039.49, 1201.89, 2170.48], ""type"": ""handwritten"", ""text"": """"}, {""bbox"": [155.21, 1495.64, 808.4, 1603.38], ""type"": ""handwritten"", ""text"": """"}, {""bbox"": [177.08, 752.18, 1660.91, 900.15], ""type"": ""handwritten"", ""text"": """"}, {""bbox"": [153.01, 1270.97, 1177.35, 1393.17], ""type"": ""handwritten"", ""text"": """"}, {""bbox"": [171.84, 940.71, 1815.85, 1087.29], ""type"": ""handwritten"", ""text"": """"}, {""bbox"": [172.09, 1799.15, 1565.3, 1935.34], ""type"": ""handwritten"", ""text"": """"}, {""bbox"": [103.91, 2428.5, 1831.87, 2570.53], ""type"": ""handwritten"", ""text"": """"}, {""bbox"": [156.83, 859.2, 448.28, 983.44], ""type"": ""handwritten"", ""text"": """"}, {""bbox"": [0.0, 967.57, 128.65, 1072.6], ""type"": ""handwritten"", ""text"": """"}, {""bbox"": [0.25, 657.18, 143.58, 773.25], ""type"": ""handwritten"", ""text"": """"}, {""bbox"": [0.62, 862.55, 130.67, 961.5], ""type"": ""handwritten"", ""text"": """"}, {""bbox"": [0.9, 763.29, 109.73, 859.68], ""type"": ""handwritten"", ""text"": """"}, {""bbox"": [0.0, 0.91, 278.9, 478.48], ""type"": ""image"", ""text"": """"}, {""bbox"": [0.0, 2379.75, 80.53, 2475.5], ""type"": ""handwritten"", ""text"": """"}, {""bbox"": [0.0, 2483.55, 88.91, 2594.41], ""type"": ""handwritten"", ""text"": """"}, {""bbox"": [657.21, 0.0, 1792.52, 482.07], ""type"": ""image"", ""text"": """"}, {""bbox"": [77.72, 2603.89, 1636.06, 3251.84], ""type"": ""image"", ""text"": """"}, {""bbox"": [1528.66, 2838.57, 1836.0, 3264.0], ""type"": ""image"", ""text"": """"}]"
9800f213-24fb-4371-b3b5-966fc35852ac.jpg,"[{""bbox"": [69.62, 276.73, 568.92, 317.79], ""type"": ""handwritten"", ""text"": """"}, {""bbox"": [67.79, 423.3, 538.59, 461.78], ""type"": ""handwritten"", ""text"": """"}, {""bbox"": [70.35, 388.42, 540.7, 427.0], ""type"": ""handwritten"", ""text"": """"}, {""bbox"": [71.24, 348.04, 551.51, 390.51], ""type"": ""handwritten"", ""text"": """"}, {""bbox"": [69.62, 314.31, 530.29, 351.89], ""type"": ""handwritten"", ""text"": """"}, {""bbox"": [62.61, 522.2, 525.81, 556.14], ""type"": ""handwritten"", ""text"": """"}, {""bbox"": [62.35, 491.35, 553.07, 523.98], ""type"": ""handwritten"", ""text"": """"}, {""bbox"": [134.49, 460.86, 564.47, 494.21], ""type"": ""handwritten"", ""text"": """"}, {""bbox"": [59.46, 588.18, 552.78, 624.74], ""type"": ""handwritten"", ""text"": """"}, {""bbox"": [61.8, 556.15, 543.66, 590.53], ""type"": ""handwritten"", ""text"": """"}, {""bbox"": [58.28, 648.3, 167.88, 686.03], ""type"": ""handwritten"", ""text"": """"}, {""bbox"": [55.79, 622.17, 523.6, 662.64], ""type"": ""handwritten"", ""text"": """"}, {""bbox"": [447.97, 1172.63, 564.61, 1182.05], ""type"": ""printed"", ""text"": """"}, {""bbox"": [447.79, 1162.0, 576.79, 1171.64], ""type"": ""printed"", ""text"": """"}, {""bbox"": [422.31, 1150.84, 576.81, 1161.94], ""type"": ""printed"", ""text"": """"}, {""bbox"": [446.28, 1209.21, 574.89, 1219.83], ""type"": ""printed"", ""text"": """"}, {""bbox"": [437.04, 1193.1, 566.53, 1204.17], ""type"": ""printed"", ""text"": """"}, {""bbox"": [0.0, 1224.25, 71.88, 1237.75], ""type"": ""printed"", ""text"": """"}, {""bbox"": [422.03, 1182.6, 575.21, 1193.01], ""type"": ""printed"", ""text"": """"}, {""bbox"": [0.25, 353.16, 31.8, 378.86], ""type"": ""handwritten"", ""text"": """"}, {""bbox"": [0.0, 1240.96, 79.32, 1256.56], ""type"": ""printed"", ""text"": """"}, {""bbox"": [0.02, 445.2, 31.92, 476.5], ""type"": ""handwritten"", ""text"": """"}, {""bbox"": [0.28, 672.07, 27.55, 700.4], ""type"": ""handwritten"", ""text"": """"}]"
99680234-73e0-4696-a6b1-44f884eb9dec.jpg,"[{""bbox"": [85.5, 1234.19, 1497.51, 1348.26], ""type"": ""handwritten"", ""text"": """"}, {""bbox"": [86.15, 657.75, 1392.61, 778.18], ""type"": ""handwritten"", ""text"": """"}, {""bbox"": [130.59, 196.81, 1457.78, 320.49], ""type"": ""handwritten"", ""text"": """"}, {""bbox"": [129.02, 91.71, 1063.13, 221.55], ""type"": ""handwritten"", ""text"": """"}, {""bbox"": [88.24, 1052.0, 1455.36, 1155.64], ""type"": ""handwritten"", ""text"": """"}, {""bbox"": [55.52, 469.84, 1421.05, 583.16], ""type"": ""handwritten"", ""text"": """"}, {""bbox"": [178.51, 771.55, 1396.34, 879.35], ""type"": ""handwritten"", ""text"": """"}, {""bbox"": [83.57, 1332.4, 1392.11, 1440.8], ""type"": ""handwritten"", ""text"": """"}, {""bbox"": [80.09, 563.09, 1477.21, 677.37], ""type"": ""handwritten"", ""text"": """"}, {""bbox"": [87.06, 1140.71, 1367.24, 1253.9], ""type"": ""handwritten"", ""text"": """"}, {""bbox"": [160.57, 370.2, 1466.02, 488.18], ""type"": ""handwritten"", ""text"": """"}, {""bbox"": [49.71, 859.68, 1393.69, 981.46], ""type"": ""handwritten"", ""text"": """"}, {""bbox"": [86.8, 309.18, 402.04, 399.66], ""type"": ""handwritten"", ""text"": """"}, {""bbox"": [539.27, 1529.6, 1171.25, 1678.66], ""type"": ""handwritten"", ""text"": """"}, {""bbox"": [73.15, 948.62, 1435.5, 1075.68], ""type"": ""handwritten"", ""text"": """"}, {""bbox"": [485.96, 1675.29, 1402.89, 1861.53], ""type"": ""handwritten"", ""text"": """"}, {""bbox"": [85.4, 2068.27, 543.7, 2199.75], ""type"": ""handwritten"", ""text"": """"}, {""bbox"": [66.07, 1426.18, 1036.7, 1550.78], ""type"": ""handwritten"", ""text"": """"}, {""bbox"": [154.07, 1947.31, 423.85, 2049.67], ""type"": ""handwritten"", ""text"": """"}, {""bbox"": [708.62, 1870.7, 1098.38, 1975.89], ""type"": ""handwritten"", ""text"": """"}, {""bbox"": [52.9, 21.31, 238.36, 123.55], ""type"": ""annotation"", ""text"": """"}]"
997b08cc-ead0-4b6a-8f19-ab52789a9244.jpg,"[{""bbox"": [16.62, 1336.92, 872.42, 1404.44], ""type"": ""handwritten"", ""text"": """"}, {""bbox"": [19.46, 1795.23, 864.62, 1888.59], ""type"": ""handwritten"", ""text"": """"}, {""bbox"": [13.74, 1442.25, 880.46, 1519.91], ""type"": ""handwritten"", ""text"": """"}, {""bbox"": [103.46, 1185.42, 1563.83, 1296.85], ""type"": ""handwritten"", ""text"": """"}, {""bbox"": [24.42, 717.48, 921.72, 788.14], ""type"": ""handwritten"", ""text"": """"}, {""bbox"": [40.78, 147.96, 355.41, 224.67], ""type"": ""handwritten"", ""text"": """"}, {""bbox"": [15.46, 265.05, 1500.17, 347.49], ""type"": ""handwritten"", ""text"": """"}, {""bbox"": [16.6, 1742.05, 535.62, 1803.89], ""type"": ""handwritten"", ""text"": """"}, {""bbox"": [25.51, 192.57, 1600.46, 286.47], ""type"": ""handwritten"", ""text"": """"}, {""bbox"": [28.23, 659.99, 348.15, 725.77], ""type"": ""handwritten"", ""text"": """"}, {""bbox"": [28.34, 0.66, 715.26, 86.89], ""type"": ""handwritten"", ""text"": """"}, {""bbox"": [22.44, 1274.52, 301.75, 1350.31], ""type"": ""handwritten"", ""text"": """"}, {""bbox"": [30.25, 74.87, 697.75, 156.29], ""type"": ""handwritten"", ""text"": """"}, {""bbox"": [16.22, 541.26, 1506.99, 618.84], ""type"": ""handwritten"", ""text"": """"}, {""bbox"": [27.08, 777.51, 726.65, 858.45], ""type"": ""handwritten"", ""text"": """"}, {""bbox"": [20.95, 603.09, 782.13, 674.97], ""type"": ""handwritten"", ""text"": """"}, {""bbox"": [12.89, 1505.44, 452.1, 1571.57], ""type"": ""handwritten"", ""text"": """"}, {""bbox"": [16.35, 1616.55, 1002.8, 1690.23], ""type"": ""handwritten"", ""text"": """"}, {""bbox"": [20.9, 1557.93, 236.01, 1625.29], ""type"": ""handwritten"", ""text"": """"}, {""bbox"": [17.52, 1675.19, 1295.96, 1760.57], ""type"": ""handwritten"", ""text"": """"}, {""bbox"": [18.96, 1394.86, 718.1, 1452.47], ""type"": ""handwritten"", ""text"": """"}, {""bbox"": [14.57, 439.21, 1610.25, 510.48], ""type"": ""handwritten"", ""text"": """"}, {""bbox"": [60.66, 850.3, 1150.8, 970.6], ""type"": ""handwritten"", ""text"": """"}, {""bbox"": [911.44, 1054.23, 1527.02, 1136.49], ""type"": ""handwritten"", ""text"": """"}, {""bbox"": [1051.08, 1845.84, 1562.85, 1992.68], ""type"": ""handwritten"", ""text"": """"}, {""bbox"": [14.38, 377.58, 1511.32, 452.6], ""type"": ""handwritten"", ""text"": """"}, {""bbox"": [14.8, 323.98, 1536.36, 396.2], ""type"": ""handwritten"", ""text"": """"}, {""bbox"": [11.52, 453.69, 1634.56, 555.56], ""type"": ""handwritten"", ""text"": """"}, {""bbox"": [57.84, 885.7, 667.1, 970.71], ""type"": ""handwritten"", ""text"": """"}, {""bbox"": [631.12, 844.13, 1147.51, 950.25], ""type"": ""handwritten"", ""text"": """"}, {""bbox"": [369.88, 1135.34, 641.01, 1170.84], ""type"": ""handwritten"", ""text"": """"}, {""bbox"": [268.19, 939.13, 1274.27, 1056.12], ""type"": ""handwritten"", ""text"": """"}, {""bbox"": [16.53, 1011.17, 664.22, 1212.26], ""type"": ""handwritten"", ""text"": """"}, {""bbox"": [23.69, 1120.74, 239.4, 1179.81], ""type"": ""handwritten"", ""text"": """"}, {""bbox"": [1004.74, 940.36, 1266.94, 1055.22], ""type"": ""handwritten"", ""text"": """"}, {""bbox"": [448.52, 963.43, 883.35, 1051.06], ""type"": ""handwritten"", ""text"": """"}, {""bbox"": [737.63, 496.81, 1601.6, 555.64], ""type"": ""handwritten"", ""text"": """"}, {""bbox"": [28.13, 1018.66, 289.43, 1080.39], ""type"": ""handwritten"", ""text"": """"}, {""bbox"": [369.66, 1098.62, 660.9, 1137.9], ""type"": ""handwritten"", ""text"": """"}, {""bbox"": [12.46, 1023.93, 1551.89, 1197.94], ""type"": ""handwritten"", ""text"": """"}, {""bbox"": [21.61, 1021.34, 298.47, 1159.04], ""type"": ""handwritten"", ""text"": """"}, {""bbox"": [913.03, 1120.35, 1001.66, 1193.0], ""type"": ""handwritten"", ""text"": """"}, {""bbox"": [370.14, 1050.08, 662.71, 1135.89], ""type"": ""handwritten"", ""text"": """"}, {""bbox"": [17.93, 1072.43, 296.37, 1128.52], ""type"": ""handwritten"", ""text"": """"}]"
99909bbb-7c5c-4876-bd37-17a0cf4db3e3.jpg,"[{""bbox"": [728.11, 362.53, 2056.53, 1039.46], ""type"": ""table"", ""text"": """"}, {""bbox"": [2345.73, 1774.08, 3691.99, 1982.46], ""type"": ""formula"", ""text"": """"}, {""bbox"": [839.4, 1453.26, 3785.61, 1755.69], ""type"": ""handwritten"", ""text"": """"}, {""bbox"": [2071.62, 2524.24, 3404.19, 2787.54], ""type"": ""formula"", ""text"": """"}, {""bbox"": [1079.38, 934.7, 2035.37, 1143.45], ""type"": ""handwritten"", ""text"": """"}, {""bbox"": [841.69, 2869.69, 4128.56, 3344.09], ""type"": ""handwritten"", ""text"": """"}, {""bbox"": [2482.67, 3617.43, 3599.42, 3927.19], ""type"": ""handwritten"", ""text"": """"}, {""bbox"": [2092.65, 2166.14, 3261.81, 2479.24], ""type"": ""formula"", ""text"": """"}, {""bbox"": [366.79, 222.69, 748.33, 469.84], ""type"": ""annotation"", ""text"": """"}, {""bbox"": [930.89, 2132.6, 1894.44, 2397.15], ""type"": ""formula"", ""text"": """"}, {""bbox"": [1133.45, 1192.4, 1989.65, 1394.25], ""type"": ""handwritten"", ""text"": """"}, {""bbox"": [897.62, 2134.77, 3287.55, 2491.36], ""type"": ""formula"", ""text"": """"}]"
999d1ccb-4f0b-42b5-92fe-a0c29b0541a9.jpg,"[{""bbox"": [301.39, 311.56, 2737.38, 458.5], ""type"": ""handwritten"", ""text"": """"}, {""bbox"": [344.59, 822.4, 2709.08, 961.56], ""type"": ""handwritten"", ""text"": """"}, {""bbox"": [478.46, 179.5, 2597.27, 330.38], ""type"": ""handwritten"", ""text"": """"}, {""bbox"": [300.57, 2062.99, 2374.35, 2181.35], ""type"": ""handwritten"", ""text"": """"}, {""bbox"": [342.37, 2597.29, 1781.17, 2718.73], ""type"": ""handwritten"", ""text"": """"}, {""bbox"": [330.89, 2500.26, 2638.68, 2607.89], ""type"": ""handwritten"", ""text"": """"}, {""bbox"": [302.01, 2170.41, 2605.34, 2293.66], ""type"": ""handwritten"", ""text"": """"}, {""bbox"": [400.67, 3473.82, 2479.42, 3603.65], ""type"": ""handwritten"", ""text"": """"}, {""bbox"": [409.28, 3589.76, 2611.39, 3727.71], ""type"": ""handwritten"", ""text"": """"}, {""bbox"": [309.28, 2288.15, 2622.84, 2407.47], ""type"": ""handwritten"", ""text"": """"}, {""bbox"": [481.96, 681.35, 2668.7, 836.42], ""type"": ""handwritten"", ""text"": """"}, {""bbox"": [322.47, 551.31, 959.43, 681.57], ""type"": ""handwritten"", ""text"": """"}, {""bbox"": [322.34, 2397.69, 2692.92, 2514.24], ""type"": ""handwritten"", ""text"": """"}, {""bbox"": [373.95, 2912.6, 2747.27, 3046.54], ""type"": ""handwritten"", ""text"": """"}, {""bbox"": [304.75, 439.59, 2514.5, 580.38], ""type"": ""handwritten"", ""text"": """"}, {""bbox"": [390.59, 3252.59, 2768.82, 3375.59], ""type"": ""handwritten"", ""text"": """"}, {""bbox"": [392.35, 3361.19, 2566.75, 3480.51], ""type"": ""handwritten"", ""text"": """"}, {""bbox"": [470.25, 1944.23, 2823.62, 2077.58], ""type"": ""handwritten"", ""text"": """"}, {""bbox"": [283.61, 1728.82, 2848.79, 1879.09], ""type"": ""handwritten"", ""text"": """"}, {""bbox"": [393.51, 3132.4, 2423.06, 3263.29], ""type"": ""handwritten"", ""text"": """"}, {""bbox"": [725.46, 15.46, 1394.66, 143.25], ""type"": ""handwritten"", ""text"": """"}, {""bbox"": [340.09, 943.34, 2789.52, 1110.0], ""type"": ""handwritten"", ""text"": """"}, {""bbox"": [320.16, 1278.64, 2739.21, 1458.94], ""type"": ""handwritten"", ""text"": """"}, {""bbox"": [367.68, 2804.21, 2635.31, 2931.0], ""type"": ""handwritten"", ""text"": """"}, {""bbox"": [301.77, 1621.99, 2841.5, 1758.43], ""type"": ""handwritten"", ""text"": """"}, {""bbox"": [424.46, 3709.58, 1321.34, 3864.15], ""type"": ""handwritten"", ""text"": """"}, {""bbox"": [551.84, 2700.05, 2671.18, 2814.49], ""type"": ""handwritten"", ""text"": """"}, {""bbox"": [312.14, 1510.92, 2767.49, 1663.59], ""type"": ""handwritten"", ""text"": """"}, {""bbox"": [269.54, 1830.73, 1414.56, 1949.51], ""type"": ""handwritten"", ""text"": """"}, {""bbox"": [529.01, 3026.1, 2735.15, 3142.17], ""type"": ""handwritten"", ""text"": """"}, {""bbox"": [336.55, 1051.2, 2686.3, 1230.61], ""type"": ""handwritten"", ""text"": """"}, {""bbox"": [328.32, 1161.87, 2733.68, 1345.22], ""type"": ""handwritten"", ""text"": """"}, {""bbox"": [439.43, 1398.37, 2589.87, 1553.43], ""type"": ""handwritten"", ""text"": """"}]"
99c408e3-b079-5abc-b98e-c2e35de1c25d.jpg,"[{""bbox"": [127.65, 2284.36, 3020.62, 2486.02], ""type"": ""handwritten"", ""text"": """"}, {""bbox"": [141.98, 2672.48, 3001.15, 2881.1], ""type"": ""handwritten"", ""text"": """"}, {""bbox"": [161.03, 2867.02, 2755.78, 3084.88], ""type"": ""handwritten"", ""text"": """"}, {""bbox"": [71.52, 1261.06, 2830.18, 1463.87], ""type"": ""handwritten"", ""text"": """"}, {""bbox"": [163.6, 3055.5, 2664.7, 3271.52], ""type"": ""handwritten"", ""text"": """"}, {""bbox"": [24.37, 1061.49, 2142.88, 1258.83], ""type"": ""handwritten"", ""text"": """"}, {""bbox"": [111.56, 1885.57, 3019.62, 2093.38], ""type"": ""handwritten"", ""text"": """"}, {""bbox"": [1001.34, 142.79, 2136.84, 378.0], ""type"": ""handwritten"", ""text"": """"}, {""bbox"": [123.51, 2476.95, 3013.46, 2692.87], ""type"": ""handwritten"", ""text"": """"}, {""bbox"": [733.09, 378.88, 1900.61, 577.3], ""type"": ""handwritten"", ""text"": """"}, {""bbox"": [962.8, 0.18, 1932.53, 142.82], ""type"": ""handwritten"", ""text"": """"}, {""bbox"": [1341.76, 1488.67, 1918.64, 1680.59], ""type"": ""handwritten"", ""text"": """"}, {""bbox"": [203.34, 3223.83, 3015.52, 3465.47], ""type"": ""handwritten"", ""text"": """"}, {""bbox"": [21.65, 619.27, 1067.28, 789.14], ""type"": ""handwritten"", ""text"": """"}, {""bbox"": [1354.45, 1696.2, 2034.19, 1864.46], ""type"": ""handwritten"", ""text"": """"}, {""bbox"": [126.14, 2091.79, 2036.8, 2301.45], ""type"": ""handwritten"", ""text"": """"}, {""bbox"": [249.91, 3658.22, 1512.16, 3817.25], ""type"": ""handwritten"", ""text"": """"}, {""bbox"": [14.95, 858.75, 1658.19, 1011.86], ""type"": ""handwritten"", ""text"": """"}, {""bbox"": [206.81, 3428.41, 2964.57, 3667.64], ""type"": ""handwritten"", ""text"": """"}, {""bbox"": [0.0, 3552.13, 113.85, 3699.07], ""type"": ""handwritten"", ""text"": """"}]"
9ab6fe9c-604f-5a8f-9122-44fac3a19733.jpg,"[{""bbox"": [156.61, 3189.39, 3113.73, 3386.56], ""type"": ""handwritten"", ""text"": """"}, {""bbox"": [200.94, 1918.22, 2946.24, 2118.48], ""type"": ""handwritten"", ""text"": """"}, {""bbox"": [140.28, 659.57, 2627.37, 844.8], ""type"": ""handwritten"", ""text"": """"}, {""bbox"": [179.46, 2644.37, 2622.98, 2805.67], ""type"": ""handwritten"", ""text"": """"}, {""bbox"": [226.63, 1008.72, 2751.27, 1192.05], ""type"": ""handwritten"", ""text"": """"}, {""bbox"": [204.75, 3550.63, 2537.07, 3762.65], ""type"": ""handwritten"", ""text"": """"}, {""bbox"": [123.65, 2817.68, 3109.97, 3009.43], ""type"": ""handwritten"", ""text"": """"}, {""bbox"": [872.71, 1196.02, 2428.02, 1362.3], ""type"": ""handwritten"", ""text"": """"}, {""bbox"": [193.02, 2105.61, 2683.09, 2305.05], ""type"": ""handwritten"", ""text"": """"}, {""bbox"": [129.3, 1387.28, 2181.55, 1550.2], ""type"": ""handwritten"", ""text"": """"}, {""bbox"": [150.75, 1758.18, 2179.83, 1938.18], ""type"": ""handwritten"", ""text"": """"}, {""bbox"": [197.54, 2302.76, 1939.97, 2448.86], ""type"": ""handwritten"", ""text"": """"}, {""bbox"": [147.11, 456.89, 2798.24, 631.62], ""type"": ""handwritten"", ""text"": """"}, {""bbox"": [187.67, 828.18, 2964.88, 1012.77], ""type"": ""handwritten"", ""text"": """"}, {""bbox"": [178.94, 3376.76, 2510.49, 3560.63], ""type"": ""handwritten"", ""text"": """"}, {""bbox"": [115.81, 1572.6, 1745.9, 1724.27], ""type"": ""handwritten"", ""text"": """"}, {""bbox"": [198.46, 3749.98, 2514.04, 3929.37], ""type"": ""handwritten"", ""text"": """"}, {""bbox"": [179.96, 2467.44, 1975.6, 2624.67], ""type"": ""handwritten"", ""text"": """"}, {""bbox"": [578.43, 241.89, 1894.78, 425.87], ""type"": ""handwritten"", ""text"": """"}, {""bbox"": [152.07, 3012.3, 2774.96, 3201.54], ""type"": ""handwritten"", ""text"": """"}, {""bbox"": [580.31, 398.23, 1875.52, 510.83], ""type"": ""handwritten"", ""text"": """"}, {""bbox"": [588.68, 410.12, 1129.92, 521.48], ""type"": ""handwritten"", ""text"": """"}]"
9b304475-d1b1-4b51-8eb1-31f06e0c968f.jpg,"[{""bbox"": [373.37, 1248.75, 1416.38, 1403.49], ""type"": ""handwritten"", ""text"": """"}, {""bbox"": [140.02, 380.32, 1530.24, 520.77], ""type"": ""handwritten"", ""text"": """"}, {""bbox"": [237.75, 218.51, 1460.28, 378.68], ""type"": ""handwritten"", ""text"": """"}, {""bbox"": [47.25, 1064.44, 1416.92, 1212.24], ""type"": ""handwritten"", ""text"": """"}, {""bbox"": [95.51, 486.1, 1495.16, 616.06], ""type"": ""handwritten"", ""text"": """"}, {""bbox"": [77.52, 669.47, 1455.76, 820.78], ""type"": ""handwritten"", ""text"": """"}, {""bbox"": [94.19, 572.88, 1499.09, 705.5], ""type"": ""handwritten"", ""text"": """"}, {""bbox"": [53.47, 1188.06, 563.62, 1323.06], ""type"": ""handwritten"", ""text"": """"}, {""bbox"": [52.0, 961.83, 1444.02, 1149.38], ""type"": ""handwritten"", ""text"": """"}, {""bbox"": [84.68, 729.71, 1494.0, 906.11], ""type"": ""handwritten"", ""text"": """"}, {""bbox"": [94.79, 883.13, 1504.47, 1053.88], ""type"": ""handwritten"", ""text"": """"}, {""bbox"": [74.99, 807.46, 1473.52, 976.91], ""type"": ""handwritten"", ""text"": """"}, {""bbox"": [1020.04, 1363.07, 1379.01, 1506.55], ""type"": ""handwritten"", ""text"": """"}, {""bbox"": [1416.44, 0.46, 1518.08, 94.37], ""type"": ""annotation"", ""text"": """"}, {""bbox"": [1216.99, 88.35, 1360.07, 173.12], ""type"": ""annotation"", ""text"": """"}, {""bbox"": [128.72, 12.28, 265.97, 81.41], ""type"": ""annotation"", ""text"": """"}]"
9c501e68-52e7-4f47-84a3-551a59f5db09.jpg,"[{""bbox"": [43.88, 695.88, 1527.42, 797.04], ""type"": ""handwritten"", ""text"": """"}, {""bbox"": [12.89, 48.37, 1615.85, 206.72], ""type"": ""handwritten"", ""text"": """"}, {""bbox"": [16.0, 297.12, 1616.52, 420.59], ""type"": ""handwritten"", ""text"": """"}, {""bbox"": [21.81, 910.94, 1594.86, 1027.36], ""type"": ""handwritten"", ""text"": """"}, {""bbox"": [31.0, 1570.83, 1628.33, 1671.63], ""type"": ""handwritten"", ""text"": """"}, {""bbox"": [25.05, 1278.38, 1640.68, 1386.2], ""type"": ""handwritten"", ""text"": """"}, {""bbox"": [33.0, 1718.53, 1654.96, 1837.03], ""type"": ""handwritten"", ""text"": """"}, {""bbox"": [12.79, 846.88, 1520.03, 934.94], ""type"": ""handwritten"", ""text"": """"}, {""bbox"": [31.42, 2156.57, 1622.18, 2258.97], ""type"": ""handwritten"", ""text"": """"}, {""bbox"": [44.98, 1485.68, 1565.47, 1593.62], ""type"": ""handwritten"", ""text"": """"}, {""bbox"": [22.56, 1661.05, 388.17, 1754.53], ""type"": ""handwritten"", ""text"": """"}, {""bbox"": [36.0, 2077.09, 1557.84, 2180.55], ""type"": ""handwritten"", ""text"": """"}, {""bbox"": [12.35, 643.21, 573.3, 728.3], ""type"": ""handwritten"", ""text"": """"}, {""bbox"": [43.74, 1996.51, 1648.65, 2101.43], ""type"": ""handwritten"", ""text"": """"}, {""bbox"": [28.8, 1359.15, 1620.37, 1456.15], ""type"": ""handwritten"", ""text"": """"}, {""bbox"": [45.95, 2244.69, 657.97, 2331.59], ""type"": ""handwritten"", ""text"": """"}, {""bbox"": [22.66, 390.06, 592.68, 502.91], ""type"": ""handwritten"", ""text"": """"}, {""bbox"": [32.92, 234.16, 588.21, 337.05], ""type"": ""handwritten"", ""text"": """"}, {""bbox"": [14.52, 564.81, 704.47, 662.03], ""type"": ""handwritten"", ""text"": """"}, {""bbox"": [26.7, 1.58, 621.82, 87.02], ""type"": ""handwritten"", ""text"": """"}, {""bbox"": [37.11, 1944.62, 416.61, 2038.33], ""type"": ""handwritten"", ""text"": """"}, {""bbox"": [16.17, 474.11, 901.49, 583.0], ""type"": ""handwritten"", ""text"": """"}, {""bbox"": [8.11, 163.47, 259.42, 251.84], ""type"": ""handwritten"", ""text"": """"}, {""bbox"": [16.77, 1073.79, 141.1, 1148.79], ""type"": ""handwritten"", ""text"": """"}, {""bbox"": [19.99, 1223.47, 164.93, 1296.11], ""type"": ""handwritten"", ""text"": """"}, {""bbox"": [31.3, 1864.25, 1630.73, 1971.46], ""type"": ""handwritten"", ""text"": """"}, {""bbox"": [32.51, 1439.67, 668.08, 1524.21], ""type"": ""handwritten"", ""text"": """"}, {""bbox"": [33.42, 1800.14, 1517.51, 1895.99], ""type"": ""handwritten"", ""text"": """"}, {""bbox"": [13.87, 1002.17, 142.74, 1079.54], ""type"": ""handwritten"", ""text"": """"}, {""bbox"": [15.49, 783.6, 473.28, 862.44], ""type"": ""handwritten"", ""text"": """"}, {""bbox"": [16.87, 1150.72, 261.13, 1231.84], ""type"": ""handwritten"", ""text"": """"}, {""bbox"": [1375.45, 1232.17, 1460.8, 1299.5], ""type"": ""annotation"", ""text"": """"}, {""bbox"": [1206.86, 547.39, 1304.08, 620.01], ""type"": ""annotation"", ""text"": """"}, {""bbox"": [19.41, 1140.98, 269.4, 1308.15], ""type"": ""handwritten"", ""text"": """"}]"
9d61eae3-3d2e-483e-9e77-a2d0941e2125.jpg,"[{""bbox"": [855.39, 1281.83, 2340.68, 1346.68], ""type"": ""printed"", ""text"": """"}, {""bbox"": [192.22, 194.87, 1157.55, 245.63], ""type"": ""printed"", ""text"": """"}, {""bbox"": [851.67, 1578.91, 2304.22, 1643.02], ""type"": ""printed"", ""text"": """"}, {""bbox"": [1082.91, 1186.73, 2405.54, 1245.32], ""type"": ""printed"", ""text"": """"}, {""bbox"": [178.34, 700.91, 812.41, 741.13], ""type"": ""printed"", ""text"": """"}, {""bbox"": [850.17, 1480.91, 2373.64, 1543.17], ""type"": ""printed"", ""text"": """"}, {""bbox"": [235.78, 501.6, 589.09, 602.34], ""type"": ""handwritten"", ""text"": """"}, {""bbox"": [652.5, 2821.96, 1421.16, 2881.38], ""type"": ""printed"", ""text"": """"}, {""bbox"": [639.6, 262.98, 731.95, 287.89], ""type"": ""printed"", ""text"": """"}, {""bbox"": [851.05, 1778.15, 2446.33, 1843.33], ""type"": ""printed"", ""text"": """"}, {""bbox"": [443.88, 2726.9, 2299.0, 2788.54], ""type"": ""printed"", ""text"": """"}, {""bbox"": [524.01, 141.46, 931.98, 190.0], ""type"": ""printed"", ""text"": """"}, {""bbox"": [420.61, 305.95, 937.37, 344.17], ""type"": ""printed"", ""text"": """"}, {""bbox"": [186.24, 606.2, 660.23, 635.94], ""type"": ""printed"", ""text"": """"}, {""bbox"": [1445.84, 198.69, 2263.93, 249.65], ""type"": ""printed"", ""text"": """"}, {""bbox"": [1572.43, 309.15, 2148.22, 350.69], ""type"": ""printed"", ""text"": """"}, {""bbox"": [588.8, 353.99, 752.52, 388.16], ""type"": ""printed"", ""text"": """"}, {""bbox"": [1418.78, 836.53, 2132.88, 888.74], ""type"": ""printed"", ""text"": """"}, {""bbox"": [851.37, 1383.19, 1941.4, 1442.81], ""type"": ""printed"", ""text"": """"}, {""bbox"": [1668.35, 144.9, 2052.08, 195.0], ""type"": ""printed"", ""text"": """"}, {""bbox"": [851.22, 1680.98, 1942.38, 1739.47], ""type"": ""printed"", ""text"": """"}, {""bbox"": [848.16, 1880.07, 1214.01, 1936.77], ""type"": ""printed"", ""text"": """"}, {""bbox"": [1497.24, 548.41, 2287.07, 602.69], ""type"": ""printed"", ""text"": """"}, {""bbox"": [1767.29, 356.88, 1955.27, 393.81], ""type"": ""printed"", ""text"": """"}, {""bbox"": [442.36, 2727.82, 1542.13, 2784.48], ""type"": ""printed"", ""text"": """"}, {""bbox"": [2220.47, 221.52, 2434.38, 379.95], ""type"": ""annotation"", ""text"": """"}, {""bbox"": [1254.72, 2184.65, 1463.9, 2233.85], ""type"": ""printed"", ""text"": """"}, {""bbox"": [1810.93, 264.08, 1909.49, 294.1], ""type"": ""printed"", ""text"": """"}, {""bbox"": [179.68, 698.67, 478.07, 738.3], ""type"": ""printed"", ""text"": """"}, {""bbox"": [1386.62, 548.56, 1635.94, 591.73], ""type"": ""printed"", ""text"": """"}, {""bbox"": [1762.05, 550.76, 2292.88, 605.8], ""type"": ""printed"", ""text"": """"}, {""bbox"": [1090.05, 1677.51, 2448.93, 1745.51], ""type"": ""printed"", ""text"": """"}, {""bbox"": [1339.51, 1380.54, 2443.53, 1445.35], ""type"": ""printed"", ""text"": """"}, {""bbox"": [1673.34, 944.4, 2024.4, 1016.81], ""type"": ""printed"", ""text"": """"}, {""bbox"": [849.96, 1283.03, 1643.42, 1342.72], ""type"": ""printed"", ""text"": """"}, {""bbox"": [1386.36, 600.11, 1644.12, 644.08], ""type"": ""printed"", ""text"": """"}, {""bbox"": [851.81, 1482.74, 1691.36, 1541.43], ""type"": ""printed"", ""text"": """"}, {""bbox"": [1251.07, 2115.58, 2147.22, 2345.46], ""type"": ""handwritten"", ""text"": """"}, {""bbox"": [1082.55, 1186.48, 1684.94, 1244.16], ""type"": ""printed"", ""text"": """"}, {""bbox"": [1187.89, 2729.2, 2295.87, 2785.3], ""type"": ""printed"", ""text"": """"}, {""bbox"": [698.2, 710.33, 808.34, 741.01], ""type"": ""printed"", ""text"": """"}]"
9d62d10c-3025-4b9e-b9e7-2687ad48ae89.jpg,"[{""bbox"": [37.7, 530.84, 489.62, 560.96], ""type"": ""handwritten"", ""text"": """"}, {""bbox"": [37.38, 697.61, 541.56, 729.34], ""type"": ""handwritten"", ""text"": """"}, {""bbox"": [32.52, 444.55, 479.1, 480.45], ""type"": ""handwritten"", ""text"": """"}, {""bbox"": [34.97, 612.7, 485.33, 646.52], ""type"": ""handwritten"", ""text"": """"}, {""bbox"": [40.79, 724.48, 558.41, 756.84], ""type"": ""handwritten"", ""text"": """"}, {""bbox"": [36.88, 475.41, 406.77, 507.26], ""type"": ""handwritten"", ""text"": """"}, {""bbox"": [35.79, 669.22, 537.08, 701.73], ""type"": ""handwritten"", ""text"": """"}, {""bbox"": [35.37, 500.29, 522.15, 534.39], ""type"": ""handwritten"", ""text"": """"}, {""bbox"": [36.77, 642.07, 528.83, 673.48], ""type"": ""handwritten"", ""text"": """"}, {""bbox"": [102.75, 585.25, 466.58, 616.52], ""type"": ""handwritten"", ""text"": """"}, {""bbox"": [35.39, 841.12, 522.67, 874.72], ""type"": ""handwritten"", ""text"": """"}, {""bbox"": [29.76, 870.69, 544.65, 913.99], ""type"": ""handwritten"", ""text"": """"}, {""bbox"": [37.09, 810.49, 543.59, 844.32], ""type"": ""handwritten"", ""text"": """"}, {""bbox"": [37.09, 753.71, 493.68, 786.33], ""type"": ""handwritten"", ""text"": """"}, {""bbox"": [40.52, 784.86, 450.76, 814.98], ""type"": ""handwritten"", ""text"": """"}, {""bbox"": [35.11, 412.87, 526.81, 450.5], ""type"": ""handwritten"", ""text"": """"}, {""bbox"": [75.66, 221.36, 506.16, 283.34], ""type"": ""handwritten"", ""text"": """"}, {""bbox"": [33.62, 380.65, 518.98, 426.39], ""type"": ""handwritten"", ""text"": """"}, {""bbox"": [34.12, 349.19, 518.17, 399.93], ""type"": ""handwritten"", ""text"": """"}, {""bbox"": [39.58, 556.66, 503.75, 588.46], ""type"": ""handwritten"", ""text"": """"}, {""bbox"": [60.68, 267.34, 438.67, 312.42], ""type"": ""handwritten"", ""text"": """"}, {""bbox"": [35.11, 282.02, 542.63, 338.67], ""type"": ""handwritten"", ""text"": """"}, {""bbox"": [33.12, 316.44, 515.58, 371.55], ""type"": ""handwritten"", ""text"": """"}, {""bbox"": [33.66, 538.15, 503.34, 577.24], ""type"": ""handwritten"", ""text"": """"}]"
9ea12296-dc93-5cd5-8a84-23d3dc55a6e9.jpg,"[{""bbox"": [564.09, 441.01, 2820.62, 666.74], ""type"": ""handwritten"", ""text"": """"}, {""bbox"": [654.17, 257.34, 2659.13, 472.2], ""type"": ""handwritten"", ""text"": """"}, {""bbox"": [1094.12, 618.35, 2296.65, 874.97], ""type"": ""handwritten"", ""text"": """"}, {""bbox"": [114.37, 852.87, 3137.57, 1161.67], ""type"": ""handwritten"", ""text"": """"}, {""bbox"": [683.13, 1331.86, 3713.65, 1634.25], ""type"": ""handwritten"", ""text"": """"}, {""bbox"": [703.6, 1087.89, 3804.69, 1395.84], ""type"": ""handwritten"", ""text"": """"}, {""bbox"": [191.71, 1589.66, 3190.02, 1960.41], ""type"": ""handwritten"", ""text"": """"}, {""bbox"": [99.81, 1611.77, 301.86, 1728.83], ""type"": ""handwritten"", ""text"": """"}]"
9f6a6e8e-7baf-4144-b35d-62d69ac7f935.jpg,"[{""bbox"": [0.47, 276.65, 509.12, 313.62], ""type"": ""handwritten"", ""text"": """"}, {""bbox"": [6.91, 317.71, 524.04, 358.17], ""type"": ""handwritten"", ""text"": """"}, {""bbox"": [32.79, 236.71, 521.56, 270.1], ""type"": ""handwritten"", ""text"": """"}, {""bbox"": [12.1, 355.49, 490.02, 393.13], ""type"": ""handwritten"", ""text"": """"}, {""bbox"": [19.93, 389.02, 482.42, 431.27], ""type"": ""handwritten"", ""text"": """"}, {""bbox"": [122.28, 193.08, 453.24, 225.76], ""type"": ""handwritten"", ""text"": """"}, {""bbox"": [30.36, 458.44, 516.6, 496.81], ""type"": ""handwritten"", ""text"": """"}, {""bbox"": [23.63, 427.63, 521.12, 465.27], ""type"": ""handwritten"", ""text"": """"}, {""bbox"": [42.56, 492.18, 365.06, 525.14], ""type"": ""handwritten"", ""text"": """"}, {""bbox"": [117.64, 165.81, 577.0, 228.24], ""type"": ""handwritten"", ""text"": """"}, {""bbox"": [69.89, 517.26, 497.46, 560.5], ""type"": ""handwritten"", ""text"": """"}, {""bbox"": [49.95, 545.12, 495.33, 591.2], ""type"": ""handwritten"", ""text"": """"}, {""bbox"": [38.63, 632.67, 494.17, 689.25], ""type"": ""handwritten"", ""text"": """"}, {""bbox"": [46.36, 577.4, 467.06, 623.67], ""type"": ""handwritten"", ""text"": """"}, {""bbox"": [31.3, 700.28, 490.16, 762.15], ""type"": ""handwritten"", ""text"": """"}, {""bbox"": [15.96, 833.15, 302.1, 878.37], ""type"": ""handwritten"", ""text"": """"}, {""bbox"": [24.43, 766.32, 469.19, 832.57], ""type"": ""handwritten"", ""text"": """"}, {""bbox"": [43.99, 605.67, 487.76, 661.83], ""type"": ""handwritten"", ""text"": """"}, {""bbox"": [20.41, 797.67, 466.2, 867.34], ""type"": ""handwritten"", ""text"": """"}, {""bbox"": [35.27, 671.6, 471.91, 732.46], ""type"": ""handwritten"", ""text"": """"}, {""bbox"": [27.89, 735.61, 472.92, 799.51], ""type"": ""handwritten"", ""text"": """"}, {""bbox"": [36.14, 643.47, 471.17, 715.75], ""type"": ""handwritten"", ""text"": """"}, {""bbox"": [45.61, 552.43, 484.13, 616.62], ""type"": ""handwritten"", ""text"": """"}]"
9fa80aee-0b69-5d03-b811-eee399c13fa4.jpg,"[{""bbox"": [19.06, 729.8, 1092.74, 880.31], ""type"": ""handwritten"", ""text"": """"}, {""bbox"": [653.05, 50.39, 2264.16, 217.83], ""type"": ""handwritten"", ""text"": """"}, {""bbox"": [9.54, 1543.95, 1286.41, 1689.44], ""type"": ""handwritten"", ""text"": """"}, {""bbox"": [12.52, 1384.0, 1650.71, 1547.07], ""type"": ""handwritten"", ""text"": """"}, {""bbox"": [1197.32, 219.64, 1675.6, 348.47], ""type"": ""handwritten"", ""text"": """"}, {""bbox"": [8.38, 1706.24, 1198.14, 1850.62], ""type"": ""handwritten"", ""text"": """"}, {""bbox"": [32.85, 554.68, 967.59, 720.85], ""type"": ""handwritten"", ""text"": """"}, {""bbox"": [18.02, 1061.62, 904.33, 1216.91], ""type"": ""handwritten"", ""text"": """"}, {""bbox"": [16.29, 1222.79, 665.36, 1366.17], ""type"": ""handwritten"", ""text"": """"}, {""bbox"": [15.01, 894.96, 1040.77, 1020.23], ""type"": ""handwritten"", ""text"": """"}, {""bbox"": [1311.54, 437.02, 1545.88, 584.43], ""type"": ""handwritten"", ""text"": """"}, {""bbox"": [25.83, 542.35, 1808.09, 721.1], ""type"": ""handwritten"", ""text"": """"}, {""bbox"": [1316.28, 442.15, 1541.48, 512.59], ""type"": ""printed"", ""text"": """"}]"
a00aaa25-cf3d-465a-83e6-47ce6a4b8335.jpg,"[{""bbox"": [56.81, 280.54, 528.15, 340.9], ""type"": ""handwritten"", ""text"": """"}, {""bbox"": [14.77, 699.91, 507.56, 731.34], ""type"": ""handwritten"", ""text"": """"}, {""bbox"": [16.46, 668.05, 500.96, 703.43], ""type"": ""handwritten"", ""text"": """"}, {""bbox"": [14.6, 726.49, 553.75, 760.9], ""type"": ""handwritten"", ""text"": """"}, {""bbox"": [34.01, 531.5, 563.41, 572.4], ""type"": ""handwritten"", ""text"": """"}, {""bbox"": [18.8, 592.84, 450.07, 624.9], ""type"": ""handwritten"", ""text"": """"}, {""bbox"": [14.05, 563.26, 557.0, 597.43], ""type"": ""handwritten"", ""text"": """"}, {""bbox"": [57.1, 640.16, 496.31, 673.33], ""type"": ""handwritten"", ""text"": """"}, {""bbox"": [12.52, 807.78, 522.85, 850.79], ""type"": ""handwritten"", ""text"": """"}, {""bbox"": [32.74, 366.47, 536.5, 427.19], ""type"": ""handwritten"", ""text"": """"}, {""bbox"": [40.73, 446.43, 535.47, 497.84], ""type"": ""handwritten"", ""text"": """"}, {""bbox"": [39.4, 475.97, 538.56, 523.36], ""type"": ""handwritten"", ""text"": """"}, {""bbox"": [9.75, 754.68, 558.96, 797.25], ""type"": ""handwritten"", ""text"": """"}, {""bbox"": [27.88, 395.99, 548.72, 468.51], ""type"": ""handwritten"", ""text"": """"}, {""bbox"": [36.34, 324.98, 537.62, 407.19], ""type"": ""handwritten"", ""text"": """"}, {""bbox"": [16.65, 621.09, 276.72, 647.39], ""type"": ""handwritten"", ""text"": """"}, {""bbox"": [69.17, 506.8, 516.84, 541.09], ""type"": ""handwritten"", ""text"": """"}, {""bbox"": [9.07, 778.98, 449.6, 820.11], ""type"": ""handwritten"", ""text"": """"}, {""bbox"": [141.74, 223.76, 328.76, 271.21], ""type"": ""handwritten"", ""text"": """"}, {""bbox"": [422.43, 1053.08, 537.45, 1071.82], ""type"": ""handwritten"", ""text"": """"}, {""bbox"": [51.15, 419.64, 545.54, 497.53], ""type"": ""handwritten"", ""text"": """"}, {""bbox"": [22.97, 504.89, 551.67, 559.84], ""type"": ""handwritten"", ""text"": """"}]"
a3249f26-b8fe-4d17-92e2-1605fdc9d262.jpg,"[{""bbox"": [44.78, 516.38, 563.33, 557.98], ""type"": ""handwritten"", ""text"": """"}, {""bbox"": [49.79, 551.11, 534.45, 586.92], ""type"": ""handwritten"", ""text"": """"}, {""bbox"": [50.55, 646.49, 549.04, 687.63], ""type"": ""handwritten"", ""text"": """"}, {""bbox"": [45.77, 335.66, 564.62, 384.97], ""type"": ""handwritten"", ""text"": """"}, {""bbox"": [47.98, 718.96, 555.08, 766.34], ""type"": ""handwritten"", ""text"": """"}, {""bbox"": [45.16, 418.88, 543.9, 467.22], ""type"": ""handwritten"", ""text"": """"}, {""bbox"": [48.03, 203.2, 532.79, 265.27], ""type"": ""handwritten"", ""text"": """"}, {""bbox"": [45.65, 460.64, 500.18, 503.38], ""type"": ""handwritten"", ""text"": """"}, {""bbox"": [48.57, 682.35, 427.02, 723.08], ""type"": ""handwritten"", ""text"": """"}, {""bbox"": [49.27, 377.18, 352.48, 426.66], ""type"": ""handwritten"", ""text"": """"}, {""bbox"": [56.08, 615.18, 509.52, 651.08], ""type"": ""handwritten"", ""text"": """"}, {""bbox"": [45.77, 586.3, 315.4, 623.58], ""type"": ""handwritten"", ""text"": """"}, {""bbox"": [49.02, 500.49, 181.54, 528.87], ""type"": ""handwritten"", ""text"": """"}, {""bbox"": [44.67, 255.93, 536.53, 330.58], ""type"": ""handwritten"", ""text"": """"}, {""bbox"": [44.22, 297.6, 545.28, 355.56], ""type"": ""handwritten"", ""text"": """"}, {""bbox"": [44.99, 256.33, 211.14, 291.06], ""type"": ""handwritten"", ""text"": """"}, {""bbox"": [205.84, 800.14, 335.11, 827.46], ""type"": ""handwritten"", ""text"": """"}, {""bbox"": [0.24, 661.32, 32.48, 680.55], ""type"": ""handwritten"", ""text"": """"}, {""bbox"": [0.36, 602.87, 26.84, 632.01], ""type"": ""handwritten"", ""text"": """"}, {""bbox"": [0.0, 355.48, 31.57, 383.32], ""type"": ""handwritten"", ""text"": """"}]"
a335c475-4299-4ffc-80ed-e032fd0148e3.jpg,"[{""bbox"": [404.21, 210.7, 699.92, 280.15], ""type"": ""handwritten"", ""text"": """"}, {""bbox"": [5.28, 345.65, 219.52, 390.55], ""type"": ""formula"", ""text"": """"}, {""bbox"": [396.59, 529.9, 923.18, 602.58], ""type"": ""formula"", ""text"": """"}, {""bbox"": [3.69, 66.99, 650.11, 121.16], ""type"": ""handwritten"", ""text"": """"}, {""bbox"": [1.85, 122.67, 678.92, 184.62], ""type"": ""formula"", ""text"": """"}, {""bbox"": [388.6, 602.3, 746.22, 661.95], ""type"": ""handwritten"", ""text"": """"}, {""bbox"": [5.3, 282.44, 366.39, 336.75], ""type"": ""formula"", ""text"": """"}, {""bbox"": [396.97, 335.91, 1058.26, 425.65], ""type"": ""formula"", ""text"": """"}, {""bbox"": [398.0, 464.71, 914.34, 533.29], ""type"": ""formula"", ""text"": """"}, {""bbox"": [16.97, 421.5, 184.94, 481.76], ""type"": ""formula"", ""text"": """"}, {""bbox"": [2.46, 0.94, 1240.66, 58.13], ""type"": ""formula"", ""text"": """"}, {""bbox"": [402.33, 277.72, 667.1, 352.45], ""type"": ""formula"", ""text"": """"}, {""bbox"": [6.22, 214.47, 222.55, 267.23], ""type"": ""handwritten"", ""text"": """"}, {""bbox"": [865.26, 48.83, 1090.31, 224.38], ""type"": ""annotation"", ""text"": """"}, {""bbox"": [398.65, 429.14, 754.29, 476.39], ""type"": ""formula"", ""text"": """"}, {""bbox"": [1291.19, 0.5, 1454.27, 111.9], ""type"": ""annotation"", ""text"": """"}, {""bbox"": [1075.42, 328.07, 1240.95, 474.31], ""type"": ""annotation"", ""text"": """"}, {""bbox"": [683.01, 217.04, 842.37, 354.52], ""type"": ""annotation"", ""text"": """"}, {""bbox"": [39.55, 723.91, 421.6, 856.54], ""type"": ""annotation"", ""text"": """"}, {""bbox"": [867.47, 53.45, 981.52, 148.26], ""type"": ""annotation"", ""text"": """"}, {""bbox"": [0.0, 207.18, 1063.55, 672.28], ""type"": ""table"", ""text"": """"}, {""bbox"": [36.94, 728.59, 176.66, 854.78], ""type"": ""annotation"", ""text"": """"}]"
a3720007-553a-5cbb-9c0b-501605390704.jpg,"[{""bbox"": [213.61, 2595.57, 2288.9, 2780.32], ""type"": ""handwritten"", ""text"": """"}, {""bbox"": [246.71, 2422.29, 2272.82, 2619.61], ""type"": ""handwritten"", ""text"": """"}, {""bbox"": [172.71, 2083.79, 2241.88, 2249.06], ""type"": ""handwritten"", ""text"": """"}, {""bbox"": [107.4, 2759.56, 2285.42, 2966.88], ""type"": ""handwritten"", ""text"": """"}, {""bbox"": [159.97, 1931.48, 2188.34, 2107.31], ""type"": ""handwritten"", ""text"": """"}, {""bbox"": [187.46, 1491.16, 2095.65, 1666.18], ""type"": ""handwritten"", ""text"": """"}, {""bbox"": [188.99, 831.37, 1982.35, 973.0], ""type"": ""handwritten"", ""text"": """"}, {""bbox"": [157.15, 1784.4, 2197.43, 1947.76], ""type"": ""handwritten"", ""text"": """"}, {""bbox"": [177.57, 1362.57, 2153.66, 1529.5], ""type"": ""handwritten"", ""text"": """"}, {""bbox"": [171.16, 1076.61, 2136.41, 1248.24], ""type"": ""handwritten"", ""text"": """"}, {""bbox"": [173.17, 952.84, 1951.78, 1118.31], ""type"": ""handwritten"", ""text"": """"}, {""bbox"": [476.22, 465.16, 688.99, 589.27], ""type"": ""handwritten"", ""text"": """"}, {""bbox"": [185.82, 2249.46, 1219.6, 2386.23], ""type"": ""handwritten"", ""text"": """"}, {""bbox"": [466.86, 345.5, 689.5, 465.51], ""type"": ""handwritten"", ""text"": """"}, {""bbox"": [153.05, 1643.59, 2201.05, 1820.97], ""type"": ""handwritten"", ""text"": """"}, {""bbox"": [488.95, 596.93, 687.85, 703.21], ""type"": ""handwritten"", ""text"": """"}, {""bbox"": [892.41, 2341.25, 1238.57, 2446.41], ""type"": ""handwritten"", ""text"": """"}, {""bbox"": [159.37, 2417.84, 259.73, 2502.78], ""type"": ""handwritten"", ""text"": """"}, {""bbox"": [851.17, 733.97, 1341.17, 872.88], ""type"": ""handwritten"", ""text"": """"}, {""bbox"": [287.3, 251.77, 679.82, 354.62], ""type"": ""handwritten"", ""text"": """"}, {""bbox"": [224.62, 1219.95, 1200.88, 1388.63], ""type"": ""handwritten"", ""text"": """"}, {""bbox"": [1066.13, 744.89, 1343.72, 876.95], ""type"": ""handwritten"", ""text"": """"}, {""bbox"": [226.91, 1240.07, 791.87, 1380.94], ""type"": ""handwritten"", ""text"": """"}, {""bbox"": [895.01, 1220.54, 1161.06, 1342.64], ""type"": ""handwritten"", ""text"": """"}, {""bbox"": [456.82, 252.04, 671.48, 352.53], ""type"": ""handwritten"", ""text"": """"}, {""bbox"": [2196.98, 573.76, 2290.84, 662.37], ""type"": ""handwritten"", ""text"": """"}, {""bbox"": [2174.18, 178.03, 2291.25, 277.88], ""type"": ""handwritten"", ""text"": """"}, {""bbox"": [2160.09, 458.47, 2296.0, 582.8], ""type"": ""handwritten"", ""text"": """"}, {""bbox"": [2183.26, 319.77, 2293.22, 431.03], ""type"": ""handwritten"", ""text"": """"}, {""bbox"": [2206.92, 716.26, 2275.69, 802.98], ""type"": ""handwritten"", ""text"": """"}, {""bbox"": [184.98, 1146.9, 2139.65, 1376.55], ""type"": ""handwritten"", ""text"": """"}]"
a3a2c459-f895-4f74-825b-2cb11cc0c8c5.jpg,"[{""bbox"": [1188.91, 1296.4, 2611.72, 1417.12], ""type"": ""printed"", ""text"": """"}, {""bbox"": [1193.71, 1197.48, 2689.52, 1314.6], ""type"": ""printed"", ""text"": """"}, {""bbox"": [1193.08, 1647.81, 1728.22, 1721.42], ""type"": ""printed"", ""text"": """"}, {""bbox"": [1191.59, 1509.16, 2718.97, 1627.96], ""type"": ""printed"", ""text"": """"}, {""bbox"": [1188.83, 1401.77, 2596.81, 1525.2], ""type"": ""printed"", ""text"": """"}, {""bbox"": [1196.57, 773.05, 2656.23, 898.11], ""type"": ""printed"", ""text"": """"}, {""bbox"": [1195.82, 671.51, 2669.45, 800.77], ""type"": ""printed"", ""text"": """"}, {""bbox"": [1191.32, 554.81, 2647.54, 725.0], ""type"": ""printed"", ""text"": """"}, {""bbox"": [1192.72, 984.49, 2488.01, 1117.5], ""type"": ""printed"", ""text"": """"}, {""bbox"": [1188.76, 871.23, 2661.41, 1008.9], ""type"": ""printed"", ""text"": """"}, {""bbox"": [1343.9, 1091.88, 2607.31, 1205.69], ""type"": ""printed"", ""text"": """"}, {""bbox"": [1343.87, 1737.04, 2579.92, 1821.4], ""type"": ""printed"", ""text"": """"}, {""bbox"": [1657.15, 2861.08, 2011.68, 2923.35], ""type"": ""printed"", ""text"": """"}, {""bbox"": [868.91, 409.96, 1089.39, 564.12], ""type"": ""annotation"", ""text"": """"}, {""bbox"": [1191.24, 1849.28, 2438.82, 1930.54], ""type"": ""printed"", ""text"": """"}, {""bbox"": [1322.62, 1080.5, 2711.21, 1281.35], ""type"": ""printed"", ""text"": """"}, {""bbox"": [893.19, 2606.62, 2280.04, 2698.5], ""type"": ""printed"", ""text"": """"}]"
a3bb9da7-0992-4b39-a38d-9344401cd3b3.jpg,"[{""bbox"": [41.33, 102.51, 566.28, 142.43], ""type"": ""handwritten"", ""text"": """"}, {""bbox"": [39.38, 135.76, 571.75, 171.76], ""type"": ""handwritten"", ""text"": """"}, {""bbox"": [18.51, 357.35, 562.86, 399.69], ""type"": ""handwritten"", ""text"": """"}, {""bbox"": [28.8, 254.71, 555.1, 296.98], ""type"": ""handwritten"", ""text"": """"}, {""bbox"": [21.1, 320.56, 563.24, 363.48], ""type"": ""handwritten"", ""text"": """"}, {""bbox"": [25.12, 290.05, 569.11, 329.05], ""type"": ""handwritten"", ""text"": """"}, {""bbox"": [33.22, 221.88, 569.32, 259.63], ""type"": ""handwritten"", ""text"": """"}, {""bbox"": [7.33, 529.05, 319.11, 574.77], ""type"": ""handwritten"", ""text"": """"}, {""bbox"": [36.81, 165.1, 573.23, 202.75], ""type"": ""handwritten"", ""text"": """"}, {""bbox"": [34.94, 194.12, 567.27, 230.6], ""type"": ""handwritten"", ""text"": """"}, {""bbox"": [12.32, 496.65, 558.77, 537.76], ""type"": ""handwritten"", ""text"": """"}, {""bbox"": [59.36, 397.81, 564.76, 435.82], ""type"": ""handwritten"", ""text"": """"}, {""bbox"": [13.86, 464.33, 560.28, 504.25], ""type"": ""handwritten"", ""text"": """"}, {""bbox"": [19.22, 433.08, 568.27, 468.34], ""type"": ""handwritten"", ""text"": """"}, {""bbox"": [237.63, 70.62, 281.64, 97.59], ""type"": ""handwritten"", ""text"": """"}, {""bbox"": [1.05, 905.36, 175.82, 932.3], ""type"": ""printed"", ""text"": """"}, {""bbox"": [0.09, 615.56, 88.0, 647.78], ""type"": ""handwritten"", ""text"": """"}, {""bbox"": [360.87, 915.5, 577.0, 976.07], ""type"": ""image"", ""text"": """"}, {""bbox"": [5.14, 922.13, 141.76, 940.23], ""type"": ""printed"", ""text"": """"}, {""bbox"": [0.0, 897.12, 170.85, 919.07], ""type"": ""printed"", ""text"": """"}, {""bbox"": [0.57, 911.78, 158.89, 942.0], ""type"": ""printed"", ""text"": """"}]"
a54bea3f-86b5-42f9-802d-46a818434a8c.jpg,"[{""bbox"": [1004.69, 338.51, 1736.95, 453.24], ""type"": ""handwritten"", ""text"": """"}, {""bbox"": [303.27, 968.7, 2023.03, 1057.28], ""type"": ""printed"", ""text"": """"}, {""bbox"": [254.57, 1329.74, 1492.37, 1404.77], ""type"": ""printed"", ""text"": """"}, {""bbox"": [77.3, 95.82, 884.6, 153.48], ""type"": ""printed"", ""text"": """"}, {""bbox"": [163.46, 256.4, 772.03, 307.51], ""type"": ""printed"", ""text"": """"}, {""bbox"": [281.67, 866.5, 2008.3, 948.5], ""type"": ""printed"", ""text"": """"}, {""bbox"": [524.01, 670.41, 2168.07, 743.09], ""type"": ""printed"", ""text"": """"}, {""bbox"": [279.01, 1544.59, 1677.18, 1608.01], ""type"": ""printed"", ""text"": """"}, {""bbox"": [1004.54, 264.67, 2248.94, 334.3], ""type"": ""printed"", ""text"": """"}, {""bbox"": [186.16, 510.35, 445.72, 567.03], ""type"": ""printed"", ""text"": """"}, {""bbox"": [1340.5, 1810.64, 1932.8, 1874.93], ""type"": ""printed"", ""text"": """"}, {""bbox"": [967.93, 1712.27, 1568.93, 1759.82], ""type"": ""printed"", ""text"": """"}, {""bbox"": [891.02, 1134.46, 1447.44, 1193.8], ""type"": ""printed"", ""text"": """"}, {""bbox"": [49.25, 178.37, 887.01, 243.69], ""type"": ""printed"", ""text"": """"}, {""bbox"": [402.96, 1440.36, 2092.98, 1510.61], ""type"": ""printed"", ""text"": """"}, {""bbox"": [257.14, 1230.34, 1112.83, 1291.45], ""type"": ""printed"", ""text"": """"}, {""bbox"": [258.3, 1646.61, 884.12, 1711.47], ""type"": ""printed"", ""text"": """"}, {""bbox"": [314.24, 764.09, 2012.02, 845.24], ""type"": ""printed"", ""text"": """"}, {""bbox"": [374.28, 1502.54, 586.28, 1544.23], ""type"": ""printed"", ""text"": """"}, {""bbox"": [1494.7, 112.14, 2280.28, 176.39], ""type"": ""printed"", ""text"": """"}, {""bbox"": [522.51, 665.11, 1300.83, 734.95], ""type"": ""printed"", ""text"": """"}, {""bbox"": [1493.1, 109.03, 1798.04, 167.57], ""type"": ""printed"", ""text"": """"}, {""bbox"": [1006.24, 256.43, 1798.56, 328.62], ""type"": ""printed"", ""text"": """"}]"
a5e31da0-5af9-490a-9940-4eb01af25b76.jpg,"[{""bbox"": [34.09, 9.61, 1507.47, 108.89], ""type"": ""handwritten"", ""text"": """"}, {""bbox"": [100.37, 776.49, 1586.54, 886.25], ""type"": ""handwritten"", ""text"": """"}, {""bbox"": [35.03, 237.05, 1505.88, 327.44], ""type"": ""handwritten"", ""text"": """"}, {""bbox"": [35.13, 95.89, 1024.87, 181.38], ""type"": ""handwritten"", ""text"": """"}, {""bbox"": [28.84, 975.64, 1619.08, 1069.42], ""type"": ""handwritten"", ""text"": """"}, {""bbox"": [98.4, 699.78, 1583.99, 789.66], ""type"": ""handwritten"", ""text"": """"}, {""bbox"": [35.27, 385.3, 1477.19, 483.68], ""type"": ""handwritten"", ""text"": """"}, {""bbox"": [18.54, 2189.4, 1609.05, 2314.65], ""type"": ""handwritten"", ""text"": """"}, {""bbox"": [169.33, 889.95, 1626.39, 992.91], ""type"": ""handwritten"", ""text"": """"}, {""bbox"": [43.06, 1783.81, 1591.82, 1866.37], ""type"": ""handwritten"", ""text"": """"}, {""bbox"": [34.88, 1189.09, 1594.51, 1298.08], ""type"": ""handwritten"", ""text"": """"}, {""bbox"": [93.12, 628.54, 1584.87, 713.93], ""type"": ""handwritten"", ""text"": """"}, {""bbox"": [41.15, 1853.52, 1389.56, 1939.17], ""type"": ""handwritten"", ""text"": """"}, {""bbox"": [119.38, 170.7, 1618.47, 249.98], ""type"": ""handwritten"", ""text"": """"}, {""bbox"": [75.01, 542.56, 1602.22, 641.72], ""type"": ""handwritten"", ""text"": """"}, {""bbox"": [43.88, 1635.56, 1610.18, 1730.32], ""type"": ""handwritten"", ""text"": """"}, {""bbox"": [36.68, 313.72, 1486.94, 399.5], ""type"": ""handwritten"", ""text"": """"}, {""bbox"": [50.32, 1276.0, 1462.95, 1389.26], ""type"": ""handwritten"", ""text"": """"}, {""bbox"": [65.37, 1928.14, 506.72, 2032.79], ""type"": ""handwritten"", ""text"": """"}, {""bbox"": [52.05, 1568.76, 1598.32, 1656.87], ""type"": ""handwritten"", ""text"": """"}, {""bbox"": [26.67, 1048.11, 1623.18, 1148.09], ""type"": ""handwritten"", ""text"": """"}, {""bbox"": [38.02, 470.19, 710.96, 565.4], ""type"": ""handwritten"", ""text"": """"}, {""bbox"": [55.4, 1495.33, 1556.93, 1595.01], ""type"": ""handwritten"", ""text"": """"}, {""bbox"": [42.22, 1714.21, 1526.11, 1801.04], ""type"": ""handwritten"", ""text"": """"}, {""bbox"": [91.57, 868.52, 312.29, 951.87], ""type"": ""handwritten"", ""text"": """"}, {""bbox"": [29.54, 1117.55, 1612.81, 1224.78], ""type"": ""handwritten"", ""text"": """"}, {""bbox"": [54.12, 1425.97, 1456.47, 1531.42], ""type"": ""handwritten"", ""text"": """"}, {""bbox"": [14.41, 2018.24, 1587.32, 2146.58], ""type"": ""handwritten"", ""text"": """"}, {""bbox"": [62.32, 1351.08, 1617.08, 1484.62], ""type"": ""handwritten"", ""text"": """"}, {""bbox"": [20.29, 2111.89, 1600.13, 2228.64], ""type"": ""handwritten"", ""text"": """"}, {""bbox"": [26.46, 1936.62, 1596.11, 2094.17], ""type"": ""handwritten"", ""text"": """"}, {""bbox"": [1413.77, 466.31, 1466.66, 530.71], ""type"": ""annotation"", ""text"": """"}]"
a6f4e8f6-f124-5d87-8bd6-c29267fa2a37.jpg,"[{""bbox"": [191.64, 1981.36, 2783.71, 2170.24], ""type"": ""formula"", ""text"": """"}, {""bbox"": [153.71, 2899.7, 3007.91, 3125.95], ""type"": ""handwritten"", ""text"": """"}, {""bbox"": [210.44, 2694.9, 3017.76, 2916.34], ""type"": ""handwritten"", ""text"": """"}, {""bbox"": [172.53, 1649.15, 2716.71, 1824.07], ""type"": ""formula"", ""text"": """"}, {""bbox"": [188.88, 1824.9, 2437.8, 1977.11], ""type"": ""formula"", ""text"": """"}, {""bbox"": [177.5, 3086.07, 2970.84, 3296.73], ""type"": ""handwritten"", ""text"": """"}, {""bbox"": [909.52, 2512.63, 2594.22, 2702.59], ""type"": ""formula"", ""text"": """"}, {""bbox"": [225.77, 3384.31, 2922.83, 3659.68], ""type"": ""formula"", ""text"": """"}, {""bbox"": [1276.74, 2317.92, 1754.72, 2481.31], ""type"": ""handwritten"", ""text"": """"}, {""bbox"": [758.53, 59.41, 2436.88, 359.76], ""type"": ""handwritten"", ""text"": """"}, {""bbox"": [201.71, 2165.92, 2244.28, 2370.1], ""type"": ""formula"", ""text"": """"}, {""bbox"": [1355.48, 1160.3, 2408.57, 1305.77], ""type"": ""formula"", ""text"": """"}, {""bbox"": [205.32, 1489.01, 2524.84, 1651.17], ""type"": ""formula"", ""text"": """"}, {""bbox"": [221.31, 3314.49, 2453.21, 3486.43], ""type"": ""formula"", ""text"": """"}, {""bbox"": [1232.97, 980.28, 1750.79, 1159.09], ""type"": ""handwritten"", ""text"": """"}, {""bbox"": [163.62, 1017.25, 1311.58, 1504.13], ""type"": ""graph"", ""text"": """"}, {""bbox"": [606.41, 209.45, 2443.41, 549.18], ""type"": ""handwritten"", ""text"": """"}, {""bbox"": [1287.98, 514.95, 2619.63, 805.76], ""type"": ""formula"", ""text"": """"}, {""bbox"": [1330.72, 1309.43, 2615.1, 1508.01], ""type"": ""handwritten"", ""text"": """"}, {""bbox"": [1244.47, 351.32, 2625.95, 666.3], ""type"": ""handwritten"", ""text"": """"}, {""bbox"": [997.44, 435.92, 1371.5, 1039.86], ""type"": ""graph"", ""text"": """"}, {""bbox"": [156.88, 1308.3, 2621.72, 1517.0], ""type"": ""formula"", ""text"": """"}, {""bbox"": [164.71, 365.83, 2605.36, 1548.07], ""type"": ""graph"", ""text"": """"}, {""bbox"": [257.23, 414.99, 2647.16, 839.73], ""type"": ""formula"", ""text"": """"}]"
a727ba9c-9beb-4f9e-81fd-67cf74fc5069.jpg,"[{""bbox"": [469.32, 1652.9, 2202.69, 1718.37], ""type"": ""printed"", ""text"": """"}, {""bbox"": [825.91, 1110.65, 1556.23, 1166.72], ""type"": ""printed"", ""text"": """"}, {""bbox"": [324.99, 1758.24, 1494.05, 1819.36], ""type"": ""printed"", ""text"": """"}, {""bbox"": [330.04, 2763.55, 813.76, 2819.22], ""type"": ""printed"", ""text"": """"}, {""bbox"": [960.96, 2254.82, 2029.79, 2306.6], ""type"": ""printed"", ""text"": """"}, {""bbox"": [660.32, 2357.66, 1391.06, 2408.66], ""type"": ""printed"", ""text"": """"}, {""bbox"": [1312.78, 2444.76, 2181.47, 2562.61], ""type"": ""handwritten"", ""text"": """"}, {""bbox"": [331.6, 2660.9, 814.28, 2712.82], ""type"": ""printed"", ""text"": """"}, {""bbox"": [1249.0, 571.01, 2379.67, 665.89], ""type"": ""handwritten"", ""text"": """"}, {""bbox"": [472.28, 1855.4, 2086.97, 1914.53], ""type"": ""printed"", ""text"": """"}, {""bbox"": [321.27, 1451.8, 2168.12, 1521.65], ""type"": ""printed"", ""text"": """"}, {""bbox"": [312.34, 1531.86, 1730.9, 1621.64], ""type"": ""handwritten"", ""text"": """"}, {""bbox"": [1269.66, 665.93, 1879.66, 760.71], ""type"": ""handwritten"", ""text"": """"}, {""bbox"": [323.83, 1967.25, 680.13, 2018.0], ""type"": ""printed"", ""text"": """"}, {""bbox"": [803.47, 1357.63, 2089.69, 1419.77], ""type"": ""printed"", ""text"": """"}, {""bbox"": [549.25, 1256.61, 1941.16, 1319.79], ""type"": ""printed"", ""text"": """"}, {""bbox"": [320.28, 1359.94, 1752.84, 1425.27], ""type"": ""printed"", ""text"": """"}, {""bbox"": [2171.23, 66.89, 2321.04, 249.88], ""type"": ""annotation"", ""text"": """"}, {""bbox"": [1405.63, 2572.09, 2023.83, 2686.45], ""type"": ""handwritten"", ""text"": """"}, {""bbox"": [1344.03, 2481.86, 2044.79, 2864.81], ""type"": ""image"", ""text"": """"}, {""bbox"": [1409.78, 2680.94, 2030.08, 2870.92], ""type"": ""image"", ""text"": """"}]"
a914f701-50a1-48ed-9cbe-30cb0dbbb4a8.jpg,"[{""bbox"": [39.58, 127.3, 1706.97, 550.84], ""type"": ""table"", ""text"": """"}, {""bbox"": [49.59, 1564.55, 496.0, 1662.16], ""type"": ""formula"", ""text"": """"}, {""bbox"": [59.65, 1416.49, 511.82, 1522.47], ""type"": ""formula"", ""text"": """"}, {""bbox"": [69.44, 1310.94, 455.37, 1399.4], ""type"": ""formula"", ""text"": """"}, {""bbox"": [1258.19, 2046.1, 1494.36, 2095.84], ""type"": ""annotation"", ""text"": """"}, {""bbox"": [46.92, 848.46, 1190.37, 1252.63], ""type"": ""table"", ""text"": """"}, {""bbox"": [71.22, 741.08, 156.08, 794.8], ""type"": ""annotation"", ""text"": """"}, {""bbox"": [46.43, 1691.35, 1642.57, 1781.67], ""type"": ""formula"", ""text"": """"}, {""bbox"": [41.52, 68.24, 122.85, 115.92], ""type"": ""annotation"", ""text"": """"}]"
a94167ad-158d-43ff-a302-ac46f8f9f9c7.jpg,"[{""bbox"": [43.66, 781.35, 540.65, 813.14], ""type"": ""handwritten"", ""text"": """"}, {""bbox"": [40.05, 841.91, 513.34, 880.02], ""type"": ""handwritten"", ""text"": """"}, {""bbox"": [47.99, 635.93, 551.35, 669.04], ""type"": ""handwritten"", ""text"": """"}, {""bbox"": [159.75, 155.61, 394.26, 187.03], ""type"": ""handwritten"", ""text"": """"}, {""bbox"": [103.23, 176.6, 551.32, 221.76], ""type"": ""handwritten"", ""text"": """"}, {""bbox"": [59.9, 469.89, 554.87, 518.49], ""type"": ""handwritten"", ""text"": """"}, {""bbox"": [67.51, 275.36, 550.96, 329.3], ""type"": ""handwritten"", ""text"": """"}, {""bbox"": [59.69, 224.34, 540.21, 273.57], ""type"": ""handwritten"", ""text"": """"}, {""bbox"": [44.78, 810.94, 511.26, 844.21], ""type"": ""handwritten"", ""text"": """"}, {""bbox"": [57.93, 520.34, 389.99, 546.8], ""type"": ""handwritten"", ""text"": """"}, {""bbox"": [68.71, 318.57, 219.3, 347.17], ""type"": ""handwritten"", ""text"": """"}, {""bbox"": [47.76, 660.4, 555.33, 699.57], ""type"": ""handwritten"", ""text"": """"}, {""bbox"": [58.47, 411.65, 552.11, 452.23], ""type"": ""handwritten"", ""text"": """"}, {""bbox"": [60.6, 435.58, 546.66, 477.34], ""type"": ""handwritten"", ""text"": """"}, {""bbox"": [52.27, 359.34, 556.66, 398.55], ""type"": ""handwritten"", ""text"": """"}, {""bbox"": [56.42, 385.17, 554.78, 426.64], ""type"": ""handwritten"", ""text"": """"}, {""bbox"": [47.19, 688.27, 557.76, 726.36], ""type"": ""handwritten"", ""text"": """"}, {""bbox"": [48.11, 603.35, 553.53, 648.43], ""type"": ""handwritten"", ""text"": """"}, {""bbox"": [59.82, 251.48, 549.62, 308.11], ""type"": ""handwritten"", ""text"": """"}, {""bbox"": [52.28, 573.09, 536.76, 622.04], ""type"": ""handwritten"", ""text"": """"}, {""bbox"": [44.07, 750.33, 532.94, 783.44], ""type"": ""handwritten"", ""text"": """"}, {""bbox"": [46.81, 721.31, 550.91, 756.27], ""type"": ""handwritten"", ""text"": """"}, {""bbox"": [108.6, 326.46, 552.56, 375.73], ""type"": ""handwritten"", ""text"": """"}, {""bbox"": [63.5, 205.87, 540.94, 248.55], ""type"": ""handwritten"", ""text"": """"}, {""bbox"": [70.0, 530.14, 550.67, 580.11], ""type"": ""handwritten"", ""text"": """"}, {""bbox"": [51.68, 558.09, 535.95, 603.8], ""type"": ""handwritten"", ""text"": """"}, {""bbox"": [43.35, 757.89, 549.66, 799.54], ""type"": ""handwritten"", ""text"": """"}, {""bbox"": [60.61, 465.19, 536.68, 499.39], ""type"": ""handwritten"", ""text"": """"}, {""bbox"": [47.89, 634.06, 551.45, 693.14], ""type"": ""handwritten"", ""text"": """"}, {""bbox"": [54.91, 238.54, 553.22, 292.24], ""type"": ""handwritten"", ""text"": """"}, {""bbox"": [60.87, 491.48, 536.25, 525.47], ""type"": ""handwritten"", ""text"": """"}]"
ab4a0f63-eb5a-5d60-bc2c-f3e482375cf1.jpg,"[{""bbox"": [624.98, 2166.23, 2063.34, 2501.41], ""type"": ""table"", ""text"": """"}, {""bbox"": [1260.87, 1586.56, 1632.32, 1776.03], ""type"": ""handwritten"", ""text"": """"}, {""bbox"": [359.81, 296.18, 1455.92, 540.41], ""type"": ""formula"", ""text"": """"}, {""bbox"": [583.21, 1953.38, 1654.17, 2174.6], ""type"": ""handwritten"", ""text"": """"}, {""bbox"": [426.32, 1805.05, 2331.65, 2043.92], ""type"": ""handwritten"", ""text"": """"}, {""bbox"": [354.27, 512.82, 1377.11, 896.11], ""type"": ""table"", ""text"": """"}, {""bbox"": [675.78, 2663.13, 1207.58, 2928.76], ""type"": ""table"", ""text"": """"}, {""bbox"": [639.11, 2505.47, 2186.28, 2726.91], ""type"": ""handwritten"", ""text"": """"}, {""bbox"": [1405.41, 2773.93, 2065.28, 3611.36], ""type"": ""graph"", ""text"": """"}, {""bbox"": [361.25, 527.53, 1370.9, 692.55], ""type"": ""table"", ""text"": """"}, {""bbox"": [310.87, 269.04, 2651.84, 1554.32], ""type"": ""graph"", ""text"": """"}, {""bbox"": [1432.63, 1.42, 2738.37, 243.77], ""type"": ""handwritten"", ""text"": """"}, {""bbox"": [1401.65, 241.76, 2760.43, 1539.32], ""type"": ""graph"", ""text"": """"}, {""bbox"": [899.53, 3905.67, 1122.83, 3984.88], ""type"": ""handwritten"", ""text"": """"}]"
ac07749a-9930-4174-b5f0-0655c407315c.jpg,"[{""bbox"": [34.18, 676.83, 512.89, 711.2], ""type"": ""handwritten"", ""text"": """"}, {""bbox"": [23.99, 449.16, 524.24, 484.05], ""type"": ""handwritten"", ""text"": """"}, {""bbox"": [43.12, 374.56, 519.03, 410.34], ""type"": ""handwritten"", ""text"": """"}, {""bbox"": [9.21, 713.44, 513.95, 751.88], ""type"": ""handwritten"", ""text"": """"}, {""bbox"": [40.57, 261.56, 475.47, 300.0], ""type"": ""handwritten"", ""text"": """"}, {""bbox"": [25.75, 488.35, 483.5, 521.25], ""type"": ""handwritten"", ""text"": """"}, {""bbox"": [16.77, 605.53, 506.75, 634.99], ""type"": ""handwritten"", ""text"": """"}, {""bbox"": [63.22, 182.7, 422.77, 223.05], ""type"": ""handwritten"", ""text"": """"}, {""bbox"": [42.81, 409.17, 540.12, 448.36], ""type"": ""handwritten"", ""text"": """"}, {""bbox"": [42.93, 217.6, 535.67, 266.25], ""type"": ""handwritten"", ""text"": """"}, {""bbox"": [29.59, 333.01, 310.81, 376.98], ""type"": ""handwritten"", ""text"": """"}, {""bbox"": [14.65, 638.99, 495.54, 672.03], ""type"": ""handwritten"", ""text"": """"}, {""bbox"": [20.93, 578.45, 454.92, 600.05], ""type"": ""handwritten"", ""text"": """"}, {""bbox"": [63.61, 560.06, 507.83, 582.51], ""type"": ""handwritten"", ""text"": """"}, {""bbox"": [17.82, 787.87, 518.29, 827.7], ""type"": ""handwritten"", ""text"": """"}, {""bbox"": [25.71, 524.39, 494.18, 557.14], ""type"": ""handwritten"", ""text"": """"}, {""bbox"": [24.52, 299.04, 496.98, 338.55], ""type"": ""handwritten"", ""text"": """"}, {""bbox"": [15.03, 823.37, 526.17, 868.12], ""type"": ""handwritten"", ""text"": """"}, {""bbox"": [8.74, 858.71, 525.52, 908.39], ""type"": ""handwritten"", ""text"": """"}, {""bbox"": [10.14, 886.96, 499.32, 935.48], ""type"": ""handwritten"", ""text"": """"}, {""bbox"": [16.47, 752.8, 488.6, 788.6], ""type"": ""handwritten"", ""text"": """"}, {""bbox"": [11.21, 781.47, 530.21, 929.47], ""type"": ""table"", ""text"": """"}]"
ae5d47a3-be52-4281-bc01-9a5e3e8ebbb6.jpg,"[{""bbox"": [54.71, 386.06, 527.29, 425.7], ""type"": ""handwritten"", ""text"": """"}, {""bbox"": [109.68, 642.51, 518.38, 678.48], ""type"": ""handwritten"", ""text"": """"}, {""bbox"": [52.43, 581.88, 533.33, 617.65], ""type"": ""handwritten"", ""text"": """"}, {""bbox"": [51.73, 707.45, 522.13, 739.61], ""type"": ""handwritten"", ""text"": """"}, {""bbox"": [48.06, 768.5, 520.8, 805.7], ""type"": ""handwritten"", ""text"": """"}, {""bbox"": [57.94, 550.56, 498.93, 583.07], ""type"": ""handwritten"", ""text"": """"}, {""bbox"": [53.43, 675.09, 522.5, 710.51], ""type"": ""handwritten"", ""text"": """"}, {""bbox"": [160.12, 180.84, 476.99, 217.66], ""type"": ""handwritten"", ""text"": """"}, {""bbox"": [46.95, 736.95, 517.18, 773.64], ""type"": ""handwritten"", ""text"": """"}, {""bbox"": [50.51, 458.14, 533.18, 492.14], ""type"": ""handwritten"", ""text"": """"}, {""bbox"": [61.87, 423.1, 489.36, 463.95], ""type"": ""handwritten"", ""text"": """"}, {""bbox"": [101.16, 274.06, 463.0, 323.11], ""type"": ""handwritten"", ""text"": """"}, {""bbox"": [67.28, 351.65, 504.26, 393.55], ""type"": ""handwritten"", ""text"": """"}, {""bbox"": [46.83, 803.06, 515.61, 843.78], ""type"": ""handwritten"", ""text"": """"}, {""bbox"": [65.02, 321.21, 523.14, 354.39], ""type"": ""handwritten"", ""text"": """"}, {""bbox"": [53.54, 613.77, 402.63, 647.95], ""type"": ""handwritten"", ""text"": """"}, {""bbox"": [55.2, 488.13, 503.77, 523.36], ""type"": ""handwritten"", ""text"": """"}, {""bbox"": [45.05, 519.04, 507.97, 555.33], ""type"": ""handwritten"", ""text"": """"}, {""bbox"": [231.18, 221.65, 300.77, 261.24], ""type"": ""handwritten"", ""text"": """"}, {""bbox"": [0.64, 1083.91, 219.89, 1101.54], ""type"": ""printed"", ""text"": """"}, {""bbox"": [0.0, 1099.3, 227.41, 1118.83], ""type"": ""printed"", ""text"": """"}, {""bbox"": [28.88, 1115.96, 174.12, 1132.35], ""type"": ""printed"", ""text"": """"}, {""bbox"": [0.03, 1080.64, 241.94, 1139.78], ""type"": ""image"", ""text"": """"}, {""bbox"": [450.56, 1063.55, 577.0, 1147.89], ""type"": ""image"", ""text"": """"}]"
af7e09e3-ef68-41ff-b630-889bebb0930e.jpg,"[{""bbox"": [502.61, 21.22, 996.65, 137.23], ""type"": ""handwritten"", ""text"": """"}, {""bbox"": [115.29, 209.17, 1296.43, 402.36], ""type"": ""handwritten"", ""text"": """"}, {""bbox"": [216.85, 137.58, 1322.92, 287.26], ""type"": ""handwritten"", ""text"": """"}, {""bbox"": [103.83, 816.34, 1249.63, 1038.19], ""type"": ""handwritten"", ""text"": """"}, {""bbox"": [104.37, 689.8, 1286.28, 897.61], ""type"": ""handwritten"", ""text"": """"}, {""bbox"": [118.95, 1002.65, 1282.31, 1220.54], ""type"": ""handwritten"", ""text"": """"}, {""bbox"": [105.08, 1288.23, 1311.98, 1486.51], ""type"": ""handwritten"", ""text"": """"}, {""bbox"": [93.81, 1641.28, 1237.13, 1854.93], ""type"": ""handwritten"", ""text"": """"}, {""bbox"": [106.93, 1438.4, 1326.09, 1633.88], ""type"": ""handwritten"", ""text"": """"}, {""bbox"": [101.41, 563.6, 1326.78, 772.65], ""type"": ""handwritten"", ""text"": """"}, {""bbox"": [102.57, 413.65, 1262.5, 599.3], ""type"": ""handwritten"", ""text"": """"}, {""bbox"": [162.83, 956.28, 1308.81, 1153.64], ""type"": ""handwritten"", ""text"": """"}, {""bbox"": [100.54, 1132.78, 1277.46, 1349.06], ""type"": ""handwritten"", ""text"": """"}, {""bbox"": [87.69, 1504.35, 1335.09, 1723.73], ""type"": ""handwritten"", ""text"": """"}, {""bbox"": [186.07, 305.95, 1265.12, 496.32], ""type"": ""handwritten"", ""text"": """"}, {""bbox"": [96.55, 1007.17, 394.18, 1100.35], ""type"": ""handwritten"", ""text"": """"}, {""bbox"": [169.32, 1359.49, 1345.59, 1561.42], ""type"": ""handwritten"", ""text"": """"}, {""bbox"": [104.62, 464.89, 1243.93, 675.53], ""type"": ""handwritten"", ""text"": """"}, {""bbox"": [114.98, 1075.57, 1241.38, 1258.13], ""type"": ""handwritten"", ""text"": """"}, {""bbox"": [56.03, 905.56, 1297.66, 1092.92], ""type"": ""handwritten"", ""text"": """"}, {""bbox"": [103.5, 1820.51, 723.72, 1968.19], ""type"": ""handwritten"", ""text"": """"}, {""bbox"": [101.46, 1571.53, 1323.04, 1779.04], ""type"": ""handwritten"", ""text"": """"}, {""bbox"": [97.45, 1225.17, 1286.03, 1414.4], ""type"": ""handwritten"", ""text"": """"}, {""bbox"": [248.15, 1057.47, 1245.28, 1194.17], ""type"": ""handwritten"", ""text"": """"}]"
b01c3599-8158-5d02-95d9-969e2031ac38.jpg,"[{""bbox"": [1883.95, 764.7, 2858.12, 988.89], ""type"": ""handwritten"", ""text"": """"}, {""bbox"": [1412.06, 358.22, 3013.12, 613.88], ""type"": ""handwritten"", ""text"": """"}, {""bbox"": [740.2, 964.08, 3734.41, 1249.24], ""type"": ""handwritten"", ""text"": """"}, {""bbox"": [1659.28, 574.2, 3142.34, 797.72], ""type"": ""handwritten"", ""text"": """"}, {""bbox"": [905.62, 1178.58, 3879.81, 1464.72], ""type"": ""handwritten"", ""text"": """"}, {""bbox"": [272.32, 1665.16, 1718.64, 1944.25], ""type"": ""handwritten"", ""text"": """"}, {""bbox"": [979.49, 1373.96, 3963.5, 1666.13], ""type"": ""handwritten"", ""text"": """"}, {""bbox"": [0.07, 2838.76, 284.59, 3023.81], ""type"": ""handwritten"", ""text"": """"}, {""bbox"": [0.0, 1256.67, 295.54, 1465.33], ""type"": ""handwritten"", ""text"": """"}, {""bbox"": [0.08, 2105.98, 234.21, 2361.2], ""type"": ""handwritten"", ""text"": """"}, {""bbox"": [0.0, 1686.76, 293.8, 1934.07], ""type"": ""handwritten"", ""text"": """"}, {""bbox"": [0.0, 863.76, 198.23, 981.22], ""type"": ""handwritten"", ""text"": """"}]"
b106dc0f-0ab9-487c-b86d-4c51e91c802c.jpg,"[{""bbox"": [191.96, 2249.89, 2858.08, 2439.18], ""type"": ""handwritten"", ""text"": """"}, {""bbox"": [226.49, 1499.98, 2748.58, 1667.69], ""type"": ""handwritten"", ""text"": """"}, {""bbox"": [191.76, 2414.89, 2863.33, 2590.94], ""type"": ""handwritten"", ""text"": """"}, {""bbox"": [231.44, 1643.66, 2745.81, 1824.65], ""type"": ""handwritten"", ""text"": """"}, {""bbox"": [241.62, 1194.2, 2875.31, 1374.62], ""type"": ""handwritten"", ""text"": """"}, {""bbox"": [120.46, 2101.08, 2851.44, 2279.13], ""type"": ""handwritten"", ""text"": """"}, {""bbox"": [126.74, 1796.33, 1919.68, 1962.2], ""type"": ""handwritten"", ""text"": """"}, {""bbox"": [406.82, 1934.94, 2901.49, 2125.18], ""type"": ""handwritten"", ""text"": """"}, {""bbox"": [144.82, 484.49, 2764.65, 665.06], ""type"": ""handwritten"", ""text"": """"}, {""bbox"": [227.42, 1352.79, 2699.38, 1517.67], ""type"": ""handwritten"", ""text"": """"}, {""bbox"": [199.62, 2572.18, 2118.4, 2753.91], ""type"": ""handwritten"", ""text"": """"}, {""bbox"": [370.25, 1051.23, 2845.46, 1227.14], ""type"": ""handwritten"", ""text"": """"}, {""bbox"": [309.86, 187.26, 2718.65, 377.7], ""type"": ""handwritten"", ""text"": """"}, {""bbox"": [227.2, 784.29, 2698.97, 959.79], ""type"": ""handwritten"", ""text"": """"}, {""bbox"": [287.98, 348.61, 2836.12, 527.27], ""type"": ""handwritten"", ""text"": """"}, {""bbox"": [249.74, 638.07, 2738.03, 817.09], ""type"": ""handwritten"", ""text"": """"}, {""bbox"": [227.41, 926.59, 1803.62, 1066.26], ""type"": ""handwritten"", ""text"": """"}, {""bbox"": [0.32, 458.88, 194.95, 620.06], ""type"": ""handwritten"", ""text"": """"}, {""bbox"": [0.06, 330.97, 62.39, 447.1], ""type"": ""handwritten"", ""text"": """"}, {""bbox"": [0.0, 1205.06, 69.2, 1330.54], ""type"": ""handwritten"", ""text"": """"}, {""bbox"": [0.0, 1055.7, 90.47, 1175.83], ""type"": ""handwritten"", ""text"": """"}, {""bbox"": [0.11, 2103.64, 129.11, 2243.85], ""type"": ""handwritten"", ""text"": """"}, {""bbox"": [0.0, 1807.88, 110.61, 1966.97], ""type"": ""handwritten"", ""text"": """"}]"
b1e5056d-1acd-410d-b68f-b74a0358d61b.jpg,"[{""bbox"": [29.36, 274.99, 781.48, 376.01], ""type"": ""handwritten"", ""text"": """"}, {""bbox"": [56.22, 1192.43, 252.65, 1266.08], ""type"": ""handwritten"", ""text"": """"}, {""bbox"": [501.08, 1296.64, 936.98, 1365.13], ""type"": ""formula"", ""text"": """"}, {""bbox"": [45.17, 0.98, 682.29, 91.74], ""type"": ""handwritten"", ""text"": """"}, {""bbox"": [467.65, 1231.92, 999.74, 1298.3], ""type"": ""formula"", ""text"": """"}, {""bbox"": [504.92, 1419.34, 842.74, 1506.92], ""type"": ""formula"", ""text"": """"}, {""bbox"": [72.59, 432.66, 1236.01, 514.87], ""type"": ""handwritten"", ""text"": """"}, {""bbox"": [165.92, 1042.12, 373.51, 1127.65], ""type"": ""formula"", ""text"": """"}, {""bbox"": [541.03, 1355.47, 870.61, 1425.02], ""type"": ""formula"", ""text"": """"}, {""bbox"": [59.97, 1122.69, 353.47, 1211.88], ""type"": ""handwritten"", ""text"": """"}, {""bbox"": [76.33, 365.28, 1580.35, 448.68], ""type"": ""handwritten"", ""text"": """"}, {""bbox"": [62.48, 1262.98, 352.7, 1345.75], ""type"": ""formula"", ""text"": """"}, {""bbox"": [101.17, 561.47, 1530.27, 694.76], ""type"": ""handwritten"", ""text"": """"}, {""bbox"": [508.94, 1507.61, 1015.85, 1598.27], ""type"": ""formula"", ""text"": """"}, {""bbox"": [37.94, 952.21, 1606.33, 1098.28], ""type"": ""handwritten"", ""text"": """"}, {""bbox"": [105.09, 593.21, 1532.2, 736.22], ""type"": ""handwritten"", ""text"": """"}, {""bbox"": [101.15, 825.68, 1513.4, 985.23], ""type"": ""handwritten"", ""text"": """"}, {""bbox"": [46.75, 712.42, 1460.71, 862.22], ""type"": ""handwritten"", ""text"": """"}, {""bbox"": [96.13, 494.53, 888.84, 577.38], ""type"": ""handwritten"", ""text"": """"}, {""bbox"": [68.97, 1341.43, 293.13, 1417.17], ""type"": ""formula"", ""text"": """"}, {""bbox"": [104.99, 784.21, 1497.38, 926.13], ""type"": ""handwritten"", ""text"": """"}, {""bbox"": [453.92, 1090.42, 1445.45, 1180.26], ""type"": ""handwritten"", ""text"": """"}, {""bbox"": [968.06, 1351.26, 1637.8, 1834.85], ""type"": ""graph"", ""text"": """"}, {""bbox"": [253.85, 1036.24, 1627.36, 1153.49], ""type"": ""handwritten"", ""text"": """"}, {""bbox"": [508.0, 1517.52, 1015.63, 1571.36], ""type"": ""formula"", ""text"": """"}, {""bbox"": [930.37, 80.82, 1045.12, 173.55], ""type"": ""annotation"", ""text"": """"}, {""bbox"": [516.85, 1566.94, 682.11, 1612.01], ""type"": ""formula"", ""text"": """"}, {""bbox"": [1284.03, 1856.02, 1407.21, 1957.65], ""type"": ""annotation"", ""text"": """"}, {""bbox"": [52.86, 1454.6, 186.4, 1512.39], ""type"": ""formula"", ""text"": """"}, {""bbox"": [75.3, 1015.89, 1619.37, 1190.82], ""type"": ""handwritten"", ""text"": """"}, {""bbox"": [1317.7, 947.95, 1403.33, 998.54], ""type"": ""annotation"", ""text"": """"}, {""bbox"": [1324.8, 529.58, 1428.27, 595.5], ""type"": ""annotation"", ""text"": """"}, {""bbox"": [472.1, 1226.19, 997.2, 1613.03], ""type"": ""graph"", ""text"": """"}, {""bbox"": [141.73, 865.8, 299.91, 933.55], ""type"": ""handwritten"", ""text"": """"}]"
b5209011-6e43-5ee6-893b-ce6869ee3a88.jpg,"[{""bbox"": [192.19, 1046.77, 2127.2, 1325.52], ""type"": ""handwritten"", ""text"": """"}, {""bbox"": [149.11, 1283.32, 2496.48, 1595.88], ""type"": ""handwritten"", ""text"": """"}, {""bbox"": [1635.3, 553.34, 2916.24, 861.72], ""type"": ""handwritten"", ""text"": """"}, {""bbox"": [1423.79, 322.85, 2637.76, 614.04], ""type"": ""handwritten"", ""text"": """"}, {""bbox"": [622.06, 784.06, 3556.51, 1113.93], ""type"": ""handwritten"", ""text"": """"}, {""bbox"": [1636.11, 1949.82, 2896.7, 2077.93], ""type"": ""handwritten"", ""text"": """"}, {""bbox"": [182.42, 1604.28, 1498.22, 2623.42], ""type"": ""image"", ""text"": """"}, {""bbox"": [1636.2, 2287.07, 2895.73, 2538.55], ""type"": ""handwritten"", ""text"": """"}, {""bbox"": [1635.5, 2167.31, 2703.75, 2322.44], ""type"": ""handwritten"", ""text"": """"}, {""bbox"": [1624.45, 1580.91, 2512.92, 1734.44], ""type"": ""handwritten"", ""text"": """"}, {""bbox"": [1644.17, 2055.98, 2884.83, 2196.16], ""type"": ""handwritten"", ""text"": """"}, {""bbox"": [1629.72, 1841.62, 2785.87, 1978.11], ""type"": ""handwritten"", ""text"": """"}, {""bbox"": [1617.46, 1701.71, 2727.65, 1867.56], ""type"": ""handwritten"", ""text"": """"}, {""bbox"": [0.0, 749.83, 114.96, 877.79], ""type"": ""handwritten"", ""text"": """"}]"
b5db1d37-867d-507e-8c9a-2b9d8667ce57.jpg,"[{""bbox"": [462.17, 2548.78, 1400.2, 2732.62], ""type"": ""handwritten"", ""text"": """"}, {""bbox"": [649.21, 1670.55, 2191.04, 1831.08], ""type"": ""handwritten"", ""text"": """"}, {""bbox"": [1937.01, 2849.25, 2964.59, 3038.52], ""type"": ""handwritten"", ""text"": """"}, {""bbox"": [709.12, 924.29, 2291.24, 1076.7], ""type"": ""handwritten"", ""text"": """"}, {""bbox"": [1281.16, 1839.97, 1579.09, 1978.42], ""type"": ""handwritten"", ""text"": """"}, {""bbox"": [425.4, 1987.06, 2966.15, 3048.8], ""type"": ""table"", ""text"": """"}, {""bbox"": [462.64, 3512.36, 1652.02, 3699.86], ""type"": ""handwritten"", ""text"": """"}, {""bbox"": [612.13, 1252.59, 1972.84, 1641.02], ""type"": ""formula"", ""text"": """"}, {""bbox"": [470.67, 2922.28, 1852.29, 3186.29], ""type"": ""formula"", ""text"": """"}, {""bbox"": [1200.31, 3229.21, 1399.11, 3398.03], ""type"": ""handwritten"", ""text"": """"}, {""bbox"": [971.83, 2749.73, 1213.33, 2916.46], ""type"": ""handwritten"", ""text"": """"}, {""bbox"": [1034.54, 36.06, 1227.51, 199.35], ""type"": ""handwritten"", ""text"": """"}, {""bbox"": [515.76, 2147.31, 1360.23, 2300.44], ""type"": ""handwritten"", ""text"": """"}, {""bbox"": [1048.36, 1115.98, 1250.18, 1302.24], ""type"": ""handwritten"", ""text"": """"}, {""bbox"": [516.46, 241.61, 1935.5, 520.88], ""type"": ""formula"", ""text"": """"}, {""bbox"": [502.29, 33.8, 1242.99, 283.93], ""type"": ""handwritten"", ""text"": """"}, {""bbox"": [1686.66, 2322.13, 2963.25, 2564.62], ""type"": ""formula"", ""text"": """"}, {""bbox"": [612.93, 1275.69, 1952.11, 1472.59], ""type"": ""handwritten"", ""text"": """"}, {""bbox"": [755.7, 1956.25, 945.22, 2081.07], ""type"": ""handwritten"", ""text"": """"}, {""bbox"": [693.69, 2402.03, 847.69, 2545.24], ""type"": ""handwritten"", ""text"": """"}, {""bbox"": [1307.99, 690.15, 1478.67, 877.36], ""type"": ""handwritten"", ""text"": """"}, {""bbox"": [1764.66, 2013.42, 1916.03, 2193.54], ""type"": ""handwritten"", ""text"": """"}, {""bbox"": [1279.84, 1460.0, 1414.01, 1660.51], ""type"": ""handwritten"", ""text"": """"}, {""bbox"": [510.83, 97.18, 631.57, 224.47], ""type"": ""handwritten"", ""text"": """"}, {""bbox"": [470.5, 1117.97, 1252.59, 1282.02], ""type"": ""table"", ""text"": """"}, {""bbox"": [1149.38, 3460.54, 1341.82, 3568.69], ""type"": ""handwritten"", ""text"": """"}, {""bbox"": [1339.18, 530.1, 1500.02, 698.86], ""type"": ""handwritten"", ""text"": """"}, {""bbox"": [2235.61, 2037.11, 2498.73, 2294.51], ""type"": ""handwritten"", ""text"": """"}, {""bbox"": [413.19, 2718.88, 531.69, 2866.24], ""type"": ""handwritten"", ""text"": """"}, {""bbox"": [1770.59, 2004.63, 2509.66, 2343.07], ""type"": ""handwritten"", ""text"": """"}, {""bbox"": [454.63, 1954.94, 953.76, 2164.18], ""type"": ""handwritten"", ""text"": """"}, {""bbox"": [737.6, 1958.13, 957.77, 2166.08], ""type"": ""handwritten"", ""text"": """"}, {""bbox"": [2325.45, 2677.44, 2470.0, 2789.15], ""type"": ""handwritten"", ""text"": """"}, {""bbox"": [471.42, 1132.7, 576.09, 1284.25], ""type"": ""handwritten"", ""text"": """"}]"
b67a07b4-da09-562d-9824-b886eb0b36fa.jpg,"[{""bbox"": [1764.62, 708.58, 3335.22, 975.33], ""type"": ""handwritten"", ""text"": """"}, {""bbox"": [1922.04, 510.99, 2800.45, 715.53], ""type"": ""handwritten"", ""text"": """"}, {""bbox"": [1452.17, 939.55, 3559.99, 1234.21], ""type"": ""handwritten"", ""text"": """"}, {""bbox"": [232.18, 2324.79, 2388.37, 2569.03], ""type"": ""handwritten"", ""text"": """"}, {""bbox"": [634.99, 1.1, 3501.41, 354.67], ""type"": ""handwritten"", ""text"": """"}, {""bbox"": [425.54, 2020.4, 2153.43, 2246.68], ""type"": ""handwritten"", ""text"": """"}, {""bbox"": [2450.17, 0.0, 3940.38, 181.47], ""type"": ""handwritten"", ""text"": """"}, {""bbox"": [1785.3, 1252.33, 2641.29, 1447.68], ""type"": ""formula"", ""text"": """"}, {""bbox"": [174.96, 942.68, 2705.05, 2607.48], ""type"": ""table"", ""text"": """"}, {""bbox"": [395.31, 1189.17, 711.81, 1352.15], ""type"": ""handwritten"", ""text"": """"}, {""bbox"": [1717.28, 1758.88, 2121.45, 1954.04], ""type"": ""handwritten"", ""text"": """"}, {""bbox"": [732.13, 1463.48, 2183.42, 1692.88], ""type"": ""formula"", ""text"": """"}, {""bbox"": [2339.82, 65.9, 3476.63, 348.41], ""type"": ""handwritten"", ""text"": """"}, {""bbox"": [1672.51, 2339.45, 2381.46, 2568.74], ""type"": ""formula"", ""text"": """"}, {""bbox"": [1757.64, 1503.72, 2173.23, 1692.01], ""type"": ""handwritten"", ""text"": """"}, {""bbox"": [311.88, 1446.19, 1546.67, 1664.22], ""type"": ""table"", ""text"": """"}, {""bbox"": [319.21, 1743.22, 2136.81, 1944.99], ""type"": ""handwritten"", ""text"": """"}, {""bbox"": [1052.9, 1483.38, 1543.27, 1671.46], ""type"": ""formula"", ""text"": """"}]"
b706c539-06b2-5ac9-82cd-ca5b9396ee04.jpg,"[{""bbox"": [401.88, 814.29, 3354.39, 1083.51], ""type"": ""handwritten"", ""text"": """"}, {""bbox"": [380.95, 579.8, 2339.99, 843.41], ""type"": ""handwritten"", ""text"": """"}, {""bbox"": [478.78, 1045.9, 3415.37, 1336.06], ""type"": ""handwritten"", ""text"": """"}, {""bbox"": [471.54, 1510.11, 3446.25, 1793.76], ""type"": ""handwritten"", ""text"": """"}, {""bbox"": [555.52, 2009.36, 3535.65, 2260.04], ""type"": ""handwritten"", ""text"": """"}, {""bbox"": [535.07, 71.5, 3525.34, 367.07], ""type"": ""handwritten"", ""text"": """"}, {""bbox"": [727.87, 2230.22, 3691.73, 2545.3], ""type"": ""handwritten"", ""text"": """"}, {""bbox"": [606.06, 1754.26, 3615.33, 2039.65], ""type"": ""handwritten"", ""text"": """"}, {""bbox"": [452.78, 414.79, 953.54, 564.96], ""type"": ""handwritten"", ""text"": """"}, {""bbox"": [479.35, 1303.69, 1545.23, 1566.79], ""type"": ""handwritten"", ""text"": """"}, {""bbox"": [0.43, 2842.49, 183.69, 2993.57], ""type"": ""handwritten"", ""text"": """"}, {""bbox"": [482.53, 1297.77, 3423.79, 1553.4], ""type"": ""handwritten"", ""text"": """"}, {""bbox"": [0.0, 2319.75, 184.62, 2446.93], ""type"": ""handwritten"", ""text"": """"}]"
b85a53be-d739-41ce-91ab-b73ce7e06710.jpg,"[{""bbox"": [133.94, 1029.42, 1143.3, 1192.87], ""type"": ""handwritten"", ""text"": """"}, {""bbox"": [109.76, 247.81, 827.53, 381.65], ""type"": ""handwritten"", ""text"": """"}, {""bbox"": [128.64, 1394.2, 1493.75, 1612.76], ""type"": ""handwritten"", ""text"": """"}, {""bbox"": [109.73, 50.04, 748.17, 149.78], ""type"": ""handwritten"", ""text"": """"}, {""bbox"": [148.69, 637.94, 639.71, 721.29], ""type"": ""handwritten"", ""text"": """"}, {""bbox"": [107.99, 427.03, 1495.1, 582.59], ""type"": ""handwritten"", ""text"": """"}, {""bbox"": [406.2, 1885.3, 758.15, 1975.81], ""type"": ""formula"", ""text"": """"}, {""bbox"": [117.5, 149.78, 767.88, 256.64], ""type"": ""handwritten"", ""text"": """"}, {""bbox"": [404.93, 1985.54, 737.82, 2068.57], ""type"": ""formula"", ""text"": """"}, {""bbox"": [115.63, 1221.87, 1475.94, 1455.48], ""type"": ""handwritten"", ""text"": """"}, {""bbox"": [142.29, 743.46, 814.5, 847.4], ""type"": ""formula"", ""text"": """"}, {""bbox"": [135.65, 932.68, 1112.75, 1058.48], ""type"": ""handwritten"", ""text"": """"}, {""bbox"": [409.34, 1795.95, 739.64, 1877.66], ""type"": ""formula"", ""text"": """"}, {""bbox"": [135.75, 532.94, 1606.59, 708.68], ""type"": ""handwritten"", ""text"": """"}, {""bbox"": [114.96, 1644.37, 728.45, 1763.21], ""type"": ""handwritten"", ""text"": """"}, {""bbox"": [137.88, 1530.34, 511.23, 1615.25], ""type"": ""handwritten"", ""text"": """"}, {""bbox"": [1050.18, 1821.23, 1212.65, 1958.07], ""type"": ""annotation"", ""text"": """"}, {""bbox"": [406.85, 2064.29, 1390.09, 2216.68], ""type"": ""formula"", ""text"": """"}, {""bbox"": [1193.83, 984.18, 1348.25, 1117.04], ""type"": ""annotation"", ""text"": """"}, {""bbox"": [125.26, 1337.02, 1522.86, 1551.28], ""type"": ""handwritten"", ""text"": """"}, {""bbox"": [421.41, 1680.8, 725.25, 1762.93], ""type"": ""handwritten"", ""text"": """"}, {""bbox"": [411.05, 2070.86, 769.38, 2159.25], ""type"": ""formula"", ""text"": """"}, {""bbox"": [828.8, 2079.88, 1388.83, 2215.05], ""type"": ""handwritten"", ""text"": """"}, {""bbox"": [118.69, 1646.53, 275.14, 1741.28], ""type"": ""handwritten"", ""text"": """"}, {""bbox"": [127.25, 1967.27, 318.33, 2027.46], ""type"": ""handwritten"", ""text"": """"}]"
b8a1dbdf-e4e5-51a1-8948-b972dd0385b5.jpg,"[{""bbox"": [427.59, 550.91, 1788.17, 768.08], ""type"": ""handwritten"", ""text"": """"}, {""bbox"": [314.77, 2508.73, 1471.62, 2732.26], ""type"": ""handwritten"", ""text"": """"}, {""bbox"": [493.52, 1614.43, 1312.41, 1849.64], ""type"": ""handwritten"", ""text"": """"}, {""bbox"": [254.82, 3221.62, 1440.35, 3425.83], ""type"": ""handwritten"", ""text"": """"}, {""bbox"": [305.25, 2324.63, 1116.81, 2545.95], ""type"": ""handwritten"", ""text"": """"}, {""bbox"": [265.64, 3039.21, 1205.05, 3248.68], ""type"": ""handwritten"", ""text"": """"}, {""bbox"": [148.17, 1812.01, 1597.11, 2029.27], ""type"": ""handwritten"", ""text"": """"}, {""bbox"": [282.52, 2157.64, 1331.37, 2333.1], ""type"": ""handwritten"", ""text"": """"}, {""bbox"": [263.22, 3412.05, 1284.45, 3550.06], ""type"": ""handwritten"", ""text"": """"}, {""bbox"": [221.73, 1.02, 2227.44, 240.5], ""type"": ""handwritten"", ""text"": """"}, {""bbox"": [286.37, 2911.07, 1174.84, 3038.35], ""type"": ""handwritten"", ""text"": """"}, {""bbox"": [396.54, 148.43, 2141.86, 419.33], ""type"": ""handwritten"", ""text"": """"}, {""bbox"": [404.15, 353.93, 2024.73, 605.68], ""type"": ""handwritten"", ""text"": """"}, {""bbox"": [268.95, 1985.46, 1616.34, 2202.88], ""type"": ""handwritten"", ""text"": """"}, {""bbox"": [259.29, 3588.62, 1593.85, 3776.26], ""type"": ""handwritten"", ""text"": """"}, {""bbox"": [453.98, 1256.38, 972.89, 1432.21], ""type"": ""handwritten"", ""text"": """"}, {""bbox"": [342.2, 2713.88, 1688.02, 2926.95], ""type"": ""handwritten"", ""text"": """"}, {""bbox"": [383.17, 727.37, 2167.86, 986.34], ""type"": ""handwritten"", ""text"": """"}, {""bbox"": [286.81, 894.46, 1091.53, 1078.37], ""type"": ""handwritten"", ""text"": """"}, {""bbox"": [419.6, 1095.94, 1334.41, 1265.83], ""type"": ""handwritten"", ""text"": """"}, {""bbox"": [412.82, 558.61, 3023.65, 779.45], ""type"": ""handwritten"", ""text"": """"}, {""bbox"": [344.28, 972.8, 3024.0, 2404.77], ""type"": ""table"", ""text"": """"}, {""bbox"": [500.03, 1447.76, 1124.42, 1613.65], ""type"": ""handwritten"", ""text"": """"}, {""bbox"": [1768.31, 798.84, 2028.23, 1007.95], ""type"": ""handwritten"", ""text"": """"}, {""bbox"": [250.48, 2364.96, 3024.0, 3746.98], ""type"": ""table"", ""text"": """"}, {""bbox"": [230.03, 1740.09, 3024.0, 3075.96], ""type"": ""table"", ""text"": """"}, {""bbox"": [289.87, 2675.04, 3024.0, 3003.75], ""type"": ""handwritten"", ""text"": """"}, {""bbox"": [214.31, 38.61, 334.94, 149.97], ""type"": ""handwritten"", ""text"": """"}, {""bbox"": [0.06, 2537.51, 66.64, 2648.9], ""type"": ""handwritten"", ""text"": """"}, {""bbox"": [192.43, 907.38, 3024.0, 3717.51], ""type"": ""table"", ""text"": """"}]"
b95befcb-d245-4e81-afa6-6f3aedda8639.jpg,"[{""bbox"": [167.34, 418.9, 1160.51, 462.69], ""type"": ""handwritten"", ""text"": """"}, {""bbox"": [419.38, 213.44, 1218.41, 350.75], ""type"": ""handwritten"", ""text"": """"}, {""bbox"": [183.46, 473.36, 1173.46, 515.4], ""type"": ""printed"", ""text"": """"}, {""bbox"": [342.15, 180.99, 1000.01, 240.01], ""type"": ""printed"", ""text"": """"}, {""bbox"": [501.4, 536.44, 817.35, 883.0], ""type"": ""image"", ""text"": """"}, {""bbox"": [162.53, 536.36, 811.03, 882.75], ""type"": ""image"", ""text"": """"}, {""bbox"": [190.19, 300.99, 534.32, 327.57], ""type"": ""printed"", ""text"": """"}, {""bbox"": [825.2, 217.5, 1243.39, 334.96], ""type"": ""handwritten"", ""text"": """"}, {""bbox"": [865.64, 645.93, 1238.9, 772.69], ""type"": ""handwritten"", ""text"": """"}, {""bbox"": [194.27, 191.08, 1094.67, 356.31], ""type"": ""handwritten"", ""text"": """"}, {""bbox"": [572.48, 818.05, 692.98, 851.06], ""type"": ""printed"", ""text"": """"}, {""bbox"": [879.62, 694.17, 968.52, 720.28], ""type"": ""handwritten"", ""text"": """"}, {""bbox"": [370.35, 559.74, 538.37, 585.47], ""type"": ""printed"", ""text"": """"}]"
b96aeccd-7ec1-5b35-b362-c0ab85db07dc.jpg,"[{""bbox"": [1098.24, 961.24, 2450.54, 1152.12], ""type"": ""formula"", ""text"": """"}, {""bbox"": [1162.07, 1177.26, 2882.03, 1343.0], ""type"": ""handwritten"", ""text"": """"}, {""bbox"": [1086.85, 2247.04, 1881.17, 2462.24], ""type"": ""handwritten"", ""text"": """"}, {""bbox"": [1151.37, 280.21, 1771.45, 560.79], ""type"": ""handwritten"", ""text"": """"}, {""bbox"": [110.48, 771.45, 989.6, 945.12], ""type"": ""formula"", ""text"": """"}, {""bbox"": [272.83, 2256.63, 712.87, 2448.96], ""type"": ""handwritten"", ""text"": """"}, {""bbox"": [1193.39, 2039.88, 1732.34, 2262.98], ""type"": ""handwritten"", ""text"": """"}, {""bbox"": [180.88, 1155.33, 701.17, 1332.83], ""type"": ""formula"", ""text"": """"}, {""bbox"": [137.16, 960.31, 669.74, 1148.16], ""type"": ""formula"", ""text"": """"}, {""bbox"": [1091.09, 737.02, 2913.63, 949.78], ""type"": ""formula"", ""text"": """"}, {""bbox"": [1115.39, 543.64, 2919.15, 766.64], ""type"": ""formula"", ""text"": """"}, {""bbox"": [150.97, 503.76, 516.06, 729.83], ""type"": ""handwritten"", ""text"": """"}, {""bbox"": [215.5, 2451.37, 961.28, 2662.95], ""type"": ""formula"", ""text"": """"}, {""bbox"": [968.6, 1345.67, 2917.67, 1583.39], ""type"": ""formula"", ""text"": """"}, {""bbox"": [991.85, 2446.84, 2922.78, 2640.79], ""type"": ""formula"", ""text"": """"}, {""bbox"": [1226.51, 2613.53, 2714.37, 2868.27], ""type"": ""handwritten"", ""text"": """"}, {""bbox"": [252.41, 1850.29, 510.48, 2035.01], ""type"": ""formula"", ""text"": """"}, {""bbox"": [167.26, 1346.08, 1028.13, 1604.66], ""type"": ""formula"", ""text"": """"}, {""bbox"": [275.53, 2865.45, 517.07, 3036.37], ""type"": ""formula"", ""text"": """"}, {""bbox"": [164.88, 1577.61, 903.62, 1832.78], ""type"": ""formula"", ""text"": """"}, {""bbox"": [208.89, 2635.32, 965.68, 2911.39], ""type"": ""formula"", ""text"": """"}, {""bbox"": [215.11, 2666.04, 613.0, 2855.63], ""type"": ""formula"", ""text"": """"}, {""bbox"": [149.45, 1318.74, 1029.15, 2055.25], ""type"": ""graph"", ""text"": """"}]"
baa8fd98-2332-4390-944e-f0847409251f.jpg,"[{""bbox"": [277.14, 811.78, 1830.66, 931.67], ""type"": ""handwritten"", ""text"": """"}, {""bbox"": [233.41, 2501.21, 1968.24, 2621.72], ""type"": ""handwritten"", ""text"": """"}, {""bbox"": [264.04, 1993.96, 1767.9, 2107.56], ""type"": ""handwritten"", ""text"": """"}, {""bbox"": [277.24, 1111.96, 1921.36, 1231.88], ""type"": ""handwritten"", ""text"": """"}, {""bbox"": [263.96, 1415.2, 1906.73, 1520.39], ""type"": ""handwritten"", ""text"": """"}, {""bbox"": [277.64, 1012.74, 1705.76, 1131.14], ""type"": ""handwritten"", ""text"": """"}, {""bbox"": [250.31, 2711.06, 1884.75, 2830.98], ""type"": ""handwritten"", ""text"": """"}, {""bbox"": [290.56, 915.5, 1934.97, 1032.6], ""type"": ""handwritten"", ""text"": """"}, {""bbox"": [269.89, 1311.11, 1963.66, 1428.21], ""type"": ""handwritten"", ""text"": """"}, {""bbox"": [501.09, 1785.78, 1857.96, 1910.26], ""type"": ""handwritten"", ""text"": """"}, {""bbox"": [257.81, 1895.35, 1706.43, 2008.0], ""type"": ""handwritten"", ""text"": """"}, {""bbox"": [247.76, 726.57, 891.75, 836.62], ""type"": ""handwritten"", ""text"": """"}, {""bbox"": [289.06, 1503.68, 1955.18, 1623.8], ""type"": ""handwritten"", ""text"": """"}, {""bbox"": [254.66, 2308.57, 1675.64, 2408.54], ""type"": ""handwritten"", ""text"": """"}, {""bbox"": [240.26, 2093.82, 1923.39, 2215.65], ""type"": ""handwritten"", ""text"": """"}, {""bbox"": [263.37, 2606.94, 1919.01, 2726.33], ""type"": ""handwritten"", ""text"": """"}, {""bbox"": [654.74, 523.37, 1177.05, 644.18], ""type"": ""handwritten"", ""text"": """"}, {""bbox"": [264.47, 2200.09, 1824.0, 2316.1], ""type"": ""handwritten"", ""text"": """"}, {""bbox"": [291.61, 1605.58, 1820.33, 1721.97], ""type"": ""handwritten"", ""text"": """"}, {""bbox"": [416.8, 633.95, 1937.78, 740.97], ""type"": ""handwritten"", ""text"": """"}, {""bbox"": [271.7, 1713.69, 662.12, 1804.61], ""type"": ""handwritten"", ""text"": """"}, {""bbox"": [434.03, 2393.89, 1810.88, 2517.75], ""type"": ""handwritten"", ""text"": """"}, {""bbox"": [270.17, 1221.22, 1836.98, 1324.98], ""type"": ""handwritten"", ""text"": """"}, {""bbox"": [222.08, 2907.17, 2166.13, 4022.34], ""type"": ""graph"", ""text"": """"}, {""bbox"": [1611.47, 2926.74, 2268.0, 4019.02], ""type"": ""image"", ""text"": """"}]"
bb053620-9fa4-49b0-8373-087167e5298f.jpg,"[{""bbox"": [35.44, 331.31, 521.78, 366.71], ""type"": ""handwritten"", ""text"": """"}, {""bbox"": [31.26, 408.92, 562.45, 442.59], ""type"": ""handwritten"", ""text"": """"}, {""bbox"": [21.84, 485.9, 543.87, 520.58], ""type"": ""handwritten"", ""text"": """"}, {""bbox"": [33.09, 599.91, 536.68, 638.06], ""type"": ""handwritten"", ""text"": """"}, {""bbox"": [35.41, 292.89, 338.47, 329.34], ""type"": ""handwritten"", ""text"": """"}, {""bbox"": [28.13, 448.21, 571.51, 483.77], ""type"": ""handwritten"", ""text"": """"}, {""bbox"": [56.27, 183.4, 323.21, 217.37], ""type"": ""handwritten"", ""text"": """"}, {""bbox"": [29.72, 640.41, 563.99, 681.23], ""type"": ""handwritten"", ""text"": """"}, {""bbox"": [38.0, 252.5, 569.62, 288.84], ""type"": ""handwritten"", ""text"": """"}, {""bbox"": [32.65, 370.02, 563.82, 404.78], ""type"": ""handwritten"", ""text"": """"}, {""bbox"": [23.22, 563.71, 505.79, 598.94], ""type"": ""handwritten"", ""text"": """"}, {""bbox"": [22.81, 522.24, 570.37, 559.3], ""type"": ""handwritten"", ""text"": """"}, {""bbox"": [31.71, 677.35, 560.13, 719.01], ""type"": ""handwritten"", ""text"": """"}, {""bbox"": [80.52, 213.76, 535.04, 249.9], ""type"": ""handwritten"", ""text"": """"}, {""bbox"": [48.15, 134.29, 546.62, 186.66], ""type"": ""handwritten"", ""text"": """"}, {""bbox"": [35.91, 786.22, 557.23, 833.71], ""type"": ""handwritten"", ""text"": """"}, {""bbox"": [38.51, 751.16, 566.05, 795.27], ""type"": ""handwritten"", ""text"": """"}, {""bbox"": [34.28, 710.2, 554.87, 757.25], ""type"": ""handwritten"", ""text"": """"}, {""bbox"": [34.49, 826.4, 489.64, 869.13], ""type"": ""handwritten"", ""text"": """"}, {""bbox"": [124.22, 864.01, 211.87, 892.44], ""type"": ""handwritten"", ""text"": """"}]"
bb140be9-a6d3-4eb8-8d79-7d83194b77c1.jpg,"[{""bbox"": [18.51, 578.92, 2839.27, 868.82], ""type"": ""formula"", ""text"": """"}, {""bbox"": [84.78, 4064.69, 2630.84, 4467.97], ""type"": ""formula"", ""text"": """"}, {""bbox"": [53.41, 3148.19, 2096.18, 3488.8], ""type"": ""formula"", ""text"": """"}, {""bbox"": [6.59, 872.37, 845.03, 1138.76], ""type"": ""formula"", ""text"": """"}, {""bbox"": [122.18, 1148.81, 1097.03, 1397.62], ""type"": ""formula"", ""text"": """"}, {""bbox"": [196.6, 1422.77, 786.64, 1699.6], ""type"": ""formula"", ""text"": """"}, {""bbox"": [3336.66, 219.22, 4638.14, 724.21], ""type"": ""image"", ""text"": """"}, {""bbox"": [109.87, 37.6, 792.69, 587.01], ""type"": ""formula"", ""text"": """"}, {""bbox"": [133.77, 2549.66, 967.67, 3157.05], ""type"": ""formula"", ""text"": """"}, {""bbox"": [40.86, 3481.26, 1143.8, 4121.95], ""type"": ""formula"", ""text"": """"}, {""bbox"": [55.24, 6223.31, 658.06, 6402.17], ""type"": ""annotation"", ""text"": """"}, {""bbox"": [196.41, 1685.22, 790.06, 1918.67], ""type"": ""formula"", ""text"": """"}, {""bbox"": [92.5, 1949.44, 1031.83, 2596.12], ""type"": ""formula"", ""text"": """"}, {""bbox"": [93.78, 1919.42, 1080.63, 3146.86], ""type"": ""formula"", ""text"": """"}, {""bbox"": [0.0, 33.91, 2848.28, 894.25], ""type"": ""formula"", ""text"": """"}]"
bcbfd26a-8581-46fd-bfd3-a98d895bc597.jpg,"[{""bbox"": [166.89, 275.44, 1271.55, 438.71], ""type"": ""formula"", ""text"": """"}, {""bbox"": [106.45, 750.04, 1341.71, 900.99], ""type"": ""formula"", ""text"": """"}, {""bbox"": [112.44, 613.52, 1227.07, 759.55], ""type"": ""formula"", ""text"": """"}, {""bbox"": [143.62, 472.6, 1102.79, 624.43], ""type"": ""formula"", ""text"": """"}, {""bbox"": [797.16, 2425.81, 1309.57, 2558.44], ""type"": ""formula"", ""text"": """"}, {""bbox"": [690.14, 2074.46, 1370.0, 2219.04], ""type"": ""formula"", ""text"": """"}, {""bbox"": [118.87, 1423.99, 541.39, 1566.26], ""type"": ""formula"", ""text"": """"}, {""bbox"": [134.05, 1753.97, 495.67, 1830.09], ""type"": ""handwritten"", ""text"": """"}, {""bbox"": [150.62, 2005.21, 521.86, 2102.6], ""type"": ""formula"", ""text"": """"}, {""bbox"": [744.07, 2260.0, 1201.77, 2407.32], ""type"": ""formula"", ""text"": """"}, {""bbox"": [83.34, 1050.57, 927.77, 1174.14], ""type"": ""handwritten"", ""text"": """"}, {""bbox"": [46.55, 1601.82, 546.46, 1711.57], ""type"": ""handwritten"", ""text"": """"}, {""bbox"": [668.84, 1534.2, 1957.6, 1622.16], ""type"": ""handwritten"", ""text"": """"}, {""bbox"": [45.37, 1876.68, 989.47, 2010.42], ""type"": ""formula"", ""text"": """"}, {""bbox"": [142.81, 2098.78, 558.98, 2181.37], ""type"": ""formula"", ""text"": """"}, {""bbox"": [127.08, 1694.59, 568.78, 1782.07], ""type"": ""handwritten"", ""text"": """"}, {""bbox"": [672.58, 1457.75, 1831.33, 1538.77], ""type"": ""handwritten"", ""text"": """"}, {""bbox"": [158.16, 1135.89, 1331.77, 1234.53], ""type"": ""handwritten"", ""text"": """"}, {""bbox"": [148.51, 898.58, 860.2, 1030.12], ""type"": ""formula"", ""text"": """"}, {""bbox"": [118.0, 95.14, 491.72, 248.38], ""type"": ""formula"", ""text"": """"}, {""bbox"": [860.43, 1357.51, 1747.67, 1425.18], ""type"": ""formula"", ""text"": """"}, {""bbox"": [87.7, 2.2, 223.89, 65.34], ""type"": ""handwritten"", ""text"": """"}, {""bbox"": [58.36, 1211.96, 734.71, 1393.96], ""type"": ""formula"", ""text"": """"}, {""bbox"": [38.6, 1219.0, 1825.97, 1424.18], ""type"": ""formula"", ""text"": """"}, {""bbox"": [844.86, 1263.36, 1828.25, 1365.17], ""type"": ""formula"", ""text"": """"}, {""bbox"": [862.76, 928.12, 1068.34, 1031.88], ""type"": ""formula"", ""text"": """"}, {""bbox"": [44.97, 1601.11, 106.61, 1657.39], ""type"": ""handwritten"", ""text"": """"}, {""bbox"": [713.07, 1596.8, 777.81, 1641.85], ""type"": ""handwritten"", ""text"": """"}, {""bbox"": [91.16, 1047.16, 1336.23, 1239.89], ""type"": ""handwritten"", ""text"": """"}, {""bbox"": [81.92, 98.33, 149.52, 147.33], ""type"": ""handwritten"", ""text"": """"}, {""bbox"": [49.43, 1212.03, 209.56, 1268.92], ""type"": ""handwritten"", ""text"": """"}, {""bbox"": [144.38, 917.64, 1409.27, 1033.61], ""type"": ""formula"", ""text"": """"}]"
c0028a37-c5ac-55d5-abd4-011442eae20a.jpg,"[{""bbox"": [654.48, 1428.54, 1120.55, 1603.71], ""type"": ""handwritten"", ""text"": """"}, {""bbox"": [640.87, 90.89, 829.34, 215.05], ""type"": ""handwritten"", ""text"": """"}, {""bbox"": [692.76, 3369.81, 1402.69, 3567.46], ""type"": ""handwritten"", ""text"": """"}, {""bbox"": [680.14, 1812.65, 947.08, 1976.89], ""type"": ""handwritten"", ""text"": """"}, {""bbox"": [666.9, 1281.08, 876.46, 1387.91], ""type"": ""handwritten"", ""text"": """"}, {""bbox"": [647.63, 690.04, 845.67, 810.76], ""type"": ""handwritten"", ""text"": """"}, {""bbox"": [641.59, 242.48, 861.18, 431.15], ""type"": ""handwritten"", ""text"": """"}, {""bbox"": [687.28, 3175.65, 916.85, 3346.41], ""type"": ""handwritten"", ""text"": """"}, {""bbox"": [651.23, 454.02, 845.57, 608.3], ""type"": ""handwritten"", ""text"": """"}, {""bbox"": [672.25, 1982.89, 888.89, 2181.26], ""type"": ""handwritten"", ""text"": """"}, {""bbox"": [649.25, 1042.94, 888.48, 1199.85], ""type"": ""handwritten"", ""text"": """"}, {""bbox"": [678.0, 3552.92, 950.9, 3726.97], ""type"": ""handwritten"", ""text"": """"}, {""bbox"": [660.98, 879.6, 888.74, 1015.22], ""type"": ""handwritten"", ""text"": """"}, {""bbox"": [664.72, 1661.71, 963.42, 1812.17], ""type"": ""handwritten"", ""text"": """"}, {""bbox"": [665.0, 2185.93, 868.43, 2379.69], ""type"": ""handwritten"", ""text"": """"}, {""bbox"": [680.41, 3779.03, 934.06, 3911.34], ""type"": ""handwritten"", ""text"": """"}, {""bbox"": [671.94, 2432.42, 892.31, 2567.77], ""type"": ""handwritten"", ""text"": """"}, {""bbox"": [654.22, 2584.33, 889.37, 2758.9], ""type"": ""handwritten"", ""text"": """"}, {""bbox"": [685.64, 3020.6, 904.55, 3159.9], ""type"": ""handwritten"", ""text"": """"}, {""bbox"": [674.76, 2826.62, 903.8, 2990.05], ""type"": ""handwritten"", ""text"": """"}, {""bbox"": [2486.92, 3319.24, 2999.44, 3554.51], ""type"": ""handwritten"", ""text"": """"}, {""bbox"": [663.17, 2823.77, 907.4, 3143.18], ""type"": ""handwritten"", ""text"": """"}, {""bbox"": [2746.22, 849.51, 3000.0, 1069.46], ""type"": ""handwritten"", ""text"": """"}, {""bbox"": [2476.72, 3504.85, 3000.0, 3747.99], ""type"": ""handwritten"", ""text"": """"}, {""bbox"": [1919.79, 2331.52, 2422.84, 2635.6], ""type"": ""handwritten"", ""text"": """"}, {""bbox"": [1649.19, 2733.11, 2999.17, 2975.85], ""type"": ""formula"", ""text"": """"}]"
c0eae450-5878-4897-bc4d-f9ddd92d4f34.jpg,"[{""bbox"": [233.87, 2172.76, 5239.08, 2843.09], ""type"": ""formula"", ""text"": """"}, {""bbox"": [99.67, 129.72, 2918.05, 538.72], ""type"": ""formula"", ""text"": """"}, {""bbox"": [870.93, 4131.53, 2006.53, 4349.42], ""type"": ""formula"", ""text"": """"}, {""bbox"": [767.08, 5107.59, 4465.82, 5388.41], ""type"": ""formula"", ""text"": """"}, {""bbox"": [894.0, 3826.44, 5091.17, 4136.14], ""type"": ""handwritten"", ""text"": """"}, {""bbox"": [3365.38, 269.55, 4808.66, 836.22], ""type"": ""image"", ""text"": """"}, {""bbox"": [339.91, 4483.92, 1831.99, 4741.42], ""type"": ""formula"", ""text"": """"}, {""bbox"": [256.47, 564.61, 1408.48, 789.56], ""type"": ""handwritten"", ""text"": """"}, {""bbox"": [2152.39, 2215.27, 5241.56, 2727.57], ""type"": ""formula"", ""text"": """"}, {""bbox"": [307.93, 845.84, 2849.57, 1265.02], ""type"": ""formula"", ""text"": """"}, {""bbox"": [766.29, 4805.25, 3133.89, 5105.54], ""type"": ""formula"", ""text"": """"}, {""bbox"": [360.78, 2181.0, 1805.61, 2837.3], ""type"": ""formula"", ""text"": """"}, {""bbox"": [355.92, 6352.02, 2075.48, 6665.93], ""type"": ""handwritten"", ""text"": """"}, {""bbox"": [275.98, 1587.43, 1309.95, 1899.42], ""type"": ""handwritten"", ""text"": """"}, {""bbox"": [376.18, 3259.34, 3233.39, 3835.67], ""type"": ""formula"", ""text"": """"}, {""bbox"": [820.3, 3545.9, 3206.54, 3828.46], ""type"": ""formula"", ""text"": """"}, {""bbox"": [294.39, 2803.92, 2597.83, 3264.44], ""type"": ""formula"", ""text"": """"}, {""bbox"": [907.38, 3863.74, 3024.99, 4115.83], ""type"": ""handwritten"", ""text"": """"}, {""bbox"": [284.06, 1231.35, 1310.58, 1518.18], ""type"": ""handwritten"", ""text"": """"}, {""bbox"": [276.8, 1937.58, 1280.23, 2173.03], ""type"": ""handwritten"", ""text"": """"}, {""bbox"": [296.42, 2241.72, 602.7, 2495.14], ""type"": ""handwritten"", ""text"": """"}, {""bbox"": [823.73, 3258.2, 2717.52, 3546.81], ""type"": ""formula"", ""text"": """"}, {""bbox"": [23.22, 201.98, 461.96, 413.51], ""type"": ""handwritten"", ""text"": """"}, {""bbox"": [18.13, 395.3, 391.43, 549.84], ""type"": ""handwritten"", ""text"": """"}, {""bbox"": [412.83, 5631.33, 4859.54, 6295.04], ""type"": ""handwritten"", ""text"": """"}, {""bbox"": [279.06, 1953.32, 580.31, 2164.32], ""type"": ""handwritten"", ""text"": """"}, {""bbox"": [287.53, 1266.87, 528.23, 1494.13], ""type"": ""handwritten"", ""text"": """"}]"
c16ac84e-1a17-54a2-a5db-3421e9870ad1.jpg,"[{""bbox"": [312.13, 2088.45, 2753.89, 2270.85], ""type"": ""formula"", ""text"": """"}, {""bbox"": [301.17, 979.89, 2469.11, 1209.89], ""type"": ""formula"", ""text"": """"}, {""bbox"": [876.42, 216.56, 1940.75, 370.68], ""type"": ""handwritten"", ""text"": """"}, {""bbox"": [302.48, 3408.84, 2081.21, 3616.89], ""type"": ""formula"", ""text"": """"}, {""bbox"": [322.9, 2747.9, 2506.21, 2926.62], ""type"": ""formula"", ""text"": """"}, {""bbox"": [1182.91, 390.26, 1546.1, 522.82], ""type"": ""handwritten"", ""text"": """"}, {""bbox"": [304.77, 1832.7, 1246.79, 2053.54], ""type"": ""formula"", ""text"": """"}, {""bbox"": [310.45, 750.25, 1314.44, 947.61], ""type"": ""formula"", ""text"": """"}, {""bbox"": [310.09, 523.54, 2434.24, 764.27], ""type"": ""formula"", ""text"": """"}, {""bbox"": [323.65, 1536.99, 2766.35, 1732.15], ""type"": ""formula"", ""text"": """"}, {""bbox"": [1209.88, 2569.2, 1508.76, 2712.51], ""type"": ""handwritten"", ""text"": """"}, {""bbox"": [303.31, 3217.84, 1458.39, 3388.99], ""type"": ""formula"", ""text"": """"}, {""bbox"": [292.51, 3634.46, 1249.09, 3783.26], ""type"": ""formula"", ""text"": """"}, {""bbox"": [323.59, 1253.87, 1417.64, 1472.63], ""type"": ""formula"", ""text"": """"}, {""bbox"": [316.9, 3788.3, 1074.38, 3917.19], ""type"": ""formula"", ""text"": """"}, {""bbox"": [323.76, 2315.95, 1339.51, 2560.35], ""type"": ""formula"", ""text"": """"}, {""bbox"": [314.63, 2944.6, 829.82, 3097.35], ""type"": ""formula"", ""text"": """"}, {""bbox"": [0.45, 256.23, 255.67, 374.64], ""type"": ""handwritten"", ""text"": """"}, {""bbox"": [2922.1, 1724.4, 3024.0, 1860.47], ""type"": ""handwritten"", ""text"": """"}, {""bbox"": [2911.75, 450.5, 3024.0, 593.11], ""type"": ""handwritten"", ""text"": """"}, {""bbox"": [2906.35, 981.37, 3024.0, 1113.31], ""type"": ""handwritten"", ""text"": """"}, {""bbox"": [2934.42, 1366.41, 3023.75, 1504.28], ""type"": ""handwritten"", ""text"": """"}, {""bbox"": [2921.93, 622.62, 3024.0, 783.02], ""type"": ""formula"", ""text"": """"}]"
c1ee7ed2-5e86-46d1-a69a-6d7f53c8cffb.jpg,"[{""bbox"": [466.78, 1156.58, 2758.48, 1320.97], ""type"": ""handwritten"", ""text"": """"}, {""bbox"": [194.41, 887.85, 2519.34, 1079.05], ""type"": ""handwritten"", ""text"": """"}, {""bbox"": [176.21, 1745.04, 2760.43, 1914.77], ""type"": ""handwritten"", ""text"": """"}, {""bbox"": [188.57, 1450.12, 2714.83, 1615.96], ""type"": ""handwritten"", ""text"": """"}, {""bbox"": [189.26, 1304.26, 2743.58, 1471.92], ""type"": ""handwritten"", ""text"": """"}, {""bbox"": [522.68, 750.46, 2711.89, 910.08], ""type"": ""handwritten"", ""text"": """"}, {""bbox"": [444.55, 2761.76, 2798.4, 2938.58], ""type"": ""handwritten"", ""text"": """"}, {""bbox"": [175.28, 2168.08, 2773.83, 2346.5], ""type"": ""handwritten"", ""text"": """"}, {""bbox"": [165.25, 2470.09, 2795.7, 2647.52], ""type"": ""handwritten"", ""text"": """"}, {""bbox"": [179.22, 1888.21, 2512.6, 2050.74], ""type"": ""handwritten"", ""text"": """"}, {""bbox"": [175.09, 1591.2, 2731.04, 1772.59], ""type"": ""handwritten"", ""text"": """"}, {""bbox"": [167.26, 3064.82, 2774.33, 3252.1], ""type"": ""handwritten"", ""text"": """"}, {""bbox"": [373.49, 464.59, 2534.16, 660.1], ""type"": ""handwritten"", ""text"": """"}, {""bbox"": [208.61, 2914.79, 2790.97, 3091.08], ""type"": ""handwritten"", ""text"": """"}, {""bbox"": [1101.88, 614.71, 2023.41, 764.9], ""type"": ""handwritten"", ""text"": """"}, {""bbox"": [147.49, 3362.72, 2635.32, 3578.06], ""type"": ""handwritten"", ""text"": """"}, {""bbox"": [151.3, 2614.43, 2790.59, 2792.18], ""type"": ""handwritten"", ""text"": """"}, {""bbox"": [399.03, 3654.07, 2673.68, 3923.09], ""type"": ""handwritten"", ""text"": """"}, {""bbox"": [170.0, 2034.17, 2734.94, 2201.22], ""type"": ""handwritten"", ""text"": """"}, {""bbox"": [193.99, 1039.4, 1156.72, 1187.67], ""type"": ""handwritten"", ""text"": """"}, {""bbox"": [172.63, 2319.16, 2784.07, 2501.61], ""type"": ""handwritten"", ""text"": """"}, {""bbox"": [165.22, 3216.55, 2748.66, 3399.72], ""type"": ""handwritten"", ""text"": """"}, {""bbox"": [270.13, 3519.34, 2515.4, 3721.2], ""type"": ""handwritten"", ""text"": """"}, {""bbox"": [143.61, 3486.56, 2653.48, 3821.31], ""type"": ""handwritten"", ""text"": """"}]"
c3442eb5-e4fe-5eb1-9d7b-cbb1c703a991.jpg,"[{""bbox"": [316.78, 874.11, 3137.54, 1182.64], ""type"": ""handwritten"", ""text"": """"}, {""bbox"": [531.24, 1399.74, 3499.4, 1733.76], ""type"": ""handwritten"", ""text"": """"}, {""bbox"": [531.16, 328.87, 3543.12, 628.81], ""type"": ""handwritten"", ""text"": """"}, {""bbox"": [536.4, 1888.11, 3533.88, 2246.91], ""type"": ""handwritten"", ""text"": """"}, {""bbox"": [553.36, 1130.87, 3559.75, 1460.04], ""type"": ""handwritten"", ""text"": """"}, {""bbox"": [587.7, 2393.45, 3553.59, 2779.43], ""type"": ""handwritten"", ""text"": """"}, {""bbox"": [702.57, 596.24, 3645.32, 895.17], ""type"": ""handwritten"", ""text"": """"}, {""bbox"": [410.7, 1643.89, 750.59, 1958.65], ""type"": ""handwritten"", ""text"": """"}, {""bbox"": [438.63, 2212.39, 919.57, 2439.82], ""type"": ""handwritten"", ""text"": """"}, {""bbox"": [604.85, 35.58, 3589.3, 373.05], ""type"": ""handwritten"", ""text"": """"}, {""bbox"": [245.21, 0.2, 450.27, 57.48], ""type"": ""handwritten"", ""text"": """"}, {""bbox"": [0.0, 168.81, 194.57, 315.38], ""type"": ""handwritten"", ""text"": """"}]"
c37cf07d-205a-5e6c-973b-8604785ab9ec.jpg,"[{""bbox"": [296.68, 1691.02, 2650.93, 1863.96], ""type"": ""handwritten"", ""text"": """"}, {""bbox"": [362.96, 778.0, 1992.69, 974.03], ""type"": ""handwritten"", ""text"": """"}, {""bbox"": [338.67, 2586.13, 2340.29, 2754.98], ""type"": ""handwritten"", ""text"": """"}, {""bbox"": [272.43, 2404.64, 2656.6, 2593.53], ""type"": ""handwritten"", ""text"": """"}, {""bbox"": [330.36, 2770.65, 2617.02, 2942.72], ""type"": ""handwritten"", ""text"": """"}, {""bbox"": [278.09, 1871.82, 2644.13, 2038.01], ""type"": ""handwritten"", ""text"": """"}, {""bbox"": [334.32, 1143.51, 2657.81, 1324.68], ""type"": ""handwritten"", ""text"": """"}, {""bbox"": [284.5, 3456.2, 2587.79, 3659.83], ""type"": ""handwritten"", ""text"": """"}, {""bbox"": [292.87, 2056.08, 2223.92, 2215.35], ""type"": ""handwritten"", ""text"": """"}, {""bbox"": [365.65, 2940.99, 2459.31, 3120.26], ""type"": ""handwritten"", ""text"": """"}, {""bbox"": [273.87, 3626.97, 2363.59, 3821.09], ""type"": ""handwritten"", ""text"": """"}, {""bbox"": [326.7, 1337.18, 1365.46, 1509.88], ""type"": ""handwritten"", ""text"": """"}, {""bbox"": [331.78, 1489.96, 2622.57, 1693.99], ""type"": ""handwritten"", ""text"": """"}, {""bbox"": [354.43, 954.3, 2612.67, 1149.98], ""type"": ""handwritten"", ""text"": """"}, {""bbox"": [308.59, 2241.47, 974.92, 2383.36], ""type"": ""handwritten"", ""text"": """"}, {""bbox"": [355.73, 3291.78, 2376.12, 3479.41], ""type"": ""handwritten"", ""text"": """"}, {""bbox"": [290.02, 3097.63, 2714.67, 3304.77], ""type"": ""handwritten"", ""text"": """"}, {""bbox"": [360.08, 370.82, 2191.17, 610.37], ""type"": ""handwritten"", ""text"": """"}, {""bbox"": [379.83, 225.08, 1366.06, 432.0], ""type"": ""handwritten"", ""text"": """"}, {""bbox"": [363.42, 587.08, 2691.55, 777.61], ""type"": ""handwritten"", ""text"": """"}]"
c4e15ad4-9be3-4086-98f1-cd26527f1a46.jpg,"[{""bbox"": [60.43, 29.29, 501.76, 209.78], ""type"": ""image"", ""text"": """"}, {""bbox"": [56.55, 314.5, 1612.94, 452.67], ""type"": ""handwritten"", ""text"": """"}, {""bbox"": [102.76, 1280.22, 347.25, 1388.3], ""type"": ""handwritten"", ""text"": """"}, {""bbox"": [35.75, 1788.68, 324.31, 1883.64], ""type"": ""handwritten"", ""text"": """"}, {""bbox"": [42.41, 1201.47, 169.44, 1259.99], ""type"": ""handwritten"", ""text"": """"}, {""bbox"": [64.62, 218.33, 305.5, 341.16], ""type"": ""handwritten"", ""text"": """"}, {""bbox"": [108.66, 1366.67, 1610.27, 1504.06], ""type"": ""handwritten"", ""text"": """"}, {""bbox"": [50.49, 551.2, 1557.23, 700.88], ""type"": ""handwritten"", ""text"": """"}, {""bbox"": [20.19, 1606.48, 1601.21, 1765.31], ""type"": ""handwritten"", ""text"": """"}, {""bbox"": [102.96, 1861.43, 1627.13, 2004.04], ""type"": ""handwritten"", ""text"": """"}, {""bbox"": [42.59, 478.74, 1561.19, 629.36], ""type"": ""handwritten"", ""text"": """"}, {""bbox"": [40.0, 1052.79, 150.68, 1113.83], ""type"": ""handwritten"", ""text"": """"}, {""bbox"": [40.96, 1126.07, 150.87, 1187.67], ""type"": ""handwritten"", ""text"": """"}, {""bbox"": [92.33, 803.47, 351.6, 898.3], ""type"": ""handwritten"", ""text"": """"}, {""bbox"": [53.89, 398.36, 1579.79, 551.33], ""type"": ""handwritten"", ""text"": """"}, {""bbox"": [41.17, 975.47, 140.35, 1036.86], ""type"": ""handwritten"", ""text"": """"}, {""bbox"": [35.21, 1436.92, 1600.41, 1622.81], ""type"": ""handwritten"", ""text"": """"}, {""bbox"": [27.01, 2118.27, 1627.94, 2280.26], ""type"": ""handwritten"", ""text"": """"}, {""bbox"": [15.5, 1947.26, 1643.22, 2092.47], ""type"": ""handwritten"", ""text"": """"}, {""bbox"": [42.54, 1526.18, 1601.08, 1699.58], ""type"": ""handwritten"", ""text"": """"}, {""bbox"": [18.72, 1686.7, 1597.95, 1873.19], ""type"": ""handwritten"", ""text"": """"}, {""bbox"": [67.0, 795.71, 354.71, 965.47], ""type"": ""handwritten"", ""text"": """"}, {""bbox"": [38.38, 895.44, 153.25, 961.71], ""type"": ""handwritten"", ""text"": """"}, {""bbox"": [24.06, 2028.4, 1605.91, 2176.03], ""type"": ""handwritten"", ""text"": """"}, {""bbox"": [27.42, 2194.75, 1595.59, 2334.48], ""type"": ""handwritten"", ""text"": """"}, {""bbox"": [44.07, 633.95, 1569.81, 804.78], ""type"": ""handwritten"", ""text"": """"}, {""bbox"": [32.26, 712.31, 1221.5, 889.4], ""type"": ""handwritten"", ""text"": """"}, {""bbox"": [1257.28, 1286.56, 1419.86, 1402.66], ""type"": ""annotation"", ""text"": """"}, {""bbox"": [1230.88, 178.58, 1340.04, 278.73], ""type"": ""annotation"", ""text"": """"}, {""bbox"": [297.12, 970.98, 550.31, 1165.65], ""type"": ""handwritten"", ""text"": """"}]"
c5b345be-9365-4caa-bf71-7c89fc6d48f0.jpg,"[{""bbox"": [196.09, 1752.06, 2446.1, 1917.44], ""type"": ""handwritten"", ""text"": """"}, {""bbox"": [78.53, 858.69, 2501.98, 1017.73], ""type"": ""handwritten"", ""text"": """"}, {""bbox"": [163.04, 1624.91, 2451.64, 1767.54], ""type"": ""handwritten"", ""text"": """"}, {""bbox"": [105.45, 2120.76, 2514.58, 2271.62], ""type"": ""handwritten"", ""text"": """"}, {""bbox"": [99.27, 729.06, 2535.4, 876.06], ""type"": ""handwritten"", ""text"": """"}, {""bbox"": [94.21, 990.86, 2541.18, 1145.48], ""type"": ""handwritten"", ""text"": """"}, {""bbox"": [413.24, 1991.04, 2341.33, 2144.55], ""type"": ""handwritten"", ""text"": """"}, {""bbox"": [125.8, 2250.54, 2467.28, 2395.32], ""type"": ""handwritten"", ""text"": """"}, {""bbox"": [333.52, 319.6, 2573.91, 496.16], ""type"": ""handwritten"", ""text"": """"}, {""bbox"": [691.45, 125.04, 1603.03, 331.57], ""type"": ""handwritten"", ""text"": """"}, {""bbox"": [146.43, 1248.57, 2506.32, 1400.77], ""type"": ""handwritten"", ""text"": """"}, {""bbox"": [79.56, 595.07, 2489.94, 752.29], ""type"": ""handwritten"", ""text"": """"}, {""bbox"": [223.61, 2620.3, 1346.42, 2724.74], ""type"": ""handwritten"", ""text"": """"}, {""bbox"": [134.48, 1126.73, 2515.95, 1268.31], ""type"": ""handwritten"", ""text"": """"}, {""bbox"": [133.99, 2372.25, 2455.22, 2514.05], ""type"": ""handwritten"", ""text"": """"}, {""bbox"": [173.28, 1505.24, 2427.06, 1645.4], ""type"": ""handwritten"", ""text"": """"}, {""bbox"": [179.34, 3334.04, 2410.0, 3474.76], ""type"": ""handwritten"", ""text"": """"}, {""bbox"": [61.92, 471.42, 2475.17, 625.43], ""type"": ""handwritten"", ""text"": """"}, {""bbox"": [193.06, 2497.91, 2370.82, 2655.56], ""type"": ""handwritten"", ""text"": """"}, {""bbox"": [170.37, 2858.68, 2431.43, 3000.81], ""type"": ""handwritten"", ""text"": """"}, {""bbox"": [910.5, 1.09, 1519.47, 153.74], ""type"": ""handwritten"", ""text"": """"}, {""bbox"": [499.32, 2722.01, 2430.37, 2879.71], ""type"": ""handwritten"", ""text"": """"}, {""bbox"": [163.6, 3209.38, 2369.85, 3355.37], ""type"": ""handwritten"", ""text"": """"}, {""bbox"": [178.0, 1385.18, 2485.96, 1526.19], ""type"": ""handwritten"", ""text"": """"}, {""bbox"": [153.15, 2967.78, 2386.01, 3119.93], ""type"": ""handwritten"", ""text"": """"}, {""bbox"": [151.84, 3093.01, 2383.62, 3237.7], ""type"": ""handwritten"", ""text"": """"}, {""bbox"": [200.13, 1881.68, 1131.24, 1997.17], ""type"": ""handwritten"", ""text"": """"}, {""bbox"": [189.27, 3429.52, 391.01, 3547.56], ""type"": ""handwritten"", ""text"": """"}]"
c64acc82-2a8e-49ad-a055-0ad21f1f75cd.jpg,"[{""bbox"": [27.79, 1594.61, 1521.01, 1704.5], ""type"": ""formula"", ""text"": """"}, {""bbox"": [21.12, 1040.84, 1648.85, 1186.31], ""type"": ""formula"", ""text"": """"}, {""bbox"": [50.43, 1460.12, 1036.8, 1560.73], ""type"": ""formula"", ""text"": """"}, {""bbox"": [91.72, 1201.62, 1638.0, 1357.84], ""type"": ""formula"", ""text"": """"}, {""bbox"": [92.72, 1726.14, 1213.04, 1832.62], ""type"": ""formula"", ""text"": """"}, {""bbox"": [11.63, 325.31, 327.54, 408.77], ""type"": ""handwritten"", ""text"": """"}, {""bbox"": [31.42, 83.11, 1532.62, 210.54], ""type"": ""handwritten"", ""text"": """"}, {""bbox"": [576.73, 770.56, 1311.79, 875.27], ""type"": ""formula"", ""text"": """"}, {""bbox"": [196.08, 18.99, 1506.31, 123.78], ""type"": ""handwritten"", ""text"": """"}, {""bbox"": [556.44, 1003.78, 1097.03, 1080.89], ""type"": ""handwritten"", ""text"": """"}, {""bbox"": [49.31, 1339.47, 719.54, 1460.89], ""type"": ""formula"", ""text"": """"}, {""bbox"": [85.15, 166.49, 1524.71, 311.71], ""type"": ""handwritten"", ""text"": """"}, {""bbox"": [1396.03, 495.86, 1540.89, 616.29], ""type"": ""annotation"", ""text"": """"}, {""bbox"": [26.38, 1154.22, 273.67, 1224.92], ""type"": ""formula"", ""text"": """"}, {""bbox"": [1459.8, 1353.81, 1626.71, 1484.85], ""type"": ""annotation"", ""text"": """"}, {""bbox"": [57.36, 412.37, 558.43, 512.64], ""type"": ""formula"", ""text"": """"}, {""bbox"": [571.02, 658.71, 1314.65, 794.76], ""type"": ""formula"", ""text"": """"}, {""bbox"": [545.97, 929.73, 1476.59, 1028.0], ""type"": ""handwritten"", ""text"": """"}, {""bbox"": [52.37, 506.15, 548.93, 605.55], ""type"": ""formula"", ""text"": """"}, {""bbox"": [283.7, 391.59, 1286.42, 557.66], ""type"": ""formula"", ""text"": """"}, {""bbox"": [1533.45, 228.7, 1639.3, 318.78], ""type"": ""annotation"", ""text"": """"}, {""bbox"": [571.93, 549.76, 1322.44, 678.31], ""type"": ""handwritten"", ""text"": """"}, {""bbox"": [6.98, 589.38, 351.41, 703.77], ""type"": ""formula"", ""text"": """"}, {""bbox"": [561.35, 841.97, 1330.96, 954.05], ""type"": ""formula"", ""text"": """"}, {""bbox"": [0.0, 179.98, 1347.53, 1063.27], ""type"": ""table"", ""text"": """"}, {""bbox"": [1543.78, 70.46, 1642.35, 216.95], ""type"": ""annotation"", ""text"": """"}, {""bbox"": [1518.31, 36.52, 1664.24, 348.61], ""type"": ""annotation"", ""text"": """"}, {""bbox"": [554.64, 755.13, 1325.66, 948.44], ""type"": ""formula"", ""text"": """"}]"
c75a79da-ba0b-5e6f-9d0f-1732e1910456.jpg,"[{""bbox"": [132.21, 1131.68, 1381.04, 1254.84], ""type"": ""handwritten"", ""text"": """"}, {""bbox"": [310.98, 1014.36, 917.9, 1102.02], ""type"": ""formula"", ""text"": """"}, {""bbox"": [104.73, 78.58, 1130.44, 188.16], ""type"": ""handwritten"", ""text"": """"}, {""bbox"": [267.98, 724.64, 699.41, 822.72], ""type"": ""formula"", ""text"": """"}, {""bbox"": [204.34, 192.21, 928.11, 282.14], ""type"": ""formula"", ""text"": """"}, {""bbox"": [257.15, 450.86, 1088.62, 558.07], ""type"": ""formula"", ""text"": """"}, {""bbox"": [196.15, 296.27, 1123.46, 433.6], ""type"": ""formula"", ""text"": """"}, {""bbox"": [170.49, 1254.67, 905.95, 1347.71], ""type"": ""formula"", ""text"": """"}, {""bbox"": [1274.8, 1376.92, 1579.65, 1464.47], ""type"": ""formula"", ""text"": """"}, {""bbox"": [387.6, 844.96, 591.72, 947.36], ""type"": ""formula"", ""text"": """"}, {""bbox"": [148.87, 1588.08, 779.2, 1717.33], ""type"": ""handwritten"", ""text"": """"}, {""bbox"": [254.09, 588.67, 1208.99, 702.3], ""type"": ""formula"", ""text"": """"}, {""bbox"": [278.91, 1382.3, 545.79, 1462.64], ""type"": ""formula"", ""text"": """"}, {""bbox"": [1070.75, 1244.59, 1962.6, 1352.34], ""type"": ""formula"", ""text"": """"}, {""bbox"": [272.53, 1381.53, 540.31, 1537.46], ""type"": ""formula"", ""text"": """"}, {""bbox"": [337.85, 1469.49, 524.41, 1531.93], ""type"": ""formula"", ""text"": """"}, {""bbox"": [1362.8, 1473.45, 1560.35, 1537.21], ""type"": ""formula"", ""text"": """"}, {""bbox"": [165.53, 1252.63, 1959.21, 1350.11], ""type"": ""formula"", ""text"": """"}, {""bbox"": [1269.13, 1376.2, 1581.09, 1538.28], ""type"": ""formula"", ""text"": """"}]"
c7f47b50-f77b-419f-9e95-029d0b5e106e.jpg,"[{""bbox"": [371.41, 1320.95, 2227.96, 1429.33], ""type"": ""printed"", ""text"": """"}, {""bbox"": [638.82, 914.63, 2343.5, 1059.05], ""type"": ""handwritten"", ""text"": """"}, {""bbox"": [10.19, 479.26, 994.06, 548.17], ""type"": ""printed"", ""text"": """"}, {""bbox"": [238.21, 272.17, 452.86, 336.63], ""type"": ""handwritten"", ""text"": """"}, {""bbox"": [304.97, 1440.4, 2147.91, 1525.35], ""type"": ""printed"", ""text"": """"}, {""bbox"": [125.8, 632.56, 947.64, 705.82], ""type"": ""printed"", ""text"": """"}, {""bbox"": [350.2, 2166.96, 954.84, 2238.09], ""type"": ""printed"", ""text"": """"}, {""bbox"": [84.4, 377.6, 507.0, 447.38], ""type"": ""printed"", ""text"": """"}, {""bbox"": [383.92, 1757.08, 2248.24, 1833.03], ""type"": ""printed"", ""text"": """"}, {""bbox"": [2165.06, 154.78, 2340.54, 321.76], ""type"": ""annotation"", ""text"": """"}, {""bbox"": [332.89, 1596.87, 2185.94, 1675.91], ""type"": ""printed"", ""text"": """"}, {""bbox"": [276.59, 1965.26, 1059.92, 2029.97], ""type"": ""printed"", ""text"": """"}, {""bbox"": [1361.48, 2068.67, 1779.99, 2132.35], ""type"": ""printed"", ""text"": """"}, {""bbox"": [276.88, 2266.79, 1145.83, 2338.97], ""type"": ""printed"", ""text"": """"}, {""bbox"": [277.09, 1858.36, 1038.82, 1932.53], ""type"": ""printed"", ""text"": """"}, {""bbox"": [350.19, 1844.13, 2249.05, 1937.23], ""type"": ""printed"", ""text"": """"}, {""bbox"": [1214.61, 1867.08, 2270.33, 1927.84], ""type"": ""printed"", ""text"": """"}, {""bbox"": [1360.84, 2066.69, 1407.67, 2124.14], ""type"": ""image"", ""text"": """"}, {""bbox"": [1541.4, 1096.59, 1918.29, 1157.3], ""type"": ""printed"", ""text"": """"}]"
c94df7ee-3e0b-41c6-a627-d92be88d877b.jpg,"[{""bbox"": [22.74, 345.34, 177.47, 368.77], ""type"": ""handwritten"", ""text"": """"}, {""bbox"": [57.25, 467.18, 536.75, 496.4], ""type"": ""handwritten"", ""text"": """"}, {""bbox"": [19.68, 649.21, 529.29, 679.01], ""type"": ""handwritten"", ""text"": """"}, {""bbox"": [18.69, 512.05, 566.33, 538.84], ""type"": ""handwritten"", ""text"": """"}, {""bbox"": [57.25, 535.73, 536.86, 559.39], ""type"": ""handwritten"", ""text"": """"}, {""bbox"": [87.58, 599.71, 552.27, 630.01], ""type"": ""handwritten"", ""text"": """"}, {""bbox"": [20.2, 554.75, 554.73, 580.25], ""type"": ""handwritten"", ""text"": """"}, {""bbox"": [21.85, 490.55, 561.63, 518.15], ""type"": ""handwritten"", ""text"": """"}, {""bbox"": [20.76, 576.25, 517.8, 602.58], ""type"": ""handwritten"", ""text"": """"}, {""bbox"": [114.37, 101.31, 331.88, 143.05], ""type"": ""handwritten"", ""text"": """"}, {""bbox"": [18.82, 671.83, 537.18, 700.12], ""type"": ""handwritten"", ""text"": """"}, {""bbox"": [16.64, 907.35, 534.56, 967.95], ""type"": ""handwritten"", ""text"": """"}, {""bbox"": [28.02, 293.08, 568.73, 359.72], ""type"": ""handwritten"", ""text"": """"}, {""bbox"": [74.93, 341.14, 553.37, 406.34], ""type"": ""handwritten"", ""text"": """"}, {""bbox"": [56.14, 625.4, 535.1, 654.8], ""type"": ""handwritten"", ""text"": """"}, {""bbox"": [26.22, 370.03, 566.37, 432.39], ""type"": ""handwritten"", ""text"": """"}, {""bbox"": [25.5, 442.7, 551.32, 478.88], ""type"": ""handwritten"", ""text"": """"}, {""bbox"": [19.19, 742.6, 549.38, 780.34], ""type"": ""handwritten"", ""text"": """"}, {""bbox"": [25.23, 413.33, 567.75, 458.65], ""type"": ""handwritten"", ""text"": """"}, {""bbox"": [17.2, 693.24, 545.46, 728.28], ""type"": ""handwritten"", ""text"": """"}, {""bbox"": [21.35, 787.35, 476.52, 817.81], ""type"": ""handwritten"", ""text"": """"}, {""bbox"": [18.97, 766.62, 543.59, 804.78], ""type"": ""handwritten"", ""text"": """"}, {""bbox"": [57.66, 129.25, 466.22, 180.75], ""type"": ""handwritten"", ""text"": """"}, {""bbox"": [62.25, 160.6, 563.94, 237.87], ""type"": ""handwritten"", ""text"": """"}, {""bbox"": [17.07, 832.52, 552.83, 894.4], ""type"": ""handwritten"", ""text"": """"}, {""bbox"": [16.13, 867.84, 547.44, 933.35], ""type"": ""handwritten"", ""text"": """"}, {""bbox"": [32.03, 270.25, 568.38, 336.67], ""type"": ""handwritten"", ""text"": """"}, {""bbox"": [34.05, 194.38, 567.06, 272.25], ""type"": ""handwritten"", ""text"": """"}, {""bbox"": [57.21, 399.11, 536.73, 434.18], ""type"": ""handwritten"", ""text"": """"}, {""bbox"": [17.07, 850.05, 551.34, 911.95], ""type"": ""handwritten"", ""text"": """"}, {""bbox"": [28.35, 306.61, 566.85, 397.22], ""type"": ""handwritten"", ""text"": """"}, {""bbox"": [32.48, 216.73, 568.53, 297.7], ""type"": ""handwritten"", ""text"": """"}, {""bbox"": [18.28, 664.28, 535.11, 715.99], ""type"": ""handwritten"", ""text"": """"}, {""bbox"": [19.16, 795.59, 551.24, 851.26], ""type"": ""handwritten"", ""text"": """"}, {""bbox"": [16.65, 856.07, 238.51, 885.58], ""type"": ""handwritten"", ""text"": """"}, {""bbox"": [32.24, 242.67, 575.62, 316.46], ""type"": ""handwritten"", ""text"": """"}, {""bbox"": [41.51, 719.31, 520.14, 754.09], ""type"": ""handwritten"", ""text"": """"}, {""bbox"": [16.53, 747.56, 544.94, 822.52], ""type"": ""handwritten"", ""text"": """"}, {""bbox"": [41.42, 811.74, 520.4, 844.46], ""type"": ""handwritten"", ""text"": """"}, {""bbox"": [28.61, 315.95, 394.43, 348.4], ""type"": ""handwritten"", ""text"": """"}, {""bbox"": [112.76, 100.99, 463.19, 159.0], ""type"": ""handwritten"", ""text"": """"}, {""bbox"": [57.31, 241.25, 536.8, 283.54], ""type"": ""handwritten"", ""text"": """"}]"
cab6a855-d6ae-5d1c-a6f2-814bfb4c8c64.jpg,"[{""bbox"": [468.4, 1308.7, 3444.74, 1686.67], ""type"": ""handwritten"", ""text"": """"}, {""bbox"": [775.98, 484.31, 3763.06, 795.85], ""type"": ""handwritten"", ""text"": """"}, {""bbox"": [485.33, 0.0, 3442.47, 224.09], ""type"": ""handwritten"", ""text"": """"}, {""bbox"": [758.45, 896.4, 3775.37, 1204.16], ""type"": ""handwritten"", ""text"": """"}, {""bbox"": [398.59, 1124.18, 3390.2, 1513.88], ""type"": ""handwritten"", ""text"": """"}, {""bbox"": [759.19, 1106.16, 3774.47, 1410.04], ""type"": ""handwritten"", ""text"": """"}, {""bbox"": [531.52, 1.2, 3464.89, 119.73], ""type"": ""handwritten"", ""text"": """"}, {""bbox"": [482.36, 0.0, 1318.89, 209.94], ""type"": ""handwritten"", ""text"": """"}, {""bbox"": [723.51, 687.0, 3740.04, 1018.23], ""type"": ""handwritten"", ""text"": """"}, {""bbox"": [357.43, 914.53, 3369.06, 1349.34], ""type"": ""handwritten"", ""text"": """"}]"
cab9e50b-4442-5006-86b3-9fa616fbc1bd.jpg,"[{""bbox"": [679.38, 2569.6, 1540.51, 2864.66], ""type"": ""handwritten"", ""text"": """"}, {""bbox"": [640.66, 1335.69, 1069.51, 1583.36], ""type"": ""handwritten"", ""text"": """"}, {""bbox"": [596.38, 1047.47, 1069.27, 1265.93], ""type"": ""handwritten"", ""text"": """"}, {""bbox"": [598.72, 430.28, 1050.49, 663.9], ""type"": ""handwritten"", ""text"": """"}, {""bbox"": [677.67, 2970.81, 1136.77, 3157.32], ""type"": ""handwritten"", ""text"": """"}, {""bbox"": [618.06, 783.64, 1043.71, 963.8], ""type"": ""handwritten"", ""text"": """"}, {""bbox"": [653.19, 2049.17, 1097.81, 2218.11], ""type"": ""handwritten"", ""text"": """"}, {""bbox"": [312.3, 1911.01, 3024.0, 4032.0], ""type"": ""table"", ""text"": """"}, {""bbox"": [680.51, 3307.23, 1147.17, 3493.39], ""type"": ""handwritten"", ""text"": """"}, {""bbox"": [632.68, 1733.12, 1081.51, 1900.14], ""type"": ""handwritten"", ""text"": """"}, {""bbox"": [93.24, 0.0, 3024.0, 2673.29], ""type"": ""table"", ""text"": """"}, {""bbox"": [595.68, 183.07, 1032.21, 346.07], ""type"": ""handwritten"", ""text"": """"}, {""bbox"": [691.43, 2359.32, 1106.85, 2527.42], ""type"": ""handwritten"", ""text"": """"}, {""bbox"": [698.85, 3601.33, 1168.28, 3801.07], ""type"": ""handwritten"", ""text"": """"}]"
cb8c96d6-b38e-55af-aa67-083cd8e610f3.jpg,"[{""bbox"": [133.11, 2299.32, 2375.98, 2525.39], ""type"": ""handwritten"", ""text"": """"}, {""bbox"": [84.05, 1429.74, 1819.05, 1578.75], ""type"": ""handwritten"", ""text"": """"}, {""bbox"": [480.1, 2090.76, 2581.62, 2250.65], ""type"": ""handwritten"", ""text"": """"}, {""bbox"": [257.56, 1649.09, 2922.33, 1816.29], ""type"": ""handwritten"", ""text"": """"}, {""bbox"": [53.37, 1888.84, 611.98, 2033.45], ""type"": ""handwritten"", ""text"": """"}, {""bbox"": [53.97, 2.97, 2272.19, 1418.48], ""type"": ""image"", ""text"": """"}, {""bbox"": [1087.39, 2304.69, 2375.0, 2479.77], ""type"": ""handwritten"", ""text"": """"}, {""bbox"": [335.58, 1672.69, 946.56, 1801.65], ""type"": ""handwritten"", ""text"": """"}, {""bbox"": [0.0, 3.09, 1125.29, 1382.99], ""type"": ""image"", ""text"": """"}, {""bbox"": [73.33, 0.0, 3038.25, 104.12], ""type"": ""handwritten"", ""text"": """"}]"
cdba39de-3427-5382-b406-c27a0e52ff63.jpg,"[{""bbox"": [1101.88, 233.39, 2512.98, 461.5], ""type"": ""handwritten"", ""text"": """"}, {""bbox"": [1102.14, 418.96, 2204.65, 641.39], ""type"": ""handwritten"", ""text"": """"}, {""bbox"": [946.38, 788.44, 2136.96, 1042.02], ""type"": ""handwritten"", ""text"": """"}, {""bbox"": [898.6, 3007.31, 1517.95, 3229.02], ""type"": ""handwritten"", ""text"": """"}, {""bbox"": [251.6, 3029.75, 714.03, 3223.93], ""type"": ""handwritten"", ""text"": """"}, {""bbox"": [958.86, 605.22, 2307.47, 822.42], ""type"": ""handwritten"", ""text"": """"}, {""bbox"": [810.23, 3370.19, 2785.35, 3586.47], ""type"": ""handwritten"", ""text"": """"}, {""bbox"": [1301.55, 1039.91, 1698.74, 1174.9], ""type"": ""handwritten"", ""text"": """"}, {""bbox"": [233.9, 2849.57, 489.37, 3035.59], ""type"": ""handwritten"", ""text"": """"}, {""bbox"": [217.95, 2313.64, 487.87, 2497.61], ""type"": ""handwritten"", ""text"": """"}, {""bbox"": [889.92, 3165.74, 2816.55, 3391.84], ""type"": ""formula"", ""text"": """"}, {""bbox"": [291.98, 3225.69, 712.69, 3393.23], ""type"": ""handwritten"", ""text"": """"}, {""bbox"": [163.29, 1177.12, 415.11, 1392.83], ""type"": ""handwritten"", ""text"": """"}, {""bbox"": [730.37, 3752.09, 2016.23, 3951.85], ""type"": ""handwritten"", ""text"": """"}, {""bbox"": [200.59, 1779.12, 447.99, 1952.56], ""type"": ""handwritten"", ""text"": """"}, {""bbox"": [208.63, 1948.0, 405.06, 2128.41], ""type"": ""handwritten"", ""text"": """"}, {""bbox"": [208.06, 2122.18, 433.48, 2324.52], ""type"": ""handwritten"", ""text"": """"}, {""bbox"": [233.45, 2536.58, 476.62, 2686.69], ""type"": ""handwritten"", ""text"": """"}, {""bbox"": [375.7, 3563.28, 2804.82, 3785.42], ""type"": ""handwritten"", ""text"": """"}, {""bbox"": [188.66, 1448.64, 429.98, 1577.45], ""type"": ""handwritten"", ""text"": """"}, {""bbox"": [238.09, 2716.98, 493.97, 2853.51], ""type"": ""handwritten"", ""text"": """"}, {""bbox"": [195.21, 1637.52, 446.61, 1797.43], ""type"": ""handwritten"", ""text"": """"}, {""bbox"": [411.42, 3761.01, 732.97, 3903.67], ""type"": ""handwritten"", ""text"": """"}, {""bbox"": [280.84, 3430.13, 497.18, 3620.12], ""type"": ""handwritten"", ""text"": """"}, {""bbox"": [262.46, 3007.04, 1530.83, 3229.15], ""type"": ""handwritten"", ""text"": """"}, {""bbox"": [0.0, 2108.65, 119.96, 2277.9], ""type"": ""handwritten"", ""text"": """"}, {""bbox"": [238.15, 3214.24, 2798.38, 3602.11], ""type"": ""formula"", ""text"": """"}, {""bbox"": [0.0, 3029.06, 209.54, 3167.0], ""type"": ""handwritten"", ""text"": """"}, {""bbox"": [399.55, 3575.81, 762.65, 3768.1], ""type"": ""handwritten"", ""text"": """"}]"
ce81b071-f963-558d-8c2b-ecf490f32658.jpg,"[{""bbox"": [273.28, 3467.09, 2620.8, 3635.06], ""type"": ""handwritten"", ""text"": """"}, {""bbox"": [243.91, 449.45, 2501.33, 637.13], ""type"": ""handwritten"", ""text"": """"}, {""bbox"": [242.73, 1742.66, 2550.32, 1912.14], ""type"": ""handwritten"", ""text"": """"}, {""bbox"": [192.76, 3607.73, 2813.74, 3743.53], ""type"": ""handwritten"", ""text"": """"}, {""bbox"": [285.5, 2955.86, 1859.18, 3127.18], ""type"": ""handwritten"", ""text"": """"}, {""bbox"": [300.53, 2788.04, 934.81, 2930.47], ""type"": ""handwritten"", ""text"": """"}, {""bbox"": [1026.12, 297.59, 1381.2, 445.9], ""type"": ""handwritten"", ""text"": """"}, {""bbox"": [282.78, 2092.3, 1452.49, 2247.4], ""type"": ""formula"", ""text"": """"}, {""bbox"": [254.57, 1901.95, 2879.26, 2093.82], ""type"": ""handwritten"", ""text"": """"}, {""bbox"": [1283.68, 1156.47, 2505.92, 1318.12], ""type"": ""handwritten"", ""text"": """"}, {""bbox"": [245.09, 3291.36, 2030.48, 3472.69], ""type"": ""handwritten"", ""text"": """"}, {""bbox"": [261.05, 2261.64, 1434.28, 2427.62], ""type"": ""handwritten"", ""text"": """"}, {""bbox"": [1141.0, 980.02, 2593.76, 1127.61], ""type"": ""handwritten"", ""text"": """"}, {""bbox"": [304.05, 2594.87, 1496.82, 2769.8], ""type"": ""handwritten"", ""text"": """"}, {""bbox"": [256.69, 1547.74, 2671.66, 1742.63], ""type"": ""handwritten"", ""text"": """"}, {""bbox"": [1129.21, 2438.48, 1511.24, 2557.31], ""type"": ""handwritten"", ""text"": """"}, {""bbox"": [378.04, 611.13, 2365.91, 833.7], ""type"": ""handwritten"", ""text"": """"}, {""bbox"": [261.59, 798.22, 2580.46, 990.95], ""type"": ""handwritten"", ""text"": """"}, {""bbox"": [736.95, 614.63, 2329.09, 766.4], ""type"": ""handwritten"", ""text"": """"}, {""bbox"": [1498.93, 796.65, 2565.88, 950.04], ""type"": ""handwritten"", ""text"": """"}, {""bbox"": [292.83, 3131.08, 1781.27, 3302.85], ""type"": ""formula"", ""text"": """"}, {""bbox"": [233.68, 1235.05, 2674.53, 1556.07], ""type"": ""handwritten"", ""text"": """"}, {""bbox"": [251.05, 692.6, 696.21, 837.29], ""type"": ""handwritten"", ""text"": """"}, {""bbox"": [0.03, 3293.1, 182.71, 3406.0], ""type"": ""handwritten"", ""text"": """"}, {""bbox"": [253.29, 988.23, 1178.5, 1556.17], ""type"": ""graph"", ""text"": """"}, {""bbox"": [0.0, 3600.64, 209.89, 3742.01], ""type"": ""handwritten"", ""text"": """"}, {""bbox"": [0.0, 2746.75, 181.54, 2896.26], ""type"": ""handwritten"", ""text"": """"}, {""bbox"": [933.82, 1088.25, 1122.54, 1177.35], ""type"": ""handwritten"", ""text"": """"}]"
cea7015f-1269-425a-a1a2-54c960e110ef.jpg,"[{""bbox"": [38.26, 152.2, 503.02, 196.34], ""type"": ""handwritten"", ""text"": """"}, {""bbox"": [35.88, 337.5, 536.0, 381.23], ""type"": ""handwritten"", ""text"": """"}, {""bbox"": [31.01, 227.02, 528.84, 266.55], ""type"": ""handwritten"", ""text"": """"}, {""bbox"": [34.05, 481.44, 556.19, 523.39], ""type"": ""handwritten"", ""text"": """"}, {""bbox"": [36.12, 413.71, 550.3, 452.5], ""type"": ""handwritten"", ""text"": """"}, {""bbox"": [26.3, 191.04, 539.4, 232.52], ""type"": ""handwritten"", ""text"": """"}, {""bbox"": [33.42, 444.96, 538.75, 488.77], ""type"": ""handwritten"", ""text"": """"}, {""bbox"": [32.04, 523.51, 76.03, 549.9], ""type"": ""handwritten"", ""text"": """"}, {""bbox"": [30.89, 377.71, 439.26, 419.84], ""type"": ""handwritten"", ""text"": """"}, {""bbox"": [32.88, 300.0, 559.9, 345.17], ""type"": ""handwritten"", ""text"": """"}, {""bbox"": [47.79, 720.49, 503.66, 755.15], ""type"": ""handwritten"", ""text"": """"}, {""bbox"": [44.58, 590.25, 549.21, 629.4], ""type"": ""handwritten"", ""text"": """"}, {""bbox"": [44.0, 625.09, 542.89, 661.31], ""type"": ""handwritten"", ""text"": """"}, {""bbox"": [33.25, 264.58, 495.55, 306.15], ""type"": ""handwritten"", ""text"": """"}, {""bbox"": [45.6, 746.92, 502.51, 788.97], ""type"": ""handwritten"", ""text"": """"}, {""bbox"": [45.72, 656.67, 553.66, 692.61], ""type"": ""handwritten"", ""text"": """"}, {""bbox"": [40.06, 545.59, 471.06, 594.97], ""type"": ""handwritten"", ""text"": """"}, {""bbox"": [44.89, 689.2, 538.14, 724.21], ""type"": ""handwritten"", ""text"": """"}, {""bbox"": [48.6, 845.63, 535.21, 891.27], ""type"": ""handwritten"", ""text"": """"}, {""bbox"": [52.43, 782.52, 551.03, 827.26], ""type"": ""handwritten"", ""text"": """"}, {""bbox"": [53.27, 814.8, 556.77, 861.53], ""type"": ""handwritten"", ""text"": """"}]"
ceef6cbf-ec28-4199-9da5-4203d32240ff.jpg,"[{""bbox"": [40.03, 86.88, 1620.98, 191.86], ""type"": ""handwritten"", ""text"": """"}, {""bbox"": [28.14, 941.45, 1632.57, 1024.88], ""type"": ""handwritten"", ""text"": """"}, {""bbox"": [20.22, 1153.22, 1541.4, 1248.12], ""type"": ""handwritten"", ""text"": """"}, {""bbox"": [23.9, 1082.72, 1613.35, 1166.75], ""type"": ""handwritten"", ""text"": """"}, {""bbox"": [37.74, 174.96, 1513.79, 275.45], ""type"": ""handwritten"", ""text"": """"}, {""bbox"": [30.11, 871.38, 1626.01, 954.74], ""type"": ""handwritten"", ""text"": """"}, {""bbox"": [29.2, 731.49, 1630.35, 816.87], ""type"": ""handwritten"", ""text"": """"}, {""bbox"": [23.98, 454.99, 1619.68, 542.18], ""type"": ""handwritten"", ""text"": """"}, {""bbox"": [28.67, 527.41, 1625.21, 616.6], ""type"": ""handwritten"", ""text"": """"}, {""bbox"": [30.05, 802.03, 1632.91, 884.88], ""type"": ""handwritten"", ""text"": """"}, {""bbox"": [98.19, 1352.61, 554.76, 1425.97], ""type"": ""annotation"", ""text"": """"}, {""bbox"": [24.02, 598.65, 1625.5, 678.17], ""type"": ""handwritten"", ""text"": """"}, {""bbox"": [28.94, 1012.49, 1563.39, 1101.0], ""type"": ""handwritten"", ""text"": """"}, {""bbox"": [26.91, 388.11, 1622.29, 470.45], ""type"": ""handwritten"", ""text"": """"}, {""bbox"": [29.92, 320.4, 1595.42, 403.59], ""type"": ""handwritten"", ""text"": """"}, {""bbox"": [17.09, 1235.95, 993.6, 1334.63], ""type"": ""handwritten"", ""text"": """"}, {""bbox"": [22.92, 666.53, 1608.91, 746.65], ""type"": ""handwritten"", ""text"": """"}, {""bbox"": [36.01, 23.47, 238.85, 118.04], ""type"": ""handwritten"", ""text"": """"}, {""bbox"": [35.37, 252.56, 1602.24, 342.81], ""type"": ""handwritten"", ""text"": """"}, {""bbox"": [96.69, 1355.22, 324.9, 1428.2], ""type"": ""annotation"", ""text"": """"}]"
d16b3f01-c26c-485c-ad8a-8df1058841c7.jpg,"[{""bbox"": [171.65, 52.01, 614.0, 157.0], ""type"": ""handwritten"", ""text"": """"}, {""bbox"": [91.86, 174.76, 919.83, 254.69], ""type"": ""handwritten"", ""text"": """"}, {""bbox"": [79.76, 250.76, 1518.28, 386.85], ""type"": ""formula"", ""text"": """"}, {""bbox"": [107.93, 1472.15, 1543.16, 1623.11], ""type"": ""handwritten"", ""text"": """"}, {""bbox"": [128.16, 1355.58, 1208.6, 1512.3], ""type"": ""handwritten"", ""text"": """"}, {""bbox"": [177.55, 753.0, 1159.89, 873.28], ""type"": ""handwritten"", ""text"": """"}, {""bbox"": [71.89, 361.8, 1472.47, 514.06], ""type"": ""handwritten"", ""text"": """"}, {""bbox"": [45.17, 531.12, 1533.31, 681.71], ""type"": ""handwritten"", ""text"": """"}, {""bbox"": [105.1, 1645.1, 1517.45, 1851.2], ""type"": ""handwritten"", ""text"": """"}, {""bbox"": [70.75, 947.75, 1513.73, 1114.32], ""type"": ""formula"", ""text"": """"}, {""bbox"": [111.99, 1567.82, 1642.02, 1749.22], ""type"": ""handwritten"", ""text"": """"}, {""bbox"": [91.19, 852.4, 1578.44, 1004.38], ""type"": ""formula"", ""text"": """"}, {""bbox"": [75.02, 1164.18, 1647.44, 1388.97], ""type"": ""handwritten"", ""text"": """"}, {""bbox"": [65.53, 1026.66, 1532.37, 1200.79], ""type"": ""formula"", ""text"": """"}, {""bbox"": [55.02, 442.14, 1544.8, 583.34], ""type"": ""handwritten"", ""text"": """"}, {""bbox"": [87.94, 1254.33, 1638.36, 1438.34], ""type"": ""handwritten"", ""text"": """"}, {""bbox"": [51.28, 1112.51, 1636.82, 1292.21], ""type"": ""handwritten"", ""text"": """"}, {""bbox"": [1005.56, 639.17, 1585.29, 787.61], ""type"": ""formula"", ""text"": """"}, {""bbox"": [112.86, 1494.3, 1614.85, 1705.04], ""type"": ""handwritten"", ""text"": """"}, {""bbox"": [1005.99, 638.74, 1316.29, 780.41], ""type"": ""formula"", ""text"": """"}]"
d1d018f2-566b-49a4-b2e2-de017047a509.jpg,"[{""bbox"": [53.24, 1145.71, 1564.44, 1233.88], ""type"": ""handwritten"", ""text"": """"}, {""bbox"": [35.8, 726.22, 1651.48, 900.74], ""type"": ""handwritten"", ""text"": """"}, {""bbox"": [18.89, 45.59, 1637.76, 122.97], ""type"": ""handwritten"", ""text"": """"}, {""bbox"": [20.43, 109.45, 1628.99, 195.24], ""type"": ""handwritten"", ""text"": """"}, {""bbox"": [17.42, 0.38, 1616.14, 62.78], ""type"": ""handwritten"", ""text"": """"}, {""bbox"": [50.0, 987.56, 1622.59, 1095.93], ""type"": ""handwritten"", ""text"": """"}, {""bbox"": [40.23, 876.55, 347.07, 946.57], ""type"": ""handwritten"", ""text"": """"}, {""bbox"": [24.27, 177.23, 1070.32, 271.89], ""type"": ""handwritten"", ""text"": """"}, {""bbox"": [54.49, 1060.2, 1627.66, 1163.29], ""type"": ""handwritten"", ""text"": """"}, {""bbox"": [63.91, 1218.16, 255.83, 1301.37], ""type"": ""handwritten"", ""text"": """"}, {""bbox"": [119.89, 1531.4, 277.16, 1586.13], ""type"": ""handwritten"", ""text"": """"}, {""bbox"": [37.33, 315.83, 1575.95, 440.05], ""type"": ""handwritten"", ""text"": """"}, {""bbox"": [58.77, 891.12, 1616.78, 1024.87], ""type"": ""handwritten"", ""text"": """"}, {""bbox"": [32.32, 402.47, 1613.56, 526.25], ""type"": ""handwritten"", ""text"": """"}, {""bbox"": [122.66, 1582.75, 282.8, 1635.16], ""type"": ""handwritten"", ""text"": """"}, {""bbox"": [120.36, 1487.72, 268.91, 1533.77], ""type"": ""handwritten"", ""text"": """"}, {""bbox"": [124.91, 1425.37, 287.9, 1486.08], ""type"": ""handwritten"", ""text"": """"}, {""bbox"": [34.09, 613.39, 1639.24, 800.77], ""type"": ""handwritten"", ""text"": """"}, {""bbox"": [125.99, 1629.16, 284.87, 1681.58], ""type"": ""handwritten"", ""text"": """"}, {""bbox"": [33.9, 469.47, 1616.73, 623.98], ""type"": ""handwritten"", ""text"": """"}, {""bbox"": [31.8, 533.19, 1628.33, 708.28], ""type"": ""handwritten"", ""text"": """"}, {""bbox"": [84.89, 1851.98, 351.69, 1918.06], ""type"": ""annotation"", ""text"": """"}, {""bbox"": [48.73, 1375.24, 101.42, 1432.02], ""type"": ""handwritten"", ""text"": """"}, {""bbox"": [40.55, 430.52, 1605.1, 575.11], ""type"": ""handwritten"", ""text"": """"}, {""bbox"": [204.41, 524.28, 1644.82, 634.3], ""type"": ""handwritten"", ""text"": """"}]"
d2569788-c35a-40de-afaf-ab97287dba27.jpg,"[{""bbox"": [70.96, 522.33, 550.75, 555.06], ""type"": ""handwritten"", ""text"": """"}, {""bbox"": [63.12, 604.76, 552.08, 637.79], ""type"": ""handwritten"", ""text"": """"}, {""bbox"": [61.05, 548.89, 532.94, 583.84], ""type"": ""handwritten"", ""text"": """"}, {""bbox"": [79.47, 792.16, 558.88, 833.7], ""type"": ""handwritten"", ""text"": """"}, {""bbox"": [54.18, 578.74, 531.91, 610.31], ""type"": ""handwritten"", ""text"": """"}, {""bbox"": [64.55, 633.06, 553.68, 665.14], ""type"": ""handwritten"", ""text"": """"}, {""bbox"": [59.65, 447.18, 540.28, 475.86], ""type"": ""handwritten"", ""text"": """"}, {""bbox"": [57.94, 472.5, 540.4, 503.74], ""type"": ""handwritten"", ""text"": """"}, {""bbox"": [63.1, 419.83, 532.78, 451.56], ""type"": ""handwritten"", ""text"": """"}, {""bbox"": [57.41, 497.46, 522.16, 527.98], ""type"": ""handwritten"", ""text"": """"}, {""bbox"": [68.58, 739.46, 534.2, 781.74], ""type"": ""handwritten"", ""text"": """"}, {""bbox"": [67.82, 365.88, 537.95, 400.51], ""type"": ""handwritten"", ""text"": """"}, {""bbox"": [67.7, 766.37, 232.94, 794.74], ""type"": ""handwritten"", ""text"": """"}, {""bbox"": [65.77, 711.39, 502.95, 748.1], ""type"": ""handwritten"", ""text"": """"}, {""bbox"": [64.46, 687.38, 536.2, 720.06], ""type"": ""handwritten"", ""text"": """"}, {""bbox"": [64.76, 659.2, 559.15, 692.12], ""type"": ""handwritten"", ""text"": """"}, {""bbox"": [65.71, 390.07, 527.8, 425.54], ""type"": ""handwritten"", ""text"": """"}, {""bbox"": [68.1, 278.16, 554.14, 331.65], ""type"": ""handwritten"", ""text"": """"}, {""bbox"": [87.86, 196.15, 553.42, 267.45], ""type"": ""handwritten"", ""text"": """"}, {""bbox"": [68.5, 247.82, 559.84, 307.91], ""type"": ""handwritten"", ""text"": """"}, {""bbox"": [81.5, 337.26, 547.44, 376.89], ""type"": ""handwritten"", ""text"": """"}, {""bbox"": [12.4, 492.5, 42.76, 536.98], ""type"": ""annotation"", ""text"": """"}, {""bbox"": [69.39, 309.22, 471.67, 356.37], ""type"": ""handwritten"", ""text"": """"}, {""bbox"": [68.05, 238.28, 536.47, 283.89], ""type"": ""handwritten"", ""text"": """"}, {""bbox"": [70.16, 268.27, 286.58, 296.04], ""type"": ""handwritten"", ""text"": """"}]"
d28943b8-f79d-5fe2-99f4-9f427c6e34ff.jpg,"[{""bbox"": [96.42, 596.99, 1417.48, 708.74], ""type"": ""handwritten"", ""text"": """"}, {""bbox"": [113.4, 716.46, 1286.22, 822.44], ""type"": ""handwritten"", ""text"": """"}, {""bbox"": [107.24, 947.11, 541.4, 1038.38], ""type"": ""handwritten"", ""text"": """"}, {""bbox"": [273.77, 477.51, 1747.58, 593.34], ""type"": ""handwritten"", ""text"": """"}, {""bbox"": [232.47, 229.87, 1729.84, 360.13], ""type"": ""handwritten"", ""text"": """"}, {""bbox"": [160.97, 357.65, 370.58, 439.77], ""type"": ""handwritten"", ""text"": """"}, {""bbox"": [97.98, 843.39, 444.19, 944.77], ""type"": ""handwritten"", ""text"": """"}, {""bbox"": [230.75, 109.45, 1717.06, 218.92], ""type"": ""handwritten"", ""text"": """"}, {""bbox"": [0.0, 790.16, 55.34, 848.21], ""type"": ""handwritten"", ""text"": """"}]"
d6b2b7b5-6e5f-4894-bb41-9e04b2e83004.jpg,"[{""bbox"": [137.4, 83.27, 577.8, 261.44], ""type"": ""image"", ""text"": """"}, {""bbox"": [92.91, 928.04, 1303.13, 1082.54], ""type"": ""formula"", ""text"": """"}, {""bbox"": [79.52, 507.86, 394.72, 579.22], ""type"": ""handwritten"", ""text"": """"}, {""bbox"": [10.72, 2008.69, 1459.01, 2146.79], ""type"": ""handwritten"", ""text"": """"}, {""bbox"": [92.65, 811.48, 1184.69, 945.47], ""type"": ""formula"", ""text"": """"}, {""bbox"": [32.26, 1103.89, 1554.45, 1239.11], ""type"": ""handwritten"", ""text"": """"}, {""bbox"": [45.74, 1916.14, 1574.1, 2070.53], ""type"": ""handwritten"", ""text"": """"}, {""bbox"": [30.44, 1483.71, 876.3, 1612.19], ""type"": ""formula"", ""text"": """"}, {""bbox"": [89.62, 696.87, 1294.6, 830.27], ""type"": ""handwritten"", ""text"": """"}, {""bbox"": [77.58, 600.31, 1252.84, 728.88], ""type"": ""formula"", ""text"": """"}, {""bbox"": [132.5, 308.92, 1140.71, 452.87], ""type"": ""formula"", ""text"": """"}, {""bbox"": [981.97, 117.28, 1327.89, 436.0], ""type"": ""annotation"", ""text"": """"}, {""bbox"": [46.34, 96.54, 180.23, 414.03], ""type"": ""annotation"", ""text"": """"}, {""bbox"": [52.36, 1576.92, 1333.62, 1739.45], ""type"": ""formula"", ""text"": """"}, {""bbox"": [122.53, 403.51, 1594.39, 565.99], ""type"": ""handwritten"", ""text"": """"}, {""bbox"": [15.25, 1393.1, 1225.55, 1539.6], ""type"": ""formula"", ""text"": """"}, {""bbox"": [12.54, 1207.25, 1601.35, 1374.37], ""type"": ""handwritten"", ""text"": """"}, {""bbox"": [14.48, 1293.06, 714.53, 1379.65], ""type"": ""handwritten"", ""text"": """"}, {""bbox"": [1217.31, 1346.5, 1487.51, 1607.65], ""type"": ""annotation"", ""text"": """"}, {""bbox"": [46.8, 1666.99, 1214.45, 1820.71], ""type"": ""formula"", ""text"": """"}, {""bbox"": [1250.94, 1677.02, 1614.61, 1858.44], ""type"": ""annotation"", ""text"": """"}, {""bbox"": [50.67, 1759.33, 1207.66, 1918.03], ""type"": ""formula"", ""text"": """"}, {""bbox"": [1338.37, 642.0, 1543.56, 786.51], ""type"": ""annotation"", ""text"": """"}, {""bbox"": [62.28, 232.78, 184.73, 358.57], ""type"": ""annotation"", ""text"": """"}, {""bbox"": [1401.13, 1527.2, 1555.88, 1638.61], ""type"": ""annotation"", ""text"": """"}, {""bbox"": [1253.49, 1764.59, 1344.15, 1854.73], ""type"": ""annotation"", ""text"": """"}]"
d6ee6e8f-27dd-4745-9efe-16b55a611a0d.jpg,"[{""bbox"": [29.05, 319.23, 535.24, 361.37], ""type"": ""handwritten"", ""text"": """"}, {""bbox"": [27.2, 352.73, 552.75, 393.79], ""type"": ""handwritten"", ""text"": """"}, {""bbox"": [26.97, 390.05, 163.61, 424.93], ""type"": ""handwritten"", ""text"": """"}, {""bbox"": [0.2, 366.55, 22.47, 395.64], ""type"": ""handwritten"", ""text"": """"}]"
d838b5f7-0346-4e74-9c26-243a4441ac00.jpg,"[{""bbox"": [97.87, 342.2, 1007.71, 474.66], ""type"": ""formula"", ""text"": """"}, {""bbox"": [85.09, 137.96, 887.69, 229.47], ""type"": ""handwritten"", ""text"": """"}, {""bbox"": [96.2, 33.59, 1024.14, 119.84], ""type"": ""handwritten"", ""text"": """"}, {""bbox"": [90.93, 520.42, 814.85, 636.64], ""type"": ""formula"", ""text"": """"}, {""bbox"": [1042.81, 172.07, 1336.23, 397.9], ""type"": ""annotation"", ""text"": """"}, {""bbox"": [76.0, 239.14, 1012.39, 330.84], ""type"": ""handwritten"", ""text"": """"}, {""bbox"": [1042.06, 394.89, 1248.98, 522.63], ""type"": ""annotation"", ""text"": """"}, {""bbox"": [1041.67, 272.67, 1150.0, 380.51], ""type"": ""annotation"", ""text"": """"}]"
da3bdbcf-6827-5e88-a891-f6818c7938a6.jpg,"[{""bbox"": [858.78, 265.5, 3554.02, 472.37], ""type"": ""handwritten"", ""text"": """"}, {""bbox"": [823.17, 457.83, 3483.91, 664.43], ""type"": ""handwritten"", ""text"": """"}, {""bbox"": [859.83, 64.93, 3538.65, 271.56], ""type"": ""handwritten"", ""text"": """"}, {""bbox"": [862.74, 664.28, 3508.51, 849.25], ""type"": ""handwritten"", ""text"": """"}, {""bbox"": [16.78, 608.86, 525.06, 667.14], ""type"": ""handwritten"", ""text"": """"}]"
db772a33-847f-51ae-9a22-c7bdec85c0d7.jpg,"[{""bbox"": [156.66, 2020.52, 874.34, 2541.7], ""type"": ""table"", ""text"": """"}, {""bbox"": [103.43, 2678.7, 1593.7, 3294.06], ""type"": ""table"", ""text"": """"}, {""bbox"": [99.2, 1745.32, 782.04, 2006.22], ""type"": ""formula"", ""text"": """"}, {""bbox"": [501.42, 174.83, 2548.74, 445.37], ""type"": ""handwritten"", ""text"": """"}, {""bbox"": [181.06, 1150.78, 1092.67, 1654.25], ""type"": ""table"", ""text"": """"}, {""bbox"": [594.87, 11.24, 2508.21, 232.83], ""type"": ""handwritten"", ""text"": """"}, {""bbox"": [206.34, 818.94, 847.54, 1152.97], ""type"": ""handwritten"", ""text"": """"}, {""bbox"": [513.56, 199.58, 1676.86, 454.35], ""type"": ""handwritten"", ""text"": """"}, {""bbox"": [1102.02, 373.67, 1729.23, 548.36], ""type"": ""handwritten"", ""text"": """"}, {""bbox"": [191.47, 551.52, 2420.8, 1893.7], ""type"": ""table"", ""text"": """"}, {""bbox"": [2748.0, 259.38, 3060.0, 782.16], ""type"": ""image"", ""text"": """"}]"
dccde180-6dc4-4224-a441-aaecf30faf06.jpg,"[{""bbox"": [33.29, 364.41, 393.77, 409.54], ""type"": ""handwritten"", ""text"": """"}, {""bbox"": [36.38, 290.16, 539.4, 376.19], ""type"": ""handwritten"", ""text"": """"}]"
dd95254a-5099-5b24-807f-3166bff736af.jpg,"[{""bbox"": [125.64, 1314.63, 2491.06, 1550.34], ""type"": ""handwritten"", ""text"": """"}, {""bbox"": [152.48, 1141.53, 2578.67, 1379.88], ""type"": ""handwritten"", ""text"": """"}, {""bbox"": [159.84, 937.41, 2541.1, 1184.1], ""type"": ""handwritten"", ""text"": """"}, {""bbox"": [110.48, 1483.04, 2718.69, 1756.41], ""type"": ""handwritten"", ""text"": """"}, {""bbox"": [112.53, 1843.07, 1908.9, 2065.25], ""type"": ""handwritten"", ""text"": """"}, {""bbox"": [115.67, 1666.0, 2727.23, 1912.32], ""type"": ""handwritten"", ""text"": """"}]"
defa144a-9bd4-56f5-b951-c23607449449.jpg,"[{""bbox"": [944.79, 39.74, 3804.61, 2248.5], ""type"": ""table"", ""text"": """"}, {""bbox"": [2794.43, 179.18, 3890.75, 1839.89], ""type"": ""table"", ""text"": """"}, {""bbox"": [402.4, 291.38, 2911.99, 3004.22], ""type"": ""table"", ""text"": """"}, {""bbox"": [3204.63, 2516.6, 3984.14, 2699.55], ""type"": ""handwritten"", ""text"": """"}, {""bbox"": [3186.52, 2342.47, 3702.88, 2513.21], ""type"": ""handwritten"", ""text"": """"}, {""bbox"": [3162.14, 2208.94, 3539.54, 2322.03], ""type"": ""handwritten"", ""text"": """"}, {""bbox"": [339.98, 801.94, 2137.62, 3060.0], ""type"": ""table"", ""text"": """"}, {""bbox"": [3131.09, 175.99, 3444.68, 319.66], ""type"": ""handwritten"", ""text"": """"}, {""bbox"": [2301.05, 2440.38, 2665.02, 2588.67], ""type"": ""handwritten"", ""text"": """"}]"
e0e8c060-88c6-443d-90b3-79b1aa3da848.jpg,"[{""bbox"": [144.48, 744.33, 1038.04, 798.09], ""type"": ""handwritten"", ""text"": """"}, {""bbox"": [145.22, 977.25, 1033.62, 1029.73], ""type"": ""handwritten"", ""text"": """"}, {""bbox"": [147.97, 1385.72, 1074.07, 1435.14], ""type"": ""handwritten"", ""text"": """"}, {""bbox"": [149.52, 1615.42, 1013.52, 1666.81], ""type"": ""handwritten"", ""text"": """"}, {""bbox"": [148.5, 1155.59, 1082.07, 1206.84], ""type"": ""handwritten"", ""text"": """"}, {""bbox"": [144.3, 1556.24, 1015.88, 1611.65], ""type"": ""handwritten"", ""text"": """"}, {""bbox"": [143.44, 279.36, 1059.17, 334.27], ""type"": ""handwritten"", ""text"": """"}, {""bbox"": [143.18, 456.93, 1054.69, 506.79], ""type"": ""handwritten"", ""text"": """"}, {""bbox"": [141.22, 687.03, 1037.86, 740.97], ""type"": ""handwritten"", ""text"": """"}, {""bbox"": [143.15, 860.42, 1050.7, 911.2], ""type"": ""handwritten"", ""text"": """"}, {""bbox"": [139.69, 223.34, 1064.44, 274.91], ""type"": ""handwritten"", ""text"": """"}, {""bbox"": [147.12, 921.73, 1027.27, 969.65], ""type"": ""handwritten"", ""text"": """"}, {""bbox"": [147.03, 1329.41, 1083.48, 1377.77], ""type"": ""handwritten"", ""text"": """"}, {""bbox"": [196.74, 392.88, 1053.18, 446.72], ""type"": ""handwritten"", ""text"": """"}, {""bbox"": [141.46, 517.63, 1061.8, 560.37], ""type"": ""handwritten"", ""text"": """"}, {""bbox"": [147.28, 1091.53, 1087.65, 1145.89], ""type"": ""handwritten"", ""text"": """"}, {""bbox"": [148.82, 1498.53, 1071.46, 1549.19], ""type"": ""handwritten"", ""text"": """"}, {""bbox"": [140.15, 1269.95, 1079.48, 1319.65], ""type"": ""handwritten"", ""text"": """"}, {""bbox"": [142.81, 804.37, 1026.33, 856.22], ""type"": ""handwritten"", ""text"": """"}, {""bbox"": [146.31, 1034.97, 1090.54, 1086.06], ""type"": ""handwritten"", ""text"": """"}, {""bbox"": [147.29, 1214.59, 1045.73, 1269.47], ""type"": ""handwritten"", ""text"": """"}, {""bbox"": [136.0, 630.62, 1078.41, 674.48], ""type"": ""handwritten"", ""text"": """"}, {""bbox"": [205.13, 164.08, 1049.95, 215.02], ""type"": ""handwritten"", ""text"": """"}, {""bbox"": [173.83, 1672.31, 1041.2, 1722.52], ""type"": ""handwritten"", ""text"": """"}, {""bbox"": [150.0, 1443.53, 1058.12, 1494.92], ""type"": ""handwritten"", ""text"": """"}, {""bbox"": [141.92, 571.01, 1030.15, 621.7], ""type"": ""handwritten"", ""text"": """"}, {""bbox"": [829.7, 106.76, 1057.7, 145.51], ""type"": ""handwritten"", ""text"": """"}, {""bbox"": [915.49, 45.3, 987.42, 78.55], ""type"": ""annotation"", ""text"": """"}]"
e143dcbe-86e2-4e00-9049-3ee922c4de02.jpg,"[{""bbox"": [394.08, 1115.71, 2485.04, 1263.88], ""type"": ""handwritten"", ""text"": """"}, {""bbox"": [366.6, 1543.03, 2494.2, 1716.37], ""type"": ""handwritten"", ""text"": """"}, {""bbox"": [197.78, 3209.23, 2666.92, 3435.21], ""type"": ""handwritten"", ""text"": """"}, {""bbox"": [476.72, 974.6, 2395.9, 1118.13], ""type"": ""handwritten"", ""text"": """"}, {""bbox"": [379.79, 1390.22, 2456.32, 1551.21], ""type"": ""handwritten"", ""text"": """"}, {""bbox"": [221.18, 3026.17, 2699.81, 3228.71], ""type"": ""handwritten"", ""text"": """"}, {""bbox"": [257.93, 2688.99, 2750.17, 2866.18], ""type"": ""handwritten"", ""text"": """"}, {""bbox"": [327.78, 2331.28, 2620.34, 2501.81], ""type"": ""handwritten"", ""text"": """"}, {""bbox"": [383.25, 1691.42, 2519.04, 1850.87], ""type"": ""handwritten"", ""text"": """"}, {""bbox"": [337.15, 2002.85, 2415.07, 2159.98], ""type"": ""handwritten"", ""text"": """"}, {""bbox"": [333.9, 1858.38, 2481.57, 2010.79], ""type"": ""handwritten"", ""text"": """"}, {""bbox"": [386.68, 1251.3, 2512.61, 1413.15], ""type"": ""handwritten"", ""text"": """"}, {""bbox"": [322.57, 2162.21, 2518.5, 2313.77], ""type"": ""handwritten"", ""text"": """"}, {""bbox"": [261.56, 2852.89, 2600.01, 3034.02], ""type"": ""handwritten"", ""text"": """"}, {""bbox"": [607.18, 702.66, 2499.16, 836.93], ""type"": ""handwritten"", ""text"": """"}, {""bbox"": [297.74, 2500.6, 2632.71, 2676.26], ""type"": ""handwritten"", ""text"": """"}, {""bbox"": [194.34, 3398.88, 2475.26, 3606.51], ""type"": ""handwritten"", ""text"": """"}, {""bbox"": [942.64, 579.35, 2166.39, 694.99], ""type"": ""printed"", ""text"": """"}, {""bbox"": [1033.39, 849.88, 1872.95, 974.53], ""type"": ""handwritten"", ""text"": """"}, {""bbox"": [1202.15, 419.95, 1876.98, 559.21], ""type"": ""handwritten"", ""text"": """"}, {""bbox"": [0.17, 976.75, 444.41, 2684.74], ""type"": ""image"", ""text"": """"}, {""bbox"": [2413.77, 982.32, 2843.7, 2813.53], ""type"": ""image"", ""text"": """"}, {""bbox"": [208.35, 226.65, 687.23, 1055.89], ""type"": ""image"", ""text"": """"}, {""bbox"": [459.95, 954.07, 2397.53, 1243.33], ""type"": ""handwritten"", ""text"": """"}, {""bbox"": [85.17, 146.37, 502.85, 2646.13], ""type"": ""image"", ""text"": """"}]"
e260370e-ba23-56b4-ae0c-bfbda66bf49b.jpg,"[{""bbox"": [247.58, 372.96, 2717.79, 673.31], ""type"": ""handwritten"", ""text"": """"}, {""bbox"": [199.58, 2025.12, 2536.34, 2268.76], ""type"": ""handwritten"", ""text"": """"}, {""bbox"": [186.27, 1812.66, 2980.75, 2072.74], ""type"": ""handwritten"", ""text"": """"}, {""bbox"": [198.66, 1612.23, 2899.48, 1879.68], ""type"": ""handwritten"", ""text"": """"}, {""bbox"": [162.15, 621.38, 1864.26, 868.73], ""type"": ""handwritten"", ""text"": """"}, {""bbox"": [164.66, 1244.35, 2618.42, 1476.16], ""type"": ""handwritten"", ""text"": """"}, {""bbox"": [203.63, 2239.78, 1923.45, 2483.72], ""type"": ""handwritten"", ""text"": """"}, {""bbox"": [177.85, 810.08, 2449.3, 1088.68], ""type"": ""handwritten"", ""text"": """"}, {""bbox"": [222.89, 1440.21, 2562.78, 1675.5], ""type"": ""handwritten"", ""text"": """"}, {""bbox"": [130.18, 1013.85, 2802.76, 1280.99], ""type"": ""handwritten"", ""text"": """"}, {""bbox"": [0.12, 2489.54, 65.65, 2634.83], ""type"": ""handwritten"", ""text"": """"}]"
e515c8d8-423f-42c1-b997-c7a0a99841c3.jpg,"[{""bbox"": [75.58, 538.34, 450.7, 568.46], ""type"": ""handwritten"", ""text"": """"}, {""bbox"": [80.01, 701.99, 569.63, 733.18], ""type"": ""handwritten"", ""text"": """"}, {""bbox"": [82.18, 564.18, 495.04, 594.21], ""type"": ""handwritten"", ""text"": """"}, {""bbox"": [77.18, 426.41, 558.86, 460.5], ""type"": ""handwritten"", ""text"": """"}, {""bbox"": [77.94, 511.17, 513.01, 542.1], ""type"": ""handwritten"", ""text"": """"}, {""bbox"": [78.34, 813.03, 502.57, 843.74], ""type"": ""handwritten"", ""text"": """"}, {""bbox"": [81.62, 673.75, 535.45, 705.23], ""type"": ""handwritten"", ""text"": """"}, {""bbox"": [79.89, 754.9, 517.12, 787.29], ""type"": ""handwritten"", ""text"": """"}, {""bbox"": [77.78, 483.13, 566.24, 515.78], ""type"": ""handwritten"", ""text"": """"}, {""bbox"": [79.93, 618.33, 556.55, 650.9], ""type"": ""handwritten"", ""text"": """"}, {""bbox"": [85.12, 399.51, 506.4, 434.53], ""type"": ""handwritten"", ""text"": """"}, {""bbox"": [79.83, 783.95, 500.54, 817.83], ""type"": ""handwritten"", ""text"": """"}, {""bbox"": [79.16, 728.69, 436.47, 758.4], ""type"": ""handwritten"", ""text"": """"}, {""bbox"": [80.55, 455.2, 527.24, 486.76], ""type"": ""handwritten"", ""text"": """"}, {""bbox"": [81.34, 647.25, 572.42, 678.55], ""type"": ""handwritten"", ""text"": """"}, {""bbox"": [124.47, 370.12, 513.64, 405.3], ""type"": ""handwritten"", ""text"": """"}, {""bbox"": [79.8, 839.59, 496.81, 877.43], ""type"": ""handwritten"", ""text"": """"}, {""bbox"": [79.47, 592.04, 536.62, 622.64], ""type"": ""handwritten"", ""text"": """"}, {""bbox"": [96.32, 230.6, 492.05, 282.43], ""type"": ""handwritten"", ""text"": """"}, {""bbox"": [86.6, 340.74, 435.46, 381.4], ""type"": ""handwritten"", ""text"": """"}, {""bbox"": [95.59, 258.86, 483.71, 303.57], ""type"": ""handwritten"", ""text"": """"}, {""bbox"": [88.34, 283.88, 448.59, 335.66], ""type"": ""handwritten"", ""text"": """"}, {""bbox"": [87.95, 311.37, 524.74, 364.36], ""type"": ""handwritten"", ""text"": """"}]"
e6523c4f-32ab-4b30-a2e9-3e73b3a33eb1.jpg,"[{""bbox"": [135.98, 97.39, 1611.36, 196.14], ""type"": ""handwritten"", ""text"": """"}, {""bbox"": [417.39, 10.08, 917.69, 96.21], ""type"": ""handwritten"", ""text"": """"}, {""bbox"": [131.57, 764.02, 1634.43, 859.66], ""type"": ""handwritten"", ""text"": """"}, {""bbox"": [32.99, 943.71, 1552.2, 1082.99], ""type"": ""handwritten"", ""text"": """"}, {""bbox"": [56.12, 169.26, 1100.42, 244.54], ""type"": ""handwritten"", ""text"": """"}, {""bbox"": [36.21, 1126.4, 1548.06, 1274.01], ""type"": ""handwritten"", ""text"": """"}, {""bbox"": [55.26, 298.14, 1568.24, 382.04], ""type"": ""handwritten"", ""text"": """"}, {""bbox"": [41.27, 1299.14, 1571.5, 1472.59], ""type"": ""handwritten"", ""text"": """"}, {""bbox"": [56.25, 653.24, 1612.69, 782.6], ""type"": ""handwritten"", ""text"": """"}, {""bbox"": [118.49, 232.86, 1651.0, 323.0], ""type"": ""handwritten"", ""text"": """"}, {""bbox"": [43.79, 1666.89, 408.0, 1738.69], ""type"": ""handwritten"", ""text"": """"}, {""bbox"": [54.6, 480.84, 1641.31, 567.65], ""type"": ""handwritten"", ""text"": """"}, {""bbox"": [52.27, 356.89, 1615.59, 452.95], ""type"": ""handwritten"", ""text"": """"}, {""bbox"": [135.15, 1061.74, 1530.69, 1180.89], ""type"": ""handwritten"", ""text"": """"}, {""bbox"": [62.67, 705.89, 388.7, 769.97], ""type"": ""handwritten"", ""text"": """"}, {""bbox"": [60.32, 1363.43, 241.16, 1417.79], ""type"": ""handwritten"", ""text"": """"}, {""bbox"": [42.97, 1490.03, 1567.19, 1648.37], ""type"": ""handwritten"", ""text"": """"}, {""bbox"": [49.92, 1596.83, 1652.38, 1776.51], ""type"": ""handwritten"", ""text"": """"}, {""bbox"": [52.73, 421.76, 1638.57, 510.9], ""type"": ""handwritten"", ""text"": """"}, {""bbox"": [55.31, 592.56, 1634.1, 689.86], ""type"": ""handwritten"", ""text"": """"}, {""bbox"": [38.06, 837.13, 1614.49, 967.58], ""type"": ""handwritten"", ""text"": """"}, {""bbox"": [54.49, 538.3, 1625.08, 637.06], ""type"": ""handwritten"", ""text"": """"}, {""bbox"": [64.84, 1005.33, 383.25, 1065.05], ""type"": ""handwritten"", ""text"": """"}, {""bbox"": [60.28, 1787.53, 1647.67, 1918.95], ""type"": ""handwritten"", ""text"": """"}, {""bbox"": [134.84, 1727.64, 1652.43, 1850.75], ""type"": ""handwritten"", ""text"": """"}, {""bbox"": [58.73, 1849.75, 1569.77, 1987.33], ""type"": ""handwritten"", ""text"": """"}, {""bbox"": [35.49, 1188.33, 1593.42, 1353.33], ""type"": ""handwritten"", ""text"": """"}, {""bbox"": [102.5, 1417.76, 1601.11, 1559.8], ""type"": ""handwritten"", ""text"": """"}, {""bbox"": [32.39, 893.04, 1590.97, 1019.44], ""type"": ""handwritten"", ""text"": """"}, {""bbox"": [40.07, 1547.95, 1637.74, 1706.36], ""type"": ""handwritten"", ""text"": """"}, {""bbox"": [53.19, 1899.17, 1505.74, 2054.51], ""type"": ""handwritten"", ""text"": """"}, {""bbox"": [58.65, 1450.16, 1605.38, 1594.89], ""type"": ""handwritten"", ""text"": """"}]"
e69f5074-9919-5692-84c0-dece835711cf.jpg,"[{""bbox"": [244.28, 2194.65, 1987.34, 2300.39], ""type"": ""handwritten"", ""text"": """"}, {""bbox"": [466.4, 2859.27, 2594.56, 2996.16], ""type"": ""handwritten"", ""text"": """"}, {""bbox"": [609.3, 2998.35, 2513.31, 3146.43], ""type"": ""handwritten"", ""text"": """"}, {""bbox"": [645.14, 2591.76, 2193.31, 2712.77], ""type"": ""handwritten"", ""text"": """"}, {""bbox"": [257.57, 1932.13, 2117.34, 2041.55], ""type"": ""handwritten"", ""text"": """"}, {""bbox"": [269.17, 1808.06, 1283.13, 1924.12], ""type"": ""handwritten"", ""text"": """"}, {""bbox"": [645.6, 2453.19, 2499.6, 2574.68], ""type"": ""handwritten"", ""text"": """"}, {""bbox"": [607.69, 2046.61, 2440.58, 2168.12], ""type"": ""handwritten"", ""text"": """"}, {""bbox"": [646.08, 2735.41, 1753.4, 2866.18], ""type"": ""handwritten"", ""text"": """"}, {""bbox"": [235.44, 2348.12, 1323.03, 2427.66], ""type"": ""handwritten"", ""text"": """"}, {""bbox"": [0.0, 1.55, 717.16, 404.01], ""type"": ""image"", ""text"": """"}]"
e9fa0cd8-b978-4dd4-bd09-44743b29fb40.jpg,"[{""bbox"": [22.16, 9.19, 268.32, 96.31], ""type"": ""handwritten"", ""text"": """"}, {""bbox"": [6.81, 250.03, 1629.03, 448.79], ""type"": ""handwritten"", ""text"": """"}, {""bbox"": [13.17, 153.35, 1069.41, 296.14], ""type"": ""handwritten"", ""text"": """"}, {""bbox"": [19.85, 89.08, 636.9, 161.7], ""type"": ""handwritten"", ""text"": """"}, {""bbox"": [32.36, 473.12, 166.24, 534.96], ""type"": ""handwritten"", ""text"": """"}, {""bbox"": [27.8, 562.5, 476.17, 649.09], ""type"": ""handwritten"", ""text"": """"}, {""bbox"": [11.33, 243.61, 603.82, 354.73], ""type"": ""handwritten"", ""text"": """"}, {""bbox"": [7.89, 373.33, 1643.85, 583.22], ""type"": ""handwritten"", ""text"": """"}, {""bbox"": [14.58, 106.39, 1012.03, 228.39], ""type"": ""handwritten"", ""text"": """"}, {""bbox"": [9.64, 163.95, 1499.73, 365.79], ""type"": ""handwritten"", ""text"": """"}, {""bbox"": [1021.22, 540.8, 1203.24, 661.78], ""type"": ""annotation"", ""text"": """"}, {""bbox"": [18.49, 533.43, 1650.94, 675.14], ""type"": ""handwritten"", ""text"": """"}]"
eac9632e-5e52-5c5d-bdc2-89e51f84e7b9.jpg,"[{""bbox"": [547.23, 41.48, 2243.99, 203.45], ""type"": ""handwritten"", ""text"": """"}, {""bbox"": [19.56, 182.4, 2743.32, 361.51], ""type"": ""handwritten"", ""text"": """"}, {""bbox"": [46.05, 1963.41, 3046.29, 2220.78], ""type"": ""handwritten"", ""text"": """"}, {""bbox"": [0.35, 2176.89, 1684.13, 2432.23], ""type"": ""handwritten"", ""text"": """"}, {""bbox"": [2.64, 1199.25, 2890.62, 1401.63], ""type"": ""handwritten"", ""text"": """"}, {""bbox"": [7.74, 604.23, 2780.57, 787.68], ""type"": ""handwritten"", ""text"": """"}, {""bbox"": [2.75, 1044.58, 2915.44, 1254.02], ""type"": ""handwritten"", ""text"": """"}, {""bbox"": [13.45, 457.6, 2767.95, 640.6], ""type"": ""handwritten"", ""text"": """"}, {""bbox"": [4.24, 1342.29, 2990.63, 1568.03], ""type"": ""handwritten"", ""text"": """"}, {""bbox"": [7.44, 891.56, 2917.24, 1091.89], ""type"": ""handwritten"", ""text"": """"}, {""bbox"": [10.86, 744.78, 2751.32, 933.08], ""type"": ""handwritten"", ""text"": """"}, {""bbox"": [24.28, 1660.17, 2946.69, 1945.93], ""type"": ""handwritten"", ""text"": """"}, {""bbox"": [20.55, 325.4, 2674.5, 490.42], ""type"": ""handwritten"", ""text"": """"}, {""bbox"": [46.25, 1799.25, 3044.25, 2069.97], ""type"": ""handwritten"", ""text"": """"}, {""bbox"": [17.71, 1503.69, 3001.72, 1712.26], ""type"": ""handwritten"", ""text"": """"}, {""bbox"": [2.09, 0.1, 310.54, 54.25], ""type"": ""handwritten"", ""text"": """"}]"
eba13384-0d28-4bf2-8960-f17486a092d5.jpg,"[{""bbox"": [55.26, 486.42, 550.05, 524.95], ""type"": ""handwritten"", ""text"": """"}, {""bbox"": [80.39, 404.15, 473.11, 440.83], ""type"": ""handwritten"", ""text"": """"}, {""bbox"": [55.98, 516.7, 558.42, 555.16], ""type"": ""handwritten"", ""text"": """"}, {""bbox"": [52.48, 272.32, 549.37, 334.92], ""type"": ""handwritten"", ""text"": """"}, {""bbox"": [56.83, 548.49, 398.5, 581.73], ""type"": ""handwritten"", ""text"": """"}, {""bbox"": [54.33, 460.75, 494.52, 498.55], ""type"": ""handwritten"", ""text"": """"}, {""bbox"": [54.63, 341.06, 533.96, 390.98], ""type"": ""handwritten"", ""text"": """"}, {""bbox"": [57.14, 575.09, 454.63, 610.09], ""type"": ""handwritten"", ""text"": """"}, {""bbox"": [58.11, 605.95, 198.56, 646.59], ""type"": ""handwritten"", ""text"": """"}, {""bbox"": [54.3, 383.28, 215.16, 414.89], ""type"": ""handwritten"", ""text"": """"}, {""bbox"": [50.22, 312.51, 532.91, 361.66], ""type"": ""handwritten"", ""text"": """"}, {""bbox"": [49.52, 433.11, 508.93, 472.01], ""type"": ""handwritten"", ""text"": """"}, {""bbox"": [0.11, 719.76, 47.5, 745.27], ""type"": ""handwritten"", ""text"": """"}, {""bbox"": [0.1, 770.73, 42.8, 803.57], ""type"": ""handwritten"", ""text"": """"}, {""bbox"": [0.0, 695.1, 27.11, 717.34], ""type"": ""handwritten"", ""text"": """"}, {""bbox"": [0.52, 556.63, 36.94, 586.01], ""type"": ""handwritten"", ""text"": """"}, {""bbox"": [0.07, 664.76, 17.42, 685.0], ""type"": ""handwritten"", ""text"": """"}, {""bbox"": [0.0, 634.87, 574.48, 1012.69], ""type"": ""table"", ""text"": """"}, {""bbox"": [549.22, 829.17, 577.0, 857.11], ""type"": ""handwritten"", ""text"": """"}]"
ebcb201e-e897-53c7-b5f7-5024a33ed378.jpg,"[{""bbox"": [9.65, 714.82, 1906.72, 858.65], ""type"": ""handwritten"", ""text"": """"}, {""bbox"": [66.75, 452.14, 1932.81, 595.57], ""type"": ""handwritten"", ""text"": """"}, {""bbox"": [19.26, 865.9, 1714.71, 985.25], ""type"": ""handwritten"", ""text"": """"}, {""bbox"": [16.4, 190.08, 1823.26, 319.37], ""type"": ""handwritten"", ""text"": """"}, {""bbox"": [23.99, 63.69, 1853.15, 180.45], ""type"": ""handwritten"", ""text"": """"}, {""bbox"": [33.05, 995.59, 1318.7, 1120.81], ""type"": ""handwritten"", ""text"": """"}, {""bbox"": [9.43, 2025.18, 1778.12, 2169.11], ""type"": ""handwritten"", ""text"": """"}, {""bbox"": [42.74, 1783.96, 1225.92, 1902.09], ""type"": ""handwritten"", ""text"": """"}, {""bbox"": [45.7, 2292.02, 1629.22, 2413.49], ""type"": ""handwritten"", ""text"": """"}, {""bbox"": [40.78, 1907.23, 1143.74, 2012.63], ""type"": ""handwritten"", ""text"": """"}, {""bbox"": [109.93, 2177.24, 701.14, 2273.29], ""type"": ""handwritten"", ""text"": """"}, {""bbox"": [32.0, 2416.15, 1741.04, 2543.49], ""type"": ""handwritten"", ""text"": """"}, {""bbox"": [18.48, 329.7, 665.42, 408.85], ""type"": ""handwritten"", ""text"": """"}, {""bbox"": [8.43, 599.71, 622.64, 725.69], ""type"": ""handwritten"", ""text"": """"}, {""bbox"": [62.02, 1521.67, 822.37, 1632.4], ""type"": ""handwritten"", ""text"": """"}, {""bbox"": [27.0, 1653.99, 443.45, 1729.28], ""type"": ""handwritten"", ""text"": """"}, {""bbox"": [29.04, 1129.57, 709.8, 1242.75], ""type"": ""handwritten"", ""text"": """"}, {""bbox"": [26.27, 1385.61, 891.44, 1507.66], ""type"": ""handwritten"", ""text"": """"}, {""bbox"": [27.27, 1258.17, 671.3, 1370.24], ""type"": ""handwritten"", ""text"": """"}, {""bbox"": [107.53, 2543.32, 733.05, 2654.71], ""type"": ""handwritten"", ""text"": """"}, {""bbox"": [63.87, 0.17, 1831.86, 46.09], ""type"": ""handwritten"", ""text"": """"}, {""bbox"": [0.0, 2692.44, 1834.38, 2779.0], ""type"": ""handwritten"", ""text"": """"}]"
edd41178-78ed-5e89-bf38-d152db0b3e59.jpg,"[{""bbox"": [226.31, 433.13, 2531.1, 621.4], ""type"": ""handwritten"", ""text"": """"}, {""bbox"": [247.42, 1279.88, 2530.56, 1469.13], ""type"": ""handwritten"", ""text"": """"}, {""bbox"": [336.5, 607.8, 2570.2, 772.14], ""type"": ""handwritten"", ""text"": """"}, {""bbox"": [239.74, 947.85, 2424.57, 1113.87], ""type"": ""handwritten"", ""text"": """"}, {""bbox"": [247.2, 1106.94, 2513.64, 1281.06], ""type"": ""handwritten"", ""text"": """"}, {""bbox"": [220.3, 261.23, 2545.04, 437.72], ""type"": ""handwritten"", ""text"": """"}, {""bbox"": [261.68, 2148.58, 2482.1, 2327.75], ""type"": ""handwritten"", ""text"": """"}, {""bbox"": [253.89, 775.9, 2522.79, 946.86], ""type"": ""handwritten"", ""text"": """"}, {""bbox"": [267.22, 2669.9, 2700.18, 2872.12], ""type"": ""handwritten"", ""text"": """"}, {""bbox"": [248.29, 1965.91, 2566.08, 2167.5], ""type"": ""handwritten"", ""text"": """"}, {""bbox"": [377.56, 1804.68, 2521.8, 1968.6], ""type"": ""handwritten"", ""text"": """"}, {""bbox"": [264.84, 2496.83, 2531.64, 2681.2], ""type"": ""handwritten"", ""text"": """"}, {""bbox"": [248.26, 1469.51, 2355.21, 1631.36], ""type"": ""handwritten"", ""text"": """"}, {""bbox"": [256.5, 2868.11, 1967.82, 3073.73], ""type"": ""handwritten"", ""text"": """"}, {""bbox"": [254.47, 1646.49, 1314.25, 1802.14], ""type"": ""handwritten"", ""text"": """"}, {""bbox"": [281.13, 2314.89, 2439.63, 2506.72], ""type"": ""handwritten"", ""text"": """"}, {""bbox"": [0.0, 2565.0, 63.23, 2699.08], ""type"": ""handwritten"", ""text"": """"}]"
eed1b246-adc9-5e9a-9ff8-f4d5122c5552.jpg,"[{""bbox"": [336.28, 565.94, 2902.01, 753.35], ""type"": ""handwritten"", ""text"": """"}, {""bbox"": [137.01, 3293.78, 3053.87, 3529.09], ""type"": ""handwritten"", ""text"": """"}, {""bbox"": [212.97, 729.22, 2915.46, 895.31], ""type"": ""handwritten"", ""text"": """"}, {""bbox"": [195.65, 2576.46, 3042.32, 2796.45], ""type"": ""handwritten"", ""text"": """"}, {""bbox"": [168.34, 1936.58, 3003.63, 2125.49], ""type"": ""handwritten"", ""text"": """"}, {""bbox"": [95.58, 2768.93, 3066.08, 2972.07], ""type"": ""handwritten"", ""text"": """"}, {""bbox"": [190.73, 1316.54, 2812.65, 1492.85], ""type"": ""handwritten"", ""text"": """"}, {""bbox"": [197.15, 1032.78, 2905.54, 1198.12], ""type"": ""handwritten"", ""text"": """"}, {""bbox"": [148.31, 1777.75, 2800.5, 1957.74], ""type"": ""handwritten"", ""text"": """"}, {""bbox"": [94.84, 2261.59, 2967.77, 2446.91], ""type"": ""handwritten"", ""text"": """"}, {""bbox"": [57.42, 3107.34, 3038.88, 3321.89], ""type"": ""handwritten"", ""text"": """"}, {""bbox"": [191.3, 874.21, 2863.51, 1055.32], ""type"": ""handwritten"", ""text"": """"}, {""bbox"": [167.52, 1633.16, 2921.93, 1803.19], ""type"": ""handwritten"", ""text"": """"}, {""bbox"": [930.55, 301.08, 1965.4, 463.87], ""type"": ""handwritten"", ""text"": """"}, {""bbox"": [973.01, 149.87, 1732.98, 316.81], ""type"": ""handwritten"", ""text"": """"}, {""bbox"": [59.44, 3498.59, 1212.49, 3713.53], ""type"": ""handwritten"", ""text"": """"}, {""bbox"": [190.08, 1468.08, 2942.87, 1649.42], ""type"": ""handwritten"", ""text"": """"}, {""bbox"": [1338.59, 444.38, 1874.08, 599.33], ""type"": ""handwritten"", ""text"": """"}, {""bbox"": [130.25, 2421.17, 2470.2, 2619.8], ""type"": ""handwritten"", ""text"": """"}, {""bbox"": [192.12, 1175.52, 2949.61, 1344.6], ""type"": ""handwritten"", ""text"": """"}, {""bbox"": [97.37, 2948.26, 3076.99, 3138.6], ""type"": ""handwritten"", ""text"": """"}, {""bbox"": [119.2, 2102.79, 2990.77, 2286.54], ""type"": ""handwritten"", ""text"": """"}, {""bbox"": [53.65, 3491.38, 3065.94, 3720.06], ""type"": ""handwritten"", ""text"": """"}, {""bbox"": [2910.33, 1908.58, 2977.41, 1966.96], ""type"": ""handwritten"", ""text"": """"}]"
ef80bd7e-eca7-5bab-9d19-d417a099de80.jpg,"[{""bbox"": [448.87, 3160.63, 2752.92, 3337.48], ""type"": ""handwritten"", ""text"": """"}, {""bbox"": [493.81, 2674.35, 2175.81, 2822.58], ""type"": ""handwritten"", ""text"": """"}, {""bbox"": [459.3, 2016.5, 2468.36, 2174.18], ""type"": ""handwritten"", ""text"": """"}, {""bbox"": [502.34, 2343.74, 1132.07, 2505.94], ""type"": ""handwritten"", ""text"": """"}, {""bbox"": [481.28, 2996.62, 2502.86, 3163.57], ""type"": ""handwritten"", ""text"": """"}, {""bbox"": [436.9, 2824.46, 2561.56, 2996.32], ""type"": ""handwritten"", ""text"": """"}, {""bbox"": [433.63, 3507.4, 2009.72, 3675.16], ""type"": ""handwritten"", ""text"": """"}, {""bbox"": [446.58, 3331.21, 2526.18, 3517.73], ""type"": ""handwritten"", ""text"": """"}, {""bbox"": [489.71, 2500.14, 1294.97, 2668.74], ""type"": ""handwritten"", ""text"": """"}, {""bbox"": [480.54, 1857.59, 2579.16, 2010.34], ""type"": ""handwritten"", ""text"": """"}, {""bbox"": [593.86, 746.22, 2549.68, 921.51], ""type"": ""handwritten"", ""text"": """"}, {""bbox"": [579.76, 614.34, 1980.63, 777.96], ""type"": ""handwritten"", ""text"": """"}, {""bbox"": [579.8, 2181.49, 1421.02, 2325.32], ""type"": ""handwritten"", ""text"": """"}, {""bbox"": [549.98, 1050.15, 2553.97, 1228.34], ""type"": ""handwritten"", ""text"": """"}, {""bbox"": [473.08, 1584.98, 866.43, 1710.73], ""type"": ""handwritten"", ""text"": """"}, {""bbox"": [450.91, 1356.03, 2589.0, 1529.32], ""type"": ""handwritten"", ""text"": """"}, {""bbox"": [488.88, 1197.31, 2641.88, 1414.66], ""type"": ""handwritten"", ""text"": """"}, {""bbox"": [923.68, 1711.5, 1499.61, 1857.58], ""type"": ""handwritten"", ""text"": """"}, {""bbox"": [788.38, 472.78, 2126.62, 641.24], ""type"": ""handwritten"", ""text"": """"}, {""bbox"": [0.39, 1283.66, 399.7, 1427.5], ""type"": ""handwritten"", ""text"": """"}, {""bbox"": [0.07, 1133.06, 327.81, 1280.03], ""type"": ""handwritten"", ""text"": """"}, {""bbox"": [0.2, 1430.61, 395.1, 1579.46], ""type"": ""handwritten"", ""text"": """"}, {""bbox"": [0.45, 1906.61, 380.01, 2044.51], ""type"": ""handwritten"", ""text"": """"}, {""bbox"": [0.2, 820.82, 377.05, 955.27], ""type"": ""handwritten"", ""text"": """"}, {""bbox"": [0.23, 2069.26, 323.94, 2191.02], ""type"": ""handwritten"", ""text"": """"}, {""bbox"": [0.09, 1585.05, 260.67, 1731.66], ""type"": ""handwritten"", ""text"": """"}, {""bbox"": [603.92, 920.3, 2038.16, 1082.59], ""type"": ""handwritten"", ""text"": """"}, {""bbox"": [0.16, 2232.69, 304.16, 2370.54], ""type"": ""handwritten"", ""text"": """"}, {""bbox"": [0.33, 993.09, 221.81, 1112.72], ""type"": ""handwritten"", ""text"": """"}, {""bbox"": [919.06, 1712.99, 1107.81, 1866.94], ""type"": ""annotation"", ""text"": """"}, {""bbox"": [1364.71, 470.7, 1851.55, 646.27], ""type"": ""annotation"", ""text"": """"}]"
f0070b31-c35d-56ca-8176-27b8d3c7247c.jpg,"[{""bbox"": [251.05, 2553.18, 3402.55, 2864.62], ""type"": ""handwritten"", ""text"": """"}, {""bbox"": [243.18, 2344.38, 3068.94, 2587.37], ""type"": ""handwritten"", ""text"": """"}, {""bbox"": [250.38, 2144.33, 3094.58, 2364.51], ""type"": ""handwritten"", ""text"": """"}, {""bbox"": [510.91, 1895.77, 3462.35, 2174.36], ""type"": ""handwritten"", ""text"": """"}, {""bbox"": [216.79, 3011.15, 3222.35, 3329.31], ""type"": ""handwritten"", ""text"": """"}, {""bbox"": [253.61, 2767.29, 3044.88, 3097.46], ""type"": ""handwritten"", ""text"": """"}, {""bbox"": [175.81, 3461.16, 3347.85, 3810.83], ""type"": ""handwritten"", ""text"": """"}, {""bbox"": [198.3, 3239.95, 3248.35, 3564.7], ""type"": ""handwritten"", ""text"": """"}, {""bbox"": [300.55, 1707.51, 2539.48, 1932.29], ""type"": ""handwritten"", ""text"": """"}, {""bbox"": [322.81, 69.56, 2927.34, 324.92], ""type"": ""handwritten"", ""text"": """"}, {""bbox"": [274.65, 1027.46, 3291.11, 1344.6], ""type"": ""handwritten"", ""text"": """"}, {""bbox"": [276.51, 1484.97, 2606.85, 1719.92], ""type"": ""handwritten"", ""text"": """"}, {""bbox"": [340.93, 252.74, 3198.84, 578.39], ""type"": ""handwritten"", ""text"": """"}, {""bbox"": [283.24, 1274.66, 3132.08, 1526.75], ""type"": ""handwritten"", ""text"": """"}, {""bbox"": [137.64, 3917.63, 3441.29, 4371.33], ""type"": ""handwritten"", ""text"": """"}, {""bbox"": [143.47, 4336.63, 1057.83, 4602.19], ""type"": ""handwritten"", ""text"": """"}, {""bbox"": [285.61, 836.74, 3253.09, 1121.09], ""type"": ""handwritten"", ""text"": """"}, {""bbox"": [149.19, 3703.29, 3250.95, 4096.05], ""type"": ""handwritten"", ""text"": """"}, {""bbox"": [290.7, 584.05, 2979.73, 954.15], ""type"": ""handwritten"", ""text"": """"}, {""bbox"": [333.88, 433.36, 3150.36, 812.32], ""type"": ""handwritten"", ""text"": """"}, {""bbox"": [1.05, 833.51, 186.52, 982.09], ""type"": ""handwritten"", ""text"": """"}, {""bbox"": [149.92, 4420.9, 3400.22, 4624.0], ""type"": ""handwritten"", ""text"": """"}, {""bbox"": [1.53, 2191.5, 174.85, 2346.25], ""type"": ""handwritten"", ""text"": """"}, {""bbox"": [0.0, 1449.91, 97.39, 1598.26], ""type"": ""handwritten"", ""text"": """"}, {""bbox"": [0.0, 370.3, 124.43, 555.17], ""type"": ""handwritten"", ""text"": """"}]"
f14bd99f-f4c6-4104-a8cb-7c7cc4885c9c.jpg,"[{""bbox"": [47.19, 650.07, 501.63, 685.81], ""type"": ""handwritten"", ""text"": """"}, {""bbox"": [40.18, 786.01, 501.81, 826.68], ""type"": ""handwritten"", ""text"": """"}, {""bbox"": [39.74, 482.89, 456.13, 518.1], ""type"": ""handwritten"", ""text"": """"}, {""bbox"": [54.44, 306.41, 508.18, 343.92], ""type"": ""handwritten"", ""text"": """"}, {""bbox"": [57.42, 375.06, 515.67, 415.91], ""type"": ""handwritten"", ""text"": """"}, {""bbox"": [55.36, 343.81, 456.36, 381.24], ""type"": ""handwritten"", ""text"": """"}, {""bbox"": [51.64, 447.37, 521.58, 485.74], ""type"": ""handwritten"", ""text"": """"}, {""bbox"": [48.99, 411.29, 513.33, 453.1], ""type"": ""handwritten"", ""text"": """"}, {""bbox"": [109.77, 547.41, 513.31, 585.98], ""type"": ""handwritten"", ""text"": """"}, {""bbox"": [94.81, 236.68, 517.39, 277.77], ""type"": ""handwritten"", ""text"": """"}, {""bbox"": [49.0, 583.47, 486.83, 618.34], ""type"": ""handwritten"", ""text"": """"}, {""bbox"": [150.3, 203.19, 486.5, 237.11], ""type"": ""handwritten"", ""text"": """"}, {""bbox"": [55.7, 719.54, 508.24, 755.02], ""type"": ""handwritten"", ""text"": """"}, {""bbox"": [63.14, 749.25, 507.78, 789.79], ""type"": ""handwritten"", ""text"": """"}, {""bbox"": [69.94, 274.63, 463.25, 311.57], ""type"": ""handwritten"", ""text"": """"}, {""bbox"": [54.21, 682.46, 471.84, 721.73], ""type"": ""handwritten"", ""text"": """"}, {""bbox"": [47.93, 616.95, 505.6, 652.19], ""type"": ""handwritten"", ""text"": """"}, {""bbox"": [51.94, 514.38, 173.65, 548.79], ""type"": ""handwritten"", ""text"": """"}, {""bbox"": [519.91, 376.58, 542.32, 416.52], ""type"": ""annotation"", ""text"": """"}]"
f1df90d1-a5c8-4ef4-8a37-568c1484bd3f.jpg,"[{""bbox"": [125.65, 166.03, 411.58, 211.25], ""type"": ""handwritten"", ""text"": """"}, {""bbox"": [90.35, 39.95, 331.21, 82.45], ""type"": ""formula"", ""text"": """"}, {""bbox"": [92.88, 1366.41, 632.61, 1437.77], ""type"": ""handwritten"", ""text"": """"}, {""bbox"": [154.34, 840.97, 534.46, 901.05], ""type"": ""formula"", ""text"": """"}, {""bbox"": [143.25, 1279.07, 755.77, 1365.64], ""type"": ""formula"", ""text"": """"}, {""bbox"": [126.67, 304.42, 356.24, 357.37], ""type"": ""formula"", ""text"": """"}, {""bbox"": [162.39, 772.03, 446.67, 827.22], ""type"": ""formula"", ""text"": """"}, {""bbox"": [122.43, 93.34, 535.11, 141.75], ""type"": ""formula"", ""text"": """"}, {""bbox"": [124.39, 370.37, 550.52, 437.03], ""type"": ""formula"", ""text"": """"}, {""bbox"": [141.32, 556.35, 660.2, 641.69], ""type"": ""formula"", ""text"": """"}, {""bbox"": [97.76, 1003.17, 751.19, 1097.24], ""type"": ""formula"", ""text"": """"}, {""bbox"": [157.34, 1088.51, 614.3, 1162.4], ""type"": ""handwritten"", ""text"": """"}, {""bbox"": [133.8, 515.34, 263.9, 560.12], ""type"": ""formula"", ""text"": """"}, {""bbox"": [161.13, 712.89, 287.94, 753.1], ""type"": ""formula"", ""text"": """"}, {""bbox"": [162.33, 1575.45, 692.18, 1649.47], ""type"": ""formula"", ""text"": """"}, {""bbox"": [174.98, 1448.38, 426.37, 1508.74], ""type"": ""formula"", ""text"": """"}, {""bbox"": [160.92, 1169.57, 295.98, 1218.62], ""type"": ""formula"", ""text"": """"}, {""bbox"": [158.48, 905.14, 456.82, 962.95], ""type"": ""formula"", ""text"": """"}, {""bbox"": [118.17, 1235.83, 579.71, 1301.16], ""type"": ""handwritten"", ""text"": """"}, {""bbox"": [159.54, 1513.2, 547.17, 1572.93], ""type"": ""handwritten"", ""text"": """"}, {""bbox"": [163.19, 974.65, 351.36, 1015.62], ""type"": ""formula"", ""text"": """"}, {""bbox"": [127.32, 225.61, 302.75, 270.81], ""type"": ""formula"", ""text"": """"}, {""bbox"": [659.49, 1017.8, 928.12, 1145.19], ""type"": ""annotation"", ""text"": """"}, {""bbox"": [223.49, 426.79, 300.56, 474.5], ""type"": ""annotation"", ""text"": """"}, {""bbox"": [1017.07, 1158.63, 1114.28, 1250.68], ""type"": ""annotation"", ""text"": """"}, {""bbox"": [858.26, 265.88, 1019.59, 410.42], ""type"": ""annotation"", ""text"": """"}, {""bbox"": [385.96, 899.06, 482.93, 966.05], ""type"": ""annotation"", ""text"": """"}, {""bbox"": [219.6, 635.49, 292.25, 676.41], ""type"": ""annotation"", ""text"": """"}, {""bbox"": [128.01, 452.29, 362.52, 501.14], ""type"": ""handwritten"", ""text"": """"}, {""bbox"": [160.31, 657.98, 346.98, 702.42], ""type"": ""formula"", ""text"": """"}, {""bbox"": [796.89, 1349.59, 1127.6, 1585.62], ""type"": ""annotation"", ""text"": """"}, {""bbox"": [793.92, 1335.61, 1488.67, 1580.44], ""type"": ""annotation"", ""text"": """"}, {""bbox"": [1196.68, 1336.44, 1479.03, 1478.35], ""type"": ""annotation"", ""text"": """"}]"
f226ebaf-5816-4af8-9cc8-0dc76b195291.jpg,"[{""bbox"": [62.94, 302.1, 1621.9, 422.01], ""type"": ""handwritten"", ""text"": """"}, {""bbox"": [218.08, 135.09, 1343.01, 254.09], ""type"": ""handwritten"", ""text"": """"}, {""bbox"": [53.58, 559.37, 1614.95, 712.91], ""type"": ""handwritten"", ""text"": """"}, {""bbox"": [51.87, 924.84, 1461.4, 1008.41], ""type"": ""handwritten"", ""text"": """"}, {""bbox"": [67.36, 216.77, 1515.57, 328.21], ""type"": ""handwritten"", ""text"": """"}, {""bbox"": [37.78, 1977.81, 1522.64, 2084.17], ""type"": ""handwritten"", ""text"": """"}, {""bbox"": [41.62, 1057.81, 1441.7, 1151.39], ""type"": ""handwritten"", ""text"": """"}, {""bbox"": [49.04, 993.33, 1556.93, 1076.52], ""type"": ""handwritten"", ""text"": """"}, {""bbox"": [42.69, 1865.8, 1587.75, 2019.78], ""type"": ""handwritten"", ""text"": """"}, {""bbox"": [53.43, 855.99, 1438.74, 937.96], ""type"": ""handwritten"", ""text"": """"}, {""bbox"": [33.27, 1186.54, 1555.28, 1314.94], ""type"": ""handwritten"", ""text"": """"}, {""bbox"": [42.16, 1317.04, 1489.74, 1455.34], ""type"": ""handwritten"", ""text"": """"}, {""bbox"": [30.56, 1120.74, 1522.2, 1252.18], ""type"": ""handwritten"", ""text"": """"}, {""bbox"": [43.98, 1470.59, 1629.89, 1649.05], ""type"": ""handwritten"", ""text"": """"}, {""bbox"": [36.59, 2119.24, 774.69, 2216.62], ""type"": ""handwritten"", ""text"": """"}, {""bbox"": [60.49, 391.25, 1540.98, 522.76], ""type"": ""handwritten"", ""text"": """"}, {""bbox"": [53.51, 783.72, 1621.97, 877.06], ""type"": ""handwritten"", ""text"": """"}, {""bbox"": [57.6, 480.52, 1532.6, 611.26], ""type"": ""handwritten"", ""text"": """"}, {""bbox"": [55.12, 697.57, 1461.85, 833.96], ""type"": ""handwritten"", ""text"": """"}, {""bbox"": [43.18, 1387.21, 1607.21, 1568.04], ""type"": ""handwritten"", ""text"": """"}, {""bbox"": [41.64, 1547.02, 1530.41, 1713.52], ""type"": ""handwritten"", ""text"": """"}, {""bbox"": [46.04, 1614.21, 1498.12, 1750.3], ""type"": ""handwritten"", ""text"": """"}, {""bbox"": [34.16, 2051.06, 1513.31, 2178.13], ""type"": ""handwritten"", ""text"": """"}, {""bbox"": [43.1, 1682.32, 1515.38, 1814.85], ""type"": ""handwritten"", ""text"": """"}, {""bbox"": [36.77, 1254.82, 1441.22, 1400.03], ""type"": ""handwritten"", ""text"": """"}, {""bbox"": [219.44, 36.34, 415.92, 111.26], ""type"": ""handwritten"", ""text"": """"}, {""bbox"": [53.44, 618.02, 1519.08, 770.18], ""type"": ""handwritten"", ""text"": """"}, {""bbox"": [47.08, 1744.35, 1566.5, 1900.83], ""type"": ""handwritten"", ""text"": """"}, {""bbox"": [45.55, 1799.68, 1561.34, 1953.15], ""type"": ""handwritten"", ""text"": """"}, {""bbox"": [63.53, 479.27, 290.99, 543.52], ""type"": ""handwritten"", ""text"": """"}]"
f31dbb7b-1386-560d-9838-c27b7f787456.jpg,"[{""bbox"": [94.24, 315.36, 792.3, 385.56], ""type"": ""handwritten"", ""text"": """"}, {""bbox"": [73.61, 849.2, 772.32, 921.31], ""type"": ""handwritten"", ""text"": """"}, {""bbox"": [73.21, 952.32, 724.09, 1020.44], ""type"": ""handwritten"", ""text"": """"}, {""bbox"": [63.55, 1007.82, 829.23, 1087.41], ""type"": ""handwritten"", ""text"": """"}, {""bbox"": [86.11, 573.74, 820.99, 651.65], ""type"": ""handwritten"", ""text"": """"}, {""bbox"": [71.27, 796.9, 708.36, 861.21], ""type"": ""handwritten"", ""text"": """"}, {""bbox"": [88.24, 478.15, 830.82, 544.81], ""type"": ""handwritten"", ""text"": """"}, {""bbox"": [90.42, 264.5, 841.59, 328.84], ""type"": ""handwritten"", ""text"": """"}, {""bbox"": [91.91, 209.22, 762.56, 276.28], ""type"": ""handwritten"", ""text"": """"}, {""bbox"": [99.98, 144.09, 619.31, 223.26], ""type"": ""handwritten"", ""text"": """"}, {""bbox"": [84.25, 528.11, 338.45, 585.97], ""type"": ""handwritten"", ""text"": """"}, {""bbox"": [72.98, 739.95, 827.05, 809.32], ""type"": ""handwritten"", ""text"": """"}, {""bbox"": [67.89, 1112.6, 737.28, 1192.83], ""type"": ""handwritten"", ""text"": """"}, {""bbox"": [77.22, 634.39, 816.49, 699.2], ""type"": ""handwritten"", ""text"": """"}, {""bbox"": [86.37, 425.15, 828.77, 492.31], ""type"": ""handwritten"", ""text"": """"}, {""bbox"": [91.35, 372.21, 734.14, 435.7], ""type"": ""handwritten"", ""text"": """"}, {""bbox"": [61.35, 1172.93, 468.07, 1237.81], ""type"": ""handwritten"", ""text"": """"}, {""bbox"": [74.71, 688.66, 822.86, 757.57], ""type"": ""handwritten"", ""text"": """"}, {""bbox"": [74.84, 904.26, 251.66, 962.23], ""type"": ""handwritten"", ""text"": """"}, {""bbox"": [61.63, 1061.95, 203.91, 1121.85], ""type"": ""handwritten"", ""text"": """"}, {""bbox"": [0.0, 208.93, 70.42, 273.35], ""type"": ""handwritten"", ""text"": """"}, {""bbox"": [0.19, 884.72, 47.31, 923.37], ""type"": ""handwritten"", ""text"": """"}, {""bbox"": [0.08, 365.92, 63.51, 412.55], ""type"": ""handwritten"", ""text"": """"}, {""bbox"": [1.98, 991.2, 44.67, 1029.42], ""type"": ""handwritten"", ""text"": """"}, {""bbox"": [80.24, 1240.64, 895.68, 1600.0], ""type"": ""image"", ""text"": """"}, {""bbox"": [0.0, 312.72, 41.35, 357.45], ""type"": ""handwritten"", ""text"": """"}, {""bbox"": [84.91, 368.48, 752.12, 481.39], ""type"": ""handwritten"", ""text"": """"}]"
f42fd8d9-a3a6-477b-8c86-5046ebcf9504.jpg,"[{""bbox"": [2.88, 456.17, 1702.18, 698.55], ""type"": ""table"", ""text"": """"}, {""bbox"": [52.74, 2005.99, 993.17, 2157.89], ""type"": ""formula"", ""text"": """"}, {""bbox"": [65.81, 1796.78, 1914.78, 1898.35], ""type"": ""handwritten"", ""text"": """"}, {""bbox"": [63.99, 1695.48, 1888.13, 1791.18], ""type"": ""handwritten"", ""text"": """"}, {""bbox"": [42.49, 2149.79, 1935.05, 2266.31], ""type"": ""handwritten"", ""text"": """"}, {""bbox"": [23.54, 915.42, 435.27, 990.28], ""type"": ""formula"", ""text"": """"}, {""bbox"": [37.29, 1583.25, 485.72, 1684.74], ""type"": ""handwritten"", ""text"": """"}, {""bbox"": [52.94, 1895.32, 547.92, 2001.02], ""type"": ""formula"", ""text"": """"}, {""bbox"": [68.06, 2476.85, 315.41, 2533.81], ""type"": ""formula"", ""text"": """"}, {""bbox"": [68.25, 2422.51, 293.36, 2467.92], ""type"": ""formula"", ""text"": """"}, {""bbox"": [45.93, 2314.49, 539.27, 2409.05], ""type"": ""handwritten"", ""text"": """"}, {""bbox"": [31.61, 741.15, 464.87, 812.97], ""type"": ""formula"", ""text"": """"}, {""bbox"": [232.49, 964.46, 1926.71, 1081.66], ""type"": ""handwritten"", ""text"": """"}, {""bbox"": [23.59, 187.78, 787.13, 323.51], ""type"": ""formula"", ""text"": """"}, {""bbox"": [28.47, 822.3, 443.93, 890.72], ""type"": ""formula"", ""text"": """"}, {""bbox"": [52.14, 2240.91, 859.03, 2330.42], ""type"": ""handwritten"", ""text"": """"}, {""bbox"": [31.51, 1248.24, 1550.57, 1364.84], ""type"": ""formula"", ""text"": """"}, {""bbox"": [22.22, 1071.07, 1168.21, 1186.3], ""type"": ""handwritten"", ""text"": """"}, {""bbox"": [28.83, 1329.11, 1932.62, 1485.8], ""type"": ""handwritten"", ""text"": """"}, {""bbox"": [71.03, 2552.74, 456.98, 2618.89], ""type"": ""formula"", ""text"": """"}, {""bbox"": [8.61, 341.78, 434.72, 455.75], ""type"": ""handwritten"", ""text"": """"}, {""bbox"": [63.2, 2680.89, 198.71, 2739.74], ""type"": ""formula"", ""text"": """"}, {""bbox"": [75.77, 1455.03, 876.67, 1561.41], ""type"": ""handwritten"", ""text"": """"}, {""bbox"": [9.59, 22.74, 1463.07, 177.16], ""type"": ""formula"", ""text"": """"}, {""bbox"": [18.27, 994.7, 574.92, 1090.12], ""type"": ""handwritten"", ""text"": """"}, {""bbox"": [35.87, 1195.87, 333.73, 1273.63], ""type"": ""handwritten"", ""text"": """"}, {""bbox"": [68.81, 2623.26, 387.38, 2676.65], ""type"": ""formula"", ""text"": """"}, {""bbox"": [26.31, 1083.96, 610.96, 1196.16], ""type"": ""handwritten"", ""text"": """"}, {""bbox"": [652.89, 1070.84, 1160.73, 1161.52], ""type"": ""handwritten"", ""text"": """"}, {""bbox"": [49.38, 2155.61, 745.57, 2257.37], ""type"": ""handwritten"", ""text"": """"}]"
f4d6f199-7aee-5419-9a23-131957acc3a6.jpg,"[{""bbox"": [173.18, 369.92, 1649.45, 478.08], ""type"": ""handwritten"", ""text"": """"}, {""bbox"": [495.22, 149.27, 1036.42, 253.98], ""type"": ""handwritten"", ""text"": """"}, {""bbox"": [118.34, 483.18, 1668.39, 589.65], ""type"": ""handwritten"", ""text"": """"}, {""bbox"": [190.71, 1770.41, 1026.51, 1923.15], ""type"": ""formula"", ""text"": """"}, {""bbox"": [418.32, 259.93, 1522.75, 379.49], ""type"": ""handwritten"", ""text"": """"}, {""bbox"": [239.64, 698.44, 1653.99, 802.05], ""type"": ""handwritten"", ""text"": """"}, {""bbox"": [150.52, 1043.48, 1085.33, 1123.21], ""type"": ""handwritten"", ""text"": """"}, {""bbox"": [534.24, 48.19, 986.83, 129.34], ""type"": ""handwritten"", ""text"": """"}, {""bbox"": [156.48, 927.85, 1176.79, 1024.18], ""type"": ""handwritten"", ""text"": """"}, {""bbox"": [132.85, 582.77, 1064.21, 688.35], ""type"": ""handwritten"", ""text"": """"}, {""bbox"": [119.23, 2026.11, 475.39, 2119.82], ""type"": ""formula"", ""text"": """"}, {""bbox"": [110.88, 1392.11, 776.66, 1484.01], ""type"": ""formula"", ""text"": """"}, {""bbox"": [670.04, 1283.41, 919.57, 1367.91], ""type"": ""handwritten"", ""text"": """"}, {""bbox"": [206.54, 1644.41, 839.53, 1728.15], ""type"": ""formula"", ""text"": """"}, {""bbox"": [144.26, 1143.5, 1015.06, 1254.49], ""type"": ""handwritten"", ""text"": """"}, {""bbox"": [180.74, 2117.93, 1457.11, 2257.4], ""type"": ""handwritten"", ""text"": """"}, {""bbox"": [123.72, 1518.87, 877.57, 1606.1], ""type"": ""handwritten"", ""text"": """"}, {""bbox"": [204.66, 806.23, 633.89, 901.54], ""type"": ""formula"", ""text"": """"}]"
f6861ae8-6d76-4447-9d5a-8e44aba358f1.jpg,"[{""bbox"": [34.93, 92.99, 566.18, 137.91], ""type"": ""handwritten"", ""text"": """"}, {""bbox"": [36.42, 201.25, 532.98, 238.68], ""type"": ""handwritten"", ""text"": """"}, {""bbox"": [47.79, 458.61, 562.24, 489.46], ""type"": ""handwritten"", ""text"": """"}, {""bbox"": [32.17, 165.16, 562.91, 206.36], ""type"": ""handwritten"", ""text"": """"}, {""bbox"": [37.76, 233.9, 537.23, 273.97], ""type"": ""handwritten"", ""text"": """"}, {""bbox"": [33.04, 133.23, 549.95, 171.95], ""type"": ""handwritten"", ""text"": """"}, {""bbox"": [48.87, 428.97, 553.34, 460.57], ""type"": ""handwritten"", ""text"": """"}, {""bbox"": [54.62, 487.04, 464.21, 519.72], ""type"": ""handwritten"", ""text"": """"}, {""bbox"": [43.09, 270.36, 571.15, 305.5], ""type"": ""handwritten"", ""text"": """"}, {""bbox"": [74.18, 336.73, 575.37, 371.85], ""type"": ""handwritten"", ""text"": """"}, {""bbox"": [43.36, 370.53, 563.51, 403.35], ""type"": ""handwritten"", ""text"": """"}, {""bbox"": [41.5, 384.7, 564.0, 412.58], ""type"": ""handwritten"", ""text"": """"}, {""bbox"": [41.11, 304.82, 542.49, 339.51], ""type"": ""handwritten"", ""text"": """"}, {""bbox"": [83.87, 557.39, 112.54, 570.05], ""type"": ""annotation"", ""text"": """"}, {""bbox"": [46.33, 400.41, 507.0, 431.29], ""type"": ""handwritten"", ""text"": """"}, {""bbox"": [84.03, 0.09, 547.65, 14.1], ""type"": ""handwritten"", ""text"": """"}]"
f757d160-e61a-4d01-b13b-efa11f1df4de.jpg,"[{""bbox"": [142.43, 1171.81, 2929.93, 1367.08], ""type"": ""handwritten"", ""text"": """"}, {""bbox"": [153.15, 2130.37, 2792.01, 2332.3], ""type"": ""handwritten"", ""text"": """"}, {""bbox"": [159.62, 1755.63, 2920.85, 1964.11], ""type"": ""handwritten"", ""text"": """"}, {""bbox"": [145.75, 767.7, 2692.55, 960.97], ""type"": ""handwritten"", ""text"": """"}, {""bbox"": [265.22, 1549.29, 2788.3, 1740.27], ""type"": ""handwritten"", ""text"": """"}, {""bbox"": [144.55, 2323.77, 2792.8, 2528.76], ""type"": ""handwritten"", ""text"": """"}, {""bbox"": [136.02, 2504.73, 2766.05, 2737.49], ""type"": ""handwritten"", ""text"": """"}, {""bbox"": [145.84, 1948.15, 2861.11, 2129.66], ""type"": ""handwritten"", ""text"": """"}, {""bbox"": [154.05, 171.32, 2917.6, 389.27], ""type"": ""handwritten"", ""text"": """"}, {""bbox"": [146.24, 590.85, 2895.3, 790.26], ""type"": ""handwritten"", ""text"": """"}, {""bbox"": [339.86, 976.67, 2889.96, 1194.0], ""type"": ""handwritten"", ""text"": """"}, {""bbox"": [493.39, 2811.88, 2987.16, 3047.98], ""type"": ""handwritten"", ""text"": """"}, {""bbox"": [138.2, 366.05, 2937.43, 585.7], ""type"": ""handwritten"", ""text"": """"}, {""bbox"": [116.12, 1372.58, 1192.03, 1537.58], ""type"": ""handwritten"", ""text"": """"}, {""bbox"": [96.87, 3026.77, 2953.14, 3276.07], ""type"": ""handwritten"", ""text"": """"}, {""bbox"": [114.04, 3213.77, 2814.41, 3498.18], ""type"": ""handwritten"", ""text"": """"}, {""bbox"": [148.82, 3489.47, 1288.16, 3657.7], ""type"": ""handwritten"", ""text"": """"}, {""bbox"": [130.56, 2776.75, 540.66, 2930.19], ""type"": ""handwritten"", ""text"": """"}]"
f76d6d95-5396-4857-9321-ab3c1844f474.jpg,"[{""bbox"": [204.61, 933.92, 896.38, 985.04], ""type"": ""handwritten"", ""text"": """"}, {""bbox"": [60.79, 778.41, 694.64, 837.23], ""type"": ""handwritten"", ""text"": """"}, {""bbox"": [258.91, 853.98, 875.89, 908.36], ""type"": ""formula"", ""text"": """"}, {""bbox"": [153.08, 545.38, 936.09, 592.92], ""type"": ""formula"", ""text"": """"}, {""bbox"": [923.07, 137.48, 1038.01, 197.75], ""type"": ""annotation"", ""text"": """"}, {""bbox"": [66.84, 252.44, 1273.03, 317.99], ""type"": ""formula"", ""text"": """"}, {""bbox"": [150.01, 715.37, 1555.99, 768.98], ""type"": ""formula"", ""text"": """"}, {""bbox"": [153.53, 487.29, 1024.39, 538.71], ""type"": ""handwritten"", ""text"": """"}, {""bbox"": [77.19, 430.91, 1616.57, 496.35], ""type"": ""handwritten"", ""text"": """"}, {""bbox"": [1201.51, 537.35, 1318.9, 631.28], ""type"": ""annotation"", ""text"": """"}, {""bbox"": [1106.42, 205.01, 1201.59, 261.79], ""type"": ""annotation"", ""text"": """"}, {""bbox"": [63.81, 198.51, 1048.28, 255.98], ""type"": ""handwritten"", ""text"": """"}, {""bbox"": [148.58, 659.65, 1556.19, 717.87], ""type"": ""formula"", ""text"": """"}, {""bbox"": [1080.31, 45.04, 1263.49, 201.53], ""type"": ""annotation"", ""text"": """"}, {""bbox"": [268.89, 1053.28, 753.46, 1171.44], ""type"": ""formula"", ""text"": """"}, {""bbox"": [1150.74, 478.37, 1322.93, 639.36], ""type"": ""annotation"", ""text"": """"}, {""bbox"": [146.94, 608.17, 1139.42, 657.73], ""type"": ""formula"", ""text"": """"}, {""bbox"": [612.25, 60.47, 847.79, 117.81], ""type"": ""handwritten"", ""text"": """"}, {""bbox"": [73.15, 0.2, 1486.68, 89.08], ""type"": ""formula"", ""text"": """"}, {""bbox"": [67.66, 129.32, 924.35, 194.05], ""type"": ""formula"", ""text"": """"}, {""bbox"": [422.6, 991.09, 645.62, 1033.65], ""type"": ""handwritten"", ""text"": """"}, {""bbox"": [1187.77, 819.84, 1456.57, 984.61], ""type"": ""annotation"", ""text"": """"}, {""bbox"": [1334.86, 78.22, 1475.96, 169.72], ""type"": ""annotation"", ""text"": """"}, {""bbox"": [65.66, 375.06, 1434.69, 433.15], ""type"": ""handwritten"", ""text"": """"}, {""bbox"": [952.78, 933.83, 992.74, 978.52], ""type"": ""annotation"", ""text"": """"}, {""bbox"": [1358.17, 338.75, 1429.9, 394.13], ""type"": ""annotation"", ""text"": """"}, {""bbox"": [1153.93, 482.71, 1275.26, 568.7], ""type"": ""annotation"", ""text"": """"}, {""bbox"": [1337.93, 819.26, 1456.38, 909.23], ""type"": ""annotation"", ""text"": """"}, {""bbox"": [1186.22, 873.52, 1300.37, 984.8], ""type"": ""annotation"", ""text"": """"}, {""bbox"": [380.53, 1116.69, 612.58, 1183.9], ""type"": ""handwritten"", ""text"": """"}, {""bbox"": [1184.92, 815.75, 1326.07, 989.01], ""type"": ""annotation"", ""text"": """"}, {""bbox"": [678.47, 141.63, 922.3, 187.82], ""type"": ""handwritten"", ""text"": """"}]"
f80fca6e-954a-4de1-ac05-465b0b925fb8.jpg,"[{""bbox"": [262.42, 438.76, 2399.19, 550.9], ""type"": ""handwritten"", ""text"": """"}, {""bbox"": [392.54, 931.23, 2398.71, 1042.23], ""type"": ""handwritten"", ""text"": """"}, {""bbox"": [219.57, 2615.3, 2403.48, 2743.98], ""type"": ""handwritten"", ""text"": """"}, {""bbox"": [325.35, 2024.07, 2400.33, 2134.44], ""type"": ""handwritten"", ""text"": """"}, {""bbox"": [249.11, 634.16, 2424.92, 738.52], ""type"": ""handwritten"", ""text"": """"}, {""bbox"": [251.77, 1820.18, 2415.33, 1934.99], ""type"": ""handwritten"", ""text"": """"}, {""bbox"": [265.8, 1029.47, 2395.41, 1144.44], ""type"": ""handwritten"", ""text"": """"}, {""bbox"": [246.66, 2813.78, 2388.33, 2933.99], ""type"": ""handwritten"", ""text"": """"}, {""bbox"": [244.42, 538.06, 2401.53, 647.24], ""type"": ""handwritten"", ""text"": """"}, {""bbox"": [244.18, 1128.95, 2384.42, 1240.46], ""type"": ""handwritten"", ""text"": """"}, {""bbox"": [207.58, 1520.75, 2399.14, 1634.32], ""type"": ""handwritten"", ""text"": """"}, {""bbox"": [239.42, 2914.51, 2377.27, 3053.34], ""type"": ""handwritten"", ""text"": """"}, {""bbox"": [278.73, 2122.62, 2390.51, 2234.78], ""type"": ""handwritten"", ""text"": """"}, {""bbox"": [248.25, 1418.52, 2416.59, 1534.26], ""type"": ""handwritten"", ""text"": """"}, {""bbox"": [220.38, 2730.73, 1531.84, 2828.84], ""type"": ""handwritten"", ""text"": """"}, {""bbox"": [212.83, 725.55, 2441.37, 840.79], ""type"": ""handwritten"", ""text"": """"}, {""bbox"": [271.38, 2218.37, 2387.42, 2332.75], ""type"": ""handwritten"", ""text"": """"}, {""bbox"": [243.37, 1227.41, 2361.28, 1336.32], ""type"": ""handwritten"", ""text"": """"}, {""bbox"": [254.34, 1323.54, 2396.62, 1432.62], ""type"": ""handwritten"", ""text"": """"}, {""bbox"": [661.74, 353.09, 1704.21, 439.64], ""type"": ""handwritten"", ""text"": """"}, {""bbox"": [280.06, 2515.37, 2380.63, 2633.04], ""type"": ""handwritten"", ""text"": """"}, {""bbox"": [217.89, 1726.51, 2400.87, 1836.87], ""type"": ""handwritten"", ""text"": """"}, {""bbox"": [274.07, 2318.79, 2384.17, 2431.9], ""type"": ""handwritten"", ""text"": """"}, {""bbox"": [230.89, 831.3, 2164.64, 945.68], ""type"": ""handwritten"", ""text"": """"}, {""bbox"": [279.13, 1927.77, 1222.67, 2040.85], ""type"": ""handwritten"", ""text"": """"}, {""bbox"": [212.3, 1626.46, 2410.64, 1735.54], ""type"": ""handwritten"", ""text"": """"}, {""bbox"": [287.84, 2418.07, 2397.85, 2531.65], ""type"": ""handwritten"", ""text"": """"}, {""bbox"": [2071.03, 117.85, 2485.02, 304.72], ""type"": ""annotation"", ""text"": """"}, {""bbox"": [2071.78, 114.72, 2173.97, 303.26], ""type"": ""annotation"", ""text"": """"}, {""bbox"": [1283.48, 715.52, 1693.37, 768.8], ""type"": ""handwritten"", ""text"": """"}, {""bbox"": [109.5, 3130.16, 271.12, 3232.93], ""type"": ""annotation"", ""text"": """"}]"
f88baa22-9e53-545a-af6c-d6c49ba35657.jpg,"[{""bbox"": [528.0, 883.48, 3341.88, 1066.76], ""type"": ""handwritten"", ""text"": """"}, {""bbox"": [281.58, 2350.3, 2929.82, 2556.2], ""type"": ""handwritten"", ""text"": """"}, {""bbox"": [452.59, 1229.09, 3371.27, 1438.76], ""type"": ""handwritten"", ""text"": """"}, {""bbox"": [450.78, 2155.26, 3179.35, 2361.96], ""type"": ""handwritten"", ""text"": """"}, {""bbox"": [451.18, 1059.24, 3400.13, 1253.16], ""type"": ""handwritten"", ""text"": """"}, {""bbox"": [347.61, 1788.74, 3217.7, 1988.47], ""type"": ""handwritten"", ""text"": """"}, {""bbox"": [1644.39, 1988.57, 2118.02, 2151.81], ""type"": ""handwritten"", ""text"": """"}, {""bbox"": [443.98, 1428.33, 3424.69, 1615.93], ""type"": ""handwritten"", ""text"": """"}, {""bbox"": [1864.31, 678.33, 2295.11, 859.48], ""type"": ""handwritten"", ""text"": """"}, {""bbox"": [1523.75, 381.54, 2337.83, 504.9], ""type"": ""handwritten"", ""text"": """"}, {""bbox"": [3441.38, 0.05, 4031.97, 132.18], ""type"": ""handwritten"", ""text"": """"}, {""bbox"": [378.82, 1634.66, 1199.44, 1770.67], ""type"": ""handwritten"", ""text"": """"}, {""bbox"": [1333.08, 506.73, 2423.81, 674.69], ""type"": ""handwritten"", ""text"": """"}, {""bbox"": [3473.74, 148.86, 4031.96, 285.32], ""type"": ""handwritten"", ""text"": """"}, {""bbox"": [3454.8, 465.33, 4027.61, 584.68], ""type"": ""handwritten"", ""text"": """"}, {""bbox"": [3463.1, 783.88, 4032.0, 921.9], ""type"": ""handwritten"", ""text"": """"}, {""bbox"": [3489.63, 298.02, 4032.0, 437.8], ""type"": ""handwritten"", ""text"": """"}, {""bbox"": [3480.19, 962.08, 4032.0, 1092.03], ""type"": ""handwritten"", ""text"": """"}, {""bbox"": [3453.82, 632.75, 4031.65, 756.31], ""type"": ""handwritten"", ""text"": """"}, {""bbox"": [584.1, 1370.5, 1019.16, 1439.14], ""type"": ""handwritten"", ""text"": """"}, {""bbox"": [2164.43, 537.56, 2426.37, 677.48], ""type"": ""handwritten"", ""text"": """"}]"
f9051dc0-bd73-5f7a-a09a-48b29e41db80.jpg,"[{""bbox"": [606.31, 2707.59, 3015.96, 2977.81], ""type"": ""handwritten"", ""text"": """"}, {""bbox"": [542.77, 2099.87, 2627.4, 2372.47], ""type"": ""formula"", ""text"": """"}, {""bbox"": [390.3, 567.32, 2531.63, 878.72], ""type"": ""formula"", ""text"": """"}, {""bbox"": [691.92, 1578.63, 3112.3, 1804.49], ""type"": ""handwritten"", ""text"": """"}, {""bbox"": [1231.41, 1820.6, 1536.13, 2120.71], ""type"": ""handwritten"", ""text"": """"}, {""bbox"": [1183.85, 193.0, 1471.86, 422.82], ""type"": ""handwritten"", ""text"": """"}, {""bbox"": [384.57, 250.75, 564.44, 435.13], ""type"": ""handwritten"", ""text"": """"}, {""bbox"": [1615.86, 1205.51, 1859.09, 1478.97], ""type"": ""handwritten"", ""text"": """"}, {""bbox"": [1658.18, 969.18, 1898.37, 1208.6], ""type"": ""handwritten"", ""text"": """"}, {""bbox"": [1598.49, 2370.28, 1795.34, 2687.84], ""type"": ""handwritten"", ""text"": """"}, {""bbox"": [1612.86, 2511.61, 1777.2, 2683.89], ""type"": ""handwritten"", ""text"": """"}, {""bbox"": [321.76, 1827.48, 490.11, 2053.01], ""type"": ""handwritten"", ""text"": """"}, {""bbox"": [1176.27, 418.16, 1272.81, 566.64], ""type"": ""handwritten"", ""text"": """"}]"
fa4261aa-fe04-40d4-9204-94332941c598.jpg,"[{""bbox"": [138.26, 148.95, 1601.35, 243.71], ""type"": ""handwritten"", ""text"": """"}, {""bbox"": [71.03, 440.21, 1636.35, 530.95], ""type"": ""handwritten"", ""text"": """"}, {""bbox"": [38.15, 980.11, 1575.61, 1078.35], ""type"": ""handwritten"", ""text"": """"}, {""bbox"": [54.59, 1061.03, 323.42, 1133.81], ""type"": ""handwritten"", ""text"": """"}, {""bbox"": [98.51, 0.91, 1511.14, 91.92], ""type"": ""handwritten"", ""text"": """"}, {""bbox"": [67.74, 1413.24, 1541.89, 1494.76], ""type"": ""handwritten"", ""text"": """"}, {""bbox"": [33.01, 842.22, 1483.13, 929.41], ""type"": ""handwritten"", ""text"": """"}, {""bbox"": [92.87, 279.95, 1444.96, 371.35], ""type"": ""handwritten"", ""text"": """"}, {""bbox"": [79.44, 523.71, 1033.5, 606.98], ""type"": ""handwritten"", ""text"": """"}, {""bbox"": [42.99, 755.13, 676.89, 842.65], ""type"": ""handwritten"", ""text"": """"}, {""bbox"": [89.3, 1607.03, 1634.57, 1695.79], ""type"": ""handwritten"", ""text"": """"}, {""bbox"": [96.2, 1551.27, 924.81, 1618.2], ""type"": ""handwritten"", ""text"": """"}, {""bbox"": [162.14, 1290.79, 1533.5, 1363.7], ""type"": ""handwritten"", ""text"": """"}, {""bbox"": [66.18, 1492.02, 838.41, 1553.22], ""type"": ""handwritten"", ""text"": """"}, {""bbox"": [97.99, 1722.73, 1546.14, 1799.85], ""type"": ""handwritten"", ""text"": """"}, {""bbox"": [113.34, 1795.75, 1028.44, 1881.24], ""type"": ""handwritten"", ""text"": """"}, {""bbox"": [37.72, 1182.84, 778.05, 1299.51], ""type"": ""handwritten"", ""text"": """"}, {""bbox"": [63.76, 1352.62, 1565.32, 1431.17], ""type"": ""handwritten"", ""text"": """"}, {""bbox"": [89.32, 354.46, 1192.59, 446.09], ""type"": ""handwritten"", ""text"": """"}, {""bbox"": [90.34, 678.03, 383.41, 762.2], ""type"": ""handwritten"", ""text"": """"}, {""bbox"": [82.89, 235.41, 519.73, 307.1], ""type"": ""handwritten"", ""text"": """"}, {""bbox"": [49.7, 927.04, 500.93, 1003.26], ""type"": ""handwritten"", ""text"": """"}, {""bbox"": [91.48, 2046.69, 363.28, 2103.17], ""type"": ""annotation"", ""text"": """"}, {""bbox"": [76.05, 1670.99, 508.12, 1747.05], ""type"": ""handwritten"", ""text"": """"}, {""bbox"": [44.96, 592.6, 1564.97, 696.22], ""type"": ""handwritten"", ""text"": """"}, {""bbox"": [81.26, 108.37, 506.27, 180.6], ""type"": ""handwritten"", ""text"": """"}, {""bbox"": [1082.0, 2158.26, 1237.77, 2241.15], ""type"": ""annotation"", ""text"": """"}, {""bbox"": [957.62, 1968.52, 1096.25, 2047.37], ""type"": ""image"", ""text"": """"}]"
fbc3669d-f293-51de-9719-8101fde850a9.jpg,"[{""bbox"": [327.94, 558.13, 2605.31, 805.9], ""type"": ""handwritten"", ""text"": """"}, {""bbox"": [908.91, 207.9, 1694.87, 426.64], ""type"": ""handwritten"", ""text"": """"}, {""bbox"": [902.16, 1150.46, 2044.69, 1370.56], ""type"": ""handwritten"", ""text"": """"}, {""bbox"": [165.66, 1926.01, 1099.59, 2167.74], ""type"": ""handwritten"", ""text"": """"}, {""bbox"": [176.25, 1557.37, 1412.76, 1774.86], ""type"": ""handwritten"", ""text"": """"}, {""bbox"": [737.82, 382.54, 1533.3, 605.35], ""type"": ""handwritten"", ""text"": """"}, {""bbox"": [168.34, 2581.24, 985.69, 2745.63], ""type"": ""handwritten"", ""text"": """"}, {""bbox"": [865.76, 2341.91, 1716.98, 2573.84], ""type"": ""handwritten"", ""text"": """"}, {""bbox"": [176.58, 755.26, 2739.67, 1008.28], ""type"": ""handwritten"", ""text"": """"}, {""bbox"": [165.37, 2173.92, 1139.47, 2385.48], ""type"": ""handwritten"", ""text"": """"}, {""bbox"": [185.75, 1303.2, 1290.25, 1578.19], ""type"": ""handwritten"", ""text"": """"}, {""bbox"": [173.01, 1771.96, 1227.7, 1967.7], ""type"": ""handwritten"", ""text"": """"}, {""bbox"": [181.45, 2992.41, 1056.92, 3231.29], ""type"": ""handwritten"", ""text"": """"}, {""bbox"": [190.21, 951.1, 656.08, 1168.25], ""type"": ""handwritten"", ""text"": """"}, {""bbox"": [155.23, 2824.34, 920.26, 3021.33], ""type"": ""handwritten"", ""text"": """"}, {""bbox"": [180.41, 3240.18, 1050.57, 3386.39], ""type"": ""handwritten"", ""text"": """"}, {""bbox"": [140.66, 1797.89, 273.26, 1916.82], ""type"": ""annotation"", ""text"": """"}, {""bbox"": [145.02, 2612.5, 253.67, 2739.97], ""type"": ""annotation"", ""text"": """"}]"
fbed49f9-9e72-4352-9b7e-d7f01ab3b81f.jpg,"[{""bbox"": [66.66, 720.88, 456.08, 759.64], ""type"": ""handwritten"", ""text"": """"}, {""bbox"": [69.25, 312.63, 272.48, 346.96], ""type"": ""handwritten"", ""text"": """"}, {""bbox"": [79.67, 756.74, 483.0, 798.72], ""type"": ""handwritten"", ""text"": """"}, {""bbox"": [75.55, 173.93, 548.24, 216.12], ""type"": ""handwritten"", ""text"": """"}, {""bbox"": [61.9, 278.61, 539.91, 315.62], ""type"": ""handwritten"", ""text"": """"}, {""bbox"": [52.14, 208.64, 541.36, 246.6], ""type"": ""handwritten"", ""text"": """"}, {""bbox"": [53.53, 242.89, 516.39, 281.88], ""type"": ""handwritten"", ""text"": """"}, {""bbox"": [87.36, 795.03, 535.01, 837.7], ""type"": ""handwritten"", ""text"": """"}, {""bbox"": [173.49, 832.56, 278.38, 884.23], ""type"": ""handwritten"", ""text"": """"}, {""bbox"": [79.95, 358.38, 201.93, 380.87], ""type"": ""handwritten"", ""text"": """"}, {""bbox"": [47.58, 221.04, 547.04, 614.76], ""type"": ""table"", ""text"": """"}, {""bbox"": [63.4, 278.62, 273.62, 317.48], ""type"": ""handwritten"", ""text"": """"}, {""bbox"": [44.45, 638.94, 55.74, 659.08], ""type"": ""annotation"", ""text"": """"}, {""bbox"": [282.8, 277.56, 539.59, 314.15], ""type"": ""handwritten"", ""text"": """"}, {""bbox"": [284.12, 243.8, 512.45, 283.09], ""type"": ""handwritten"", ""text"": """"}]"
fce05c45-288c-4d18-8295-915d47df76f3.jpg,"[{""bbox"": [41.02, 223.74, 544.87, 279.89], ""type"": ""handwritten"", ""text"": """"}, {""bbox"": [40.21, 482.34, 550.76, 529.28], ""type"": ""handwritten"", ""text"": """"}, {""bbox"": [53.8, 443.85, 557.13, 499.16], ""type"": ""handwritten"", ""text"": """"}, {""bbox"": [37.62, 442.41, 183.17, 471.89], ""type"": ""handwritten"", ""text"": """"}, {""bbox"": [36.3, 336.86, 538.63, 403.08], ""type"": ""handwritten"", ""text"": """"}, {""bbox"": [37.9, 391.97, 562.07, 446.46], ""type"": ""handwritten"", ""text"": """"}, {""bbox"": [38.84, 625.44, 542.56, 666.8], ""type"": ""handwritten"", ""text"": """"}, {""bbox"": [36.95, 277.67, 533.9, 347.89], ""type"": ""handwritten"", ""text"": """"}, {""bbox"": [38.99, 257.08, 532.07, 309.59], ""type"": ""handwritten"", ""text"": """"}, {""bbox"": [36.6, 311.43, 536.99, 374.6], ""type"": ""handwritten"", ""text"": """"}, {""bbox"": [41.94, 599.99, 525.76, 641.9], ""type"": ""handwritten"", ""text"": """"}, {""bbox"": [40.8, 535.55, 542.91, 586.37], ""type"": ""handwritten"", ""text"": """"}, {""bbox"": [40.63, 567.03, 488.06, 615.4], ""type"": ""handwritten"", ""text"": """"}, {""bbox"": [39.42, 512.18, 513.43, 561.09], ""type"": ""handwritten"", ""text"": """"}, {""bbox"": [37.59, 368.74, 548.79, 425.38], ""type"": ""handwritten"", ""text"": """"}, {""bbox"": [39.01, 226.64, 538.67, 320.04], ""type"": ""handwritten"", ""text"": """"}, {""bbox"": [39.6, 454.58, 555.84, 546.67], ""type"": ""handwritten"", ""text"": """"}, {""bbox"": [427.89, 1131.22, 577.0, 1279.6], ""type"": ""image"", ""text"": """"}, {""bbox"": [400.23, 814.49, 426.68, 832.29], ""type"": ""handwritten"", ""text"": """"}]"
fd7bfd8d-ee6e-4c40-9a7a-e0077e6b0d3e.jpg,"[{""bbox"": [339.46, 777.19, 2696.96, 938.51], ""type"": ""handwritten"", ""text"": """"}, {""bbox"": [116.54, 3502.98, 2638.55, 3654.87], ""type"": ""handwritten"", ""text"": """"}, {""bbox"": [119.6, 2521.59, 2317.66, 2657.24], ""type"": ""handwritten"", ""text"": """"}, {""bbox"": [360.5, 162.83, 2378.65, 363.6], ""type"": ""handwritten"", ""text"": """"}, {""bbox"": [228.24, 3707.74, 2658.93, 3840.43], ""type"": ""handwritten"", ""text"": """"}, {""bbox"": [127.97, 3381.59, 2512.55, 3521.9], ""type"": ""handwritten"", ""text"": """"}, {""bbox"": [214.27, 503.67, 2626.18, 651.98], ""type"": ""handwritten"", ""text"": """"}, {""bbox"": [218.21, 356.12, 2612.08, 523.89], ""type"": ""handwritten"", ""text"": """"}, {""bbox"": [108.44, 3102.23, 2555.3, 3246.51], ""type"": ""handwritten"", ""text"": """"}, {""bbox"": [249.75, 3241.65, 2492.02, 3397.38], ""type"": ""handwritten"", ""text"": """"}, {""bbox"": [123.79, 2396.17, 2712.5, 2537.65], ""type"": ""handwritten"", ""text"": """"}, {""bbox"": [176.94, 632.52, 2625.41, 787.12], ""type"": ""handwritten"", ""text"": """"}, {""bbox"": [140.57, 1807.28, 2692.77, 1943.51], ""type"": ""handwritten"", ""text"": """"}, {""bbox"": [127.47, 2276.3, 2702.39, 2416.48], ""type"": ""handwritten"", ""text"": """"}, {""bbox"": [116.73, 2644.59, 2484.56, 2782.23], ""type"": ""handwritten"", ""text"": """"}, {""bbox"": [133.97, 2146.49, 2772.74, 2292.33], ""type"": ""handwritten"", ""text"": """"}, {""bbox"": [137.07, 1307.54, 2770.49, 1462.57], ""type"": ""handwritten"", ""text"": """"}, {""bbox"": [114.21, 2769.55, 2474.89, 2893.14], ""type"": ""handwritten"", ""text"": """"}, {""bbox"": [97.55, 3836.67, 2370.18, 3991.67], ""type"": ""handwritten"", ""text"": """"}, {""bbox"": [342.63, 1674.29, 2727.89, 1829.69], ""type"": ""handwritten"", ""text"": """"}, {""bbox"": [122.67, 1557.11, 2041.48, 1693.87], ""type"": ""handwritten"", ""text"": """"}, {""bbox"": [112.38, 2881.41, 2404.71, 3002.5], ""type"": ""handwritten"", ""text"": """"}, {""bbox"": [126.96, 1437.06, 2750.71, 1588.46], ""type"": ""handwritten"", ""text"": """"}, {""bbox"": [787.33, 1.15, 1635.06, 181.75], ""type"": ""handwritten"", ""text"": """"}, {""bbox"": [110.58, 2986.17, 2647.62, 3118.01], ""type"": ""handwritten"", ""text"": """"}, {""bbox"": [110.92, 3627.92, 739.77, 3736.75], ""type"": ""handwritten"", ""text"": """"}, {""bbox"": [142.97, 1186.91, 2688.27, 1334.63], ""type"": ""handwritten"", ""text"": """"}, {""bbox"": [152.44, 1923.19, 2418.46, 2042.65], ""type"": ""handwritten"", ""text"": """"}, {""bbox"": [142.89, 2026.58, 2741.56, 2159.2], ""type"": ""handwritten"", ""text"": """"}, {""bbox"": [168.0, 920.28, 2769.2, 1076.39], ""type"": ""handwritten"", ""text"": """"}, {""bbox"": [152.43, 1054.68, 2662.73, 1210.26], ""type"": ""handwritten"", ""text"": """"}]"
fed1ee07-03b4-5220-833f-a1e0e0ea8eed.jpg,"[{""bbox"": [486.97, 2245.45, 2306.31, 2458.47], ""type"": ""handwritten"", ""text"": """"}, {""bbox"": [319.34, 1695.39, 3220.93, 1956.07], ""type"": ""handwritten"", ""text"": """"}, {""bbox"": [533.29, 2738.4, 2500.18, 3023.33], ""type"": ""handwritten"", ""text"": """"}, {""bbox"": [509.88, 1997.51, 1253.42, 2145.27], ""type"": ""handwritten"", ""text"": """"}, {""bbox"": [449.87, 2506.76, 2224.11, 2741.37], ""type"": ""handwritten"", ""text"": """"}, {""bbox"": [311.67, 1377.43, 704.3, 1599.39], ""type"": ""handwritten"", ""text"": """"}, {""bbox"": [318.97, 1099.31, 658.43, 1335.13], ""type"": ""handwritten"", ""text"": """"}, {""bbox"": [340.76, 852.64, 697.12, 1048.31], ""type"": ""handwritten"", ""text"": """"}, {""bbox"": [347.07, 323.45, 715.54, 527.53], ""type"": ""handwritten"", ""text"": """"}, {""bbox"": [356.94, 555.25, 682.18, 802.79], ""type"": ""handwritten"", ""text"": """"}, {""bbox"": [316.08, 1683.85, 689.0, 1878.19], ""type"": ""handwritten"", ""text"": """"}]"
ff56b7f0-be49-469d-97c6-32af486c8f6c.jpg,"[{""bbox"": [487.62, 569.71, 2262.95, 767.03], ""type"": ""handwritten"", ""text"": """"}, {""bbox"": [234.83, 1249.1, 2437.17, 1423.44], ""type"": ""handwritten"", ""text"": """"}, {""bbox"": [253.4, 749.52, 2487.45, 932.96], ""type"": ""handwritten"", ""text"": """"}, {""bbox"": [221.81, 1403.69, 2467.68, 1577.09], ""type"": ""handwritten"", ""text"": """"}, {""bbox"": [223.11, 226.21, 2404.59, 469.3], ""type"": ""handwritten"", ""text"": """"}, {""bbox"": [235.75, 1726.85, 2408.44, 1944.37], ""type"": ""handwritten"", ""text"": """"}, {""bbox"": [238.13, 1560.81, 2526.41, 1747.23], ""type"": ""handwritten"", ""text"": """"}, {""bbox"": [234.07, 403.25, 1018.93, 575.32], ""type"": ""handwritten"", ""text"": """"}, {""bbox"": [234.26, 2219.76, 2527.61, 2393.47], ""type"": ""handwritten"", ""text"": """"}, {""bbox"": [260.89, 2365.1, 2516.36, 2569.78], ""type"": ""handwritten"", ""text"": """"}, {""bbox"": [257.12, 1071.85, 2423.78, 1252.37], ""type"": ""handwritten"", ""text"": """"}, {""bbox"": [478.63, 2056.48, 2550.89, 2236.03], ""type"": ""handwritten"", ""text"": """"}, {""bbox"": [267.53, 916.94, 2477.3, 1094.1], ""type"": ""handwritten"", ""text"": """"}, {""bbox"": [219.35, 1921.74, 994.47, 2078.83], ""type"": ""handwritten"", ""text"": """"}, {""bbox"": [340.11, 2542.76, 2554.87, 2735.08], ""type"": ""handwritten"", ""text"": """"}, {""bbox"": [273.25, 2863.64, 2541.58, 3082.23], ""type"": ""handwritten"", ""text"": """"}, {""bbox"": [226.5, 2702.24, 2544.26, 2923.2], ""type"": ""handwritten"", ""text"": """"}, {""bbox"": [182.58, 3009.68, 2616.84, 3310.49], ""type"": ""handwritten"", ""text"": """"}]"
